"relative_path","bytes","sha256"
".gitignore","203","9605f325b49c30b1eaed7a2c8c441c6a5e0e497cee6c6cf07747a65de2f55db6"
"app.py","46774","b16e43c03150d4bbe7823c83d0fb2e163226a02082efa527f0b05f9442a8004f"
"config/official_food_medicine_identity_21.csv","6118","503dc6d0f6dd121951a1a58c5113bb386fa3e26e11128e612e0b5eb6a979b519"
"config/scoring.json","1864","2f31e394d69d0d2a8e0bcfd875671f0bece5d7c86700128b1022c0f70052ea8c"
"config/uc_candidate_herbs_20_strict.csv","1982","b3ae4015339c6deaa602d9496fe8ab18c23dd1ed46ed60e433464456c82cfe4f"
"data/channel_tests/tcmsp_uc21/01_马齿苋.json","500564","05bdfb61d24cc26219a0bd89a2bcdbef06204359b912f497e92a2fd77489a7e8"
"data/channel_tests/tcmsp_uc21/03_栀子.json","299248","54b3c0da8fee5e3c35982cf75c099db17f183c8a812a0b2190e19e4128fa4bd3"
"data/channel_tests/tcmsp_uc21/04_金银花.json","594740","4877678a4d9fa5c33116f675e4ba3e82707bed96fe41428dcab860e1d5210c0d"
"data/channel_tests/tcmsp_uc21/05_鱼腥草.json","167971","2d7106ea1c73b4134566ae8561bf08f7833e3fcad07f8102ab64c968c3fa823e"
"data/channel_tests/tcmsp_uc21/07_茯苓.json","50628","0612c168e08a15fd929d8d0ba3219f2e004f00bf338fa93f332e6834bc780afe"
"data/channel_tests/tcmsp_uc21/08_薏苡仁.json","88580","73941cc3de9c844ab9aee85966c9c1b8c556b3012dfed6a2166a51936cbac2bb"
"data/channel_tests/tcmsp_uc21/09_白扁豆.json","57645","8a31fda937565cadb3e8c7418276c251834f925cbcefb8b592a3f1f56a01ead4"
"data/channel_tests/tcmsp_uc21/10_山药.json","278898","c1308fb455956ee11a4f62920d4bb8463f1ac29d77f407db813a282499f98161"
"data/channel_tests/tcmsp_uc21/12_芡实.json","185136","5e9fec5fdf2e203644103b8bb487f9fa4a1f3d9d5bd490ecbf680838794c1f45"
"data/channel_tests/tcmsp_uc21/13_陈皮.json","170510","678e2f12a884318c6152ffc4ae14fb6a05cb3dcc7c9b6ab990c9bd1705c952aa"
"data/channel_tests/tcmsp_uc21/14_砂仁.json","611417","165fa1623e137afaa992468b3b180350693c04fad8596af0922371c8ad560e96"
"data/channel_tests/tcmsp_uc21/16_莱菔子.json","85756","cd6fac2a8060a5a5bad87c330f062ba46a5714a086d727b8205ac3fa777d169b"
"data/channel_tests/tcmsp_uc21/17_乌梅.json","231194","9d343e770cc851af43ba8a50842be1fd99a16d6bdd6527ae81c0ec7e62f4a1ec"
"data/channel_tests/tcmsp_uc21/18_生姜.json","786532","82a17480ef39203ed92e603e0bbe7a2979daea526b506ba849fb4267cdeae9ac"
"data/channel_tests/tcmsp_uc21/19_大枣.json","446165","87e47634b2c9c656b3b5d90f243293f4a323105f4d2a00147c9c94ee2a96e60d"
"data/channel_tests/tcmsp_uc21/20_甘草.json","872958","62b08c6ee40ff0e8630b71431574b5439bfc418468a80118db71c07560d1dd56"
"data/channel_tests/tcmsp_uc21/21_黄芩.json","419639","60ca5172a67848910098a585a36a017bf5a464c9133efb8da2e3c3879c60b928"
"data/channel_tests/tcmsp_uc21/channel_test_report.json","17703","2081ca29243df0a9a2882149c2fc8bf8ec4064422ebd59999b9a3fe7bc202a21"
"data/formal_analysis/genecards_multisource_pairs_20_strict/cytoscape_dropped_edges.csv","1604","334f54a4b5d7d0d1ec53bc1c8e88f41a67bf44b7269d32cbb1ff99af527c5271"
"data/formal_analysis/genecards_multisource_pairs_20_strict/cytoscape_edges.csv","93942","4f1cf8a0307ac452c38a71d6191ac9d4dc834a485229db708aa268fa6f5670ac"
"data/formal_analysis/genecards_multisource_pairs_20_strict/cytoscape_nodes.csv","7401","ab705193461dd1da242e13302a8ddc68ab184b2c6eb0309e020e55b80103de99"
"data/formal_analysis/genecards_multisource_pairs_20_strict/cytoscape_report.json","1070","2d9e35f0118c4a1a2de9d36b24c73b6caaaed3fd38d14edcbe16e5c4e99d01f7"
"data/formal_analysis/genecards_multisource_pairs_20_strict/cytoscape_topology_metrics.csv","27809","8e3d13d9d82ccbba1ddccd3767006b19df0dbb370fc689a097094c31cf006d8f"
"data/formal_analysis/genecards_multisource_pairs_20_strict/david_all_pairs_complete_uniprot/all_pairs_david_refined_ranking.csv","134249","cd0b519742efbd26b538e4291b8130931b3977b7eba6882f3a839134910081b6"
"data/formal_analysis/genecards_multisource_pairs_20_strict/david_all_pairs_complete_uniprot/david_pathway_scoring_report.json","3209","6f7703d43fab896b9bf964b619f00f3385e89e1a7e6750a95517c8cec86548e8"
"data/formal_analysis/genecards_multisource_pairs_20_strict/david_all_pairs_complete_uniprot/pair_vs_single_pathway_metrics.csv","28263","0193e6fdff875eac95cc8bb927f70cf3edb704dedb289767a1ad7a53319058cc"
"data/formal_analysis/genecards_multisource_pairs_20_strict/david_all_pairs_complete_uniprot/progress.json","248","af692722b586eb8ed6c6f754e864e53f55a0d20a0800574fe9ed12a242733f1e"
"data/formal_analysis/genecards_multisource_pairs_20_strict/david_all_pairs_complete_uniprot/rank_001/01_api_response.html","748","04c1a93dce8138e4cca569a396a672fa2e1a6ccd91fa97c5bb9e6708e7706872"
"data/formal_analysis/genecards_multisource_pairs_20_strict/david_all_pairs_complete_uniprot/rank_001/02_chart_response.html","858242","633e4f39ba7bb2de68db600358931bca1ea544a88f4e7818a0da1970edc52bbb"
"data/formal_analysis/genecards_multisource_pairs_20_strict/david_all_pairs_complete_uniprot/rank_001/david_chart.tsv","543762","59edf73c0bf10167578b98a32726aadd1672212c51a641eaf101594d81d10c28"
"data/formal_analysis/genecards_multisource_pairs_20_strict/david_all_pairs_complete_uniprot/rank_001/report.json","1711","1f8f005a564e188e78af2fad5f1a6df259714672a89675001298cb05ee430208"
"data/formal_analysis/genecards_multisource_pairs_20_strict/david_all_pairs_complete_uniprot/rank_001/request.json","3824","810e5ee8e0686c6c0aca29462a1f2c725c32c6c61f81876e7aed089fff2436cf"
"data/formal_analysis/genecards_multisource_pairs_20_strict/david_all_pairs_complete_uniprot/rank_002/01_api_response.html","752","fac754cfc34f011cd9e3b718c0f91346a8716800e373aa82efe53b39bc437f5a"
"data/formal_analysis/genecards_multisource_pairs_20_strict/david_all_pairs_complete_uniprot/rank_002/02_chart_response.html","859014","1db5856806c8706154b2f60cad39a0aab15147b3206fc135c229171ced3e50c7"
"data/formal_analysis/genecards_multisource_pairs_20_strict/david_all_pairs_complete_uniprot/rank_002/david_chart.tsv","546356","94a36ca53c1173822f2c5ab823d399cd46fabb7b772334b4a5fcc0edbc6ad611"
"data/formal_analysis/genecards_multisource_pairs_20_strict/david_all_pairs_complete_uniprot/rank_002/report.json","1717","c5ed160519c4551be60b17ea11cead745c842e49fae6f68928f356cd3ac65838"
"data/formal_analysis/genecards_multisource_pairs_20_strict/david_all_pairs_complete_uniprot/rank_002/request.json","3861","338dc178c05bacba59bce856a3cbf4d61c57951d53e64e7374d8d20df0b719c6"
"data/formal_analysis/genecards_multisource_pairs_20_strict/david_all_pairs_complete_uniprot/rank_003/01_api_response.html","748","04c1a93dce8138e4cca569a396a672fa2e1a6ccd91fa97c5bb9e6708e7706872"
"data/formal_analysis/genecards_multisource_pairs_20_strict/david_all_pairs_complete_uniprot/rank_003/02_chart_response.html","858290","d5e516c4626a8825f4c0c5d7d16d41b5e99063152e0041617aa9697df639ba06"
"data/formal_analysis/genecards_multisource_pairs_20_strict/david_all_pairs_complete_uniprot/rank_003/david_chart.tsv","543762","0da2600a2e0e350e98865825d844eba566bb6e0a6aea7feb51a3ed2f9fcb0b72"
"data/formal_analysis/genecards_multisource_pairs_20_strict/david_all_pairs_complete_uniprot/rank_003/report.json","1708","b41f6570cdba1d1b531a091183e89b529b502e43978e9edd4e72cf800b8108c4"
"data/formal_analysis/genecards_multisource_pairs_20_strict/david_all_pairs_complete_uniprot/rank_003/request.json","3821","de452da2f4af5326b44d0fed96902e3a2941fe6664e85cd425eca7d3c9c67b06"
"data/formal_analysis/genecards_multisource_pairs_20_strict/david_all_pairs_complete_uniprot/rank_004/01_api_response.html","748","04c1a93dce8138e4cca569a396a672fa2e1a6ccd91fa97c5bb9e6708e7706872"
"data/formal_analysis/genecards_multisource_pairs_20_strict/david_all_pairs_complete_uniprot/rank_004/02_chart_response.html","858260","8ebb26ff7312184225b74e5a23ef66c0431780d52909b48c1dee486842f3e6fa"
"data/formal_analysis/genecards_multisource_pairs_20_strict/david_all_pairs_complete_uniprot/rank_004/david_chart.tsv","543762","56fd704fb8111df2ed7af9fc1b74595302a3de2f122d5aa15f87a6c9f28ee143"
"data/formal_analysis/genecards_multisource_pairs_20_strict/david_all_pairs_complete_uniprot/rank_004/report.json","1708","ffe33b269e2e13a65b13cde284755da098e55506fa749badda33973d68366a85"
"data/formal_analysis/genecards_multisource_pairs_20_strict/david_all_pairs_complete_uniprot/rank_004/request.json","3821","679a41822a53289b68eca20e383fa795894b925101a7935d558c05678cf437c0"
"data/formal_analysis/genecards_multisource_pairs_20_strict/david_all_pairs_complete_uniprot/rank_005/01_api_response.html","764","227d19f5d2aebed89985bd7944c08129cf75a4cb0714a68690604c3934ec02c8"
"data/formal_analysis/genecards_multisource_pairs_20_strict/david_all_pairs_complete_uniprot/rank_005/02_chart_response.html","861431","0b15bf78815b249ff4955fea223d33d258646378038dcd4b0e0d2774402635fb"
"data/formal_analysis/genecards_multisource_pairs_20_strict/david_all_pairs_complete_uniprot/rank_005/david_chart.tsv","550035","d5a86bac4e6a87909fc635142358f73e5272c1614bbf3d22781845378d4253c0"
"data/formal_analysis/genecards_multisource_pairs_20_strict/david_all_pairs_complete_uniprot/rank_005/report.json","1729","15017bba77c133d3f66d89f824ce083f5c2d15a447c636c84d98af3657617a32"
"data/formal_analysis/genecards_multisource_pairs_20_strict/david_all_pairs_complete_uniprot/rank_005/request.json","3909","fd56f4e1507400b4fb337063899b261899623d37bbbb8b64b901f5bb20e17ece"
"data/formal_analysis/genecards_multisource_pairs_20_strict/david_all_pairs_complete_uniprot/rank_006/01_api_response.html","764","227d19f5d2aebed89985bd7944c08129cf75a4cb0714a68690604c3934ec02c8"
"data/formal_analysis/genecards_multisource_pairs_20_strict/david_all_pairs_complete_uniprot/rank_006/02_chart_response.html","861431","8f20521ded6d31e7a7c7fb4291ff5bd14e1a28c5e2efb357531f9df782bc027e"
"data/formal_analysis/genecards_multisource_pairs_20_strict/david_all_pairs_complete_uniprot/rank_006/david_chart.tsv","550035","67d4411866cd5e51b8db1d79a40fe4b064415ddb73c424cc4315c5d675d633e0"
"data/formal_analysis/genecards_multisource_pairs_20_strict/david_all_pairs_complete_uniprot/rank_006/report.json","1729","7231509af1eb7445a8739266d7a9164075316861ca8327767b2619211286ffd8"
"data/formal_analysis/genecards_multisource_pairs_20_strict/david_all_pairs_complete_uniprot/rank_006/request.json","3909","38c0d3b2a94bd2bf951b9e09448235fc36ef87d17662e0748cb101103b3432e7"
"data/formal_analysis/genecards_multisource_pairs_20_strict/david_all_pairs_complete_uniprot/rank_007/01_api_response.html","772","3e640533e605113a7bfe7ed29238f20db76ec4cd564c05e26275f8cfcc5c0c28"
"data/formal_analysis/genecards_multisource_pairs_20_strict/david_all_pairs_complete_uniprot/rank_007/02_chart_response.html","867601","44754c265610056df8b1a0c758ebb9c14f4251e2f5afa7b6b90218d12698feab"
"data/formal_analysis/genecards_multisource_pairs_20_strict/david_all_pairs_complete_uniprot/rank_007/david_chart.tsv","573090","e7c35ca4028f935675f00d6310a321d61e744f56f582fb829f8da12474e75c5c"
"data/formal_analysis/genecards_multisource_pairs_20_strict/david_all_pairs_complete_uniprot/rank_007/report.json","1753","eb28c9b052dd52222ca768668ded1d3a8904d7a3d50c102dec075d73121e76b6"
"data/formal_analysis/genecards_multisource_pairs_20_strict/david_all_pairs_complete_uniprot/rank_007/request.json","4037","5c7fcd92cb42d581ae9ebd5c5b1c65860223724daec4d78a9e6e6104605ffa28"
"data/formal_analysis/genecards_multisource_pairs_20_strict/david_all_pairs_complete_uniprot/rank_008/01_api_response.html","548","60d38101ac1e4199ee7592ae2ae110fa8a1a875aa635a69472dcf2213db1e12f"
"data/formal_analysis/genecards_multisource_pairs_20_strict/david_all_pairs_complete_uniprot/rank_008/02_chart_response.html","781176","fc3002ffa57fb948716d7253fb5d6f930b1ac6ba751b9eb289030173fbbe2509"
"data/formal_analysis/genecards_multisource_pairs_20_strict/david_all_pairs_complete_uniprot/rank_008/david_chart.tsv","332578","f770d1f86a94780b6266e41c2fc8eaa455dce5eae7932451970746e9c29ff593"
"data/formal_analysis/genecards_multisource_pairs_20_strict/david_all_pairs_complete_uniprot/rank_008/report.json","1329","5e35f89852c9606f5258c4c0d183e7889e683e7b5347d81a99e35e71a4caf602"
"data/formal_analysis/genecards_multisource_pairs_20_strict/david_all_pairs_complete_uniprot/rank_008/request.json","2067","5866d3323e5c9192105c19e4019add38e5f7c3aea71b06d387c0a2a4a3306001"
"data/formal_analysis/genecards_multisource_pairs_20_strict/david_all_pairs_complete_uniprot/rank_009/01_api_response.html","636","1f8717eca2e19ca2c6e109da5fe446a8eae2054a0a910b172c18e38baedaad7d"
"data/formal_analysis/genecards_multisource_pairs_20_strict/david_all_pairs_complete_uniprot/rank_009/02_chart_response.html","813692","1e7893a7b192dbfef21a8d78d541c0816669491be921239f6de3d7364189b589"
"data/formal_analysis/genecards_multisource_pairs_20_strict/david_all_pairs_complete_uniprot/rank_009/david_chart.tsv","425050","fc0b35ff83f9289b4ac36779e0078f3443f5a2a36e081c7621d10cb065e27eba"
"data/formal_analysis/genecards_multisource_pairs_20_strict/david_all_pairs_complete_uniprot/rank_009/report.json","1492","21d4672a7654020b7588687d525269f47d52b236c431abcd2036805a005e80c9"
"data/formal_analysis/genecards_multisource_pairs_20_strict/david_all_pairs_complete_uniprot/rank_009/request.json","2769","7f08a42073fe5de21718beb1ec44e72d4038eeead09abd02daa0209f4202cebc"
"data/formal_analysis/genecards_multisource_pairs_20_strict/david_all_pairs_complete_uniprot/rank_010/01_api_response.html","943","1ea088c10c2dc332d9e37e5768a1da95f44a12307112f09163eb53a0a253a52e"
"data/formal_analysis/genecards_multisource_pairs_20_strict/david_all_pairs_complete_uniprot/rank_010/02_chart_response.html","912470","616cb14ec043ce2e95aa43c4f80c45728a02ce6cf70c157ad21f6f5e896b7d4c"
"data/formal_analysis/genecards_multisource_pairs_20_strict/david_all_pairs_complete_uniprot/rank_010/david_chart.tsv","692248","24caa43737bae2caf89a86ab8fa83e8d169ff20af03fdd4b72a0afccf92f4a03"
"data/formal_analysis/genecards_multisource_pairs_20_strict/david_all_pairs_complete_uniprot/rank_010/report.json","2036","063bee12478d29f9600286751eef6e59c48ebe156db000c2a56300daf316324e"
"data/formal_analysis/genecards_multisource_pairs_20_strict/david_all_pairs_complete_uniprot/rank_010/request.json","5394","de83154bd90c2894ba63acc38c99d0c2329a13c2de3566c82c1d542fdada6499"
"data/formal_analysis/genecards_multisource_pairs_20_strict/david_all_pairs_complete_uniprot/rank_011/01_api_response.html","943","1ea088c10c2dc332d9e37e5768a1da95f44a12307112f09163eb53a0a253a52e"
"data/formal_analysis/genecards_multisource_pairs_20_strict/david_all_pairs_complete_uniprot/rank_011/02_chart_response.html","912470","eb7ad6ca8727412b69b6f27f455e7821ce1f5d6095a2bc266b5294a2b57c6d84"
"data/formal_analysis/genecards_multisource_pairs_20_strict/david_all_pairs_complete_uniprot/rank_011/david_chart.tsv","692248","2cc6bab88ec389f738d10497de7652e5d4832e5f2b7736d1af0e4169d59106d7"
"data/formal_analysis/genecards_multisource_pairs_20_strict/david_all_pairs_complete_uniprot/rank_011/report.json","2036","8755bfe08ca19857e5ff6e570e3b8e50ffbfddf46de4f229244cdfcb45760f66"
"data/formal_analysis/genecards_multisource_pairs_20_strict/david_all_pairs_complete_uniprot/rank_011/request.json","5394","cfbece151403a5c181bc4aa21e2ee493a5c94f2e12cf46e52066e78aa463eb18"
"data/formal_analysis/genecards_multisource_pairs_20_strict/david_all_pairs_complete_uniprot/rank_012/01_api_response.html","749","89d55a7f3af6656d6709782276699f70837bda5c2fdac6206eca94c803debc70"
"data/formal_analysis/genecards_multisource_pairs_20_strict/david_all_pairs_complete_uniprot/rank_012/02_chart_response.html","844033","a6ec318877a5a682714634d7f731572eda366720547ae06b4bfdb8d4a3567852"
"data/formal_analysis/genecards_multisource_pairs_20_strict/david_all_pairs_complete_uniprot/rank_012/david_chart.tsv","497135","5feba9667c70bbb56c678de1f4e7c6406e17147e4a70f73786c0479411daab4b"
"data/formal_analysis/genecards_multisource_pairs_20_strict/david_all_pairs_complete_uniprot/rank_012/report.json","1690","a1bb2fec1a00ffe8eb6c3670cea1aeee00c5753e4ae19ede019aaf0cb5403cbc"
"data/formal_analysis/genecards_multisource_pairs_20_strict/david_all_pairs_complete_uniprot/rank_012/request.json","3811","bf2708c848efc69cf0f9254c1b28a7aad456c424892b0a3b24980d240bce5079"
"data/formal_analysis/genecards_multisource_pairs_20_strict/david_all_pairs_complete_uniprot/rank_013/01_api_response.html","744","9d42e386023bf4d63cb9e4cbbf6b59c1c9a2e0c7779b7511966c73386694819c"
"data/formal_analysis/genecards_multisource_pairs_20_strict/david_all_pairs_complete_uniprot/rank_013/02_chart_response.html","842010","797ab7c82d32a94767c18e17e9aedb4556e43f8afd7abaa0504144f9f4b1eaf6"
"data/formal_analysis/genecards_multisource_pairs_20_strict/david_all_pairs_complete_uniprot/rank_013/david_chart.tsv","495138","a6236a06500aeda42243da82553e238efc917b9f56ec80261df4be8a9a9f3778"
"data/formal_analysis/genecards_multisource_pairs_20_strict/david_all_pairs_complete_uniprot/rank_013/report.json","1681","0e0008f75852795e1540198b75eb43a2d723134ae0548c6227a7853e31f53be5"
"data/formal_analysis/genecards_multisource_pairs_20_strict/david_all_pairs_complete_uniprot/rank_013/request.json","3767","60077110841af8750316c71d2c9773bd0dde18929475eea7bf8d0822fd5f56a0"
"data/formal_analysis/genecards_multisource_pairs_20_strict/david_all_pairs_complete_uniprot/rank_014/01_api_response.html","739","0df20d73131819bb5e399418ced74a7d3f9e80df775f24ec73b38ccf639bb1f4"
"data/formal_analysis/genecards_multisource_pairs_20_strict/david_all_pairs_complete_uniprot/rank_014/02_chart_response.html","841883","62c1416e9a548ad26de973beb9ab2b4284246cc21421531c57e9085d8d953df5"
"data/formal_analysis/genecards_multisource_pairs_20_strict/david_all_pairs_complete_uniprot/rank_014/david_chart.tsv","491821","5da9e2ad16e172d4bf7d48f39b099b6221e95fd2358c5118445d71832d89ef48"
"data/formal_analysis/genecards_multisource_pairs_20_strict/david_all_pairs_complete_uniprot/rank_014/report.json","1675","70abc8176c0aab3405d468a3dffc02952c5551db07e91d24f84eabc9be5731a7"
"data/formal_analysis/genecards_multisource_pairs_20_strict/david_all_pairs_complete_uniprot/rank_014/request.json","3725","11f99a6986e6bc11aa73e9687b0099ee3311f19be69ca0dff3569dca52401aae"
"data/formal_analysis/genecards_multisource_pairs_20_strict/david_all_pairs_complete_uniprot/rank_015/01_api_response.html","937","edafd72b75642977c712b5989f822c71bea2cc34cc0806efc3d338dcbe2f3ab8"
"data/formal_analysis/genecards_multisource_pairs_20_strict/david_all_pairs_complete_uniprot/rank_015/02_chart_response.html","912221","cf7b3ebc49fddc588dd096951fa32d3214824a89ba1fa4371a4aa16ffe03f9de"
"data/formal_analysis/genecards_multisource_pairs_20_strict/david_all_pairs_complete_uniprot/rank_015/david_chart.tsv","696842","f61b567cc7dfb5751b8b27c200a1185ef8cf7acee7aae5e5172d88f34f43adb8"
"data/formal_analysis/genecards_multisource_pairs_20_strict/david_all_pairs_complete_uniprot/rank_015/report.json","2033","4df7b6a94722549d9d51a820f4e304a9bda50e9eb05e3c71542ac77d8367382e"
"data/formal_analysis/genecards_multisource_pairs_20_strict/david_all_pairs_complete_uniprot/rank_015/request.json","5394","dc8c2b9618b71e9fbfdda5ecbb4317dc71e7e313b996af9b277c201b147f670c"
"data/formal_analysis/genecards_multisource_pairs_20_strict/david_all_pairs_complete_uniprot/rank_016/01_api_response.html","773","e97985b99e61b1a2d9c3b7e7877376328de5376013ca12b42cad568144e4fc94"
"data/formal_analysis/genecards_multisource_pairs_20_strict/david_all_pairs_complete_uniprot/rank_016/02_chart_response.html","856585","0363352afafa7cf46c87e187866642b61a9bd84d8db1bb8fac57765e3f1308f6"
"data/formal_analysis/genecards_multisource_pairs_20_strict/david_all_pairs_complete_uniprot/rank_016/david_chart.tsv","541886","c1c37b65e10d0d15ceb2f55719eb297b88fd5cd1fe81190f01e005f3dbf8feca"
"data/formal_analysis/genecards_multisource_pairs_20_strict/david_all_pairs_complete_uniprot/rank_016/report.json","1735","203313dc74f6127acfa9842a3e2f3347d110a47308bc0adb7336edcf7b2c5618"
"data/formal_analysis/genecards_multisource_pairs_20_strict/david_all_pairs_complete_uniprot/rank_016/request.json","4027","2fec0811d9f2d0a5facc789a0ce9b8052a0dfbe7340c6ad34d28494c450f4cf5"
"data/formal_analysis/genecards_multisource_pairs_20_strict/david_all_pairs_complete_uniprot/rank_017/01_api_response.html","754","c16f45456399ceffa3234ec437025820aa9857306cd8d57cf522fff230709242"
"data/formal_analysis/genecards_multisource_pairs_20_strict/david_all_pairs_complete_uniprot/rank_017/02_chart_response.html","846639","2345131e35a4d9c34841c279473f2023a26f28d52204f9c75d2b33d1ed59d686"
"data/formal_analysis/genecards_multisource_pairs_20_strict/david_all_pairs_complete_uniprot/rank_017/david_chart.tsv","499800","feb2d62d1cc26ac998b1f1ec495cd82eecc5e5e3b50e36d9f4b656c64947a654"
"data/formal_analysis/genecards_multisource_pairs_20_strict/david_all_pairs_complete_uniprot/rank_017/report.json","1702","e2a3f5d64dcc64607fbee0143c53c8750aae57714ba6442bb03135cb938d4abc"
"data/formal_analysis/genecards_multisource_pairs_20_strict/david_all_pairs_complete_uniprot/rank_017/request.json","3855","b86190df0ef976b9dcc3544fa209eb8c418bc2dbad609b05a2b992a7fac2f810"
"data/formal_analysis/genecards_multisource_pairs_20_strict/david_all_pairs_complete_uniprot/rank_018/01_api_response.html","754","c16f45456399ceffa3234ec437025820aa9857306cd8d57cf522fff230709242"
"data/formal_analysis/genecards_multisource_pairs_20_strict/david_all_pairs_complete_uniprot/rank_018/02_chart_response.html","846579","d4c943dff345d992f8299a5b1589be0810fe8aabb5486e68f872428eb94cb9de"
"data/formal_analysis/genecards_multisource_pairs_20_strict/david_all_pairs_complete_uniprot/rank_018/david_chart.tsv","499800","e25246f6ce305e70a5350f7107b4964c20ff8d3f3d053d9b02ceb5669c369333"
"data/formal_analysis/genecards_multisource_pairs_20_strict/david_all_pairs_complete_uniprot/rank_018/report.json","1702","9014480dbc9c3bcb09d477dd446820ab2ef1c7ca70372d3eddf6253b64cd9bc1"
"data/formal_analysis/genecards_multisource_pairs_20_strict/david_all_pairs_complete_uniprot/rank_018/request.json","3855","df6614761631d9c38eadc2743d668f999efa3162a1147e65b58b53ecfb7d217b"
"data/formal_analysis/genecards_multisource_pairs_20_strict/david_all_pairs_complete_uniprot/rank_019/01_api_response.html","743","268345beaf2369d8ff7664baa2f9d15170f936a7e22a024bea2c88f47bb1676e"
"data/formal_analysis/genecards_multisource_pairs_20_strict/david_all_pairs_complete_uniprot/rank_019/02_chart_response.html","840505","fbe26363624e8c888cafd972ae18e680f36b06f6b49bc8c068680e78dda34171"
"data/formal_analysis/genecards_multisource_pairs_20_strict/david_all_pairs_complete_uniprot/rank_019/david_chart.tsv","491462","e8795158b84b1b7a2452dfbfc67513624a850b388a8c9e62f68ab9e024834d46"
"data/formal_analysis/genecards_multisource_pairs_20_strict/david_all_pairs_complete_uniprot/rank_019/report.json","1681","69da62da426034e1a4fca9a16c01c829ea1033290eb90045fe45a3c3dd2750ae"
"data/formal_analysis/genecards_multisource_pairs_20_strict/david_all_pairs_complete_uniprot/rank_019/request.json","3765","ec4a56bf76803fca2767ad2af176fb2ffb16e5a46dadf602493c009d567cb67b"
"data/formal_analysis/genecards_multisource_pairs_20_strict/david_all_pairs_complete_uniprot/rank_020/01_api_response.html","857","b3f3f5f50913768b7db3ac99b5418f4ff104a49d9dddc67d1e7e1cd77862b949"
"data/formal_analysis/genecards_multisource_pairs_20_strict/david_all_pairs_complete_uniprot/rank_020/02_chart_response.html","891931","f3f7cd538f5ce283bac75cce52ba6559fea345977d0d6aaad59ff445202782fa"
"data/formal_analysis/genecards_multisource_pairs_20_strict/david_all_pairs_complete_uniprot/rank_020/david_chart.tsv","650638","41a524877b6f062cafd47349b625c96fdc7c3fcd53724566231499e61ed27d1f"
"data/formal_analysis/genecards_multisource_pairs_20_strict/david_all_pairs_complete_uniprot/rank_020/report.json","1890","73f5ee454a659c583560cb0dfbae8a714ccfbdbf436f0e6131f5d68421fe9dc3"
"data/formal_analysis/genecards_multisource_pairs_20_strict/david_all_pairs_complete_uniprot/rank_020/request.json","4698","af0b05d831e61bbd5d799f707692a5311d7524b38d5ced1c0f3de647653062b4"
"data/formal_analysis/genecards_multisource_pairs_20_strict/david_all_pairs_complete_uniprot/rank_021/01_api_response.html","927","fd7ce84241ff812624c6429b2e49730da6c1c201889b913cdd2c2d341754891a"
"data/formal_analysis/genecards_multisource_pairs_20_strict/david_all_pairs_complete_uniprot/rank_021/02_chart_response.html","908443","769f167634a45abfb415f727df2b257b80539acb925067512c9e96412535f171"
"data/formal_analysis/genecards_multisource_pairs_20_strict/david_all_pairs_complete_uniprot/rank_021/david_chart.tsv","688661","b457382bf4c9199ceb9a3344a19f0ff788bff86cebe5dedc8930920f9e0f05cf"
"data/formal_analysis/genecards_multisource_pairs_20_strict/david_all_pairs_complete_uniprot/rank_021/report.json","2015","1c8f5b26c87bb1fd425d178c153ea4bea5d17d2db37f4ac7f5065d3d2826cc11"
"data/formal_analysis/genecards_multisource_pairs_20_strict/david_all_pairs_complete_uniprot/rank_021/request.json","5306","c47c095c736cd3f3fc2a73a364020887b71bd5dd828d5c06f9d9bfff0ebc2257"
"data/formal_analysis/genecards_multisource_pairs_20_strict/david_all_pairs_complete_uniprot/rank_022/01_api_response.html","927","fd7ce84241ff812624c6429b2e49730da6c1c201889b913cdd2c2d341754891a"
"data/formal_analysis/genecards_multisource_pairs_20_strict/david_all_pairs_complete_uniprot/rank_022/02_chart_response.html","908443","e71fd1eba3d297b71d34d068d73797c610982fbb8c65781a477126bf572a3590"
"data/formal_analysis/genecards_multisource_pairs_20_strict/david_all_pairs_complete_uniprot/rank_022/david_chart.tsv","688661","0d0bbb62408371be81ab613e729f95f3490f02ef3357f691f3e952633ab934e8"
"data/formal_analysis/genecards_multisource_pairs_20_strict/david_all_pairs_complete_uniprot/rank_022/report.json","2015","c6de13dcfd488ca6d7572dc36b26302e2a33cebdc192887004460998f141bf95"
"data/formal_analysis/genecards_multisource_pairs_20_strict/david_all_pairs_complete_uniprot/rank_022/request.json","5306","babd1518a5466a12286a067a1197db6266b0b6da60f0799a135ab39c6be0d3d4"
"data/formal_analysis/genecards_multisource_pairs_20_strict/david_all_pairs_complete_uniprot/rank_023/01_api_response.html","857","b3f3f5f50913768b7db3ac99b5418f4ff104a49d9dddc67d1e7e1cd77862b949"
"data/formal_analysis/genecards_multisource_pairs_20_strict/david_all_pairs_complete_uniprot/rank_023/02_chart_response.html","891931","5f7e539039ba0317d7345b982ae86478acf5b34d1d96466ebb77bbf1f60ff56e"
"data/formal_analysis/genecards_multisource_pairs_20_strict/david_all_pairs_complete_uniprot/rank_023/david_chart.tsv","650638","9b513b6e70a8c500ba460a2ef99123dccda258c07e3f6c194a266db05dbd724b"
"data/formal_analysis/genecards_multisource_pairs_20_strict/david_all_pairs_complete_uniprot/rank_023/report.json","1887","3f70563fc5723fa2b7d37934fd4fd941e7eacccd59900a59d0d2d87f51339d07"
"data/formal_analysis/genecards_multisource_pairs_20_strict/david_all_pairs_complete_uniprot/rank_023/request.json","4695","950e9aadc035a38b081cef0b3be095fbb4d64ad3c16881477e62b4d1282dbaff"
"data/formal_analysis/genecards_multisource_pairs_20_strict/david_all_pairs_complete_uniprot/rank_024/01_api_response.html","857","b3f3f5f50913768b7db3ac99b5418f4ff104a49d9dddc67d1e7e1cd77862b949"
"data/formal_analysis/genecards_multisource_pairs_20_strict/david_all_pairs_complete_uniprot/rank_024/02_chart_response.html","891931","f3f7cd538f5ce283bac75cce52ba6559fea345977d0d6aaad59ff445202782fa"
"data/formal_analysis/genecards_multisource_pairs_20_strict/david_all_pairs_complete_uniprot/rank_024/david_chart.tsv","650638","41a524877b6f062cafd47349b625c96fdc7c3fcd53724566231499e61ed27d1f"
"data/formal_analysis/genecards_multisource_pairs_20_strict/david_all_pairs_complete_uniprot/rank_024/report.json","2090","711657df263fcb7ed5b590334646a2ab853e12225e582c661020bbc76fff1f40"
"data/formal_analysis/genecards_multisource_pairs_20_strict/david_all_pairs_complete_uniprot/rank_024/request.json","4790","4ca97e909bfcd42d5f59feebbf3baaad1db8e40f871bae5bff98847f149db7e7"
"data/formal_analysis/genecards_multisource_pairs_20_strict/david_all_pairs_complete_uniprot/rank_024/reuse_attestation.json","484","5729d4aa17e8f54d8db35d30e779e9b5cd03887a240cb75f21bc31c61f6bb36a"
"data/formal_analysis/genecards_multisource_pairs_20_strict/david_all_pairs_complete_uniprot/rank_025/01_api_response.html","927","fd7ce84241ff812624c6429b2e49730da6c1c201889b913cdd2c2d341754891a"
"data/formal_analysis/genecards_multisource_pairs_20_strict/david_all_pairs_complete_uniprot/rank_025/02_chart_response.html","908443","769f167634a45abfb415f727df2b257b80539acb925067512c9e96412535f171"
"data/formal_analysis/genecards_multisource_pairs_20_strict/david_all_pairs_complete_uniprot/rank_025/david_chart.tsv","688661","b457382bf4c9199ceb9a3344a19f0ff788bff86cebe5dedc8930920f9e0f05cf"
"data/formal_analysis/genecards_multisource_pairs_20_strict/david_all_pairs_complete_uniprot/rank_025/report.json","2218","3c520a1a7b2630d0ee17a5a4c7b104ec42f5c3a57332d25a8eb7e0b9daeb5509"
"data/formal_analysis/genecards_multisource_pairs_20_strict/david_all_pairs_complete_uniprot/rank_025/request.json","5401","563035dda286371e1a8b8c582ac52976427ba5dfeb18ea0a35554a1791830f80"
"data/formal_analysis/genecards_multisource_pairs_20_strict/david_all_pairs_complete_uniprot/rank_025/reuse_attestation.json","484","ddd621b3db08125370fc78959bfcd9389ffb8b33771f4dcdc705373ff69fb3e8"
"data/formal_analysis/genecards_multisource_pairs_20_strict/david_all_pairs_complete_uniprot/rank_026/01_api_response.html","927","fd7ce84241ff812624c6429b2e49730da6c1c201889b913cdd2c2d341754891a"
"data/formal_analysis/genecards_multisource_pairs_20_strict/david_all_pairs_complete_uniprot/rank_026/02_chart_response.html","908443","769f167634a45abfb415f727df2b257b80539acb925067512c9e96412535f171"
"data/formal_analysis/genecards_multisource_pairs_20_strict/david_all_pairs_complete_uniprot/rank_026/david_chart.tsv","688661","b457382bf4c9199ceb9a3344a19f0ff788bff86cebe5dedc8930920f9e0f05cf"
"data/formal_analysis/genecards_multisource_pairs_20_strict/david_all_pairs_complete_uniprot/rank_026/report.json","2221","3730ef7e5d64670ce0b53079f5c8849207d95e80f5d7e54a9ee88200ff207c02"
"data/formal_analysis/genecards_multisource_pairs_20_strict/david_all_pairs_complete_uniprot/rank_026/request.json","5404","ff41a1b1f869eb1b0ce55159e375e1d819f8d3eeb5f8977cfaca413f8f963dcc"
"data/formal_analysis/genecards_multisource_pairs_20_strict/david_all_pairs_complete_uniprot/rank_026/reuse_attestation.json","484","8d72af45b2dc68c70d96ee062956ecc029a17900704f59e8f84a00d5cb3f0dbf"
"data/formal_analysis/genecards_multisource_pairs_20_strict/david_all_pairs_complete_uniprot/rank_027/01_api_response.html","872","5aebcf09225647d4a59e755856a96c38a0d60608a7e67552b688b02cceef07a4"
"data/formal_analysis/genecards_multisource_pairs_20_strict/david_all_pairs_complete_uniprot/rank_027/02_chart_response.html","897567","459b867caecaa7cb87dff3ff8f8775f71390bcad12860336a908d67b7c069889"
"data/formal_analysis/genecards_multisource_pairs_20_strict/david_all_pairs_complete_uniprot/rank_027/david_chart.tsv","675750","f98e907e7ebb73026b7f1323d6f3e8bed1fda160476896003d9d2c67df8f8557"
"data/formal_analysis/genecards_multisource_pairs_20_strict/david_all_pairs_complete_uniprot/rank_027/report.json","2010","97e204cf6be2927622c90aa286d1c3d801579d8fc0562eec6acc76a7c2aa0aba"
"data/formal_analysis/genecards_multisource_pairs_20_strict/david_all_pairs_complete_uniprot/rank_027/request.json","4922","64a3e63c31646b2c9fe5e27b6d70379b91b6ad2949d12f3f494deb1c9cd46ecb"
"data/formal_analysis/genecards_multisource_pairs_20_strict/david_all_pairs_complete_uniprot/rank_028/01_api_response.html","893","ef0d0e84374d30f80c1f648435e5ed0e478757816b4c7c7a981720d7a11f5ab4"
"data/formal_analysis/genecards_multisource_pairs_20_strict/david_all_pairs_complete_uniprot/rank_028/02_chart_response.html","898222","c5b34a1d895424f0e7a8e72a2522d643f2618f302bc87ef18733943ec1514645"
"data/formal_analysis/genecards_multisource_pairs_20_strict/david_all_pairs_complete_uniprot/rank_028/david_chart.tsv","665405","383147364e5455ac675d3e06dc8d122323ee91c97352bff1460c95f638e6bdac"
"data/formal_analysis/genecards_multisource_pairs_20_strict/david_all_pairs_complete_uniprot/rank_028/report.json","2038","294212ab41c2f024436550c25c318bc54e5ad56be651379ee08c5d6a5b1bf226"
"data/formal_analysis/genecards_multisource_pairs_20_strict/david_all_pairs_complete_uniprot/rank_028/request.json","5049","6d11ad4a55cca5f34149979a7d26b0baf64a5a4a0fc100f306adfe049c0c6bc8"
"data/formal_analysis/genecards_multisource_pairs_20_strict/david_all_pairs_complete_uniprot/rank_029/01_api_response.html","914","69ee7d48862a2486ab9ec95815037bd18c0927dec547cfd9fa160b5ec0dc150c"
"data/formal_analysis/genecards_multisource_pairs_20_strict/david_all_pairs_complete_uniprot/rank_029/02_chart_response.html","902682","0322e757f6f9d047af63de0413a41c2912a80c1ff680067f9c5310289f172939"
"data/formal_analysis/genecards_multisource_pairs_20_strict/david_all_pairs_complete_uniprot/rank_029/david_chart.tsv","678790","b637f83f3f789591465768e1f4d8d1e38e516bc0e2ea4d617f400531cda32c25"
"data/formal_analysis/genecards_multisource_pairs_20_strict/david_all_pairs_complete_uniprot/rank_029/report.json","2074","b800eeddd35a67824f396fbe3cafd770e1628e23a88b79075636873ab5b0f9b7"
"data/formal_analysis/genecards_multisource_pairs_20_strict/david_all_pairs_complete_uniprot/rank_029/request.json","5223","7c77316bda587a7c4e8ab8d63b1156fad59b159f84cf19a112555c6ee296e769"
"data/formal_analysis/genecards_multisource_pairs_20_strict/david_all_pairs_complete_uniprot/rank_030/01_api_response.html","487","cbd545fb02108bffbedfe13acb21aa4a3bda8c161f139ae274bd6f30504dd5af"
"data/formal_analysis/genecards_multisource_pairs_20_strict/david_all_pairs_complete_uniprot/rank_030/02_chart_response.html","763536","03eecc6453467c502da2c65ef0f171867b5b83f0c90b110f8214da7bc112864e"
"data/formal_analysis/genecards_multisource_pairs_20_strict/david_all_pairs_complete_uniprot/rank_030/david_chart.tsv","286845","fab5a21166f04f664f5b86ba69bd81cd26177dde806c77248956bec0f3af3896"
"data/formal_analysis/genecards_multisource_pairs_20_strict/david_all_pairs_complete_uniprot/rank_030/report.json","1335","d0b3309e667dfc17766c24726a3099ef1860c0f94cdfdfe56fca53e518dd6e9e"
"data/formal_analysis/genecards_multisource_pairs_20_strict/david_all_pairs_complete_uniprot/rank_030/request.json","1730","f19ab02f279f5de240fa8ec51a07347544731541c21f869758da50b0be86d241"
"data/formal_analysis/genecards_multisource_pairs_20_strict/david_all_pairs_complete_uniprot/rank_031/01_api_response.html","590","259593fe247c50efc1334a47bd9653ba35a61663c0ffae1fedbc80ad97bf71e5"
"data/formal_analysis/genecards_multisource_pairs_20_strict/david_all_pairs_complete_uniprot/rank_031/02_chart_response.html","808302","f53641d59ba393da01f6737b499c85de2e658fa25bbd0dc6b131f342e8d54260"
"data/formal_analysis/genecards_multisource_pairs_20_strict/david_all_pairs_complete_uniprot/rank_031/david_chart.tsv","429235","c2eb49a8757ccae65d103b1155572247e522fce73409b83f29a058e9a3119eda"
"data/formal_analysis/genecards_multisource_pairs_20_strict/david_all_pairs_complete_uniprot/rank_031/report.json","1516","61b8a6471402144a436592d31509d976c8c258e591900b82076c8f5804a8fe0c"
"data/formal_analysis/genecards_multisource_pairs_20_strict/david_all_pairs_complete_uniprot/rank_031/request.json","2519","b000b8b5c5ecb1033ff5437d5447bfd97faf149d80fcb114610d704c255115d8"
"data/formal_analysis/genecards_multisource_pairs_20_strict/david_all_pairs_complete_uniprot/rank_032/01_api_response.html","694","79bb236388d02749f3d22efb4fe2400795b0dcb31c38f3d9a4d95d1898d58b91"
"data/formal_analysis/genecards_multisource_pairs_20_strict/david_all_pairs_complete_uniprot/rank_032/02_chart_response.html","833846","83faa4f4c014aaf70efd5f73998061335933190514f13024d418846cf62a2580"
"data/formal_analysis/genecards_multisource_pairs_20_strict/david_all_pairs_complete_uniprot/rank_032/david_chart.tsv","486540","1c24bf0b4243c71337b6a19dbe7a65a60f9888d05d7e4ef1b644370a7ba06873"
"data/formal_analysis/genecards_multisource_pairs_20_strict/david_all_pairs_complete_uniprot/rank_032/report.json","1707","dfd0b2abc2b0d7a5baef30a75be4b4b8b99e607640d774d853724d2e36e58179"
"data/formal_analysis/genecards_multisource_pairs_20_strict/david_all_pairs_complete_uniprot/rank_032/request.json","3512","a8a31e3442c75ec1a8053cbf54306b3ef3fbed2c7ba3cc05f74d09e533b4ba59"
"data/formal_analysis/genecards_multisource_pairs_20_strict/david_all_pairs_complete_uniprot/rank_033/01_api_response.html","694","79bb236388d02749f3d22efb4fe2400795b0dcb31c38f3d9a4d95d1898d58b91"
"data/formal_analysis/genecards_multisource_pairs_20_strict/david_all_pairs_complete_uniprot/rank_033/02_chart_response.html","833846","83faa4f4c014aaf70efd5f73998061335933190514f13024d418846cf62a2580"
"data/formal_analysis/genecards_multisource_pairs_20_strict/david_all_pairs_complete_uniprot/rank_033/david_chart.tsv","486540","1c24bf0b4243c71337b6a19dbe7a65a60f9888d05d7e4ef1b644370a7ba06873"
"data/formal_analysis/genecards_multisource_pairs_20_strict/david_all_pairs_complete_uniprot/rank_033/report.json","1815","88079eebfb43f1b94d60eae074500d00a3918b5e5b72f1bdca633cfafc1ba92a"
"data/formal_analysis/genecards_multisource_pairs_20_strict/david_all_pairs_complete_uniprot/rank_033/request.json","3512","758541e22d01153ea118222e6dc9225711a5e695d80ee54739821f5783eb39f2"
"data/formal_analysis/genecards_multisource_pairs_20_strict/david_all_pairs_complete_uniprot/rank_033/reuse_attestation.json","484","678e6c3325d8af191d3d6cd467ea4c8431123c6b3258bcbff8050c0456398887"
"data/formal_analysis/genecards_multisource_pairs_20_strict/david_all_pairs_complete_uniprot/rank_034/01_api_response.html","678","df5e7d02d6b2d2a27e98df6dc454d82d13738984defbfadfe80761d85b474d06"
"data/formal_analysis/genecards_multisource_pairs_20_strict/david_all_pairs_complete_uniprot/rank_034/02_chart_response.html","829053","08dfd77492ecc3044fb2337111fba51b9bc3ecd25e3da8f77922800030361c05"
"data/formal_analysis/genecards_multisource_pairs_20_strict/david_all_pairs_complete_uniprot/rank_034/david_chart.tsv","475052","7140d9de7bed7dd04d92dce44d3d8da56cf7afafd5ece84708295ff5a5f7efc9"
"data/formal_analysis/genecards_multisource_pairs_20_strict/david_all_pairs_complete_uniprot/rank_034/report.json","1686","eb4d2e8f9e05cc71d8f6a3a994c4aa639d3274ec420dc59172fb799cf43cb00f"
"data/formal_analysis/genecards_multisource_pairs_20_strict/david_all_pairs_complete_uniprot/rank_034/request.json","3426","b17df592badbec9c720051e1012eccf1d4ef8a7103512abdd6e04b04dbf149d6"
"data/formal_analysis/genecards_multisource_pairs_20_strict/david_all_pairs_complete_uniprot/rank_035/01_api_response.html","673","1a7b43a8f3b837a5fb7d10e1d9e0d230f16ae61bf986d12ff28c49b28280c748"
"data/formal_analysis/genecards_multisource_pairs_20_strict/david_all_pairs_complete_uniprot/rank_035/02_chart_response.html","816734","95c3712db0094785ffe86aaec7a423bfaac2c325943c4978c2ea4e4b79146873"
"data/formal_analysis/genecards_multisource_pairs_20_strict/david_all_pairs_complete_uniprot/rank_035/david_chart.tsv","451273","6b3af4c4a5e85c91dece4915b090a4504d9c27254c73dbf7660107e459279e25"
"data/formal_analysis/genecards_multisource_pairs_20_strict/david_all_pairs_complete_uniprot/rank_035/report.json","1677","4d06a90337f016ca69116843fb96f3a294228e89d6c492883476cfaa6f88018e"
"data/formal_analysis/genecards_multisource_pairs_20_strict/david_all_pairs_complete_uniprot/rank_035/request.json","3380","34fbfa7bf8aaaf4a96d112925a32526128d44d0b7e24feddf4c372429a1023c7"
"data/formal_analysis/genecards_multisource_pairs_20_strict/david_all_pairs_complete_uniprot/rank_036/01_api_response.html","673","81934f083e8db3314fb6ff5e02e397e77fad51b76ca5c84276f672d32e06cf2c"
"data/formal_analysis/genecards_multisource_pairs_20_strict/david_all_pairs_complete_uniprot/rank_036/02_chart_response.html","816923","23648a781d862a001abc2f7b2059eb64acc5dae25f3c4fa00f6835a3e8d887eb"
"data/formal_analysis/genecards_multisource_pairs_20_strict/david_all_pairs_complete_uniprot/rank_036/david_chart.tsv","448246","304331e8661ee33184d46d2278215e63678d8ba2d1469246ce8e80d530f31b6d"
"data/formal_analysis/genecards_multisource_pairs_20_strict/david_all_pairs_complete_uniprot/rank_036/report.json","1677","b83a59ea3c87d2ddf397ccb927c2ab30a88a8c6d45331e3240939243e5b43123"
"data/formal_analysis/genecards_multisource_pairs_20_strict/david_all_pairs_complete_uniprot/rank_036/request.json","3382","b88665b19a2289d736969b34003cf347abf9e53eced26d9a5e788f7e837a877d"
"data/formal_analysis/genecards_multisource_pairs_20_strict/david_all_pairs_complete_uniprot/rank_037/01_api_response.html","862","8d1ff865b88ff8da3e2d4475765c4a083e783cc247e738837e9bc4a98cc8c618"
"data/formal_analysis/genecards_multisource_pairs_20_strict/david_all_pairs_complete_uniprot/rank_037/02_chart_response.html","882628","f9725a479aa17db0ff57d8ec69e4b35f2ce02818e10f763d32390ffaebc5e873"
"data/formal_analysis/genecards_multisource_pairs_20_strict/david_all_pairs_complete_uniprot/rank_037/david_chart.tsv","627662","fa4f62cc2f0ddf28a2b95a36ef2962ad1a1f1c5ee97aa59d6383bae4de347353"
"data/formal_analysis/genecards_multisource_pairs_20_strict/david_all_pairs_complete_uniprot/rank_037/report.json","1991","8e991767b4a8e5dc93a72ab5bc6e241f7d319e3a22457bdfd9a730e3e0193dbf"
"data/formal_analysis/genecards_multisource_pairs_20_strict/david_all_pairs_complete_uniprot/rank_037/request.json","4836","6f275933b2d5d33a9d11c56125f3b4ac3965348fb0c92890b25561ccf1b462a6"
"data/formal_analysis/genecards_multisource_pairs_20_strict/david_all_pairs_complete_uniprot/rank_038/01_api_response.html","668","ff184dd758ca9a2205d0f839fe11dddff7555031f00b5f12d80d99ba7e354efa"
"data/formal_analysis/genecards_multisource_pairs_20_strict/david_all_pairs_complete_uniprot/rank_038/02_chart_response.html","826466","25c78582e6dddb36f9c2feefd428769a0a0dc608bd7edbe59a22824e2b9caab0"
"data/formal_analysis/genecards_multisource_pairs_20_strict/david_all_pairs_complete_uniprot/rank_038/david_chart.tsv","472341","a4ca038c2900abf082b3645fa1c5153ed5970d7806016ad899ce90e8f2414dd0"
"data/formal_analysis/genecards_multisource_pairs_20_strict/david_all_pairs_complete_uniprot/rank_038/report.json","1671","622f2e042a90e8aa2d08afc8aaaa9d42ac52f8d476b308d5bedd4fbf157666d9"
"data/formal_analysis/genecards_multisource_pairs_20_strict/david_all_pairs_complete_uniprot/rank_038/request.json","3340","14432b2fa76c44dcffd1dff26dfb6c765acb3f52ae2e58df8c6ea132db743a19"
"data/formal_analysis/genecards_multisource_pairs_20_strict/david_all_pairs_complete_uniprot/rank_039/01_api_response.html","693","b05cf19dfa6852bfec0eb42d5172877d8adb729b826ade680d8c8ea429f37802"
"data/formal_analysis/genecards_multisource_pairs_20_strict/david_all_pairs_complete_uniprot/rank_039/02_chart_response.html","836232","e69841d713c1436bae85ccf9f87bcb2ae6d482ad26c15d232e0705781e197e83"
"data/formal_analysis/genecards_multisource_pairs_20_strict/david_all_pairs_complete_uniprot/rank_039/david_chart.tsv","505061","30216dd92c30bc126cc56d9f4cf8ceef47c5311d652e85f177eda4e64587c684"
"data/formal_analysis/genecards_multisource_pairs_20_strict/david_all_pairs_complete_uniprot/rank_039/report.json","1713","9c792208a07fd5858c83a02e566ea24ce9b791cbb74fe2b0842a33b4e8ed49b6"
"data/formal_analysis/genecards_multisource_pairs_20_strict/david_all_pairs_complete_uniprot/rank_039/request.json","3553","88304ff39ff8ce529dcd44db78947426dea95c3026775b02f4d8e78cb7598f61"
"data/formal_analysis/genecards_multisource_pairs_20_strict/david_all_pairs_complete_uniprot/rank_040/01_api_response.html","477","20745c7d766906eb05e5084776fd10e401ec86a58ce5a951e9abd31e19a565e4"
"data/formal_analysis/genecards_multisource_pairs_20_strict/david_all_pairs_complete_uniprot/rank_040/02_chart_response.html","723586","7c086144e10042b7d74aecb22a2a1f105cb2fe8465cba840a57f8a8954aa952a"
"data/formal_analysis/genecards_multisource_pairs_20_strict/david_all_pairs_complete_uniprot/rank_040/david_chart.tsv","213398","fbdadb8943f110a107780833904eb12bef7d98a7a55c4eec51c31a43b1dad129"
"data/formal_analysis/genecards_multisource_pairs_20_strict/david_all_pairs_complete_uniprot/rank_040/report.json","1318","f0a59225712658aa4ca8bafe6391cafa17895d925cb633ef6e9d6037f6642f2b"
"data/formal_analysis/genecards_multisource_pairs_20_strict/david_all_pairs_complete_uniprot/rank_040/request.json","1645","d35f71787c51b77e10c20fb8a217ae50668468be04595d1c97ebd3abc6dfad54"
"data/formal_analysis/genecards_multisource_pairs_20_strict/david_all_pairs_complete_uniprot/rank_041/01_api_response.html","477","20745c7d766906eb05e5084776fd10e401ec86a58ce5a951e9abd31e19a565e4"
"data/formal_analysis/genecards_multisource_pairs_20_strict/david_all_pairs_complete_uniprot/rank_041/02_chart_response.html","723586","7c086144e10042b7d74aecb22a2a1f105cb2fe8465cba840a57f8a8954aa952a"
"data/formal_analysis/genecards_multisource_pairs_20_strict/david_all_pairs_complete_uniprot/rank_041/david_chart.tsv","213398","fbdadb8943f110a107780833904eb12bef7d98a7a55c4eec51c31a43b1dad129"
"data/formal_analysis/genecards_multisource_pairs_20_strict/david_all_pairs_complete_uniprot/rank_041/report.json","1423","d7158714c53a3135d99c5b9be08f3b076e4e5af1718b95c4bb2f21df6ecbcc2c"
"data/formal_analysis/genecards_multisource_pairs_20_strict/david_all_pairs_complete_uniprot/rank_041/request.json","1642","a17ca59a76548a9efd29ba672df065c69e18172df831b56a819b8179ace5cffa"
"data/formal_analysis/genecards_multisource_pairs_20_strict/david_all_pairs_complete_uniprot/rank_041/reuse_attestation.json","484","39e2e6bf90bee2965c63814bd1e8871ac0e399d7239f87beb95c1eef838a4600"
"data/formal_analysis/genecards_multisource_pairs_20_strict/david_all_pairs_complete_uniprot/rank_042/01_api_response.html","669","006a2c757ff22dc718d447a71e83ee6eec13f09802ec2c9b55434cb88d977980"
"data/formal_analysis/genecards_multisource_pairs_20_strict/david_all_pairs_complete_uniprot/rank_042/02_chart_response.html","818956","532e5ee971cab237cfb273956b0218b44cb91e718e3f77069caf4081e247ed83"
"data/formal_analysis/genecards_multisource_pairs_20_strict/david_all_pairs_complete_uniprot/rank_042/david_chart.tsv","420153","d9489a7afd287240082f4bbe62ea807c563a2a515cee1cc0b858ae9a053cb727"
"data/formal_analysis/genecards_multisource_pairs_20_strict/david_all_pairs_complete_uniprot/rank_042/report.json","1642","97b34367c50329c879d3c084416cec4c3e304a652a36894b93404b43d9a80100"
"data/formal_analysis/genecards_multisource_pairs_20_strict/david_all_pairs_complete_uniprot/rank_042/request.json","3128","958ec61961bc0ef6d58e038c264be30433b79f7e1777ef1bab0d0af4d0ac5f64"
"data/formal_analysis/genecards_multisource_pairs_20_strict/david_all_pairs_complete_uniprot/rank_043/01_api_response.html","717","6af2806d0e73a69cdcee1435cac6363e362f3028a09fb0a6e844759bda922477"
"data/formal_analysis/genecards_multisource_pairs_20_strict/david_all_pairs_complete_uniprot/rank_043/02_chart_response.html","839766","86f8efa037eed4fe125dc5822420274668055dbb640c29ae71ae66edcdc7eca3"
"data/formal_analysis/genecards_multisource_pairs_20_strict/david_all_pairs_complete_uniprot/rank_043/david_chart.tsv","494322","51b7c58ef1464791357e6c1e0bc8df1e1c9c864e2b348c49d7fbd1fb0a9bd065"
"data/formal_analysis/genecards_multisource_pairs_20_strict/david_all_pairs_complete_uniprot/rank_043/report.json","1731","7580e22cd90fbfe24ec8a91e3e0bcb9e03694c2f1e35cd9fe8f5d4f238a8b562"
"data/formal_analysis/genecards_multisource_pairs_20_strict/david_all_pairs_complete_uniprot/rank_043/request.json","3644","2620c67b72167fe8172acc205ffce89a54ea14d6903f86c7de72b8874ef8dc45"
"data/formal_analysis/genecards_multisource_pairs_20_strict/david_all_pairs_complete_uniprot/rank_044/01_api_response.html","712","b22a7945c9246c79084231d41e3f8849c0b48ef5ce44908f23b1d99f93c720b8"
"data/formal_analysis/genecards_multisource_pairs_20_strict/david_all_pairs_complete_uniprot/rank_044/02_chart_response.html","838873","347d52a424013d7bd7e41c28b8dc11a4fa80220f06bb88a9a4b72e953972c234"
"data/formal_analysis/genecards_multisource_pairs_20_strict/david_all_pairs_complete_uniprot/rank_044/david_chart.tsv","494175","5b1745c020b985a85dc4c231a94b55a07666a36d1c9295db59bff8ac0c879561"
"data/formal_analysis/genecards_multisource_pairs_20_strict/david_all_pairs_complete_uniprot/rank_044/report.json","1725","24ceef2a4c52ad891827e5f16f7cd78806010d16d14a90c64e4a97150c867212"
"data/formal_analysis/genecards_multisource_pairs_20_strict/david_all_pairs_complete_uniprot/rank_044/request.json","3603","00879e722d08fc6085294a13074ba36d1632aca4a0c6dd80f438efdb33d04df9"
"data/formal_analysis/genecards_multisource_pairs_20_strict/david_all_pairs_complete_uniprot/rank_045/01_api_response.html","712","b22a7945c9246c79084231d41e3f8849c0b48ef5ce44908f23b1d99f93c720b8"
"data/formal_analysis/genecards_multisource_pairs_20_strict/david_all_pairs_complete_uniprot/rank_045/02_chart_response.html","838873","347d52a424013d7bd7e41c28b8dc11a4fa80220f06bb88a9a4b72e953972c234"
"data/formal_analysis/genecards_multisource_pairs_20_strict/david_all_pairs_complete_uniprot/rank_045/david_chart.tsv","494175","5b1745c020b985a85dc4c231a94b55a07666a36d1c9295db59bff8ac0c879561"
"data/formal_analysis/genecards_multisource_pairs_20_strict/david_all_pairs_complete_uniprot/rank_045/report.json","1830","e76250ba99b2fa8342f2c12167c099ace6e2a254d63d049b4877bedeba103e84"
"data/formal_analysis/genecards_multisource_pairs_20_strict/david_all_pairs_complete_uniprot/rank_045/request.json","3600","8d53b94023a3673889fcf1b96c4da5190956644c4cb4d3592a69ea47b9029320"
"data/formal_analysis/genecards_multisource_pairs_20_strict/david_all_pairs_complete_uniprot/rank_045/reuse_attestation.json","484","0e1d602f311754ae6c57eec3fcd6f5e95a8bcb0140b268937b8d01a4962b300f"
"data/formal_analysis/genecards_multisource_pairs_20_strict/david_all_pairs_complete_uniprot/rank_046/01_api_response.html","741","8766b87fe0ab9c924dc5a6591bdcd3b1f0a0e217230a7b79deb1727420d8e39b"
"data/formal_analysis/genecards_multisource_pairs_20_strict/david_all_pairs_complete_uniprot/rank_046/02_chart_response.html","852197","030a91f994ed1d12fd334932252b41cfee360ac5feb3fa832296d0fd5f3115c6"
"data/formal_analysis/genecards_multisource_pairs_20_strict/david_all_pairs_complete_uniprot/rank_046/david_chart.tsv","542544","f119981024d4ae343c378227bb025e51e4570bd4ee6e4637970120550d63c6c9"
"data/formal_analysis/genecards_multisource_pairs_20_strict/david_all_pairs_complete_uniprot/rank_046/report.json","1776","c6fcd599ff90dfd97592810c89fbc740c8038972a76c52c829d4c6cd17902aba"
"data/formal_analysis/genecards_multisource_pairs_20_strict/david_all_pairs_complete_uniprot/rank_046/request.json","3860","716c25240f80e392b57fc074ed7b8ceb5642a7e046f79541bc1e2e7edaec702a"
"data/formal_analysis/genecards_multisource_pairs_20_strict/david_all_pairs_complete_uniprot/rank_047/01_api_response.html","722","922071a250d10820a2f3d78154c5ab73ccff6a76ee03ab80f218a42a3ee5b9d9"
"data/formal_analysis/genecards_multisource_pairs_20_strict/david_all_pairs_complete_uniprot/rank_047/02_chart_response.html","842447","ac03c72c834503c4b9232ec30dd97da21e11143da0bc11058cb3be14ec5ebd27"
"data/formal_analysis/genecards_multisource_pairs_20_strict/david_all_pairs_complete_uniprot/rank_047/david_chart.tsv","499267","1cf33d4ba01702f1ce4931a325082d019e5cf0a7843b723954157e190f7e7a4e"
"data/formal_analysis/genecards_multisource_pairs_20_strict/david_all_pairs_complete_uniprot/rank_047/report.json","1743","93c6702912df96ac6b6d4bd23077d8f2a40aaa942ed1fe0e477cdc99630b2b07"
"data/formal_analysis/genecards_multisource_pairs_20_strict/david_all_pairs_complete_uniprot/rank_047/request.json","3688","5f60c572e763fad6fc3a05253d81628ff8a52fe830b81f3e31161ac5b2d9b166"
"data/formal_analysis/genecards_multisource_pairs_20_strict/david_all_pairs_complete_uniprot/rank_048/01_api_response.html","722","922071a250d10820a2f3d78154c5ab73ccff6a76ee03ab80f218a42a3ee5b9d9"
"data/formal_analysis/genecards_multisource_pairs_20_strict/david_all_pairs_complete_uniprot/rank_048/02_chart_response.html","842447","ac03c72c834503c4b9232ec30dd97da21e11143da0bc11058cb3be14ec5ebd27"
"data/formal_analysis/genecards_multisource_pairs_20_strict/david_all_pairs_complete_uniprot/rank_048/david_chart.tsv","499267","1cf33d4ba01702f1ce4931a325082d019e5cf0a7843b723954157e190f7e7a4e"
"data/formal_analysis/genecards_multisource_pairs_20_strict/david_all_pairs_complete_uniprot/rank_048/report.json","1851","156d43d45b50ded5a927b75891d8cc768412737d9e28c360692e906ada4c41a2"
"data/formal_analysis/genecards_multisource_pairs_20_strict/david_all_pairs_complete_uniprot/rank_048/request.json","3688","c704c0ddd2ebc1c67d02179971799f91bd8422cb407dca5b0597b431a6a9ea0e"
"data/formal_analysis/genecards_multisource_pairs_20_strict/david_all_pairs_complete_uniprot/rank_048/reuse_attestation.json","484","37748d84b8ffe4fc1dfee010885e798a1488a117d8318a203c05bbc234ae6076"
"data/formal_analysis/genecards_multisource_pairs_20_strict/david_all_pairs_complete_uniprot/rank_049/01_api_response.html","573","2bea29bdece35248184f59329d107acfabb05d038f693da13f3447613c9447a6"
"data/formal_analysis/genecards_multisource_pairs_20_strict/david_all_pairs_complete_uniprot/rank_049/02_chart_response.html","774640","5908dc7f8ee5c44d44498ddc654e3315eb9d6db2cd59d117f71278120c1e7781"
"data/formal_analysis/genecards_multisource_pairs_20_strict/david_all_pairs_complete_uniprot/rank_049/david_chart.tsv","285041","ab41b6d1bec6453d68aae544888e379690c73f8e050fe028e922fa6aeb884af1"
"data/formal_analysis/genecards_multisource_pairs_20_strict/david_all_pairs_complete_uniprot/rank_049/report.json","1461","fda15cd1eb4efd66531404c78e382870f8f81ad78d7dddfca0c08b987f4079b1"
"data/formal_analysis/genecards_multisource_pairs_20_strict/david_all_pairs_complete_uniprot/rank_049/request.json","2337","a2f3123ec1d6718d55700fdb0e29a61f8e156444470959ff0a79cc4f357aeab1"
"data/formal_analysis/genecards_multisource_pairs_20_strict/david_all_pairs_complete_uniprot/rank_050/01_api_response.html","711","a4221a6383ca1a00a3bd365c723cf69c2bbda14c89c09ae0c9937da2fcf734a5"
"data/formal_analysis/genecards_multisource_pairs_20_strict/david_all_pairs_complete_uniprot/rank_050/02_chart_response.html","837299","00f1c35c8bdadb3a34980b18c22927fbbd09d9871308d649c3f1d8ef268c421a"
"data/formal_analysis/genecards_multisource_pairs_20_strict/david_all_pairs_complete_uniprot/rank_050/david_chart.tsv","492475","4b68c6f52d3fc7acbe7cf49999e5ed45ec1e85b506a5f249527bffce1380fd4f"
"data/formal_analysis/genecards_multisource_pairs_20_strict/david_all_pairs_complete_uniprot/rank_050/report.json","1722","c78e5114f857f97fb7de94821026d33a5e4390280e90d076a8a43f33136495e6"
"data/formal_analysis/genecards_multisource_pairs_20_strict/david_all_pairs_complete_uniprot/rank_050/request.json","3598","28081f5e709892231eeb488307603eb606a98ac1a98c665d8d49c25ab7e9a5cd"
"data/formal_analysis/genecards_multisource_pairs_20_strict/david_all_pairs_complete_uniprot/rank_051/01_api_response.html","514","e9ee5123cc82b81c553482c8f3f0221535658f94891ae902c61a5fa2ba866919"
"data/formal_analysis/genecards_multisource_pairs_20_strict/david_all_pairs_complete_uniprot/rank_051/02_chart_response.html","733841","ec971ac1eb4f7966025fedf689742c2a0e4cb1d0933e5d8e54cd61e95559f526"
"data/formal_analysis/genecards_multisource_pairs_20_strict/david_all_pairs_complete_uniprot/rank_051/david_chart.tsv","221003","13e17c346e15d8e6c63d34575855b9e469db0054c0ae423be7d643be145f999b"
"data/formal_analysis/genecards_multisource_pairs_20_strict/david_all_pairs_complete_uniprot/rank_051/report.json","1362","b94b2e76fc88b1092ce2be7ed936143e6108def15f7e20a890a23157f3e39cb8"
"data/formal_analysis/genecards_multisource_pairs_20_strict/david_all_pairs_complete_uniprot/rank_051/request.json","1861","7be73fa83917cc5b2c23b61921eec4df788cfb387a14c1ec55186e01427f72aa"
"data/formal_analysis/genecards_multisource_pairs_20_strict/david_all_pairs_complete_uniprot/rank_052/01_api_response.html","514","e9ee5123cc82b81c553482c8f3f0221535658f94891ae902c61a5fa2ba866919"
"data/formal_analysis/genecards_multisource_pairs_20_strict/david_all_pairs_complete_uniprot/rank_052/02_chart_response.html","733841","ec971ac1eb4f7966025fedf689742c2a0e4cb1d0933e5d8e54cd61e95559f526"
"data/formal_analysis/genecards_multisource_pairs_20_strict/david_all_pairs_complete_uniprot/rank_052/david_chart.tsv","221003","13e17c346e15d8e6c63d34575855b9e469db0054c0ae423be7d643be145f999b"
"data/formal_analysis/genecards_multisource_pairs_20_strict/david_all_pairs_complete_uniprot/rank_052/report.json","1467","b39336cdfa2559a25376fc015a678d0b55b6c26fba9222502b978a76f20f8fbd"
"data/formal_analysis/genecards_multisource_pairs_20_strict/david_all_pairs_complete_uniprot/rank_052/request.json","1858","3ffd2d120204afce9ec4ff9b8d2fd7805e7c0b3f6d88e6a58e775eeccde105d5"
"data/formal_analysis/genecards_multisource_pairs_20_strict/david_all_pairs_complete_uniprot/rank_052/reuse_attestation.json","484","dee77a03f878436b611bf76c9670ed7c804d34fd530b9c6d44b5b6275f637b42"
"data/formal_analysis/genecards_multisource_pairs_20_strict/david_all_pairs_complete_uniprot/rank_053/01_api_response.html","703","865aa375c63703a07a0310fca870722edae8e244283093511f606814e36414fa"
"data/formal_analysis/genecards_multisource_pairs_20_strict/david_all_pairs_complete_uniprot/rank_053/02_chart_response.html","830097","535315adb6f9e0bcd7382a8afa5ef74ea087ddd030f8bd635fcd1353c8b0f1e1"
"data/formal_analysis/genecards_multisource_pairs_20_strict/david_all_pairs_complete_uniprot/rank_053/david_chart.tsv","523134","e42a1cb828ce92c0636715ba0a89fe481e84b02b9559fecc6501ec45a04a5fa1"
"data/formal_analysis/genecards_multisource_pairs_20_strict/david_all_pairs_complete_uniprot/rank_053/report.json","1731","5375666b9ce958ae24d95a58077424232d25ecabaf140bf928259729ae1968e4"
"data/formal_analysis/genecards_multisource_pairs_20_strict/david_all_pairs_complete_uniprot/rank_053/request.json","3640","a05597c7250cb861606752690bb3977f55162998845c9809345ecf1c6182e07f"
"data/formal_analysis/genecards_multisource_pairs_20_strict/david_all_pairs_complete_uniprot/rank_054/01_api_response.html","694","ff2925923f7f44e799cbf2f11d86e98ecc69351efe858e871dbd2dff6c498654"
"data/formal_analysis/genecards_multisource_pairs_20_strict/david_all_pairs_complete_uniprot/rank_054/02_chart_response.html","833042","c5a8268c6c0edb3d93eb71df53fc51991a0e8c123b0fb163314d7c1511d5df3f"
"data/formal_analysis/genecards_multisource_pairs_20_strict/david_all_pairs_complete_uniprot/rank_054/david_chart.tsv","482735","618033f7c8189e6d03948440cb3cc88cad9300f36387b2684092e0c0cd02f676"
"data/formal_analysis/genecards_multisource_pairs_20_strict/david_all_pairs_complete_uniprot/rank_054/report.json","1707","e7f81d24a6a85e9f625b4629ea9f54d37bcfe46e3478fdb782233c8ca827d304"
"data/formal_analysis/genecards_multisource_pairs_20_strict/david_all_pairs_complete_uniprot/rank_054/request.json","3510","47d3c924a1563bb7f069e96fa7e2a00a21b0b387a03ae4d8979784014ba7accb"
"data/formal_analysis/genecards_multisource_pairs_20_strict/david_all_pairs_complete_uniprot/rank_055/01_api_response.html","694","ff2925923f7f44e799cbf2f11d86e98ecc69351efe858e871dbd2dff6c498654"
"data/formal_analysis/genecards_multisource_pairs_20_strict/david_all_pairs_complete_uniprot/rank_055/02_chart_response.html","833042","c5a8268c6c0edb3d93eb71df53fc51991a0e8c123b0fb163314d7c1511d5df3f"
"data/formal_analysis/genecards_multisource_pairs_20_strict/david_all_pairs_complete_uniprot/rank_055/david_chart.tsv","482735","618033f7c8189e6d03948440cb3cc88cad9300f36387b2684092e0c0cd02f676"
"data/formal_analysis/genecards_multisource_pairs_20_strict/david_all_pairs_complete_uniprot/rank_055/report.json","1815","6e74fbaf8ea590a5e8ae8a607e7b4b75e66e89be8f4c9163f051962c7ce13f2e"
"data/formal_analysis/genecards_multisource_pairs_20_strict/david_all_pairs_complete_uniprot/rank_055/request.json","3510","3287a48cf94d5d5276f9b3ceb1a1c3e2b985a7de662668deb756fa4ce58274ce"
"data/formal_analysis/genecards_multisource_pairs_20_strict/david_all_pairs_complete_uniprot/rank_055/reuse_attestation.json","484","0a4b4d5d1ad6d5380582289950a96f70bf4ba8808853847b607010ae7a09fdd7"
"data/formal_analysis/genecards_multisource_pairs_20_strict/david_all_pairs_complete_uniprot/rank_056/01_api_response.html","673","080c2f4198f85b09c535409440b537903694d011d138d80c06a16fd2b7e0edbd"
"data/formal_analysis/genecards_multisource_pairs_20_strict/david_all_pairs_complete_uniprot/rank_056/02_chart_response.html","816102","b04fc394b7d2be476a25eca64e73c501933060995f6ea7ed172e743fa41c2583"
"data/formal_analysis/genecards_multisource_pairs_20_strict/david_all_pairs_complete_uniprot/rank_056/david_chart.tsv","445014","4769be9a230af1dd067caec7c1d472ee5eebdbde01caca3ba1f08cd8be5a3494"
"data/formal_analysis/genecards_multisource_pairs_20_strict/david_all_pairs_complete_uniprot/rank_056/report.json","1680","12cd0d63bbe98989e7714e1eb9c3231004e686be92d17592f0f9f02d06b349a7"
"data/formal_analysis/genecards_multisource_pairs_20_strict/david_all_pairs_complete_uniprot/rank_056/request.json","3383","78f9cb9794a76b66179ead6c38fcff54b47ff9286dc4e3e9f57ff9e2b00c86fc"
"data/formal_analysis/genecards_multisource_pairs_20_strict/david_all_pairs_complete_uniprot/rank_057/01_api_response.html","673","080c2f4198f85b09c535409440b537903694d011d138d80c06a16fd2b7e0edbd"
"data/formal_analysis/genecards_multisource_pairs_20_strict/david_all_pairs_complete_uniprot/rank_057/02_chart_response.html","816102","b04fc394b7d2be476a25eca64e73c501933060995f6ea7ed172e743fa41c2583"
"data/formal_analysis/genecards_multisource_pairs_20_strict/david_all_pairs_complete_uniprot/rank_057/david_chart.tsv","445014","4769be9a230af1dd067caec7c1d472ee5eebdbde01caca3ba1f08cd8be5a3494"
"data/formal_analysis/genecards_multisource_pairs_20_strict/david_all_pairs_complete_uniprot/rank_057/report.json","1785","80db978994f5779b614afef67c0ee2c3f68c5b475643d18e80faa1decadcaccb"
"data/formal_analysis/genecards_multisource_pairs_20_strict/david_all_pairs_complete_uniprot/rank_057/request.json","3380","eaa6feb2a6586f79d3fe1fe43b90f42f88c8a0aeea4f428e28861eee5301d772"
"data/formal_analysis/genecards_multisource_pairs_20_strict/david_all_pairs_complete_uniprot/rank_057/reuse_attestation.json","484","d80e165241694540d9a6e75a3959c1dfe10453117515ab7f64b4f79dea3d5359"
"data/formal_analysis/genecards_multisource_pairs_20_strict/david_all_pairs_complete_uniprot/rank_058/01_api_response.html","673","a31c7592b58bc9b6b5181fa17449f19179bf0739a03aa869c754857eca1863d1"
"data/formal_analysis/genecards_multisource_pairs_20_strict/david_all_pairs_complete_uniprot/rank_058/02_chart_response.html","815470","55ff9c4fe6ac9ae1f25df9facda95238e1e3db7b2b84ae90abeea087b939ac37"
"data/formal_analysis/genecards_multisource_pairs_20_strict/david_all_pairs_complete_uniprot/rank_058/david_chart.tsv","448191","0b99ac9ecd5f15d853c01a2b007506cd5695fbb26fcbf59288aaa5c2e9626dce"
"data/formal_analysis/genecards_multisource_pairs_20_strict/david_all_pairs_complete_uniprot/rank_058/report.json","1677","ded51c9a59f7bd202b59c8023d9c790c185404857c040e3a5dda391f29b08435"
"data/formal_analysis/genecards_multisource_pairs_20_strict/david_all_pairs_complete_uniprot/rank_058/request.json","3378","34e09f0c4aca61ac6902972f4cd26af97a637233d8669369e1b48bdc2171558f"
"data/formal_analysis/genecards_multisource_pairs_20_strict/david_all_pairs_complete_uniprot/rank_059/01_api_response.html","673","080c2f4198f85b09c535409440b537903694d011d138d80c06a16fd2b7e0edbd"
"data/formal_analysis/genecards_multisource_pairs_20_strict/david_all_pairs_complete_uniprot/rank_059/02_chart_response.html","816102","b04fc394b7d2be476a25eca64e73c501933060995f6ea7ed172e743fa41c2583"
"data/formal_analysis/genecards_multisource_pairs_20_strict/david_all_pairs_complete_uniprot/rank_059/david_chart.tsv","445014","4769be9a230af1dd067caec7c1d472ee5eebdbde01caca3ba1f08cd8be5a3494"
"data/formal_analysis/genecards_multisource_pairs_20_strict/david_all_pairs_complete_uniprot/rank_059/report.json","1785","1e2f3fbdda916d0bd84fcd83cce08636e45746553479990ae2b5dbe10d724fe2"
"data/formal_analysis/genecards_multisource_pairs_20_strict/david_all_pairs_complete_uniprot/rank_059/request.json","3380","c1596fa809ce737559353f137d9199f5b0c28b04115963a9b31840452eef13da"
"data/formal_analysis/genecards_multisource_pairs_20_strict/david_all_pairs_complete_uniprot/rank_059/reuse_attestation.json","484","9d51901e0f1b609d1706df442bd5607fb840fcf90e528fd08f19c179b8425abe"
"data/formal_analysis/genecards_multisource_pairs_20_strict/david_all_pairs_complete_uniprot/rank_060/01_api_response.html","668","492db85c4ea3bd1dce9bc9fbebe3bda27563807bcc72c7f2adec6904f4881636"
"data/formal_analysis/genecards_multisource_pairs_20_strict/david_all_pairs_complete_uniprot/rank_060/02_chart_response.html","823630","0452551b40ba1af6b48b590433a1f2f5e329d3d4b5df09e6abcc50cc35237f99"
"data/formal_analysis/genecards_multisource_pairs_20_strict/david_all_pairs_complete_uniprot/rank_060/david_chart.tsv","457268","137000b216d551b9436a92ec37e14d917b448236b2c7a4fe560e9f5d492b6b68"
"data/formal_analysis/genecards_multisource_pairs_20_strict/david_all_pairs_complete_uniprot/rank_060/report.json","1668","35a254570f1274ca47d0ff2c4436c8359704dbd0ca2a52f73beedd0f5c8c1d0a"
"data/formal_analysis/genecards_multisource_pairs_20_strict/david_all_pairs_complete_uniprot/rank_060/request.json","3335","b458b7b7a7aafaead12edc69d5236af11956e0e1e7c2f65a7e87e2ccd9b04d2c"
"data/formal_analysis/genecards_multisource_pairs_20_strict/david_all_pairs_complete_uniprot/rank_061/01_api_response.html","530","1dbfc961ed4cde87cc0a8fe54ef1fa62246a4498847b06ff46417c10d5323ea8"
"data/formal_analysis/genecards_multisource_pairs_20_strict/david_all_pairs_complete_uniprot/rank_061/02_chart_response.html","768638","7d9ce03c15ed28c14bb1aac6ca8f12f2abca2695fc7093f4c3c11c2c8fd970ad"
"data/formal_analysis/genecards_multisource_pairs_20_strict/david_all_pairs_complete_uniprot/rank_061/david_chart.tsv","249297","8780f84d5ac60a9a533dc2bafc0574a982d3291b7fd828612bd427317d7e6a43"
"data/formal_analysis/genecards_multisource_pairs_20_strict/david_all_pairs_complete_uniprot/rank_061/report.json","1388","1f6bd61e47113bd185a6bef1caaec5295d8000324b85c13680ce9a4d4bd87950"
"data/formal_analysis/genecards_multisource_pairs_20_strict/david_all_pairs_complete_uniprot/rank_061/request.json","1989","b42f3f1c63bbbb44d16304dd73b8ccd8cb6e89f1c4048b62c96a63e9a968a5fc"
"data/formal_analysis/genecards_multisource_pairs_20_strict/david_all_pairs_complete_uniprot/rank_062/01_api_response.html","654","68f77ad6eb08ff0ca9aab394f978f912c03a1bf6273a15c4f67205550410d872"
"data/formal_analysis/genecards_multisource_pairs_20_strict/david_all_pairs_complete_uniprot/rank_062/02_chart_response.html","817273","cf24f59d194b20ce71a754027a115b3e1a2f2e28d07695724a6dc3af775ed2c4"
"data/formal_analysis/genecards_multisource_pairs_20_strict/david_all_pairs_complete_uniprot/rank_062/david_chart.tsv","435215","7c1cc111da4ef04fb89ff510e0e9c96a1a54233aa0539767e45effd25090d9b2"
"data/formal_analysis/genecards_multisource_pairs_20_strict/david_all_pairs_complete_uniprot/rank_062/report.json","1644","6f2f52a47140fb042627294c33adffa2f9989674300f92b73719d733d2050c99"
"data/formal_analysis/genecards_multisource_pairs_20_strict/david_all_pairs_complete_uniprot/rank_062/request.json","3210","f9d3a3b1f8458e1140f35ee5b51e9f96846bcf74fa7c6db2a41919ac0a23e7a8"
"data/formal_analysis/genecards_multisource_pairs_20_strict/david_all_pairs_complete_uniprot/rank_063/01_api_response.html","654","68f77ad6eb08ff0ca9aab394f978f912c03a1bf6273a15c4f67205550410d872"
"data/formal_analysis/genecards_multisource_pairs_20_strict/david_all_pairs_complete_uniprot/rank_063/02_chart_response.html","817273","cf24f59d194b20ce71a754027a115b3e1a2f2e28d07695724a6dc3af775ed2c4"
"data/formal_analysis/genecards_multisource_pairs_20_strict/david_all_pairs_complete_uniprot/rank_063/david_chart.tsv","435215","7c1cc111da4ef04fb89ff510e0e9c96a1a54233aa0539767e45effd25090d9b2"
"data/formal_analysis/genecards_multisource_pairs_20_strict/david_all_pairs_complete_uniprot/rank_063/report.json","1752","e46ba51f6dbd637c737ef0dea2e5b363f6dbf69959210db8e31a755e234c4535"
"data/formal_analysis/genecards_multisource_pairs_20_strict/david_all_pairs_complete_uniprot/rank_063/request.json","3210","9696f16d9fe396bc30e6b0edd2774db12bccb0a796f6e0c5f5b54cba57419a12"
"data/formal_analysis/genecards_multisource_pairs_20_strict/david_all_pairs_complete_uniprot/rank_063/reuse_attestation.json","484","1857f2ce27db5cab0658cdcdea186119698d31f07ddaf7a354c6311b5c02ed70"
"data/formal_analysis/genecards_multisource_pairs_20_strict/david_all_pairs_complete_uniprot/rank_064/01_api_response.html","585","10169145a99317bff8d8ab0f82c5b908792adc9b03fc0aa610731a38dd9a078a"
"data/formal_analysis/genecards_multisource_pairs_20_strict/david_all_pairs_complete_uniprot/rank_064/02_chart_response.html","805756","6c021f961bc9c842e495acee95c9cafde541680eb60fb607e49d034209cb1ccd"
"data/formal_analysis/genecards_multisource_pairs_20_strict/david_all_pairs_complete_uniprot/rank_064/david_chart.tsv","412293","9d3da96a3d2ebe8674a0cb8ef9f09f54b53055be3eb2bc78c8d0aeb3b83f8200"
"data/formal_analysis/genecards_multisource_pairs_20_strict/david_all_pairs_complete_uniprot/rank_064/report.json","1507","3a3c8dac57afdf96b3cc1870c5b13b876d412efea428ea00bf6e58093284c15d"
"data/formal_analysis/genecards_multisource_pairs_20_strict/david_all_pairs_complete_uniprot/rank_064/request.json","2476","e1368001cc11b88e53fff1d5dc5cfc8c7ecf15d8496eb94a4e8e764193bb1cf4"
"data/formal_analysis/genecards_multisource_pairs_20_strict/david_all_pairs_complete_uniprot/rank_065/01_api_response.html","862","2ad23cee9a95b870af582494a2654d3e44e3875495cab49e221d909f79066a94"
"data/formal_analysis/genecards_multisource_pairs_20_strict/david_all_pairs_complete_uniprot/rank_065/02_chart_response.html","881763","889d7e69c3b64cb893a531985f86ec7bc641e5f63baff4dd2ddef89fcaf975e7"
"data/formal_analysis/genecards_multisource_pairs_20_strict/david_all_pairs_complete_uniprot/rank_065/david_chart.tsv","619778","ab0042033ff0e7470e0dd52ac66fa26107deebf343ea4139dc65572b3de1bdbc"
"data/formal_analysis/genecards_multisource_pairs_20_strict/david_all_pairs_complete_uniprot/rank_065/error.json","324","a85295a11bbb7edda044bd59d3419223e9ffccb417da420ea59f55795736f94f"
"data/formal_analysis/genecards_multisource_pairs_20_strict/david_all_pairs_complete_uniprot/rank_065/report.json","2007","8a62d6fcc73c334ee13ee14cfe5e9935de5333774ae5ea490ef87e8494c24a14"
"data/formal_analysis/genecards_multisource_pairs_20_strict/david_all_pairs_complete_uniprot/rank_065/request.json","4851","0e4b7a3165a2866f4fdb32974ccacb4e1cbc8fc04b1ac895966726cb0bbe4d4a"
"data/formal_analysis/genecards_multisource_pairs_20_strict/david_all_pairs_complete_uniprot/rank_066/01_api_response.html","546","dcc5329f6d3bb258df5d87ce513488be9a76de8c3397542299d8b33009d6ec65"
"data/formal_analysis/genecards_multisource_pairs_20_strict/david_all_pairs_complete_uniprot/rank_066/02_chart_response.html","770825","56bc27823929e4e7d82373da17dedf4e22e0bcdeee09b2eb88a2258b353b06dd"
"data/formal_analysis/genecards_multisource_pairs_20_strict/david_all_pairs_complete_uniprot/rank_066/david_chart.tsv","234558","d75a1ae68c0c6b62e8fe87ec7bcaaaed4c0d301a42d7f9652368e3240df02754"
"data/formal_analysis/genecards_multisource_pairs_20_strict/david_all_pairs_complete_uniprot/rank_066/report.json","1405","c7d8da843c127ca35cfc181d300bf6a7467cfc68bdb9c520476e6e86e8e77070"
"data/formal_analysis/genecards_multisource_pairs_20_strict/david_all_pairs_complete_uniprot/rank_066/request.json","2077","164e553491924a9f720d13b24f7d21815602a7cf3a6fe53de18613e80eb69009"
"data/formal_analysis/genecards_multisource_pairs_20_strict/david_all_pairs_complete_uniprot/rank_067/01_api_response.html","557","dfae5b0f9e3cb6bb0cd9448083776a278b1c930e167cb141c43d9cef9388c2ae"
"data/formal_analysis/genecards_multisource_pairs_20_strict/david_all_pairs_complete_uniprot/rank_067/02_chart_response.html","793648","e893b54b7c686e60da9b33746cdf58170934f08e5d200e84be4293439e6e5a4a"
"data/formal_analysis/genecards_multisource_pairs_20_strict/david_all_pairs_complete_uniprot/rank_067/david_chart.tsv","358640","b79fd66d0e93ec32770d20f6f56a8a162498f154b6fba2d2993ab974182f3a37"
"data/formal_analysis/genecards_multisource_pairs_20_strict/david_all_pairs_complete_uniprot/rank_067/report.json","1456","5d89c897835504ecc1c95902531888f66cba9fc7b1e7ebeaf8b2606a8dc3b47d"
"data/formal_analysis/genecards_multisource_pairs_20_strict/david_all_pairs_complete_uniprot/rank_067/request.json","2217","8a8f1715fa3800ec17cb886d057efa228aeda9209eb22b81b0cce1ce2b683524"
"data/formal_analysis/genecards_multisource_pairs_20_strict/david_all_pairs_complete_uniprot/rank_068/01_api_response.html","557","dfae5b0f9e3cb6bb0cd9448083776a278b1c930e167cb141c43d9cef9388c2ae"
"data/formal_analysis/genecards_multisource_pairs_20_strict/david_all_pairs_complete_uniprot/rank_068/02_chart_response.html","793648","e893b54b7c686e60da9b33746cdf58170934f08e5d200e84be4293439e6e5a4a"
"data/formal_analysis/genecards_multisource_pairs_20_strict/david_all_pairs_complete_uniprot/rank_068/david_chart.tsv","358640","b79fd66d0e93ec32770d20f6f56a8a162498f154b6fba2d2993ab974182f3a37"
"data/formal_analysis/genecards_multisource_pairs_20_strict/david_all_pairs_complete_uniprot/rank_068/report.json","1561","40a0f6949abcfab5c7ff6f4d594f936ee55789a491dcb4ed062868a747321292"
"data/formal_analysis/genecards_multisource_pairs_20_strict/david_all_pairs_complete_uniprot/rank_068/request.json","2214","3df351fbfe56f84ca5771f25e8a5d42069b59e5e40778d9280ab8a778bf8aecd"
"data/formal_analysis/genecards_multisource_pairs_20_strict/david_all_pairs_complete_uniprot/rank_068/reuse_attestation.json","484","a8bf2966ea23578d3687a3fb7351f7bfa61a93b621e7f218bc6fdecd1c97535f"
"data/formal_analysis/genecards_multisource_pairs_20_strict/david_all_pairs_complete_uniprot/rank_069/01_api_response.html","557","dfae5b0f9e3cb6bb0cd9448083776a278b1c930e167cb141c43d9cef9388c2ae"
"data/formal_analysis/genecards_multisource_pairs_20_strict/david_all_pairs_complete_uniprot/rank_069/02_chart_response.html","793648","e893b54b7c686e60da9b33746cdf58170934f08e5d200e84be4293439e6e5a4a"
"data/formal_analysis/genecards_multisource_pairs_20_strict/david_all_pairs_complete_uniprot/rank_069/david_chart.tsv","358640","b79fd66d0e93ec32770d20f6f56a8a162498f154b6fba2d2993ab974182f3a37"
"data/formal_analysis/genecards_multisource_pairs_20_strict/david_all_pairs_complete_uniprot/rank_069/report.json","1561","4dfb827ca8b893f4cc28e02022e3dfc0c3f26937abb9a1f293ef1ad53061c307"
"data/formal_analysis/genecards_multisource_pairs_20_strict/david_all_pairs_complete_uniprot/rank_069/request.json","2214","4f73bc37aea2057a43d1e882bc612842ba36b5aa20e18ca00db7be12302105c6"
"data/formal_analysis/genecards_multisource_pairs_20_strict/david_all_pairs_complete_uniprot/rank_069/reuse_attestation.json","484","a5b06cc1ce39241ee0e6889d434692c1d8e1738b31c7a5c3f5c3df08cb443a75"
"data/formal_analysis/genecards_multisource_pairs_20_strict/david_all_pairs_complete_uniprot/rank_070/01_api_response.html","576","c93478a47565988c85b9dde26ead1e86a7f1995265305b542ee484350da2db95"
"data/formal_analysis/genecards_multisource_pairs_20_strict/david_all_pairs_complete_uniprot/rank_070/02_chart_response.html","800941","0d94bb3960a6f35bdeeb1874d091ba31dba053b520f97e6ea42bc7dd5ec59cda"
"data/formal_analysis/genecards_multisource_pairs_20_strict/david_all_pairs_complete_uniprot/rank_070/david_chart.tsv","395934","b9afbf04887cb2ab87ea72c1c70f9a28ee385896f57acbfcf28bd01abea1a202"
"data/formal_analysis/genecards_multisource_pairs_20_strict/david_all_pairs_complete_uniprot/rank_070/report.json","1492","53166b3f870a02190bdcb5fdf2a5070f510bc99174af2fd666df9b5a2e88b68e"
"data/formal_analysis/genecards_multisource_pairs_20_strict/david_all_pairs_complete_uniprot/rank_070/request.json","2394","baa4c3d931125dbd31175140cdb8689938fa383e1cb898d899e26e77ef87104c"
"data/formal_analysis/genecards_multisource_pairs_20_strict/david_all_pairs_complete_uniprot/rank_071/01_api_response.html","576","c93478a47565988c85b9dde26ead1e86a7f1995265305b542ee484350da2db95"
"data/formal_analysis/genecards_multisource_pairs_20_strict/david_all_pairs_complete_uniprot/rank_071/02_chart_response.html","800941","0d94bb3960a6f35bdeeb1874d091ba31dba053b520f97e6ea42bc7dd5ec59cda"
"data/formal_analysis/genecards_multisource_pairs_20_strict/david_all_pairs_complete_uniprot/rank_071/david_chart.tsv","395934","b9afbf04887cb2ab87ea72c1c70f9a28ee385896f57acbfcf28bd01abea1a202"
"data/formal_analysis/genecards_multisource_pairs_20_strict/david_all_pairs_complete_uniprot/rank_071/report.json","1597","fea5aef1ed9948686504b2b2f3c235d131abaf9c925e7c6b12a8e5f5229cbc3b"
"data/formal_analysis/genecards_multisource_pairs_20_strict/david_all_pairs_complete_uniprot/rank_071/request.json","2391","84c229f75e91b1082d579288847b67995e4ee4fc87c6edf65fa39736f6c272a4"
"data/formal_analysis/genecards_multisource_pairs_20_strict/david_all_pairs_complete_uniprot/rank_071/reuse_attestation.json","484","4cb0375fb73290023987dff7d85c4c64a469bf0e5d3cc63049fddb9a63512f70"
"data/formal_analysis/genecards_multisource_pairs_20_strict/david_all_pairs_complete_uniprot/rank_072/01_api_response.html","575","06336f38dac956890cb1a811f6549fb4acbc26c8bf72e98fcc5bd67aab9d1b07"
"data/formal_analysis/genecards_multisource_pairs_20_strict/david_all_pairs_complete_uniprot/rank_072/02_chart_response.html","785505","1a931be64ac065c8979a574f298ce05d89ffbe8dcefa49604cc5bc73c21aa9bc"
"data/formal_analysis/genecards_multisource_pairs_20_strict/david_all_pairs_complete_uniprot/rank_072/david_chart.tsv","339312","7fabebde34e86b68e3a305760cb910826b534fd9e7b1fcf9b4da119a90a9ddbf"
"data/formal_analysis/genecards_multisource_pairs_20_strict/david_all_pairs_complete_uniprot/rank_072/report.json","1470","7c91556bf8f71524815f55dd7146aa0e8f99cc35959d686af35c5e940d5cb899"
"data/formal_analysis/genecards_multisource_pairs_20_strict/david_all_pairs_complete_uniprot/rank_072/request.json","2379","6b65a893d2a069d3d7c02323d088d3d7a69e8d178391de324b031e989918a27e"
"data/formal_analysis/genecards_multisource_pairs_20_strict/david_all_pairs_complete_uniprot/rank_073/01_api_response.html","684","f2f92e5a19328b04cbcff03b38b5284ce1a482b610900de74e0fd04b85b52fb1"
"data/formal_analysis/genecards_multisource_pairs_20_strict/david_all_pairs_complete_uniprot/rank_073/02_chart_response.html","829369","bda52b6622aa63dc9a7fd03bb2d7103932cd6a0d1a1588fdd5485349ed8d48b6"
"data/formal_analysis/genecards_multisource_pairs_20_strict/david_all_pairs_complete_uniprot/rank_073/david_chart.tsv","468189","2c75bb6fa0077f8100b60bbd5dc48e2251a1e4e8e02fd4d3ac27a38f3218ca66"
"data/formal_analysis/genecards_multisource_pairs_20_strict/david_all_pairs_complete_uniprot/rank_073/report.json","1689","ee9f7f1a3b8863608c75af15044001f1b0787e93ca4478bb36294083d81fd407"
"data/formal_analysis/genecards_multisource_pairs_20_strict/david_all_pairs_complete_uniprot/rank_073/request.json","3421","50c2d308da6f924cfe8109371a69452fbf4e31c1bbe6ffbad4db423b86411033"
"data/formal_analysis/genecards_multisource_pairs_20_strict/david_all_pairs_complete_uniprot/rank_074/01_api_response.html","684","f2f92e5a19328b04cbcff03b38b5284ce1a482b610900de74e0fd04b85b52fb1"
"data/formal_analysis/genecards_multisource_pairs_20_strict/david_all_pairs_complete_uniprot/rank_074/02_chart_response.html","829369","bda52b6622aa63dc9a7fd03bb2d7103932cd6a0d1a1588fdd5485349ed8d48b6"
"data/formal_analysis/genecards_multisource_pairs_20_strict/david_all_pairs_complete_uniprot/rank_074/david_chart.tsv","468189","2c75bb6fa0077f8100b60bbd5dc48e2251a1e4e8e02fd4d3ac27a38f3218ca66"
"data/formal_analysis/genecards_multisource_pairs_20_strict/david_all_pairs_complete_uniprot/rank_074/report.json","1797","17ad41ccaf6dbd235607197efab2046bd56682029a7a541d36cc6ad61437d720"
"data/formal_analysis/genecards_multisource_pairs_20_strict/david_all_pairs_complete_uniprot/rank_074/request.json","3421","324b7727d10d63baedcbba472a142f8ebfe287c9f6bca60912e1ac110c260b9c"
"data/formal_analysis/genecards_multisource_pairs_20_strict/david_all_pairs_complete_uniprot/rank_074/reuse_attestation.json","484","e89c271dfd9798a19d3897a19a02f9e54e296a5de11dbbcaa1d91531f406edc8"
"data/formal_analysis/genecards_multisource_pairs_20_strict/david_all_pairs_complete_uniprot/rank_075/01_api_response.html","494","5bbff3756f74badbc3067240f0b630dfbd2ef759456bd3ddca7c935ebb00a1e4"
"data/formal_analysis/genecards_multisource_pairs_20_strict/david_all_pairs_complete_uniprot/rank_075/02_chart_response.html","648435","403e881ed0572463679541874fd2051d8c2f53bdccf0240e5321cdc807cff8a1"
"data/formal_analysis/genecards_multisource_pairs_20_strict/david_all_pairs_complete_uniprot/rank_075/david_chart.tsv","192217","5fe63f6b36ef90088e1ff79a7b8f29a91ac01bf6387bc469031515228f529bd3"
"data/formal_analysis/genecards_multisource_pairs_20_strict/david_all_pairs_complete_uniprot/rank_075/report.json","1323","c68504d4ce5a86c0d006cc7f7c5c34ab3349db800f46c7e43ee45352e063c0f1"
"data/formal_analysis/genecards_multisource_pairs_20_strict/david_all_pairs_complete_uniprot/rank_075/request.json","1684","b3820f4ed1645d2804695ca1e8a39357f81785fce863d0443eed6854ebdc2d84"
"data/formal_analysis/genecards_multisource_pairs_20_strict/david_all_pairs_complete_uniprot/rank_076/01_api_response.html","494","5bbff3756f74badbc3067240f0b630dfbd2ef759456bd3ddca7c935ebb00a1e4"
"data/formal_analysis/genecards_multisource_pairs_20_strict/david_all_pairs_complete_uniprot/rank_076/02_chart_response.html","648435","403e881ed0572463679541874fd2051d8c2f53bdccf0240e5321cdc807cff8a1"
"data/formal_analysis/genecards_multisource_pairs_20_strict/david_all_pairs_complete_uniprot/rank_076/david_chart.tsv","192217","5fe63f6b36ef90088e1ff79a7b8f29a91ac01bf6387bc469031515228f529bd3"
"data/formal_analysis/genecards_multisource_pairs_20_strict/david_all_pairs_complete_uniprot/rank_076/report.json","1431","ee48c294c4b8cfdc73e8ca58791e49a3c8cfff54efe946aab51e82015b73fe10"
"data/formal_analysis/genecards_multisource_pairs_20_strict/david_all_pairs_complete_uniprot/rank_076/request.json","1684","1e8724aa194461f9f38af119c3b12b0942170b5a36202beca1fdf53d558b80d6"
"data/formal_analysis/genecards_multisource_pairs_20_strict/david_all_pairs_complete_uniprot/rank_076/reuse_attestation.json","484","8f4582ad57d6524cb7812c3f230040be786aaa11d4ff5665402f2d2894106041"
"data/formal_analysis/genecards_multisource_pairs_20_strict/david_all_pairs_complete_uniprot/rank_077/01_api_response.html","451","d6c136933c463acac87df73fac91027c2caec5964a77a2e99ef65f9e50dea1c3"
"data/formal_analysis/genecards_multisource_pairs_20_strict/david_all_pairs_complete_uniprot/rank_077/02_chart_response.html","715355","7b833059598a59e9777ac221b97d7872e381ec687aca5964470b98dc47c7399c"
"data/formal_analysis/genecards_multisource_pairs_20_strict/david_all_pairs_complete_uniprot/rank_077/david_chart.tsv","212715","13ac06093a92df6577ac5c3ba3beb42b8d3f9a3fac7c7eaefdfdd68e56679e6f"
"data/formal_analysis/genecards_multisource_pairs_20_strict/david_all_pairs_complete_uniprot/rank_077/report.json","1269","071351012de7892861c66893256f432f7f37105f6e3a51d554b7c7fd1f2d1378"
"data/formal_analysis/genecards_multisource_pairs_20_strict/david_all_pairs_complete_uniprot/rank_077/request.json","1422","b3fd100c17aecc1b424b1ca921a70e0ce65a3421df867d3f3a9e25c4c0a97d92"
"data/formal_analysis/genecards_multisource_pairs_20_strict/david_all_pairs_complete_uniprot/rank_078/01_api_response.html","451","d6c136933c463acac87df73fac91027c2caec5964a77a2e99ef65f9e50dea1c3"
"data/formal_analysis/genecards_multisource_pairs_20_strict/david_all_pairs_complete_uniprot/rank_078/02_chart_response.html","715355","7b833059598a59e9777ac221b97d7872e381ec687aca5964470b98dc47c7399c"
"data/formal_analysis/genecards_multisource_pairs_20_strict/david_all_pairs_complete_uniprot/rank_078/david_chart.tsv","212715","13ac06093a92df6577ac5c3ba3beb42b8d3f9a3fac7c7eaefdfdd68e56679e6f"
"data/formal_analysis/genecards_multisource_pairs_20_strict/david_all_pairs_complete_uniprot/rank_078/report.json","1377","de9d864c30facfcdfa3eaea54fce7fa255f594cf1eb436531500379b710aaf7b"
"data/formal_analysis/genecards_multisource_pairs_20_strict/david_all_pairs_complete_uniprot/rank_078/request.json","1422","4af07567ed0f7ec8d6cadac5f1d3f7235cff08c005abc89e7c73927fb46ecbf7"
"data/formal_analysis/genecards_multisource_pairs_20_strict/david_all_pairs_complete_uniprot/rank_078/reuse_attestation.json","484","f5ff21cc258a7ea5c7c4653b0da3f1d3f2711495f543b95b578d8f6519e78dec"
"data/formal_analysis/genecards_multisource_pairs_20_strict/david_all_pairs_complete_uniprot/rank_079/01_api_response.html","482","d54989e64c99c99b7bb428888552ca71ad35d0db2f4d98f20ca69203d6fedcd1"
"data/formal_analysis/genecards_multisource_pairs_20_strict/david_all_pairs_complete_uniprot/rank_079/02_chart_response.html","493902","44d73eab1083d25aa1995d6bd79fb71d79983fe2a37a11500190ee4e8ead095e"
"data/formal_analysis/genecards_multisource_pairs_20_strict/david_all_pairs_complete_uniprot/rank_079/david_chart.tsv","141612","37fe4bd03759e88d6e6cc3afddebbb861db15c9895efb8f53592020db0d26186"
"data/formal_analysis/genecards_multisource_pairs_20_strict/david_all_pairs_complete_uniprot/rank_079/report.json","1296","3fad4736f05de540b2d770edd17462f9547465d9be95900045637928315151aa"
"data/formal_analysis/genecards_multisource_pairs_20_strict/david_all_pairs_complete_uniprot/rank_079/request.json","1555","dfd5a7035953d368a082e69797d0f429574849719f5cdd1c25b06d3aa54e05bb"
"data/formal_analysis/genecards_multisource_pairs_20_strict/david_all_pairs_complete_uniprot/rank_080/01_api_response.html","481","f889985cb02030c40a1e1902acc0fb75e7c00bb6d9c6991c2e6e54f30e172ca9"
"data/formal_analysis/genecards_multisource_pairs_20_strict/david_all_pairs_complete_uniprot/rank_080/02_chart_response.html","747507","dde2d174419a81058a4b16bad890091eb6d1d447cb631c1636eec71299c95e05"
"data/formal_analysis/genecards_multisource_pairs_20_strict/david_all_pairs_complete_uniprot/rank_080/david_chart.tsv","249437","793ecb4dca3cb43dbd66fdc19bfb5d8e77d5792773041fb66609ca23cd6a6321"
"data/formal_analysis/genecards_multisource_pairs_20_strict/david_all_pairs_complete_uniprot/rank_080/report.json","1329","6d73ae082de3e6dcacc14426e8c8cb91ef28313a6901c1ac4035efc961985b45"
"data/formal_analysis/genecards_multisource_pairs_20_strict/david_all_pairs_complete_uniprot/rank_080/request.json","1687","0200c476bbacb1f06745e21a1a6afbede2462b94de12ef0fdf55da9ef2331728"
"data/formal_analysis/genecards_multisource_pairs_20_strict/david_all_pairs_complete_uniprot/rank_081/01_api_response.html","481","f889985cb02030c40a1e1902acc0fb75e7c00bb6d9c6991c2e6e54f30e172ca9"
"data/formal_analysis/genecards_multisource_pairs_20_strict/david_all_pairs_complete_uniprot/rank_081/02_chart_response.html","747507","dde2d174419a81058a4b16bad890091eb6d1d447cb631c1636eec71299c95e05"
"data/formal_analysis/genecards_multisource_pairs_20_strict/david_all_pairs_complete_uniprot/rank_081/david_chart.tsv","249437","793ecb4dca3cb43dbd66fdc19bfb5d8e77d5792773041fb66609ca23cd6a6321"
"data/formal_analysis/genecards_multisource_pairs_20_strict/david_all_pairs_complete_uniprot/rank_081/report.json","1434","c5c4bdba4c59de17308bdfb9f5234415a6cf3e18b341ed1bb33d0836dd49a212"
"data/formal_analysis/genecards_multisource_pairs_20_strict/david_all_pairs_complete_uniprot/rank_081/request.json","1684","e996242943c60c95b36affc9f3a2da639b4aff583c4a2b500da780a96ae9c3c3"
"data/formal_analysis/genecards_multisource_pairs_20_strict/david_all_pairs_complete_uniprot/rank_081/reuse_attestation.json","484","68ac1e0c273728b210d6b185dd1a8a687e6d26fdb4dce67c36add407658e15c3"
"data/formal_analysis/genecards_multisource_pairs_20_strict/david_all_pairs_complete_uniprot/rank_082/01_api_response.html","699","d113457064ae2db1f044f87a9cc5ce43c75c1441a82bf6c3cd05fe53fd4296ee"
"data/formal_analysis/genecards_multisource_pairs_20_strict/david_all_pairs_complete_uniprot/rank_082/02_chart_response.html","838079","77340783647c7c27257c6d917d9647592db25446f620df8a595f9a6185ea2aed"
"data/formal_analysis/genecards_multisource_pairs_20_strict/david_all_pairs_complete_uniprot/rank_082/david_chart.tsv","508121","dc6eb12a4500262f069a74d228ab177171ad75ab6a736d436b857b3d6b0a52c9"
"data/formal_analysis/genecards_multisource_pairs_20_strict/david_all_pairs_complete_uniprot/rank_082/report.json","1716","082b98864c5869ea98ec635cf9deeaa145378fba16c5c7e19825dea5272f67e5"
"data/formal_analysis/genecards_multisource_pairs_20_strict/david_all_pairs_complete_uniprot/rank_082/request.json","3554","a0bb2a1ad62e5923ce998038a8f7a2ac1986cdc4a2048c777d94f18012d3b241"
"data/formal_analysis/genecards_multisource_pairs_20_strict/david_all_pairs_complete_uniprot/rank_083/01_api_response.html","699","d113457064ae2db1f044f87a9cc5ce43c75c1441a82bf6c3cd05fe53fd4296ee"
"data/formal_analysis/genecards_multisource_pairs_20_strict/david_all_pairs_complete_uniprot/rank_083/02_chart_response.html","838079","77340783647c7c27257c6d917d9647592db25446f620df8a595f9a6185ea2aed"
"data/formal_analysis/genecards_multisource_pairs_20_strict/david_all_pairs_complete_uniprot/rank_083/david_chart.tsv","508121","dc6eb12a4500262f069a74d228ab177171ad75ab6a736d436b857b3d6b0a52c9"
"data/formal_analysis/genecards_multisource_pairs_20_strict/david_all_pairs_complete_uniprot/rank_083/report.json","1824","1cade1280f4b0ba6971fa92610c0545bb1bdd55fbe87a161c468fbd40df02388"
"data/formal_analysis/genecards_multisource_pairs_20_strict/david_all_pairs_complete_uniprot/rank_083/request.json","3554","1fcdedf6ed4bee18587ddea429b56566dec94aa17edd7549ea23dff5f8e63ef2"
"data/formal_analysis/genecards_multisource_pairs_20_strict/david_all_pairs_complete_uniprot/rank_083/reuse_attestation.json","484","ff6b483304ef49fc394c13303c29672b874774b01af33ab93b356f76941d4258"
"data/formal_analysis/genecards_multisource_pairs_20_strict/david_all_pairs_complete_uniprot/rank_084/01_api_response.html","482","d54989e64c99c99b7bb428888552ca71ad35d0db2f4d98f20ca69203d6fedcd1"
"data/formal_analysis/genecards_multisource_pairs_20_strict/david_all_pairs_complete_uniprot/rank_084/02_chart_response.html","493902","44d73eab1083d25aa1995d6bd79fb71d79983fe2a37a11500190ee4e8ead095e"
"data/formal_analysis/genecards_multisource_pairs_20_strict/david_all_pairs_complete_uniprot/rank_084/david_chart.tsv","141612","37fe4bd03759e88d6e6cc3afddebbb861db15c9895efb8f53592020db0d26186"
"data/formal_analysis/genecards_multisource_pairs_20_strict/david_all_pairs_complete_uniprot/rank_084/report.json","1407","d29335cff7cb7b72bcae312d56d1f7cde468629b62b085f612eda5dac4c92aae"
"data/formal_analysis/genecards_multisource_pairs_20_strict/david_all_pairs_complete_uniprot/rank_084/request.json","1558","3666678aa2319baed52f5e79a7024fb9d879a4114b60500edf5618e813186b10"
"data/formal_analysis/genecards_multisource_pairs_20_strict/david_all_pairs_complete_uniprot/rank_084/reuse_attestation.json","484","9ae2a2cc49cbaf478513d30281faaa90edb2d9431510f94f6a6e889d41a13709"
"data/formal_analysis/genecards_multisource_pairs_20_strict/david_all_pairs_complete_uniprot/rank_085/01_api_response.html","461","d7cdf3575289049a9223b7fcf269b26a5083e67824b51f2160a76e67ec7fd6ad"
"data/formal_analysis/genecards_multisource_pairs_20_strict/david_all_pairs_complete_uniprot/rank_085/02_chart_response.html","749117","b164ffa96e8715a45e98f63d9f2efac6f0a6fdafdfc852619b9593c50e832095"
"data/formal_analysis/genecards_multisource_pairs_20_strict/david_all_pairs_complete_uniprot/rank_085/david_chart.tsv","242153","fc131d65d2d2361f3e44df792e56872dd52c2f5fdccfe631faae50e51e71f28d"
"data/formal_analysis/genecards_multisource_pairs_20_strict/david_all_pairs_complete_uniprot/rank_085/report.json","1289","6ccd39d68ef6c60ac9d164632bb38dfa474146edfc8b25d440d2117986e5beaa"
"data/formal_analysis/genecards_multisource_pairs_20_strict/david_all_pairs_complete_uniprot/rank_085/request.json","1510","32f655f6ccef5090cda8a86dc9b50292981af8322f0e842806ccca33660b3cd8"
"data/formal_analysis/genecards_multisource_pairs_20_strict/david_all_pairs_complete_uniprot/rank_086/01_api_response.html","461","d7cdf3575289049a9223b7fcf269b26a5083e67824b51f2160a76e67ec7fd6ad"
"data/formal_analysis/genecards_multisource_pairs_20_strict/david_all_pairs_complete_uniprot/rank_086/02_chart_response.html","749117","b164ffa96e8715a45e98f63d9f2efac6f0a6fdafdfc852619b9593c50e832095"
"data/formal_analysis/genecards_multisource_pairs_20_strict/david_all_pairs_complete_uniprot/rank_086/david_chart.tsv","242153","fc131d65d2d2361f3e44df792e56872dd52c2f5fdccfe631faae50e51e71f28d"
"data/formal_analysis/genecards_multisource_pairs_20_strict/david_all_pairs_complete_uniprot/rank_086/report.json","1397","3b7e650c663ffc040ba95e4a26802ebff035bda217cf2bd34b926ca0d285ce86"
"data/formal_analysis/genecards_multisource_pairs_20_strict/david_all_pairs_complete_uniprot/rank_086/request.json","1510","a9f255c554625443876216c13a8f8b23410cabda1b3cefbf3a9f3ed98d2fa177"
"data/formal_analysis/genecards_multisource_pairs_20_strict/david_all_pairs_complete_uniprot/rank_086/reuse_attestation.json","484","8ed98d97962ade262eca31b3d37416711980fc9e6131a1cce58a1aac850fe2f2"
"data/formal_analysis/genecards_multisource_pairs_20_strict/david_all_pairs_complete_uniprot/rank_087/01_api_response.html","663","039b26d7f036b75867582107bea098c9ebd1953fc7c80c967def5354a3dc7205"
"data/formal_analysis/genecards_multisource_pairs_20_strict/david_all_pairs_complete_uniprot/rank_087/02_chart_response.html","823384","c2d5bdf6244c51e97f04f7a6195edc9b94b672c57db6c20e4dc2d607b4620d87"
"data/formal_analysis/genecards_multisource_pairs_20_strict/david_all_pairs_complete_uniprot/rank_087/david_chart.tsv","454268","70b5b18fb6d5aa8e7832f0c15842674657c5140f1a76477b6e1f216dc425a93f"
"data/formal_analysis/genecards_multisource_pairs_20_strict/david_all_pairs_complete_uniprot/rank_087/report.json","1659","d00a42052c2ff239526f049fe5641aa196c3d0db83d5ed3222ca8732b9da0770"
"data/formal_analysis/genecards_multisource_pairs_20_strict/david_all_pairs_complete_uniprot/rank_087/request.json","3291","ce8df02d9ad94bcc0cafd9c1fa47abe89a587d2fe5f9ffbf7288a7d00c3acbf2"
"data/formal_analysis/genecards_multisource_pairs_20_strict/david_all_pairs_complete_uniprot/rank_088/01_api_response.html","432","bf1669d7da7858cc5efc9b348a696820dde56d5e91c1c7a6f671094314dcec9a"
"data/formal_analysis/genecards_multisource_pairs_20_strict/david_all_pairs_complete_uniprot/rank_088/02_chart_response.html","462167","be36820f3c81cbcbe5dcb3679f45088d11f72ed744ed0ba8599343454c39046e"
"data/formal_analysis/genecards_multisource_pairs_20_strict/david_all_pairs_complete_uniprot/rank_088/david_chart.tsv","131440","ee783e15e4fbed5e1b8c199cc2ffbc7cce0d1a90be5b5c1b5553799f1ecabfdd"
"data/formal_analysis/genecards_multisource_pairs_20_strict/david_all_pairs_complete_uniprot/rank_088/report.json","1236","74b549204562573ef7145fe47de8da02bf92c71735d50608d03b66301b9a1728"
"data/formal_analysis/genecards_multisource_pairs_20_strict/david_all_pairs_complete_uniprot/rank_088/request.json","1252","c2c898deb3f54ff307257785229675ca62835af03784e53dfc2a68d9db2c6e2f"
"data/formal_analysis/genecards_multisource_pairs_20_strict/david_all_pairs_complete_uniprot/rank_089/01_api_response.html","432","bf1669d7da7858cc5efc9b348a696820dde56d5e91c1c7a6f671094314dcec9a"
"data/formal_analysis/genecards_multisource_pairs_20_strict/david_all_pairs_complete_uniprot/rank_089/02_chart_response.html","462167","be36820f3c81cbcbe5dcb3679f45088d11f72ed744ed0ba8599343454c39046e"
"data/formal_analysis/genecards_multisource_pairs_20_strict/david_all_pairs_complete_uniprot/rank_089/david_chart.tsv","131440","ee783e15e4fbed5e1b8c199cc2ffbc7cce0d1a90be5b5c1b5553799f1ecabfdd"
"data/formal_analysis/genecards_multisource_pairs_20_strict/david_all_pairs_complete_uniprot/rank_089/report.json","1341","5cdca26bcee2a3602fe507a759e0c76b7b644f08d5f0279b1b246a7620711eaa"
"data/formal_analysis/genecards_multisource_pairs_20_strict/david_all_pairs_complete_uniprot/rank_089/request.json","1249","4af84fe6c549819e628a9c1e5b97598a56c1132f7ff1bcca11e867ce7f4923e9"
"data/formal_analysis/genecards_multisource_pairs_20_strict/david_all_pairs_complete_uniprot/rank_089/reuse_attestation.json","484","53dc066bb15abd4a6afe99df847e6433960bd570ff95732e05ca95be48720084"
"data/formal_analysis/genecards_multisource_pairs_20_strict/david_all_pairs_complete_uniprot/rank_090/01_api_response.html","432","bf1669d7da7858cc5efc9b348a696820dde56d5e91c1c7a6f671094314dcec9a"
"data/formal_analysis/genecards_multisource_pairs_20_strict/david_all_pairs_complete_uniprot/rank_090/02_chart_response.html","462167","be36820f3c81cbcbe5dcb3679f45088d11f72ed744ed0ba8599343454c39046e"
"data/formal_analysis/genecards_multisource_pairs_20_strict/david_all_pairs_complete_uniprot/rank_090/david_chart.tsv","131440","ee783e15e4fbed5e1b8c199cc2ffbc7cce0d1a90be5b5c1b5553799f1ecabfdd"
"data/formal_analysis/genecards_multisource_pairs_20_strict/david_all_pairs_complete_uniprot/rank_090/report.json","1344","385399e37de916b0bff5f5d8b649b5eb04af4dd0f64aea272156fce159fd5e16"
"data/formal_analysis/genecards_multisource_pairs_20_strict/david_all_pairs_complete_uniprot/rank_090/request.json","1252","a7403e670231ac38576d2164d2087950d12df46d057704c491c44a3b9917711b"
"data/formal_analysis/genecards_multisource_pairs_20_strict/david_all_pairs_complete_uniprot/rank_090/reuse_attestation.json","484","066eb17aadedbe97255ad2113f2f997c0edea72ed8a58901998d7b3c7f4f7909"
"data/formal_analysis/genecards_multisource_pairs_20_strict/david_all_pairs_complete_uniprot/rank_091/01_api_response.html","432","bf1669d7da7858cc5efc9b348a696820dde56d5e91c1c7a6f671094314dcec9a"
"data/formal_analysis/genecards_multisource_pairs_20_strict/david_all_pairs_complete_uniprot/rank_091/02_chart_response.html","462167","be36820f3c81cbcbe5dcb3679f45088d11f72ed744ed0ba8599343454c39046e"
"data/formal_analysis/genecards_multisource_pairs_20_strict/david_all_pairs_complete_uniprot/rank_091/david_chart.tsv","131440","ee783e15e4fbed5e1b8c199cc2ffbc7cce0d1a90be5b5c1b5553799f1ecabfdd"
"data/formal_analysis/genecards_multisource_pairs_20_strict/david_all_pairs_complete_uniprot/rank_091/report.json","1341","42c9e95a30239ba7c3b04435a8e49f11b03d6132256e9b3335660d6ec05170a6"
"data/formal_analysis/genecards_multisource_pairs_20_strict/david_all_pairs_complete_uniprot/rank_091/request.json","1249","358d9d0ec45578469e389fde15863e17e5c65f81316ad00bae65fd2fec807282"
"data/formal_analysis/genecards_multisource_pairs_20_strict/david_all_pairs_complete_uniprot/rank_091/reuse_attestation.json","484","706044f690a5f6bc7a80d895e53cb620bbd81ca055e545f3333ae70090687b68"
"data/formal_analysis/genecards_multisource_pairs_20_strict/david_all_pairs_complete_uniprot/rank_092/01_api_response.html","693","ac1eab2dce9ef83c1dcc5111d47b3c3610cea29ef165c9e367c63195b1ebd7dc"
"data/formal_analysis/genecards_multisource_pairs_20_strict/david_all_pairs_complete_uniprot/rank_092/02_chart_response.html","836776","63b70fbc27f755588c212a149a065f79092075bad0ab4d7293ac0fd4586bb366"
"data/formal_analysis/genecards_multisource_pairs_20_strict/david_all_pairs_complete_uniprot/rank_092/david_chart.tsv","505179","b4297151ae9628f25b31e49b89c6350060731394a3b475dd92384bb7eb62c87f"
"data/formal_analysis/genecards_multisource_pairs_20_strict/david_all_pairs_complete_uniprot/rank_092/report.json","1713","f8bc26cc9231c850f7355363c74888666312868ed8514ea55b89188f29fe0993"
"data/formal_analysis/genecards_multisource_pairs_20_strict/david_all_pairs_complete_uniprot/rank_092/request.json","3553","46b685ec52e2da15e0b481573a62ba1215e9ecd0f86ec18908139fd3b4ffffdc"
"data/formal_analysis/genecards_multisource_pairs_20_strict/david_all_pairs_complete_uniprot/rank_093/01_api_response.html","541","889a26ca8369d7210de59e0631b09af6eaf07f4df034731feb1dbd2caaff0252"
"data/formal_analysis/genecards_multisource_pairs_20_strict/david_all_pairs_complete_uniprot/rank_093/02_chart_response.html","753862","b69e8bb906418a03de1427fac120d792d5ab3abaf79eca8ce3473737c732d74b"
"data/formal_analysis/genecards_multisource_pairs_20_strict/david_all_pairs_complete_uniprot/rank_093/david_chart.tsv","226270","aa7c04e3189715fd68450f8a50b43f83f79cd3fe9f7e55b25083374f39e54328"
"data/formal_analysis/genecards_multisource_pairs_20_strict/david_all_pairs_complete_uniprot/rank_093/report.json","1404","c3cb26c64175a8fd67fcb2a2183e1b8ca5b448a650c7cf3650f846e68c86ab7d"
"data/formal_analysis/genecards_multisource_pairs_20_strict/david_all_pairs_complete_uniprot/rank_093/request.json","2075","8f24ee6ecdafe4398c8235322571ed9880ab7cc43ae766591e0046050438f861"
"data/formal_analysis/genecards_multisource_pairs_20_strict/david_all_pairs_complete_uniprot/rank_094/01_api_response.html","541","889a26ca8369d7210de59e0631b09af6eaf07f4df034731feb1dbd2caaff0252"
"data/formal_analysis/genecards_multisource_pairs_20_strict/david_all_pairs_complete_uniprot/rank_094/02_chart_response.html","753862","b69e8bb906418a03de1427fac120d792d5ab3abaf79eca8ce3473737c732d74b"
"data/formal_analysis/genecards_multisource_pairs_20_strict/david_all_pairs_complete_uniprot/rank_094/david_chart.tsv","226270","aa7c04e3189715fd68450f8a50b43f83f79cd3fe9f7e55b25083374f39e54328"
"data/formal_analysis/genecards_multisource_pairs_20_strict/david_all_pairs_complete_uniprot/rank_094/report.json","1512","234e2e6a8dd458f2b62eeac15465e8a95e706a3774d4601c2df3950987351026"
"data/formal_analysis/genecards_multisource_pairs_20_strict/david_all_pairs_complete_uniprot/rank_094/request.json","2075","6cf48951add9f3e8e63ee1937b8451e083a9bda415402a4243dc5307924e10b6"
"data/formal_analysis/genecards_multisource_pairs_20_strict/david_all_pairs_complete_uniprot/rank_094/reuse_attestation.json","484","0f3d3598e8d85d9c0ad4af80a17c6ecb3a5f7909fb84d5e74a9b0a7d0ad8e281"
"data/formal_analysis/genecards_multisource_pairs_20_strict/david_all_pairs_complete_uniprot/rank_095/01_api_response.html","680","4dfc0edf9e4b70bd5c81cd270d7c9a06e1b0c58078ffcd0b1c93faa15f6e8843"
"data/formal_analysis/genecards_multisource_pairs_20_strict/david_all_pairs_complete_uniprot/rank_095/02_chart_response.html","827619","b564814a3688cc9ecaa2269357ad4095ff6991eeea9619b42da31ab7779ef727"
"data/formal_analysis/genecards_multisource_pairs_20_strict/david_all_pairs_complete_uniprot/rank_095/david_chart.tsv","461252","3cba8054bbdcbcfe024773f78505ef60bc97dda24dfcd098b675eac0f97f9bf3"
"data/formal_analysis/genecards_multisource_pairs_20_strict/david_all_pairs_complete_uniprot/rank_095/report.json","1680","4bc4c7727332ece7ca57cdc9f97ba528f8820f58f59649fccd94823fdad2cd19"
"data/formal_analysis/genecards_multisource_pairs_20_strict/david_all_pairs_complete_uniprot/rank_095/request.json","3381","2a824c806bb7699024c15c91bd4d60c13b30e76cd083aae1d379ba21092067b2"
"data/formal_analysis/genecards_multisource_pairs_20_strict/david_all_pairs_complete_uniprot/rank_096/01_api_response.html","680","4dfc0edf9e4b70bd5c81cd270d7c9a06e1b0c58078ffcd0b1c93faa15f6e8843"
"data/formal_analysis/genecards_multisource_pairs_20_strict/david_all_pairs_complete_uniprot/rank_096/02_chart_response.html","827619","b564814a3688cc9ecaa2269357ad4095ff6991eeea9619b42da31ab7779ef727"
"data/formal_analysis/genecards_multisource_pairs_20_strict/david_all_pairs_complete_uniprot/rank_096/david_chart.tsv","461252","3cba8054bbdcbcfe024773f78505ef60bc97dda24dfcd098b675eac0f97f9bf3"
"data/formal_analysis/genecards_multisource_pairs_20_strict/david_all_pairs_complete_uniprot/rank_096/report.json","1788","805db3e25f8483a5b15124fc815d09f1cd641654afac6a43680f453b90df355f"
"data/formal_analysis/genecards_multisource_pairs_20_strict/david_all_pairs_complete_uniprot/rank_096/request.json","3381","92f5ef8c690aa51d4eb242d3f0c85c27249dd6bc830b2a8bb0bdc214b91c2669"
"data/formal_analysis/genecards_multisource_pairs_20_strict/david_all_pairs_complete_uniprot/rank_096/reuse_attestation.json","484","dea14847e1117db50c76c110d3c285d4b50122ccba3d894c34d8e80f0193768a"
"data/formal_analysis/genecards_multisource_pairs_20_strict/david_all_pairs_complete_uniprot/rank_097/01_api_response.html","663","039b26d7f036b75867582107bea098c9ebd1953fc7c80c967def5354a3dc7205"
"data/formal_analysis/genecards_multisource_pairs_20_strict/david_all_pairs_complete_uniprot/rank_097/02_chart_response.html","823384","c2d5bdf6244c51e97f04f7a6195edc9b94b672c57db6c20e4dc2d607b4620d87"
"data/formal_analysis/genecards_multisource_pairs_20_strict/david_all_pairs_complete_uniprot/rank_097/david_chart.tsv","454268","70b5b18fb6d5aa8e7832f0c15842674657c5140f1a76477b6e1f216dc425a93f"
"data/formal_analysis/genecards_multisource_pairs_20_strict/david_all_pairs_complete_uniprot/rank_097/report.json","1770","1be0853547adfd7ac29ee3ff05914bf055b123677a070f19101f88f55a556515"
"data/formal_analysis/genecards_multisource_pairs_20_strict/david_all_pairs_complete_uniprot/rank_097/request.json","3294","d019575fce2bb647f68c752255496f89e5e1e8eec64688bbeaead8c2e4234cb5"
"data/formal_analysis/genecards_multisource_pairs_20_strict/david_all_pairs_complete_uniprot/rank_097/reuse_attestation.json","484","dbfe844b78a9c65ae60d0fa1a7b20e92c0ebc6a188d66a18082b5a1e9826a222"
"data/formal_analysis/genecards_multisource_pairs_20_strict/david_all_pairs_complete_uniprot/rank_098/01_api_response.html","452","0216e3c513795535c48f3d76dfef1635bacb97060bfd2511b73b651a125196f7"
"data/formal_analysis/genecards_multisource_pairs_20_strict/david_all_pairs_complete_uniprot/rank_098/02_chart_response.html","751985","55a6549d81aa8dc4129e261956439c69cc981e06fe71a44d1757ef97aa15099d"
"data/formal_analysis/genecards_multisource_pairs_20_strict/david_all_pairs_complete_uniprot/rank_098/david_chart.tsv","235578","ba51caa5bc05ba21fb523d85b640e114b7d8ee2e00b4c2ca5716c76f6ad9c28d"
"data/formal_analysis/genecards_multisource_pairs_20_strict/david_all_pairs_complete_uniprot/rank_098/report.json","1274","e6503956564c09023dae17eee5eea21471c51f9b36f9b353fac79cc125e6511e"
"data/formal_analysis/genecards_multisource_pairs_20_strict/david_all_pairs_complete_uniprot/rank_098/request.json","1424","13638ae369ffe4a5ed704a04623c143069a5ddab5c037b0c1b38a6f0898369d8"
"data/formal_analysis/genecards_multisource_pairs_20_strict/david_all_pairs_complete_uniprot/rank_099/01_api_response.html","520","22413b822be412a2da8e8630c3c67666012b11b04696d53ab8cde2285c65d79d"
"data/formal_analysis/genecards_multisource_pairs_20_strict/david_all_pairs_complete_uniprot/rank_099/02_chart_response.html","564821","44e5fa8951fbda402b617f2ba7caf1f3732caa7713e0b3e39b3fa69b4f80c4d0"
"data/formal_analysis/genecards_multisource_pairs_20_strict/david_all_pairs_complete_uniprot/rank_099/david_chart.tsv","166368","a2ed10b91def858bd84c389b06eca2c3c416f3897daf9001df95f3c2d6bc7bc9"
"data/formal_analysis/genecards_multisource_pairs_20_strict/david_all_pairs_complete_uniprot/rank_099/report.json","1362","1a3ec5562faae18e25353e70315d8dc790f93c77acfa4ce51b2a9f143beefa3c"
"data/formal_analysis/genecards_multisource_pairs_20_strict/david_all_pairs_complete_uniprot/rank_099/request.json","1860","18b16be6dc1195aaaf245e35e6a29b128a6189797efd8bd3a7342616f4c6db03"
"data/formal_analysis/genecards_multisource_pairs_20_strict/david_all_pairs_complete_uniprot/rank_100/01_api_response.html","423","3402a3886b3f86473b06797753cf9b049649f636d6563d808de4d4059166078b"
"data/formal_analysis/genecards_multisource_pairs_20_strict/david_all_pairs_complete_uniprot/rank_100/02_chart_response.html","403669","7236178e1c2aa0899dfbe77c0c52f669afce9c76a5fad8042b48aebae2412e85"
"data/formal_analysis/genecards_multisource_pairs_20_strict/david_all_pairs_complete_uniprot/rank_100/david_chart.tsv","114475","752fb241d20d10003c92786eb6c123fb862d45a71b227ba71b21fbb597b991bb"
"data/formal_analysis/genecards_multisource_pairs_20_strict/david_all_pairs_complete_uniprot/rank_100/report.json","1222","c1d59370ef0d36f57d971edabe2dd761cf8c62c9e7400e6351f72dc6722d7889"
"data/formal_analysis/genecards_multisource_pairs_20_strict/david_all_pairs_complete_uniprot/rank_100/request.json","1169","a6a23b5617d28787004307cb0ff92c80601cf33832fabf925de73005bcc103a8"
"data/formal_analysis/genecards_multisource_pairs_20_strict/david_all_pairs_complete_uniprot/rank_101/01_api_response.html","423","3402a3886b3f86473b06797753cf9b049649f636d6563d808de4d4059166078b"
"data/formal_analysis/genecards_multisource_pairs_20_strict/david_all_pairs_complete_uniprot/rank_101/02_chart_response.html","403669","7236178e1c2aa0899dfbe77c0c52f669afce9c76a5fad8042b48aebae2412e85"
"data/formal_analysis/genecards_multisource_pairs_20_strict/david_all_pairs_complete_uniprot/rank_101/david_chart.tsv","114475","752fb241d20d10003c92786eb6c123fb862d45a71b227ba71b21fbb597b991bb"
"data/formal_analysis/genecards_multisource_pairs_20_strict/david_all_pairs_complete_uniprot/rank_101/report.json","1328","ef40e2636a9fb580c0a9f8d2d3fb2a7e848b0096fca3072b238e246a1372f89f"
"data/formal_analysis/genecards_multisource_pairs_20_strict/david_all_pairs_complete_uniprot/rank_101/request.json","1166","f025652bb960ec928577c885c3d54976f997513dc657ed4304018305fb128681"
"data/formal_analysis/genecards_multisource_pairs_20_strict/david_all_pairs_complete_uniprot/rank_101/reuse_attestation.json","484","800a2d2bc48da431dca1495dea08b72831e79311c26e74fcdd902ec9c27fe2d9"
"data/formal_analysis/genecards_multisource_pairs_20_strict/david_all_pairs_complete_uniprot/rank_102/01_api_response.html","551","768715855fdfb932ed99d5825c82751a911aca78388f3fc82f4d51093f73839e"
"data/formal_analysis/genecards_multisource_pairs_20_strict/david_all_pairs_complete_uniprot/rank_102/02_chart_response.html","770073","341a66195b8ecb3d41ff766da22d2218add8720c0082ec6901bf3760dd56f3ed"
"data/formal_analysis/genecards_multisource_pairs_20_strict/david_all_pairs_complete_uniprot/rank_102/david_chart.tsv","249543","4b13e91774e7e832575fb90a194ad087c23db3dfcc899cb0dfd7fcc3cee6e00e"
"data/formal_analysis/genecards_multisource_pairs_20_strict/david_all_pairs_complete_uniprot/rank_102/report.json","1427","13b785d3eb1c2bac8f4e7184d98d263af51eb04d84d3705e151998b07183fc18"
"data/formal_analysis/genecards_multisource_pairs_20_strict/david_all_pairs_complete_uniprot/rank_102/request.json","2165","e22e86ab54ca02a8109ac9c39534fc54a077d9154251f1e41aa47f3ab93bffac"
"data/formal_analysis/genecards_multisource_pairs_20_strict/david_all_pairs_complete_uniprot/rank_103/01_api_response.html","551","768715855fdfb932ed99d5825c82751a911aca78388f3fc82f4d51093f73839e"
"data/formal_analysis/genecards_multisource_pairs_20_strict/david_all_pairs_complete_uniprot/rank_103/02_chart_response.html","770073","341a66195b8ecb3d41ff766da22d2218add8720c0082ec6901bf3760dd56f3ed"
"data/formal_analysis/genecards_multisource_pairs_20_strict/david_all_pairs_complete_uniprot/rank_103/david_chart.tsv","249543","4b13e91774e7e832575fb90a194ad087c23db3dfcc899cb0dfd7fcc3cee6e00e"
"data/formal_analysis/genecards_multisource_pairs_20_strict/david_all_pairs_complete_uniprot/rank_103/report.json","1533","e8afd83a5b5325e8e5ee9f1c165461b7abccd99424994aa713fc09106ac522bb"
"data/formal_analysis/genecards_multisource_pairs_20_strict/david_all_pairs_complete_uniprot/rank_103/request.json","2162","544419a8748cfe1587cf4277d941c7e057986847ff904e5058bdfd903104cc6c"
"data/formal_analysis/genecards_multisource_pairs_20_strict/david_all_pairs_complete_uniprot/rank_103/reuse_attestation.json","484","2402037a70e9cfd6aff1ebf80acf4ccf6fcde2aef9916384d0e296cbc1dca573"
"data/formal_analysis/genecards_multisource_pairs_20_strict/david_all_pairs_complete_uniprot/rank_104/01_api_response.html","515","a310626968b2490e6bf50edbd592e0b7a66c1768a6e7a3f0d4182f9b4b395916"
"data/formal_analysis/genecards_multisource_pairs_20_strict/david_all_pairs_complete_uniprot/rank_104/02_chart_response.html","556458","1b677691d691cbdb432684fef79261326c085ff233f8ea207bb6e8c3888205e1"
"data/formal_analysis/genecards_multisource_pairs_20_strict/david_all_pairs_complete_uniprot/rank_104/david_chart.tsv","161464","73ea603620287121919e80bf6594f2e4b1346586b45a8999c0332a5980bf8e0c"
"data/formal_analysis/genecards_multisource_pairs_20_strict/david_all_pairs_complete_uniprot/rank_104/report.json","1351","5cbbae7891e37f6d21bb0f800e84e6b2abfcf3b68597df9e7b948e3fd24c131d"
"data/formal_analysis/genecards_multisource_pairs_20_strict/david_all_pairs_complete_uniprot/rank_104/request.json","1815","a4b43c501a3d278adb625357d6f4429a29d34a7dc8ae63b20b13aa4231000465"
"data/formal_analysis/genecards_multisource_pairs_20_strict/david_all_pairs_complete_uniprot/rank_105/01_api_response.html","418","d8dccd911552d252e74ef8e4bd1e071e6fa3db722b9ff5a35dc8cc1762c5122c"
"data/formal_analysis/genecards_multisource_pairs_20_strict/david_all_pairs_complete_uniprot/rank_105/02_chart_response.html","398000","f8a5504976eb08dfc96adbb16c41d8a6d6e266ef98340a161716e53d38e784a2"
"data/formal_analysis/genecards_multisource_pairs_20_strict/david_all_pairs_complete_uniprot/rank_105/david_chart.tsv","110619","aadc685fff923dc5bb9c852166c3ae1f368357b0341d3e8dde5abf313a74b20a"
"data/formal_analysis/genecards_multisource_pairs_20_strict/david_all_pairs_complete_uniprot/rank_105/report.json","1210","1109874c88b71bd109d55af31e790c1b73210487dfbd49f25e16332b21f5406c"
"data/formal_analysis/genecards_multisource_pairs_20_strict/david_all_pairs_complete_uniprot/rank_105/request.json","1123","403710883093ee0f0d0f5f8374b8ab8d38a22bd8cc3a99e588b45ed6923dfc54"
"data/formal_analysis/genecards_multisource_pairs_20_strict/david_all_pairs_complete_uniprot/rank_106/01_api_response.html","418","d8dccd911552d252e74ef8e4bd1e071e6fa3db722b9ff5a35dc8cc1762c5122c"
"data/formal_analysis/genecards_multisource_pairs_20_strict/david_all_pairs_complete_uniprot/rank_106/02_chart_response.html","398000","f8a5504976eb08dfc96adbb16c41d8a6d6e266ef98340a161716e53d38e784a2"
"data/formal_analysis/genecards_multisource_pairs_20_strict/david_all_pairs_complete_uniprot/rank_106/david_chart.tsv","110619","aadc685fff923dc5bb9c852166c3ae1f368357b0341d3e8dde5abf313a74b20a"
"data/formal_analysis/genecards_multisource_pairs_20_strict/david_all_pairs_complete_uniprot/rank_106/report.json","1316","47f0b29d39f4447d41abaaa45f45adf46d1050b9f783febf7db1116f6af9ec98"
"data/formal_analysis/genecards_multisource_pairs_20_strict/david_all_pairs_complete_uniprot/rank_106/request.json","1120","527825ee577651381f4184da5c5b7e3d812f4c3a7ec2f1e1129886d2dc926e59"
"data/formal_analysis/genecards_multisource_pairs_20_strict/david_all_pairs_complete_uniprot/rank_106/reuse_attestation.json","484","38c8b9425957e1b4e4a638bc6ef77970b638f6f39a6c2b2e84877a32002fa70a"
"data/formal_analysis/genecards_multisource_pairs_20_strict/david_all_pairs_complete_uniprot/report.json","190568","596b87334dfda497ca64e5f87b9e9c99f8f8f6943e8aa28adae1f2d726aff2cf"
"data/formal_analysis/genecards_multisource_pairs_20_strict/david_all_pairs_complete_uniprot/top10_david_refined_with_cutoff_ties.csv","17572","cb5af03947cb36112addb4822228a4a10f5e1168736438c3e3accc91756131da"
"data/formal_analysis/genecards_multisource_pairs_20_strict/david_all_pairs_complete_uniprot/top10_david_refined.csv","16358","31097cdee232960320d29a7ef2ad2d492d4f7433ce0e1e6807059eed83e6d151"
"data/formal_analysis/genecards_multisource_pairs_20_strict/david_all_pairs_complete_uniprot/top10_shortlist_david_refined_order.csv","16358","31097cdee232960320d29a7ef2ad2d492d4f7433ce0e1e6807059eed83e6d151"
"data/formal_analysis/genecards_multisource_pairs_20_strict/david_all_pairs_complete_uniprot/uniprot_mapping_audit.csv","19715","8045bf42a200a7ec10e4eb66eca118169883c044227b3e4b0d09f3f9ac7c3499"
"data/formal_analysis/genecards_multisource_pairs_20_strict/david_all_pairs_complete_uniprot/uniprot_mapping_report.json","386","1fddc3ade9d002b6283b6f95a9e2c62124e346ba740340ea672052b761b692f0"
"data/formal_analysis/genecards_multisource_pairs_20_strict/david_single_herb_baselines_all_complete_uniprot/progress.json","245","55f4265a60b1d40ebfcfca211e865d35a8409c4c42df130d0a8f17733b7a4326"
"data/formal_analysis/genecards_multisource_pairs_20_strict/david_single_herb_baselines_all_complete_uniprot/report.json","31359","3fe5b68fe0aa3dd91ff7221c05a8ae9a20739ff3ffc9639d9b3bedddbbdb30aa"
"data/formal_analysis/genecards_multisource_pairs_20_strict/david_single_herb_baselines_all_complete_uniprot/uniprot_mapping_audit.csv","20307","1f5c35b9a7547e9cbe7cfadee9edee2377af9f1ecf070a610cffa06fe70dd2f1"
"data/formal_analysis/genecards_multisource_pairs_20_strict/david_single_herb_baselines_all_complete_uniprot/uniprot_mapping_report.json","386","f026b5fcac507495df5b8e72381aae1cd243c7d85f0d3c38b92d71be9967b903"
"data/formal_analysis/genecards_multisource_pairs_20_strict/david_single_herb_baselines_all_input.csv","4878","c8d5e6aa955e31ab16d7383e19a732426504b78a0da39d0e89117269647c2dcf"
"data/formal_analysis/genecards_multisource_pairs_20_strict/formal_ppi_network.png","310010","7c5401f7a7dbd24f3c5d23c721ea1db3128d36118b9eae584b1314325dedfef8"
"data/formal_analysis/genecards_multisource_pairs_20_strict/formal_ppi_session.cys","675293","949bb24d583fad13b6320f14af96b2b995f204fdcc729ace7a9ef5aa821ccaf9"
"data/formal_analysis/genecards_multisource_pairs_20_strict/herb_target_audit.csv","8929","632ef0694a75b24bdc958279a9ace32f02860a4c2ae08403ddf3084861672855"
"data/formal_analysis/genecards_multisource_pairs_20_strict/pair_scores_provisional.csv","76779","0f0d66a9aca745444624f94306944dd479b25609771bbc92019e621ceed6a85a"
"data/formal_analysis/genecards_multisource_pairs_20_strict/pair_scores_raw_formula_audit.csv","131927","fb0d57bba8d03c794b100bd5d738d7ff2b6f4eb5abcb3e06f54fe3bb404dbe3e"
"data/formal_analysis/genecards_multisource_pairs_20_strict/pair_scores_source_bias_adjusted.csv","94653","93c005020bdb958ed912366038e0e35d5bafc7733495c273c780cc235481c12a"
"data/formal_analysis/genecards_multisource_pairs_20_strict/pipeline_qc_report.json","23816","eb90dceb76e1eb197966b785ef172fbab336e55748f0f54eea1c1a7f123eb669"
"data/formal_analysis/genecards_multisource_pairs_20_strict/pubmed_all_pair_evidence_finalized/candidate_manual_full_text_review_queue.csv","1643","3dc277a0e5a50998e46c4ca860d6b68376e7ec7b4c277d383e054621153665dc"
"data/formal_analysis/genecards_multisource_pairs_20_strict/pubmed_all_pair_evidence_finalized/checksums.sha256","380","c46ee5d78d82df21e357e9fcd6c903f858af937965ddcc3a136ad6aba0585eba"
"data/formal_analysis/genecards_multisource_pairs_20_strict/pubmed_all_pair_evidence_finalized/finalization_report.json","1439","efb50895a947c4fb210a20496a67dc7d855bc0e07001e42c62c889f0db535cbb"
"data/formal_analysis/genecards_multisource_pairs_20_strict/pubmed_all_pair_evidence_finalized/pair_pubmed_evidence_summary.csv","132922","ccab2aa98fd3c79a92bd7b12f8455364e5bfe4cac2e9a8f34821791359e425cc"
"data/formal_analysis/genecards_multisource_pairs_20_strict/pubmed_all_pair_evidence_finalized/README.md","604","71d6a4f1e5be830e87bee710a4b7d1be1dc4f89c64c63db2a700a4b6dc751f7a"
"data/formal_analysis/genecards_multisource_pairs_20_strict/pubmed_all_pair_evidence/automatic_prescreen.csv","7106","fd11ed4484338bed22b38711f36d07b8df1bcf64b3ab3a095bee84a7bdc5ad69"
"data/formal_analysis/genecards_multisource_pairs_20_strict/pubmed_all_pair_evidence/herb_alias_provenance.csv","11250","fc6dbd8f4ecac80e5043b74081f217a13f4fa471546c7c8bdcb6397cef9e7baf"
"data/formal_analysis/genecards_multisource_pairs_20_strict/pubmed_all_pair_evidence/literature_candidates_for_human_review.csv","7106","fd11ed4484338bed22b38711f36d07b8df1bcf64b3ab3a095bee84a7bdc5ad69"
"data/formal_analysis/genecards_multisource_pairs_20_strict/pubmed_all_pair_evidence/manual_review_template.csv","7404","2d665b9112143a10ce513210987f8cb10648c1655eca408fd90e9bd2b90e78d1"
"data/formal_analysis/genecards_multisource_pairs_20_strict/pubmed_all_pair_evidence/pair_retrieval_summary.csv","7217","af084770464d730261f9715d715dfc0c4421a285da77d7a7f20469619d78d604"
"data/formal_analysis/genecards_multisource_pairs_20_strict/pubmed_all_pair_evidence/query_manifest.csv","400576","4ba45c154954fdfc44c988c5eca9ad1111672c1302e9c117ac3b0008353b45f3"
"data/formal_analysis/genecards_multisource_pairs_20_strict/pubmed_all_pair_evidence/raw/README.md","328","b43b7c455049caf74c176abbdfe6807d6c857f4ad4ab7da38984fff7275b6259"
"data/formal_analysis/genecards_multisource_pairs_20_strict/pubmed_all_pair_evidence/raw/run_20260926T115108Z/rank_01/broad_all_fields/esearch_request.json","1814","7ba88e59c1c20b12243efa878b8170b4d8dfb9d115fdc6f78af43ad307f7e209"
"data/formal_analysis/genecards_multisource_pairs_20_strict/pubmed_all_pair_evidence/raw/run_20260926T115108Z/rank_01/broad_all_fields/esearch_response.json","1198","df04a79966cd4e671dfe2b7dbe1bab7e7b4e191833576b3b06d777e9bbdc9a5e"
"data/formal_analysis/genecards_multisource_pairs_20_strict/pubmed_all_pair_evidence/raw/run_20260926T115108Z/rank_01/broad_all_fields/parsed_articles.json","2","4f53cda18c2baa0c0354bb5f9a3ecbe5ed12ab4d8e11ba873c2f11161202b945"
"data/formal_analysis/genecards_multisource_pairs_20_strict/pubmed_all_pair_evidence/raw/run_20260926T115108Z/rank_01/strict_title_abstract/esearch_request.json","1979","4555152efb991668e18e033181d897392a58bc1d8dd2031ac755057216cbb1a8"
"data/formal_analysis/genecards_multisource_pairs_20_strict/pubmed_all_pair_evidence/raw/run_20260926T115108Z/rank_01/strict_title_abstract/esearch_response.json","1262","db648f8c067d3429158aee6981ea91e653df764d85b7ab8c49de06cb9c25402f"
"data/formal_analysis/genecards_multisource_pairs_20_strict/pubmed_all_pair_evidence/raw/run_20260926T115108Z/rank_01/strict_title_abstract/parsed_articles.json","2","4f53cda18c2baa0c0354bb5f9a3ecbe5ed12ab4d8e11ba873c2f11161202b945"
"data/formal_analysis/genecards_multisource_pairs_20_strict/pubmed_all_pair_evidence/raw/run_20260926T115108Z/rank_02/broad_all_fields/esearch_request.json","1793","b08d285c1859527c1e07ed9e65fdcb75993e4ae52f0bd8ba842b58afb1b81048"
"data/formal_analysis/genecards_multisource_pairs_20_strict/pubmed_all_pair_evidence/raw/run_20260926T115108Z/rank_02/broad_all_fields/esearch_response.json","1189","1e17b086a839d624b479ae84505df129168c58447c129d35f7e9da98a9bd1b8a"
"data/formal_analysis/genecards_multisource_pairs_20_strict/pubmed_all_pair_evidence/raw/run_20260926T115108Z/rank_02/broad_all_fields/parsed_articles.json","2","4f53cda18c2baa0c0354bb5f9a3ecbe5ed12ab4d8e11ba873c2f11161202b945"
"data/formal_analysis/genecards_multisource_pairs_20_strict/pubmed_all_pair_evidence/raw/run_20260926T115108Z/rank_02/strict_title_abstract/esearch_request.json","1958","6da33c6a5615f7f0e63204f0e1708c7d9e273765dac24505b2e1c42ec7d7af7c"
"data/formal_analysis/genecards_multisource_pairs_20_strict/pubmed_all_pair_evidence/raw/run_20260926T115108Z/rank_02/strict_title_abstract/esearch_response.json","1253","5a8a6d3bfb2fe919a94f6ff6066bf1fece9e6ce91c2860a45439ddad5eb78b43"
"data/formal_analysis/genecards_multisource_pairs_20_strict/pubmed_all_pair_evidence/raw/run_20260926T115108Z/rank_02/strict_title_abstract/parsed_articles.json","2","4f53cda18c2baa0c0354bb5f9a3ecbe5ed12ab4d8e11ba873c2f11161202b945"
"data/formal_analysis/genecards_multisource_pairs_20_strict/pubmed_all_pair_evidence/raw/run_20260926T115108Z/rank_03/broad_all_fields/esearch_request.json","1807","7cef5747c8580eb7964131d5dedb08fdc77f36c6b0a099cf98a180c3654dd814"
"data/formal_analysis/genecards_multisource_pairs_20_strict/pubmed_all_pair_evidence/raw/run_20260926T115108Z/rank_03/broad_all_fields/esearch_response.json","1196","e6c5b136b2b2c9ed3748b6d8239af5e99e996981c45864b576902f23b1833875"
"data/formal_analysis/genecards_multisource_pairs_20_strict/pubmed_all_pair_evidence/raw/run_20260926T115108Z/rank_03/broad_all_fields/parsed_articles.json","2","4f53cda18c2baa0c0354bb5f9a3ecbe5ed12ab4d8e11ba873c2f11161202b945"
"data/formal_analysis/genecards_multisource_pairs_20_strict/pubmed_all_pair_evidence/raw/run_20260926T115108Z/rank_03/strict_title_abstract/esearch_request.json","1972","bbe124c4bfe26a8d2c95087e0d7202e084679024129bdc36d9e91f3c539eada1"
"data/formal_analysis/genecards_multisource_pairs_20_strict/pubmed_all_pair_evidence/raw/run_20260926T115108Z/rank_03/strict_title_abstract/esearch_response.json","1260","4ec10c61c27ee1357430fb80343de02ede0e5f79ff45b543ae8a90eeae24a534"
"data/formal_analysis/genecards_multisource_pairs_20_strict/pubmed_all_pair_evidence/raw/run_20260926T115108Z/rank_03/strict_title_abstract/parsed_articles.json","2","4f53cda18c2baa0c0354bb5f9a3ecbe5ed12ab4d8e11ba873c2f11161202b945"
"data/formal_analysis/genecards_multisource_pairs_20_strict/pubmed_all_pair_evidence/raw/run_20260926T115108Z/rank_04/broad_all_fields/efetch_request.json","1052","6c514a3f24ff516c1675f0fa26c70179cb7de6b4764bb11b31524a8829234350"
"data/formal_analysis/genecards_multisource_pairs_20_strict/pubmed_all_pair_evidence/raw/run_20260926T115108Z/rank_04/broad_all_fields/efetch_response.xml","23051","5be4a0db0b7243761d8a5e32f8e8fc53388276cacdedef8152e7615c958ed5fa"
"data/formal_analysis/genecards_multisource_pairs_20_strict/pubmed_all_pair_evidence/raw/run_20260926T115108Z/rank_04/broad_all_fields/esearch_request.json","1779","41bee8eac777f45ff2700262e8533bde7f0c5b0a2d3c473e7a7a372bd4f705bc"
"data/formal_analysis/genecards_multisource_pairs_20_strict/pubmed_all_pair_evidence/raw/run_20260926T115108Z/rank_04/broad_all_fields/esearch_response.json","1038","60e7b06d79c58d948100420dc19204ff09b101e06403d277938d90aa5854dc9d"
"data/formal_analysis/genecards_multisource_pairs_20_strict/pubmed_all_pair_evidence/raw/run_20260926T115108Z/rank_04/broad_all_fields/parsed_articles.json","2931","f8add50b7dfda5d2f605fb4c7788de6656856b11cab80cafdedca3ad2b1df8e3"
"data/formal_analysis/genecards_multisource_pairs_20_strict/pubmed_all_pair_evidence/raw/run_20260926T115108Z/rank_04/strict_title_abstract/efetch_request.json","1121","2b7b494b392d500bd8d867b489f40efc86adee0b2a8a786b1df2deafcee9cbc7"
"data/formal_analysis/genecards_multisource_pairs_20_strict/pubmed_all_pair_evidence/raw/run_20260926T115108Z/rank_04/strict_title_abstract/efetch_response.xml","23051","5be4a0db0b7243761d8a5e32f8e8fc53388276cacdedef8152e7615c958ed5fa"
"data/formal_analysis/genecards_multisource_pairs_20_strict/pubmed_all_pair_evidence/raw/run_20260926T115108Z/rank_04/strict_title_abstract/esearch_request.json","1944","64a69d3fd82387d9061a42f769b1caa9b2b7ddc6a8b807b142780a076c6b2576"
"data/formal_analysis/genecards_multisource_pairs_20_strict/pubmed_all_pair_evidence/raw/run_20260926T115108Z/rank_04/strict_title_abstract/esearch_response.json","1102","d9b4149ce8ce65fa5cae391a92ffc5c408f8a6670946c6909404ce726812a5dc"
"data/formal_analysis/genecards_multisource_pairs_20_strict/pubmed_all_pair_evidence/raw/run_20260926T115108Z/rank_04/strict_title_abstract/parsed_articles.json","2931","f8add50b7dfda5d2f605fb4c7788de6656856b11cab80cafdedca3ad2b1df8e3"
"data/formal_analysis/genecards_multisource_pairs_20_strict/pubmed_all_pair_evidence/raw/run_20260926T115108Z/rank_05/broad_all_fields/esearch_request.json","1826","0b76d02f7e6def24f04dec00d73953d76574131ba7fa59e4e2ffba6a3df3367f"
"data/formal_analysis/genecards_multisource_pairs_20_strict/pubmed_all_pair_evidence/raw/run_20260926T115108Z/rank_05/broad_all_fields/esearch_response.json","1204","21aaf49e1337c34dbff609987c2ed04dc6cc6b96cd81c24f781d867c40a8c918"
"data/formal_analysis/genecards_multisource_pairs_20_strict/pubmed_all_pair_evidence/raw/run_20260926T115108Z/rank_05/broad_all_fields/parsed_articles.json","2","4f53cda18c2baa0c0354bb5f9a3ecbe5ed12ab4d8e11ba873c2f11161202b945"
"data/formal_analysis/genecards_multisource_pairs_20_strict/pubmed_all_pair_evidence/raw/run_20260926T115108Z/rank_05/strict_title_abstract/esearch_request.json","1991","c0d83d5c39dc58402cf0103d7929a93e363fa981d12119abea3fa66bb6e6132d"
"data/formal_analysis/genecards_multisource_pairs_20_strict/pubmed_all_pair_evidence/raw/run_20260926T115108Z/rank_05/strict_title_abstract/esearch_response.json","1268","1ade5e7e15e1cd5aef4387db09819d157e4e86af3af4daf7465f78588d396589"
"data/formal_analysis/genecards_multisource_pairs_20_strict/pubmed_all_pair_evidence/raw/run_20260926T115108Z/rank_05/strict_title_abstract/parsed_articles.json","2","4f53cda18c2baa0c0354bb5f9a3ecbe5ed12ab4d8e11ba873c2f11161202b945"
"data/formal_analysis/genecards_multisource_pairs_20_strict/pubmed_all_pair_evidence/raw/run_20260926T115108Z/rank_06/broad_all_fields/esearch_request.json","1812","d2f8592b97df00e9b147ca2f94f109c7267634c99334c4cc16f9c6d1902e0ffb"
"data/formal_analysis/genecards_multisource_pairs_20_strict/pubmed_all_pair_evidence/raw/run_20260926T115108Z/rank_06/broad_all_fields/esearch_response.json","1197","d51b481fefd0ed3c8e61ea28d76a6f0d827144068dc00ab1267fc740d2db00b8"
"data/formal_analysis/genecards_multisource_pairs_20_strict/pubmed_all_pair_evidence/raw/run_20260926T115108Z/rank_06/broad_all_fields/parsed_articles.json","2","4f53cda18c2baa0c0354bb5f9a3ecbe5ed12ab4d8e11ba873c2f11161202b945"
"data/formal_analysis/genecards_multisource_pairs_20_strict/pubmed_all_pair_evidence/raw/run_20260926T115108Z/rank_06/strict_title_abstract/esearch_request.json","1977","b0654291ec402413f1f763b929bed210434758249f7b4f1fe827cd83a0d34b06"
"data/formal_analysis/genecards_multisource_pairs_20_strict/pubmed_all_pair_evidence/raw/run_20260926T115108Z/rank_06/strict_title_abstract/esearch_response.json","1261","a9a57c196de591e4fcd57149fd5a9a67ba8cc8fc12e68a6d739f9e0837386e8b"
"data/formal_analysis/genecards_multisource_pairs_20_strict/pubmed_all_pair_evidence/raw/run_20260926T115108Z/rank_06/strict_title_abstract/parsed_articles.json","2","4f53cda18c2baa0c0354bb5f9a3ecbe5ed12ab4d8e11ba873c2f11161202b945"
"data/formal_analysis/genecards_multisource_pairs_20_strict/pubmed_all_pair_evidence/raw/run_20260926T115108Z/rank_07/broad_all_fields/efetch_request.json","1136","fe7ee04c1fcfabb1bcc221f08bd103366d1751cee3e5c1a241771a47b0e547bc"
"data/formal_analysis/genecards_multisource_pairs_20_strict/pubmed_all_pair_evidence/raw/run_20260926T115108Z/rank_07/broad_all_fields/efetch_response.xml","29043","7a117f8edf7b31ebb1dd8e2b66e3019c4a81f88eedf36485bc716f9e85638f3d"
"data/formal_analysis/genecards_multisource_pairs_20_strict/pubmed_all_pair_evidence/raw/run_20260926T115108Z/rank_07/broad_all_fields/esearch_request.json","1959","fa9dc5dc441c052f58f062e37a45c22516a8a320e353d6e269cf201360a8b425"
"data/formal_analysis/genecards_multisource_pairs_20_strict/pubmed_all_pair_evidence/raw/run_20260926T115108Z/rank_07/broad_all_fields/esearch_response.json","1122","d8e1a99df7a0d5c406dcc7c19d6dc505249634e9afde6831c61e14cd6fa236bd"
"data/formal_analysis/genecards_multisource_pairs_20_strict/pubmed_all_pair_evidence/raw/run_20260926T115108Z/rank_07/broad_all_fields/parsed_articles.json","2830","e56c0cb90c869b79624c7a9b1b6aa740c055209b504bbaa5aae85ba2e76dbaa2"
"data/formal_analysis/genecards_multisource_pairs_20_strict/pubmed_all_pair_evidence/raw/run_20260926T115108Z/rank_07/strict_title_abstract/efetch_request.json","1213","58a880b8be0e473fdf96941fe14693eb6a37f6891efb4043ebab96eabcbf8918"
"data/formal_analysis/genecards_multisource_pairs_20_strict/pubmed_all_pair_evidence/raw/run_20260926T115108Z/rank_07/strict_title_abstract/efetch_response.xml","29043","7a117f8edf7b31ebb1dd8e2b66e3019c4a81f88eedf36485bc716f9e85638f3d"
"data/formal_analysis/genecards_multisource_pairs_20_strict/pubmed_all_pair_evidence/raw/run_20260926T115108Z/rank_07/strict_title_abstract/esearch_request.json","2144","0fd34eea5736a1abfe2e79a15f04eea778cecc8ab3ef5f7a979a2103e4735ca3"
"data/formal_analysis/genecards_multisource_pairs_20_strict/pubmed_all_pair_evidence/raw/run_20260926T115108Z/rank_07/strict_title_abstract/esearch_response.json","1194","918539f80131cdb11984f54ca0e2ae9ed627604da8eb9a8d4e5ffa0bd018eb63"
"data/formal_analysis/genecards_multisource_pairs_20_strict/pubmed_all_pair_evidence/raw/run_20260926T115108Z/rank_07/strict_title_abstract/parsed_articles.json","2830","e56c0cb90c869b79624c7a9b1b6aa740c055209b504bbaa5aae85ba2e76dbaa2"
"data/formal_analysis/genecards_multisource_pairs_20_strict/pubmed_all_pair_evidence/raw/run_20260926T115108Z/rank_08/broad_all_fields/esearch_request.json","1502","2bb6337d903378d0711857a018a1eeecc8a1eee26b70292d0b4e0d57783fd7d6"
"data/formal_analysis/genecards_multisource_pairs_20_strict/pubmed_all_pair_evidence/raw/run_20260926T115108Z/rank_08/broad_all_fields/esearch_response.json","1056","009fc7c29f0f0cd175009458316844d1de43adef9f1e00d541e974e854e28fff"
"data/formal_analysis/genecards_multisource_pairs_20_strict/pubmed_all_pair_evidence/raw/run_20260926T115108Z/rank_08/broad_all_fields/parsed_articles.json","2","4f53cda18c2baa0c0354bb5f9a3ecbe5ed12ab4d8e11ba873c2f11161202b945"
"data/formal_analysis/genecards_multisource_pairs_20_strict/pubmed_all_pair_evidence/raw/run_20260926T115108Z/rank_08/strict_title_abstract/esearch_request.json","1627","b034a511960a7d3618f26c543dca811000911171608c27dc98b2e4e76b6b5970"
"data/formal_analysis/genecards_multisource_pairs_20_strict/pubmed_all_pair_evidence/raw/run_20260926T115108Z/rank_08/strict_title_abstract/esearch_response.json","1104","e5bcab3560e5b00ec1477f3b19ba31e62c6329ac1c5d48cf1003d47a6303a881"
"data/formal_analysis/genecards_multisource_pairs_20_strict/pubmed_all_pair_evidence/raw/run_20260926T115108Z/rank_08/strict_title_abstract/parsed_articles.json","2","4f53cda18c2baa0c0354bb5f9a3ecbe5ed12ab4d8e11ba873c2f11161202b945"
"data/formal_analysis/genecards_multisource_pairs_20_strict/pubmed_all_pair_evidence/raw/run_20260926T115108Z/rank_09/broad_all_fields/esearch_request.json","1815","7819820b76d47d906b78cd1a18bbeea421548307a0548fd704d5b5ab74aa9669"
"data/formal_analysis/genecards_multisource_pairs_20_strict/pubmed_all_pair_evidence/raw/run_20260926T115108Z/rank_09/broad_all_fields/esearch_response.json","1199","b300c323f3924ebc6cdaff26195f147e57838ee55856057c86e70b32f0796187"
"data/formal_analysis/genecards_multisource_pairs_20_strict/pubmed_all_pair_evidence/raw/run_20260926T115108Z/rank_09/broad_all_fields/parsed_articles.json","2","4f53cda18c2baa0c0354bb5f9a3ecbe5ed12ab4d8e11ba873c2f11161202b945"
"data/formal_analysis/genecards_multisource_pairs_20_strict/pubmed_all_pair_evidence/raw/run_20260926T115108Z/rank_09/strict_title_abstract/esearch_request.json","1980","a291fc2a288b097dae4a0b8bb065b94ae635c07e99e6a5f74b4abb00566246b1"
"data/formal_analysis/genecards_multisource_pairs_20_strict/pubmed_all_pair_evidence/raw/run_20260926T115108Z/rank_09/strict_title_abstract/esearch_response.json","1263","59d347558a681ba9e0878294be722a7036171a60d1c184835e3ceae967b57839"
"data/formal_analysis/genecards_multisource_pairs_20_strict/pubmed_all_pair_evidence/raw/run_20260926T115108Z/rank_09/strict_title_abstract/parsed_articles.json","2","4f53cda18c2baa0c0354bb5f9a3ecbe5ed12ab4d8e11ba873c2f11161202b945"
"data/formal_analysis/genecards_multisource_pairs_20_strict/pubmed_all_pair_evidence/raw/run_20260926T115108Z/rank_10/broad_all_fields/esearch_request.json","1454","e7980ce206b3d4b551a243144ff9febe4db552a77f922fc67a014d0b025c3252"
"data/formal_analysis/genecards_multisource_pairs_20_strict/pubmed_all_pair_evidence/raw/run_20260926T115108Z/rank_10/broad_all_fields/esearch_response.json","1032","9897a38d92b3eae5ee4cb4b53508547925254714e37bdd0b39d586a05bffd9cc"
"data/formal_analysis/genecards_multisource_pairs_20_strict/pubmed_all_pair_evidence/raw/run_20260926T115108Z/rank_10/broad_all_fields/parsed_articles.json","2","4f53cda18c2baa0c0354bb5f9a3ecbe5ed12ab4d8e11ba873c2f11161202b945"
"data/formal_analysis/genecards_multisource_pairs_20_strict/pubmed_all_pair_evidence/raw/run_20260926T115108Z/rank_10/strict_title_abstract/esearch_request.json","1569","fa0af7a187d36053c3be6383457208a1823cd52305ce8431f50677c069b1acd1"
"data/formal_analysis/genecards_multisource_pairs_20_strict/pubmed_all_pair_evidence/raw/run_20260926T115108Z/rank_10/strict_title_abstract/esearch_response.json","1076","460ed746c523cdeec5aa72d42ef1b93852aedef0d07dba50b45bf9182dfd6708"
"data/formal_analysis/genecards_multisource_pairs_20_strict/pubmed_all_pair_evidence/raw/run_20260926T115108Z/rank_10/strict_title_abstract/parsed_articles.json","2","4f53cda18c2baa0c0354bb5f9a3ecbe5ed12ab4d8e11ba873c2f11161202b945"
"data/formal_analysis/genecards_multisource_pairs_20_strict/pubmed_all_pair_evidence/raw/run_20260926T115108Z/rank_100/broad_all_fields/esearch_request.json","1576","b742cd3a7a3dd8e2d92de1255a7f835183650a42be65f9e3deeb909251fb3c75"
"data/formal_analysis/genecards_multisource_pairs_20_strict/pubmed_all_pair_evidence/raw/run_20260926T115108Z/rank_100/broad_all_fields/esearch_response.json","1087","e59b58b7f25330049ddfcfd31619cfb30da33462c84cba07cf271a1ace86b71c"
"data/formal_analysis/genecards_multisource_pairs_20_strict/pubmed_all_pair_evidence/raw/run_20260926T115108Z/rank_100/broad_all_fields/parsed_articles.json","2","4f53cda18c2baa0c0354bb5f9a3ecbe5ed12ab4d8e11ba873c2f11161202b945"
"data/formal_analysis/genecards_multisource_pairs_20_strict/pubmed_all_pair_evidence/raw/run_20260926T115108Z/rank_100/strict_title_abstract/esearch_request.json","1711","870d3dd63751dd05db1c063eede29153061f9496214876c57136e3e730f8680b"
"data/formal_analysis/genecards_multisource_pairs_20_strict/pubmed_all_pair_evidence/raw/run_20260926T115108Z/rank_100/strict_title_abstract/esearch_response.json","1139","f2e217f22e2f2bdf2cf78b5f4afeefca27ab0a7040ba0948e136ad16e17f9408"
"data/formal_analysis/genecards_multisource_pairs_20_strict/pubmed_all_pair_evidence/raw/run_20260926T115108Z/rank_100/strict_title_abstract/parsed_articles.json","2","4f53cda18c2baa0c0354bb5f9a3ecbe5ed12ab4d8e11ba873c2f11161202b945"
"data/formal_analysis/genecards_multisource_pairs_20_strict/pubmed_all_pair_evidence/raw/run_20260926T115108Z/rank_101/broad_all_fields/esearch_request.json","1555","31784ffcaaa140dbc49e02d1be7be0fff9f3e9644a4b1b8919cbb5098909184b"
"data/formal_analysis/genecards_multisource_pairs_20_strict/pubmed_all_pair_evidence/raw/run_20260926T115108Z/rank_101/broad_all_fields/esearch_response.json","1078","6a95b71f82e7e54cae400d2916b35d169b112a9432b47f251b2fa6f3abf2bcbb"
"data/formal_analysis/genecards_multisource_pairs_20_strict/pubmed_all_pair_evidence/raw/run_20260926T115108Z/rank_101/broad_all_fields/parsed_articles.json","2","4f53cda18c2baa0c0354bb5f9a3ecbe5ed12ab4d8e11ba873c2f11161202b945"
"data/formal_analysis/genecards_multisource_pairs_20_strict/pubmed_all_pair_evidence/raw/run_20260926T115108Z/rank_101/strict_title_abstract/esearch_request.json","1690","12a2f67c1370316662d2027e38cf77fa200173dacf1b5dc34f1d81dbdf3fc646"
"data/formal_analysis/genecards_multisource_pairs_20_strict/pubmed_all_pair_evidence/raw/run_20260926T115108Z/rank_101/strict_title_abstract/esearch_response.json","1130","68c398e72fa764ab00f82cdafde88b748227e19175164266009c34f478276852"
"data/formal_analysis/genecards_multisource_pairs_20_strict/pubmed_all_pair_evidence/raw/run_20260926T115108Z/rank_101/strict_title_abstract/parsed_articles.json","2","4f53cda18c2baa0c0354bb5f9a3ecbe5ed12ab4d8e11ba873c2f11161202b945"
"data/formal_analysis/genecards_multisource_pairs_20_strict/pubmed_all_pair_evidence/raw/run_20260926T115108Z/rank_102/broad_all_fields/esearch_request.json","1617","b38ad1aa5e70ded81b8b3e0d1c51e9a3e517ff6d05953fa3fd2fbdb529ea1c8b"
"data/formal_analysis/genecards_multisource_pairs_20_strict/pubmed_all_pair_evidence/raw/run_20260926T115108Z/rank_102/broad_all_fields/esearch_response.json","1106","82e7b91b594b89802877d5c3620790aa7fde5353be1c8d3876f24ae537bda99f"
"data/formal_analysis/genecards_multisource_pairs_20_strict/pubmed_all_pair_evidence/raw/run_20260926T115108Z/rank_102/broad_all_fields/parsed_articles.json","2","4f53cda18c2baa0c0354bb5f9a3ecbe5ed12ab4d8e11ba873c2f11161202b945"
"data/formal_analysis/genecards_multisource_pairs_20_strict/pubmed_all_pair_evidence/raw/run_20260926T115108Z/rank_102/strict_title_abstract/esearch_request.json","1752","d7b68c6de2d1f67c70bbff5a7e53cbf0d0f4906fc2a3842c36990c30fdc580a7"
"data/formal_analysis/genecards_multisource_pairs_20_strict/pubmed_all_pair_evidence/raw/run_20260926T115108Z/rank_102/strict_title_abstract/esearch_response.json","1158","b84c62f53a844133a7434d1583469fb8399c981b1ae35d64f93f46de25e2882e"
"data/formal_analysis/genecards_multisource_pairs_20_strict/pubmed_all_pair_evidence/raw/run_20260926T115108Z/rank_102/strict_title_abstract/parsed_articles.json","2","4f53cda18c2baa0c0354bb5f9a3ecbe5ed12ab4d8e11ba873c2f11161202b945"
"data/formal_analysis/genecards_multisource_pairs_20_strict/pubmed_all_pair_evidence/raw/run_20260926T115108Z/rank_103/broad_all_fields/esearch_request.json","1596","11e42bc50e563e38e1b4342734fe98834f88b67068e1e1f38959a94d31b374fa"
"data/formal_analysis/genecards_multisource_pairs_20_strict/pubmed_all_pair_evidence/raw/run_20260926T115108Z/rank_103/broad_all_fields/esearch_response.json","1097","20ae6e6d0cd8478a96a7cb09c38ba1c8dfab1952ad195bfdcb15a5c491b7026f"
"data/formal_analysis/genecards_multisource_pairs_20_strict/pubmed_all_pair_evidence/raw/run_20260926T115108Z/rank_103/broad_all_fields/parsed_articles.json","2","4f53cda18c2baa0c0354bb5f9a3ecbe5ed12ab4d8e11ba873c2f11161202b945"
"data/formal_analysis/genecards_multisource_pairs_20_strict/pubmed_all_pair_evidence/raw/run_20260926T115108Z/rank_103/strict_title_abstract/esearch_request.json","1731","5fcd9937ef85adae32e47f7e2a5bd798241b9d98f00842189c061ff7e655f314"
"data/formal_analysis/genecards_multisource_pairs_20_strict/pubmed_all_pair_evidence/raw/run_20260926T115108Z/rank_103/strict_title_abstract/esearch_response.json","1149","55948fc6e27b602b16ce3c4a64fac0ab6d118d1065d6e9b7daba5ba89a6bfcdf"
"data/formal_analysis/genecards_multisource_pairs_20_strict/pubmed_all_pair_evidence/raw/run_20260926T115108Z/rank_103/strict_title_abstract/parsed_articles.json","2","4f53cda18c2baa0c0354bb5f9a3ecbe5ed12ab4d8e11ba873c2f11161202b945"
"data/formal_analysis/genecards_multisource_pairs_20_strict/pubmed_all_pair_evidence/raw/run_20260926T115108Z/rank_104/broad_all_fields/esearch_request.json","1614","91706fb2d6a171abd67b86412f6199b85639e92ebfcdc154e1284c7daffeec4b"
"data/formal_analysis/genecards_multisource_pairs_20_strict/pubmed_all_pair_evidence/raw/run_20260926T115108Z/rank_104/broad_all_fields/esearch_response.json","1101","685c7c84203876ad3749bd8b97901d3c7e9a6f57f178c59245463a18c55b36d3"
"data/formal_analysis/genecards_multisource_pairs_20_strict/pubmed_all_pair_evidence/raw/run_20260926T115108Z/rank_104/broad_all_fields/parsed_articles.json","2","4f53cda18c2baa0c0354bb5f9a3ecbe5ed12ab4d8e11ba873c2f11161202b945"
"data/formal_analysis/genecards_multisource_pairs_20_strict/pubmed_all_pair_evidence/raw/run_20260926T115108Z/rank_104/strict_title_abstract/esearch_request.json","1749","10fbd5c70579e6659555bbcde9c85e5434ae711f8feb061d2ce6f73fe5e1e730"
"data/formal_analysis/genecards_multisource_pairs_20_strict/pubmed_all_pair_evidence/raw/run_20260926T115108Z/rank_104/strict_title_abstract/esearch_response.json","1153","bd75d14b4d6465100564e3f49961c62746b83e458f49792c2384f811abb0bd57"
"data/formal_analysis/genecards_multisource_pairs_20_strict/pubmed_all_pair_evidence/raw/run_20260926T115108Z/rank_104/strict_title_abstract/parsed_articles.json","2","4f53cda18c2baa0c0354bb5f9a3ecbe5ed12ab4d8e11ba873c2f11161202b945"
"data/formal_analysis/genecards_multisource_pairs_20_strict/pubmed_all_pair_evidence/raw/run_20260926T115108Z/rank_105/broad_all_fields/esearch_request.json","1587","4ca16d5bb23e8191904b0b5cf63e2ec2d0f6d2dfe1ff50f760e99c45f30ddffe"
"data/formal_analysis/genecards_multisource_pairs_20_strict/pubmed_all_pair_evidence/raw/run_20260926T115108Z/rank_105/broad_all_fields/esearch_response.json","1089","5555a09d86e87002a79f5e63669b9bf6e52709a33d9f518fcb9b8a2aeee2c9cd"
"data/formal_analysis/genecards_multisource_pairs_20_strict/pubmed_all_pair_evidence/raw/run_20260926T115108Z/rank_105/broad_all_fields/parsed_articles.json","2","4f53cda18c2baa0c0354bb5f9a3ecbe5ed12ab4d8e11ba873c2f11161202b945"
"data/formal_analysis/genecards_multisource_pairs_20_strict/pubmed_all_pair_evidence/raw/run_20260926T115108Z/rank_105/strict_title_abstract/esearch_request.json","1722","0bf55614d4a3079bc1e021f3c8a6a9a19582545a84bd1615973b7d54e5202a12"
"data/formal_analysis/genecards_multisource_pairs_20_strict/pubmed_all_pair_evidence/raw/run_20260926T115108Z/rank_105/strict_title_abstract/esearch_response.json","1141","a48bd8fdc2c6a9baf06eaada5fc8242ec1e548f5873527302313d2528090baa9"
"data/formal_analysis/genecards_multisource_pairs_20_strict/pubmed_all_pair_evidence/raw/run_20260926T115108Z/rank_105/strict_title_abstract/parsed_articles.json","2","4f53cda18c2baa0c0354bb5f9a3ecbe5ed12ab4d8e11ba873c2f11161202b945"
"data/formal_analysis/genecards_multisource_pairs_20_strict/pubmed_all_pair_evidence/raw/run_20260926T115108Z/rank_106/broad_all_fields/esearch_request.json","1566","2f4fd11befd6cc56ca74025eb6ccf7da788e93f0b9999fe8ac28906481c09087"
"data/formal_analysis/genecards_multisource_pairs_20_strict/pubmed_all_pair_evidence/raw/run_20260926T115108Z/rank_106/broad_all_fields/esearch_response.json","1080","8f4bc5e8a9e0f5eb1bae4029574f51fdd35b162a447e985a70ef58a220b6f889"
"data/formal_analysis/genecards_multisource_pairs_20_strict/pubmed_all_pair_evidence/raw/run_20260926T115108Z/rank_106/broad_all_fields/parsed_articles.json","2","4f53cda18c2baa0c0354bb5f9a3ecbe5ed12ab4d8e11ba873c2f11161202b945"
"data/formal_analysis/genecards_multisource_pairs_20_strict/pubmed_all_pair_evidence/raw/run_20260926T115108Z/rank_106/strict_title_abstract/esearch_request.json","1701","815e755ea14e12443e6904ad27beb0a8b025ad9ddd5a82db36a92fa70b3359c2"
"data/formal_analysis/genecards_multisource_pairs_20_strict/pubmed_all_pair_evidence/raw/run_20260926T115108Z/rank_106/strict_title_abstract/esearch_response.json","1132","56f8f054f77c7beff2fdb4ec372a5f796c2df8ea1371a18b2439effdc9d28ff3"
"data/formal_analysis/genecards_multisource_pairs_20_strict/pubmed_all_pair_evidence/raw/run_20260926T115108Z/rank_106/strict_title_abstract/parsed_articles.json","2","4f53cda18c2baa0c0354bb5f9a3ecbe5ed12ab4d8e11ba873c2f11161202b945"
"data/formal_analysis/genecards_multisource_pairs_20_strict/pubmed_all_pair_evidence/raw/run_20260926T115108Z/rank_11/broad_all_fields/esearch_request.json","1440","1d1599f28bf285078d9fa18763898f83619257c79bcdd521423e111347ceb32d"
"data/formal_analysis/genecards_multisource_pairs_20_strict/pubmed_all_pair_evidence/raw/run_20260926T115108Z/rank_11/broad_all_fields/esearch_response.json","1025","7e34402748050d89b2710947d4f68617bd3e2fd694053642384510af28fcc792"
"data/formal_analysis/genecards_multisource_pairs_20_strict/pubmed_all_pair_evidence/raw/run_20260926T115108Z/rank_11/broad_all_fields/parsed_articles.json","2","4f53cda18c2baa0c0354bb5f9a3ecbe5ed12ab4d8e11ba873c2f11161202b945"
"data/formal_analysis/genecards_multisource_pairs_20_strict/pubmed_all_pair_evidence/raw/run_20260926T115108Z/rank_11/strict_title_abstract/esearch_request.json","1555","1c87d8c871ee549fbed6b4b4e5f8f69e7f8fdb101ca576bafbad5e13f829c54c"
"data/formal_analysis/genecards_multisource_pairs_20_strict/pubmed_all_pair_evidence/raw/run_20260926T115108Z/rank_11/strict_title_abstract/esearch_response.json","1069","bbdb6dc1397f61112487e247f9e7bec9ab5f89181dc321ae4dc7b92f947893ff"
"data/formal_analysis/genecards_multisource_pairs_20_strict/pubmed_all_pair_evidence/raw/run_20260926T115108Z/rank_11/strict_title_abstract/parsed_articles.json","2","4f53cda18c2baa0c0354bb5f9a3ecbe5ed12ab4d8e11ba873c2f11161202b945"
"data/formal_analysis/genecards_multisource_pairs_20_strict/pubmed_all_pair_evidence/raw/run_20260926T115108Z/rank_12/broad_all_fields/esearch_request.json","1583","8468da1399349a907c23c13011a563156cdf9c905caa962e8d4782f38f7401e5"
"data/formal_analysis/genecards_multisource_pairs_20_strict/pubmed_all_pair_evidence/raw/run_20260926T115108Z/rank_12/broad_all_fields/esearch_response.json","1091","a9f11054d976637c9f0609316bd3a0ebe12fb5eadc09c49cd2ea86a81d06fe38"
"data/formal_analysis/genecards_multisource_pairs_20_strict/pubmed_all_pair_evidence/raw/run_20260926T115108Z/rank_12/broad_all_fields/parsed_articles.json","2","4f53cda18c2baa0c0354bb5f9a3ecbe5ed12ab4d8e11ba873c2f11161202b945"
"data/formal_analysis/genecards_multisource_pairs_20_strict/pubmed_all_pair_evidence/raw/run_20260926T115108Z/rank_12/strict_title_abstract/esearch_request.json","1718","3b09ddf0743f8ea20b8281fa0bd69081ef06bed1447d4d8f4688caac52efa2fa"
"data/formal_analysis/genecards_multisource_pairs_20_strict/pubmed_all_pair_evidence/raw/run_20260926T115108Z/rank_12/strict_title_abstract/esearch_response.json","1143","8282d8c1a05a06e2580a10906a100c10ddcbb1a3d3af5cee97475bb1a9454f78"
"data/formal_analysis/genecards_multisource_pairs_20_strict/pubmed_all_pair_evidence/raw/run_20260926T115108Z/rank_12/strict_title_abstract/parsed_articles.json","2","4f53cda18c2baa0c0354bb5f9a3ecbe5ed12ab4d8e11ba873c2f11161202b945"
"data/formal_analysis/genecards_multisource_pairs_20_strict/pubmed_all_pair_evidence/raw/run_20260926T115108Z/rank_13/broad_all_fields/esearch_request.json","1611","e6556d712708ddf65fdbb099e7598ab4ca50d65e8201e7611bbcb5f5c9fa0e2a"
"data/formal_analysis/genecards_multisource_pairs_20_strict/pubmed_all_pair_evidence/raw/run_20260926T115108Z/rank_13/broad_all_fields/esearch_response.json","1105","d65b54a2a3922857d248bb0102522c2e254b46d7c019d007d7ad5a07593697f9"
"data/formal_analysis/genecards_multisource_pairs_20_strict/pubmed_all_pair_evidence/raw/run_20260926T115108Z/rank_13/broad_all_fields/parsed_articles.json","2","4f53cda18c2baa0c0354bb5f9a3ecbe5ed12ab4d8e11ba873c2f11161202b945"
"data/formal_analysis/genecards_multisource_pairs_20_strict/pubmed_all_pair_evidence/raw/run_20260926T115108Z/rank_13/strict_title_abstract/esearch_request.json","1746","6fb7d1eca016c1e6192ed7bb6fb159b105c9f42febfdfc2859c5f8dac366ff01"
"data/formal_analysis/genecards_multisource_pairs_20_strict/pubmed_all_pair_evidence/raw/run_20260926T115108Z/rank_13/strict_title_abstract/esearch_response.json","1157","898bd6b33274690b9dd8f487de4ca369db51459930073ac6b37c33ff4b86606c"
"data/formal_analysis/genecards_multisource_pairs_20_strict/pubmed_all_pair_evidence/raw/run_20260926T115108Z/rank_13/strict_title_abstract/parsed_articles.json","2","4f53cda18c2baa0c0354bb5f9a3ecbe5ed12ab4d8e11ba873c2f11161202b945"
"data/formal_analysis/genecards_multisource_pairs_20_strict/pubmed_all_pair_evidence/raw/run_20260926T115108Z/rank_14/broad_all_fields/esearch_request.json","1618","5d4518dc9a9a4afd79b50d55ec1e47431f4e89545e3287e187a27afe4c740324"
"data/formal_analysis/genecards_multisource_pairs_20_strict/pubmed_all_pair_evidence/raw/run_20260926T115108Z/rank_14/broad_all_fields/esearch_response.json","1107","f5f7ca24f444f8b93f883b73f353d94ce18c7cdc66aaab73b6bdf98b002ffcd0"
"data/formal_analysis/genecards_multisource_pairs_20_strict/pubmed_all_pair_evidence/raw/run_20260926T115108Z/rank_14/broad_all_fields/parsed_articles.json","2","4f53cda18c2baa0c0354bb5f9a3ecbe5ed12ab4d8e11ba873c2f11161202b945"
"data/formal_analysis/genecards_multisource_pairs_20_strict/pubmed_all_pair_evidence/raw/run_20260926T115108Z/rank_14/strict_title_abstract/esearch_request.json","1753","f8c04c6c694af9b78fc935a716118aa0b7a1fef0cf11a2b31033a4fa35339d16"
"data/formal_analysis/genecards_multisource_pairs_20_strict/pubmed_all_pair_evidence/raw/run_20260926T115108Z/rank_14/strict_title_abstract/esearch_response.json","1159","29bcbc923b82405111c187d40a598b43082bf616bbc84f7f62b8ccedafc040a7"
"data/formal_analysis/genecards_multisource_pairs_20_strict/pubmed_all_pair_evidence/raw/run_20260926T115108Z/rank_14/strict_title_abstract/parsed_articles.json","2","4f53cda18c2baa0c0354bb5f9a3ecbe5ed12ab4d8e11ba873c2f11161202b945"
"data/formal_analysis/genecards_multisource_pairs_20_strict/pubmed_all_pair_evidence/raw/run_20260926T115108Z/rank_15/broad_all_fields/esearch_request.json","1587","b3758164245ea8bd5a3fece8ff5447174836095ea3d92c270acc36956f2d9271"
"data/formal_analysis/genecards_multisource_pairs_20_strict/pubmed_all_pair_evidence/raw/run_20260926T115108Z/rank_15/broad_all_fields/esearch_response.json","1094","e519e8a43585cb14aeb0ba2cef10fb69d2a1e991f3ad204b239ac4a9d6433ed4"
"data/formal_analysis/genecards_multisource_pairs_20_strict/pubmed_all_pair_evidence/raw/run_20260926T115108Z/rank_15/broad_all_fields/parsed_articles.json","2","4f53cda18c2baa0c0354bb5f9a3ecbe5ed12ab4d8e11ba873c2f11161202b945"
"data/formal_analysis/genecards_multisource_pairs_20_strict/pubmed_all_pair_evidence/raw/run_20260926T115108Z/rank_15/strict_title_abstract/esearch_request.json","1722","7e1b9fac1d9d24d658eb8b500c4cf526c2852b64c9a364edf5a3b58749ff81d6"
"data/formal_analysis/genecards_multisource_pairs_20_strict/pubmed_all_pair_evidence/raw/run_20260926T115108Z/rank_15/strict_title_abstract/esearch_response.json","1146","24a56e3d25183d65708984fb58e7a2b6b4eee028f81648266086234602ddae7b"
"data/formal_analysis/genecards_multisource_pairs_20_strict/pubmed_all_pair_evidence/raw/run_20260926T115108Z/rank_15/strict_title_abstract/parsed_articles.json","2","4f53cda18c2baa0c0354bb5f9a3ecbe5ed12ab4d8e11ba873c2f11161202b945"
"data/formal_analysis/genecards_multisource_pairs_20_strict/pubmed_all_pair_evidence/raw/run_20260926T115108Z/rank_16/broad_all_fields/esearch_request.json","1763","ae46e924a29ccc6b60f50e0059708d4daf36b98147a18ff6a3c677b5aeb30e14"
"data/formal_analysis/genecards_multisource_pairs_20_strict/pubmed_all_pair_evidence/raw/run_20260926T115108Z/rank_16/broad_all_fields/esearch_response.json","1175","1c533d6ef211ccea75e36bc663dcb8cb04cafbd63a4e309e82b2ad68054a4f73"
"data/formal_analysis/genecards_multisource_pairs_20_strict/pubmed_all_pair_evidence/raw/run_20260926T115108Z/rank_16/broad_all_fields/parsed_articles.json","2","4f53cda18c2baa0c0354bb5f9a3ecbe5ed12ab4d8e11ba873c2f11161202b945"
"data/formal_analysis/genecards_multisource_pairs_20_strict/pubmed_all_pair_evidence/raw/run_20260926T115108Z/rank_16/strict_title_abstract/esearch_request.json","1918","9f00d077fdb6a78d5154fcc0278c62bdb1091448b6a566f093a99d2970fdf8fe"
"data/formal_analysis/genecards_multisource_pairs_20_strict/pubmed_all_pair_evidence/raw/run_20260926T115108Z/rank_16/strict_title_abstract/esearch_response.json","1235","80452abd186b72b6372e032aba52ab2401bc489658b6fcd81df3474fb9110d4f"
"data/formal_analysis/genecards_multisource_pairs_20_strict/pubmed_all_pair_evidence/raw/run_20260926T115108Z/rank_16/strict_title_abstract/parsed_articles.json","2","4f53cda18c2baa0c0354bb5f9a3ecbe5ed12ab4d8e11ba873c2f11161202b945"
"data/formal_analysis/genecards_multisource_pairs_20_strict/pubmed_all_pair_evidence/raw/run_20260926T115108Z/rank_17/broad_all_fields/esearch_request.json","1630","1887d8fd225780d0bfff5d0404b61d73369ff3a316a996e8426d4427bafd4d7a"
"data/formal_analysis/genecards_multisource_pairs_20_strict/pubmed_all_pair_evidence/raw/run_20260926T115108Z/rank_17/broad_all_fields/esearch_response.json","1113","b77d9fb80bd09c9170256415db994919636b0e1077bbe55bb6084727c02cbf4b"
"data/formal_analysis/genecards_multisource_pairs_20_strict/pubmed_all_pair_evidence/raw/run_20260926T115108Z/rank_17/broad_all_fields/parsed_articles.json","2","4f53cda18c2baa0c0354bb5f9a3ecbe5ed12ab4d8e11ba873c2f11161202b945"
"data/formal_analysis/genecards_multisource_pairs_20_strict/pubmed_all_pair_evidence/raw/run_20260926T115108Z/rank_17/strict_title_abstract/esearch_request.json","1765","9676b3222779204e5149746aa191d573a9706f49b75e841ee854db77ca3bbbe7"
"data/formal_analysis/genecards_multisource_pairs_20_strict/pubmed_all_pair_evidence/raw/run_20260926T115108Z/rank_17/strict_title_abstract/esearch_response.json","1165","1fc5e74acd7b89ab891be4d94be8dc4fda96f82c5f72aae63575f206afc88a33"
"data/formal_analysis/genecards_multisource_pairs_20_strict/pubmed_all_pair_evidence/raw/run_20260926T115108Z/rank_17/strict_title_abstract/parsed_articles.json","2","4f53cda18c2baa0c0354bb5f9a3ecbe5ed12ab4d8e11ba873c2f11161202b945"
"data/formal_analysis/genecards_multisource_pairs_20_strict/pubmed_all_pair_evidence/raw/run_20260926T115108Z/rank_18/broad_all_fields/esearch_request.json","1616","ed91d37c95435913d2b07036ecca32345c39ba3c84403efea1cabb1d4bccaa05"
"data/formal_analysis/genecards_multisource_pairs_20_strict/pubmed_all_pair_evidence/raw/run_20260926T115108Z/rank_18/broad_all_fields/esearch_response.json","1106","f9c1d059edbc1ff9cacc790f4b14c55c299f59b4c603d2cb9c564f9de784edc1"
"data/formal_analysis/genecards_multisource_pairs_20_strict/pubmed_all_pair_evidence/raw/run_20260926T115108Z/rank_18/broad_all_fields/parsed_articles.json","2","4f53cda18c2baa0c0354bb5f9a3ecbe5ed12ab4d8e11ba873c2f11161202b945"
"data/formal_analysis/genecards_multisource_pairs_20_strict/pubmed_all_pair_evidence/raw/run_20260926T115108Z/rank_18/strict_title_abstract/esearch_request.json","1751","8c62141069e7a6a8d744faaabdc4e21da79645f2db7211ad6c953c375b045d3c"
"data/formal_analysis/genecards_multisource_pairs_20_strict/pubmed_all_pair_evidence/raw/run_20260926T115108Z/rank_18/strict_title_abstract/esearch_response.json","1158","0ab7ad3a83acfa8c7d5bf2e652d6afd543f009293ef4e86ad2640545babbc64a"
"data/formal_analysis/genecards_multisource_pairs_20_strict/pubmed_all_pair_evidence/raw/run_20260926T115108Z/rank_18/strict_title_abstract/parsed_articles.json","2","4f53cda18c2baa0c0354bb5f9a3ecbe5ed12ab4d8e11ba873c2f11161202b945"
"data/formal_analysis/genecards_multisource_pairs_20_strict/pubmed_all_pair_evidence/raw/run_20260926T115108Z/rank_19/broad_all_fields/esearch_request.json","1597","f04e7004c72f7236b67408a4b75512f39bc3136e13303793fa0af9901fdcce34"
"data/formal_analysis/genecards_multisource_pairs_20_strict/pubmed_all_pair_evidence/raw/run_20260926T115108Z/rank_19/broad_all_fields/esearch_response.json","1098","602f7bd06b32fc212d8363d779147fae8aca228f34bdfc35a60932cc8b731869"
"data/formal_analysis/genecards_multisource_pairs_20_strict/pubmed_all_pair_evidence/raw/run_20260926T115108Z/rank_19/broad_all_fields/parsed_articles.json","2","4f53cda18c2baa0c0354bb5f9a3ecbe5ed12ab4d8e11ba873c2f11161202b945"
"data/formal_analysis/genecards_multisource_pairs_20_strict/pubmed_all_pair_evidence/raw/run_20260926T115108Z/rank_19/strict_title_abstract/esearch_request.json","1732","72dd43071ba12cbf962368278ed6536db6a39dcdbdcb0dae6f8c7fa4831e2b53"
"data/formal_analysis/genecards_multisource_pairs_20_strict/pubmed_all_pair_evidence/raw/run_20260926T115108Z/rank_19/strict_title_abstract/esearch_response.json","1150","88b85c15a25bd8cc8be5b2b2bfd531089abc2f90bf6caf34c36c01bb9cc83e67"
"data/formal_analysis/genecards_multisource_pairs_20_strict/pubmed_all_pair_evidence/raw/run_20260926T115108Z/rank_19/strict_title_abstract/parsed_articles.json","2","4f53cda18c2baa0c0354bb5f9a3ecbe5ed12ab4d8e11ba873c2f11161202b945"
"data/formal_analysis/genecards_multisource_pairs_20_strict/pubmed_all_pair_evidence/raw/run_20260926T115108Z/rank_20/broad_all_fields/esearch_request.json","1426","0c7ea111eb17f360f75ef356850d3fd699a09aa20888b5a360e4623e8e3f400f"
"data/formal_analysis/genecards_multisource_pairs_20_strict/pubmed_all_pair_evidence/raw/run_20260926T115108Z/rank_20/broad_all_fields/esearch_response.json","1018","e6e2d9667e0b007a5148e22b7670f8d10e131efcdf6d4babda2d7f831f5ff12b"
"data/formal_analysis/genecards_multisource_pairs_20_strict/pubmed_all_pair_evidence/raw/run_20260926T115108Z/rank_20/broad_all_fields/parsed_articles.json","2","4f53cda18c2baa0c0354bb5f9a3ecbe5ed12ab4d8e11ba873c2f11161202b945"
"data/formal_analysis/genecards_multisource_pairs_20_strict/pubmed_all_pair_evidence/raw/run_20260926T115108Z/rank_20/strict_title_abstract/esearch_request.json","1541","3e0325aace35d9a67f5009ff9a9f47b317ab0c91f25e6cc3ff2670380325a4c3"
"data/formal_analysis/genecards_multisource_pairs_20_strict/pubmed_all_pair_evidence/raw/run_20260926T115108Z/rank_20/strict_title_abstract/esearch_response.json","1062","57675d1fe4c325a40b337c74db40c6e9718424f63ba131f6816256214f603509"
"data/formal_analysis/genecards_multisource_pairs_20_strict/pubmed_all_pair_evidence/raw/run_20260926T115108Z/rank_20/strict_title_abstract/parsed_articles.json","2","4f53cda18c2baa0c0354bb5f9a3ecbe5ed12ab4d8e11ba873c2f11161202b945"
"data/formal_analysis/genecards_multisource_pairs_20_strict/pubmed_all_pair_evidence/raw/run_20260926T115108Z/rank_21/broad_all_fields/esearch_request.json","1407","af68b11fa15db92a9c4e4a4f1c26af367d77c5ed3b955e0aa2116c89b021f329"
"data/formal_analysis/genecards_multisource_pairs_20_strict/pubmed_all_pair_evidence/raw/run_20260926T115108Z/rank_21/broad_all_fields/esearch_response.json","1010","5cf82775586545544a8be627aa880e8b0a1133778882b07a0506e1e41f11419a"
"data/formal_analysis/genecards_multisource_pairs_20_strict/pubmed_all_pair_evidence/raw/run_20260926T115108Z/rank_21/broad_all_fields/parsed_articles.json","2","4f53cda18c2baa0c0354bb5f9a3ecbe5ed12ab4d8e11ba873c2f11161202b945"
"data/formal_analysis/genecards_multisource_pairs_20_strict/pubmed_all_pair_evidence/raw/run_20260926T115108Z/rank_21/strict_title_abstract/esearch_request.json","1522","4c24e602eea906ed5647fff97897cec219f28245608da93ce0dc50db848c9932"
"data/formal_analysis/genecards_multisource_pairs_20_strict/pubmed_all_pair_evidence/raw/run_20260926T115108Z/rank_21/strict_title_abstract/esearch_response.json","1054","2bf762dea18029be45dab7f6d1678f42cd7046974025f01013159ec06f8ef9ab"
"data/formal_analysis/genecards_multisource_pairs_20_strict/pubmed_all_pair_evidence/raw/run_20260926T115108Z/rank_21/strict_title_abstract/parsed_articles.json","2","4f53cda18c2baa0c0354bb5f9a3ecbe5ed12ab4d8e11ba873c2f11161202b945"
"data/formal_analysis/genecards_multisource_pairs_20_strict/pubmed_all_pair_evidence/raw/run_20260926T115108Z/rank_22/broad_all_fields/esearch_request.json","1421","337dbcd7c86802ad89b3af577f705fd8b1bd6382535c3a88466ce8f41d84fcb4"
"data/formal_analysis/genecards_multisource_pairs_20_strict/pubmed_all_pair_evidence/raw/run_20260926T115108Z/rank_22/broad_all_fields/esearch_response.json","1017","efc18f20c4c3dedaa6cb88e9f6cdfe3a66b10d7ef06fe06ce26beeed01186c3d"
"data/formal_analysis/genecards_multisource_pairs_20_strict/pubmed_all_pair_evidence/raw/run_20260926T115108Z/rank_22/broad_all_fields/parsed_articles.json","2","4f53cda18c2baa0c0354bb5f9a3ecbe5ed12ab4d8e11ba873c2f11161202b945"
"data/formal_analysis/genecards_multisource_pairs_20_strict/pubmed_all_pair_evidence/raw/run_20260926T115108Z/rank_22/strict_title_abstract/esearch_request.json","1536","e1aa60e388067cc452d553944e0306baa976368d40d97533ad44762017df67c8"
"data/formal_analysis/genecards_multisource_pairs_20_strict/pubmed_all_pair_evidence/raw/run_20260926T115108Z/rank_22/strict_title_abstract/esearch_response.json","1061","fb74dc2e90067479308ca3eeedc4c3379e5dda639f69954e48e1de2194d97487"
"data/formal_analysis/genecards_multisource_pairs_20_strict/pubmed_all_pair_evidence/raw/run_20260926T115108Z/rank_22/strict_title_abstract/parsed_articles.json","2","4f53cda18c2baa0c0354bb5f9a3ecbe5ed12ab4d8e11ba873c2f11161202b945"
"data/formal_analysis/genecards_multisource_pairs_20_strict/pubmed_all_pair_evidence/raw/run_20260926T115108Z/rank_23/broad_all_fields/esearch_request.json","1461","8ba09dcb334fff235fff48f7c6b6a28030a38773b39e06a8b01ba77d5d37d685"
"data/formal_analysis/genecards_multisource_pairs_20_strict/pubmed_all_pair_evidence/raw/run_20260926T115108Z/rank_23/broad_all_fields/esearch_response.json","1037","2400caed44a0443e5d738afc299ef1f7a2ae7586f840b7f8bb73367fce074d0b"
"data/formal_analysis/genecards_multisource_pairs_20_strict/pubmed_all_pair_evidence/raw/run_20260926T115108Z/rank_23/broad_all_fields/parsed_articles.json","2","4f53cda18c2baa0c0354bb5f9a3ecbe5ed12ab4d8e11ba873c2f11161202b945"
"data/formal_analysis/genecards_multisource_pairs_20_strict/pubmed_all_pair_evidence/raw/run_20260926T115108Z/rank_23/strict_title_abstract/esearch_request.json","1576","acdbcf6e95f0ce348ddbc331c65445d199ec4181c4db62a3e228299b1102e034"
"data/formal_analysis/genecards_multisource_pairs_20_strict/pubmed_all_pair_evidence/raw/run_20260926T115108Z/rank_23/strict_title_abstract/esearch_response.json","1081","2ca517d907dceef532d966f25b9d558fcdd25c065f2c01f132efc98620e3c6c8"
"data/formal_analysis/genecards_multisource_pairs_20_strict/pubmed_all_pair_evidence/raw/run_20260926T115108Z/rank_23/strict_title_abstract/parsed_articles.json","2","4f53cda18c2baa0c0354bb5f9a3ecbe5ed12ab4d8e11ba873c2f11161202b945"
"data/formal_analysis/genecards_multisource_pairs_20_strict/pubmed_all_pair_evidence/raw/run_20260926T115108Z/rank_24/broad_all_fields/esearch_request.json","1479","abb8738bdb076e3d6a664ccb665a69072ce74950c380672f4dd4524b33458d30"
"data/formal_analysis/genecards_multisource_pairs_20_strict/pubmed_all_pair_evidence/raw/run_20260926T115108Z/rank_24/broad_all_fields/esearch_response.json","1066","e2379ad6f5c30a0d623de3b1684f77b83b8c16a63ce61a5d4ab97124a15a9459"
"data/formal_analysis/genecards_multisource_pairs_20_strict/pubmed_all_pair_evidence/raw/run_20260926T115108Z/rank_24/broad_all_fields/parsed_articles.json","2","4f53cda18c2baa0c0354bb5f9a3ecbe5ed12ab4d8e11ba873c2f11161202b945"
"data/formal_analysis/genecards_multisource_pairs_20_strict/pubmed_all_pair_evidence/raw/run_20260926T115108Z/rank_24/strict_title_abstract/esearch_request.json","1594","9039f7c7908bfd62b2ecaa026f4b034ff243ea5d9595c7beb7d501dd30dbcd41"
"data/formal_analysis/genecards_multisource_pairs_20_strict/pubmed_all_pair_evidence/raw/run_20260926T115108Z/rank_24/strict_title_abstract/esearch_response.json","1110","66c2bc4a1b4d45b574929e583af64e9a7284ffa8668f3dae39cb537c0ff56534"
"data/formal_analysis/genecards_multisource_pairs_20_strict/pubmed_all_pair_evidence/raw/run_20260926T115108Z/rank_24/strict_title_abstract/parsed_articles.json","2","4f53cda18c2baa0c0354bb5f9a3ecbe5ed12ab4d8e11ba873c2f11161202b945"
"data/formal_analysis/genecards_multisource_pairs_20_strict/pubmed_all_pair_evidence/raw/run_20260926T115108Z/rank_25/broad_all_fields/esearch_request.json","1435","f3cadeb869c28ffc993aebe8eca3f587c06da12aa33297b22d89a9d6a2adb375"
"data/formal_analysis/genecards_multisource_pairs_20_strict/pubmed_all_pair_evidence/raw/run_20260926T115108Z/rank_25/broad_all_fields/esearch_response.json","1024","1cd3b47b415b264aba30d6b2b3edbc2d83a25023a25fe9a9a7401b476451f140"
"data/formal_analysis/genecards_multisource_pairs_20_strict/pubmed_all_pair_evidence/raw/run_20260926T115108Z/rank_25/broad_all_fields/parsed_articles.json","2","4f53cda18c2baa0c0354bb5f9a3ecbe5ed12ab4d8e11ba873c2f11161202b945"
"data/formal_analysis/genecards_multisource_pairs_20_strict/pubmed_all_pair_evidence/raw/run_20260926T115108Z/rank_25/strict_title_abstract/esearch_request.json","1550","906ec6df5f18975f4893e82da760735e2d564582e5d7b47d9ef1a95364189c75"
"data/formal_analysis/genecards_multisource_pairs_20_strict/pubmed_all_pair_evidence/raw/run_20260926T115108Z/rank_25/strict_title_abstract/esearch_response.json","1068","89d6de5928e0aed33046c58c42af629e7dfda1edb16399206d3b1bff753bf326"
"data/formal_analysis/genecards_multisource_pairs_20_strict/pubmed_all_pair_evidence/raw/run_20260926T115108Z/rank_25/strict_title_abstract/parsed_articles.json","2","4f53cda18c2baa0c0354bb5f9a3ecbe5ed12ab4d8e11ba873c2f11161202b945"
"data/formal_analysis/genecards_multisource_pairs_20_strict/pubmed_all_pair_evidence/raw/run_20260926T115108Z/rank_26/broad_all_fields/esearch_request.json","1442","bf38765e690223912dcc498ea352a5964e7d4234a9c0cd693cfd8b6aab59af12"
"data/formal_analysis/genecards_multisource_pairs_20_strict/pubmed_all_pair_evidence/raw/run_20260926T115108Z/rank_26/broad_all_fields/esearch_response.json","1026","623499632fc56f21bd839b8b51dbe64ddb7d28f28eedcf15be2d5c9cf231f1de"
"data/formal_analysis/genecards_multisource_pairs_20_strict/pubmed_all_pair_evidence/raw/run_20260926T115108Z/rank_26/broad_all_fields/parsed_articles.json","2","4f53cda18c2baa0c0354bb5f9a3ecbe5ed12ab4d8e11ba873c2f11161202b945"
"data/formal_analysis/genecards_multisource_pairs_20_strict/pubmed_all_pair_evidence/raw/run_20260926T115108Z/rank_26/strict_title_abstract/esearch_request.json","1557","d79b851af5bd6a4d685d8abbb5fe1aa3e51ad04512e4a0d76f47ff26b2307298"
"data/formal_analysis/genecards_multisource_pairs_20_strict/pubmed_all_pair_evidence/raw/run_20260926T115108Z/rank_26/strict_title_abstract/esearch_response.json","1070","e73a970e69577935ad50db46821dec26f6f59d714e1c685d3c038201c079efbb"
"data/formal_analysis/genecards_multisource_pairs_20_strict/pubmed_all_pair_evidence/raw/run_20260926T115108Z/rank_26/strict_title_abstract/parsed_articles.json","2","4f53cda18c2baa0c0354bb5f9a3ecbe5ed12ab4d8e11ba873c2f11161202b945"
"data/formal_analysis/genecards_multisource_pairs_20_strict/pubmed_all_pair_evidence/raw/run_20260926T115108Z/rank_27/broad_all_fields/esearch_request.json","1437","c2797ccddbd6b1977d77c00e9b2b309220e2349f0ba1f5137dda5a433b8d03b2"
"data/formal_analysis/genecards_multisource_pairs_20_strict/pubmed_all_pair_evidence/raw/run_20260926T115108Z/rank_27/broad_all_fields/esearch_response.json","1025","92cdb5bc49b648547b61e179d3ab694beadfa181f0f660de9fcf000818272895"
"data/formal_analysis/genecards_multisource_pairs_20_strict/pubmed_all_pair_evidence/raw/run_20260926T115108Z/rank_27/broad_all_fields/parsed_articles.json","2","4f53cda18c2baa0c0354bb5f9a3ecbe5ed12ab4d8e11ba873c2f11161202b945"
"data/formal_analysis/genecards_multisource_pairs_20_strict/pubmed_all_pair_evidence/raw/run_20260926T115108Z/rank_27/strict_title_abstract/esearch_request.json","1552","540016883b854aac60e2300d348cbd8e9391cfb82dc3a67cef189a2d24758bee"
"data/formal_analysis/genecards_multisource_pairs_20_strict/pubmed_all_pair_evidence/raw/run_20260926T115108Z/rank_27/strict_title_abstract/esearch_response.json","1069","066dd1f8d167380b5855f49603ed4cfde31ae855d7c2a08461fe66f6b5106970"
"data/formal_analysis/genecards_multisource_pairs_20_strict/pubmed_all_pair_evidence/raw/run_20260926T115108Z/rank_27/strict_title_abstract/parsed_articles.json","2","4f53cda18c2baa0c0354bb5f9a3ecbe5ed12ab4d8e11ba873c2f11161202b945"
"data/formal_analysis/genecards_multisource_pairs_20_strict/pubmed_all_pair_evidence/raw/run_20260926T115108Z/rank_28/broad_all_fields/esearch_request.json","1443","3aa1dd2cc25c96976b7e89aa1271b658a32d1ba413df74d6febb95d0b93f9bf6"
"data/formal_analysis/genecards_multisource_pairs_20_strict/pubmed_all_pair_evidence/raw/run_20260926T115108Z/rank_28/broad_all_fields/esearch_response.json","1027","aee37f1176ed694e4757e7be3630a129d7654af655d254ef083bb21ce066ac0e"
"data/formal_analysis/genecards_multisource_pairs_20_strict/pubmed_all_pair_evidence/raw/run_20260926T115108Z/rank_28/broad_all_fields/parsed_articles.json","2","4f53cda18c2baa0c0354bb5f9a3ecbe5ed12ab4d8e11ba873c2f11161202b945"
"data/formal_analysis/genecards_multisource_pairs_20_strict/pubmed_all_pair_evidence/raw/run_20260926T115108Z/rank_28/strict_title_abstract/esearch_request.json","1558","e3916266cd3ed122f1be12e5bce5ec51f8ab2749963139bf6baf7c890e19d7b1"
"data/formal_analysis/genecards_multisource_pairs_20_strict/pubmed_all_pair_evidence/raw/run_20260926T115108Z/rank_28/strict_title_abstract/esearch_response.json","1071","467028504dc7892c2f4e758e1bffa736121ecf5d26bbcb1633d9936b100bab64"
"data/formal_analysis/genecards_multisource_pairs_20_strict/pubmed_all_pair_evidence/raw/run_20260926T115108Z/rank_28/strict_title_abstract/parsed_articles.json","2","4f53cda18c2baa0c0354bb5f9a3ecbe5ed12ab4d8e11ba873c2f11161202b945"
"data/formal_analysis/genecards_multisource_pairs_20_strict/pubmed_all_pair_evidence/raw/run_20260926T115108Z/rank_29/broad_all_fields/esearch_request.json","1467","4d22ff8d3d0837cf2456147665663fbb2a93d29709e523ce0532797cad3e4e3f"
"data/formal_analysis/genecards_multisource_pairs_20_strict/pubmed_all_pair_evidence/raw/run_20260926T115108Z/rank_29/broad_all_fields/esearch_response.json","1037","c562ae3e05210c3bcba001dbb795a61f439292bdd28771e656e413cc82ea03e8"
"data/formal_analysis/genecards_multisource_pairs_20_strict/pubmed_all_pair_evidence/raw/run_20260926T115108Z/rank_29/broad_all_fields/parsed_articles.json","2","4f53cda18c2baa0c0354bb5f9a3ecbe5ed12ab4d8e11ba873c2f11161202b945"
"data/formal_analysis/genecards_multisource_pairs_20_strict/pubmed_all_pair_evidence/raw/run_20260926T115108Z/rank_29/strict_title_abstract/esearch_request.json","1582","f85eaa37a071219152db000591257816cac0bac7d9f356920c48c0d9a6c8f7fa"
"data/formal_analysis/genecards_multisource_pairs_20_strict/pubmed_all_pair_evidence/raw/run_20260926T115108Z/rank_29/strict_title_abstract/esearch_response.json","1081","b32a15b16ea2ec2565b19e5d22173c8f218801bbb3e52d71b9780253733a8d50"
"data/formal_analysis/genecards_multisource_pairs_20_strict/pubmed_all_pair_evidence/raw/run_20260926T115108Z/rank_29/strict_title_abstract/parsed_articles.json","2","4f53cda18c2baa0c0354bb5f9a3ecbe5ed12ab4d8e11ba873c2f11161202b945"
"data/formal_analysis/genecards_multisource_pairs_20_strict/pubmed_all_pair_evidence/raw/run_20260926T115108Z/rank_30/broad_all_fields/esearch_request.json","1497","7f030a5c92ac4698a5c9922114a60b37f429e54a16a5c246a5a6d72bda44bdd4"
"data/formal_analysis/genecards_multisource_pairs_20_strict/pubmed_all_pair_evidence/raw/run_20260926T115108Z/rank_30/broad_all_fields/esearch_response.json","1054","c551ee66e7fa308e16ad61a693f2895258932cbc1ab4f14ca99a55f3760b0e3b"
"data/formal_analysis/genecards_multisource_pairs_20_strict/pubmed_all_pair_evidence/raw/run_20260926T115108Z/rank_30/broad_all_fields/parsed_articles.json","2","4f53cda18c2baa0c0354bb5f9a3ecbe5ed12ab4d8e11ba873c2f11161202b945"
"data/formal_analysis/genecards_multisource_pairs_20_strict/pubmed_all_pair_evidence/raw/run_20260926T115108Z/rank_30/strict_title_abstract/esearch_request.json","1622","b446c9b541d6d3fe6a584b172256a81c17fb83a4affab5fdb9c7db4b7fdc3955"
"data/formal_analysis/genecards_multisource_pairs_20_strict/pubmed_all_pair_evidence/raw/run_20260926T115108Z/rank_30/strict_title_abstract/esearch_response.json","1102","e14ed5ea39c45c2a24f0abe67987e9888698fe9ab8c772447d5b5bc0deb97595"
"data/formal_analysis/genecards_multisource_pairs_20_strict/pubmed_all_pair_evidence/raw/run_20260926T115108Z/rank_30/strict_title_abstract/parsed_articles.json","2","4f53cda18c2baa0c0354bb5f9a3ecbe5ed12ab4d8e11ba873c2f11161202b945"
"data/formal_analysis/genecards_multisource_pairs_20_strict/pubmed_all_pair_evidence/raw/run_20260926T115108Z/rank_31/broad_all_fields/esearch_request.json","1810","51f8d2371d07ffe8625f3732c64c0a0ba32f57b044a05df014a9aa1817b83c8f"
"data/formal_analysis/genecards_multisource_pairs_20_strict/pubmed_all_pair_evidence/raw/run_20260926T115108Z/rank_31/broad_all_fields/esearch_response.json","1197","03ae4492af91fd956574a19a846e089950845b09a9e113fdb128cbd21a41c172"
"data/formal_analysis/genecards_multisource_pairs_20_strict/pubmed_all_pair_evidence/raw/run_20260926T115108Z/rank_31/broad_all_fields/parsed_articles.json","2","4f53cda18c2baa0c0354bb5f9a3ecbe5ed12ab4d8e11ba873c2f11161202b945"
"data/formal_analysis/genecards_multisource_pairs_20_strict/pubmed_all_pair_evidence/raw/run_20260926T115108Z/rank_31/strict_title_abstract/esearch_request.json","1975","c5c3e92cdadf02446ec0b0617983fc974392f9c2910a5a87535925773ab9e1c9"
"data/formal_analysis/genecards_multisource_pairs_20_strict/pubmed_all_pair_evidence/raw/run_20260926T115108Z/rank_31/strict_title_abstract/esearch_response.json","1261","f75fa7e231c8851a7f24ef86cb6b5bcb2f7409098e4330a9f313d18860470403"
"data/formal_analysis/genecards_multisource_pairs_20_strict/pubmed_all_pair_evidence/raw/run_20260926T115108Z/rank_31/strict_title_abstract/parsed_articles.json","2","4f53cda18c2baa0c0354bb5f9a3ecbe5ed12ab4d8e11ba873c2f11161202b945"
"data/formal_analysis/genecards_multisource_pairs_20_strict/pubmed_all_pair_evidence/raw/run_20260926T115108Z/rank_32/broad_all_fields/esearch_request.json","1514","c63ee925020cf1eddfb231d390fef7e5dec395218b98212bc6affc5afe0d1033"
"data/formal_analysis/genecards_multisource_pairs_20_strict/pubmed_all_pair_evidence/raw/run_20260926T115108Z/rank_32/broad_all_fields/esearch_response.json","1061","28b90060f8c62fbdd232d9c048be17b9e875157e6e2a213342b02315fda146ae"
"data/formal_analysis/genecards_multisource_pairs_20_strict/pubmed_all_pair_evidence/raw/run_20260926T115108Z/rank_32/broad_all_fields/parsed_articles.json","2","4f53cda18c2baa0c0354bb5f9a3ecbe5ed12ab4d8e11ba873c2f11161202b945"
"data/formal_analysis/genecards_multisource_pairs_20_strict/pubmed_all_pair_evidence/raw/run_20260926T115108Z/rank_32/strict_title_abstract/esearch_request.json","1639","ef1c5dbf536d407edfe370260e3b1b35e6b7c92305fa8dbe66ca5c298810896b"
"data/formal_analysis/genecards_multisource_pairs_20_strict/pubmed_all_pair_evidence/raw/run_20260926T115108Z/rank_32/strict_title_abstract/esearch_response.json","1109","b5864f806f9d095257040aed02a7bc930d8648ee66431dd77bf1d943f34ddfbf"
"data/formal_analysis/genecards_multisource_pairs_20_strict/pubmed_all_pair_evidence/raw/run_20260926T115108Z/rank_32/strict_title_abstract/parsed_articles.json","2","4f53cda18c2baa0c0354bb5f9a3ecbe5ed12ab4d8e11ba873c2f11161202b945"
"data/formal_analysis/genecards_multisource_pairs_20_strict/pubmed_all_pair_evidence/raw/run_20260926T115108Z/rank_33/broad_all_fields/esearch_request.json","1500","d74c292167ef76803dd3c2eeb8340b55791da914566408154f3ad4f36383c6e1"
"data/formal_analysis/genecards_multisource_pairs_20_strict/pubmed_all_pair_evidence/raw/run_20260926T115108Z/rank_33/broad_all_fields/esearch_response.json","1054","0437eb3663c70d455c57af1472f35e02bf770a7630e3357e913db44f9cf5d40a"
"data/formal_analysis/genecards_multisource_pairs_20_strict/pubmed_all_pair_evidence/raw/run_20260926T115108Z/rank_33/broad_all_fields/parsed_articles.json","2","4f53cda18c2baa0c0354bb5f9a3ecbe5ed12ab4d8e11ba873c2f11161202b945"
"data/formal_analysis/genecards_multisource_pairs_20_strict/pubmed_all_pair_evidence/raw/run_20260926T115108Z/rank_33/strict_title_abstract/esearch_request.json","1625","4de954ed0a7dce07f84792b80aa9719b7ff564785d8b8bc1ac8a601ff777ab7f"
"data/formal_analysis/genecards_multisource_pairs_20_strict/pubmed_all_pair_evidence/raw/run_20260926T115108Z/rank_33/strict_title_abstract/esearch_response.json","1102","bf7b27786c84964a2eda99d4125df09e8972f8d998312d1388aba0561c18997a"
"data/formal_analysis/genecards_multisource_pairs_20_strict/pubmed_all_pair_evidence/raw/run_20260926T115108Z/rank_33/strict_title_abstract/parsed_articles.json","2","4f53cda18c2baa0c0354bb5f9a3ecbe5ed12ab4d8e11ba873c2f11161202b945"
"data/formal_analysis/genecards_multisource_pairs_20_strict/pubmed_all_pair_evidence/raw/run_20260926T115108Z/rank_34/broad_all_fields/esearch_request.json","1467","783817db5bebcf62acb17cf1db2db4ec92ed2d37922e4eda0f34b074e6aea986"
"data/formal_analysis/genecards_multisource_pairs_20_strict/pubmed_all_pair_evidence/raw/run_20260926T115108Z/rank_34/broad_all_fields/esearch_response.json","1039","c260c82759afb2679662c97fd8f49eca2ac68a2eadda3fa019dd5dab7cd9ac3a"
"data/formal_analysis/genecards_multisource_pairs_20_strict/pubmed_all_pair_evidence/raw/run_20260926T115108Z/rank_34/broad_all_fields/parsed_articles.json","2","4f53cda18c2baa0c0354bb5f9a3ecbe5ed12ab4d8e11ba873c2f11161202b945"
"data/formal_analysis/genecards_multisource_pairs_20_strict/pubmed_all_pair_evidence/raw/run_20260926T115108Z/rank_34/strict_title_abstract/esearch_request.json","1592","b9a6016acc39a7bb9ec0b4ffb7bf6a856cbfe8d3ac0bf8436187c3c82e96e5e3"
"data/formal_analysis/genecards_multisource_pairs_20_strict/pubmed_all_pair_evidence/raw/run_20260926T115108Z/rank_34/strict_title_abstract/esearch_response.json","1087","c2997217ed13a018afe29ee202a20c1c0dde14da59878cacfdcf7d1defd1e2c3"
"data/formal_analysis/genecards_multisource_pairs_20_strict/pubmed_all_pair_evidence/raw/run_20260926T115108Z/rank_34/strict_title_abstract/parsed_articles.json","2","4f53cda18c2baa0c0354bb5f9a3ecbe5ed12ab4d8e11ba873c2f11161202b945"
"data/formal_analysis/genecards_multisource_pairs_20_strict/pubmed_all_pair_evidence/raw/run_20260926T115108Z/rank_35/broad_all_fields/esearch_request.json","1481","0a05b9e3a04a42857b230c8d67421c4f187810a4a9c347f78198a34c19762a57"
"data/formal_analysis/genecards_multisource_pairs_20_strict/pubmed_all_pair_evidence/raw/run_20260926T115108Z/rank_35/broad_all_fields/esearch_response.json","1046","156c7213c89ac588986a9b7d189de14f5bdd6296efe8557669d7ce088a9cd9e8"
"data/formal_analysis/genecards_multisource_pairs_20_strict/pubmed_all_pair_evidence/raw/run_20260926T115108Z/rank_35/broad_all_fields/parsed_articles.json","2","4f53cda18c2baa0c0354bb5f9a3ecbe5ed12ab4d8e11ba873c2f11161202b945"
"data/formal_analysis/genecards_multisource_pairs_20_strict/pubmed_all_pair_evidence/raw/run_20260926T115108Z/rank_35/strict_title_abstract/esearch_request.json","1606","b94876352c767f0871eaba842fc9535f4b2a96d9a2e5e0df3d8da8eb2e5f37da"
"data/formal_analysis/genecards_multisource_pairs_20_strict/pubmed_all_pair_evidence/raw/run_20260926T115108Z/rank_35/strict_title_abstract/esearch_response.json","1094","7bbb003989e78088fffb474a781a7d3ec0b83799cccb312b899d530ae0dbd9ed"
"data/formal_analysis/genecards_multisource_pairs_20_strict/pubmed_all_pair_evidence/raw/run_20260926T115108Z/rank_35/strict_title_abstract/parsed_articles.json","2","4f53cda18c2baa0c0354bb5f9a3ecbe5ed12ab4d8e11ba873c2f11161202b945"
"data/formal_analysis/genecards_multisource_pairs_20_strict/pubmed_all_pair_evidence/raw/run_20260926T115108Z/rank_36/broad_all_fields/esearch_request.json","1495","6ce24dbbc225efac4fc6e2398adcf76e0e5034c95b1dc3ec541ded1f2218120c"
"data/formal_analysis/genecards_multisource_pairs_20_strict/pubmed_all_pair_evidence/raw/run_20260926T115108Z/rank_36/broad_all_fields/esearch_response.json","1053","6a7461acc94323544ceada791ab5206bb51a7bf0f80aff568e55cb0aee0a6165"
"data/formal_analysis/genecards_multisource_pairs_20_strict/pubmed_all_pair_evidence/raw/run_20260926T115108Z/rank_36/broad_all_fields/parsed_articles.json","2","4f53cda18c2baa0c0354bb5f9a3ecbe5ed12ab4d8e11ba873c2f11161202b945"
"data/formal_analysis/genecards_multisource_pairs_20_strict/pubmed_all_pair_evidence/raw/run_20260926T115108Z/rank_36/strict_title_abstract/esearch_request.json","1620","094ea62da32a8c752f6fe98fe5434c45374166064656cad2976a2ac2fd044d9e"
"data/formal_analysis/genecards_multisource_pairs_20_strict/pubmed_all_pair_evidence/raw/run_20260926T115108Z/rank_36/strict_title_abstract/esearch_response.json","1101","b0cb972400c5799158993226183e3621c4018c01316d093ff2a7fa024251a170"
"data/formal_analysis/genecards_multisource_pairs_20_strict/pubmed_all_pair_evidence/raw/run_20260926T115108Z/rank_36/strict_title_abstract/parsed_articles.json","2","4f53cda18c2baa0c0354bb5f9a3ecbe5ed12ab4d8e11ba873c2f11161202b945"
"data/formal_analysis/genecards_multisource_pairs_20_strict/pubmed_all_pair_evidence/raw/run_20260926T115108Z/rank_37/broad_all_fields/esearch_request.json","1351","3426ca32c62678e0d0cbe25124d0a35eb7b3c3e1d7ac81230e5e42065912eec4"
"data/formal_analysis/genecards_multisource_pairs_20_strict/pubmed_all_pair_evidence/raw/run_20260926T115108Z/rank_37/broad_all_fields/esearch_response.json","985","36d4606ac89a5f5e5ceb01baaf9a12e3692a05a691912c20bc23194b469a8138"
"data/formal_analysis/genecards_multisource_pairs_20_strict/pubmed_all_pair_evidence/raw/run_20260926T115108Z/rank_37/broad_all_fields/parsed_articles.json","2","4f53cda18c2baa0c0354bb5f9a3ecbe5ed12ab4d8e11ba873c2f11161202b945"
"data/formal_analysis/genecards_multisource_pairs_20_strict/pubmed_all_pair_evidence/raw/run_20260926T115108Z/rank_37/strict_title_abstract/esearch_request.json","1456","d588ebf6c457373a9f78a196c9d9b310893766c12b9c9b7b5af3e060bb771fa7"
"data/formal_analysis/genecards_multisource_pairs_20_strict/pubmed_all_pair_evidence/raw/run_20260926T115108Z/rank_37/strict_title_abstract/esearch_response.json","1025","359d730900ec04258ea87ddec4ffa02e4ca60568b1e39fc68c051ab2159aee52"
"data/formal_analysis/genecards_multisource_pairs_20_strict/pubmed_all_pair_evidence/raw/run_20260926T115108Z/rank_37/strict_title_abstract/parsed_articles.json","2","4f53cda18c2baa0c0354bb5f9a3ecbe5ed12ab4d8e11ba873c2f11161202b945"
"data/formal_analysis/genecards_multisource_pairs_20_strict/pubmed_all_pair_evidence/raw/run_20260926T115108Z/rank_38/broad_all_fields/esearch_request.json","1502","cbfa0a0cd85830ffc48785e3caff5d82126d1903025df44c901e37f6188cf845"
"data/formal_analysis/genecards_multisource_pairs_20_strict/pubmed_all_pair_evidence/raw/run_20260926T115108Z/rank_38/broad_all_fields/esearch_response.json","1055","c8801f7fc7708ed17c09d478406bf332381743b36bed70ba5af2d4198e1188f2"
"data/formal_analysis/genecards_multisource_pairs_20_strict/pubmed_all_pair_evidence/raw/run_20260926T115108Z/rank_38/broad_all_fields/parsed_articles.json","2","4f53cda18c2baa0c0354bb5f9a3ecbe5ed12ab4d8e11ba873c2f11161202b945"
"data/formal_analysis/genecards_multisource_pairs_20_strict/pubmed_all_pair_evidence/raw/run_20260926T115108Z/rank_38/strict_title_abstract/esearch_request.json","1627","4c9c433c2a358699933b4965060a35b8723d810c7626d04e75a242e8cf8a8783"
"data/formal_analysis/genecards_multisource_pairs_20_strict/pubmed_all_pair_evidence/raw/run_20260926T115108Z/rank_38/strict_title_abstract/esearch_response.json","1103","17145cdd2a753e0442a19cf1799a4470d2d4e22d513c500abed4fc1b60a46fc2"
"data/formal_analysis/genecards_multisource_pairs_20_strict/pubmed_all_pair_evidence/raw/run_20260926T115108Z/rank_38/strict_title_abstract/parsed_articles.json","2","4f53cda18c2baa0c0354bb5f9a3ecbe5ed12ab4d8e11ba873c2f11161202b945"
"data/formal_analysis/genecards_multisource_pairs_20_strict/pubmed_all_pair_evidence/raw/run_20260926T115108Z/rank_39/broad_all_fields/esearch_request.json","1647","6b59e6dc2534391d4ee87b1c50f0a72639f2a86068cae1eb8fbf2ed2a9a5efd2"
"data/formal_analysis/genecards_multisource_pairs_20_strict/pubmed_all_pair_evidence/raw/run_20260926T115108Z/rank_39/broad_all_fields/esearch_response.json","1123","5e7868fc533f7342c5eec8e41352b5e4147ebf57b36217643ba8abad14e23155"
"data/formal_analysis/genecards_multisource_pairs_20_strict/pubmed_all_pair_evidence/raw/run_20260926T115108Z/rank_39/broad_all_fields/parsed_articles.json","2","4f53cda18c2baa0c0354bb5f9a3ecbe5ed12ab4d8e11ba873c2f11161202b945"
"data/formal_analysis/genecards_multisource_pairs_20_strict/pubmed_all_pair_evidence/raw/run_20260926T115108Z/rank_39/strict_title_abstract/esearch_request.json","1792","60e784ed474941ae2628909c72d01dc7f6cf8ea951c0c2f2b52fd0b5a6768efa"
"data/formal_analysis/genecards_multisource_pairs_20_strict/pubmed_all_pair_evidence/raw/run_20260926T115108Z/rank_39/strict_title_abstract/esearch_response.json","1179","123750a8888f54fb78a9c3efd6fe5f1f1084a4bee49ff99587586cc2c65cdd6f"
"data/formal_analysis/genecards_multisource_pairs_20_strict/pubmed_all_pair_evidence/raw/run_20260926T115108Z/rank_39/strict_title_abstract/parsed_articles.json","2","4f53cda18c2baa0c0354bb5f9a3ecbe5ed12ab4d8e11ba873c2f11161202b945"
"data/formal_analysis/genecards_multisource_pairs_20_strict/pubmed_all_pair_evidence/raw/run_20260926T115108Z/rank_40/broad_all_fields/esearch_request.json","1586","c5c8decb35546489aaad6a7d04fba7090cc14f9c179b9ec39869c513a9516767"
"data/formal_analysis/genecards_multisource_pairs_20_strict/pubmed_all_pair_evidence/raw/run_20260926T115108Z/rank_40/broad_all_fields/esearch_response.json","1094","46ffa549eeaa1c8b3e2e1c876be4e7a49128daa85b50e075265ef64d6d41eb2e"
"data/formal_analysis/genecards_multisource_pairs_20_strict/pubmed_all_pair_evidence/raw/run_20260926T115108Z/rank_40/broad_all_fields/parsed_articles.json","2","4f53cda18c2baa0c0354bb5f9a3ecbe5ed12ab4d8e11ba873c2f11161202b945"
"data/formal_analysis/genecards_multisource_pairs_20_strict/pubmed_all_pair_evidence/raw/run_20260926T115108Z/rank_40/strict_title_abstract/esearch_request.json","1721","c05b73d94c24f33c6cb166569a63a250e289502d4176eae721a5fa77ea703cef"
"data/formal_analysis/genecards_multisource_pairs_20_strict/pubmed_all_pair_evidence/raw/run_20260926T115108Z/rank_40/strict_title_abstract/esearch_response.json","1146","2e3579cea65677f55d04bd763eb114c030d70174cb7bb749a87f6d144621c541"
"data/formal_analysis/genecards_multisource_pairs_20_strict/pubmed_all_pair_evidence/raw/run_20260926T115108Z/rank_40/strict_title_abstract/parsed_articles.json","2","4f53cda18c2baa0c0354bb5f9a3ecbe5ed12ab4d8e11ba873c2f11161202b945"
"data/formal_analysis/genecards_multisource_pairs_20_strict/pubmed_all_pair_evidence/raw/run_20260926T115108Z/rank_41/broad_all_fields/esearch_request.json","1565","9deccb8f1751948d0d6158a14d52bf4699ce989ac4df30b1315c4675c7e277ba"
"data/formal_analysis/genecards_multisource_pairs_20_strict/pubmed_all_pair_evidence/raw/run_20260926T115108Z/rank_41/broad_all_fields/esearch_response.json","1085","9faf4c1b046d7e1b24fcea6c34eb4953ef376d092ee6dc42ef060a7abe602816"
"data/formal_analysis/genecards_multisource_pairs_20_strict/pubmed_all_pair_evidence/raw/run_20260926T115108Z/rank_41/broad_all_fields/parsed_articles.json","2","4f53cda18c2baa0c0354bb5f9a3ecbe5ed12ab4d8e11ba873c2f11161202b945"
"data/formal_analysis/genecards_multisource_pairs_20_strict/pubmed_all_pair_evidence/raw/run_20260926T115108Z/rank_41/strict_title_abstract/esearch_request.json","1700","d4cc53f6c0a5c6675b6c320f59f85307bc78b7416cf0f30f9ea28a314f193f7d"
"data/formal_analysis/genecards_multisource_pairs_20_strict/pubmed_all_pair_evidence/raw/run_20260926T115108Z/rank_41/strict_title_abstract/esearch_response.json","1137","10f63ed7b587c6b9f8c7fe734c9b138809cde6594584e47a556f766bb9cc4fdd"
"data/formal_analysis/genecards_multisource_pairs_20_strict/pubmed_all_pair_evidence/raw/run_20260926T115108Z/rank_41/strict_title_abstract/parsed_articles.json","2","4f53cda18c2baa0c0354bb5f9a3ecbe5ed12ab4d8e11ba873c2f11161202b945"
"data/formal_analysis/genecards_multisource_pairs_20_strict/pubmed_all_pair_evidence/raw/run_20260926T115108Z/rank_42/broad_all_fields/esearch_request.json","1840","7fccc79c23ebc2b1ca898dc2803e1b8ff2a7c3564814b32370c57571561eab9f"
"data/formal_analysis/genecards_multisource_pairs_20_strict/pubmed_all_pair_evidence/raw/run_20260926T115108Z/rank_42/broad_all_fields/esearch_response.json","1209","cd9b3735590462ea49570667382bf7c947448505b7ae0730c63d3b7580ec0303"
"data/formal_analysis/genecards_multisource_pairs_20_strict/pubmed_all_pair_evidence/raw/run_20260926T115108Z/rank_42/broad_all_fields/parsed_articles.json","2","4f53cda18c2baa0c0354bb5f9a3ecbe5ed12ab4d8e11ba873c2f11161202b945"
"data/formal_analysis/genecards_multisource_pairs_20_strict/pubmed_all_pair_evidence/raw/run_20260926T115108Z/rank_42/strict_title_abstract/esearch_request.json","2005","2249b71024f9bf185a4ba8497eeefab7dafa2b53b8f9fa896f373cbb35950aed"
"data/formal_analysis/genecards_multisource_pairs_20_strict/pubmed_all_pair_evidence/raw/run_20260926T115108Z/rank_42/strict_title_abstract/esearch_response.json","1273","f2096de266f109d679901bc5735dbaf5512b1ca2a25dc1c885fa3fb3e0d209d4"
"data/formal_analysis/genecards_multisource_pairs_20_strict/pubmed_all_pair_evidence/raw/run_20260926T115108Z/rank_42/strict_title_abstract/parsed_articles.json","2","4f53cda18c2baa0c0354bb5f9a3ecbe5ed12ab4d8e11ba873c2f11161202b945"
"data/formal_analysis/genecards_multisource_pairs_20_strict/pubmed_all_pair_evidence/raw/run_20260926T115108Z/rank_43/broad_all_fields/esearch_request.json","1559","a2c6859062b08535ad3e90426d13aa3157e9f21d0c064b5db2fe5632bda79942"
"data/formal_analysis/genecards_multisource_pairs_20_strict/pubmed_all_pair_evidence/raw/run_20260926T115108Z/rank_43/broad_all_fields/esearch_response.json","1081","1e2bd517bc799595b05435770d6439c12eb8e27d468aa987bcb2b9c7040b4679"
"data/formal_analysis/genecards_multisource_pairs_20_strict/pubmed_all_pair_evidence/raw/run_20260926T115108Z/rank_43/broad_all_fields/parsed_articles.json","2","4f53cda18c2baa0c0354bb5f9a3ecbe5ed12ab4d8e11ba873c2f11161202b945"
"data/formal_analysis/genecards_multisource_pairs_20_strict/pubmed_all_pair_evidence/raw/run_20260926T115108Z/rank_43/strict_title_abstract/esearch_request.json","1694","e02822da591d38640b902f73e38a6cad3e2afde4375c600f1675fa2ac3e804ad"
"data/formal_analysis/genecards_multisource_pairs_20_strict/pubmed_all_pair_evidence/raw/run_20260926T115108Z/rank_43/strict_title_abstract/esearch_response.json","1133","d65e2607e931d9b16fe38188914b3b409315ec3410460710ad94dac4df1e1539"
"data/formal_analysis/genecards_multisource_pairs_20_strict/pubmed_all_pair_evidence/raw/run_20260926T115108Z/rank_43/strict_title_abstract/parsed_articles.json","2","4f53cda18c2baa0c0354bb5f9a3ecbe5ed12ab4d8e11ba873c2f11161202b945"
"data/formal_analysis/genecards_multisource_pairs_20_strict/pubmed_all_pair_evidence/raw/run_20260926T115108Z/rank_44/broad_all_fields/esearch_request.json","1594","c33582ed7e68b5f584e570c6563548359ef6448d029ef6400097ea3a16ba2e4b"
"data/formal_analysis/genecards_multisource_pairs_20_strict/pubmed_all_pair_evidence/raw/run_20260926T115108Z/rank_44/broad_all_fields/esearch_response.json","1097","acb643c545d7dc9c7c7bf8e4312c2534f010ca35e4efb809a2237dbc16213de2"
"data/formal_analysis/genecards_multisource_pairs_20_strict/pubmed_all_pair_evidence/raw/run_20260926T115108Z/rank_44/broad_all_fields/parsed_articles.json","2","4f53cda18c2baa0c0354bb5f9a3ecbe5ed12ab4d8e11ba873c2f11161202b945"
"data/formal_analysis/genecards_multisource_pairs_20_strict/pubmed_all_pair_evidence/raw/run_20260926T115108Z/rank_44/strict_title_abstract/esearch_request.json","1729","280bdbdb879325fa1c1b77c6e7273dd3ab4067f3a7f8ccd7bc0475082caee056"
"data/formal_analysis/genecards_multisource_pairs_20_strict/pubmed_all_pair_evidence/raw/run_20260926T115108Z/rank_44/strict_title_abstract/esearch_response.json","1149","445d30b7222d87419abfb245cb5224930261f3532b0a942faf4870b7bf2f352b"
"data/formal_analysis/genecards_multisource_pairs_20_strict/pubmed_all_pair_evidence/raw/run_20260926T115108Z/rank_44/strict_title_abstract/parsed_articles.json","2","4f53cda18c2baa0c0354bb5f9a3ecbe5ed12ab4d8e11ba873c2f11161202b945"
"data/formal_analysis/genecards_multisource_pairs_20_strict/pubmed_all_pair_evidence/raw/run_20260926T115108Z/rank_45/broad_all_fields/esearch_request.json","1587","c571ae3411d35d902fb3cc665f79528dce564c99685ce0cd776214575801fc63"
"data/formal_analysis/genecards_multisource_pairs_20_strict/pubmed_all_pair_evidence/raw/run_20260926T115108Z/rank_45/broad_all_fields/esearch_response.json","1095","cbfc0ff8d2345b8105e1fd2de993ce51fe0c468b095ff93c8c41bf41ff3b995f"
"data/formal_analysis/genecards_multisource_pairs_20_strict/pubmed_all_pair_evidence/raw/run_20260926T115108Z/rank_45/broad_all_fields/parsed_articles.json","2","4f53cda18c2baa0c0354bb5f9a3ecbe5ed12ab4d8e11ba873c2f11161202b945"
"data/formal_analysis/genecards_multisource_pairs_20_strict/pubmed_all_pair_evidence/raw/run_20260926T115108Z/rank_45/strict_title_abstract/esearch_request.json","1722","47b0b87734381f5b32bdd8af22dbf47263b45c04875657b4c5996368caee6702"
"data/formal_analysis/genecards_multisource_pairs_20_strict/pubmed_all_pair_evidence/raw/run_20260926T115108Z/rank_45/strict_title_abstract/esearch_response.json","1147","c38effc1e7d9ca465af84f6eb67f02d820eb90e12c3856b0d36bd23c7908db7f"
"data/formal_analysis/genecards_multisource_pairs_20_strict/pubmed_all_pair_evidence/raw/run_20260926T115108Z/rank_45/strict_title_abstract/parsed_articles.json","2","4f53cda18c2baa0c0354bb5f9a3ecbe5ed12ab4d8e11ba873c2f11161202b945"
"data/formal_analysis/genecards_multisource_pairs_20_strict/pubmed_all_pair_evidence/raw/run_20260926T115108Z/rank_46/broad_all_fields/esearch_request.json","1739","fd8fe6659444aa7e01527b355bdb8ae6d95dace9bcb6b179f9d0af3d57f419c3"
"data/formal_analysis/genecards_multisource_pairs_20_strict/pubmed_all_pair_evidence/raw/run_20260926T115108Z/rank_46/broad_all_fields/esearch_response.json","1165","06533f5cf92a1122b0081c4d3f57b40816e6fc431398b5637f0c29e5884111ae"
"data/formal_analysis/genecards_multisource_pairs_20_strict/pubmed_all_pair_evidence/raw/run_20260926T115108Z/rank_46/broad_all_fields/parsed_articles.json","2","4f53cda18c2baa0c0354bb5f9a3ecbe5ed12ab4d8e11ba873c2f11161202b945"
"data/formal_analysis/genecards_multisource_pairs_20_strict/pubmed_all_pair_evidence/raw/run_20260926T115108Z/rank_46/strict_title_abstract/esearch_request.json","1894","43d29bebc4d8b2dd6a64a22f03d4af96efbd24e211d35b0c99f09f4704354af3"
"data/formal_analysis/genecards_multisource_pairs_20_strict/pubmed_all_pair_evidence/raw/run_20260926T115108Z/rank_46/strict_title_abstract/esearch_response.json","1225","6974e156b573a71860bd9d876797dea7b0d47840e4385811bb94697dfedef36a"
"data/formal_analysis/genecards_multisource_pairs_20_strict/pubmed_all_pair_evidence/raw/run_20260926T115108Z/rank_46/strict_title_abstract/parsed_articles.json","2","4f53cda18c2baa0c0354bb5f9a3ecbe5ed12ab4d8e11ba873c2f11161202b945"
"data/formal_analysis/genecards_multisource_pairs_20_strict/pubmed_all_pair_evidence/raw/run_20260926T115108Z/rank_47/broad_all_fields/esearch_request.json","1606","469a67c5befde4e1efb2925b361490071515061f0fac7d404cb5d0403f1de05c"
"data/formal_analysis/genecards_multisource_pairs_20_strict/pubmed_all_pair_evidence/raw/run_20260926T115108Z/rank_47/broad_all_fields/esearch_response.json","1103","88ebd985e6f5cca6defd030a7bad37e47780005e7573d1b9ee88a4a2f01c3182"
"data/formal_analysis/genecards_multisource_pairs_20_strict/pubmed_all_pair_evidence/raw/run_20260926T115108Z/rank_47/broad_all_fields/parsed_articles.json","2","4f53cda18c2baa0c0354bb5f9a3ecbe5ed12ab4d8e11ba873c2f11161202b945"
"data/formal_analysis/genecards_multisource_pairs_20_strict/pubmed_all_pair_evidence/raw/run_20260926T115108Z/rank_47/strict_title_abstract/esearch_request.json","1741","f78b0d54fc24a73af9427015557e65d449d0dee781147899dddd49f51db02900"
"data/formal_analysis/genecards_multisource_pairs_20_strict/pubmed_all_pair_evidence/raw/run_20260926T115108Z/rank_47/strict_title_abstract/esearch_response.json","1155","4a27a648629506cc0721a4f348b85ce6621b4a1090f8253d51c7c849ff4b2480"
"data/formal_analysis/genecards_multisource_pairs_20_strict/pubmed_all_pair_evidence/raw/run_20260926T115108Z/rank_47/strict_title_abstract/parsed_articles.json","2","4f53cda18c2baa0c0354bb5f9a3ecbe5ed12ab4d8e11ba873c2f11161202b945"
"data/formal_analysis/genecards_multisource_pairs_20_strict/pubmed_all_pair_evidence/raw/run_20260926T115108Z/rank_48/broad_all_fields/esearch_request.json","1592","4afec94dd3efef6b6d95efe7baadd52f27ce16a55e9ce971e18b6c28c1bf3ad0"
"data/formal_analysis/genecards_multisource_pairs_20_strict/pubmed_all_pair_evidence/raw/run_20260926T115108Z/rank_48/broad_all_fields/esearch_response.json","1096","0a7180e462b84cc918df95094cb914f40d7182bc9595a58367cfa7fc56c3c197"
"data/formal_analysis/genecards_multisource_pairs_20_strict/pubmed_all_pair_evidence/raw/run_20260926T115108Z/rank_48/broad_all_fields/parsed_articles.json","2","4f53cda18c2baa0c0354bb5f9a3ecbe5ed12ab4d8e11ba873c2f11161202b945"
"data/formal_analysis/genecards_multisource_pairs_20_strict/pubmed_all_pair_evidence/raw/run_20260926T115108Z/rank_48/strict_title_abstract/esearch_request.json","1727","a71101f817d3c7e23e703176da6c037eb0fc1006229d993b33e8d35c7506f1dc"
"data/formal_analysis/genecards_multisource_pairs_20_strict/pubmed_all_pair_evidence/raw/run_20260926T115108Z/rank_48/strict_title_abstract/esearch_response.json","1148","d6ca228492b6717cf4b9646a75b86ebc686f08e3ed182ce4b5fcad8285be1731"
"data/formal_analysis/genecards_multisource_pairs_20_strict/pubmed_all_pair_evidence/raw/run_20260926T115108Z/rank_48/strict_title_abstract/parsed_articles.json","2","4f53cda18c2baa0c0354bb5f9a3ecbe5ed12ab4d8e11ba873c2f11161202b945"
"data/formal_analysis/genecards_multisource_pairs_20_strict/pubmed_all_pair_evidence/raw/run_20260926T115108Z/rank_49/broad_all_fields/esearch_request.json","1613","5f2688803e3e034891cf419d7350a33bd816fb68e6688984fa26aac17f7a0919"
"data/formal_analysis/genecards_multisource_pairs_20_strict/pubmed_all_pair_evidence/raw/run_20260926T115108Z/rank_49/broad_all_fields/esearch_response.json","1106","c98d5cd79318b0a5eb8325178d5192e7e11dc00352621b12e0ae8243a2fc632f"
"data/formal_analysis/genecards_multisource_pairs_20_strict/pubmed_all_pair_evidence/raw/run_20260926T115108Z/rank_49/broad_all_fields/parsed_articles.json","2","4f53cda18c2baa0c0354bb5f9a3ecbe5ed12ab4d8e11ba873c2f11161202b945"
"data/formal_analysis/genecards_multisource_pairs_20_strict/pubmed_all_pair_evidence/raw/run_20260926T115108Z/rank_49/strict_title_abstract/esearch_request.json","1748","d4d69c44649e9f9e6afa1435d458bf7a39c417db7e0b7699d6db1815c01e2e6f"
"data/formal_analysis/genecards_multisource_pairs_20_strict/pubmed_all_pair_evidence/raw/run_20260926T115108Z/rank_49/strict_title_abstract/esearch_response.json","1158","ba5cca8988cab649c5e13e4937d088c547d7c0f7d17a1e1077660a00779e1ffd"
"data/formal_analysis/genecards_multisource_pairs_20_strict/pubmed_all_pair_evidence/raw/run_20260926T115108Z/rank_49/strict_title_abstract/parsed_articles.json","2","4f53cda18c2baa0c0354bb5f9a3ecbe5ed12ab4d8e11ba873c2f11161202b945"
"data/formal_analysis/genecards_multisource_pairs_20_strict/pubmed_all_pair_evidence/raw/run_20260926T115108Z/rank_50/broad_all_fields/esearch_request.json","1573","9f8e5a5b51e5c5f4d414dee51f3edd6525cbd49a88f20b46268753063ff11666"
"data/formal_analysis/genecards_multisource_pairs_20_strict/pubmed_all_pair_evidence/raw/run_20260926T115108Z/rank_50/broad_all_fields/esearch_response.json","1088","8df047e63fbef1af6aaa80889e55f1ba2bd99a7fe1b649b8c30b86b054f67db8"
"data/formal_analysis/genecards_multisource_pairs_20_strict/pubmed_all_pair_evidence/raw/run_20260926T115108Z/rank_50/broad_all_fields/parsed_articles.json","2","4f53cda18c2baa0c0354bb5f9a3ecbe5ed12ab4d8e11ba873c2f11161202b945"
"data/formal_analysis/genecards_multisource_pairs_20_strict/pubmed_all_pair_evidence/raw/run_20260926T115108Z/rank_50/strict_title_abstract/esearch_request.json","1708","8d143dd27ea1f4bb1012048cd4f0a1191a9f667b2773b71b5a94dece7c0781ef"
"data/formal_analysis/genecards_multisource_pairs_20_strict/pubmed_all_pair_evidence/raw/run_20260926T115108Z/rank_50/strict_title_abstract/esearch_response.json","1140","a5468165227aed97da4a8282763760f2d1b90b80ded86b101bcf127e85ac03de"
"data/formal_analysis/genecards_multisource_pairs_20_strict/pubmed_all_pair_evidence/raw/run_20260926T115108Z/rank_50/strict_title_abstract/parsed_articles.json","2","4f53cda18c2baa0c0354bb5f9a3ecbe5ed12ab4d8e11ba873c2f11161202b945"
"data/formal_analysis/genecards_multisource_pairs_20_strict/pubmed_all_pair_evidence/raw/run_20260926T115108Z/rank_51/broad_all_fields/esearch_request.json","1592","762fd712ce37399eb38f8924184d8d30cb2f03965ed64cb92097e73ba3b7c7b6"
"data/formal_analysis/genecards_multisource_pairs_20_strict/pubmed_all_pair_evidence/raw/run_20260926T115108Z/rank_51/broad_all_fields/esearch_response.json","1096","c2c6992b68dcec64fbd931a2d7c6b08b6b86cb1abf73ee35371f4ca175e7824f"
"data/formal_analysis/genecards_multisource_pairs_20_strict/pubmed_all_pair_evidence/raw/run_20260926T115108Z/rank_51/broad_all_fields/parsed_articles.json","2","4f53cda18c2baa0c0354bb5f9a3ecbe5ed12ab4d8e11ba873c2f11161202b945"
"data/formal_analysis/genecards_multisource_pairs_20_strict/pubmed_all_pair_evidence/raw/run_20260926T115108Z/rank_51/strict_title_abstract/esearch_request.json","1727","474be0d8a20f58abd27a4b9b5928d9f4283aaddfc7d2836c9a682560b29ef160"
"data/formal_analysis/genecards_multisource_pairs_20_strict/pubmed_all_pair_evidence/raw/run_20260926T115108Z/rank_51/strict_title_abstract/esearch_response.json","1148","2f46792a610b3a4fc9dc27b7c589521c7cc9b6a0fd27b18675110072aeecf4ef"
"data/formal_analysis/genecards_multisource_pairs_20_strict/pubmed_all_pair_evidence/raw/run_20260926T115108Z/rank_51/strict_title_abstract/parsed_articles.json","2","4f53cda18c2baa0c0354bb5f9a3ecbe5ed12ab4d8e11ba873c2f11161202b945"
"data/formal_analysis/genecards_multisource_pairs_20_strict/pubmed_all_pair_evidence/raw/run_20260926T115108Z/rank_52/broad_all_fields/esearch_request.json","1571","01b8802a8b5835597c61cb8ee8600439431eed0e99bf42591565ed595e119190"
"data/formal_analysis/genecards_multisource_pairs_20_strict/pubmed_all_pair_evidence/raw/run_20260926T115108Z/rank_52/broad_all_fields/esearch_response.json","1087","92cc616a392b3caad4c06836e7e05ca15cb4d121e21ebdb1053d6cb98a12c538"
"data/formal_analysis/genecards_multisource_pairs_20_strict/pubmed_all_pair_evidence/raw/run_20260926T115108Z/rank_52/broad_all_fields/parsed_articles.json","2","4f53cda18c2baa0c0354bb5f9a3ecbe5ed12ab4d8e11ba873c2f11161202b945"
"data/formal_analysis/genecards_multisource_pairs_20_strict/pubmed_all_pair_evidence/raw/run_20260926T115108Z/rank_52/strict_title_abstract/esearch_request.json","1706","b3d8a6e8da51f3e633e67b50cffb31b1516bcf358ca06d64d3edb61edee627f4"
"data/formal_analysis/genecards_multisource_pairs_20_strict/pubmed_all_pair_evidence/raw/run_20260926T115108Z/rank_52/strict_title_abstract/esearch_response.json","1139","62b0df1ac87df2d27691b54493958bc8589a0d621ad314908f6ec38c9952a96f"
"data/formal_analysis/genecards_multisource_pairs_20_strict/pubmed_all_pair_evidence/raw/run_20260926T115108Z/rank_52/strict_title_abstract/parsed_articles.json","2","4f53cda18c2baa0c0354bb5f9a3ecbe5ed12ab4d8e11ba873c2f11161202b945"
"data/formal_analysis/genecards_multisource_pairs_20_strict/pubmed_all_pair_evidence/raw/run_20260926T115108Z/rank_53/broad_all_fields/esearch_request.json","1733","87ec8dfa5bfb9631b06bf23477ad5dd87fcb7349df92cc54e39a2afa81cd1c87"
"data/formal_analysis/genecards_multisource_pairs_20_strict/pubmed_all_pair_evidence/raw/run_20260926T115108Z/rank_53/broad_all_fields/esearch_response.json","1163","37c551f8d9fb6314a0ab71d749131072ad0821524242e4e3d9fb27a1559de2d4"
"data/formal_analysis/genecards_multisource_pairs_20_strict/pubmed_all_pair_evidence/raw/run_20260926T115108Z/rank_53/broad_all_fields/parsed_articles.json","2","4f53cda18c2baa0c0354bb5f9a3ecbe5ed12ab4d8e11ba873c2f11161202b945"
"data/formal_analysis/genecards_multisource_pairs_20_strict/pubmed_all_pair_evidence/raw/run_20260926T115108Z/rank_53/strict_title_abstract/esearch_request.json","1888","3b5175046d075376862c79b5774ec4690461e5d2b1e68c98d8c88d892a2d285f"
"data/formal_analysis/genecards_multisource_pairs_20_strict/pubmed_all_pair_evidence/raw/run_20260926T115108Z/rank_53/strict_title_abstract/esearch_response.json","1223","d4488ce0e3f5a36fd2fb5f1c9f9bf104c00f3e884135d92cfa0d2c9d4ca94e54"
"data/formal_analysis/genecards_multisource_pairs_20_strict/pubmed_all_pair_evidence/raw/run_20260926T115108Z/rank_53/strict_title_abstract/parsed_articles.json","2","4f53cda18c2baa0c0354bb5f9a3ecbe5ed12ab4d8e11ba873c2f11161202b945"
"data/formal_analysis/genecards_multisource_pairs_20_strict/pubmed_all_pair_evidence/raw/run_20260926T115108Z/rank_54/broad_all_fields/esearch_request.json","1600","3438e646acafb8905ec743ccfd018234fc76a438a9af2daf5ca23dfd17da7f24"
"data/formal_analysis/genecards_multisource_pairs_20_strict/pubmed_all_pair_evidence/raw/run_20260926T115108Z/rank_54/broad_all_fields/esearch_response.json","1101","dc1a1b2f6a934791bb062287b60d1d2e7fb62274181034c51202e4524a7ae370"
"data/formal_analysis/genecards_multisource_pairs_20_strict/pubmed_all_pair_evidence/raw/run_20260926T115108Z/rank_54/broad_all_fields/parsed_articles.json","2","4f53cda18c2baa0c0354bb5f9a3ecbe5ed12ab4d8e11ba873c2f11161202b945"
"data/formal_analysis/genecards_multisource_pairs_20_strict/pubmed_all_pair_evidence/raw/run_20260926T115108Z/rank_54/strict_title_abstract/esearch_request.json","1735","82bb7df6884b0b441bb287e5fa95369cb8012b1825554a89a246646eab6b0417"
"data/formal_analysis/genecards_multisource_pairs_20_strict/pubmed_all_pair_evidence/raw/run_20260926T115108Z/rank_54/strict_title_abstract/esearch_response.json","1153","894e80180b8006f8d0fad1afd8e26932a02789702e305517858a82aec833205c"
"data/formal_analysis/genecards_multisource_pairs_20_strict/pubmed_all_pair_evidence/raw/run_20260926T115108Z/rank_54/strict_title_abstract/parsed_articles.json","2","4f53cda18c2baa0c0354bb5f9a3ecbe5ed12ab4d8e11ba873c2f11161202b945"
"data/formal_analysis/genecards_multisource_pairs_20_strict/pubmed_all_pair_evidence/raw/run_20260926T115108Z/rank_55/broad_all_fields/esearch_request.json","1586","c21f7650934f3562106bbe73c2685980ba4509b0730d634b0fcb20631049da8a"
"data/formal_analysis/genecards_multisource_pairs_20_strict/pubmed_all_pair_evidence/raw/run_20260926T115108Z/rank_55/broad_all_fields/esearch_response.json","1094","80eac4a54858b37ff2285fac11cd64764cade75977af8b378b2445e46f62f7a2"
"data/formal_analysis/genecards_multisource_pairs_20_strict/pubmed_all_pair_evidence/raw/run_20260926T115108Z/rank_55/broad_all_fields/parsed_articles.json","2","4f53cda18c2baa0c0354bb5f9a3ecbe5ed12ab4d8e11ba873c2f11161202b945"
"data/formal_analysis/genecards_multisource_pairs_20_strict/pubmed_all_pair_evidence/raw/run_20260926T115108Z/rank_55/strict_title_abstract/esearch_request.json","1721","b829199b1feb6be6959d579343dd4171726aa2197ef23105dca6e8472c707ead"
"data/formal_analysis/genecards_multisource_pairs_20_strict/pubmed_all_pair_evidence/raw/run_20260926T115108Z/rank_55/strict_title_abstract/esearch_response.json","1146","0684eb3b1f8d1c986d2f75b809db90ee4213f6e403757ee679476ecae9bd77fc"
"data/formal_analysis/genecards_multisource_pairs_20_strict/pubmed_all_pair_evidence/raw/run_20260926T115108Z/rank_55/strict_title_abstract/parsed_articles.json","2","4f53cda18c2baa0c0354bb5f9a3ecbe5ed12ab4d8e11ba873c2f11161202b945"
"data/formal_analysis/genecards_multisource_pairs_20_strict/pubmed_all_pair_evidence/raw/run_20260926T115108Z/rank_56/broad_all_fields/esearch_request.json","1588","10480a68ffca56bfabfd0767860c457876118b33cc2f2553e7331a8c1c181403"
"data/formal_analysis/genecards_multisource_pairs_20_strict/pubmed_all_pair_evidence/raw/run_20260926T115108Z/rank_56/broad_all_fields/esearch_response.json","1095","fc1a9bf4914c684bc43e02b721a1430cffd86d6f4f70702300d83139b6ebdbdc"
"data/formal_analysis/genecards_multisource_pairs_20_strict/pubmed_all_pair_evidence/raw/run_20260926T115108Z/rank_56/broad_all_fields/parsed_articles.json","2","4f53cda18c2baa0c0354bb5f9a3ecbe5ed12ab4d8e11ba873c2f11161202b945"
"data/formal_analysis/genecards_multisource_pairs_20_strict/pubmed_all_pair_evidence/raw/run_20260926T115108Z/rank_56/strict_title_abstract/esearch_request.json","1723","979938a0951474c26b2c8cc9914ab9ef9a7d0eed7ad0d561974f86b51b76ac68"
"data/formal_analysis/genecards_multisource_pairs_20_strict/pubmed_all_pair_evidence/raw/run_20260926T115108Z/rank_56/strict_title_abstract/esearch_response.json","1147","e6e2a1c958d3350818476b34bb3bacbb5cd70eb720078a8bdb4a7315b02b4ce3"
"data/formal_analysis/genecards_multisource_pairs_20_strict/pubmed_all_pair_evidence/raw/run_20260926T115108Z/rank_56/strict_title_abstract/parsed_articles.json","2","4f53cda18c2baa0c0354bb5f9a3ecbe5ed12ab4d8e11ba873c2f11161202b945"
"data/formal_analysis/genecards_multisource_pairs_20_strict/pubmed_all_pair_evidence/raw/run_20260926T115108Z/rank_57/broad_all_fields/esearch_request.json","1581","f2d60b885007253303b572a35486f1688534b42eff9203bd669775468164b4ce"
"data/formal_analysis/genecards_multisource_pairs_20_strict/pubmed_all_pair_evidence/raw/run_20260926T115108Z/rank_57/broad_all_fields/esearch_response.json","1093","0e0fc24d3d720949beed5ffdd7aa622e532a1e97d89b5813fd3f91411eff0d24"
"data/formal_analysis/genecards_multisource_pairs_20_strict/pubmed_all_pair_evidence/raw/run_20260926T115108Z/rank_57/broad_all_fields/parsed_articles.json","2","4f53cda18c2baa0c0354bb5f9a3ecbe5ed12ab4d8e11ba873c2f11161202b945"
"data/formal_analysis/genecards_multisource_pairs_20_strict/pubmed_all_pair_evidence/raw/run_20260926T115108Z/rank_57/strict_title_abstract/esearch_request.json","1716","d54af1d964bd60713be8306e7d9898d60541dacf87ec47d05286223d53e9332d"
"data/formal_analysis/genecards_multisource_pairs_20_strict/pubmed_all_pair_evidence/raw/run_20260926T115108Z/rank_57/strict_title_abstract/esearch_response.json","1145","e8d0f7d1b54798a8e5ca05ecd0e1332c5841cf0703261b4eb5593be49554b4d9"
"data/formal_analysis/genecards_multisource_pairs_20_strict/pubmed_all_pair_evidence/raw/run_20260926T115108Z/rank_57/strict_title_abstract/parsed_articles.json","2","4f53cda18c2baa0c0354bb5f9a3ecbe5ed12ab4d8e11ba873c2f11161202b945"
"data/formal_analysis/genecards_multisource_pairs_20_strict/pubmed_all_pair_evidence/raw/run_20260926T115108Z/rank_58/broad_all_fields/esearch_request.json","1567","627cf96776309076d4e0cdd75403599267e5bd5e2e04c4b4e5f6ea361354b53c"
"data/formal_analysis/genecards_multisource_pairs_20_strict/pubmed_all_pair_evidence/raw/run_20260926T115108Z/rank_58/broad_all_fields/esearch_response.json","1086","f45e0a5e092e92f99528817f1c9e108da36e1da47d516a3b6311bf62be9c61b0"
"data/formal_analysis/genecards_multisource_pairs_20_strict/pubmed_all_pair_evidence/raw/run_20260926T115108Z/rank_58/broad_all_fields/parsed_articles.json","2","4f53cda18c2baa0c0354bb5f9a3ecbe5ed12ab4d8e11ba873c2f11161202b945"
"data/formal_analysis/genecards_multisource_pairs_20_strict/pubmed_all_pair_evidence/raw/run_20260926T115108Z/rank_58/strict_title_abstract/esearch_request.json","1702","2a04959914b1fe2040309161e6d952e5a2f8a542c6bafb200ee6044ab6881fa8"
"data/formal_analysis/genecards_multisource_pairs_20_strict/pubmed_all_pair_evidence/raw/run_20260926T115108Z/rank_58/strict_title_abstract/esearch_response.json","1138","57a08059d4af9f077d68c135a47f20cf6dd869907bbefa7ac07321e93c2fbb6b"
"data/formal_analysis/genecards_multisource_pairs_20_strict/pubmed_all_pair_evidence/raw/run_20260926T115108Z/rank_58/strict_title_abstract/parsed_articles.json","2","4f53cda18c2baa0c0354bb5f9a3ecbe5ed12ab4d8e11ba873c2f11161202b945"
"data/formal_analysis/genecards_multisource_pairs_20_strict/pubmed_all_pair_evidence/raw/run_20260926T115108Z/rank_59/broad_all_fields/esearch_request.json","1553","aedeb138c7192974b7cd19485208d6f19240dafea5cd501b3fe023ef7ce1ece4"
"data/formal_analysis/genecards_multisource_pairs_20_strict/pubmed_all_pair_evidence/raw/run_20260926T115108Z/rank_59/broad_all_fields/esearch_response.json","1079","9573063fa916deb81e26f3fc462b16c01bea3bf1921953b36a8030c6a0e1dd7e"
"data/formal_analysis/genecards_multisource_pairs_20_strict/pubmed_all_pair_evidence/raw/run_20260926T115108Z/rank_59/broad_all_fields/parsed_articles.json","2","4f53cda18c2baa0c0354bb5f9a3ecbe5ed12ab4d8e11ba873c2f11161202b945"
"data/formal_analysis/genecards_multisource_pairs_20_strict/pubmed_all_pair_evidence/raw/run_20260926T115108Z/rank_59/strict_title_abstract/esearch_request.json","1688","b871431f615781f7c7b955fce0bc105fb06d310d15ac9a00c69113dd8e3f35e3"
"data/formal_analysis/genecards_multisource_pairs_20_strict/pubmed_all_pair_evidence/raw/run_20260926T115108Z/rank_59/strict_title_abstract/esearch_response.json","1131","bdbe45bc6cca4acb32f456b86617d1a1c97e6f443ab57378c2b6f452e52eb354"
"data/formal_analysis/genecards_multisource_pairs_20_strict/pubmed_all_pair_evidence/raw/run_20260926T115108Z/rank_59/strict_title_abstract/parsed_articles.json","2","4f53cda18c2baa0c0354bb5f9a3ecbe5ed12ab4d8e11ba873c2f11161202b945"
"data/formal_analysis/genecards_multisource_pairs_20_strict/pubmed_all_pair_evidence/raw/run_20260926T115108Z/rank_60/broad_all_fields/esearch_request.json","1537","52424d00285fe09d8238b1831a51ffcdda38937ccb0a941e899c192fb18d9053"
"data/formal_analysis/genecards_multisource_pairs_20_strict/pubmed_all_pair_evidence/raw/run_20260926T115108Z/rank_60/broad_all_fields/esearch_response.json","1071","1b23981feea5bc8541b5fe21b0540a48c3bc72253d8ccde337e41c7f4168c0c8"
"data/formal_analysis/genecards_multisource_pairs_20_strict/pubmed_all_pair_evidence/raw/run_20260926T115108Z/rank_60/broad_all_fields/parsed_articles.json","2","4f53cda18c2baa0c0354bb5f9a3ecbe5ed12ab4d8e11ba873c2f11161202b945"
"data/formal_analysis/genecards_multisource_pairs_20_strict/pubmed_all_pair_evidence/raw/run_20260926T115108Z/rank_60/strict_title_abstract/esearch_request.json","1672","939a9f8f6ffa6fc589aacb1e0e052c7fbe18273b5bde9f79db13772d2de1a705"
"data/formal_analysis/genecards_multisource_pairs_20_strict/pubmed_all_pair_evidence/raw/run_20260926T115108Z/rank_60/strict_title_abstract/esearch_response.json","1123","c6b838d4852d322f37ef0066115d4a297e19bb37db6b3c867db5f4853c0ead95"
"data/formal_analysis/genecards_multisource_pairs_20_strict/pubmed_all_pair_evidence/raw/run_20260926T115108Z/rank_60/strict_title_abstract/parsed_articles.json","2","4f53cda18c2baa0c0354bb5f9a3ecbe5ed12ab4d8e11ba873c2f11161202b945"
"data/formal_analysis/genecards_multisource_pairs_20_strict/pubmed_all_pair_evidence/raw/run_20260926T115108Z/rank_61/broad_all_fields/esearch_request.json","1589","913b72e4ddd4e74c22b45553503e52d820ff4e1d55e743ba03bdfd5d7f45a119"
"data/formal_analysis/genecards_multisource_pairs_20_strict/pubmed_all_pair_evidence/raw/run_20260926T115108Z/rank_61/broad_all_fields/esearch_response.json","1096","a7ab08147e6960903f693a86860cc7e2c29d0d7d3922b44812857480878ea4e6"
"data/formal_analysis/genecards_multisource_pairs_20_strict/pubmed_all_pair_evidence/raw/run_20260926T115108Z/rank_61/broad_all_fields/parsed_articles.json","2","4f53cda18c2baa0c0354bb5f9a3ecbe5ed12ab4d8e11ba873c2f11161202b945"
"data/formal_analysis/genecards_multisource_pairs_20_strict/pubmed_all_pair_evidence/raw/run_20260926T115108Z/rank_61/strict_title_abstract/esearch_request.json","1724","7397a10eaf4dad2fe84c29f0c8cc059c927874177306ca21545c0437a286e67b"
"data/formal_analysis/genecards_multisource_pairs_20_strict/pubmed_all_pair_evidence/raw/run_20260926T115108Z/rank_61/strict_title_abstract/esearch_response.json","1148","c41e8bce532f8e57d76d65b1e9d5519bb8d0a3f5a2156d592d7673051b824e26"
"data/formal_analysis/genecards_multisource_pairs_20_strict/pubmed_all_pair_evidence/raw/run_20260926T115108Z/rank_61/strict_title_abstract/parsed_articles.json","2","4f53cda18c2baa0c0354bb5f9a3ecbe5ed12ab4d8e11ba873c2f11161202b945"
"data/formal_analysis/genecards_multisource_pairs_20_strict/pubmed_all_pair_evidence/raw/run_20260926T115108Z/rank_62/broad_all_fields/esearch_request.json","1612","50168575cd6528b224d9149055c6b9aa1d718d4b3f47c08424abb50a5f6ab676"
"data/formal_analysis/genecards_multisource_pairs_20_strict/pubmed_all_pair_evidence/raw/run_20260926T115108Z/rank_62/broad_all_fields/esearch_response.json","1107","bd99d89c63cf89dea7b7e48d0f63548588ddee67050eab966cde20685d417376"
"data/formal_analysis/genecards_multisource_pairs_20_strict/pubmed_all_pair_evidence/raw/run_20260926T115108Z/rank_62/broad_all_fields/parsed_articles.json","2","4f53cda18c2baa0c0354bb5f9a3ecbe5ed12ab4d8e11ba873c2f11161202b945"
"data/formal_analysis/genecards_multisource_pairs_20_strict/pubmed_all_pair_evidence/raw/run_20260926T115108Z/rank_62/strict_title_abstract/esearch_request.json","1747","6764c15c64bc802d920e1b602ddaf101d9fc2b53aaf874b411d75977341941e1"
"data/formal_analysis/genecards_multisource_pairs_20_strict/pubmed_all_pair_evidence/raw/run_20260926T115108Z/rank_62/strict_title_abstract/esearch_response.json","1159","5dd9127db3379bf191555b0a95143988dafa02c17b3a3c7ee945961aca7ef2c4"
"data/formal_analysis/genecards_multisource_pairs_20_strict/pubmed_all_pair_evidence/raw/run_20260926T115108Z/rank_62/strict_title_abstract/parsed_articles.json","2","4f53cda18c2baa0c0354bb5f9a3ecbe5ed12ab4d8e11ba873c2f11161202b945"
"data/formal_analysis/genecards_multisource_pairs_20_strict/pubmed_all_pair_evidence/raw/run_20260926T115108Z/rank_63/broad_all_fields/esearch_request.json","1630","ec22d32a5aeece814643e27b842c72682de438f05b1acaf597fc76c90b735d32"
"data/formal_analysis/genecards_multisource_pairs_20_strict/pubmed_all_pair_evidence/raw/run_20260926T115108Z/rank_63/broad_all_fields/esearch_response.json","1136","8f6267bd7d96ecd3c5557ab049d5e352406d68a78a9b5119075215fe93d77856"
"data/formal_analysis/genecards_multisource_pairs_20_strict/pubmed_all_pair_evidence/raw/run_20260926T115108Z/rank_63/broad_all_fields/parsed_articles.json","2","4f53cda18c2baa0c0354bb5f9a3ecbe5ed12ab4d8e11ba873c2f11161202b945"
"data/formal_analysis/genecards_multisource_pairs_20_strict/pubmed_all_pair_evidence/raw/run_20260926T115108Z/rank_63/strict_title_abstract/esearch_request.json","1765","2d90bb2635b05f3d7a306071a0bdd32531a56f50ab0b1717bd0d01a87335fcd9"
"data/formal_analysis/genecards_multisource_pairs_20_strict/pubmed_all_pair_evidence/raw/run_20260926T115108Z/rank_63/strict_title_abstract/esearch_response.json","1188","a18c17bd6045a4db65d97441b7a53f925b85c3767a59ba40f3f5d1bbb15bbbd5"
"data/formal_analysis/genecards_multisource_pairs_20_strict/pubmed_all_pair_evidence/raw/run_20260926T115108Z/rank_63/strict_title_abstract/parsed_articles.json","2","4f53cda18c2baa0c0354bb5f9a3ecbe5ed12ab4d8e11ba873c2f11161202b945"
"data/formal_analysis/genecards_multisource_pairs_20_strict/pubmed_all_pair_evidence/raw/run_20260926T115108Z/rank_64/broad_all_fields/esearch_request.json","1724","b2be35716e98cdcb832b12f78de96f6689d44bf0e589fe93015eb68c8d8791a0"
"data/formal_analysis/genecards_multisource_pairs_20_strict/pubmed_all_pair_evidence/raw/run_20260926T115108Z/rank_64/broad_all_fields/esearch_response.json","1157","9eab332eeac9fb5c139a96e0dd9ca2cb8d5891a5d2118430fab808478fdfe85d"
"data/formal_analysis/genecards_multisource_pairs_20_strict/pubmed_all_pair_evidence/raw/run_20260926T115108Z/rank_64/broad_all_fields/parsed_articles.json","2","4f53cda18c2baa0c0354bb5f9a3ecbe5ed12ab4d8e11ba873c2f11161202b945"
"data/formal_analysis/genecards_multisource_pairs_20_strict/pubmed_all_pair_evidence/raw/run_20260926T115108Z/rank_64/strict_title_abstract/esearch_request.json","1879","1c21d50445b355dcd66e2ba8ed5778c87e155a45e95fd12692021120e3a4ba55"
"data/formal_analysis/genecards_multisource_pairs_20_strict/pubmed_all_pair_evidence/raw/run_20260926T115108Z/rank_64/strict_title_abstract/esearch_response.json","1217","de21b0ce9b0510e82206ee5281a661756f324f7e696e755a2d9ec6f9b1b0d95a"
"data/formal_analysis/genecards_multisource_pairs_20_strict/pubmed_all_pair_evidence/raw/run_20260926T115108Z/rank_64/strict_title_abstract/parsed_articles.json","2","4f53cda18c2baa0c0354bb5f9a3ecbe5ed12ab4d8e11ba873c2f11161202b945"
"data/formal_analysis/genecards_multisource_pairs_20_strict/pubmed_all_pair_evidence/raw/run_20260926T115108Z/rank_65/broad_all_fields/esearch_request.json","1664","cdfa5f346b38532d444a60da21d53d21c0e3c3b4bb804f74418762736da14c44"
"data/formal_analysis/genecards_multisource_pairs_20_strict/pubmed_all_pair_evidence/raw/run_20260926T115108Z/rank_65/broad_all_fields/esearch_response.json","1128","246089498d9934d1b5c9c04196576404d1f71c58900608c48edef6a3ab44a1c2"
"data/formal_analysis/genecards_multisource_pairs_20_strict/pubmed_all_pair_evidence/raw/run_20260926T115108Z/rank_65/broad_all_fields/parsed_articles.json","2","4f53cda18c2baa0c0354bb5f9a3ecbe5ed12ab4d8e11ba873c2f11161202b945"
"data/formal_analysis/genecards_multisource_pairs_20_strict/pubmed_all_pair_evidence/raw/run_20260926T115108Z/rank_65/strict_title_abstract/esearch_request.json","1809","c27d96f6be61ac22e8ff48c3205601dbf28b898c6adbd426ad06d69e825be308"
"data/formal_analysis/genecards_multisource_pairs_20_strict/pubmed_all_pair_evidence/raw/run_20260926T115108Z/rank_65/strict_title_abstract/esearch_response.json","1184","fd616a0c8362857ff968f09a194483fbfcc93798c5a87e2a818e5b23192a1460"
"data/formal_analysis/genecards_multisource_pairs_20_strict/pubmed_all_pair_evidence/raw/run_20260926T115108Z/rank_65/strict_title_abstract/parsed_articles.json","2","4f53cda18c2baa0c0354bb5f9a3ecbe5ed12ab4d8e11ba873c2f11161202b945"
"data/formal_analysis/genecards_multisource_pairs_20_strict/pubmed_all_pair_evidence/raw/run_20260926T115108Z/rank_66/broad_all_fields/esearch_request.json","1619","69b51e06e65a5bd7983144afb6333961acd6c258c8505ac548f6831c0c1e6838"
"data/formal_analysis/genecards_multisource_pairs_20_strict/pubmed_all_pair_evidence/raw/run_20260926T115108Z/rank_66/broad_all_fields/esearch_response.json","1108","ca72136b766cb580c37ed1871736d6a6d18a8c512587d007e177872f72725e23"
"data/formal_analysis/genecards_multisource_pairs_20_strict/pubmed_all_pair_evidence/raw/run_20260926T115108Z/rank_66/broad_all_fields/parsed_articles.json","2","4f53cda18c2baa0c0354bb5f9a3ecbe5ed12ab4d8e11ba873c2f11161202b945"
"data/formal_analysis/genecards_multisource_pairs_20_strict/pubmed_all_pair_evidence/raw/run_20260926T115108Z/rank_66/strict_title_abstract/esearch_request.json","1754","abea1e85e979bfc0ff067a288e73cd011c13020974fe2d979d5f054f71f349d9"
"data/formal_analysis/genecards_multisource_pairs_20_strict/pubmed_all_pair_evidence/raw/run_20260926T115108Z/rank_66/strict_title_abstract/esearch_response.json","1160","d5e78c186abb34a0921f00fcc9cbdf6ab65a4c42f159257ba9710c255c33dc25"
"data/formal_analysis/genecards_multisource_pairs_20_strict/pubmed_all_pair_evidence/raw/run_20260926T115108Z/rank_66/strict_title_abstract/parsed_articles.json","2","4f53cda18c2baa0c0354bb5f9a3ecbe5ed12ab4d8e11ba873c2f11161202b945"
"data/formal_analysis/genecards_multisource_pairs_20_strict/pubmed_all_pair_evidence/raw/run_20260926T115108Z/rank_67/broad_all_fields/esearch_request.json","1799","719e0a273ee8041b14d9f29c711b5713ab319ba41f52864ba7a078a95684a15b"
"data/formal_analysis/genecards_multisource_pairs_20_strict/pubmed_all_pair_evidence/raw/run_20260926T115108Z/rank_67/broad_all_fields/esearch_response.json","1190","d3e967978e69d7e36bdb57274a11a9b2bb1fc045d40c5c27db6fe0de81126f4d"
"data/formal_analysis/genecards_multisource_pairs_20_strict/pubmed_all_pair_evidence/raw/run_20260926T115108Z/rank_67/broad_all_fields/parsed_articles.json","2","4f53cda18c2baa0c0354bb5f9a3ecbe5ed12ab4d8e11ba873c2f11161202b945"
"data/formal_analysis/genecards_multisource_pairs_20_strict/pubmed_all_pair_evidence/raw/run_20260926T115108Z/rank_67/strict_title_abstract/esearch_request.json","1964","8fdf01a9a44f3e34e4850a077fc110a94dad2fb6eccd2ee4c2883d2680661910"
"data/formal_analysis/genecards_multisource_pairs_20_strict/pubmed_all_pair_evidence/raw/run_20260926T115108Z/rank_67/strict_title_abstract/esearch_response.json","1254","3ae7eb24b5010cf29825d8477055763825c5aa608378c47351850c07f585cf77"
"data/formal_analysis/genecards_multisource_pairs_20_strict/pubmed_all_pair_evidence/raw/run_20260926T115108Z/rank_67/strict_title_abstract/parsed_articles.json","2","4f53cda18c2baa0c0354bb5f9a3ecbe5ed12ab4d8e11ba873c2f11161202b945"
"data/formal_analysis/genecards_multisource_pairs_20_strict/pubmed_all_pair_evidence/raw/run_20260926T115108Z/rank_68/broad_all_fields/esearch_request.json","1834","706302afda6fbf522c20f91d59e40c50088f5f5488394d9160151d0bce897229"
"data/formal_analysis/genecards_multisource_pairs_20_strict/pubmed_all_pair_evidence/raw/run_20260926T115108Z/rank_68/broad_all_fields/esearch_response.json","1209","14342a0b2e1c7fee7bd4a4b49e256d268e807cc907f5fb8b69e3e32becbeb764"
"data/formal_analysis/genecards_multisource_pairs_20_strict/pubmed_all_pair_evidence/raw/run_20260926T115108Z/rank_68/broad_all_fields/parsed_articles.json","2","4f53cda18c2baa0c0354bb5f9a3ecbe5ed12ab4d8e11ba873c2f11161202b945"
"data/formal_analysis/genecards_multisource_pairs_20_strict/pubmed_all_pair_evidence/raw/run_20260926T115108Z/rank_68/strict_title_abstract/esearch_request.json","1999","2be9bc37689cea016bc65d9bf0d4c33018f56060bb5eb2a9793f27f80e65976f"
"data/formal_analysis/genecards_multisource_pairs_20_strict/pubmed_all_pair_evidence/raw/run_20260926T115108Z/rank_68/strict_title_abstract/esearch_response.json","1273","67ff21864d35411746f672c5c4ec3f61224b61544db17eacc835430718b2ccc7"
"data/formal_analysis/genecards_multisource_pairs_20_strict/pubmed_all_pair_evidence/raw/run_20260926T115108Z/rank_68/strict_title_abstract/parsed_articles.json","2","4f53cda18c2baa0c0354bb5f9a3ecbe5ed12ab4d8e11ba873c2f11161202b945"
"data/formal_analysis/genecards_multisource_pairs_20_strict/pubmed_all_pair_evidence/raw/run_20260926T115108Z/rank_69/broad_all_fields/esearch_request.json","1852","2d6b2f9b8444de4ea4e3cb8e6d71e42e0a044759fa401e3688ef8466b8e9e243"
"data/formal_analysis/genecards_multisource_pairs_20_strict/pubmed_all_pair_evidence/raw/run_20260926T115108Z/rank_69/broad_all_fields/esearch_response.json","1238","16e8065f85bf496cee68900ee06e82bfd548769a012a73132d2cc3b227e49cea"
"data/formal_analysis/genecards_multisource_pairs_20_strict/pubmed_all_pair_evidence/raw/run_20260926T115108Z/rank_69/broad_all_fields/parsed_articles.json","2","4f53cda18c2baa0c0354bb5f9a3ecbe5ed12ab4d8e11ba873c2f11161202b945"
"data/formal_analysis/genecards_multisource_pairs_20_strict/pubmed_all_pair_evidence/raw/run_20260926T115108Z/rank_69/strict_title_abstract/esearch_request.json","2017","99a01c0e59069edc73b3007124427c3918d4b4b29f851d6d1ccae75719ba6830"
"data/formal_analysis/genecards_multisource_pairs_20_strict/pubmed_all_pair_evidence/raw/run_20260926T115108Z/rank_69/strict_title_abstract/esearch_response.json","1302","d1f4d5a32115cbd608d266b98c9c2b8d944cd90c4a73f60e02796cfd0cf82b6a"
"data/formal_analysis/genecards_multisource_pairs_20_strict/pubmed_all_pair_evidence/raw/run_20260926T115108Z/rank_69/strict_title_abstract/parsed_articles.json","2","4f53cda18c2baa0c0354bb5f9a3ecbe5ed12ab4d8e11ba873c2f11161202b945"
"data/formal_analysis/genecards_multisource_pairs_20_strict/pubmed_all_pair_evidence/raw/run_20260926T115108Z/rank_70/broad_all_fields/esearch_request.json","1813","f54ba91a18fcf3da35f46063024d429c9c199c9a9ab6bed1c825b4e35dee4e88"
"data/formal_analysis/genecards_multisource_pairs_20_strict/pubmed_all_pair_evidence/raw/run_20260926T115108Z/rank_70/broad_all_fields/esearch_response.json","1197","fa57e9b4b3f87a3e57d8a81581dc8957c39894e5caf6ae4af04bde307e18c332"
"data/formal_analysis/genecards_multisource_pairs_20_strict/pubmed_all_pair_evidence/raw/run_20260926T115108Z/rank_70/broad_all_fields/parsed_articles.json","2","4f53cda18c2baa0c0354bb5f9a3ecbe5ed12ab4d8e11ba873c2f11161202b945"
"data/formal_analysis/genecards_multisource_pairs_20_strict/pubmed_all_pair_evidence/raw/run_20260926T115108Z/rank_70/strict_title_abstract/esearch_request.json","1978","037fd5f725ed60585b703c17768b17aeba5c89ad8b52e1cffcc7fad144fb03e0"
"data/formal_analysis/genecards_multisource_pairs_20_strict/pubmed_all_pair_evidence/raw/run_20260926T115108Z/rank_70/strict_title_abstract/esearch_response.json","1261","e504ad41116c85d3bfc5c702d5690c4f84eb54481abab768e9cb0b38152b2417"
"data/formal_analysis/genecards_multisource_pairs_20_strict/pubmed_all_pair_evidence/raw/run_20260926T115108Z/rank_70/strict_title_abstract/parsed_articles.json","2","4f53cda18c2baa0c0354bb5f9a3ecbe5ed12ab4d8e11ba873c2f11161202b945"
"data/formal_analysis/genecards_multisource_pairs_20_strict/pubmed_all_pair_evidence/raw/run_20260926T115108Z/rank_71/broad_all_fields/esearch_request.json","1792","9ee8fa7d6f7c29e5bccf73f1669606d496261c7aa0e46ba15c7cd69705546f1b"
"data/formal_analysis/genecards_multisource_pairs_20_strict/pubmed_all_pair_evidence/raw/run_20260926T115108Z/rank_71/broad_all_fields/esearch_response.json","1188","975b2e042cac091fffe6cc5bdc0ea5f5520c37d524a7d65fb32b7450fcaf8e7b"
"data/formal_analysis/genecards_multisource_pairs_20_strict/pubmed_all_pair_evidence/raw/run_20260926T115108Z/rank_71/broad_all_fields/parsed_articles.json","2","4f53cda18c2baa0c0354bb5f9a3ecbe5ed12ab4d8e11ba873c2f11161202b945"
"data/formal_analysis/genecards_multisource_pairs_20_strict/pubmed_all_pair_evidence/raw/run_20260926T115108Z/rank_71/strict_title_abstract/esearch_request.json","1957","57dbd4d896e716649d4b372139d6078a1a2791e1c0d1b9e8116b06127196f0b4"
"data/formal_analysis/genecards_multisource_pairs_20_strict/pubmed_all_pair_evidence/raw/run_20260926T115108Z/rank_71/strict_title_abstract/esearch_response.json","1252","0102c4de3835cba1100d4ee53254dd8edf6e60dc2329050fdb3d6453a55a0f0a"
"data/formal_analysis/genecards_multisource_pairs_20_strict/pubmed_all_pair_evidence/raw/run_20260926T115108Z/rank_71/strict_title_abstract/parsed_articles.json","2","4f53cda18c2baa0c0354bb5f9a3ecbe5ed12ab4d8e11ba873c2f11161202b945"
"data/formal_analysis/genecards_multisource_pairs_20_strict/pubmed_all_pair_evidence/raw/run_20260926T115108Z/rank_72/broad_all_fields/esearch_request.json","1527","03578d198eafad2a2c1465946d706d381dd9ea67d359528fcd38675ae902cad9"
"data/formal_analysis/genecards_multisource_pairs_20_strict/pubmed_all_pair_evidence/raw/run_20260926T115108Z/rank_72/broad_all_fields/esearch_response.json","1066","5d150d1e762b110481fb97fb376b5a30afdcfd5f22545bf9714cb4cef34e8c6f"
"data/formal_analysis/genecards_multisource_pairs_20_strict/pubmed_all_pair_evidence/raw/run_20260926T115108Z/rank_72/broad_all_fields/parsed_articles.json","2","4f53cda18c2baa0c0354bb5f9a3ecbe5ed12ab4d8e11ba873c2f11161202b945"
"data/formal_analysis/genecards_multisource_pairs_20_strict/pubmed_all_pair_evidence/raw/run_20260926T115108Z/rank_72/strict_title_abstract/esearch_request.json","1652","0fe4aea01caa60bb7114209eeb6ebae7a35602a455aaa5ad5082707b6de96c62"
"data/formal_analysis/genecards_multisource_pairs_20_strict/pubmed_all_pair_evidence/raw/run_20260926T115108Z/rank_72/strict_title_abstract/esearch_response.json","1114","7e7d95505145e3c6087c1124f5b2c0525302a87d8198571f885d7c6a2c4695ad"
"data/formal_analysis/genecards_multisource_pairs_20_strict/pubmed_all_pair_evidence/raw/run_20260926T115108Z/rank_72/strict_title_abstract/parsed_articles.json","2","4f53cda18c2baa0c0354bb5f9a3ecbe5ed12ab4d8e11ba873c2f11161202b945"
"data/formal_analysis/genecards_multisource_pairs_20_strict/pubmed_all_pair_evidence/raw/run_20260926T115108Z/rank_73/broad_all_fields/esearch_request.json","1584","3d2611e455de17f39ed4e377dd8eb321a459d53db2a3c4198b31425eef34a511"
"data/formal_analysis/genecards_multisource_pairs_20_strict/pubmed_all_pair_evidence/raw/run_20260926T115108Z/rank_73/broad_all_fields/esearch_response.json","1093","5cbac23e6441aa53355bb94c73a86e3f1b4889101847293af426b1a9dd0545c8"
"data/formal_analysis/genecards_multisource_pairs_20_strict/pubmed_all_pair_evidence/raw/run_20260926T115108Z/rank_73/broad_all_fields/parsed_articles.json","2","4f53cda18c2baa0c0354bb5f9a3ecbe5ed12ab4d8e11ba873c2f11161202b945"
"data/formal_analysis/genecards_multisource_pairs_20_strict/pubmed_all_pair_evidence/raw/run_20260926T115108Z/rank_73/strict_title_abstract/esearch_request.json","1719","d78d3a066632c2e00dbc181e464fd6c2461de5e06d75beb7789e9156291b307e"
"data/formal_analysis/genecards_multisource_pairs_20_strict/pubmed_all_pair_evidence/raw/run_20260926T115108Z/rank_73/strict_title_abstract/esearch_response.json","1145","d139cfbcbc66779082ab486261201f645fce7310c546cf4a0f84e0ed7de7ecff"
"data/formal_analysis/genecards_multisource_pairs_20_strict/pubmed_all_pair_evidence/raw/run_20260926T115108Z/rank_73/strict_title_abstract/parsed_articles.json","2","4f53cda18c2baa0c0354bb5f9a3ecbe5ed12ab4d8e11ba873c2f11161202b945"
"data/formal_analysis/genecards_multisource_pairs_20_strict/pubmed_all_pair_evidence/raw/run_20260926T115108Z/rank_74/broad_all_fields/esearch_request.json","1570","bafce5db111c3bb5d2a99b1d82779df4f06a766522ace771ce61cefae42d6342"
"data/formal_analysis/genecards_multisource_pairs_20_strict/pubmed_all_pair_evidence/raw/run_20260926T115108Z/rank_74/broad_all_fields/esearch_response.json","1086","e4c1b25bd1814f20fd172b7174312f97e7a18c8514de80b3030e1c68f2f7ebe0"
"data/formal_analysis/genecards_multisource_pairs_20_strict/pubmed_all_pair_evidence/raw/run_20260926T115108Z/rank_74/broad_all_fields/parsed_articles.json","2","4f53cda18c2baa0c0354bb5f9a3ecbe5ed12ab4d8e11ba873c2f11161202b945"
"data/formal_analysis/genecards_multisource_pairs_20_strict/pubmed_all_pair_evidence/raw/run_20260926T115108Z/rank_74/strict_title_abstract/esearch_request.json","1705","abc9db0777ed00a5d43ef6612adc71bd8c83c9a82bbd541c7721a9ebffb8217f"
"data/formal_analysis/genecards_multisource_pairs_20_strict/pubmed_all_pair_evidence/raw/run_20260926T115108Z/rank_74/strict_title_abstract/esearch_response.json","1138","8a2ea8bde462ebac7794a94459600680890e6483cccdb081d90252ae61755c01"
"data/formal_analysis/genecards_multisource_pairs_20_strict/pubmed_all_pair_evidence/raw/run_20260926T115108Z/rank_74/strict_title_abstract/parsed_articles.json","2","4f53cda18c2baa0c0354bb5f9a3ecbe5ed12ab4d8e11ba873c2f11161202b945"
"data/formal_analysis/genecards_multisource_pairs_20_strict/pubmed_all_pair_evidence/raw/run_20260926T115108Z/rank_75/broad_all_fields/esearch_request.json","1613","49c878535e541867f9ada0b8ad4ab6e53256fb63a082020b1372239b819b1a2b"
"data/formal_analysis/genecards_multisource_pairs_20_strict/pubmed_all_pair_evidence/raw/run_20260926T115108Z/rank_75/broad_all_fields/esearch_response.json","1108","0f180ced063bb65ca8742f86cf577db89e6a0c1d924e477975b340389c56ec42"
"data/formal_analysis/genecards_multisource_pairs_20_strict/pubmed_all_pair_evidence/raw/run_20260926T115108Z/rank_75/broad_all_fields/parsed_articles.json","2","4f53cda18c2baa0c0354bb5f9a3ecbe5ed12ab4d8e11ba873c2f11161202b945"
"data/formal_analysis/genecards_multisource_pairs_20_strict/pubmed_all_pair_evidence/raw/run_20260926T115108Z/rank_75/strict_title_abstract/esearch_request.json","1748","eb1cdb22f0e575d169de9a39d2174130985151c73f810e7b1bb519afc26669f0"
"data/formal_analysis/genecards_multisource_pairs_20_strict/pubmed_all_pair_evidence/raw/run_20260926T115108Z/rank_75/strict_title_abstract/esearch_response.json","1160","7db19eec68e6a694503ff87b9f81349182e71b859efcf8350f66de851fcea08c"
"data/formal_analysis/genecards_multisource_pairs_20_strict/pubmed_all_pair_evidence/raw/run_20260926T115108Z/rank_75/strict_title_abstract/parsed_articles.json","2","4f53cda18c2baa0c0354bb5f9a3ecbe5ed12ab4d8e11ba873c2f11161202b945"
"data/formal_analysis/genecards_multisource_pairs_20_strict/pubmed_all_pair_evidence/raw/run_20260926T115108Z/rank_76/broad_all_fields/esearch_request.json","1631","d3573a643b7161b5481d00d6a4c6619122ca192b2a5c0ce9635be38767dd7f77"
"data/formal_analysis/genecards_multisource_pairs_20_strict/pubmed_all_pair_evidence/raw/run_20260926T115108Z/rank_76/broad_all_fields/esearch_response.json","1137","dfa75d2c38626f5ba1cfa77b01eceb6e74dab27323afda9c47b4f5772e8635d2"
"data/formal_analysis/genecards_multisource_pairs_20_strict/pubmed_all_pair_evidence/raw/run_20260926T115108Z/rank_76/broad_all_fields/parsed_articles.json","2","4f53cda18c2baa0c0354bb5f9a3ecbe5ed12ab4d8e11ba873c2f11161202b945"
"data/formal_analysis/genecards_multisource_pairs_20_strict/pubmed_all_pair_evidence/raw/run_20260926T115108Z/rank_76/strict_title_abstract/esearch_request.json","1766","953e5664b744b1fd942b0f9e29f7b4516fcfb4e72f8f22360f8777402981216b"
"data/formal_analysis/genecards_multisource_pairs_20_strict/pubmed_all_pair_evidence/raw/run_20260926T115108Z/rank_76/strict_title_abstract/esearch_response.json","1189","6abde6dfd21862b39443d731b745c4ece3f99580e5ef985b9858de248959d880"
"data/formal_analysis/genecards_multisource_pairs_20_strict/pubmed_all_pair_evidence/raw/run_20260926T115108Z/rank_76/strict_title_abstract/parsed_articles.json","2","4f53cda18c2baa0c0354bb5f9a3ecbe5ed12ab4d8e11ba873c2f11161202b945"
"data/formal_analysis/genecards_multisource_pairs_20_strict/pubmed_all_pair_evidence/raw/run_20260926T115108Z/rank_77/broad_all_fields/esearch_request.json","1607","a80d8ac198899e2ebb57163bbedd23be4ba380402af7100ce3829bf3c5a816d4"
"data/formal_analysis/genecards_multisource_pairs_20_strict/pubmed_all_pair_evidence/raw/run_20260926T115108Z/rank_77/broad_all_fields/esearch_response.json","1106","b64b1089597161fbd13190a00f337000b92084b66e55b0486f31d386cf00e3d2"
"data/formal_analysis/genecards_multisource_pairs_20_strict/pubmed_all_pair_evidence/raw/run_20260926T115108Z/rank_77/broad_all_fields/parsed_articles.json","2","4f53cda18c2baa0c0354bb5f9a3ecbe5ed12ab4d8e11ba873c2f11161202b945"
"data/formal_analysis/genecards_multisource_pairs_20_strict/pubmed_all_pair_evidence/raw/run_20260926T115108Z/rank_77/strict_title_abstract/esearch_request.json","1742","ce7d5899cb01b29472c33a733d3f0f44ace6615a143331e751630eaa5c217d0a"
"data/formal_analysis/genecards_multisource_pairs_20_strict/pubmed_all_pair_evidence/raw/run_20260926T115108Z/rank_77/strict_title_abstract/esearch_response.json","1158","9c7482d610005dd8d7b77c89753614e078bca2cdab22043eed3e0c3245007b1d"
"data/formal_analysis/genecards_multisource_pairs_20_strict/pubmed_all_pair_evidence/raw/run_20260926T115108Z/rank_77/strict_title_abstract/parsed_articles.json","2","4f53cda18c2baa0c0354bb5f9a3ecbe5ed12ab4d8e11ba873c2f11161202b945"
"data/formal_analysis/genecards_multisource_pairs_20_strict/pubmed_all_pair_evidence/raw/run_20260926T115108Z/rank_78/broad_all_fields/esearch_request.json","1625","35581c350333f3e7bdc2aac53350fa199b2981766f360d2c687eb42345117902"
"data/formal_analysis/genecards_multisource_pairs_20_strict/pubmed_all_pair_evidence/raw/run_20260926T115108Z/rank_78/broad_all_fields/esearch_response.json","1135","711eb0d5cbe0ed24c9a97a036c6bb2757d489a33f876c08acf559cc3adfdc5ec"
"data/formal_analysis/genecards_multisource_pairs_20_strict/pubmed_all_pair_evidence/raw/run_20260926T115108Z/rank_78/broad_all_fields/parsed_articles.json","2","4f53cda18c2baa0c0354bb5f9a3ecbe5ed12ab4d8e11ba873c2f11161202b945"
"data/formal_analysis/genecards_multisource_pairs_20_strict/pubmed_all_pair_evidence/raw/run_20260926T115108Z/rank_78/strict_title_abstract/esearch_request.json","1760","8b566f665b3e2ff8ce9a914b47e1aa639dc28ad9908df16c12f47545fc59a03f"
"data/formal_analysis/genecards_multisource_pairs_20_strict/pubmed_all_pair_evidence/raw/run_20260926T115108Z/rank_78/strict_title_abstract/esearch_response.json","1187","68615fe949ba5d14767aaeebb05de125125edb0375262b0225e4b4017b28b4f3"
"data/formal_analysis/genecards_multisource_pairs_20_strict/pubmed_all_pair_evidence/raw/run_20260926T115108Z/rank_78/strict_title_abstract/parsed_articles.json","2","4f53cda18c2baa0c0354bb5f9a3ecbe5ed12ab4d8e11ba873c2f11161202b945"
"data/formal_analysis/genecards_multisource_pairs_20_strict/pubmed_all_pair_evidence/raw/run_20260926T115108Z/rank_79/broad_all_fields/esearch_request.json","1589","ccf89f0639064a2bd3310fd75debe45d1b9d30a72b149a15bb368d9a72ed5554"
"data/formal_analysis/genecards_multisource_pairs_20_strict/pubmed_all_pair_evidence/raw/run_20260926T115108Z/rank_79/broad_all_fields/esearch_response.json","1091","60a9e9d2f45fb9775ff33c72e1e466cd3053fa7d96f9e46608d10e72c4fad987"
"data/formal_analysis/genecards_multisource_pairs_20_strict/pubmed_all_pair_evidence/raw/run_20260926T115108Z/rank_79/broad_all_fields/parsed_articles.json","2","4f53cda18c2baa0c0354bb5f9a3ecbe5ed12ab4d8e11ba873c2f11161202b945"
"data/formal_analysis/genecards_multisource_pairs_20_strict/pubmed_all_pair_evidence/raw/run_20260926T115108Z/rank_79/strict_title_abstract/esearch_request.json","1724","62d09f9390b45b2f0fee6be598587644aebedf84a5249411cb847897b2e24cef"
"data/formal_analysis/genecards_multisource_pairs_20_strict/pubmed_all_pair_evidence/raw/run_20260926T115108Z/rank_79/strict_title_abstract/esearch_response.json","1143","dd8ee029bb39e149229184490ef2e6fe7e327dc553faf3f4f8e9bd46388165ad"
"data/formal_analysis/genecards_multisource_pairs_20_strict/pubmed_all_pair_evidence/raw/run_20260926T115108Z/rank_79/strict_title_abstract/parsed_articles.json","2","4f53cda18c2baa0c0354bb5f9a3ecbe5ed12ab4d8e11ba873c2f11161202b945"
"data/formal_analysis/genecards_multisource_pairs_20_strict/pubmed_all_pair_evidence/raw/run_20260926T115108Z/rank_80/broad_all_fields/esearch_request.json","1500","28cda2331f2fec31b0e237a5442492c0ce7767a4918f661deb8ff4a676cd0e0a"
"data/formal_analysis/genecards_multisource_pairs_20_strict/pubmed_all_pair_evidence/raw/run_20260926T115108Z/rank_80/broad_all_fields/esearch_response.json","1054","6ece2b156b94156800ce63aa242a07fd82298c8b98b8a4fb8004acd35a47cba4"
"data/formal_analysis/genecards_multisource_pairs_20_strict/pubmed_all_pair_evidence/raw/run_20260926T115108Z/rank_80/broad_all_fields/parsed_articles.json","2","4f53cda18c2baa0c0354bb5f9a3ecbe5ed12ab4d8e11ba873c2f11161202b945"
"data/formal_analysis/genecards_multisource_pairs_20_strict/pubmed_all_pair_evidence/raw/run_20260926T115108Z/rank_80/strict_title_abstract/esearch_request.json","1625","b735607629d6d8a29cc3dfec1f8fce5ebbd6c20609c07811ae44f8f7e6433e4f"
"data/formal_analysis/genecards_multisource_pairs_20_strict/pubmed_all_pair_evidence/raw/run_20260926T115108Z/rank_80/strict_title_abstract/esearch_response.json","1102","7dc4645bbf9c4e893f0a505c6d8b78274dce47b4aeb3651c957b50840e0c895b"
"data/formal_analysis/genecards_multisource_pairs_20_strict/pubmed_all_pair_evidence/raw/run_20260926T115108Z/rank_80/strict_title_abstract/parsed_articles.json","2","4f53cda18c2baa0c0354bb5f9a3ecbe5ed12ab4d8e11ba873c2f11161202b945"
"data/formal_analysis/genecards_multisource_pairs_20_strict/pubmed_all_pair_evidence/raw/run_20260926T115108Z/rank_81/broad_all_fields/esearch_request.json","1479","ba5ac401b7d9df1fa5899c4084c85625e2b99da2ec6be56791ff793ffde7faf9"
"data/formal_analysis/genecards_multisource_pairs_20_strict/pubmed_all_pair_evidence/raw/run_20260926T115108Z/rank_81/broad_all_fields/esearch_response.json","1045","0a3954720fff94015fda30fe1b7b47278820b953616bcd2a45571615ce1288af"
"data/formal_analysis/genecards_multisource_pairs_20_strict/pubmed_all_pair_evidence/raw/run_20260926T115108Z/rank_81/broad_all_fields/parsed_articles.json","2","4f53cda18c2baa0c0354bb5f9a3ecbe5ed12ab4d8e11ba873c2f11161202b945"
"data/formal_analysis/genecards_multisource_pairs_20_strict/pubmed_all_pair_evidence/raw/run_20260926T115108Z/rank_81/strict_title_abstract/esearch_request.json","1604","9823b0a27e6e033a2b045d980dddac28eb66d38291c4d2d553fb0939bad379d9"
"data/formal_analysis/genecards_multisource_pairs_20_strict/pubmed_all_pair_evidence/raw/run_20260926T115108Z/rank_81/strict_title_abstract/esearch_response.json","1093","76ab1a2ffb54c6a1244b6d3e9f74b62c5cac906a8ab6aef20cf73a36e6b8d000"
"data/formal_analysis/genecards_multisource_pairs_20_strict/pubmed_all_pair_evidence/raw/run_20260926T115108Z/rank_81/strict_title_abstract/parsed_articles.json","2","4f53cda18c2baa0c0354bb5f9a3ecbe5ed12ab4d8e11ba873c2f11161202b945"
"data/formal_analysis/genecards_multisource_pairs_20_strict/pubmed_all_pair_evidence/raw/run_20260926T115108Z/rank_82/broad_all_fields/esearch_request.json","1750","6b7c77c648769481359e52ddb8fb4454a7af1774025cf2593b2fd40ec6f7931c"
"data/formal_analysis/genecards_multisource_pairs_20_strict/pubmed_all_pair_evidence/raw/run_20260926T115108Z/rank_82/broad_all_fields/esearch_response.json","1170","cebe0a4c6cfdcc24b6f6e3f0a0ddf9ac163cc5cbb910c1774a575ff669972052"
"data/formal_analysis/genecards_multisource_pairs_20_strict/pubmed_all_pair_evidence/raw/run_20260926T115108Z/rank_82/broad_all_fields/parsed_articles.json","2","4f53cda18c2baa0c0354bb5f9a3ecbe5ed12ab4d8e11ba873c2f11161202b945"
"data/formal_analysis/genecards_multisource_pairs_20_strict/pubmed_all_pair_evidence/raw/run_20260926T115108Z/rank_82/strict_title_abstract/esearch_request.json","1905","269873129f311f94f9fc32391daad3216726b3bf1b6b06c45b4de3d5a1592e33"
"data/formal_analysis/genecards_multisource_pairs_20_strict/pubmed_all_pair_evidence/raw/run_20260926T115108Z/rank_82/strict_title_abstract/esearch_response.json","1230","b3838e69595692e367db0a433a4fe0ace783a1d6d9ef29adec342713227d6997"
"data/formal_analysis/genecards_multisource_pairs_20_strict/pubmed_all_pair_evidence/raw/run_20260926T115108Z/rank_82/strict_title_abstract/parsed_articles.json","2","4f53cda18c2baa0c0354bb5f9a3ecbe5ed12ab4d8e11ba873c2f11161202b945"
"data/formal_analysis/genecards_multisource_pairs_20_strict/pubmed_all_pair_evidence/raw/run_20260926T115108Z/rank_83/broad_all_fields/esearch_request.json","1736","879866082e228b7fd961fda56d50733deb5ed48ca45b2c7b2612e3a60f74cfa2"
"data/formal_analysis/genecards_multisource_pairs_20_strict/pubmed_all_pair_evidence/raw/run_20260926T115108Z/rank_83/broad_all_fields/esearch_response.json","1163","1d2e31f403834c75d74575f5a80b6d4e229e0bfa4a7ba3395610d80b097b8e20"
"data/formal_analysis/genecards_multisource_pairs_20_strict/pubmed_all_pair_evidence/raw/run_20260926T115108Z/rank_83/broad_all_fields/parsed_articles.json","2","4f53cda18c2baa0c0354bb5f9a3ecbe5ed12ab4d8e11ba873c2f11161202b945"
"data/formal_analysis/genecards_multisource_pairs_20_strict/pubmed_all_pair_evidence/raw/run_20260926T115108Z/rank_83/strict_title_abstract/esearch_request.json","1891","c07f1fbc6bdb64ae387ac84c8d5f5a23df6c38344219a4a0937847817b9be01e"
"data/formal_analysis/genecards_multisource_pairs_20_strict/pubmed_all_pair_evidence/raw/run_20260926T115108Z/rank_83/strict_title_abstract/esearch_response.json","1223","526169a725c6d93c04a392bd6ece3fa762842914b987d4fe60c852d68cab69fa"
"data/formal_analysis/genecards_multisource_pairs_20_strict/pubmed_all_pair_evidence/raw/run_20260926T115108Z/rank_83/strict_title_abstract/parsed_articles.json","2","4f53cda18c2baa0c0354bb5f9a3ecbe5ed12ab4d8e11ba873c2f11161202b945"
"data/formal_analysis/genecards_multisource_pairs_20_strict/pubmed_all_pair_evidence/raw/run_20260926T115108Z/rank_84/broad_all_fields/esearch_request.json","1578","40aac411bf4a730c43922aac7a2774f4a092accf1a6aaf9f37c10944ffc208aa"
"data/formal_analysis/genecards_multisource_pairs_20_strict/pubmed_all_pair_evidence/raw/run_20260926T115108Z/rank_84/broad_all_fields/esearch_response.json","1089","b7387fa8794f538d5fe28ce121c155bca011385350f168f89744afa1c08a118c"
"data/formal_analysis/genecards_multisource_pairs_20_strict/pubmed_all_pair_evidence/raw/run_20260926T115108Z/rank_84/broad_all_fields/parsed_articles.json","2","4f53cda18c2baa0c0354bb5f9a3ecbe5ed12ab4d8e11ba873c2f11161202b945"
"data/formal_analysis/genecards_multisource_pairs_20_strict/pubmed_all_pair_evidence/raw/run_20260926T115108Z/rank_84/strict_title_abstract/esearch_request.json","1713","e98f9ef0b8c98a77203a45c6779b8efe4ed3a8025e9e87ebebc37d942e3cae10"
"data/formal_analysis/genecards_multisource_pairs_20_strict/pubmed_all_pair_evidence/raw/run_20260926T115108Z/rank_84/strict_title_abstract/esearch_response.json","1141","25f2740c016bd544fc3b30cd3790d9c4ff206413d98d657c7da7b042f6cd4786"
"data/formal_analysis/genecards_multisource_pairs_20_strict/pubmed_all_pair_evidence/raw/run_20260926T115108Z/rank_84/strict_title_abstract/parsed_articles.json","2","4f53cda18c2baa0c0354bb5f9a3ecbe5ed12ab4d8e11ba873c2f11161202b945"
"data/formal_analysis/genecards_multisource_pairs_20_strict/pubmed_all_pair_evidence/raw/run_20260926T115108Z/rank_85/broad_all_fields/esearch_request.json","1521","8cd463e0a13a9b5197786fdf85493164ca1ae6ddc37c00c7f7db11b1c9d3a1fd"
"data/formal_analysis/genecards_multisource_pairs_20_strict/pubmed_all_pair_evidence/raw/run_20260926T115108Z/rank_85/broad_all_fields/esearch_response.json","1066","07ea8dd7c57e63ae09f7013d60d95c518cbb66e19e87956ac0eefc04439afd35"
"data/formal_analysis/genecards_multisource_pairs_20_strict/pubmed_all_pair_evidence/raw/run_20260926T115108Z/rank_85/broad_all_fields/parsed_articles.json","2","4f53cda18c2baa0c0354bb5f9a3ecbe5ed12ab4d8e11ba873c2f11161202b945"
"data/formal_analysis/genecards_multisource_pairs_20_strict/pubmed_all_pair_evidence/raw/run_20260926T115108Z/rank_85/strict_title_abstract/esearch_request.json","1646","4424ff20df9096428cd55304188f01e8746bfe9fa040d9882d5b7f00800c73f1"
"data/formal_analysis/genecards_multisource_pairs_20_strict/pubmed_all_pair_evidence/raw/run_20260926T115108Z/rank_85/strict_title_abstract/esearch_response.json","1114","94ab8946faaa130ea1c445fc58281f5ac9fc534501c185e6891ab527ae326e55"
"data/formal_analysis/genecards_multisource_pairs_20_strict/pubmed_all_pair_evidence/raw/run_20260926T115108Z/rank_85/strict_title_abstract/parsed_articles.json","2","4f53cda18c2baa0c0354bb5f9a3ecbe5ed12ab4d8e11ba873c2f11161202b945"
"data/formal_analysis/genecards_multisource_pairs_20_strict/pubmed_all_pair_evidence/raw/run_20260926T115108Z/rank_86/broad_all_fields/esearch_request.json","1539","f8ee6876726db548be0d858a2bcd65376e94ca2b8ebb2e01dbb6c3f889f604c9"
"data/formal_analysis/genecards_multisource_pairs_20_strict/pubmed_all_pair_evidence/raw/run_20260926T115108Z/rank_86/broad_all_fields/esearch_response.json","1095","c4df23a9f0a36f53141e50ca8904f719c38b8e5be3c0902ee0560b7cd4feffcf"
"data/formal_analysis/genecards_multisource_pairs_20_strict/pubmed_all_pair_evidence/raw/run_20260926T115108Z/rank_86/broad_all_fields/parsed_articles.json","2","4f53cda18c2baa0c0354bb5f9a3ecbe5ed12ab4d8e11ba873c2f11161202b945"
"data/formal_analysis/genecards_multisource_pairs_20_strict/pubmed_all_pair_evidence/raw/run_20260926T115108Z/rank_86/strict_title_abstract/esearch_request.json","1664","8d63bc7121b1526e664a29445f9cd0d3adb24cc4218aa6d0e3088f8699c8a9aa"
"data/formal_analysis/genecards_multisource_pairs_20_strict/pubmed_all_pair_evidence/raw/run_20260926T115108Z/rank_86/strict_title_abstract/esearch_response.json","1143","905e7684c10c1a664ba3df0364e37e70059c5eb6b1d52201c18026e0d3e1d768"
"data/formal_analysis/genecards_multisource_pairs_20_strict/pubmed_all_pair_evidence/raw/run_20260926T115108Z/rank_86/strict_title_abstract/parsed_articles.json","2","4f53cda18c2baa0c0354bb5f9a3ecbe5ed12ab4d8e11ba873c2f11161202b945"
"data/formal_analysis/genecards_multisource_pairs_20_strict/pubmed_all_pair_evidence/raw/run_20260926T115108Z/rank_87/broad_all_fields/esearch_request.json","1565","cfa95d8087e7affbf1aeca9da559ed279d5679df3a786c6ddbaddb4b48527031"
"data/formal_analysis/genecards_multisource_pairs_20_strict/pubmed_all_pair_evidence/raw/run_20260926T115108Z/rank_87/broad_all_fields/esearch_response.json","1085","fc03f702afd9f3d54e644864495c9382103c30bd1eae0d8683712a66651f8d21"
"data/formal_analysis/genecards_multisource_pairs_20_strict/pubmed_all_pair_evidence/raw/run_20260926T115108Z/rank_87/broad_all_fields/parsed_articles.json","2","4f53cda18c2baa0c0354bb5f9a3ecbe5ed12ab4d8e11ba873c2f11161202b945"
"data/formal_analysis/genecards_multisource_pairs_20_strict/pubmed_all_pair_evidence/raw/run_20260926T115108Z/rank_87/strict_title_abstract/esearch_request.json","1700","ea043a1587ea7c3a52e350cbcb7f774338e5d24bdd6020abda59ba0060c6b088"
"data/formal_analysis/genecards_multisource_pairs_20_strict/pubmed_all_pair_evidence/raw/run_20260926T115108Z/rank_87/strict_title_abstract/esearch_response.json","1137","b8fb9dc5714ead2d9f2bdad222f1084262bf0ad2b92dcfd1da3b6f71c758281d"
"data/formal_analysis/genecards_multisource_pairs_20_strict/pubmed_all_pair_evidence/raw/run_20260926T115108Z/rank_87/strict_title_abstract/parsed_articles.json","2","4f53cda18c2baa0c0354bb5f9a3ecbe5ed12ab4d8e11ba873c2f11161202b945"
"data/formal_analysis/genecards_multisource_pairs_20_strict/pubmed_all_pair_evidence/raw/run_20260926T115108Z/rank_88/broad_all_fields/esearch_request.json","1610","5a01a185d6d559137b2ae20060057d2b15d53a7352e3dce0f3242bc88670b5ae"
"data/formal_analysis/genecards_multisource_pairs_20_strict/pubmed_all_pair_evidence/raw/run_20260926T115108Z/rank_88/broad_all_fields/esearch_response.json","1106","0d303d9983d4202e21aefdb175e13d0f405ae26641208068eb05de7dfef511af"
"data/formal_analysis/genecards_multisource_pairs_20_strict/pubmed_all_pair_evidence/raw/run_20260926T115108Z/rank_88/broad_all_fields/parsed_articles.json","2","4f53cda18c2baa0c0354bb5f9a3ecbe5ed12ab4d8e11ba873c2f11161202b945"
"data/formal_analysis/genecards_multisource_pairs_20_strict/pubmed_all_pair_evidence/raw/run_20260926T115108Z/rank_88/strict_title_abstract/esearch_request.json","1745","bed141649c0bb395bc15e3449322b3481865812cb5f47d03d18083a800a0d5c1"
"data/formal_analysis/genecards_multisource_pairs_20_strict/pubmed_all_pair_evidence/raw/run_20260926T115108Z/rank_88/strict_title_abstract/esearch_response.json","1158","aa225174825b0f2f10f6326825e0ce798b90fe6fd460c3c1ad7efae084840b3a"
"data/formal_analysis/genecards_multisource_pairs_20_strict/pubmed_all_pair_evidence/raw/run_20260926T115108Z/rank_88/strict_title_abstract/parsed_articles.json","2","4f53cda18c2baa0c0354bb5f9a3ecbe5ed12ab4d8e11ba873c2f11161202b945"
"data/formal_analysis/genecards_multisource_pairs_20_strict/pubmed_all_pair_evidence/raw/run_20260926T115108Z/rank_89/broad_all_fields/esearch_request.json","1589","1638d33e575500e4fe2fe06209bf52eaf1bb28259f7e4436a4a4659e9965e931"
"data/formal_analysis/genecards_multisource_pairs_20_strict/pubmed_all_pair_evidence/raw/run_20260926T115108Z/rank_89/broad_all_fields/esearch_response.json","1097","bd211dc59c0b852146ccf1ab32f015360b02d4137c519ddef3f6bf053ddbfdd5"
"data/formal_analysis/genecards_multisource_pairs_20_strict/pubmed_all_pair_evidence/raw/run_20260926T115108Z/rank_89/broad_all_fields/parsed_articles.json","2","4f53cda18c2baa0c0354bb5f9a3ecbe5ed12ab4d8e11ba873c2f11161202b945"
"data/formal_analysis/genecards_multisource_pairs_20_strict/pubmed_all_pair_evidence/raw/run_20260926T115108Z/rank_89/strict_title_abstract/esearch_request.json","1724","9bcdba9530427ea12e855855de6035619791ae883de8285757d9543caddd9594"
"data/formal_analysis/genecards_multisource_pairs_20_strict/pubmed_all_pair_evidence/raw/run_20260926T115108Z/rank_89/strict_title_abstract/esearch_response.json","1149","64aad976b75093a27141aef3a4dad67bc7692882e08c1303b7a9696f4cbeb623"
"data/formal_analysis/genecards_multisource_pairs_20_strict/pubmed_all_pair_evidence/raw/run_20260926T115108Z/rank_89/strict_title_abstract/parsed_articles.json","2","4f53cda18c2baa0c0354bb5f9a3ecbe5ed12ab4d8e11ba873c2f11161202b945"
"data/formal_analysis/genecards_multisource_pairs_20_strict/pubmed_all_pair_evidence/raw/run_20260926T115108Z/rank_90/broad_all_fields/esearch_request.json","1628","93d6d84927d3005d3521ff5acfd6341444112bef28aea1168ee7ae67df8a2435"
"data/formal_analysis/genecards_multisource_pairs_20_strict/pubmed_all_pair_evidence/raw/run_20260926T115108Z/rank_90/broad_all_fields/esearch_response.json","1135","01f4aa701749484ba0275ce6143a87474a75c9ce0a08e13b804f71ea21a6a573"
"data/formal_analysis/genecards_multisource_pairs_20_strict/pubmed_all_pair_evidence/raw/run_20260926T115108Z/rank_90/broad_all_fields/parsed_articles.json","2","4f53cda18c2baa0c0354bb5f9a3ecbe5ed12ab4d8e11ba873c2f11161202b945"
"data/formal_analysis/genecards_multisource_pairs_20_strict/pubmed_all_pair_evidence/raw/run_20260926T115108Z/rank_90/strict_title_abstract/esearch_request.json","1763","81246c6bd08816da4d22606a82c1baea842e638ab2005789ff1140624738833b"
"data/formal_analysis/genecards_multisource_pairs_20_strict/pubmed_all_pair_evidence/raw/run_20260926T115108Z/rank_90/strict_title_abstract/esearch_response.json","1187","3ec1336d2def655e1d00f9de19d262f4d5162c2f1989b3072b160895fb699e42"
"data/formal_analysis/genecards_multisource_pairs_20_strict/pubmed_all_pair_evidence/raw/run_20260926T115108Z/rank_90/strict_title_abstract/parsed_articles.json","2","4f53cda18c2baa0c0354bb5f9a3ecbe5ed12ab4d8e11ba873c2f11161202b945"
"data/formal_analysis/genecards_multisource_pairs_20_strict/pubmed_all_pair_evidence/raw/run_20260926T115108Z/rank_91/broad_all_fields/esearch_request.json","1607","b61acf1a7ce0a1aebe6da5e64795ed052a2f2424e5c41481d1ebb73c255dfd9a"
"data/formal_analysis/genecards_multisource_pairs_20_strict/pubmed_all_pair_evidence/raw/run_20260926T115108Z/rank_91/broad_all_fields/esearch_response.json","1126","2a2657bf143251936acdaa7ad8bd3b52d006629615d37db829bd85a723a5880c"
"data/formal_analysis/genecards_multisource_pairs_20_strict/pubmed_all_pair_evidence/raw/run_20260926T115108Z/rank_91/broad_all_fields/parsed_articles.json","2","4f53cda18c2baa0c0354bb5f9a3ecbe5ed12ab4d8e11ba873c2f11161202b945"
"data/formal_analysis/genecards_multisource_pairs_20_strict/pubmed_all_pair_evidence/raw/run_20260926T115108Z/rank_91/strict_title_abstract/esearch_request.json","1742","3f2a091f56f2d64a77233dea1bcd77a7c722746a124f6b79e2a7b306df0692aa"
"data/formal_analysis/genecards_multisource_pairs_20_strict/pubmed_all_pair_evidence/raw/run_20260926T115108Z/rank_91/strict_title_abstract/esearch_response.json","1178","79e8c01c94cfbaf515e19decb35191c6939024bde535ee2e8c5db1708cf916e3"
"data/formal_analysis/genecards_multisource_pairs_20_strict/pubmed_all_pair_evidence/raw/run_20260926T115108Z/rank_91/strict_title_abstract/parsed_articles.json","2","4f53cda18c2baa0c0354bb5f9a3ecbe5ed12ab4d8e11ba873c2f11161202b945"
"data/formal_analysis/genecards_multisource_pairs_20_strict/pubmed_all_pair_evidence/raw/run_20260926T115108Z/rank_92/broad_all_fields/esearch_request.json","1703","905531fc3680db914eac924937a5b5260f764a5a51865b63a602791a4b18e487"
"data/formal_analysis/genecards_multisource_pairs_20_strict/pubmed_all_pair_evidence/raw/run_20260926T115108Z/rank_92/broad_all_fields/esearch_response.json","1148","a3ad13794f86d0ade0d9d7eb6936abae46e85a5f526eb1aece3620ac37289121"
"data/formal_analysis/genecards_multisource_pairs_20_strict/pubmed_all_pair_evidence/raw/run_20260926T115108Z/rank_92/broad_all_fields/parsed_articles.json","2","4f53cda18c2baa0c0354bb5f9a3ecbe5ed12ab4d8e11ba873c2f11161202b945"
"data/formal_analysis/genecards_multisource_pairs_20_strict/pubmed_all_pair_evidence/raw/run_20260926T115108Z/rank_92/strict_title_abstract/esearch_request.json","1858","0b82da46a749b48a7c92c7e2f7f8e433fb886b4bbc1243c9ec321b87d97b2178"
"data/formal_analysis/genecards_multisource_pairs_20_strict/pubmed_all_pair_evidence/raw/run_20260926T115108Z/rank_92/strict_title_abstract/esearch_response.json","1208","203efd17bc0df3a3e65d80ed13d4d2f33cea9a54b271bbf0e08c0fb22c160187"
"data/formal_analysis/genecards_multisource_pairs_20_strict/pubmed_all_pair_evidence/raw/run_20260926T115108Z/rank_92/strict_title_abstract/parsed_articles.json","2","4f53cda18c2baa0c0354bb5f9a3ecbe5ed12ab4d8e11ba873c2f11161202b945"
"data/formal_analysis/genecards_multisource_pairs_20_strict/pubmed_all_pair_evidence/raw/run_20260926T115108Z/rank_93/broad_all_fields/esearch_request.json","1637","98c59ab6b999441eea692df4dbf0998c9b4c409cf3a6eee4d91fdc47bf01d1b0"
"data/formal_analysis/genecards_multisource_pairs_20_strict/pubmed_all_pair_evidence/raw/run_20260926T115108Z/rank_93/broad_all_fields/esearch_response.json","1118","fab3421a1fe0384da009c605e2fbe72d3d881f4ff9ee93c9fdb2d059320cf812"
"data/formal_analysis/genecards_multisource_pairs_20_strict/pubmed_all_pair_evidence/raw/run_20260926T115108Z/rank_93/broad_all_fields/parsed_articles.json","2","4f53cda18c2baa0c0354bb5f9a3ecbe5ed12ab4d8e11ba873c2f11161202b945"
"data/formal_analysis/genecards_multisource_pairs_20_strict/pubmed_all_pair_evidence/raw/run_20260926T115108Z/rank_93/strict_title_abstract/esearch_request.json","1772","dbf683f8ff3e56a3b1b7b9564680ae99483958c31b13096594773c6ee93a73a1"
"data/formal_analysis/genecards_multisource_pairs_20_strict/pubmed_all_pair_evidence/raw/run_20260926T115108Z/rank_93/strict_title_abstract/esearch_response.json","1170","97eb2c35fc0a4616660ba24450412133db72762aecb78e1e61cb87326f565659"
"data/formal_analysis/genecards_multisource_pairs_20_strict/pubmed_all_pair_evidence/raw/run_20260926T115108Z/rank_93/strict_title_abstract/parsed_articles.json","2","4f53cda18c2baa0c0354bb5f9a3ecbe5ed12ab4d8e11ba873c2f11161202b945"
"data/formal_analysis/genecards_multisource_pairs_20_strict/pubmed_all_pair_evidence/raw/run_20260926T115108Z/rank_94/broad_all_fields/esearch_request.json","1655","50eef38f26d4377ab0cf446227be2d890cf50d094e17b625de873def89f58f6c"
"data/formal_analysis/genecards_multisource_pairs_20_strict/pubmed_all_pair_evidence/raw/run_20260926T115108Z/rank_94/broad_all_fields/esearch_response.json","1147","c9734dd0b496adc18d3741620dce1c8c38a3ffdb92c1f080eca476006beb6d20"
"data/formal_analysis/genecards_multisource_pairs_20_strict/pubmed_all_pair_evidence/raw/run_20260926T115108Z/rank_94/broad_all_fields/parsed_articles.json","2","4f53cda18c2baa0c0354bb5f9a3ecbe5ed12ab4d8e11ba873c2f11161202b945"
"data/formal_analysis/genecards_multisource_pairs_20_strict/pubmed_all_pair_evidence/raw/run_20260926T115108Z/rank_94/strict_title_abstract/esearch_request.json","1790","19eeb36e5ccad3f478a97c366d803686e1b29da8d0577a8898232e159d4f630d"
"data/formal_analysis/genecards_multisource_pairs_20_strict/pubmed_all_pair_evidence/raw/run_20260926T115108Z/rank_94/strict_title_abstract/esearch_response.json","1199","c2c2ccf98197af452e0389fc8055b813616b784af68e9abff87ac395c9076740"
"data/formal_analysis/genecards_multisource_pairs_20_strict/pubmed_all_pair_evidence/raw/run_20260926T115108Z/rank_94/strict_title_abstract/parsed_articles.json","2","4f53cda18c2baa0c0354bb5f9a3ecbe5ed12ab4d8e11ba873c2f11161202b945"
"data/formal_analysis/genecards_multisource_pairs_20_strict/pubmed_all_pair_evidence/raw/run_20260926T115108Z/rank_95/broad_all_fields/esearch_request.json","1570","b0fedce7edde7fa9697ac17f71a1caae6eb03094bb67bf0e36026c4558a0eece"
"data/formal_analysis/genecards_multisource_pairs_20_strict/pubmed_all_pair_evidence/raw/run_20260926T115108Z/rank_95/broad_all_fields/esearch_response.json","1086","57b78b589f8251f1cfeff837b058d063a609720da2242fbdc903542e14e15e53"
"data/formal_analysis/genecards_multisource_pairs_20_strict/pubmed_all_pair_evidence/raw/run_20260926T115108Z/rank_95/broad_all_fields/parsed_articles.json","2","4f53cda18c2baa0c0354bb5f9a3ecbe5ed12ab4d8e11ba873c2f11161202b945"
"data/formal_analysis/genecards_multisource_pairs_20_strict/pubmed_all_pair_evidence/raw/run_20260926T115108Z/rank_95/strict_title_abstract/esearch_request.json","1705","ac92693f9af57c2635aa40c80e9502d3268de4353aed0d08a7c246c820e11943"
"data/formal_analysis/genecards_multisource_pairs_20_strict/pubmed_all_pair_evidence/raw/run_20260926T115108Z/rank_95/strict_title_abstract/esearch_response.json","1138","9ce7fefaa267cddac17358220910680a962f0ddef52e82ca6d9a83ab32a9435e"
"data/formal_analysis/genecards_multisource_pairs_20_strict/pubmed_all_pair_evidence/raw/run_20260926T115108Z/rank_95/strict_title_abstract/parsed_articles.json","2","4f53cda18c2baa0c0354bb5f9a3ecbe5ed12ab4d8e11ba873c2f11161202b945"
"data/formal_analysis/genecards_multisource_pairs_20_strict/pubmed_all_pair_evidence/raw/run_20260926T115108Z/rank_96/broad_all_fields/esearch_request.json","1556","04aacb53bcfda3be07241f6bb15722ddeb568cd43ead4b78780f9cda2e7cadcb"
"data/formal_analysis/genecards_multisource_pairs_20_strict/pubmed_all_pair_evidence/raw/run_20260926T115108Z/rank_96/broad_all_fields/esearch_response.json","1079","2dc5a5432422dadbde587c93d70b33a087b7bd976f349abd5b13992b836c3a6b"
"data/formal_analysis/genecards_multisource_pairs_20_strict/pubmed_all_pair_evidence/raw/run_20260926T115108Z/rank_96/broad_all_fields/parsed_articles.json","2","4f53cda18c2baa0c0354bb5f9a3ecbe5ed12ab4d8e11ba873c2f11161202b945"
"data/formal_analysis/genecards_multisource_pairs_20_strict/pubmed_all_pair_evidence/raw/run_20260926T115108Z/rank_96/strict_title_abstract/esearch_request.json","1691","6fce3f177384dfcd570ea04182018c9e4d0bba111f05c703946329c422e516e9"
"data/formal_analysis/genecards_multisource_pairs_20_strict/pubmed_all_pair_evidence/raw/run_20260926T115108Z/rank_96/strict_title_abstract/esearch_response.json","1131","fa249cf8503c98e45b139410bcd19c30b1a3005ba68bc6452c429d8f1db61567"
"data/formal_analysis/genecards_multisource_pairs_20_strict/pubmed_all_pair_evidence/raw/run_20260926T115108Z/rank_96/strict_title_abstract/parsed_articles.json","2","4f53cda18c2baa0c0354bb5f9a3ecbe5ed12ab4d8e11ba873c2f11161202b945"
"data/formal_analysis/genecards_multisource_pairs_20_strict/pubmed_all_pair_evidence/raw/run_20260926T115108Z/rank_97/broad_all_fields/esearch_request.json","1572","2975a8c1f8d099ea56d40bb1dd058f7a08ce0a073a01fcfe0eecd66a2e8c6a9e"
"data/formal_analysis/genecards_multisource_pairs_20_strict/pubmed_all_pair_evidence/raw/run_20260926T115108Z/rank_97/broad_all_fields/esearch_response.json","1087","335873347f6cba8f776b882f97dffc81699b711b3e8492f0e718aeb29361f278"
"data/formal_analysis/genecards_multisource_pairs_20_strict/pubmed_all_pair_evidence/raw/run_20260926T115108Z/rank_97/broad_all_fields/parsed_articles.json","2","4f53cda18c2baa0c0354bb5f9a3ecbe5ed12ab4d8e11ba873c2f11161202b945"
"data/formal_analysis/genecards_multisource_pairs_20_strict/pubmed_all_pair_evidence/raw/run_20260926T115108Z/rank_97/strict_title_abstract/esearch_request.json","1707","b8fab52a4cd344891a6a5b48d6c449d834047028dc6992ed19cd685515b7fa92"
"data/formal_analysis/genecards_multisource_pairs_20_strict/pubmed_all_pair_evidence/raw/run_20260926T115108Z/rank_97/strict_title_abstract/esearch_response.json","1139","13ecd235a38226f066f13dbdfa3eb2f8f310d251f403ef70fe38de9fd73fc687"
"data/formal_analysis/genecards_multisource_pairs_20_strict/pubmed_all_pair_evidence/raw/run_20260926T115108Z/rank_97/strict_title_abstract/parsed_articles.json","2","4f53cda18c2baa0c0354bb5f9a3ecbe5ed12ab4d8e11ba873c2f11161202b945"
"data/formal_analysis/genecards_multisource_pairs_20_strict/pubmed_all_pair_evidence/raw/run_20260926T115108Z/rank_98/broad_all_fields/esearch_request.json","1486","852873f47e3fdf2e5fdc1237d85e1f1d75424d90fd0fbb123baf07ca42ea8056"
"data/formal_analysis/genecards_multisource_pairs_20_strict/pubmed_all_pair_evidence/raw/run_20260926T115108Z/rank_98/broad_all_fields/esearch_response.json","1047","29b14b0c484fc24eb0d132577d085a678f8b58807f8bec3a584a84e11c988d29"
"data/formal_analysis/genecards_multisource_pairs_20_strict/pubmed_all_pair_evidence/raw/run_20260926T115108Z/rank_98/broad_all_fields/parsed_articles.json","2","4f53cda18c2baa0c0354bb5f9a3ecbe5ed12ab4d8e11ba873c2f11161202b945"
"data/formal_analysis/genecards_multisource_pairs_20_strict/pubmed_all_pair_evidence/raw/run_20260926T115108Z/rank_98/strict_title_abstract/esearch_request.json","1611","e104fc155d4cddfe8dbb4924c6bae9b5f0f59891da35fe56bd24dc5060a65818"
"data/formal_analysis/genecards_multisource_pairs_20_strict/pubmed_all_pair_evidence/raw/run_20260926T115108Z/rank_98/strict_title_abstract/esearch_response.json","1095","b088d974157ac3e1ac787726458711e6a7b6ded6498350a5e97dbdbe0ab89061"
"data/formal_analysis/genecards_multisource_pairs_20_strict/pubmed_all_pair_evidence/raw/run_20260926T115108Z/rank_98/strict_title_abstract/parsed_articles.json","2","4f53cda18c2baa0c0354bb5f9a3ecbe5ed12ab4d8e11ba873c2f11161202b945"
"data/formal_analysis/genecards_multisource_pairs_20_strict/pubmed_all_pair_evidence/raw/run_20260926T115108Z/rank_99/broad_all_fields/esearch_request.json","1602","4d18cab6d6b970f43aa55d3c09bae3b0f52eb310876d8920c265dc6b74498864"
"data/formal_analysis/genecards_multisource_pairs_20_strict/pubmed_all_pair_evidence/raw/run_20260926T115108Z/rank_99/broad_all_fields/esearch_response.json","1099","1eefc1b0db5f844b3162ba8139368772d0209ab0a244d00609db9ac9056ad533"
"data/formal_analysis/genecards_multisource_pairs_20_strict/pubmed_all_pair_evidence/raw/run_20260926T115108Z/rank_99/broad_all_fields/parsed_articles.json","2","4f53cda18c2baa0c0354bb5f9a3ecbe5ed12ab4d8e11ba873c2f11161202b945"
"data/formal_analysis/genecards_multisource_pairs_20_strict/pubmed_all_pair_evidence/raw/run_20260926T115108Z/rank_99/strict_title_abstract/esearch_request.json","1737","b4018f7ed9195ff1ef86276fd5c0f97669c7964719919042d858475c5f0c9ca8"
"data/formal_analysis/genecards_multisource_pairs_20_strict/pubmed_all_pair_evidence/raw/run_20260926T115108Z/rank_99/strict_title_abstract/esearch_response.json","1151","6d8b825fd27b88653fa06579705c477e9ad6d6f35679c4b99c65aff1ccfbeefe"
"data/formal_analysis/genecards_multisource_pairs_20_strict/pubmed_all_pair_evidence/raw/run_20260926T115108Z/rank_99/strict_title_abstract/parsed_articles.json","2","4f53cda18c2baa0c0354bb5f9a3ecbe5ed12ab4d8e11ba873c2f11161202b945"
"data/formal_analysis/genecards_multisource_pairs_20_strict/pubmed_all_pair_evidence/raw/run_20260926T115108Z/run_input.json","843","72f04f59b5fd362d87e74d887a32ba4f7a24a745c07453ac8c419ee254da4ac2"
"data/formal_analysis/genecards_multisource_pairs_20_strict/pubmed_all_pair_evidence/report.json","2234","30653db571c75e5b3736caa119f1ebbef0d7fd920799134cb6860e03528d7211"
"data/formal_analysis/genecards_multisource_pairs_20_strict/pubmed_all_pair_evidence/summary_report.md","8675","99036d2efac95783b45c75e294d1dd0d89260b4bed8c7c9be6d5645da9e06b26"
"data/formal_analysis/genecards_multisource_pairs_20_strict/ranking_stage_sensitivity.csv","6798","225e0bf391b2084e665dc080b56f7934af64f4fa1dc51c400cfb15432dafee01"
"data/formal_analysis/genecards_multisource_pairs_20_strict/raw_vs_adjusted_top10_comparison.csv","1089","ea54c13b3189dda0e9646741f1dbee797e8730e00a1800398c386023c4d87d2a"
"data/formal_analysis/genecards_multisource_pairs_20_strict/report.json","1976","3b7a5b07d960a803a8bf6ee9130e80f62a61cab35d28439614f59f2e6ce1e3ce"
"data/formal_analysis/genecards_multisource_pairs_20_strict/safety_evidence_review/herb_identity_review.csv","5369","e728631a340943a3daa2ec6f1d43bb7c9e507268deae9a213fb61654558b7faf"
"data/formal_analysis/genecards_multisource_pairs_20_strict/safety_evidence_review/pair_safety_review_template.csv","20969","3382b4099d203b6264ac5a71c4f09bfb62d4de800afda740d47ff857feff79d1"
"data/formal_analysis/genecards_multisource_pairs_20_strict/safety_evidence_review/report.json","1699","38019e7211692e4640faa229d8f13ca61fd5da2e28697af65d4a3f6ea0e68c67"
"data/formal_analysis/genecards_multisource_pairs_20_strict/source_bias_adjustment_report.json","1211","e65fcdcdc417c15b56ef2502db9d87a2b5b36fa05a87f85e381f3e37da3b87d7"
"data/formal_analysis/genecards_multisource_pairs_20_strict/string_edges.csv","40149","db38df362d6229c383da568f3770c4766da1443d8456fb527e077ef7779ddcd8"
"data/formal_analysis/genecards_multisource_pairs_20_strict/string_network_raw.json","365284","5a2f5b897bdeefe31d261619d7915f272b7d0ca741d03b05997c770fdc86d86a"
"data/formal_analysis/genecards_multisource_pairs_20_strict/top10_provisional.csv","10486","ca60113859ee6774308de268dbe6b35bf887eab80b07e356f9a2ed840d210a39"
"data/formal_analysis/genecards_multisource_pairs_20_strict/top10_source_bias_adjusted_interim.csv","10957","b95c6dfab8818dad582cd1f39be19da0c4aae09d0a90e4f3b06e9b62f992111e"
"data/formal_inputs/etcm2_supplements/藿香/ingredients.csv","3368","5b9c8c4c7a2a9db4c449e380dca7b8f01536d38828f2744f5ec87ad437749664"
"data/formal_inputs/etcm2_supplements/莲子/ingredients.csv","2955","b7fe9432cf9524d3fcb14305692e0a1be3985b748dc2e4a78e84ebcd068f576a"
"data/formal_inputs/genecards_uc/uc_genecards_targets_all_normalized.csv","134102","e1d135944b23814b94811aa809957d8e120771e357eb95ce2bd1672b5a865c90"
"data/formal_inputs/herb2_supplements/HERB002472/ingredients.csv","31818","682ad737a397e168df4a5f86404419eb41e4308ae9b2b7fcddb2b893b0a46c1a"
"data/formal_inputs/herb2_supplements/HERB004401/ingredients.csv","12893","775b701f7f2a5c4eda61915cbe0220024bb955579e4f0563cd0dc41a708138bd"
"data/formal_inputs/official_food_medicine_catalog/safety_evidence_rubric_15.json","8713","5b4948a32f5ed177e9f9a84d5e7afa9e5755bfab934ef220be14794cf3690407"
"data/uc_herbs.sqlite","12238848","15bd1a2418dc8c8e503d029aade3a87fb7f26f0bb2608eb161d0c00860bd2ca8"
"README.md","3722","35400ff0a0c3d6d0d4814591aa2fb3379b6f315a4a795b480611284b69d645b6"
"requirements.txt","34","21ff192ed6d4948823523b70cc51a6458bcba89393bfe373e3e985dfed579d07"
"runs/20260926-uc20-strict-evidence-v2/全过程证据报告.md","4164","03f2124a58339f47c2b7c7c339f7a4986b842f133afc3b672d53bcc1405280b4"
"runs/20260926-uc20-strict-evidence-v2/checksums.sha256","13917","39420be02a3ab7ffa7f33af92201202bec164511601d583702f23898d2f7f1ac"
"runs/20260926-uc20-strict-evidence-v2/job_config_resolved.json","24820","7d07590dcb36ba66aed8c990e5c3308795e5594c62a5a66704240eafea5c1855"
"runs/20260926-uc20-strict-evidence-v2/job_config_snapshot.json","18886","b380de7c19d21ed3a2483c8f6164500f8aa856a5b27adc07d577fd388a9d2a42"
"runs/20260926-uc20-strict-evidence-v2/logs/14_machine_qc.stderr.log","0","e3b0c44298fc1c149afbf4c8996fb92427ae41e4649b934ca495991b7852b855"
"runs/20260926-uc20-strict-evidence-v2/logs/14_machine_qc.stdout.log","23818","e89da1a96e101e3cb95d2e6669a2aecb1a28c7f3c9f97dde05fe2d28914bace9"
"runs/20260926-uc20-strict-evidence-v2/run_manifest.json","762237","cffcd9e4353f1a1cda8ef643c67683a5d73329cf7a4e106945ee2f669d2d78d2"
"runs/20260926-uc20-strict-evidence-v2/seal.json","476","daa9a882d9a222d791420cef69e2f04f18201cdbd473a0c56992180517334894"
"runs/20260926-uc20-strict-evidence-v2/steps/01_disease_targets/status.json","6494","908329b273554d4e7dfbd6801c7230805d6101ab8436841148593bad65af3a45"
"runs/20260926-uc20-strict-evidence-v2/steps/02_herb_component_targets/status.json","47973","e03d0f03c5e78e2cb0d089d8ef615e0c20610abad2235e3d1e765c5e0566141b"
"runs/20260926-uc20-strict-evidence-v2/steps/03_pair_enumeration_string/status.json","39967","2c8481db097947ee435af507e96ae03ce7970abc3e145fe66120429b43c0376e"
"runs/20260926-uc20-strict-evidence-v2/steps/04_cytoscape/status.json","49168","ebe85db527ac05d522f5805df664b1ebd152873f7b3b56de94a191b83e0160f2"
"runs/20260926-uc20-strict-evidence-v2/steps/05_source_bias_adjustment/status.json","50765","f205db42a23f25cf35544344c61d03be43cd76a4cee5df0144de32404d47229f"
"runs/20260926-uc20-strict-evidence-v2/steps/06_prepare_single_baselines/status.json","48398","6c5ff9f6ab05d800005543fdc528f19a881b2f505437e81a7813ca7393507b4e"
"runs/20260926-uc20-strict-evidence-v2/steps/07_david_all_pairs/status.json","54726","808ee979c35f90203bb1901cba457d3514b1dd08dee57abf77e6dd2d05fc62bd"
"runs/20260926-uc20-strict-evidence-v2/steps/08_david_all_single_baselines/status.json","59131","ceacafc0c3759304fbb9a50348a73d8a7c51625c0cc0218cbc4bb0ea453dd2aa"
"runs/20260926-uc20-strict-evidence-v2/steps/09_david_pathway_refinement/status.json","66572","4995ff4c6d694e852f2365f8192ea52068f994b1c4ce0cd299fafbe6132c146e"
"runs/20260926-uc20-strict-evidence-v2/steps/10_safety_review_evidence/status.json","67892","711a0ea39ce6fd39ce224bdac89e8c6cc7d2b00bd278022152cd7f0a32d56564"
"runs/20260926-uc20-strict-evidence-v2/steps/11_pubmed_all_pairs/status.json","73859","f615ec24d89001f27ce3418f4e99a0b15b72f8e74f44b14d387c25fdb89161bb"
"runs/20260926-uc20-strict-evidence-v2/steps/12_pubmed_review_gate/status.json","79630","b6703457f23ab98d60fb6a2a625c1e26d0f822b513ff93d544d4c139ac3770ea"
"runs/20260926-uc20-strict-evidence-v2/steps/13_final_docking/status.json","616","8996683906ac43e264d576cff7bd91bab970081170db40f09f08d4398edcbd6c"
"runs/20260926-uc20-strict-evidence-v2/steps/14_machine_qc/status.json","76257","640a6d0453ce73414d240448368949b67cd33331f6c986e248cd5e5a8c691738"
"src/__init__.py","1","01ba4719c80b6fe911b091a7c05124b64eeece964e09c058ef8f9805daca546b"
"src/dashboard_data.py","38603","87463e2597af275301eca6949d5615e36f3926c26083222134fd189c705e040a"
"src/dashboard_ui.py","5680","1ca0ce0f15a2eb768e40c2be455dbfc099b2dc6a027c08fa280672904d5a23c5"
"src/database.py","6356","c05c04835d50594cf616ce1d767bccdee48be269bfbcffec4e68dd0f436b11d0"
