herb_a,herb_b,targets_a,targets_b,union_targets,shared_targets,unique_targets_a,unique_targets_b,eligible_both_herbs_contribute,target_complementarity_score,barrier_targets,barrier_pathways,pathway_synergy_score,safety_score,safety_score_final,safety_score_status,pair_evidence_score,pair_evidence_score_final,pair_evidence_score_status,core_dimensions_weighted_score,interim_ranking_score,interim_ranking_basis,score_finality,final_total_score,provisional_total_score,ppi_edges_within_union,cross_herb_ppi_edges,cross_herb_ppi_mean_score,union_gene_symbols,shared_gene_symbols,scope_note,raw_formula_rank,provisional_rank
甘草,蒲公英,67,37,82,22,45,15,True,89.2683,5,4,90.0,60.0,False,legacy_placeholder_60_not_reviewed,0.0,False,legacy_placeholder_0_not_reviewed,62.7073,71.7073,legacy_formula_including_unreviewed_placeholders,legacy_provisional_includes_unreviewed_placeholders,,71.7073,796,120,0.8412,ABCG2;ADIPOQ;AHR;AKT1;ALB;ALOX5;BAX;BCL2;BIRC5;CASP1;CASP3;CASP8;CAT;CCL2;CCND1;CD40LG;CDK4;CDKN1A;CHEK2;CHRNA7;CHUK;CXCL10;CXCL8;CYP1A2;CYP3A4;DUOX2;EGFR;ERBB2;GLS;GSTM1;GSTP1;HIF1A;HMOX1;HNF4A;ICAM1;IFNG;IGF2;IKBKB;IL10;IL13;IL1A;IL1B;IL2;IL4;IL5;IL6;JUN;KDR;MAPK1;MAPK3;MMP1;MMP2;MMP3;MMP9;MPO;MYC;NFE2L2;NFKB1;NFKBIA;NOS2;NOS3;NR1I2;NR3C1;ODC1;PLAU;PPARA;PPARG;PTGS1;PTGS2;RB1;RELA;RORC;SIRT1;SLC6A4;STAT1;STAT3;TCF7L2;TGFB1;TNF;TP53;VCAM1;XIST,BAX;BCL2;CASP3;CASP8;CCL2;IL1B;IL4;IL6;MAPK1;MAPK3;MMP1;MYC;NFKBIA;NOS2;ODC1;PPARG;PTGS1;PTGS2;RELA;SLC6A4;TNF;TP53,"Disease targets for Ulcerative Colitis; exact medicinal-material matches from TCMSP, HERB 2.0, and ETCM 2.0; legacy provisional ranking because database screening definitions are heterogeneous and safety/pair evidence are unreviewed placeholders",1,1
石榴皮,蒲公英,64,37,80,21,43,16,True,88.0366,5,4,90.0,60.0,False,legacy_placeholder_60_not_reviewed,0.0,False,legacy_placeholder_0_not_reviewed,62.2146,71.2146,legacy_formula_including_unreviewed_placeholders,legacy_provisional_includes_unreviewed_placeholders,,71.2146,739,119,0.8364,ABCG2;AHR;AKT1;ALB;ALOX5;BAX;BCL2;BIRC5;CASP1;CASP3;CASP8;CAT;CCL2;CCND1;CD40LG;CDK4;CDKN1A;CHEK2;CHRNA7;CHUK;CXCL10;CXCL8;CYP1A2;CYP3A4;DUOX2;EGFR;ERBB2;GLS;GSTM1;GSTP1;HIF1A;HMOX1;HNF4A;ICAM1;IFNG;IGF2;IKBKB;IL10;IL13;IL1A;IL1B;IL2;IL4;IL5;IL6;JUN;MAPK1;MAPK3;MET;MMP1;MMP2;MMP3;MMP9;MPO;MYC;NFE2L2;NFKB1;NFKBIA;NOS2;NOS3;NR1I2;NR3C1;ODC1;PLAU;PPARA;PPARG;PTGS1;PTGS2;RB1;RELA;RORC;SIRT1;SLC6A4;STAT1;TCF7L2;TGFB1;TNF;TP53;VCAM1;XIST,BAX;BCL2;CASP3;CASP8;CCL2;IL1B;IL4;IL6;MAPK1;MMP1;MYC;NFKBIA;NOS2;ODC1;PPARG;PTGS1;PTGS2;RELA;SLC6A4;TNF;TP53,"Disease targets for Ulcerative Colitis; exact medicinal-material matches from TCMSP, HERB 2.0, and ETCM 2.0; legacy provisional ranking because database screening definitions are heterogeneous and safety/pair evidence are unreviewed placeholders",2,2
蒲公英,马齿苋,37,63,79,21,16,42,True,87.172,5,4,90.0,60.0,False,legacy_placeholder_60_not_reviewed,0.0,False,legacy_placeholder_0_not_reviewed,61.8688,70.8688,legacy_formula_including_unreviewed_placeholders,legacy_provisional_includes_unreviewed_placeholders,,70.8688,739,119,0.8364,ABCG2;AHR;AKT1;ALB;ALOX5;BAX;BCL2;BIRC5;CASP1;CASP3;CASP8;CCL2;CCND1;CD40LG;CDK4;CDKN1A;CHEK2;CHRNA7;CHUK;CXCL10;CXCL8;CYP1A2;CYP3A4;DUOX2;EGFR;ERBB2;GLS;GSTM1;GSTP1;HIF1A;HMOX1;HNF4A;ICAM1;IFNG;IGF2;IKBKB;IL10;IL13;IL1A;IL1B;IL2;IL4;IL5;IL6;JUN;MAPK1;MAPK3;MET;MMP1;MMP2;MMP3;MMP9;MPO;MYC;NFE2L2;NFKB1;NFKBIA;NOS2;NOS3;NR1I2;NR3C1;ODC1;PLAU;PPARA;PPARG;PTGS1;PTGS2;RB1;RELA;RORC;SIRT1;SLC6A4;STAT1;TCF7L2;TGFB1;TNF;TP53;VCAM1;XIST,BAX;BCL2;CASP3;CASP8;CCL2;IL1B;IL4;IL6;MAPK1;MMP1;MYC;NFKBIA;NOS2;ODC1;PPARG;PTGS1;PTGS2;RELA;SLC6A4;TNF;TP53,"Disease targets for Ulcerative Colitis; exact medicinal-material matches from TCMSP, HERB 2.0, and ETCM 2.0; legacy provisional ranking because database screening definitions are heterogeneous and safety/pair evidence are unreviewed placeholders",3,3
蒲公英,黄芪,37,63,79,21,16,42,True,87.172,5,4,90.0,60.0,False,legacy_placeholder_60_not_reviewed,0.0,False,legacy_placeholder_0_not_reviewed,61.8688,70.8688,legacy_formula_including_unreviewed_placeholders,legacy_provisional_includes_unreviewed_placeholders,,70.8688,741,118,0.8372,ABCG2;AHR;AKT1;ALB;ALOX5;BAX;BCL2;BIRC5;CASP1;CASP3;CASP8;CCL2;CCND1;CD40LG;CDKN1A;CHEK2;CHRNA7;CHUK;CXCL10;CXCL8;CYP1A2;CYP3A4;DUOX2;EGFR;ERBB2;GLS;GSTM1;GSTP1;HIF1A;HMOX1;HNF4A;ICAM1;IFNG;IGF2;IKBKB;IL10;IL13;IL1A;IL1B;IL2;IL4;IL5;IL6;JUN;KDR;MAPK1;MAPK3;MET;MMP1;MMP2;MMP3;MMP9;MPO;MYC;NFE2L2;NFKB1;NFKBIA;NOS2;NOS3;NR1I2;NR3C1;ODC1;PLAU;PPARA;PPARG;PTGS1;PTGS2;RB1;RELA;RORC;SIRT1;SLC6A4;STAT1;TCF7L2;TGFB1;TNF;TP53;VCAM1;XIST,BAX;BCL2;CASP3;CASP8;CCL2;IL1B;IL4;IL6;MAPK1;MMP1;MYC;NFKBIA;NOS2;ODC1;PPARG;PTGS1;PTGS2;RELA;SLC6A4;TNF;TP53,"Disease targets for Ulcerative Colitis; exact medicinal-material matches from TCMSP, HERB 2.0, and ETCM 2.0; legacy provisional ranking because database screening definitions are heterogeneous and safety/pair evidence are unreviewed placeholders",4,4
大枣,蒲公英,61,37,78,20,41,17,True,86.8168,5,4,90.0,60.0,False,legacy_placeholder_60_not_reviewed,0.0,False,legacy_placeholder_0_not_reviewed,61.7267,70.7267,legacy_formula_including_unreviewed_placeholders,legacy_provisional_includes_unreviewed_placeholders,,70.7267,716,126,0.8447,ABCG2;AHR;AKT1;ALB;ALOX5;BAX;BCL2;BIRC5;CASP1;CASP3;CASP8;CAT;CCL2;CCND1;CD40LG;CDKN1A;CHEK2;CHRNA7;CHUK;CXCL10;CXCL8;CYP1A2;CYP3A4;DUOX2;EGFR;ERBB2;GLS;GSTM1;GSTP1;HIF1A;HMOX1;HNF4A;ICAM1;IFNG;IGF2;IL10;IL13;IL1A;IL1B;IL2;IL4;IL5;IL6;JUN;KDR;MAPK1;MAPK3;MMP1;MMP2;MMP3;MMP9;MPO;MYC;NFE2L2;NFKB1;NFKBIA;NOS2;NOS3;NR1I2;NR3C1;ODC1;PLAU;PPARA;PPARG;PTGS1;PTGS2;RB1;RELA;RORC;SIRT1;SLC6A4;STAT1;TCF7L2;TGFB1;TNF;TP53;VCAM1;XIST,BAX;BCL2;CASP3;CASP8;CCL2;IL1B;IL6;MAPK1;MMP1;MYC;NFKBIA;NOS2;ODC1;PPARG;PTGS1;PTGS2;RELA;SLC6A4;TNF;TP53,"Disease targets for Ulcerative Colitis; exact medicinal-material matches from TCMSP, HERB 2.0, and ETCM 2.0; legacy provisional ranking because database screening definitions are heterogeneous and safety/pair evidence are unreviewed placeholders",5,5
蒲公英,鱼腥草,37,59,77,19,18,40,True,86.4713,5,4,90.0,60.0,False,legacy_placeholder_60_not_reviewed,0.0,False,legacy_placeholder_0_not_reviewed,61.5885,70.5885,legacy_formula_including_unreviewed_placeholders,legacy_provisional_includes_unreviewed_placeholders,,70.5885,719,127,0.8463,ABCG2;AHR;AKT1;ALB;ALOX5;BAX;BCL2;BIRC5;CASP1;CASP3;CASP8;CCL2;CCND1;CD40LG;CDKN1A;CHEK2;CHRNA7;CHUK;CXCL10;CXCL8;CYP1A2;CYP3A4;DUOX2;EGFR;ERBB2;GLS;GSTM1;GSTP1;HIF1A;HMOX1;HNF4A;ICAM1;IFNG;IGF2;IKBKB;IL10;IL13;IL1A;IL1B;IL2;IL4;IL5;IL6;JUN;MAPK1;MAPK3;MMP1;MMP2;MMP3;MMP9;MPO;MYC;NFE2L2;NFKB1;NFKBIA;NOS2;NOS3;NR1I2;NR3C1;ODC1;PLAU;PPARA;PPARG;PTGS1;PTGS2;RB1;RELA;RORC;SIRT1;SLC6A4;STAT1;TCF7L2;TGFB1;TNF;TP53;VCAM1;XIST,BAX;BCL2;CASP3;CASP8;CCL2;IL1B;IL6;MAPK1;MMP1;MYC;NFKBIA;NOS2;ODC1;PPARG;PTGS1;PTGS2;RELA;TNF;TP53,"Disease targets for Ulcerative Colitis; exact medicinal-material matches from TCMSP, HERB 2.0, and ETCM 2.0; legacy provisional ranking because database screening definitions are heterogeneous and safety/pair evidence are unreviewed placeholders",6,6
栀子,蒲公英,60,37,77,20,40,17,True,85.9519,5,4,90.0,60.0,False,legacy_placeholder_60_not_reviewed,0.0,False,legacy_placeholder_0_not_reviewed,61.3807,70.3807,legacy_formula_including_unreviewed_placeholders,legacy_provisional_includes_unreviewed_placeholders,,70.3807,719,127,0.8463,ABCG2;AHR;AKT1;ALB;ALOX5;BAX;BCL2;BIRC5;CASP1;CASP3;CASP8;CCL2;CCND1;CD40LG;CDKN1A;CHEK2;CHRNA7;CHUK;CXCL10;CXCL8;CYP1A2;CYP3A4;DUOX2;EGFR;ERBB2;GLS;GSTM1;GSTP1;HIF1A;HMOX1;HNF4A;ICAM1;IFNG;IGF2;IKBKB;IL10;IL13;IL1A;IL1B;IL2;IL4;IL5;IL6;JUN;MAPK1;MAPK3;MMP1;MMP2;MMP3;MMP9;MPO;MYC;NFE2L2;NFKB1;NFKBIA;NOS2;NOS3;NR1I2;NR3C1;ODC1;PLAU;PPARA;PPARG;PTGS1;PTGS2;RB1;RELA;RORC;SIRT1;SLC6A4;STAT1;TCF7L2;TGFB1;TNF;TP53;VCAM1;XIST,BAX;BCL2;CASP3;CASP8;CCL2;IL1B;IL6;MAPK1;MMP1;MYC;NFKBIA;NOS2;ODC1;PPARG;PTGS1;PTGS2;RELA;SLC6A4;TNF;TP53,"Disease targets for Ulcerative Colitis; exact medicinal-material matches from TCMSP, HERB 2.0, and ETCM 2.0; legacy provisional ranking because database screening definitions are heterogeneous and safety/pair evidence are unreviewed placeholders",8,7
槐花,蒲公英,60,37,77,20,40,17,True,85.9519,5,4,90.0,60.0,False,legacy_placeholder_60_not_reviewed,0.0,False,legacy_placeholder_0_not_reviewed,61.3807,70.3807,legacy_formula_including_unreviewed_placeholders,legacy_provisional_includes_unreviewed_placeholders,,70.3807,719,127,0.8463,ABCG2;AHR;AKT1;ALB;ALOX5;BAX;BCL2;BIRC5;CASP1;CASP3;CASP8;CCL2;CCND1;CD40LG;CDKN1A;CHEK2;CHRNA7;CHUK;CXCL10;CXCL8;CYP1A2;CYP3A4;DUOX2;EGFR;ERBB2;GLS;GSTM1;GSTP1;HIF1A;HMOX1;HNF4A;ICAM1;IFNG;IGF2;IKBKB;IL10;IL13;IL1A;IL1B;IL2;IL4;IL5;IL6;JUN;MAPK1;MAPK3;MMP1;MMP2;MMP3;MMP9;MPO;MYC;NFE2L2;NFKB1;NFKBIA;NOS2;NOS3;NR1I2;NR3C1;ODC1;PLAU;PPARA;PPARG;PTGS1;PTGS2;RB1;RELA;RORC;SIRT1;SLC6A4;STAT1;TCF7L2;TGFB1;TNF;TP53;VCAM1;XIST,BAX;BCL2;CASP3;CASP8;CCL2;IL1B;IL6;MAPK1;MMP1;MYC;NFKBIA;NOS2;ODC1;PPARG;PTGS1;PTGS2;RELA;SLC6A4;TNF;TP53,"Disease targets for Ulcerative Colitis; exact medicinal-material matches from TCMSP, HERB 2.0, and ETCM 2.0; legacy provisional ranking because database screening definitions are heterogeneous and safety/pair evidence are unreviewed placeholders",9,8
乌梅,蒲公英,61,37,77,21,40,16,True,85.4324,5,4,90.0,60.0,False,legacy_placeholder_60_not_reviewed,0.0,False,legacy_placeholder_0_not_reviewed,61.1729,70.1729,legacy_formula_including_unreviewed_placeholders,legacy_provisional_includes_unreviewed_placeholders,,70.1729,719,123,0.8477,ABCG2;AHR;AKT1;ALB;ALOX5;BAX;BCL2;BIRC5;CASP1;CASP3;CASP8;CCL2;CCND1;CD40LG;CDKN1A;CHEK2;CHRNA7;CHUK;CXCL10;CXCL8;CYP1A2;CYP3A4;DUOX2;EGFR;ERBB2;GLS;GSTM1;GSTP1;HIF1A;HMOX1;HNF4A;ICAM1;IFNG;IGF2;IKBKB;IL10;IL13;IL1A;IL1B;IL2;IL4;IL5;IL6;JUN;MAPK1;MAPK3;MMP1;MMP2;MMP3;MMP9;MPO;MYC;NFE2L2;NFKB1;NFKBIA;NOS2;NOS3;NR1I2;NR3C1;ODC1;PLAU;PPARA;PPARG;PTGS1;PTGS2;RB1;RELA;RORC;SIRT1;SLC6A4;STAT1;TCF7L2;TGFB1;TNF;TP53;VCAM1;XIST,BAX;BCL2;CASP3;CASP8;CCL2;IL1B;IL6;MAPK1;MMP1;MYC;NFKBIA;NOS2;NR3C1;ODC1;PPARG;PTGS1;PTGS2;RELA;SLC6A4;TNF;TP53,"Disease targets for Ulcerative Colitis; exact medicinal-material matches from TCMSP, HERB 2.0, and ETCM 2.0; legacy provisional ranking because database screening definitions are heterogeneous and safety/pair evidence are unreviewed placeholders",10,9
陈皮,马齿苋,18,63,67,14,4,49,True,80.6662,5,4,95.0,60.0,False,legacy_placeholder_60_not_reviewed,0.0,False,legacy_placeholder_0_not_reviewed,60.7665,69.7665,legacy_formula_including_unreviewed_placeholders,legacy_provisional_includes_unreviewed_placeholders,,69.7665,548,31,0.8421,ABCG2;ADIPOQ;AHR;AKT1;ALOX5;BAX;BCL2;BIRC5;CASP3;CASP8;CAT;CCL2;CCND1;CD40LG;CDK4;CDKN1A;CHEK2;CHUK;CXCL10;CXCL8;CYP1A2;CYP3A4;DUOX2;EGFR;ERBB2;GSTM1;GSTP1;HIF1A;HMOX1;ICAM1;IFNG;IGF2;IKBKB;IL10;IL1A;IL1B;IL2;IL4;IL6;MAPK1;MAPK3;MET;MMP1;MMP2;MMP3;MMP9;MPO;MYC;NFE2L2;NFKBIA;NOS2;NOS3;NR1I2;ODC1;PLAU;PPARA;PPARG;PTGS1;PTGS2;RB1;RELA;SLC6A4;STAT1;TIMP1;TNF;TP53;VCAM1,AKT1;BAX;BCL2;CASP3;GSTP1;MAPK1;MMP9;NOS2;PPARA;PPARG;PTGS1;PTGS2;RELA;TP53,"Disease targets for Ulcerative Colitis; exact medicinal-material matches from TCMSP, HERB 2.0, and ETCM 2.0; legacy provisional ranking because database screening definitions are heterogeneous and safety/pair evidence are unreviewed placeholders",11,10
陈皮,黄芪,18,63,67,14,4,49,True,80.6662,5,4,95.0,60.0,False,legacy_placeholder_60_not_reviewed,0.0,False,legacy_placeholder_0_not_reviewed,60.7665,69.7665,legacy_formula_including_unreviewed_placeholders,legacy_provisional_includes_unreviewed_placeholders,,69.7665,551,31,0.8421,ABCG2;ADIPOQ;AHR;AKT1;ALOX5;BAX;BCL2;BIRC5;CASP3;CASP8;CAT;CCL2;CCND1;CD40LG;CDKN1A;CHEK2;CHUK;CXCL10;CXCL8;CYP1A2;CYP3A4;DUOX2;EGFR;ERBB2;GSTM1;GSTP1;HIF1A;HMOX1;ICAM1;IFNG;IGF2;IKBKB;IL10;IL1A;IL1B;IL2;IL4;IL6;KDR;MAPK1;MAPK3;MET;MMP1;MMP2;MMP3;MMP9;MPO;MYC;NFE2L2;NFKBIA;NOS2;NOS3;NR1I2;ODC1;PLAU;PPARA;PPARG;PTGS1;PTGS2;RB1;RELA;SLC6A4;STAT1;TIMP1;TNF;TP53;VCAM1,AKT1;BAX;BCL2;CASP3;GSTP1;MAPK1;MMP9;NOS2;PPARA;PPARG;PTGS1;PTGS2;RELA;TP53,"Disease targets for Ulcerative Colitis; exact medicinal-material matches from TCMSP, HERB 2.0, and ETCM 2.0; legacy provisional ranking because database screening definitions are heterogeneous and safety/pair evidence are unreviewed placeholders",12,11
石榴皮,陈皮,64,18,67,15,49,3,True,80.0692,5,4,95.0,60.0,False,legacy_placeholder_60_not_reviewed,0.0,False,legacy_placeholder_0_not_reviewed,60.5277,69.5277,legacy_formula_including_unreviewed_placeholders,legacy_provisional_includes_unreviewed_placeholders,,69.5277,548,31,0.8421,ABCG2;ADIPOQ;AHR;AKT1;ALOX5;BAX;BCL2;BIRC5;CASP3;CASP8;CAT;CCL2;CCND1;CD40LG;CDK4;CDKN1A;CHEK2;CHUK;CXCL10;CXCL8;CYP1A2;CYP3A4;DUOX2;EGFR;ERBB2;GSTM1;GSTP1;HIF1A;HMOX1;ICAM1;IFNG;IGF2;IKBKB;IL10;IL1A;IL1B;IL2;IL4;IL6;MAPK1;MAPK3;MET;MMP1;MMP2;MMP3;MMP9;MPO;MYC;NFE2L2;NFKBIA;NOS2;NOS3;NR1I2;ODC1;PLAU;PPARA;PPARG;PTGS1;PTGS2;RB1;RELA;SLC6A4;STAT1;TIMP1;TNF;TP53;VCAM1,AKT1;BAX;BCL2;CASP3;CAT;GSTP1;MAPK1;MMP9;NOS2;PPARA;PPARG;PTGS1;PTGS2;RELA;TP53,"Disease targets for Ulcerative Colitis; exact medicinal-material matches from TCMSP, HERB 2.0, and ETCM 2.0; legacy provisional ranking because database screening definitions are heterogeneous and safety/pair evidence are unreviewed placeholders",14,12
甘草,陈皮,67,18,68,17,50,1,True,79.7561,5,4,95.0,60.0,False,legacy_placeholder_60_not_reviewed,0.0,False,legacy_placeholder_0_not_reviewed,60.4024,69.4024,legacy_formula_including_unreviewed_placeholders,legacy_provisional_includes_unreviewed_placeholders,,69.4024,589,14,0.8481,ABCG2;ADIPOQ;AHR;AKT1;ALOX5;BAX;BCL2;BIRC5;CASP3;CASP8;CAT;CCL2;CCND1;CD40LG;CDK4;CDKN1A;CHEK2;CHUK;CXCL10;CXCL8;CYP1A2;CYP3A4;DUOX2;EGFR;ERBB2;GSTM1;GSTP1;HIF1A;HMOX1;ICAM1;IFNG;IGF2;IKBKB;IL10;IL1A;IL1B;IL2;IL4;IL6;KDR;MAPK1;MAPK3;MMP1;MMP2;MMP3;MMP9;MPO;MYC;NFE2L2;NFKBIA;NOS2;NOS3;NR1I2;ODC1;PLAU;PPARA;PPARG;PTGS1;PTGS2;RB1;RELA;SLC6A4;STAT1;STAT3;TIMP1;TNF;TP53;VCAM1,ADIPOQ;AKT1;BAX;BCL2;CASP3;CAT;GSTP1;MAPK1;MAPK3;MMP9;NOS2;PPARA;PPARG;PTGS1;PTGS2;RELA;TP53,"Disease targets for Ulcerative Colitis; exact medicinal-material matches from TCMSP, HERB 2.0, and ETCM 2.0; legacy provisional ranking because database screening definitions are heterogeneous and safety/pair evidence are unreviewed placeholders",15,13
乌梅,陈皮,61,18,65,14,47,4,True,78.9456,5,4,95.0,60.0,False,legacy_placeholder_60_not_reviewed,0.0,False,legacy_placeholder_0_not_reviewed,60.0782,69.0782,legacy_formula_including_unreviewed_placeholders,legacy_provisional_includes_unreviewed_placeholders,,69.0782,521,30,0.8462,ABCG2;ADIPOQ;AHR;AKT1;ALOX5;BAX;BCL2;BIRC5;CASP3;CASP8;CAT;CCL2;CCND1;CD40LG;CDKN1A;CHEK2;CHUK;CXCL10;CXCL8;CYP1A2;CYP3A4;DUOX2;EGFR;ERBB2;GSTM1;GSTP1;HIF1A;HMOX1;ICAM1;IFNG;IGF2;IKBKB;IL10;IL1A;IL1B;IL2;IL6;MAPK1;MAPK3;MMP1;MMP2;MMP3;MMP9;MPO;MYC;NFE2L2;NFKBIA;NOS2;NOS3;NR1I2;NR3C1;ODC1;PLAU;PPARA;PPARG;PTGS1;PTGS2;RB1;RELA;SLC6A4;STAT1;TIMP1;TNF;TP53;VCAM1,AKT1;BAX;BCL2;CASP3;GSTP1;MAPK1;MMP9;NOS2;PPARA;PPARG;PTGS1;PTGS2;RELA;TP53,"Disease targets for Ulcerative Colitis; exact medicinal-material matches from TCMSP, HERB 2.0, and ETCM 2.0; legacy provisional ranking because database screening definitions are heterogeneous and safety/pair evidence are unreviewed placeholders",19,14
栀子,陈皮,60,18,64,14,46,4,True,78.0793,5,4,95.0,60.0,False,legacy_placeholder_60_not_reviewed,0.0,False,legacy_placeholder_0_not_reviewed,59.7317,68.7317,legacy_formula_including_unreviewed_placeholders,legacy_provisional_includes_unreviewed_placeholders,,68.7317,513,30,0.8462,ABCG2;ADIPOQ;AHR;AKT1;ALOX5;BAX;BCL2;BIRC5;CASP3;CASP8;CAT;CCL2;CCND1;CD40LG;CDKN1A;CHEK2;CHUK;CXCL10;CXCL8;CYP1A2;CYP3A4;DUOX2;EGFR;ERBB2;GSTM1;GSTP1;HIF1A;HMOX1;ICAM1;IFNG;IGF2;IKBKB;IL10;IL1A;IL1B;IL2;IL6;MAPK1;MAPK3;MMP1;MMP2;MMP3;MMP9;MPO;MYC;NFE2L2;NFKBIA;NOS2;NOS3;NR1I2;ODC1;PLAU;PPARA;PPARG;PTGS1;PTGS2;RB1;RELA;SLC6A4;STAT1;TIMP1;TNF;TP53;VCAM1,AKT1;BAX;BCL2;CASP3;GSTP1;MAPK1;MMP9;NOS2;PPARA;PPARG;PTGS1;PTGS2;RELA;TP53,"Disease targets for Ulcerative Colitis; exact medicinal-material matches from TCMSP, HERB 2.0, and ETCM 2.0; legacy provisional ranking because database screening definitions are heterogeneous and safety/pair evidence are unreviewed placeholders",22,15
槐花,陈皮,60,18,64,14,46,4,True,78.0793,5,4,95.0,60.0,False,legacy_placeholder_60_not_reviewed,0.0,False,legacy_placeholder_0_not_reviewed,59.7317,68.7317,legacy_formula_including_unreviewed_placeholders,legacy_provisional_includes_unreviewed_placeholders,,68.7317,513,30,0.8462,ABCG2;ADIPOQ;AHR;AKT1;ALOX5;BAX;BCL2;BIRC5;CASP3;CASP8;CAT;CCL2;CCND1;CD40LG;CDKN1A;CHEK2;CHUK;CXCL10;CXCL8;CYP1A2;CYP3A4;DUOX2;EGFR;ERBB2;GSTM1;GSTP1;HIF1A;HMOX1;ICAM1;IFNG;IGF2;IKBKB;IL10;IL1A;IL1B;IL2;IL6;MAPK1;MAPK3;MMP1;MMP2;MMP3;MMP9;MPO;MYC;NFE2L2;NFKBIA;NOS2;NOS3;NR1I2;ODC1;PLAU;PPARA;PPARG;PTGS1;PTGS2;RB1;RELA;SLC6A4;STAT1;TIMP1;TNF;TP53;VCAM1,AKT1;BAX;BCL2;CASP3;GSTP1;MAPK1;MMP9;NOS2;PPARA;PPARG;PTGS1;PTGS2;RELA;TP53,"Disease targets for Ulcerative Colitis; exact medicinal-material matches from TCMSP, HERB 2.0, and ETCM 2.0; legacy provisional ranking because database screening definitions are heterogeneous and safety/pair evidence are unreviewed placeholders",23,16
大枣,陈皮,61,18,64,15,46,3,True,77.4543,5,4,95.0,60.0,False,legacy_placeholder_60_not_reviewed,0.0,False,legacy_placeholder_0_not_reviewed,59.4817,68.4817,legacy_formula_including_unreviewed_placeholders,legacy_provisional_includes_unreviewed_placeholders,,68.4817,511,30,0.8462,ABCG2;ADIPOQ;AHR;AKT1;ALOX5;BAX;BCL2;BIRC5;CASP3;CASP8;CAT;CCL2;CCND1;CD40LG;CDKN1A;CHEK2;CHUK;CXCL10;CXCL8;CYP1A2;CYP3A4;DUOX2;EGFR;ERBB2;GSTM1;GSTP1;HIF1A;HMOX1;ICAM1;IFNG;IGF2;IL10;IL1A;IL1B;IL2;IL6;KDR;MAPK1;MAPK3;MMP1;MMP2;MMP3;MMP9;MPO;MYC;NFE2L2;NFKBIA;NOS2;NOS3;NR1I2;ODC1;PLAU;PPARA;PPARG;PTGS1;PTGS2;RB1;RELA;SLC6A4;STAT1;TIMP1;TNF;TP53;VCAM1,AKT1;BAX;BCL2;CASP3;CAT;GSTP1;MAPK1;MMP9;NOS2;PPARA;PPARG;PTGS1;PTGS2;RELA;TP53,"Disease targets for Ulcerative Colitis; exact medicinal-material matches from TCMSP, HERB 2.0, and ETCM 2.0; legacy provisional ranking because database screening definitions are heterogeneous and safety/pair evidence are unreviewed placeholders",27,17
陈皮,鱼腥草,18,59,63,14,4,45,True,77.2087,5,4,95.0,60.0,False,legacy_placeholder_60_not_reviewed,0.0,False,legacy_placeholder_0_not_reviewed,59.3835,68.3835,legacy_formula_including_unreviewed_placeholders,legacy_provisional_includes_unreviewed_placeholders,,68.3835,513,30,0.8462,ABCG2;ADIPOQ;AHR;AKT1;ALOX5;BAX;BCL2;BIRC5;CASP3;CASP8;CAT;CCL2;CCND1;CD40LG;CDKN1A;CHEK2;CHUK;CXCL10;CXCL8;CYP1A2;CYP3A4;DUOX2;EGFR;ERBB2;GSTM1;GSTP1;HIF1A;HMOX1;ICAM1;IFNG;IGF2;IKBKB;IL10;IL1A;IL1B;IL2;IL6;MAPK1;MAPK3;MMP1;MMP2;MMP3;MMP9;MPO;MYC;NFE2L2;NFKBIA;NOS2;NOS3;NR1I2;ODC1;PLAU;PPARA;PPARG;PTGS1;PTGS2;RB1;RELA;STAT1;TIMP1;TNF;TP53;VCAM1,AKT1;BAX;BCL2;CASP3;GSTP1;MAPK1;MMP9;NOS2;PPARA;PPARG;PTGS1;PTGS2;RELA;TP53,"Disease targets for Ulcerative Colitis; exact medicinal-material matches from TCMSP, HERB 2.0, and ETCM 2.0; legacy provisional ranking because database screening definitions are heterogeneous and safety/pair evidence are unreviewed placeholders",30,18
乌梅,葛根,61,10,62,9,52,1,True,79.5594,4,4,88.0,60.0,False,legacy_placeholder_60_not_reviewed,0.0,False,legacy_placeholder_0_not_reviewed,58.2238,67.2238,legacy_formula_including_unreviewed_placeholders,legacy_provisional_includes_unreviewed_placeholders,,67.2238,497,16,0.9227,ABCG2;AHR;AKT1;ALOX5;BAX;BCL2;BIRC5;CASP3;CASP8;CCL2;CCND1;CD40LG;CDKN1A;CHEK2;CHUK;CXCL10;CXCL8;CYP1A2;CYP3A4;DUOX2;EGFR;ERBB2;GSTM1;GSTP1;HIF1A;HMOX1;ICAM1;IFNG;IGF2;IKBKB;IL10;IL1A;IL1B;IL2;IL4;IL6;MAPK1;MMP1;MMP2;MMP3;MMP9;MPO;MYC;NFE2L2;NFKBIA;NOS2;NOS3;NR1I2;NR3C1;ODC1;PLAU;PPARA;PPARG;PTGS1;PTGS2;RB1;RELA;SLC6A4;STAT1;TNF;TP53;VCAM1,BAX;BCL2;CASP3;CASP8;NOS2;PPARG;PTGS1;PTGS2;SLC6A4,"Disease targets for Ulcerative Colitis; exact medicinal-material matches from TCMSP, HERB 2.0, and ETCM 2.0; legacy provisional ranking because database screening definitions are heterogeneous and safety/pair evidence are unreviewed placeholders",50,19
大枣,葛根,61,10,62,9,52,1,True,79.5594,4,4,88.0,60.0,False,legacy_placeholder_60_not_reviewed,0.0,False,legacy_placeholder_0_not_reviewed,58.2238,67.2238,legacy_formula_including_unreviewed_placeholders,legacy_provisional_includes_unreviewed_placeholders,,67.2238,487,16,0.9227,ABCG2;AHR;AKT1;ALOX5;BAX;BCL2;BIRC5;CASP3;CASP8;CAT;CCL2;CCND1;CD40LG;CDKN1A;CHEK2;CHUK;CXCL10;CXCL8;CYP1A2;CYP3A4;DUOX2;EGFR;ERBB2;GSTM1;GSTP1;HIF1A;HMOX1;ICAM1;IFNG;IGF2;IL10;IL1A;IL1B;IL2;IL4;IL6;KDR;MAPK1;MMP1;MMP2;MMP3;MMP9;MPO;MYC;NFE2L2;NFKBIA;NOS2;NOS3;NR1I2;ODC1;PLAU;PPARA;PPARG;PTGS1;PTGS2;RB1;RELA;SLC6A4;STAT1;TNF;TP53;VCAM1,BAX;BCL2;CASP3;CASP8;NOS2;PPARG;PTGS1;PTGS2;SLC6A4,"Disease targets for Ulcerative Colitis; exact medicinal-material matches from TCMSP, HERB 2.0, and ETCM 2.0; legacy provisional ranking because database screening definitions are heterogeneous and safety/pair evidence are unreviewed placeholders",51,20
葛根,鱼腥草,10,59,61,8,2,51,True,79.3882,4,4,88.0,60.0,False,legacy_placeholder_60_not_reviewed,0.0,False,legacy_placeholder_0_not_reviewed,58.1553,67.1553,legacy_formula_including_unreviewed_placeholders,legacy_provisional_includes_unreviewed_placeholders,,67.1553,489,16,0.9227,ABCG2;AHR;AKT1;ALOX5;BAX;BCL2;BIRC5;CASP3;CASP8;CCL2;CCND1;CD40LG;CDKN1A;CHEK2;CHUK;CXCL10;CXCL8;CYP1A2;CYP3A4;DUOX2;EGFR;ERBB2;GSTM1;GSTP1;HIF1A;HMOX1;ICAM1;IFNG;IGF2;IKBKB;IL10;IL1A;IL1B;IL2;IL4;IL6;MAPK1;MMP1;MMP2;MMP3;MMP9;MPO;MYC;NFE2L2;NFKBIA;NOS2;NOS3;NR1I2;ODC1;PLAU;PPARA;PPARG;PTGS1;PTGS2;RB1;RELA;SLC6A4;STAT1;TNF;TP53;VCAM1,BAX;BCL2;CASP3;CASP8;NOS2;PPARG;PTGS1;PTGS2,"Disease targets for Ulcerative Colitis; exact medicinal-material matches from TCMSP, HERB 2.0, and ETCM 2.0; legacy provisional ranking because database screening definitions are heterogeneous and safety/pair evidence are unreviewed placeholders",54,21
肉豆蔻,鱼腥草,8,59,60,7,1,52,True,79.2358,4,4,88.0,60.0,False,legacy_placeholder_60_not_reviewed,0.0,False,legacy_placeholder_0_not_reviewed,58.0943,67.0943,legacy_formula_including_unreviewed_placeholders,legacy_provisional_includes_unreviewed_placeholders,,67.0943,472,0,0,ABCG2;AHR;AKT1;ALOX5;BAX;BCL2;BIRC5;CASP3;CASP8;CCL2;CCND1;CD40LG;CDKN1A;CHEK2;CHUK;CXCL10;CXCL8;CYP1A2;CYP3A4;DUOX2;EGFR;ERBB2;GSTM1;GSTP1;HIF1A;HMOX1;ICAM1;IFNG;IGF2;IKBKB;IL10;IL1A;IL1B;IL2;IL6;MAPK1;MMP1;MMP2;MMP3;MMP9;MPO;MYC;NFE2L2;NFKBIA;NOS2;NOS3;NR1I2;ODC1;PLAU;PPARA;PPARG;PTGS1;PTGS2;RB1;RELA;SLC6A4;STAT1;TNF;TP53;VCAM1,BAX;BCL2;CASP3;CASP8;NOS2;PTGS1;PTGS2,"Disease targets for Ulcerative Colitis; exact medicinal-material matches from TCMSP, HERB 2.0, and ETCM 2.0; legacy provisional ranking because database screening definitions are heterogeneous and safety/pair evidence are unreviewed placeholders",55,22
栀子,葛根,60,10,61,9,51,1,True,78.7325,4,4,88.0,60.0,False,legacy_placeholder_60_not_reviewed,0.0,False,legacy_placeholder_0_not_reviewed,57.893,66.893,legacy_formula_including_unreviewed_placeholders,legacy_provisional_includes_unreviewed_placeholders,,66.893,489,16,0.9227,ABCG2;AHR;AKT1;ALOX5;BAX;BCL2;BIRC5;CASP3;CASP8;CCL2;CCND1;CD40LG;CDKN1A;CHEK2;CHUK;CXCL10;CXCL8;CYP1A2;CYP3A4;DUOX2;EGFR;ERBB2;GSTM1;GSTP1;HIF1A;HMOX1;ICAM1;IFNG;IGF2;IKBKB;IL10;IL1A;IL1B;IL2;IL4;IL6;MAPK1;MMP1;MMP2;MMP3;MMP9;MPO;MYC;NFE2L2;NFKBIA;NOS2;NOS3;NR1I2;ODC1;PLAU;PPARA;PPARG;PTGS1;PTGS2;RB1;RELA;SLC6A4;STAT1;TNF;TP53;VCAM1,BAX;BCL2;CASP3;CASP8;NOS2;PPARG;PTGS1;PTGS2;SLC6A4,"Disease targets for Ulcerative Colitis; exact medicinal-material matches from TCMSP, HERB 2.0, and ETCM 2.0; legacy provisional ranking because database screening definitions are heterogeneous and safety/pair evidence are unreviewed placeholders",64,23
槐花,葛根,60,10,61,9,51,1,True,78.7325,4,4,88.0,60.0,False,legacy_placeholder_60_not_reviewed,0.0,False,legacy_placeholder_0_not_reviewed,57.893,66.893,legacy_formula_including_unreviewed_placeholders,legacy_provisional_includes_unreviewed_placeholders,,66.893,489,16,0.9227,ABCG2;AHR;AKT1;ALOX5;BAX;BCL2;BIRC5;CASP3;CASP8;CCL2;CCND1;CD40LG;CDKN1A;CHEK2;CHUK;CXCL10;CXCL8;CYP1A2;CYP3A4;DUOX2;EGFR;ERBB2;GSTM1;GSTP1;HIF1A;HMOX1;ICAM1;IFNG;IGF2;IKBKB;IL10;IL1A;IL1B;IL2;IL4;IL6;MAPK1;MMP1;MMP2;MMP3;MMP9;MPO;MYC;NFE2L2;NFKBIA;NOS2;NOS3;NR1I2;ODC1;PLAU;PPARA;PPARG;PTGS1;PTGS2;RB1;RELA;SLC6A4;STAT1;TNF;TP53;VCAM1,BAX;BCL2;CASP3;CASP8;NOS2;PPARG;PTGS1;PTGS2;SLC6A4,"Disease targets for Ulcerative Colitis; exact medicinal-material matches from TCMSP, HERB 2.0, and ETCM 2.0; legacy provisional ranking because database screening definitions are heterogeneous and safety/pair evidence are unreviewed placeholders",65,24
甘草,莲子,67,20,75,12,55,8,True,88.478,4,4,73.0,60.0,False,legacy_placeholder_60_not_reviewed,0.0,False,legacy_placeholder_0_not_reviewed,57.2912,66.2912,legacy_formula_including_unreviewed_placeholders,legacy_provisional_includes_unreviewed_placeholders,,66.2912,628,43,0.8315,ABCG2;ADIPOQ;AHR;AKT1;ALOX5;APEX1;BAX;BCL2;BIRC5;CASP3;CASP8;CAT;CCL2;CCND1;CD40LG;CDK4;CDKN1A;CHEK2;CHRNA7;CHUK;CXCL10;CXCL8;CYP1A2;CYP2C9;CYP3A4;DUOX2;EGFR;ERBB2;GPR35;GSTM1;GSTP1;HIF1A;HMOX1;ICAM1;IFNG;IGF2;IKBKB;IL10;IL1A;IL1B;IL2;IL4;IL6;KDR;MAPK1;MAPK3;MET;MMP1;MMP2;MMP3;MMP9;MPO;MYC;NFE2L2;NFKBIA;NOD2;NOS2;NOS3;NR1I2;ODC1;PLAU;PPARA;PPARG;PTGS1;PTGS2;RB1;RELA;SIRT1;SLC6A4;STAT1;STAT3;TNF;TP53;VCAM1;VEGFA,ABCG2;AHR;ALOX5;CASP3;CYP3A4;EGFR;HIF1A;KDR;MMP9;MPO;PLAU;SLC6A4,"Disease targets for Ulcerative Colitis; exact medicinal-material matches from TCMSP, HERB 2.0, and ETCM 2.0; legacy provisional ranking because database screening definitions are heterogeneous and safety/pair evidence are unreviewed placeholders",84,25
生姜,鱼腥草,8,59,60,7,1,52,True,79.2358,4,4,83.0,60.0,False,legacy_placeholder_60_not_reviewed,0.0,False,legacy_placeholder_0_not_reviewed,56.5943,65.5943,legacy_formula_including_unreviewed_placeholders,legacy_provisional_includes_unreviewed_placeholders,,65.5943,472,0,0,ABCG2;AHR;AKT1;ALOX5;BAX;BCL2;BIRC5;CASP3;CASP8;CCL2;CCND1;CD40LG;CDKN1A;CHEK2;CHUK;CXCL10;CXCL8;CYP1A2;CYP3A4;DUOX2;EGFR;ERBB2;GSTM1;GSTP1;HIF1A;HMOX1;ICAM1;IFNG;IGF2;IKBKB;IL10;IL1A;IL1B;IL2;IL6;MAPK1;MMP1;MMP2;MMP3;MMP9;MPO;MYC;NFE2L2;NFKBIA;NOS2;NOS3;NR1I2;ODC1;PLAU;PPARA;PPARG;PTGS1;PTGS2;RB1;RELA;SLC6A4;STAT1;TNF;TP53;VCAM1,BAX;BCL2;CASP3;CASP8;PLAU;PTGS1;PTGS2,"Disease targets for Ulcerative Colitis; exact medicinal-material matches from TCMSP, HERB 2.0, and ETCM 2.0; legacy provisional ranking because database screening definitions are heterogeneous and safety/pair evidence are unreviewed placeholders",95,26
砂仁,鱼腥草,8,59,60,7,1,52,True,79.2358,4,4,83.0,60.0,False,legacy_placeholder_60_not_reviewed,0.0,False,legacy_placeholder_0_not_reviewed,56.5943,65.5943,legacy_formula_including_unreviewed_placeholders,legacy_provisional_includes_unreviewed_placeholders,,65.5943,472,0,0,ABCG2;AHR;AKT1;ALOX5;BAX;BCL2;BIRC5;CASP3;CASP8;CCL2;CCND1;CD40LG;CDKN1A;CHEK2;CHUK;CXCL10;CXCL8;CYP1A2;CYP3A4;DUOX2;EGFR;ERBB2;GSTM1;GSTP1;HIF1A;HMOX1;ICAM1;IFNG;IGF2;IKBKB;IL10;IL1A;IL1B;IL2;IL6;MAPK1;MMP1;MMP2;MMP3;MMP9;MPO;MYC;NFE2L2;NFKBIA;NOS2;NOS3;NR1I2;ODC1;PLAU;PPARA;PPARG;PTGS1;PTGS2;RB1;RELA;SLC6A4;STAT1;TNF;TP53;VCAM1,BAX;BCL2;CASP3;CASP8;PLAU;PTGS1;PTGS2,"Disease targets for Ulcerative Colitis; exact medicinal-material matches from TCMSP, HERB 2.0, and ETCM 2.0; legacy provisional ranking because database screening definitions are heterogeneous and safety/pair evidence are unreviewed placeholders",96,27
石榴皮,莲子,64,20,72,12,52,8,True,86.0163,4,4,73.0,60.0,False,legacy_placeholder_60_not_reviewed,0.0,False,legacy_placeholder_0_not_reviewed,56.3065,65.3065,legacy_formula_including_unreviewed_placeholders,legacy_provisional_includes_unreviewed_placeholders,,65.3065,557,41,0.82,ABCG2;AHR;AKT1;ALOX5;APEX1;BAX;BCL2;BIRC5;CASP3;CASP8;CAT;CCL2;CCND1;CD40LG;CDK4;CDKN1A;CHEK2;CHRNA7;CHUK;CXCL10;CXCL8;CYP1A2;CYP2C9;CYP3A4;DUOX2;EGFR;ERBB2;GPR35;GSTM1;GSTP1;HIF1A;HMOX1;ICAM1;IFNG;IGF2;IKBKB;IL10;IL1A;IL1B;IL2;IL4;IL6;KDR;MAPK1;MET;MMP1;MMP2;MMP3;MMP9;MPO;MYC;NFE2L2;NFKBIA;NOD2;NOS2;NOS3;NR1I2;ODC1;PLAU;PPARA;PPARG;PTGS1;PTGS2;RB1;RELA;SIRT1;SLC6A4;STAT1;TNF;TP53;VCAM1;VEGFA,ABCG2;AHR;ALOX5;CASP3;CYP3A4;EGFR;HIF1A;MET;MMP9;MPO;PLAU;SLC6A4,"Disease targets for Ulcerative Colitis; exact medicinal-material matches from TCMSP, HERB 2.0, and ETCM 2.0; legacy provisional ranking because database screening definitions are heterogeneous and safety/pair evidence are unreviewed placeholders",101,28
莲子,马齿苋,20,63,71,12,8,51,True,85.1907,4,4,73.0,60.0,False,legacy_placeholder_60_not_reviewed,0.0,False,legacy_placeholder_0_not_reviewed,55.9763,64.9763,legacy_formula_including_unreviewed_placeholders,legacy_provisional_includes_unreviewed_placeholders,,64.9763,557,41,0.82,ABCG2;AHR;AKT1;ALOX5;APEX1;BAX;BCL2;BIRC5;CASP3;CASP8;CCL2;CCND1;CD40LG;CDK4;CDKN1A;CHEK2;CHRNA7;CHUK;CXCL10;CXCL8;CYP1A2;CYP2C9;CYP3A4;DUOX2;EGFR;ERBB2;GPR35;GSTM1;GSTP1;HIF1A;HMOX1;ICAM1;IFNG;IGF2;IKBKB;IL10;IL1A;IL1B;IL2;IL4;IL6;KDR;MAPK1;MET;MMP1;MMP2;MMP3;MMP9;MPO;MYC;NFE2L2;NFKBIA;NOD2;NOS2;NOS3;NR1I2;ODC1;PLAU;PPARA;PPARG;PTGS1;PTGS2;RB1;RELA;SIRT1;SLC6A4;STAT1;TNF;TP53;VCAM1;VEGFA,ABCG2;AHR;ALOX5;CASP3;CYP3A4;EGFR;HIF1A;MET;MMP9;MPO;PLAU;SLC6A4,"Disease targets for Ulcerative Colitis; exact medicinal-material matches from TCMSP, HERB 2.0, and ETCM 2.0; legacy provisional ranking because database screening definitions are heterogeneous and safety/pair evidence are unreviewed placeholders",102,29
乌梅,莲子,61,20,70,11,50,9,True,84.9338,4,4,73.0,60.0,False,legacy_placeholder_60_not_reviewed,0.0,False,legacy_placeholder_0_not_reviewed,55.8735,64.8735,legacy_formula_including_unreviewed_placeholders,legacy_provisional_includes_unreviewed_placeholders,,64.8735,540,46,0.8178,ABCG2;AHR;AKT1;ALOX5;APEX1;BAX;BCL2;BIRC5;CASP3;CASP8;CCL2;CCND1;CD40LG;CDKN1A;CHEK2;CHRNA7;CHUK;CXCL10;CXCL8;CYP1A2;CYP2C9;CYP3A4;DUOX2;EGFR;ERBB2;GPR35;GSTM1;GSTP1;HIF1A;HMOX1;ICAM1;IFNG;IGF2;IKBKB;IL10;IL1A;IL1B;IL2;IL6;KDR;MAPK1;MET;MMP1;MMP2;MMP3;MMP9;MPO;MYC;NFE2L2;NFKBIA;NOD2;NOS2;NOS3;NR1I2;NR3C1;ODC1;PLAU;PPARA;PPARG;PTGS1;PTGS2;RB1;RELA;SIRT1;SLC6A4;STAT1;TNF;TP53;VCAM1;VEGFA,ABCG2;AHR;ALOX5;CASP3;CYP3A4;EGFR;HIF1A;MMP9;MPO;PLAU;SLC6A4,"Disease targets for Ulcerative Colitis; exact medicinal-material matches from TCMSP, HERB 2.0, and ETCM 2.0; legacy provisional ranking because database screening definitions are heterogeneous and safety/pair evidence are unreviewed placeholders",103,30
莲子,鱼腥草,20,59,69,10,10,49,True,84.6907,4,4,73.0,60.0,False,legacy_placeholder_60_not_reviewed,0.0,False,legacy_placeholder_0_not_reviewed,55.7763,64.7763,legacy_formula_including_unreviewed_placeholders,legacy_provisional_includes_unreviewed_placeholders,,64.7763,532,46,0.8178,ABCG2;AHR;AKT1;ALOX5;APEX1;BAX;BCL2;BIRC5;CASP3;CASP8;CCL2;CCND1;CD40LG;CDKN1A;CHEK2;CHRNA7;CHUK;CXCL10;CXCL8;CYP1A2;CYP2C9;CYP3A4;DUOX2;EGFR;ERBB2;GPR35;GSTM1;GSTP1;HIF1A;HMOX1;ICAM1;IFNG;IGF2;IKBKB;IL10;IL1A;IL1B;IL2;IL6;KDR;MAPK1;MET;MMP1;MMP2;MMP3;MMP9;MPO;MYC;NFE2L2;NFKBIA;NOD2;NOS2;NOS3;NR1I2;ODC1;PLAU;PPARA;PPARG;PTGS1;PTGS2;RB1;RELA;SIRT1;SLC6A4;STAT1;TNF;TP53;VCAM1;VEGFA,ABCG2;AHR;ALOX5;CASP3;CYP3A4;EGFR;HIF1A;MMP9;MPO;PLAU,"Disease targets for Ulcerative Colitis; exact medicinal-material matches from TCMSP, HERB 2.0, and ETCM 2.0; legacy provisional ranking because database screening definitions are heterogeneous and safety/pair evidence are unreviewed placeholders",104,31
山药,甘草,15,67,70,12,3,55,True,84.3624,4,4,73.0,60.0,False,legacy_placeholder_60_not_reviewed,0.0,False,legacy_placeholder_0_not_reviewed,55.6449,64.6449,legacy_formula_including_unreviewed_placeholders,legacy_provisional_includes_unreviewed_placeholders,,64.6449,605,23,0.8055,ABCC2;ABCG2;ADIPOQ;AHR;AKT1;ALOX5;BAX;BCL2;BIRC5;CASP3;CASP8;CAT;CCL2;CCND1;CD40LG;CDK4;CDKN1A;CHEK2;CHUK;CXCL10;CXCL8;CYP1A2;CYP3A4;DUOX2;EGFR;ERBB2;GSTM1;GSTP1;HIF1A;HMOX1;ICAM1;IFNG;IGF2;IKBKB;IL10;IL1A;IL1B;IL2;IL4;IL6;KDR;MAPK1;MAPK3;MMP1;MMP2;MMP3;MMP9;MPO;MTOR;MYC;NFE2L2;NFKBIA;NOS2;NOS3;NR1I2;NR3C1;ODC1;PLAU;PPARA;PPARG;PTGS1;PTGS2;RB1;RELA;SLC6A4;STAT1;STAT3;TNF;TP53;VCAM1,AKT1;CAT;CDKN1A;HIF1A;NOS2;NR1I2;PLAU;PTGS1;PTGS2;RELA;SLC6A4;TP53,"Disease targets for Ulcerative Colitis; exact medicinal-material matches from TCMSP, HERB 2.0, and ETCM 2.0; legacy provisional ranking because database screening definitions are heterogeneous and safety/pair evidence are unreviewed placeholders",105,32
栀子,莲子,60,20,69,11,49,9,True,84.111,4,4,73.0,60.0,False,legacy_placeholder_60_not_reviewed,0.0,False,legacy_placeholder_0_not_reviewed,55.5444,64.5444,legacy_formula_including_unreviewed_placeholders,legacy_provisional_includes_unreviewed_placeholders,,64.5444,532,46,0.8178,ABCG2;AHR;AKT1;ALOX5;APEX1;BAX;BCL2;BIRC5;CASP3;CASP8;CCL2;CCND1;CD40LG;CDKN1A;CHEK2;CHRNA7;CHUK;CXCL10;CXCL8;CYP1A2;CYP2C9;CYP3A4;DUOX2;EGFR;ERBB2;GPR35;GSTM1;GSTP1;HIF1A;HMOX1;ICAM1;IFNG;IGF2;IKBKB;IL10;IL1A;IL1B;IL2;IL6;KDR;MAPK1;MET;MMP1;MMP2;MMP3;MMP9;MPO;MYC;NFE2L2;NFKBIA;NOD2;NOS2;NOS3;NR1I2;ODC1;PLAU;PPARA;PPARG;PTGS1;PTGS2;RB1;RELA;SIRT1;SLC6A4;STAT1;TNF;TP53;VCAM1;VEGFA,ABCG2;AHR;ALOX5;CASP3;CYP3A4;EGFR;HIF1A;MMP9;MPO;PLAU;SLC6A4,"Disease targets for Ulcerative Colitis; exact medicinal-material matches from TCMSP, HERB 2.0, and ETCM 2.0; legacy provisional ranking because database screening definitions are heterogeneous and safety/pair evidence are unreviewed placeholders",106,33
槐花,莲子,60,20,69,11,49,9,True,84.111,4,4,73.0,60.0,False,legacy_placeholder_60_not_reviewed,0.0,False,legacy_placeholder_0_not_reviewed,55.5444,64.5444,legacy_formula_including_unreviewed_placeholders,legacy_provisional_includes_unreviewed_placeholders,,64.5444,532,46,0.8178,ABCG2;AHR;AKT1;ALOX5;APEX1;BAX;BCL2;BIRC5;CASP3;CASP8;CCL2;CCND1;CD40LG;CDKN1A;CHEK2;CHRNA7;CHUK;CXCL10;CXCL8;CYP1A2;CYP2C9;CYP3A4;DUOX2;EGFR;ERBB2;GPR35;GSTM1;GSTP1;HIF1A;HMOX1;ICAM1;IFNG;IGF2;IKBKB;IL10;IL1A;IL1B;IL2;IL6;KDR;MAPK1;MET;MMP1;MMP2;MMP3;MMP9;MPO;MYC;NFE2L2;NFKBIA;NOD2;NOS2;NOS3;NR1I2;ODC1;PLAU;PPARA;PPARG;PTGS1;PTGS2;RB1;RELA;SIRT1;SLC6A4;STAT1;TNF;TP53;VCAM1;VEGFA,ABCG2;AHR;ALOX5;CASP3;CYP3A4;EGFR;HIF1A;MMP9;MPO;PLAU;SLC6A4,"Disease targets for Ulcerative Colitis; exact medicinal-material matches from TCMSP, HERB 2.0, and ETCM 2.0; legacy provisional ranking because database screening definitions are heterogeneous and safety/pair evidence are unreviewed placeholders",107,34
莲子,黄芪,20,63,70,13,7,50,True,83.7909,4,4,73.0,60.0,False,legacy_placeholder_60_not_reviewed,0.0,False,legacy_placeholder_0_not_reviewed,55.4164,64.4164,legacy_formula_including_unreviewed_placeholders,legacy_provisional_includes_unreviewed_placeholders,,64.4164,549,34,0.8349,ABCG2;AHR;AKT1;ALOX5;APEX1;BAX;BCL2;BIRC5;CASP3;CASP8;CCL2;CCND1;CD40LG;CDKN1A;CHEK2;CHRNA7;CHUK;CXCL10;CXCL8;CYP1A2;CYP2C9;CYP3A4;DUOX2;EGFR;ERBB2;GPR35;GSTM1;GSTP1;HIF1A;HMOX1;ICAM1;IFNG;IGF2;IKBKB;IL10;IL1A;IL1B;IL2;IL4;IL6;KDR;MAPK1;MET;MMP1;MMP2;MMP3;MMP9;MPO;MYC;NFE2L2;NFKBIA;NOD2;NOS2;NOS3;NR1I2;ODC1;PLAU;PPARA;PPARG;PTGS1;PTGS2;RB1;RELA;SIRT1;SLC6A4;STAT1;TNF;TP53;VCAM1;VEGFA,ABCG2;AHR;ALOX5;CASP3;CYP3A4;EGFR;HIF1A;KDR;MET;MMP9;MPO;PLAU;SLC6A4,"Disease targets for Ulcerative Colitis; exact medicinal-material matches from TCMSP, HERB 2.0, and ETCM 2.0; legacy provisional ranking because database screening definitions are heterogeneous and safety/pair evidence are unreviewed placeholders",108,35
大枣,莲子,61,20,69,12,49,8,True,83.5313,4,4,73.0,60.0,False,legacy_placeholder_60_not_reviewed,0.0,False,legacy_placeholder_0_not_reviewed,55.3125,64.3125,legacy_formula_including_unreviewed_placeholders,legacy_provisional_includes_unreviewed_placeholders,,64.3125,519,38,0.831,ABCG2;AHR;AKT1;ALOX5;APEX1;BAX;BCL2;BIRC5;CASP3;CASP8;CAT;CCL2;CCND1;CD40LG;CDKN1A;CHEK2;CHRNA7;CHUK;CXCL10;CXCL8;CYP1A2;CYP2C9;CYP3A4;DUOX2;EGFR;ERBB2;GPR35;GSTM1;GSTP1;HIF1A;HMOX1;ICAM1;IFNG;IGF2;IL10;IL1A;IL1B;IL2;IL6;KDR;MAPK1;MET;MMP1;MMP2;MMP3;MMP9;MPO;MYC;NFE2L2;NFKBIA;NOD2;NOS2;NOS3;NR1I2;ODC1;PLAU;PPARA;PPARG;PTGS1;PTGS2;RB1;RELA;SIRT1;SLC6A4;STAT1;TNF;TP53;VCAM1;VEGFA,ABCG2;AHR;ALOX5;CASP3;CYP3A4;EGFR;HIF1A;KDR;MMP9;MPO;PLAU;SLC6A4,"Disease targets for Ulcerative Colitis; exact medicinal-material matches from TCMSP, HERB 2.0, and ETCM 2.0; legacy provisional ranking because database screening definitions are heterogeneous and safety/pair evidence are unreviewed placeholders",109,36
莲子,蒲公英,20,37,53,4,16,33,True,75.7616,4,4,83.0,60.0,False,legacy_placeholder_60_not_reviewed,0.0,False,legacy_placeholder_0_not_reviewed,55.2046,64.2046,legacy_formula_including_unreviewed_placeholders,legacy_provisional_includes_unreviewed_placeholders,,64.2046,318,84,0.8383,ABCG2;AHR;ALB;ALOX5;APEX1;BAX;BCL2;CASP1;CASP3;CASP8;CCL2;CHRNA7;CYP2C9;CYP3A4;EGFR;GLS;GPR35;HIF1A;HNF4A;IL13;IL1B;IL4;IL5;IL6;JUN;KDR;MAPK1;MAPK3;MET;MMP1;MMP9;MPO;MYC;NFKB1;NFKBIA;NOD2;NOS2;NR3C1;ODC1;PLAU;PPARG;PTGS1;PTGS2;RELA;RORC;SIRT1;SLC6A4;TCF7L2;TGFB1;TNF;TP53;VEGFA;XIST,CASP3;CHRNA7;SIRT1;SLC6A4,"Disease targets for Ulcerative Colitis; exact medicinal-material matches from TCMSP, HERB 2.0, and ETCM 2.0; legacy provisional ranking because database screening definitions are heterogeneous and safety/pair evidence are unreviewed placeholders",110,37
山药,马齿苋,15,63,67,11,4,52,True,82.4572,4,4,73.0,60.0,False,legacy_placeholder_60_not_reviewed,0.0,False,legacy_placeholder_0_not_reviewed,54.8829,63.8829,legacy_formula_including_unreviewed_placeholders,legacy_provisional_includes_unreviewed_placeholders,,63.8829,534,20,0.7928,ABCC2;ABCG2;AHR;AKT1;ALOX5;BAX;BCL2;BIRC5;CASP3;CASP8;CAT;CCL2;CCND1;CD40LG;CDK4;CDKN1A;CHEK2;CHUK;CXCL10;CXCL8;CYP1A2;CYP3A4;DUOX2;EGFR;ERBB2;GSTM1;GSTP1;HIF1A;HMOX1;ICAM1;IFNG;IGF2;IKBKB;IL10;IL1A;IL1B;IL2;IL4;IL6;MAPK1;MET;MMP1;MMP2;MMP3;MMP9;MPO;MTOR;MYC;NFE2L2;NFKBIA;NOS2;NOS3;NR1I2;NR3C1;ODC1;PLAU;PPARA;PPARG;PTGS1;PTGS2;RB1;RELA;SLC6A4;STAT1;TNF;TP53;VCAM1,AKT1;CDKN1A;HIF1A;NOS2;NR1I2;PLAU;PTGS1;PTGS2;RELA;SLC6A4;TP53,"Disease targets for Ulcerative Colitis; exact medicinal-material matches from TCMSP, HERB 2.0, and ETCM 2.0; legacy provisional ranking because database screening definitions are heterogeneous and safety/pair evidence are unreviewed placeholders",111,38
山药,黄芪,15,63,67,11,4,52,True,82.4572,4,4,73.0,60.0,False,legacy_placeholder_60_not_reviewed,0.0,False,legacy_placeholder_0_not_reviewed,54.8829,63.8829,legacy_formula_including_unreviewed_placeholders,legacy_provisional_includes_unreviewed_placeholders,,63.8829,537,20,0.7928,ABCC2;ABCG2;AHR;AKT1;ALOX5;BAX;BCL2;BIRC5;CASP3;CASP8;CAT;CCL2;CCND1;CD40LG;CDKN1A;CHEK2;CHUK;CXCL10;CXCL8;CYP1A2;CYP3A4;DUOX2;EGFR;ERBB2;GSTM1;GSTP1;HIF1A;HMOX1;ICAM1;IFNG;IGF2;IKBKB;IL10;IL1A;IL1B;IL2;IL4;IL6;KDR;MAPK1;MET;MMP1;MMP2;MMP3;MMP9;MPO;MTOR;MYC;NFE2L2;NFKBIA;NOS2;NOS3;NR1I2;NR3C1;ODC1;PLAU;PPARA;PPARG;PTGS1;PTGS2;RB1;RELA;SLC6A4;STAT1;TNF;TP53;VCAM1,AKT1;CDKN1A;HIF1A;NOS2;NR1I2;PLAU;PTGS1;PTGS2;RELA;SLC6A4;TP53,"Disease targets for Ulcerative Colitis; exact medicinal-material matches from TCMSP, HERB 2.0, and ETCM 2.0; legacy provisional ranking because database screening definitions are heterogeneous and safety/pair evidence are unreviewed placeholders",112,39
山药,石榴皮,15,64,67,12,3,52,True,81.8602,4,4,73.0,60.0,False,legacy_placeholder_60_not_reviewed,0.0,False,legacy_placeholder_0_not_reviewed,54.6441,63.6441,legacy_formula_including_unreviewed_placeholders,legacy_provisional_includes_unreviewed_placeholders,,63.6441,534,20,0.7928,ABCC2;ABCG2;AHR;AKT1;ALOX5;BAX;BCL2;BIRC5;CASP3;CASP8;CAT;CCL2;CCND1;CD40LG;CDK4;CDKN1A;CHEK2;CHUK;CXCL10;CXCL8;CYP1A2;CYP3A4;DUOX2;EGFR;ERBB2;GSTM1;GSTP1;HIF1A;HMOX1;ICAM1;IFNG;IGF2;IKBKB;IL10;IL1A;IL1B;IL2;IL4;IL6;MAPK1;MET;MMP1;MMP2;MMP3;MMP9;MPO;MTOR;MYC;NFE2L2;NFKBIA;NOS2;NOS3;NR1I2;NR3C1;ODC1;PLAU;PPARA;PPARG;PTGS1;PTGS2;RB1;RELA;SLC6A4;STAT1;TNF;TP53;VCAM1,AKT1;CAT;CDKN1A;HIF1A;NOS2;NR1I2;PLAU;PTGS1;PTGS2;RELA;SLC6A4;TP53,"Disease targets for Ulcerative Colitis; exact medicinal-material matches from TCMSP, HERB 2.0, and ETCM 2.0; legacy provisional ranking because database screening definitions are heterogeneous and safety/pair evidence are unreviewed placeholders",113,40
山药,鱼腥草,15,59,64,10,5,49,True,80.5793,4,4,73.0,60.0,False,legacy_placeholder_60_not_reviewed,0.0,False,legacy_placeholder_0_not_reviewed,54.1317,63.1317,legacy_formula_including_unreviewed_placeholders,legacy_provisional_includes_unreviewed_placeholders,,63.1317,499,19,0.7954,ABCC2;ABCG2;AHR;AKT1;ALOX5;BAX;BCL2;BIRC5;CASP3;CASP8;CAT;CCL2;CCND1;CD40LG;CDKN1A;CHEK2;CHUK;CXCL10;CXCL8;CYP1A2;CYP3A4;DUOX2;EGFR;ERBB2;GSTM1;GSTP1;HIF1A;HMOX1;ICAM1;IFNG;IGF2;IKBKB;IL10;IL1A;IL1B;IL2;IL6;MAPK1;MMP1;MMP2;MMP3;MMP9;MPO;MTOR;MYC;NFE2L2;NFKBIA;NOS2;NOS3;NR1I2;NR3C1;ODC1;PLAU;PPARA;PPARG;PTGS1;PTGS2;RB1;RELA;SLC6A4;STAT1;TNF;TP53;VCAM1,AKT1;CDKN1A;HIF1A;NOS2;NR1I2;PLAU;PTGS1;PTGS2;RELA;TP53,"Disease targets for Ulcerative Colitis; exact medicinal-material matches from TCMSP, HERB 2.0, and ETCM 2.0; legacy provisional ranking because database screening definitions are heterogeneous and safety/pair evidence are unreviewed placeholders",114,41
党参,甘草,35,67,70,32,3,35,True,72.9338,4,4,83.0,60.0,False,legacy_placeholder_60_not_reviewed,0.0,False,legacy_placeholder_0_not_reviewed,54.0735,63.0735,legacy_formula_including_unreviewed_placeholders,legacy_provisional_includes_unreviewed_placeholders,,63.0735,596,9,0.8303,ABCG2;ADIPOQ;AHR;AKT1;ALOX5;BAX;BCL2;BIRC5;CASP3;CASP8;CAT;CCL2;CCND1;CD40LG;CDK4;CDKN1A;CHEK2;CHUK;CXCL10;CXCL8;CYP1A2;CYP3A4;DUOX2;EGFR;ERBB2;GSTM1;GSTP1;HIF1A;HMOX1;ICAM1;IFNG;IGF2;IKBKB;IL10;IL1A;IL1B;IL2;IL4;IL6;KDR;MAPK1;MAPK3;MET;MMP1;MMP2;MMP3;MMP8;MMP9;MPO;MYC;NFE2L2;NFKBIA;NOS2;NOS3;NR1I2;NR3C1;ODC1;PLAU;PPARA;PPARG;PTGS1;PTGS2;RB1;RELA;SLC6A4;STAT1;STAT3;TNF;TP53;VCAM1,AKT1;BIRC5;CASP3;CCND1;CD40LG;CDK4;CDKN1A;EGFR;ERBB2;GSTP1;HMOX1;ICAM1;IFNG;IL10;IL2;IL4;IL6;MAPK1;MMP1;MMP2;MMP9;NFKBIA;NOS2;PLAU;PPARG;PTGS1;PTGS2;RB1;RELA;SLC6A4;TNF;TP53,"Disease targets for Ulcerative Colitis; exact medicinal-material matches from TCMSP, HERB 2.0, and ETCM 2.0; legacy provisional ranking because database screening definitions are heterogeneous and safety/pair evidence are unreviewed placeholders",115,42
山药,栀子,15,60,64,11,4,49,True,79.9543,4,4,73.0,60.0,False,legacy_placeholder_60_not_reviewed,0.0,False,legacy_placeholder_0_not_reviewed,53.8817,62.8817,legacy_formula_including_unreviewed_placeholders,legacy_provisional_includes_unreviewed_placeholders,,62.8817,499,19,0.7954,ABCC2;ABCG2;AHR;AKT1;ALOX5;BAX;BCL2;BIRC5;CASP3;CASP8;CAT;CCL2;CCND1;CD40LG;CDKN1A;CHEK2;CHUK;CXCL10;CXCL8;CYP1A2;CYP3A4;DUOX2;EGFR;ERBB2;GSTM1;GSTP1;HIF1A;HMOX1;ICAM1;IFNG;IGF2;IKBKB;IL10;IL1A;IL1B;IL2;IL6;MAPK1;MMP1;MMP2;MMP3;MMP9;MPO;MTOR;MYC;NFE2L2;NFKBIA;NOS2;NOS3;NR1I2;NR3C1;ODC1;PLAU;PPARA;PPARG;PTGS1;PTGS2;RB1;RELA;SLC6A4;STAT1;TNF;TP53;VCAM1,AKT1;CDKN1A;HIF1A;NOS2;NR1I2;PLAU;PTGS1;PTGS2;RELA;SLC6A4;TP53,"Disease targets for Ulcerative Colitis; exact medicinal-material matches from TCMSP, HERB 2.0, and ETCM 2.0; legacy provisional ranking because database screening definitions are heterogeneous and safety/pair evidence are unreviewed placeholders",116,43
山药,槐花,15,60,64,11,4,49,True,79.9543,4,4,73.0,60.0,False,legacy_placeholder_60_not_reviewed,0.0,False,legacy_placeholder_0_not_reviewed,53.8817,62.8817,legacy_formula_including_unreviewed_placeholders,legacy_provisional_includes_unreviewed_placeholders,,62.8817,499,19,0.7954,ABCC2;ABCG2;AHR;AKT1;ALOX5;BAX;BCL2;BIRC5;CASP3;CASP8;CAT;CCL2;CCND1;CD40LG;CDKN1A;CHEK2;CHUK;CXCL10;CXCL8;CYP1A2;CYP3A4;DUOX2;EGFR;ERBB2;GSTM1;GSTP1;HIF1A;HMOX1;ICAM1;IFNG;IGF2;IKBKB;IL10;IL1A;IL1B;IL2;IL6;MAPK1;MMP1;MMP2;MMP3;MMP9;MPO;MTOR;MYC;NFE2L2;NFKBIA;NOS2;NOS3;NR1I2;NR3C1;ODC1;PLAU;PPARA;PPARG;PTGS1;PTGS2;RB1;RELA;SLC6A4;STAT1;TNF;TP53;VCAM1,AKT1;CDKN1A;HIF1A;NOS2;NR1I2;PLAU;PTGS1;PTGS2;RELA;SLC6A4;TP53,"Disease targets for Ulcerative Colitis; exact medicinal-material matches from TCMSP, HERB 2.0, and ETCM 2.0; legacy provisional ranking because database screening definitions are heterogeneous and safety/pair evidence are unreviewed placeholders",117,44
乌梅,山药,61,15,64,12,49,3,True,79.3293,4,4,73.0,60.0,False,legacy_placeholder_60_not_reviewed,0.0,False,legacy_placeholder_0_not_reviewed,53.6317,62.6317,legacy_formula_including_unreviewed_placeholders,legacy_provisional_includes_unreviewed_placeholders,,62.6317,499,15,0.802,ABCC2;ABCG2;AHR;AKT1;ALOX5;BAX;BCL2;BIRC5;CASP3;CASP8;CAT;CCL2;CCND1;CD40LG;CDKN1A;CHEK2;CHUK;CXCL10;CXCL8;CYP1A2;CYP3A4;DUOX2;EGFR;ERBB2;GSTM1;GSTP1;HIF1A;HMOX1;ICAM1;IFNG;IGF2;IKBKB;IL10;IL1A;IL1B;IL2;IL6;MAPK1;MMP1;MMP2;MMP3;MMP9;MPO;MTOR;MYC;NFE2L2;NFKBIA;NOS2;NOS3;NR1I2;NR3C1;ODC1;PLAU;PPARA;PPARG;PTGS1;PTGS2;RB1;RELA;SLC6A4;STAT1;TNF;TP53;VCAM1,AKT1;CDKN1A;HIF1A;NOS2;NR1I2;NR3C1;PLAU;PTGS1;PTGS2;RELA;SLC6A4;TP53,"Disease targets for Ulcerative Colitis; exact medicinal-material matches from TCMSP, HERB 2.0, and ETCM 2.0; legacy provisional ranking because database screening definitions are heterogeneous and safety/pair evidence are unreviewed placeholders",118,45
大枣,山药,61,15,64,12,49,3,True,79.3293,4,4,73.0,60.0,False,legacy_placeholder_60_not_reviewed,0.0,False,legacy_placeholder_0_not_reviewed,53.6317,62.6317,legacy_formula_including_unreviewed_placeholders,legacy_provisional_includes_unreviewed_placeholders,,62.6317,496,18,0.7969,ABCC2;ABCG2;AHR;AKT1;ALOX5;BAX;BCL2;BIRC5;CASP3;CASP8;CAT;CCL2;CCND1;CD40LG;CDKN1A;CHEK2;CHUK;CXCL10;CXCL8;CYP1A2;CYP3A4;DUOX2;EGFR;ERBB2;GSTM1;GSTP1;HIF1A;HMOX1;ICAM1;IFNG;IGF2;IL10;IL1A;IL1B;IL2;IL6;KDR;MAPK1;MMP1;MMP2;MMP3;MMP9;MPO;MTOR;MYC;NFE2L2;NFKBIA;NOS2;NOS3;NR1I2;NR3C1;ODC1;PLAU;PPARA;PPARG;PTGS1;PTGS2;RB1;RELA;SLC6A4;STAT1;TNF;TP53;VCAM1,AKT1;CAT;CDKN1A;HIF1A;NOS2;NR1I2;PLAU;PTGS1;PTGS2;RELA;SLC6A4;TP53,"Disease targets for Ulcerative Colitis; exact medicinal-material matches from TCMSP, HERB 2.0, and ETCM 2.0; legacy provisional ranking because database screening definitions are heterogeneous and safety/pair evidence are unreviewed placeholders",119,46
党参,大枣,35,61,66,30,5,31,True,70.1109,4,4,83.0,60.0,False,legacy_placeholder_60_not_reviewed,0.0,False,legacy_placeholder_0_not_reviewed,52.9443,61.9443,legacy_formula_including_unreviewed_placeholders,legacy_provisional_includes_unreviewed_placeholders,,61.9443,515,15,0.8651,ABCG2;AHR;AKT1;ALOX5;BAX;BCL2;BIRC5;CASP3;CASP8;CAT;CCL2;CCND1;CD40LG;CDK4;CDKN1A;CHEK2;CHUK;CXCL10;CXCL8;CYP1A2;CYP3A4;DUOX2;EGFR;ERBB2;GSTM1;GSTP1;HIF1A;HMOX1;ICAM1;IFNG;IGF2;IL10;IL1A;IL1B;IL2;IL4;IL6;KDR;MAPK1;MET;MMP1;MMP2;MMP3;MMP8;MMP9;MPO;MYC;NFE2L2;NFKBIA;NOS2;NOS3;NR1I2;NR3C1;ODC1;PLAU;PPARA;PPARG;PTGS1;PTGS2;RB1;RELA;SLC6A4;STAT1;TNF;TP53;VCAM1,AKT1;BIRC5;CASP3;CCND1;CD40LG;CDKN1A;EGFR;ERBB2;GSTP1;HMOX1;ICAM1;IFNG;IL10;IL2;IL6;MAPK1;MMP1;MMP2;MMP9;NFKBIA;NOS2;PLAU;PPARG;PTGS1;PTGS2;RB1;RELA;SLC6A4;TNF;TP53,"Disease targets for Ulcerative Colitis; exact medicinal-material matches from TCMSP, HERB 2.0, and ETCM 2.0; legacy provisional ranking because database screening definitions are heterogeneous and safety/pair evidence are unreviewed placeholders",120,47
党参,鱼腥草,35,59,65,29,6,30,True,69.7148,4,4,83.0,60.0,False,legacy_placeholder_60_not_reviewed,0.0,False,legacy_placeholder_0_not_reviewed,52.7859,61.7859,legacy_formula_including_unreviewed_placeholders,legacy_provisional_includes_unreviewed_placeholders,,61.7859,516,14,0.8661,ABCG2;AHR;AKT1;ALOX5;BAX;BCL2;BIRC5;CASP3;CASP8;CCL2;CCND1;CD40LG;CDK4;CDKN1A;CHEK2;CHUK;CXCL10;CXCL8;CYP1A2;CYP3A4;DUOX2;EGFR;ERBB2;GSTM1;GSTP1;HIF1A;HMOX1;ICAM1;IFNG;IGF2;IKBKB;IL10;IL1A;IL1B;IL2;IL4;IL6;MAPK1;MET;MMP1;MMP2;MMP3;MMP8;MMP9;MPO;MYC;NFE2L2;NFKBIA;NOS2;NOS3;NR1I2;NR3C1;ODC1;PLAU;PPARA;PPARG;PTGS1;PTGS2;RB1;RELA;SLC6A4;STAT1;TNF;TP53;VCAM1,AKT1;BIRC5;CASP3;CCND1;CD40LG;CDKN1A;EGFR;ERBB2;GSTP1;HMOX1;ICAM1;IFNG;IL10;IL2;IL6;MAPK1;MMP1;MMP2;MMP9;NFKBIA;NOS2;PLAU;PPARG;PTGS1;PTGS2;RB1;RELA;TNF;TP53,"Disease targets for Ulcerative Colitis; exact medicinal-material matches from TCMSP, HERB 2.0, and ETCM 2.0; legacy provisional ranking because database screening definitions are heterogeneous and safety/pair evidence are unreviewed placeholders",121,48
党参,栀子,35,60,65,30,5,30,True,69.0994,4,4,83.0,60.0,False,legacy_placeholder_60_not_reviewed,0.0,False,legacy_placeholder_0_not_reviewed,52.5398,61.5398,legacy_formula_including_unreviewed_placeholders,legacy_provisional_includes_unreviewed_placeholders,,61.5398,516,14,0.8661,ABCG2;AHR;AKT1;ALOX5;BAX;BCL2;BIRC5;CASP3;CASP8;CCL2;CCND1;CD40LG;CDK4;CDKN1A;CHEK2;CHUK;CXCL10;CXCL8;CYP1A2;CYP3A4;DUOX2;EGFR;ERBB2;GSTM1;GSTP1;HIF1A;HMOX1;ICAM1;IFNG;IGF2;IKBKB;IL10;IL1A;IL1B;IL2;IL4;IL6;MAPK1;MET;MMP1;MMP2;MMP3;MMP8;MMP9;MPO;MYC;NFE2L2;NFKBIA;NOS2;NOS3;NR1I2;NR3C1;ODC1;PLAU;PPARA;PPARG;PTGS1;PTGS2;RB1;RELA;SLC6A4;STAT1;TNF;TP53;VCAM1,AKT1;BIRC5;CASP3;CCND1;CD40LG;CDKN1A;EGFR;ERBB2;GSTP1;HMOX1;ICAM1;IFNG;IL10;IL2;IL6;MAPK1;MMP1;MMP2;MMP9;NFKBIA;NOS2;PLAU;PPARG;PTGS1;PTGS2;RB1;RELA;SLC6A4;TNF;TP53,"Disease targets for Ulcerative Colitis; exact medicinal-material matches from TCMSP, HERB 2.0, and ETCM 2.0; legacy provisional ranking because database screening definitions are heterogeneous and safety/pair evidence are unreviewed placeholders",122,49
党参,槐花,35,60,65,30,5,30,True,69.0994,4,4,83.0,60.0,False,legacy_placeholder_60_not_reviewed,0.0,False,legacy_placeholder_0_not_reviewed,52.5398,61.5398,legacy_formula_including_unreviewed_placeholders,legacy_provisional_includes_unreviewed_placeholders,,61.5398,516,14,0.8661,ABCG2;AHR;AKT1;ALOX5;BAX;BCL2;BIRC5;CASP3;CASP8;CCL2;CCND1;CD40LG;CDK4;CDKN1A;CHEK2;CHUK;CXCL10;CXCL8;CYP1A2;CYP3A4;DUOX2;EGFR;ERBB2;GSTM1;GSTP1;HIF1A;HMOX1;ICAM1;IFNG;IGF2;IKBKB;IL10;IL1A;IL1B;IL2;IL4;IL6;MAPK1;MET;MMP1;MMP2;MMP3;MMP8;MMP9;MPO;MYC;NFE2L2;NFKBIA;NOS2;NOS3;NR1I2;NR3C1;ODC1;PLAU;PPARA;PPARG;PTGS1;PTGS2;RB1;RELA;SLC6A4;STAT1;TNF;TP53;VCAM1,AKT1;BIRC5;CASP3;CCND1;CD40LG;CDKN1A;EGFR;ERBB2;GSTP1;HMOX1;ICAM1;IFNG;IL10;IL2;IL6;MAPK1;MMP1;MMP2;MMP9;NFKBIA;NOS2;PLAU;PPARG;PTGS1;PTGS2;RB1;RELA;SLC6A4;TNF;TP53,"Disease targets for Ulcerative Colitis; exact medicinal-material matches from TCMSP, HERB 2.0, and ETCM 2.0; legacy provisional ranking because database screening definitions are heterogeneous and safety/pair evidence are unreviewed placeholders",123,50
党参,黄芪,35,63,66,32,3,31,True,68.8987,4,4,83.0,60.0,False,legacy_placeholder_60_not_reviewed,0.0,False,legacy_placeholder_0_not_reviewed,52.4595,61.4595,legacy_formula_including_unreviewed_placeholders,legacy_provisional_includes_unreviewed_placeholders,,61.4595,527,7,0.8076,ABCG2;AHR;AKT1;ALOX5;BAX;BCL2;BIRC5;CASP3;CASP8;CCL2;CCND1;CD40LG;CDK4;CDKN1A;CHEK2;CHUK;CXCL10;CXCL8;CYP1A2;CYP3A4;DUOX2;EGFR;ERBB2;GSTM1;GSTP1;HIF1A;HMOX1;ICAM1;IFNG;IGF2;IKBKB;IL10;IL1A;IL1B;IL2;IL4;IL6;KDR;MAPK1;MET;MMP1;MMP2;MMP3;MMP8;MMP9;MPO;MYC;NFE2L2;NFKBIA;NOS2;NOS3;NR1I2;NR3C1;ODC1;PLAU;PPARA;PPARG;PTGS1;PTGS2;RB1;RELA;SLC6A4;STAT1;TNF;TP53;VCAM1,AKT1;BIRC5;CASP3;CCND1;CD40LG;CDKN1A;EGFR;ERBB2;GSTP1;HMOX1;ICAM1;IFNG;IL10;IL2;IL4;IL6;MAPK1;MET;MMP1;MMP2;MMP9;NFKBIA;NOS2;PLAU;PPARG;PTGS1;PTGS2;RB1;RELA;SLC6A4;TNF;TP53,"Disease targets for Ulcerative Colitis; exact medicinal-material matches from TCMSP, HERB 2.0, and ETCM 2.0; legacy provisional ranking because database screening definitions are heterogeneous and safety/pair evidence are unreviewed placeholders",124,51
乌梅,党参,61,35,65,31,30,4,True,68.4841,4,4,83.0,60.0,False,legacy_placeholder_60_not_reviewed,0.0,False,legacy_placeholder_0_not_reviewed,52.2936,61.2936,legacy_formula_including_unreviewed_placeholders,legacy_provisional_includes_unreviewed_placeholders,,61.2936,516,11,0.8914,ABCG2;AHR;AKT1;ALOX5;BAX;BCL2;BIRC5;CASP3;CASP8;CCL2;CCND1;CD40LG;CDK4;CDKN1A;CHEK2;CHUK;CXCL10;CXCL8;CYP1A2;CYP3A4;DUOX2;EGFR;ERBB2;GSTM1;GSTP1;HIF1A;HMOX1;ICAM1;IFNG;IGF2;IKBKB;IL10;IL1A;IL1B;IL2;IL4;IL6;MAPK1;MET;MMP1;MMP2;MMP3;MMP8;MMP9;MPO;MYC;NFE2L2;NFKBIA;NOS2;NOS3;NR1I2;NR3C1;ODC1;PLAU;PPARA;PPARG;PTGS1;PTGS2;RB1;RELA;SLC6A4;STAT1;TNF;TP53;VCAM1,AKT1;BIRC5;CASP3;CCND1;CD40LG;CDKN1A;EGFR;ERBB2;GSTP1;HMOX1;ICAM1;IFNG;IL10;IL2;IL6;MAPK1;MMP1;MMP2;MMP9;NFKBIA;NOS2;NR3C1;PLAU;PPARG;PTGS1;PTGS2;RB1;RELA;SLC6A4;TNF;TP53,"Disease targets for Ulcerative Colitis; exact medicinal-material matches from TCMSP, HERB 2.0, and ETCM 2.0; legacy provisional ranking because database screening definitions are heterogeneous and safety/pair evidence are unreviewed placeholders",125,52
党参,石榴皮,35,64,66,33,2,31,True,68.2927,4,4,83.0,60.0,False,legacy_placeholder_60_not_reviewed,0.0,False,legacy_placeholder_0_not_reviewed,52.2171,61.2171,legacy_formula_including_unreviewed_placeholders,legacy_provisional_includes_unreviewed_placeholders,,61.2171,516,5,0.7744,ABCG2;AHR;AKT1;ALOX5;BAX;BCL2;BIRC5;CASP3;CASP8;CAT;CCL2;CCND1;CD40LG;CDK4;CDKN1A;CHEK2;CHUK;CXCL10;CXCL8;CYP1A2;CYP3A4;DUOX2;EGFR;ERBB2;GSTM1;GSTP1;HIF1A;HMOX1;ICAM1;IFNG;IGF2;IKBKB;IL10;IL1A;IL1B;IL2;IL4;IL6;MAPK1;MET;MMP1;MMP2;MMP3;MMP8;MMP9;MPO;MYC;NFE2L2;NFKBIA;NOS2;NOS3;NR1I2;NR3C1;ODC1;PLAU;PPARA;PPARG;PTGS1;PTGS2;RB1;RELA;SLC6A4;STAT1;TNF;TP53;VCAM1,AKT1;BIRC5;CASP3;CCND1;CD40LG;CDK4;CDKN1A;EGFR;ERBB2;GSTP1;HMOX1;ICAM1;IFNG;IL10;IL2;IL4;IL6;MAPK1;MET;MMP1;MMP2;MMP9;NFKBIA;NOS2;PLAU;PPARG;PTGS1;PTGS2;RB1;RELA;SLC6A4;TNF;TP53,"Disease targets for Ulcerative Colitis; exact medicinal-material matches from TCMSP, HERB 2.0, and ETCM 2.0; legacy provisional ranking because database screening definitions are heterogeneous and safety/pair evidence are unreviewed placeholders",126,53
党参,马齿苋,35,63,65,33,2,30,True,67.2533,4,4,83.0,60.0,False,legacy_placeholder_60_not_reviewed,0.0,False,legacy_placeholder_0_not_reviewed,51.8013,60.8013,legacy_formula_including_unreviewed_placeholders,legacy_provisional_includes_unreviewed_placeholders,,60.8013,516,5,0.7744,ABCG2;AHR;AKT1;ALOX5;BAX;BCL2;BIRC5;CASP3;CASP8;CCL2;CCND1;CD40LG;CDK4;CDKN1A;CHEK2;CHUK;CXCL10;CXCL8;CYP1A2;CYP3A4;DUOX2;EGFR;ERBB2;GSTM1;GSTP1;HIF1A;HMOX1;ICAM1;IFNG;IGF2;IKBKB;IL10;IL1A;IL1B;IL2;IL4;IL6;MAPK1;MET;MMP1;MMP2;MMP3;MMP8;MMP9;MPO;MYC;NFE2L2;NFKBIA;NOS2;NOS3;NR1I2;NR3C1;ODC1;PLAU;PPARA;PPARG;PTGS1;PTGS2;RB1;RELA;SLC6A4;STAT1;TNF;TP53;VCAM1,AKT1;BIRC5;CASP3;CCND1;CD40LG;CDK4;CDKN1A;EGFR;ERBB2;GSTP1;HMOX1;ICAM1;IFNG;IL10;IL2;IL4;IL6;MAPK1;MET;MMP1;MMP2;MMP9;NFKBIA;NOS2;PLAU;PPARG;PTGS1;PTGS2;RB1;RELA;SLC6A4;TNF;TP53,"Disease targets for Ulcerative Colitis; exact medicinal-material matches from TCMSP, HERB 2.0, and ETCM 2.0; legacy provisional ranking because database screening definitions are heterogeneous and safety/pair evidence are unreviewed placeholders",127,54
甘草,黄芩,67,27,68,26,41,1,True,74.462,4,4,73.0,60.0,False,legacy_placeholder_60_not_reviewed,0.0,False,legacy_placeholder_0_not_reviewed,51.6848,60.6848,legacy_formula_including_unreviewed_placeholders,legacy_provisional_includes_unreviewed_placeholders,,60.6848,587,7,0.8517,ABCG2;ADIPOQ;AHR;AKT1;ALOX5;BAX;BCL2;BIRC5;CASP3;CASP8;CAT;CCL2;CCND1;CD40LG;CDK4;CDKN1A;CHEK2;CHUK;CXCL10;CXCL8;CYP1A2;CYP3A4;DUOX2;EGFR;ERBB2;FASLG;GSTM1;GSTP1;HIF1A;HMOX1;ICAM1;IFNG;IGF2;IKBKB;IL10;IL1A;IL1B;IL2;IL4;IL6;KDR;MAPK1;MAPK3;MMP1;MMP2;MMP3;MMP9;MPO;MYC;NFE2L2;NFKBIA;NOS2;NOS3;NR1I2;ODC1;PLAU;PPARA;PPARG;PTGS1;PTGS2;RB1;RELA;SLC6A4;STAT1;STAT3;TNF;TP53;VCAM1,AHR;AKT1;BAX;BCL2;CASP3;CASP8;CCL2;CCND1;CDKN1A;CXCL8;CYP1A2;HIF1A;IGF2;IL6;KDR;MMP1;MMP9;MPO;NOS2;PLAU;PTGS1;PTGS2;RELA;SLC6A4;TNF;TP53,"Disease targets for Ulcerative Colitis; exact medicinal-material matches from TCMSP, HERB 2.0, and ETCM 2.0; legacy provisional ranking because database screening definitions are heterogeneous and safety/pair evidence are unreviewed placeholders",128,55
山药,蒲公英,15,37,45,7,8,30,True,66.7046,4,4,83.0,60.0,False,legacy_placeholder_60_not_reviewed,0.0,False,legacy_placeholder_0_not_reviewed,51.5818,60.5818,legacy_formula_including_unreviewed_placeholders,legacy_provisional_includes_unreviewed_placeholders,,60.5818,286,57,0.8401,ABCC2;AKT1;ALB;BAX;BCL2;CASP1;CASP3;CASP8;CAT;CCL2;CDKN1A;CHRNA7;GLS;HIF1A;HNF4A;IL13;IL1B;IL4;IL5;IL6;JUN;MAPK1;MAPK3;MMP1;MTOR;MYC;NFKB1;NFKBIA;NOS2;NR1I2;NR3C1;ODC1;PLAU;PPARG;PTGS1;PTGS2;RELA;RORC;SIRT1;SLC6A4;TCF7L2;TGFB1;TNF;TP53;XIST,NOS2;NR3C1;PTGS1;PTGS2;RELA;SLC6A4;TP53,"Disease targets for Ulcerative Colitis; exact medicinal-material matches from TCMSP, HERB 2.0, and ETCM 2.0; legacy provisional ranking because database screening definitions are heterogeneous and safety/pair evidence are unreviewed placeholders",129,56
石榴皮,黄芩,64,27,66,25,39,2,True,73.1412,4,4,73.0,60.0,False,legacy_placeholder_60_not_reviewed,0.0,False,legacy_placeholder_0_not_reviewed,51.1565,60.1565,legacy_formula_including_unreviewed_placeholders,legacy_provisional_includes_unreviewed_placeholders,,60.1565,529,10,0.8164,ABCG2;AHR;AKT1;ALOX5;BAX;BCL2;BIRC5;CASP3;CASP8;CAT;CCL2;CCND1;CD40LG;CDK4;CDKN1A;CHEK2;CHUK;CXCL10;CXCL8;CYP1A2;CYP3A4;DUOX2;EGFR;ERBB2;FASLG;GSTM1;GSTP1;HIF1A;HMOX1;ICAM1;IFNG;IGF2;IKBKB;IL10;IL1A;IL1B;IL2;IL4;IL6;KDR;MAPK1;MET;MMP1;MMP2;MMP3;MMP9;MPO;MYC;NFE2L2;NFKBIA;NOS2;NOS3;NR1I2;ODC1;PLAU;PPARA;PPARG;PTGS1;PTGS2;RB1;RELA;SLC6A4;STAT1;TNF;TP53;VCAM1,AHR;AKT1;BAX;BCL2;CASP3;CASP8;CCL2;CCND1;CDKN1A;CXCL8;CYP1A2;HIF1A;IGF2;IL6;MMP1;MMP9;MPO;NOS2;PLAU;PTGS1;PTGS2;RELA;SLC6A4;TNF;TP53,"Disease targets for Ulcerative Colitis; exact medicinal-material matches from TCMSP, HERB 2.0, and ETCM 2.0; legacy provisional ranking because database screening definitions are heterogeneous and safety/pair evidence are unreviewed placeholders",130,57
蒲公英,黄芩,37,27,50,14,23,13,True,65.3854,4,4,83.0,60.0,False,legacy_placeholder_60_not_reviewed,0.0,False,legacy_placeholder_0_not_reviewed,51.0541,60.0541,legacy_formula_including_unreviewed_placeholders,legacy_provisional_includes_unreviewed_placeholders,,60.0541,358,67,0.8394,AHR;AKT1;ALB;BAX;BCL2;CASP1;CASP3;CASP8;CCL2;CCND1;CDKN1A;CHRNA7;CXCL8;CYP1A2;FASLG;GLS;HIF1A;HNF4A;IGF2;IL13;IL1B;IL4;IL5;IL6;JUN;KDR;MAPK1;MAPK3;MMP1;MMP9;MPO;MYC;NFKB1;NFKBIA;NOS2;NR3C1;ODC1;PLAU;PPARG;PTGS1;PTGS2;RELA;RORC;SIRT1;SLC6A4;TCF7L2;TGFB1;TNF;TP53;XIST,BAX;BCL2;CASP3;CASP8;CCL2;IL6;MMP1;NOS2;PTGS1;PTGS2;RELA;SLC6A4;TNF;TP53,"Disease targets for Ulcerative Colitis; exact medicinal-material matches from TCMSP, HERB 2.0, and ETCM 2.0; legacy provisional ranking because database screening definitions are heterogeneous and safety/pair evidence are unreviewed placeholders",131,58
马齿苋,黄芩,63,27,65,25,38,2,True,72.1764,4,4,73.0,60.0,False,legacy_placeholder_60_not_reviewed,0.0,False,legacy_placeholder_0_not_reviewed,50.7705,59.7705,legacy_formula_including_unreviewed_placeholders,legacy_provisional_includes_unreviewed_placeholders,,59.7705,529,10,0.8164,ABCG2;AHR;AKT1;ALOX5;BAX;BCL2;BIRC5;CASP3;CASP8;CCL2;CCND1;CD40LG;CDK4;CDKN1A;CHEK2;CHUK;CXCL10;CXCL8;CYP1A2;CYP3A4;DUOX2;EGFR;ERBB2;FASLG;GSTM1;GSTP1;HIF1A;HMOX1;ICAM1;IFNG;IGF2;IKBKB;IL10;IL1A;IL1B;IL2;IL4;IL6;KDR;MAPK1;MET;MMP1;MMP2;MMP3;MMP9;MPO;MYC;NFE2L2;NFKBIA;NOS2;NOS3;NR1I2;ODC1;PLAU;PPARA;PPARG;PTGS1;PTGS2;RB1;RELA;SLC6A4;STAT1;TNF;TP53;VCAM1,AHR;AKT1;BAX;BCL2;CASP3;CASP8;CCL2;CCND1;CDKN1A;CXCL8;CYP1A2;HIF1A;IGF2;IL6;MMP1;MMP9;MPO;NOS2;PLAU;PTGS1;PTGS2;RELA;SLC6A4;TNF;TP53,"Disease targets for Ulcerative Colitis; exact medicinal-material matches from TCMSP, HERB 2.0, and ETCM 2.0; legacy provisional ranking because database screening definitions are heterogeneous and safety/pair evidence are unreviewed placeholders",132,59
黄芩,黄芪,27,63,64,26,1,37,True,70.5793,4,4,73.0,60.0,False,legacy_placeholder_60_not_reviewed,0.0,False,legacy_placeholder_0_not_reviewed,50.1317,59.1317,legacy_formula_including_unreviewed_placeholders,legacy_provisional_includes_unreviewed_placeholders,,59.1317,521,6,0.8448,ABCG2;AHR;AKT1;ALOX5;BAX;BCL2;BIRC5;CASP3;CASP8;CCL2;CCND1;CD40LG;CDKN1A;CHEK2;CHUK;CXCL10;CXCL8;CYP1A2;CYP3A4;DUOX2;EGFR;ERBB2;FASLG;GSTM1;GSTP1;HIF1A;HMOX1;ICAM1;IFNG;IGF2;IKBKB;IL10;IL1A;IL1B;IL2;IL4;IL6;KDR;MAPK1;MET;MMP1;MMP2;MMP3;MMP9;MPO;MYC;NFE2L2;NFKBIA;NOS2;NOS3;NR1I2;ODC1;PLAU;PPARA;PPARG;PTGS1;PTGS2;RB1;RELA;SLC6A4;STAT1;TNF;TP53;VCAM1,AHR;AKT1;BAX;BCL2;CASP3;CASP8;CCL2;CCND1;CDKN1A;CXCL8;CYP1A2;HIF1A;IGF2;IL6;KDR;MMP1;MMP9;MPO;NOS2;PLAU;PTGS1;PTGS2;RELA;SLC6A4;TNF;TP53,"Disease targets for Ulcerative Colitis; exact medicinal-material matches from TCMSP, HERB 2.0, and ETCM 2.0; legacy provisional ranking because database screening definitions are heterogeneous and safety/pair evidence are unreviewed placeholders",133,60
乌梅,黄芩,61,27,63,25,36,2,True,70.2245,4,4,73.0,60.0,False,legacy_placeholder_60_not_reviewed,0.0,False,legacy_placeholder_0_not_reviewed,49.9898,58.9898,legacy_formula_including_unreviewed_placeholders,legacy_provisional_includes_unreviewed_placeholders,,58.9898,502,9,0.8126,ABCG2;AHR;AKT1;ALOX5;BAX;BCL2;BIRC5;CASP3;CASP8;CCL2;CCND1;CD40LG;CDKN1A;CHEK2;CHUK;CXCL10;CXCL8;CYP1A2;CYP3A4;DUOX2;EGFR;ERBB2;FASLG;GSTM1;GSTP1;HIF1A;HMOX1;ICAM1;IFNG;IGF2;IKBKB;IL10;IL1A;IL1B;IL2;IL6;KDR;MAPK1;MMP1;MMP2;MMP3;MMP9;MPO;MYC;NFE2L2;NFKBIA;NOS2;NOS3;NR1I2;NR3C1;ODC1;PLAU;PPARA;PPARG;PTGS1;PTGS2;RB1;RELA;SLC6A4;STAT1;TNF;TP53;VCAM1,AHR;AKT1;BAX;BCL2;CASP3;CASP8;CCL2;CCND1;CDKN1A;CXCL8;CYP1A2;HIF1A;IGF2;IL6;MMP1;MMP9;MPO;NOS2;PLAU;PTGS1;PTGS2;RELA;SLC6A4;TNF;TP53,"Disease targets for Ulcerative Colitis; exact medicinal-material matches from TCMSP, HERB 2.0, and ETCM 2.0; legacy provisional ranking because database screening definitions are heterogeneous and safety/pair evidence are unreviewed placeholders",134,61
鱼腥草,黄芩,59,27,62,24,35,3,True,69.882,4,4,73.0,60.0,False,legacy_placeholder_60_not_reviewed,0.0,False,legacy_placeholder_0_not_reviewed,49.8528,58.8528,legacy_formula_including_unreviewed_placeholders,legacy_provisional_includes_unreviewed_placeholders,,58.8528,494,9,0.8126,ABCG2;AHR;AKT1;ALOX5;BAX;BCL2;BIRC5;CASP3;CASP8;CCL2;CCND1;CD40LG;CDKN1A;CHEK2;CHUK;CXCL10;CXCL8;CYP1A2;CYP3A4;DUOX2;EGFR;ERBB2;FASLG;GSTM1;GSTP1;HIF1A;HMOX1;ICAM1;IFNG;IGF2;IKBKB;IL10;IL1A;IL1B;IL2;IL6;KDR;MAPK1;MMP1;MMP2;MMP3;MMP9;MPO;MYC;NFE2L2;NFKBIA;NOS2;NOS3;NR1I2;ODC1;PLAU;PPARA;PPARG;PTGS1;PTGS2;RB1;RELA;SLC6A4;STAT1;TNF;TP53;VCAM1,AHR;AKT1;BAX;BCL2;CASP3;CASP8;CCL2;CCND1;CDKN1A;CXCL8;CYP1A2;HIF1A;IGF2;IL6;MMP1;MMP9;MPO;NOS2;PLAU;PTGS1;PTGS2;RELA;TNF;TP53,"Disease targets for Ulcerative Colitis; exact medicinal-material matches from TCMSP, HERB 2.0, and ETCM 2.0; legacy provisional ranking because database screening definitions are heterogeneous and safety/pair evidence are unreviewed placeholders",135,62
党参,蒲公英,35,37,57,15,20,22,True,71.181,3,3,71.0,60.0,False,legacy_placeholder_60_not_reviewed,0.0,False,legacy_placeholder_0_not_reviewed,49.7724,58.7724,legacy_formula_including_unreviewed_placeholders,legacy_provisional_includes_unreviewed_placeholders,,58.7724,482,116,0.8296,AKT1;ALB;BAX;BCL2;BIRC5;CASP1;CASP3;CASP8;CCL2;CCND1;CD40LG;CDK4;CDKN1A;CHRNA7;EGFR;ERBB2;GLS;GSTP1;HMOX1;HNF4A;ICAM1;IFNG;IL10;IL13;IL1B;IL2;IL4;IL5;IL6;JUN;MAPK1;MAPK3;MET;MMP1;MMP2;MMP8;MMP9;MYC;NFKB1;NFKBIA;NOS2;NR3C1;ODC1;PLAU;PPARG;PTGS1;PTGS2;RB1;RELA;RORC;SIRT1;SLC6A4;TCF7L2;TGFB1;TNF;TP53;XIST,CASP3;IL4;IL6;MAPK1;MMP1;NFKBIA;NOS2;NR3C1;PPARG;PTGS1;PTGS2;RELA;SLC6A4;TNF;TP53,"Disease targets for Ulcerative Colitis; exact medicinal-material matches from TCMSP, HERB 2.0, and ETCM 2.0; legacy provisional ranking because database screening definitions are heterogeneous and safety/pair evidence are unreviewed placeholders",136,63
栀子,黄芩,60,27,62,25,35,2,True,69.2368,4,4,73.0,60.0,False,legacy_placeholder_60_not_reviewed,0.0,False,legacy_placeholder_0_not_reviewed,49.5947,58.5947,legacy_formula_including_unreviewed_placeholders,legacy_provisional_includes_unreviewed_placeholders,,58.5947,494,9,0.8126,ABCG2;AHR;AKT1;ALOX5;BAX;BCL2;BIRC5;CASP3;CASP8;CCL2;CCND1;CD40LG;CDKN1A;CHEK2;CHUK;CXCL10;CXCL8;CYP1A2;CYP3A4;DUOX2;EGFR;ERBB2;FASLG;GSTM1;GSTP1;HIF1A;HMOX1;ICAM1;IFNG;IGF2;IKBKB;IL10;IL1A;IL1B;IL2;IL6;KDR;MAPK1;MMP1;MMP2;MMP3;MMP9;MPO;MYC;NFE2L2;NFKBIA;NOS2;NOS3;NR1I2;ODC1;PLAU;PPARA;PPARG;PTGS1;PTGS2;RB1;RELA;SLC6A4;STAT1;TNF;TP53;VCAM1,AHR;AKT1;BAX;BCL2;CASP3;CASP8;CCL2;CCND1;CDKN1A;CXCL8;CYP1A2;HIF1A;IGF2;IL6;MMP1;MMP9;MPO;NOS2;PLAU;PTGS1;PTGS2;RELA;SLC6A4;TNF;TP53,"Disease targets for Ulcerative Colitis; exact medicinal-material matches from TCMSP, HERB 2.0, and ETCM 2.0; legacy provisional ranking because database screening definitions are heterogeneous and safety/pair evidence are unreviewed placeholders",137,64
槐花,黄芩,60,27,62,25,35,2,True,69.2368,4,4,73.0,60.0,False,legacy_placeholder_60_not_reviewed,0.0,False,legacy_placeholder_0_not_reviewed,49.5947,58.5947,legacy_formula_including_unreviewed_placeholders,legacy_provisional_includes_unreviewed_placeholders,,58.5947,494,9,0.8126,ABCG2;AHR;AKT1;ALOX5;BAX;BCL2;BIRC5;CASP3;CASP8;CCL2;CCND1;CD40LG;CDKN1A;CHEK2;CHUK;CXCL10;CXCL8;CYP1A2;CYP3A4;DUOX2;EGFR;ERBB2;FASLG;GSTM1;GSTP1;HIF1A;HMOX1;ICAM1;IFNG;IGF2;IKBKB;IL10;IL1A;IL1B;IL2;IL6;KDR;MAPK1;MMP1;MMP2;MMP3;MMP9;MPO;MYC;NFE2L2;NFKBIA;NOS2;NOS3;NR1I2;ODC1;PLAU;PPARA;PPARG;PTGS1;PTGS2;RB1;RELA;SLC6A4;STAT1;TNF;TP53;VCAM1,AHR;AKT1;BAX;BCL2;CASP3;CASP8;CCL2;CCND1;CDKN1A;CXCL8;CYP1A2;HIF1A;IGF2;IL6;MMP1;MMP9;MPO;NOS2;PLAU;PTGS1;PTGS2;RELA;SLC6A4;TNF;TP53,"Disease targets for Ulcerative Colitis; exact medicinal-material matches from TCMSP, HERB 2.0, and ETCM 2.0; legacy provisional ranking because database screening definitions are heterogeneous and safety/pair evidence are unreviewed placeholders",138,65
大枣,黄芩,61,27,62,26,35,1,True,68.5917,4,4,73.0,60.0,False,legacy_placeholder_60_not_reviewed,0.0,False,legacy_placeholder_0_not_reviewed,49.3367,58.3367,legacy_formula_including_unreviewed_placeholders,legacy_provisional_includes_unreviewed_placeholders,,58.3367,482,6,0.8448,ABCG2;AHR;AKT1;ALOX5;BAX;BCL2;BIRC5;CASP3;CASP8;CAT;CCL2;CCND1;CD40LG;CDKN1A;CHEK2;CHUK;CXCL10;CXCL8;CYP1A2;CYP3A4;DUOX2;EGFR;ERBB2;FASLG;GSTM1;GSTP1;HIF1A;HMOX1;ICAM1;IFNG;IGF2;IL10;IL1A;IL1B;IL2;IL6;KDR;MAPK1;MMP1;MMP2;MMP3;MMP9;MPO;MYC;NFE2L2;NFKBIA;NOS2;NOS3;NR1I2;ODC1;PLAU;PPARA;PPARG;PTGS1;PTGS2;RB1;RELA;SLC6A4;STAT1;TNF;TP53;VCAM1,AHR;AKT1;BAX;BCL2;CASP3;CASP8;CCL2;CCND1;CDKN1A;CXCL8;CYP1A2;HIF1A;IGF2;IL6;KDR;MMP1;MMP9;MPO;NOS2;PLAU;PTGS1;PTGS2;RELA;SLC6A4;TNF;TP53,"Disease targets for Ulcerative Colitis; exact medicinal-material matches from TCMSP, HERB 2.0, and ETCM 2.0; legacy provisional ranking because database screening definitions are heterogeneous and safety/pair evidence are unreviewed placeholders",139,66
莲子,陈皮,20,18,36,2,18,16,True,64.1192,3,4,76.0,60.0,False,legacy_placeholder_60_not_reviewed,0.0,False,legacy_placeholder_0_not_reviewed,48.4477,57.4477,legacy_formula_including_unreviewed_placeholders,legacy_provisional_includes_unreviewed_placeholders,,57.4477,107,34,0.8879,ABCG2;ADIPOQ;AHR;AKT1;ALOX5;APEX1;BAX;BCL2;CASP3;CAT;CHRNA7;CYP2C9;CYP3A4;EGFR;GPR35;GSTP1;HIF1A;KDR;MAPK1;MAPK3;MET;MMP9;MPO;NOD2;NOS2;PLAU;PPARA;PPARG;PTGS1;PTGS2;RELA;SIRT1;SLC6A4;TIMP1;TP53;VEGFA,CASP3;MMP9,"Disease targets for Ulcerative Colitis; exact medicinal-material matches from TCMSP, HERB 2.0, and ETCM 2.0; legacy provisional ranking because database screening definitions are heterogeneous and safety/pair evidence are unreviewed placeholders",140,67
姜黄,蒲公英,3,37,38,2,1,35,True,65.6996,3,3,71.0,60.0,False,legacy_placeholder_60_not_reviewed,0.0,False,legacy_placeholder_0_not_reviewed,47.5798,56.5798,legacy_formula_including_unreviewed_placeholders,legacy_provisional_includes_unreviewed_placeholders,,56.5798,218,6,0.7578,ALB;BAX;BCL2;CASP1;CASP3;CASP8;CCL2;CHRNA7;GLS;HNF4A;IL13;IL1B;IL4;IL5;IL6;JUN;MAPK1;MAPK3;MMP1;MYC;NFKB1;NFKBIA;NOS2;NR3C1;ODC1;PLAU;PPARG;PTGS1;PTGS2;RELA;RORC;SIRT1;SLC6A4;TCF7L2;TGFB1;TNF;TP53;XIST,PTGS1;PTGS2,"Disease targets for Ulcerative Colitis; exact medicinal-material matches from TCMSP, HERB 2.0, and ETCM 2.0; legacy provisional ranking because database screening definitions are heterogeneous and safety/pair evidence are unreviewed placeholders",141,68
蒲公英,薏苡仁,37,3,38,2,35,1,True,65.6996,3,3,71.0,60.0,False,legacy_placeholder_60_not_reviewed,0.0,False,legacy_placeholder_0_not_reviewed,47.5798,56.5798,legacy_formula_including_unreviewed_placeholders,legacy_provisional_includes_unreviewed_placeholders,,56.5798,218,6,0.7578,ALB;BAX;BCL2;CASP1;CASP3;CASP8;CCL2;CHRNA7;GLS;HNF4A;IL13;IL1B;IL4;IL5;IL6;JUN;MAPK1;MAPK3;MMP1;MYC;NFKB1;NFKBIA;NOS2;NR3C1;ODC1;PLAU;PPARG;PTGS1;PTGS2;RELA;RORC;SIRT1;SLC6A4;TCF7L2;TGFB1;TNF;TP53;XIST,PTGS1;PTGS2,"Disease targets for Ulcerative Colitis; exact medicinal-material matches from TCMSP, HERB 2.0, and ETCM 2.0; legacy provisional ranking because database screening definitions are heterogeneous and safety/pair evidence are unreviewed placeholders",142,69
生姜,蒲公英,8,37,38,7,1,30,True,60.4365,3,3,71.0,60.0,False,legacy_placeholder_60_not_reviewed,0.0,False,legacy_placeholder_0_not_reviewed,45.4746,54.4746,legacy_formula_including_unreviewed_placeholders,legacy_provisional_includes_unreviewed_placeholders,,54.4746,218,6,0.7578,ALB;BAX;BCL2;CASP1;CASP3;CASP8;CCL2;CHRNA7;GLS;HNF4A;IL13;IL1B;IL4;IL5;IL6;JUN;MAPK1;MAPK3;MMP1;MYC;NFKB1;NFKBIA;NOS2;NR3C1;ODC1;PLAU;PPARG;PTGS1;PTGS2;RELA;RORC;SIRT1;SLC6A4;TCF7L2;TGFB1;TNF;TP53;XIST,BAX;BCL2;CASP3;CASP8;PTGS1;PTGS2;SLC6A4,"Disease targets for Ulcerative Colitis; exact medicinal-material matches from TCMSP, HERB 2.0, and ETCM 2.0; legacy provisional ranking because database screening definitions are heterogeneous and safety/pair evidence are unreviewed placeholders",143,70
砂仁,蒲公英,8,37,38,7,1,30,True,60.4365,3,3,71.0,60.0,False,legacy_placeholder_60_not_reviewed,0.0,False,legacy_placeholder_0_not_reviewed,45.4746,54.4746,legacy_formula_including_unreviewed_placeholders,legacy_provisional_includes_unreviewed_placeholders,,54.4746,218,6,0.7578,ALB;BAX;BCL2;CASP1;CASP3;CASP8;CCL2;CHRNA7;GLS;HNF4A;IL13;IL1B;IL4;IL5;IL6;JUN;MAPK1;MAPK3;MMP1;MYC;NFKB1;NFKBIA;NOS2;NR3C1;ODC1;PLAU;PPARG;PTGS1;PTGS2;RELA;RORC;SIRT1;SLC6A4;TCF7L2;TGFB1;TNF;TP53;XIST,BAX;BCL2;CASP3;CASP8;PTGS1;PTGS2;SLC6A4,"Disease targets for Ulcerative Colitis; exact medicinal-material matches from TCMSP, HERB 2.0, and ETCM 2.0; legacy provisional ranking because database screening definitions are heterogeneous and safety/pair evidence are unreviewed placeholders",144,71
陈皮,黄芩,18,27,35,10,8,17,True,54.1812,3,4,76.0,60.0,False,legacy_placeholder_60_not_reviewed,0.0,False,legacy_placeholder_0_not_reviewed,44.4725,53.4725,legacy_formula_including_unreviewed_placeholders,legacy_provisional_includes_unreviewed_placeholders,,53.4725,176,28,0.8319,ADIPOQ;AHR;AKT1;BAX;BCL2;CASP3;CASP8;CAT;CCL2;CCND1;CDKN1A;CXCL8;CYP1A2;FASLG;GSTP1;HIF1A;IGF2;IL6;KDR;MAPK1;MAPK3;MMP1;MMP9;MPO;NOS2;PLAU;PPARA;PPARG;PTGS1;PTGS2;RELA;SLC6A4;TIMP1;TNF;TP53,AKT1;BAX;BCL2;CASP3;MMP9;NOS2;PTGS1;PTGS2;RELA;TP53,"Disease targets for Ulcerative Colitis; exact medicinal-material matches from TCMSP, HERB 2.0, and ETCM 2.0; legacy provisional ranking because database screening definitions are heterogeneous and safety/pair evidence are unreviewed placeholders",145,72
党参,莲子,35,20,49,6,29,14,True,70.9557,2,3,52.3333,60.0,False,legacy_placeholder_60_not_reviewed,0.0,False,legacy_placeholder_0_not_reviewed,44.0823,53.0823,legacy_formula_including_unreviewed_placeholders,legacy_provisional_includes_unreviewed_placeholders,,53.0823,262,46,0.8358,ABCG2;AHR;AKT1;ALOX5;APEX1;BIRC5;CASP3;CCND1;CD40LG;CDK4;CDKN1A;CHRNA7;CYP2C9;CYP3A4;EGFR;ERBB2;GPR35;GSTP1;HIF1A;HMOX1;ICAM1;IFNG;IL10;IL2;IL4;IL6;KDR;MAPK1;MET;MMP1;MMP2;MMP8;MMP9;MPO;NFKBIA;NOD2;NOS2;NR3C1;PLAU;PPARG;PTGS1;PTGS2;RB1;RELA;SIRT1;SLC6A4;TNF;TP53;VEGFA,CASP3;EGFR;MET;MMP9;PLAU;SLC6A4,"Disease targets for Ulcerative Colitis; exact medicinal-material matches from TCMSP, HERB 2.0, and ETCM 2.0; legacy provisional ranking because database screening definitions are heterogeneous and safety/pair evidence are unreviewed placeholders",146,73
白扁豆,蒲公英,11,37,42,6,5,31,True,65.0174,2,2,54.0,60.0,False,legacy_placeholder_60_not_reviewed,0.0,False,legacy_placeholder_0_not_reviewed,42.207,51.207,legacy_formula_including_unreviewed_placeholders,legacy_provisional_includes_unreviewed_placeholders,,51.207,261,34,0.8328,AKT1;ALB;BAX;BCL2;CASP1;CASP3;CASP8;CCL2;CHRNA7;CYP1A2;CYP3A4;GLS;HMOX1;HNF4A;IL13;IL1B;IL4;IL5;IL6;JUN;MAPK1;MAPK3;MMP1;MMP2;MYC;NFKB1;NFKBIA;NOS2;NR3C1;ODC1;PPARG;PTGS1;PTGS2;RELA;RORC;SIRT1;SLC6A4;TCF7L2;TGFB1;TNF;TP53;XIST,BCL2;CASP3;CASP8;MMP1;MYC;PTGS2,"Disease targets for Ulcerative Colitis; exact medicinal-material matches from TCMSP, HERB 2.0, and ETCM 2.0; legacy provisional ranking because database screening definitions are heterogeneous and safety/pair evidence are unreviewed placeholders",147,74
芡实,蒲公英,11,37,42,6,5,31,True,65.0174,2,2,54.0,60.0,False,legacy_placeholder_60_not_reviewed,0.0,False,legacy_placeholder_0_not_reviewed,42.207,51.207,legacy_formula_including_unreviewed_placeholders,legacy_provisional_includes_unreviewed_placeholders,,51.207,261,34,0.8328,AKT1;ALB;BAX;BCL2;CASP1;CASP3;CASP8;CCL2;CHRNA7;CYP1A2;CYP3A4;GLS;HMOX1;HNF4A;IL13;IL1B;IL4;IL5;IL6;JUN;MAPK1;MAPK3;MMP1;MMP2;MYC;NFKB1;NFKBIA;NOS2;NR3C1;ODC1;PPARG;PTGS1;PTGS2;RELA;RORC;SIRT1;SLC6A4;TCF7L2;TGFB1;TNF;TP53;XIST,BCL2;CASP3;CASP8;MMP1;MYC;PTGS2,"Disease targets for Ulcerative Colitis; exact medicinal-material matches from TCMSP, HERB 2.0, and ETCM 2.0; legacy provisional ranking because database screening definitions are heterogeneous and safety/pair evidence are unreviewed placeholders",148,75
乌梅,甘草,61,67,68,60,1,7,True,54.462,4,4,68.0,60.0,False,legacy_placeholder_60_not_reviewed,0.0,False,legacy_placeholder_0_not_reviewed,42.1848,51.1848,legacy_formula_including_unreviewed_placeholders,legacy_provisional_includes_unreviewed_placeholders,,51.1848,583,1,0.981,ABCG2;ADIPOQ;AHR;AKT1;ALOX5;BAX;BCL2;BIRC5;CASP3;CASP8;CAT;CCL2;CCND1;CD40LG;CDK4;CDKN1A;CHEK2;CHUK;CXCL10;CXCL8;CYP1A2;CYP3A4;DUOX2;EGFR;ERBB2;GSTM1;GSTP1;HIF1A;HMOX1;ICAM1;IFNG;IGF2;IKBKB;IL10;IL1A;IL1B;IL2;IL4;IL6;KDR;MAPK1;MAPK3;MMP1;MMP2;MMP3;MMP9;MPO;MYC;NFE2L2;NFKBIA;NOS2;NOS3;NR1I2;NR3C1;ODC1;PLAU;PPARA;PPARG;PTGS1;PTGS2;RB1;RELA;SLC6A4;STAT1;STAT3;TNF;TP53;VCAM1,ABCG2;AHR;AKT1;ALOX5;BAX;BCL2;BIRC5;CASP3;CASP8;CCL2;CCND1;CD40LG;CDKN1A;CHEK2;CHUK;CXCL10;CXCL8;CYP1A2;CYP3A4;DUOX2;EGFR;ERBB2;GSTM1;GSTP1;HIF1A;HMOX1;ICAM1;IFNG;IGF2;IKBKB;IL10;IL1A;IL1B;IL2;IL6;MAPK1;MMP1;MMP2;MMP3;MMP9;MPO;MYC;NFE2L2;NFKBIA;NOS2;NOS3;NR1I2;ODC1;PLAU;PPARA;PPARG;PTGS1;PTGS2;RB1;RELA;SLC6A4;STAT1;TNF;TP53;VCAM1,"Disease targets for Ulcerative Colitis; exact medicinal-material matches from TCMSP, HERB 2.0, and ETCM 2.0; legacy provisional ranking because database screening definitions are heterogeneous and safety/pair evidence are unreviewed placeholders",149,76
山药,陈皮,15,18,26,7,8,11,True,48.2552,3,4,76.0,60.0,False,legacy_placeholder_60_not_reviewed,0.0,False,legacy_placeholder_0_not_reviewed,42.1021,51.1021,legacy_formula_including_unreviewed_placeholders,legacy_provisional_includes_unreviewed_placeholders,,51.1021,82,16,0.8441,ABCC2;ADIPOQ;AKT1;BAX;BCL2;CASP3;CAT;CDKN1A;GSTP1;HIF1A;MAPK1;MAPK3;MMP9;MTOR;NOS2;NR1I2;NR3C1;PLAU;PPARA;PPARG;PTGS1;PTGS2;RELA;SLC6A4;TIMP1;TP53,AKT1;CAT;NOS2;PTGS1;PTGS2;RELA;TP53,"Disease targets for Ulcerative Colitis; exact medicinal-material matches from TCMSP, HERB 2.0, and ETCM 2.0; legacy provisional ranking because database screening definitions are heterogeneous and safety/pair evidence are unreviewed placeholders",151,77
甘草,马齿苋,67,63,68,62,5,1,True,53.2855,4,4,68.0,60.0,False,legacy_placeholder_60_not_reviewed,0.0,False,legacy_placeholder_0_not_reviewed,41.7142,50.7142,legacy_formula_including_unreviewed_placeholders,legacy_provisional_includes_unreviewed_placeholders,,50.7142,585,2,0.916,ABCG2;ADIPOQ;AHR;AKT1;ALOX5;BAX;BCL2;BIRC5;CASP3;CASP8;CAT;CCL2;CCND1;CD40LG;CDK4;CDKN1A;CHEK2;CHUK;CXCL10;CXCL8;CYP1A2;CYP3A4;DUOX2;EGFR;ERBB2;GSTM1;GSTP1;HIF1A;HMOX1;ICAM1;IFNG;IGF2;IKBKB;IL10;IL1A;IL1B;IL2;IL4;IL6;KDR;MAPK1;MAPK3;MET;MMP1;MMP2;MMP3;MMP9;MPO;MYC;NFE2L2;NFKBIA;NOS2;NOS3;NR1I2;ODC1;PLAU;PPARA;PPARG;PTGS1;PTGS2;RB1;RELA;SLC6A4;STAT1;STAT3;TNF;TP53;VCAM1,ABCG2;AHR;AKT1;ALOX5;BAX;BCL2;BIRC5;CASP3;CASP8;CCL2;CCND1;CD40LG;CDK4;CDKN1A;CHEK2;CHUK;CXCL10;CXCL8;CYP1A2;CYP3A4;DUOX2;EGFR;ERBB2;GSTM1;GSTP1;HIF1A;HMOX1;ICAM1;IFNG;IGF2;IKBKB;IL10;IL1A;IL1B;IL2;IL4;IL6;MAPK1;MMP1;MMP2;MMP3;MMP9;MPO;MYC;NFE2L2;NFKBIA;NOS2;NOS3;NR1I2;ODC1;PLAU;PPARA;PPARG;PTGS1;PTGS2;RB1;RELA;SLC6A4;STAT1;TNF;TP53;VCAM1,"Disease targets for Ulcerative Colitis; exact medicinal-material matches from TCMSP, HERB 2.0, and ETCM 2.0; legacy provisional ranking because database screening definitions are heterogeneous and safety/pair evidence are unreviewed placeholders",153,78
甘草,黄芪,67,63,68,62,5,1,True,53.2855,4,4,68.0,60.0,False,legacy_placeholder_60_not_reviewed,0.0,False,legacy_placeholder_0_not_reviewed,41.7142,50.7142,legacy_formula_including_unreviewed_placeholders,legacy_provisional_includes_unreviewed_placeholders,,50.7142,585,1,0.981,ABCG2;ADIPOQ;AHR;AKT1;ALOX5;BAX;BCL2;BIRC5;CASP3;CASP8;CAT;CCL2;CCND1;CD40LG;CDK4;CDKN1A;CHEK2;CHUK;CXCL10;CXCL8;CYP1A2;CYP3A4;DUOX2;EGFR;ERBB2;GSTM1;GSTP1;HIF1A;HMOX1;ICAM1;IFNG;IGF2;IKBKB;IL10;IL1A;IL1B;IL2;IL4;IL6;KDR;MAPK1;MAPK3;MET;MMP1;MMP2;MMP3;MMP9;MPO;MYC;NFE2L2;NFKBIA;NOS2;NOS3;NR1I2;ODC1;PLAU;PPARA;PPARG;PTGS1;PTGS2;RB1;RELA;SLC6A4;STAT1;STAT3;TNF;TP53;VCAM1,ABCG2;AHR;AKT1;ALOX5;BAX;BCL2;BIRC5;CASP3;CASP8;CCL2;CCND1;CD40LG;CDKN1A;CHEK2;CHUK;CXCL10;CXCL8;CYP1A2;CYP3A4;DUOX2;EGFR;ERBB2;GSTM1;GSTP1;HIF1A;HMOX1;ICAM1;IFNG;IGF2;IKBKB;IL10;IL1A;IL1B;IL2;IL4;IL6;KDR;MAPK1;MMP1;MMP2;MMP3;MMP9;MPO;MYC;NFE2L2;NFKBIA;NOS2;NOS3;NR1I2;ODC1;PLAU;PPARA;PPARG;PTGS1;PTGS2;RB1;RELA;SLC6A4;STAT1;TNF;TP53;VCAM1,"Disease targets for Ulcerative Colitis; exact medicinal-material matches from TCMSP, HERB 2.0, and ETCM 2.0; legacy provisional ranking because database screening definitions are heterogeneous and safety/pair evidence are unreviewed placeholders",154,79
蒲公英,陈皮,37,18,44,11,26,7,True,62.1951,3,2,56.0,60.0,False,legacy_placeholder_60_not_reviewed,0.0,False,legacy_placeholder_0_not_reviewed,41.678,50.678,legacy_formula_including_unreviewed_placeholders,legacy_provisional_includes_unreviewed_placeholders,,50.678,285,50,0.8337,ADIPOQ;AKT1;ALB;BAX;BCL2;CASP1;CASP3;CASP8;CAT;CCL2;CHRNA7;GLS;GSTP1;HNF4A;IL13;IL1B;IL4;IL5;IL6;JUN;MAPK1;MAPK3;MMP1;MMP9;MYC;NFKB1;NFKBIA;NOS2;NR3C1;ODC1;PPARA;PPARG;PTGS1;PTGS2;RELA;RORC;SIRT1;SLC6A4;TCF7L2;TGFB1;TIMP1;TNF;TP53;XIST,BAX;BCL2;CASP3;MAPK1;MAPK3;NOS2;PPARG;PTGS1;PTGS2;RELA;TP53,"Disease targets for Ulcerative Colitis; exact medicinal-material matches from TCMSP, HERB 2.0, and ETCM 2.0; legacy provisional ranking because database screening definitions are heterogeneous and safety/pair evidence are unreviewed placeholders",157,80
甘草,石榴皮,67,64,68,63,4,1,True,52.6973,4,4,68.0,60.0,False,legacy_placeholder_60_not_reviewed,0.0,False,legacy_placeholder_0_not_reviewed,41.4789,50.4789,legacy_formula_including_unreviewed_placeholders,legacy_provisional_includes_unreviewed_placeholders,,50.4789,585,2,0.916,ABCG2;ADIPOQ;AHR;AKT1;ALOX5;BAX;BCL2;BIRC5;CASP3;CASP8;CAT;CCL2;CCND1;CD40LG;CDK4;CDKN1A;CHEK2;CHUK;CXCL10;CXCL8;CYP1A2;CYP3A4;DUOX2;EGFR;ERBB2;GSTM1;GSTP1;HIF1A;HMOX1;ICAM1;IFNG;IGF2;IKBKB;IL10;IL1A;IL1B;IL2;IL4;IL6;KDR;MAPK1;MAPK3;MET;MMP1;MMP2;MMP3;MMP9;MPO;MYC;NFE2L2;NFKBIA;NOS2;NOS3;NR1I2;ODC1;PLAU;PPARA;PPARG;PTGS1;PTGS2;RB1;RELA;SLC6A4;STAT1;STAT3;TNF;TP53;VCAM1,ABCG2;AHR;AKT1;ALOX5;BAX;BCL2;BIRC5;CASP3;CASP8;CAT;CCL2;CCND1;CD40LG;CDK4;CDKN1A;CHEK2;CHUK;CXCL10;CXCL8;CYP1A2;CYP3A4;DUOX2;EGFR;ERBB2;GSTM1;GSTP1;HIF1A;HMOX1;ICAM1;IFNG;IGF2;IKBKB;IL10;IL1A;IL1B;IL2;IL4;IL6;MAPK1;MMP1;MMP2;MMP3;MMP9;MPO;MYC;NFE2L2;NFKBIA;NOS2;NOS3;NR1I2;ODC1;PLAU;PPARA;PPARG;PTGS1;PTGS2;RB1;RELA;SLC6A4;STAT1;TNF;TP53;VCAM1,"Disease targets for Ulcerative Colitis; exact medicinal-material matches from TCMSP, HERB 2.0, and ETCM 2.0; legacy provisional ranking because database screening definitions are heterogeneous and safety/pair evidence are unreviewed placeholders",158,81
白扁豆,莲子,11,20,29,2,9,18,True,58.4609,2,3,59.0,60.0,False,legacy_placeholder_60_not_reviewed,0.0,False,legacy_placeholder_0_not_reviewed,41.0844,50.0844,legacy_formula_including_unreviewed_placeholders,legacy_provisional_includes_unreviewed_placeholders,,50.0844,81,32,0.8236,ABCG2;AHR;AKT1;ALOX5;APEX1;BCL2;CASP3;CASP8;CHRNA7;CYP1A2;CYP2C9;CYP3A4;EGFR;GPR35;HIF1A;HMOX1;KDR;MET;MMP1;MMP2;MMP9;MPO;MYC;NOD2;PLAU;PTGS2;SIRT1;SLC6A4;VEGFA,CASP3;CYP3A4,"Disease targets for Ulcerative Colitis; exact medicinal-material matches from TCMSP, HERB 2.0, and ETCM 2.0; legacy provisional ranking because database screening definitions are heterogeneous and safety/pair evidence are unreviewed placeholders",160,82
芡实,莲子,11,20,29,2,9,18,True,58.4609,2,3,59.0,60.0,False,legacy_placeholder_60_not_reviewed,0.0,False,legacy_placeholder_0_not_reviewed,41.0844,50.0844,legacy_formula_including_unreviewed_placeholders,legacy_provisional_includes_unreviewed_placeholders,,50.0844,81,32,0.8236,ABCG2;AHR;AKT1;ALOX5;APEX1;BCL2;CASP3;CASP8;CHRNA7;CYP1A2;CYP2C9;CYP3A4;EGFR;GPR35;HIF1A;HMOX1;KDR;MET;MMP1;MMP2;MMP9;MPO;MYC;NOD2;PLAU;PTGS2;SIRT1;SLC6A4;VEGFA,CASP3;CYP3A4,"Disease targets for Ulcerative Colitis; exact medicinal-material matches from TCMSP, HERB 2.0, and ETCM 2.0; legacy provisional ranking because database screening definitions are heterogeneous and safety/pair evidence are unreviewed placeholders",161,83
大枣,马齿苋,61,63,65,59,2,4,True,51.2533,4,4,68.0,60.0,False,legacy_placeholder_60_not_reviewed,0.0,False,legacy_placeholder_0_not_reviewed,40.9013,49.9013,legacy_formula_including_unreviewed_placeholders,legacy_provisional_includes_unreviewed_placeholders,,49.9013,517,1,0.851,ABCG2;AHR;AKT1;ALOX5;BAX;BCL2;BIRC5;CASP3;CASP8;CAT;CCL2;CCND1;CD40LG;CDK4;CDKN1A;CHEK2;CHUK;CXCL10;CXCL8;CYP1A2;CYP3A4;DUOX2;EGFR;ERBB2;GSTM1;GSTP1;HIF1A;HMOX1;ICAM1;IFNG;IGF2;IKBKB;IL10;IL1A;IL1B;IL2;IL4;IL6;KDR;MAPK1;MET;MMP1;MMP2;MMP3;MMP9;MPO;MYC;NFE2L2;NFKBIA;NOS2;NOS3;NR1I2;ODC1;PLAU;PPARA;PPARG;PTGS1;PTGS2;RB1;RELA;SLC6A4;STAT1;TNF;TP53;VCAM1,ABCG2;AHR;AKT1;ALOX5;BAX;BCL2;BIRC5;CASP3;CASP8;CCL2;CCND1;CD40LG;CDKN1A;CHEK2;CHUK;CXCL10;CXCL8;CYP1A2;CYP3A4;DUOX2;EGFR;ERBB2;GSTM1;GSTP1;HIF1A;HMOX1;ICAM1;IFNG;IGF2;IL10;IL1A;IL1B;IL2;IL6;MAPK1;MMP1;MMP2;MMP3;MMP9;MPO;MYC;NFE2L2;NFKBIA;NOS2;NOS3;NR1I2;ODC1;PLAU;PPARA;PPARG;PTGS1;PTGS2;RB1;RELA;SLC6A4;STAT1;TNF;TP53;VCAM1,"Disease targets for Ulcerative Colitis; exact medicinal-material matches from TCMSP, HERB 2.0, and ETCM 2.0; legacy provisional ranking because database screening definitions are heterogeneous and safety/pair evidence are unreviewed placeholders",162,84
莲子,葛根,20,10,28,2,18,8,True,57.6307,2,3,59.0,60.0,False,legacy_placeholder_60_not_reviewed,0.0,False,legacy_placeholder_0_not_reviewed,40.7523,49.7523,legacy_formula_including_unreviewed_placeholders,legacy_provisional_includes_unreviewed_placeholders,,49.7523,55,19,0.8579,ABCG2;AHR;ALOX5;APEX1;BAX;BCL2;CASP3;CASP8;CHRNA7;CYP2C9;CYP3A4;EGFR;GPR35;HIF1A;IL4;KDR;MET;MMP9;MPO;NOD2;NOS2;PLAU;PPARG;PTGS1;PTGS2;SIRT1;SLC6A4;VEGFA,CASP3;SLC6A4,"Disease targets for Ulcerative Colitis; exact medicinal-material matches from TCMSP, HERB 2.0, and ETCM 2.0; legacy provisional ranking because database screening definitions are heterogeneous and safety/pair evidence are unreviewed placeholders",163,85
乌梅,石榴皮,61,64,65,60,1,4,True,50.6379,4,4,68.0,60.0,False,legacy_placeholder_60_not_reviewed,0.0,False,legacy_placeholder_0_not_reviewed,40.6552,49.6552,legacy_formula_including_unreviewed_placeholders,legacy_provisional_includes_unreviewed_placeholders,,49.6552,514,0,0,ABCG2;AHR;AKT1;ALOX5;BAX;BCL2;BIRC5;CASP3;CASP8;CAT;CCL2;CCND1;CD40LG;CDK4;CDKN1A;CHEK2;CHUK;CXCL10;CXCL8;CYP1A2;CYP3A4;DUOX2;EGFR;ERBB2;GSTM1;GSTP1;HIF1A;HMOX1;ICAM1;IFNG;IGF2;IKBKB;IL10;IL1A;IL1B;IL2;IL4;IL6;MAPK1;MET;MMP1;MMP2;MMP3;MMP9;MPO;MYC;NFE2L2;NFKBIA;NOS2;NOS3;NR1I2;NR3C1;ODC1;PLAU;PPARA;PPARG;PTGS1;PTGS2;RB1;RELA;SLC6A4;STAT1;TNF;TP53;VCAM1,ABCG2;AHR;AKT1;ALOX5;BAX;BCL2;BIRC5;CASP3;CASP8;CCL2;CCND1;CD40LG;CDKN1A;CHEK2;CHUK;CXCL10;CXCL8;CYP1A2;CYP3A4;DUOX2;EGFR;ERBB2;GSTM1;GSTP1;HIF1A;HMOX1;ICAM1;IFNG;IGF2;IKBKB;IL10;IL1A;IL1B;IL2;IL6;MAPK1;MMP1;MMP2;MMP3;MMP9;MPO;MYC;NFE2L2;NFKBIA;NOS2;NOS3;NR1I2;ODC1;PLAU;PPARA;PPARG;PTGS1;PTGS2;RB1;RELA;SLC6A4;STAT1;TNF;TP53;VCAM1,"Disease targets for Ulcerative Colitis; exact medicinal-material matches from TCMSP, HERB 2.0, and ETCM 2.0; legacy provisional ranking because database screening definitions are heterogeneous and safety/pair evidence are unreviewed placeholders",164,86
大枣,石榴皮,61,64,65,60,1,4,True,50.6379,4,4,68.0,60.0,False,legacy_placeholder_60_not_reviewed,0.0,False,legacy_placeholder_0_not_reviewed,40.6552,49.6552,legacy_formula_including_unreviewed_placeholders,legacy_provisional_includes_unreviewed_placeholders,,49.6552,517,1,0.851,ABCG2;AHR;AKT1;ALOX5;BAX;BCL2;BIRC5;CASP3;CASP8;CAT;CCL2;CCND1;CD40LG;CDK4;CDKN1A;CHEK2;CHUK;CXCL10;CXCL8;CYP1A2;CYP3A4;DUOX2;EGFR;ERBB2;GSTM1;GSTP1;HIF1A;HMOX1;ICAM1;IFNG;IGF2;IKBKB;IL10;IL1A;IL1B;IL2;IL4;IL6;KDR;MAPK1;MET;MMP1;MMP2;MMP3;MMP9;MPO;MYC;NFE2L2;NFKBIA;NOS2;NOS3;NR1I2;ODC1;PLAU;PPARA;PPARG;PTGS1;PTGS2;RB1;RELA;SLC6A4;STAT1;TNF;TP53;VCAM1,ABCG2;AHR;AKT1;ALOX5;BAX;BCL2;BIRC5;CASP3;CASP8;CAT;CCL2;CCND1;CD40LG;CDKN1A;CHEK2;CHUK;CXCL10;CXCL8;CYP1A2;CYP3A4;DUOX2;EGFR;ERBB2;GSTM1;GSTP1;HIF1A;HMOX1;ICAM1;IFNG;IGF2;IL10;IL1A;IL1B;IL2;IL6;MAPK1;MMP1;MMP2;MMP3;MMP9;MPO;MYC;NFE2L2;NFKBIA;NOS2;NOS3;NR1I2;ODC1;PLAU;PPARA;PPARG;PTGS1;PTGS2;RB1;RELA;SLC6A4;STAT1;TNF;TP53;VCAM1,"Disease targets for Ulcerative Colitis; exact medicinal-material matches from TCMSP, HERB 2.0, and ETCM 2.0; legacy provisional ranking because database screening definitions are heterogeneous and safety/pair evidence are unreviewed placeholders",165,87
党参,黄芩,35,27,47,15,20,12,True,61.6243,2,3,52.3333,60.0,False,legacy_placeholder_60_not_reviewed,0.0,False,legacy_placeholder_0_not_reviewed,40.3497,49.3497,legacy_formula_including_unreviewed_placeholders,legacy_provisional_includes_unreviewed_placeholders,,49.3497,331,58,0.8275,AHR;AKT1;BAX;BCL2;BIRC5;CASP3;CASP8;CCL2;CCND1;CD40LG;CDK4;CDKN1A;CXCL8;CYP1A2;EGFR;ERBB2;FASLG;GSTP1;HIF1A;HMOX1;ICAM1;IFNG;IGF2;IL10;IL2;IL4;IL6;KDR;MAPK1;MET;MMP1;MMP2;MMP8;MMP9;MPO;NFKBIA;NOS2;NR3C1;PLAU;PPARG;PTGS1;PTGS2;RB1;RELA;SLC6A4;TNF;TP53,AKT1;CASP3;CCND1;CDKN1A;IL6;MMP1;MMP9;NOS2;PLAU;PTGS1;PTGS2;RELA;SLC6A4;TNF;TP53,"Disease targets for Ulcerative Colitis; exact medicinal-material matches from TCMSP, HERB 2.0, and ETCM 2.0; legacy provisional ranking because database screening definitions are heterogeneous and safety/pair evidence are unreviewed placeholders",168,88
党参,陈皮,35,18,42,11,24,7,True,60.2555,2,2,54.0,60.0,False,legacy_placeholder_60_not_reviewed,0.0,False,legacy_placeholder_0_not_reviewed,40.3022,49.3022,legacy_formula_including_unreviewed_placeholders,legacy_provisional_includes_unreviewed_placeholders,,49.3022,259,34,0.8271,ADIPOQ;AKT1;BAX;BCL2;BIRC5;CASP3;CAT;CCND1;CD40LG;CDK4;CDKN1A;EGFR;ERBB2;GSTP1;HMOX1;ICAM1;IFNG;IL10;IL2;IL4;IL6;MAPK1;MAPK3;MET;MMP1;MMP2;MMP8;MMP9;NFKBIA;NOS2;NR3C1;PLAU;PPARA;PPARG;PTGS1;PTGS2;RB1;RELA;SLC6A4;TIMP1;TNF;TP53,AKT1;CASP3;GSTP1;MAPK1;MMP9;NOS2;PPARG;PTGS1;PTGS2;RELA;TP53,"Disease targets for Ulcerative Colitis; exact medicinal-material matches from TCMSP, HERB 2.0, and ETCM 2.0; legacy provisional ranking because database screening definitions are heterogeneous and safety/pair evidence are unreviewed placeholders",169,89
石榴皮,黄芪,64,63,65,62,2,1,True,49.4071,4,4,68.0,60.0,False,legacy_placeholder_60_not_reviewed,0.0,False,legacy_placeholder_0_not_reviewed,40.1629,49.1629,legacy_formula_including_unreviewed_placeholders,legacy_provisional_includes_unreviewed_placeholders,,49.1629,517,0,0,ABCG2;AHR;AKT1;ALOX5;BAX;BCL2;BIRC5;CASP3;CASP8;CAT;CCL2;CCND1;CD40LG;CDK4;CDKN1A;CHEK2;CHUK;CXCL10;CXCL8;CYP1A2;CYP3A4;DUOX2;EGFR;ERBB2;GSTM1;GSTP1;HIF1A;HMOX1;ICAM1;IFNG;IGF2;IKBKB;IL10;IL1A;IL1B;IL2;IL4;IL6;KDR;MAPK1;MET;MMP1;MMP2;MMP3;MMP9;MPO;MYC;NFE2L2;NFKBIA;NOS2;NOS3;NR1I2;ODC1;PLAU;PPARA;PPARG;PTGS1;PTGS2;RB1;RELA;SLC6A4;STAT1;TNF;TP53;VCAM1,ABCG2;AHR;AKT1;ALOX5;BAX;BCL2;BIRC5;CASP3;CASP8;CCL2;CCND1;CD40LG;CDKN1A;CHEK2;CHUK;CXCL10;CXCL8;CYP1A2;CYP3A4;DUOX2;EGFR;ERBB2;GSTM1;GSTP1;HIF1A;HMOX1;ICAM1;IFNG;IGF2;IKBKB;IL10;IL1A;IL1B;IL2;IL4;IL6;MAPK1;MET;MMP1;MMP2;MMP3;MMP9;MPO;MYC;NFE2L2;NFKBIA;NOS2;NOS3;NR1I2;ODC1;PLAU;PPARA;PPARG;PTGS1;PTGS2;RB1;RELA;SLC6A4;STAT1;TNF;TP53;VCAM1,"Disease targets for Ulcerative Colitis; exact medicinal-material matches from TCMSP, HERB 2.0, and ETCM 2.0; legacy provisional ranking because database screening definitions are heterogeneous and safety/pair evidence are unreviewed placeholders",170,90
茯苓,莲子,2,20,22,0,2,20,True,56.0976,2,3,59.0,60.0,False,legacy_placeholder_60_not_reviewed,0.0,False,legacy_placeholder_0_not_reviewed,40.139,49.139,legacy_formula_including_unreviewed_placeholders,legacy_provisional_includes_unreviewed_placeholders,,49.139,32,8,0.8952,ABCG2;AHR;ALOX5;APEX1;CASP3;CHRNA7;CYP2C9;CYP3A4;EGFR;GPR35;HIF1A;KDR;MET;MMP9;MPO;NOD2;PLAU;PTGS1;PTGS2;SIRT1;SLC6A4;VEGFA,,"Disease targets for Ulcerative Colitis; exact medicinal-material matches from TCMSP, HERB 2.0, and ETCM 2.0; legacy provisional ranking because database screening definitions are heterogeneous and safety/pair evidence are unreviewed placeholders",171,91
乌梅,马齿苋,61,63,64,60,1,3,True,49.3293,4,4,68.0,60.0,False,legacy_placeholder_60_not_reviewed,0.0,False,legacy_placeholder_0_not_reviewed,40.1317,49.1317,legacy_formula_including_unreviewed_placeholders,legacy_provisional_includes_unreviewed_placeholders,,49.1317,514,0,0,ABCG2;AHR;AKT1;ALOX5;BAX;BCL2;BIRC5;CASP3;CASP8;CCL2;CCND1;CD40LG;CDK4;CDKN1A;CHEK2;CHUK;CXCL10;CXCL8;CYP1A2;CYP3A4;DUOX2;EGFR;ERBB2;GSTM1;GSTP1;HIF1A;HMOX1;ICAM1;IFNG;IGF2;IKBKB;IL10;IL1A;IL1B;IL2;IL4;IL6;MAPK1;MET;MMP1;MMP2;MMP3;MMP9;MPO;MYC;NFE2L2;NFKBIA;NOS2;NOS3;NR1I2;NR3C1;ODC1;PLAU;PPARA;PPARG;PTGS1;PTGS2;RB1;RELA;SLC6A4;STAT1;TNF;TP53;VCAM1,ABCG2;AHR;AKT1;ALOX5;BAX;BCL2;BIRC5;CASP3;CASP8;CCL2;CCND1;CD40LG;CDKN1A;CHEK2;CHUK;CXCL10;CXCL8;CYP1A2;CYP3A4;DUOX2;EGFR;ERBB2;GSTM1;GSTP1;HIF1A;HMOX1;ICAM1;IFNG;IGF2;IKBKB;IL10;IL1A;IL1B;IL2;IL6;MAPK1;MMP1;MMP2;MMP3;MMP9;MPO;MYC;NFE2L2;NFKBIA;NOS2;NOS3;NR1I2;ODC1;PLAU;PPARA;PPARG;PTGS1;PTGS2;RB1;RELA;SLC6A4;STAT1;TNF;TP53;VCAM1,"Disease targets for Ulcerative Colitis; exact medicinal-material matches from TCMSP, HERB 2.0, and ETCM 2.0; legacy provisional ranking because database screening definitions are heterogeneous and safety/pair evidence are unreviewed placeholders",172,92
乌梅,黄芪,61,63,64,60,1,3,True,49.3293,4,4,68.0,60.0,False,legacy_placeholder_60_not_reviewed,0.0,False,legacy_placeholder_0_not_reviewed,40.1317,49.1317,legacy_formula_including_unreviewed_placeholders,legacy_provisional_includes_unreviewed_placeholders,,49.1317,517,0,0,ABCG2;AHR;AKT1;ALOX5;BAX;BCL2;BIRC5;CASP3;CASP8;CCL2;CCND1;CD40LG;CDKN1A;CHEK2;CHUK;CXCL10;CXCL8;CYP1A2;CYP3A4;DUOX2;EGFR;ERBB2;GSTM1;GSTP1;HIF1A;HMOX1;ICAM1;IFNG;IGF2;IKBKB;IL10;IL1A;IL1B;IL2;IL4;IL6;KDR;MAPK1;MET;MMP1;MMP2;MMP3;MMP9;MPO;MYC;NFE2L2;NFKBIA;NOS2;NOS3;NR1I2;NR3C1;ODC1;PLAU;PPARA;PPARG;PTGS1;PTGS2;RB1;RELA;SLC6A4;STAT1;TNF;TP53;VCAM1,ABCG2;AHR;AKT1;ALOX5;BAX;BCL2;BIRC5;CASP3;CASP8;CCL2;CCND1;CD40LG;CDKN1A;CHEK2;CHUK;CXCL10;CXCL8;CYP1A2;CYP3A4;DUOX2;EGFR;ERBB2;GSTM1;GSTP1;HIF1A;HMOX1;ICAM1;IFNG;IGF2;IKBKB;IL10;IL1A;IL1B;IL2;IL6;MAPK1;MMP1;MMP2;MMP3;MMP9;MPO;MYC;NFE2L2;NFKBIA;NOS2;NOS3;NR1I2;ODC1;PLAU;PPARA;PPARG;PTGS1;PTGS2;RB1;RELA;SLC6A4;STAT1;TNF;TP53;VCAM1,"Disease targets for Ulcerative Colitis; exact medicinal-material matches from TCMSP, HERB 2.0, and ETCM 2.0; legacy provisional ranking because database screening definitions are heterogeneous and safety/pair evidence are unreviewed placeholders",173,93
大枣,黄芪,61,63,64,60,1,3,True,49.3293,4,4,68.0,60.0,False,legacy_placeholder_60_not_reviewed,0.0,False,legacy_placeholder_0_not_reviewed,40.1317,49.1317,legacy_formula_including_unreviewed_placeholders,legacy_provisional_includes_unreviewed_placeholders,,49.1317,509,0,0,ABCG2;AHR;AKT1;ALOX5;BAX;BCL2;BIRC5;CASP3;CASP8;CAT;CCL2;CCND1;CD40LG;CDKN1A;CHEK2;CHUK;CXCL10;CXCL8;CYP1A2;CYP3A4;DUOX2;EGFR;ERBB2;GSTM1;GSTP1;HIF1A;HMOX1;ICAM1;IFNG;IGF2;IKBKB;IL10;IL1A;IL1B;IL2;IL4;IL6;KDR;MAPK1;MET;MMP1;MMP2;MMP3;MMP9;MPO;MYC;NFE2L2;NFKBIA;NOS2;NOS3;NR1I2;ODC1;PLAU;PPARA;PPARG;PTGS1;PTGS2;RB1;RELA;SLC6A4;STAT1;TNF;TP53;VCAM1,ABCG2;AHR;AKT1;ALOX5;BAX;BCL2;BIRC5;CASP3;CASP8;CCL2;CCND1;CD40LG;CDKN1A;CHEK2;CHUK;CXCL10;CXCL8;CYP1A2;CYP3A4;DUOX2;EGFR;ERBB2;GSTM1;GSTP1;HIF1A;HMOX1;ICAM1;IFNG;IGF2;IL10;IL1A;IL1B;IL2;IL6;KDR;MAPK1;MMP1;MMP2;MMP3;MMP9;MPO;MYC;NFE2L2;NFKBIA;NOS2;NOS3;NR1I2;ODC1;PLAU;PPARA;PPARG;PTGS1;PTGS2;RB1;RELA;SLC6A4;STAT1;TNF;TP53;VCAM1,"Disease targets for Ulcerative Colitis; exact medicinal-material matches from TCMSP, HERB 2.0, and ETCM 2.0; legacy provisional ranking because database screening definitions are heterogeneous and safety/pair evidence are unreviewed placeholders",174,94
肉豆蔻,莲子,8,20,26,2,6,18,True,55.9475,2,3,59.0,60.0,False,legacy_placeholder_60_not_reviewed,0.0,False,legacy_placeholder_0_not_reviewed,40.079,49.079,legacy_formula_including_unreviewed_placeholders,legacy_provisional_includes_unreviewed_placeholders,,49.079,48,14,0.8586,ABCG2;AHR;ALOX5;APEX1;BAX;BCL2;CASP3;CASP8;CHRNA7;CYP2C9;CYP3A4;EGFR;GPR35;HIF1A;KDR;MET;MMP9;MPO;NOD2;NOS2;PLAU;PTGS1;PTGS2;SIRT1;SLC6A4;VEGFA,CASP3;SLC6A4,"Disease targets for Ulcerative Colitis; exact medicinal-material matches from TCMSP, HERB 2.0, and ETCM 2.0; legacy provisional ranking because database screening definitions are heterogeneous and safety/pair evidence are unreviewed placeholders",177,95
乌梅,大枣,61,61,63,59,2,2,True,48.6372,4,4,68.0,60.0,False,legacy_placeholder_60_not_reviewed,0.0,False,legacy_placeholder_0_not_reviewed,39.8549,48.8549,legacy_formula_including_unreviewed_placeholders,legacy_provisional_includes_unreviewed_placeholders,,48.8549,490,0,0,ABCG2;AHR;AKT1;ALOX5;BAX;BCL2;BIRC5;CASP3;CASP8;CAT;CCL2;CCND1;CD40LG;CDKN1A;CHEK2;CHUK;CXCL10;CXCL8;CYP1A2;CYP3A4;DUOX2;EGFR;ERBB2;GSTM1;GSTP1;HIF1A;HMOX1;ICAM1;IFNG;IGF2;IKBKB;IL10;IL1A;IL1B;IL2;IL6;KDR;MAPK1;MMP1;MMP2;MMP3;MMP9;MPO;MYC;NFE2L2;NFKBIA;NOS2;NOS3;NR1I2;NR3C1;ODC1;PLAU;PPARA;PPARG;PTGS1;PTGS2;RB1;RELA;SLC6A4;STAT1;TNF;TP53;VCAM1,ABCG2;AHR;AKT1;ALOX5;BAX;BCL2;BIRC5;CASP3;CASP8;CCL2;CCND1;CD40LG;CDKN1A;CHEK2;CHUK;CXCL10;CXCL8;CYP1A2;CYP3A4;DUOX2;EGFR;ERBB2;GSTM1;GSTP1;HIF1A;HMOX1;ICAM1;IFNG;IGF2;IL10;IL1A;IL1B;IL2;IL6;MAPK1;MMP1;MMP2;MMP3;MMP9;MPO;MYC;NFE2L2;NFKBIA;NOS2;NOS3;NR1I2;ODC1;PLAU;PPARA;PPARG;PTGS1;PTGS2;RB1;RELA;SLC6A4;STAT1;TNF;TP53;VCAM1,"Disease targets for Ulcerative Colitis; exact medicinal-material matches from TCMSP, HERB 2.0, and ETCM 2.0; legacy provisional ranking because database screening definitions are heterogeneous and safety/pair evidence are unreviewed placeholders",178,96
马齿苋,黄芪,63,63,64,62,1,1,True,48.0793,4,4,68.0,60.0,False,legacy_placeholder_60_not_reviewed,0.0,False,legacy_placeholder_0_not_reviewed,39.6317,48.6317,legacy_formula_including_unreviewed_placeholders,legacy_provisional_includes_unreviewed_placeholders,,48.6317,517,0,0,ABCG2;AHR;AKT1;ALOX5;BAX;BCL2;BIRC5;CASP3;CASP8;CCL2;CCND1;CD40LG;CDK4;CDKN1A;CHEK2;CHUK;CXCL10;CXCL8;CYP1A2;CYP3A4;DUOX2;EGFR;ERBB2;GSTM1;GSTP1;HIF1A;HMOX1;ICAM1;IFNG;IGF2;IKBKB;IL10;IL1A;IL1B;IL2;IL4;IL6;KDR;MAPK1;MET;MMP1;MMP2;MMP3;MMP9;MPO;MYC;NFE2L2;NFKBIA;NOS2;NOS3;NR1I2;ODC1;PLAU;PPARA;PPARG;PTGS1;PTGS2;RB1;RELA;SLC6A4;STAT1;TNF;TP53;VCAM1,ABCG2;AHR;AKT1;ALOX5;BAX;BCL2;BIRC5;CASP3;CASP8;CCL2;CCND1;CD40LG;CDKN1A;CHEK2;CHUK;CXCL10;CXCL8;CYP1A2;CYP3A4;DUOX2;EGFR;ERBB2;GSTM1;GSTP1;HIF1A;HMOX1;ICAM1;IFNG;IGF2;IKBKB;IL10;IL1A;IL1B;IL2;IL4;IL6;MAPK1;MET;MMP1;MMP2;MMP3;MMP9;MPO;MYC;NFE2L2;NFKBIA;NOS2;NOS3;NR1I2;ODC1;PLAU;PPARA;PPARG;PTGS1;PTGS2;RB1;RELA;SLC6A4;STAT1;TNF;TP53;VCAM1,"Disease targets for Ulcerative Colitis; exact medicinal-material matches from TCMSP, HERB 2.0, and ETCM 2.0; legacy provisional ranking because database screening definitions are heterogeneous and safety/pair evidence are unreviewed placeholders",181,97
大枣,鱼腥草,61,59,62,58,3,1,True,47.9465,4,4,68.0,60.0,False,legacy_placeholder_60_not_reviewed,0.0,False,legacy_placeholder_0_not_reviewed,39.5786,48.5786,legacy_formula_including_unreviewed_placeholders,legacy_provisional_includes_unreviewed_placeholders,,48.5786,482,0,0,ABCG2;AHR;AKT1;ALOX5;BAX;BCL2;BIRC5;CASP3;CASP8;CAT;CCL2;CCND1;CD40LG;CDKN1A;CHEK2;CHUK;CXCL10;CXCL8;CYP1A2;CYP3A4;DUOX2;EGFR;ERBB2;GSTM1;GSTP1;HIF1A;HMOX1;ICAM1;IFNG;IGF2;IKBKB;IL10;IL1A;IL1B;IL2;IL6;KDR;MAPK1;MMP1;MMP2;MMP3;MMP9;MPO;MYC;NFE2L2;NFKBIA;NOS2;NOS3;NR1I2;ODC1;PLAU;PPARA;PPARG;PTGS1;PTGS2;RB1;RELA;SLC6A4;STAT1;TNF;TP53;VCAM1,ABCG2;AHR;AKT1;ALOX5;BAX;BCL2;BIRC5;CASP3;CASP8;CCL2;CCND1;CD40LG;CDKN1A;CHEK2;CHUK;CXCL10;CXCL8;CYP1A2;CYP3A4;DUOX2;EGFR;ERBB2;GSTM1;GSTP1;HIF1A;HMOX1;ICAM1;IFNG;IGF2;IL10;IL1A;IL1B;IL2;IL6;MAPK1;MMP1;MMP2;MMP3;MMP9;MPO;MYC;NFE2L2;NFKBIA;NOS2;NOS3;NR1I2;ODC1;PLAU;PPARA;PPARG;PTGS1;PTGS2;RB1;RELA;STAT1;TNF;TP53;VCAM1,"Disease targets for Ulcerative Colitis; exact medicinal-material matches from TCMSP, HERB 2.0, and ETCM 2.0; legacy provisional ranking because database screening definitions are heterogeneous and safety/pair evidence are unreviewed placeholders",186,98
党参,山药,35,15,40,10,25,5,True,59.2683,2,3,52.3333,60.0,False,legacy_placeholder_60_not_reviewed,0.0,False,legacy_placeholder_0_not_reviewed,39.4073,48.4073,legacy_formula_including_unreviewed_placeholders,legacy_provisional_includes_unreviewed_placeholders,,48.4073,230,20,0.8024,ABCC2;AKT1;BIRC5;CASP3;CAT;CCND1;CD40LG;CDK4;CDKN1A;EGFR;ERBB2;GSTP1;HIF1A;HMOX1;ICAM1;IFNG;IL10;IL2;IL4;IL6;MAPK1;MET;MMP1;MMP2;MMP8;MMP9;MTOR;NFKBIA;NOS2;NR1I2;NR3C1;PLAU;PPARG;PTGS1;PTGS2;RB1;RELA;SLC6A4;TNF;TP53,AKT1;CDKN1A;NOS2;NR3C1;PLAU;PTGS1;PTGS2;RELA;SLC6A4;TP53,"Disease targets for Ulcerative Colitis; exact medicinal-material matches from TCMSP, HERB 2.0, and ETCM 2.0; legacy provisional ranking because database screening definitions are heterogeneous and safety/pair evidence are unreviewed placeholders",188,99
山药,白扁豆,15,11,24,2,13,9,True,54.2276,2,3,59.0,60.0,False,legacy_placeholder_60_not_reviewed,0.0,False,legacy_placeholder_0_not_reviewed,39.3911,48.3911,legacy_formula_including_unreviewed_placeholders,legacy_provisional_includes_unreviewed_placeholders,,48.3911,75,26,0.8422,ABCC2;AKT1;BCL2;CASP3;CASP8;CAT;CDKN1A;CYP1A2;CYP3A4;HIF1A;HMOX1;MMP1;MMP2;MTOR;MYC;NOS2;NR1I2;NR3C1;PLAU;PTGS1;PTGS2;RELA;SLC6A4;TP53,AKT1;PTGS2,"Disease targets for Ulcerative Colitis; exact medicinal-material matches from TCMSP, HERB 2.0, and ETCM 2.0; legacy provisional ranking because database screening definitions are heterogeneous and safety/pair evidence are unreviewed placeholders",189,100
山药,芡实,15,11,24,2,13,9,True,54.2276,2,3,59.0,60.0,False,legacy_placeholder_60_not_reviewed,0.0,False,legacy_placeholder_0_not_reviewed,39.3911,48.3911,legacy_formula_including_unreviewed_placeholders,legacy_provisional_includes_unreviewed_placeholders,,48.3911,75,26,0.8422,ABCC2;AKT1;BCL2;CASP3;CASP8;CAT;CDKN1A;CYP1A2;CYP3A4;HIF1A;HMOX1;MMP1;MMP2;MTOR;MYC;NOS2;NR1I2;NR3C1;PLAU;PTGS1;PTGS2;RELA;SLC6A4;TP53,AKT1;PTGS2,"Disease targets for Ulcerative Colitis; exact medicinal-material matches from TCMSP, HERB 2.0, and ETCM 2.0; legacy provisional ranking because database screening definitions are heterogeneous and safety/pair evidence are unreviewed placeholders",190,101
大枣,栀子,61,60,62,59,2,1,True,47.3013,4,4,68.0,60.0,False,legacy_placeholder_60_not_reviewed,0.0,False,legacy_placeholder_0_not_reviewed,39.3205,48.3205,legacy_formula_including_unreviewed_placeholders,legacy_provisional_includes_unreviewed_placeholders,,48.3205,482,0,0,ABCG2;AHR;AKT1;ALOX5;BAX;BCL2;BIRC5;CASP3;CASP8;CAT;CCL2;CCND1;CD40LG;CDKN1A;CHEK2;CHUK;CXCL10;CXCL8;CYP1A2;CYP3A4;DUOX2;EGFR;ERBB2;GSTM1;GSTP1;HIF1A;HMOX1;ICAM1;IFNG;IGF2;IKBKB;IL10;IL1A;IL1B;IL2;IL6;KDR;MAPK1;MMP1;MMP2;MMP3;MMP9;MPO;MYC;NFE2L2;NFKBIA;NOS2;NOS3;NR1I2;ODC1;PLAU;PPARA;PPARG;PTGS1;PTGS2;RB1;RELA;SLC6A4;STAT1;TNF;TP53;VCAM1,ABCG2;AHR;AKT1;ALOX5;BAX;BCL2;BIRC5;CASP3;CASP8;CCL2;CCND1;CD40LG;CDKN1A;CHEK2;CHUK;CXCL10;CXCL8;CYP1A2;CYP3A4;DUOX2;EGFR;ERBB2;GSTM1;GSTP1;HIF1A;HMOX1;ICAM1;IFNG;IGF2;IL10;IL1A;IL1B;IL2;IL6;MAPK1;MMP1;MMP2;MMP3;MMP9;MPO;MYC;NFE2L2;NFKBIA;NOS2;NOS3;NR1I2;ODC1;PLAU;PPARA;PPARG;PTGS1;PTGS2;RB1;RELA;SLC6A4;STAT1;TNF;TP53;VCAM1,"Disease targets for Ulcerative Colitis; exact medicinal-material matches from TCMSP, HERB 2.0, and ETCM 2.0; legacy provisional ranking because database screening definitions are heterogeneous and safety/pair evidence are unreviewed placeholders",192,102
大枣,槐花,61,60,62,59,2,1,True,47.3013,4,4,68.0,60.0,False,legacy_placeholder_60_not_reviewed,0.0,False,legacy_placeholder_0_not_reviewed,39.3205,48.3205,legacy_formula_including_unreviewed_placeholders,legacy_provisional_includes_unreviewed_placeholders,,48.3205,482,0,0,ABCG2;AHR;AKT1;ALOX5;BAX;BCL2;BIRC5;CASP3;CASP8;CAT;CCL2;CCND1;CD40LG;CDKN1A;CHEK2;CHUK;CXCL10;CXCL8;CYP1A2;CYP3A4;DUOX2;EGFR;ERBB2;GSTM1;GSTP1;HIF1A;HMOX1;ICAM1;IFNG;IGF2;IKBKB;IL10;IL1A;IL1B;IL2;IL6;KDR;MAPK1;MMP1;MMP2;MMP3;MMP9;MPO;MYC;NFE2L2;NFKBIA;NOS2;NOS3;NR1I2;ODC1;PLAU;PPARA;PPARG;PTGS1;PTGS2;RB1;RELA;SLC6A4;STAT1;TNF;TP53;VCAM1,ABCG2;AHR;AKT1;ALOX5;BAX;BCL2;BIRC5;CASP3;CASP8;CCL2;CCND1;CD40LG;CDKN1A;CHEK2;CHUK;CXCL10;CXCL8;CYP1A2;CYP3A4;DUOX2;EGFR;ERBB2;GSTM1;GSTP1;HIF1A;HMOX1;ICAM1;IFNG;IGF2;IL10;IL1A;IL1B;IL2;IL6;MAPK1;MMP1;MMP2;MMP3;MMP9;MPO;MYC;NFE2L2;NFKBIA;NOS2;NOS3;NR1I2;ODC1;PLAU;PPARA;PPARG;PTGS1;PTGS2;RB1;RELA;SLC6A4;STAT1;TNF;TP53;VCAM1,"Disease targets for Ulcerative Colitis; exact medicinal-material matches from TCMSP, HERB 2.0, and ETCM 2.0; legacy provisional ranking because database screening definitions are heterogeneous and safety/pair evidence are unreviewed placeholders",193,103
白扁豆,黄芩,11,27,31,7,4,20,True,53.6507,2,3,59.0,60.0,False,legacy_placeholder_60_not_reviewed,0.0,False,legacy_placeholder_0_not_reviewed,39.1603,48.1603,legacy_formula_including_unreviewed_placeholders,legacy_provisional_includes_unreviewed_placeholders,,48.1603,162,24,0.7967,AHR;AKT1;BAX;BCL2;CASP3;CASP8;CCL2;CCND1;CDKN1A;CXCL8;CYP1A2;CYP3A4;FASLG;HIF1A;HMOX1;IGF2;IL6;KDR;MMP1;MMP2;MMP9;MPO;MYC;NOS2;PLAU;PTGS1;PTGS2;RELA;SLC6A4;TNF;TP53,AKT1;BCL2;CASP3;CASP8;CYP1A2;MMP1;PTGS2,"Disease targets for Ulcerative Colitis; exact medicinal-material matches from TCMSP, HERB 2.0, and ETCM 2.0; legacy provisional ranking because database screening definitions are heterogeneous and safety/pair evidence are unreviewed placeholders",194,104
芡实,黄芩,11,27,31,7,4,20,True,53.6507,2,3,59.0,60.0,False,legacy_placeholder_60_not_reviewed,0.0,False,legacy_placeholder_0_not_reviewed,39.1603,48.1603,legacy_formula_including_unreviewed_placeholders,legacy_provisional_includes_unreviewed_placeholders,,48.1603,162,24,0.7967,AHR;AKT1;BAX;BCL2;CASP3;CASP8;CCL2;CCND1;CDKN1A;CXCL8;CYP1A2;CYP3A4;FASLG;HIF1A;HMOX1;IGF2;IL6;KDR;MMP1;MMP2;MMP9;MPO;MYC;NOS2;PLAU;PTGS1;PTGS2;RELA;SLC6A4;TNF;TP53,AKT1;BCL2;CASP3;CASP8;CYP1A2;MMP1;PTGS2,"Disease targets for Ulcerative Colitis; exact medicinal-material matches from TCMSP, HERB 2.0, and ETCM 2.0; legacy provisional ranking because database screening definitions are heterogeneous and safety/pair evidence are unreviewed placeholders",195,105
葛根,黄芩,10,27,29,8,2,19,True,50.185,2,3,59.0,60.0,False,legacy_placeholder_60_not_reviewed,0.0,False,legacy_placeholder_0_not_reviewed,37.774,46.774,legacy_formula_including_unreviewed_placeholders,legacy_provisional_includes_unreviewed_placeholders,,46.774,138,13,0.8702,AHR;AKT1;BAX;BCL2;CASP3;CASP8;CCL2;CCND1;CDKN1A;CXCL8;CYP1A2;FASLG;HIF1A;IGF2;IL4;IL6;KDR;MMP1;MMP9;MPO;NOS2;PLAU;PPARG;PTGS1;PTGS2;RELA;SLC6A4;TNF;TP53,BAX;BCL2;CASP3;CASP8;NOS2;PTGS1;PTGS2;SLC6A4,"Disease targets for Ulcerative Colitis; exact medicinal-material matches from TCMSP, HERB 2.0, and ETCM 2.0; legacy provisional ranking because database screening definitions are heterogeneous and safety/pair evidence are unreviewed placeholders",205,106
姜黄,莲子,3,20,22,1,2,19,True,54.2794,2,3,52.3333,60.0,False,legacy_placeholder_60_not_reviewed,0.0,False,legacy_placeholder_0_not_reviewed,37.4118,46.4118,legacy_formula_including_unreviewed_placeholders,legacy_provisional_includes_unreviewed_placeholders,,46.4118,32,8,0.8952,ABCG2;AHR;ALOX5;APEX1;CASP3;CHRNA7;CYP2C9;CYP3A4;EGFR;GPR35;HIF1A;KDR;MET;MMP9;MPO;NOD2;PLAU;PTGS1;PTGS2;SIRT1;SLC6A4;VEGFA,PLAU,"Disease targets for Ulcerative Colitis; exact medicinal-material matches from TCMSP, HERB 2.0, and ETCM 2.0; legacy provisional ranking because database screening definitions are heterogeneous and safety/pair evidence are unreviewed placeholders",206,107
莲子,薏苡仁,20,3,22,1,19,2,True,54.2794,2,3,52.3333,60.0,False,legacy_placeholder_60_not_reviewed,0.0,False,legacy_placeholder_0_not_reviewed,37.4118,46.4118,legacy_formula_including_unreviewed_placeholders,legacy_provisional_includes_unreviewed_placeholders,,46.4118,32,8,0.8952,ABCG2;AHR;ALOX5;APEX1;CASP3;CHRNA7;CYP2C9;CYP3A4;EGFR;GPR35;HIF1A;KDR;MET;MMP9;MPO;NOD2;PLAU;PTGS1;PTGS2;SIRT1;SLC6A4;VEGFA,PLAU,"Disease targets for Ulcerative Colitis; exact medicinal-material matches from TCMSP, HERB 2.0, and ETCM 2.0; legacy provisional ranking because database screening definitions are heterogeneous and safety/pair evidence are unreviewed placeholders",207,108
生姜,莲子,8,20,25,3,5,17,True,53.4927,2,3,52.3333,60.0,False,legacy_placeholder_60_not_reviewed,0.0,False,legacy_placeholder_0_not_reviewed,37.0971,46.0971,legacy_formula_including_unreviewed_placeholders,legacy_provisional_includes_unreviewed_placeholders,,46.0971,47,14,0.8586,ABCG2;AHR;ALOX5;APEX1;BAX;BCL2;CASP3;CASP8;CHRNA7;CYP2C9;CYP3A4;EGFR;GPR35;HIF1A;KDR;MET;MMP9;MPO;NOD2;PLAU;PTGS1;PTGS2;SIRT1;SLC6A4;VEGFA,CASP3;PLAU;SLC6A4,"Disease targets for Ulcerative Colitis; exact medicinal-material matches from TCMSP, HERB 2.0, and ETCM 2.0; legacy provisional ranking because database screening definitions are heterogeneous and safety/pair evidence are unreviewed placeholders",208,109
砂仁,莲子,8,20,25,3,5,17,True,53.4927,2,3,52.3333,60.0,False,legacy_placeholder_60_not_reviewed,0.0,False,legacy_placeholder_0_not_reviewed,37.0971,46.0971,legacy_formula_including_unreviewed_placeholders,legacy_provisional_includes_unreviewed_placeholders,,46.0971,47,14,0.8586,ABCG2;AHR;ALOX5;APEX1;BAX;BCL2;CASP3;CASP8;CHRNA7;CYP2C9;CYP3A4;EGFR;GPR35;HIF1A;KDR;MET;MMP9;MPO;NOD2;PLAU;PTGS1;PTGS2;SIRT1;SLC6A4;VEGFA,CASP3;PLAU;SLC6A4,"Disease targets for Ulcerative Colitis; exact medicinal-material matches from TCMSP, HERB 2.0, and ETCM 2.0; legacy provisional ranking because database screening definitions are heterogeneous and safety/pair evidence are unreviewed placeholders",209,110
山药,葛根,15,10,21,4,11,6,True,47.7468,2,3,59.0,60.0,False,legacy_placeholder_60_not_reviewed,0.0,False,legacy_placeholder_0_not_reviewed,36.7987,45.7987,legacy_formula_including_unreviewed_placeholders,legacy_provisional_includes_unreviewed_placeholders,,45.7987,59,24,0.868,ABCC2;AKT1;BAX;BCL2;CASP3;CASP8;CAT;CDKN1A;HIF1A;IL4;MTOR;NOS2;NR1I2;NR3C1;PLAU;PPARG;PTGS1;PTGS2;RELA;SLC6A4;TP53,NOS2;PTGS1;PTGS2;SLC6A4,"Disease targets for Ulcerative Colitis; exact medicinal-material matches from TCMSP, HERB 2.0, and ETCM 2.0; legacy provisional ranking because database screening definitions are heterogeneous and safety/pair evidence are unreviewed placeholders",211,111
党参,白扁豆,35,11,40,6,29,5,True,63.2683,1,1,37.0,60.0,False,legacy_placeholder_60_not_reviewed,0.0,False,legacy_placeholder_0_not_reviewed,36.4073,45.4073,legacy_formula_including_unreviewed_placeholders,legacy_provisional_includes_unreviewed_placeholders,,45.4073,256,40,0.8476,AKT1;BCL2;BIRC5;CASP3;CASP8;CCND1;CD40LG;CDK4;CDKN1A;CYP1A2;CYP3A4;EGFR;ERBB2;GSTP1;HMOX1;ICAM1;IFNG;IL10;IL2;IL4;IL6;MAPK1;MET;MMP1;MMP2;MMP8;MMP9;MYC;NFKBIA;NOS2;NR3C1;PLAU;PPARG;PTGS1;PTGS2;RB1;RELA;SLC6A4;TNF;TP53,AKT1;CASP3;HMOX1;MMP1;MMP2;PTGS2,"Disease targets for Ulcerative Colitis; exact medicinal-material matches from TCMSP, HERB 2.0, and ETCM 2.0; legacy provisional ranking because database screening definitions are heterogeneous and safety/pair evidence are unreviewed placeholders",213,112
党参,芡实,35,11,40,6,29,5,True,63.2683,1,1,37.0,60.0,False,legacy_placeholder_60_not_reviewed,0.0,False,legacy_placeholder_0_not_reviewed,36.4073,45.4073,legacy_formula_including_unreviewed_placeholders,legacy_provisional_includes_unreviewed_placeholders,,45.4073,256,40,0.8476,AKT1;BCL2;BIRC5;CASP3;CASP8;CCND1;CD40LG;CDK4;CDKN1A;CYP1A2;CYP3A4;EGFR;ERBB2;GSTP1;HMOX1;ICAM1;IFNG;IL10;IL2;IL4;IL6;MAPK1;MET;MMP1;MMP2;MMP8;MMP9;MYC;NFKBIA;NOS2;NR3C1;PLAU;PPARG;PTGS1;PTGS2;RB1;RELA;SLC6A4;TNF;TP53,AKT1;CASP3;HMOX1;MMP1;MMP2;PTGS2,"Disease targets for Ulcerative Colitis; exact medicinal-material matches from TCMSP, HERB 2.0, and ETCM 2.0; legacy provisional ranking because database screening definitions are heterogeneous and safety/pair evidence are unreviewed placeholders",214,113
党参,肉豆蔻,35,8,38,5,30,3,True,62.5417,1,1,37.0,60.0,False,legacy_placeholder_60_not_reviewed,0.0,False,legacy_placeholder_0_not_reviewed,36.1167,45.1167,legacy_formula_including_unreviewed_placeholders,legacy_provisional_includes_unreviewed_placeholders,,45.1167,239,30,0.8344,AKT1;BAX;BCL2;BIRC5;CASP3;CASP8;CCND1;CD40LG;CDK4;CDKN1A;EGFR;ERBB2;GSTP1;HMOX1;ICAM1;IFNG;IL10;IL2;IL4;IL6;MAPK1;MET;MMP1;MMP2;MMP8;MMP9;NFKBIA;NOS2;NR3C1;PLAU;PPARG;PTGS1;PTGS2;RB1;RELA;SLC6A4;TNF;TP53,CASP3;NOS2;PTGS1;PTGS2;SLC6A4,"Disease targets for Ulcerative Colitis; exact medicinal-material matches from TCMSP, HERB 2.0, and ETCM 2.0; legacy provisional ranking because database screening definitions are heterogeneous and safety/pair evidence are unreviewed placeholders",215,114
姜黄,陈皮,3,18,19,2,1,16,True,49.6919,2,2,54.0,60.0,False,legacy_placeholder_60_not_reviewed,0.0,False,legacy_placeholder_0_not_reviewed,36.0768,45.0768,legacy_formula_including_unreviewed_placeholders,legacy_provisional_includes_unreviewed_placeholders,,45.0768,52,1,0.871,ADIPOQ;AKT1;BAX;BCL2;CASP3;CAT;GSTP1;MAPK1;MAPK3;MMP9;NOS2;PLAU;PPARA;PPARG;PTGS1;PTGS2;RELA;TIMP1;TP53,PTGS1;PTGS2,"Disease targets for Ulcerative Colitis; exact medicinal-material matches from TCMSP, HERB 2.0, and ETCM 2.0; legacy provisional ranking because database screening definitions are heterogeneous and safety/pair evidence are unreviewed placeholders",216,115
薏苡仁,陈皮,3,18,19,2,1,16,True,49.6919,2,2,54.0,60.0,False,legacy_placeholder_60_not_reviewed,0.0,False,legacy_placeholder_0_not_reviewed,36.0768,45.0768,legacy_formula_including_unreviewed_placeholders,legacy_provisional_includes_unreviewed_placeholders,,45.0768,52,1,0.871,ADIPOQ;AKT1;BAX;BCL2;CASP3;CAT;GSTP1;MAPK1;MAPK3;MMP9;NOS2;PLAU;PPARA;PPARG;PTGS1;PTGS2;RELA;TIMP1;TP53,PTGS1;PTGS2,"Disease targets for Ulcerative Colitis; exact medicinal-material matches from TCMSP, HERB 2.0, and ETCM 2.0; legacy provisional ranking because database screening definitions are heterogeneous and safety/pair evidence are unreviewed placeholders",217,116
山药,肉豆蔻,15,8,19,4,11,4,True,45.4814,2,3,59.0,60.0,False,legacy_placeholder_60_not_reviewed,0.0,False,legacy_placeholder_0_not_reviewed,35.8926,44.8926,legacy_formula_including_unreviewed_placeholders,legacy_provisional_includes_unreviewed_placeholders,,44.8926,50,17,0.8714,ABCC2;AKT1;BAX;BCL2;CASP3;CASP8;CAT;CDKN1A;HIF1A;MTOR;NOS2;NR1I2;NR3C1;PLAU;PTGS1;PTGS2;RELA;SLC6A4;TP53,NOS2;PTGS1;PTGS2;SLC6A4,"Disease targets for Ulcerative Colitis; exact medicinal-material matches from TCMSP, HERB 2.0, and ETCM 2.0; legacy provisional ranking because database screening definitions are heterogeneous and safety/pair evidence are unreviewed placeholders",219,117
莲子,黄芩,20,27,39,8,12,19,True,60.3315,2,3,39.0,60.0,False,legacy_placeholder_60_not_reviewed,0.0,False,legacy_placeholder_0_not_reviewed,35.8326,44.8326,legacy_formula_including_unreviewed_placeholders,legacy_provisional_includes_unreviewed_placeholders,,44.8326,173,34,0.8496,ABCG2;AHR;AKT1;ALOX5;APEX1;BAX;BCL2;CASP3;CASP8;CCL2;CCND1;CDKN1A;CHRNA7;CXCL8;CYP1A2;CYP2C9;CYP3A4;EGFR;FASLG;GPR35;HIF1A;IGF2;IL6;KDR;MET;MMP1;MMP9;MPO;NOD2;NOS2;PLAU;PTGS1;PTGS2;RELA;SIRT1;SLC6A4;TNF;TP53;VEGFA,AHR;CASP3;HIF1A;KDR;MMP9;MPO;PLAU;SLC6A4,"Disease targets for Ulcerative Colitis; exact medicinal-material matches from TCMSP, HERB 2.0, and ETCM 2.0; legacy provisional ranking because database screening definitions are heterogeneous and safety/pair evidence are unreviewed placeholders",220,118
山药,莲子,15,20,32,3,12,17,True,59.6646,2,3,39.0,60.0,False,legacy_placeholder_60_not_reviewed,0.0,False,legacy_placeholder_0_not_reviewed,35.5659,44.5659,legacy_formula_including_unreviewed_placeholders,legacy_provisional_includes_unreviewed_placeholders,,44.5659,80,33,0.8635,ABCC2;ABCG2;AHR;AKT1;ALOX5;APEX1;CASP3;CAT;CDKN1A;CHRNA7;CYP2C9;CYP3A4;EGFR;GPR35;HIF1A;KDR;MET;MMP9;MPO;MTOR;NOD2;NOS2;NR1I2;NR3C1;PLAU;PTGS1;PTGS2;RELA;SIRT1;SLC6A4;TP53;VEGFA,HIF1A;PLAU;SLC6A4,"Disease targets for Ulcerative Colitis; exact medicinal-material matches from TCMSP, HERB 2.0, and ETCM 2.0; legacy provisional ranking because database screening definitions are heterogeneous and safety/pair evidence are unreviewed placeholders",221,119
党参,葛根,35,10,38,7,28,3,True,60.4365,1,1,37.0,60.0,False,legacy_placeholder_60_not_reviewed,0.0,False,legacy_placeholder_0_not_reviewed,35.2746,44.2746,legacy_formula_including_unreviewed_placeholders,legacy_provisional_includes_unreviewed_placeholders,,44.2746,239,30,0.8344,AKT1;BAX;BCL2;BIRC5;CASP3;CASP8;CCND1;CD40LG;CDK4;CDKN1A;EGFR;ERBB2;GSTP1;HMOX1;ICAM1;IFNG;IL10;IL2;IL4;IL6;MAPK1;MET;MMP1;MMP2;MMP8;MMP9;NFKBIA;NOS2;NR3C1;PLAU;PPARG;PTGS1;PTGS2;RB1;RELA;SLC6A4;TNF;TP53,CASP3;IL4;NOS2;PPARG;PTGS1;PTGS2;SLC6A4,"Disease targets for Ulcerative Colitis; exact medicinal-material matches from TCMSP, HERB 2.0, and ETCM 2.0; legacy provisional ranking because database screening definitions are heterogeneous and safety/pair evidence are unreviewed placeholders",222,120
生姜,陈皮,8,18,21,5,3,13,True,45.842,2,2,54.0,60.0,False,legacy_placeholder_60_not_reviewed,0.0,False,legacy_placeholder_0_not_reviewed,34.5368,43.5368,legacy_formula_including_unreviewed_placeholders,legacy_provisional_includes_unreviewed_placeholders,,43.5368,62,7,0.8023,ADIPOQ;AKT1;BAX;BCL2;CASP3;CASP8;CAT;GSTP1;MAPK1;MAPK3;MMP9;NOS2;PLAU;PPARA;PPARG;PTGS1;PTGS2;RELA;SLC6A4;TIMP1;TP53,BAX;BCL2;CASP3;PTGS1;PTGS2,"Disease targets for Ulcerative Colitis; exact medicinal-material matches from TCMSP, HERB 2.0, and ETCM 2.0; legacy provisional ranking because database screening definitions are heterogeneous and safety/pair evidence are unreviewed placeholders",225,121
砂仁,陈皮,8,18,21,5,3,13,True,45.842,2,2,54.0,60.0,False,legacy_placeholder_60_not_reviewed,0.0,False,legacy_placeholder_0_not_reviewed,34.5368,43.5368,legacy_formula_including_unreviewed_placeholders,legacy_provisional_includes_unreviewed_placeholders,,43.5368,62,7,0.8023,ADIPOQ;AKT1;BAX;BCL2;CASP3;CASP8;CAT;GSTP1;MAPK1;MAPK3;MMP9;NOS2;PLAU;PPARA;PPARG;PTGS1;PTGS2;RELA;SLC6A4;TIMP1;TP53,BAX;BCL2;CASP3;PTGS1;PTGS2,"Disease targets for Ulcerative Colitis; exact medicinal-material matches from TCMSP, HERB 2.0, and ETCM 2.0; legacy provisional ranking because database screening definitions are heterogeneous and safety/pair evidence are unreviewed placeholders",226,122
山药,生姜,15,8,19,4,11,4,True,45.4814,2,3,52.3333,60.0,False,legacy_placeholder_60_not_reviewed,0.0,False,legacy_placeholder_0_not_reviewed,33.8926,42.8926,legacy_formula_including_unreviewed_placeholders,legacy_provisional_includes_unreviewed_placeholders,,42.8926,50,17,0.8714,ABCC2;AKT1;BAX;BCL2;CASP3;CASP8;CAT;CDKN1A;HIF1A;MTOR;NOS2;NR1I2;NR3C1;PLAU;PTGS1;PTGS2;RELA;SLC6A4;TP53,PLAU;PTGS1;PTGS2;SLC6A4,"Disease targets for Ulcerative Colitis; exact medicinal-material matches from TCMSP, HERB 2.0, and ETCM 2.0; legacy provisional ranking because database screening definitions are heterogeneous and safety/pair evidence are unreviewed placeholders",227,123
山药,砂仁,15,8,19,4,11,4,True,45.4814,2,3,52.3333,60.0,False,legacy_placeholder_60_not_reviewed,0.0,False,legacy_placeholder_0_not_reviewed,33.8926,42.8926,legacy_formula_including_unreviewed_placeholders,legacy_provisional_includes_unreviewed_placeholders,,42.8926,50,17,0.8714,ABCC2;AKT1;BAX;BCL2;CASP3;CASP8;CAT;CDKN1A;HIF1A;MTOR;NOS2;NR1I2;NR3C1;PLAU;PTGS1;PTGS2;RELA;SLC6A4;TP53,PLAU;PTGS1;PTGS2;SLC6A4,"Disease targets for Ulcerative Colitis; exact medicinal-material matches from TCMSP, HERB 2.0, and ETCM 2.0; legacy provisional ranking because database screening definitions are heterogeneous and safety/pair evidence are unreviewed placeholders",228,124
山药,黄芩,15,27,32,10,5,17,True,50.9146,2,3,39.0,60.0,False,legacy_placeholder_60_not_reviewed,0.0,False,legacy_placeholder_0_not_reviewed,32.0659,41.0659,legacy_formula_including_unreviewed_placeholders,legacy_provisional_includes_unreviewed_placeholders,,41.0659,139,8,0.7641,ABCC2;AHR;AKT1;BAX;BCL2;CASP3;CASP8;CAT;CCL2;CCND1;CDKN1A;CXCL8;CYP1A2;FASLG;HIF1A;IGF2;IL6;KDR;MMP1;MMP9;MPO;MTOR;NOS2;NR1I2;NR3C1;PLAU;PTGS1;PTGS2;RELA;SLC6A4;TNF;TP53,AKT1;CDKN1A;HIF1A;NOS2;PLAU;PTGS1;PTGS2;RELA;SLC6A4;TP53,"Disease targets for Ulcerative Colitis; exact medicinal-material matches from TCMSP, HERB 2.0, and ETCM 2.0; legacy provisional ranking because database screening definitions are heterogeneous and safety/pair evidence are unreviewed placeholders",231,125
白扁豆,陈皮,11,18,25,4,7,14,True,51.8927,1,1,37.0,60.0,False,legacy_placeholder_60_not_reviewed,0.0,False,legacy_placeholder_0_not_reviewed,31.8571,40.8571,legacy_formula_including_unreviewed_placeholders,legacy_provisional_includes_unreviewed_placeholders,,40.8571,91,20,0.8691,ADIPOQ;AKT1;BAX;BCL2;CASP3;CASP8;CAT;CYP1A2;CYP3A4;GSTP1;HMOX1;MAPK1;MAPK3;MMP1;MMP2;MMP9;MYC;NOS2;PPARA;PPARG;PTGS1;PTGS2;RELA;TIMP1;TP53,AKT1;BCL2;CASP3;PTGS2,"Disease targets for Ulcerative Colitis; exact medicinal-material matches from TCMSP, HERB 2.0, and ETCM 2.0; legacy provisional ranking because database screening definitions are heterogeneous and safety/pair evidence are unreviewed placeholders",232,126
芡实,陈皮,11,18,25,4,7,14,True,51.8927,1,1,37.0,60.0,False,legacy_placeholder_60_not_reviewed,0.0,False,legacy_placeholder_0_not_reviewed,31.8571,40.8571,legacy_formula_including_unreviewed_placeholders,legacy_provisional_includes_unreviewed_placeholders,,40.8571,91,20,0.8691,ADIPOQ;AKT1;BAX;BCL2;CASP3;CASP8;CAT;CYP1A2;CYP3A4;GSTP1;HMOX1;MAPK1;MAPK3;MMP1;MMP2;MMP9;MYC;NOS2;PPARA;PPARG;PTGS1;PTGS2;RELA;TIMP1;TP53,AKT1;BCL2;CASP3;PTGS2,"Disease targets for Ulcerative Colitis; exact medicinal-material matches from TCMSP, HERB 2.0, and ETCM 2.0; legacy provisional ranking because database screening definitions are heterogeneous and safety/pair evidence are unreviewed placeholders",233,127
党参,生姜,35,8,38,5,30,3,True,62.5417,1,1,17.0,60.0,False,legacy_placeholder_60_not_reviewed,0.0,False,legacy_placeholder_0_not_reviewed,30.1167,39.1167,legacy_formula_including_unreviewed_placeholders,legacy_provisional_includes_unreviewed_placeholders,,39.1167,239,30,0.8344,AKT1;BAX;BCL2;BIRC5;CASP3;CASP8;CCND1;CD40LG;CDK4;CDKN1A;EGFR;ERBB2;GSTP1;HMOX1;ICAM1;IFNG;IL10;IL2;IL4;IL6;MAPK1;MET;MMP1;MMP2;MMP8;MMP9;NFKBIA;NOS2;NR3C1;PLAU;PPARG;PTGS1;PTGS2;RB1;RELA;SLC6A4;TNF;TP53,CASP3;PLAU;PTGS1;PTGS2;SLC6A4,"Disease targets for Ulcerative Colitis; exact medicinal-material matches from TCMSP, HERB 2.0, and ETCM 2.0; legacy provisional ranking because database screening definitions are heterogeneous and safety/pair evidence are unreviewed placeholders",235,128
党参,砂仁,35,8,38,5,30,3,True,62.5417,1,1,17.0,60.0,False,legacy_placeholder_60_not_reviewed,0.0,False,legacy_placeholder_0_not_reviewed,30.1167,39.1167,legacy_formula_including_unreviewed_placeholders,legacy_provisional_includes_unreviewed_placeholders,,39.1167,239,30,0.8344,AKT1;BAX;BCL2;BIRC5;CASP3;CASP8;CCND1;CD40LG;CDK4;CDKN1A;EGFR;ERBB2;GSTP1;HMOX1;ICAM1;IFNG;IL10;IL2;IL4;IL6;MAPK1;MET;MMP1;MMP2;MMP8;MMP9;NFKBIA;NOS2;NR3C1;PLAU;PPARG;PTGS1;PTGS2;RB1;RELA;SLC6A4;TNF;TP53,CASP3;PLAU;PTGS1;PTGS2;SLC6A4,"Disease targets for Ulcerative Colitis; exact medicinal-material matches from TCMSP, HERB 2.0, and ETCM 2.0; legacy provisional ranking because database screening definitions are heterogeneous and safety/pair evidence are unreviewed placeholders",236,129
姜黄,白扁豆,3,11,13,1,2,10,True,46.4353,1,1,37.0,60.0,False,legacy_placeholder_60_not_reviewed,0.0,False,legacy_placeholder_0_not_reviewed,29.6741,38.6741,legacy_formula_including_unreviewed_placeholders,legacy_provisional_includes_unreviewed_placeholders,,38.6741,30,3,0.7717,AKT1;BCL2;CASP3;CASP8;CYP1A2;CYP3A4;HMOX1;MMP1;MMP2;MYC;PLAU;PTGS1;PTGS2,PTGS2,"Disease targets for Ulcerative Colitis; exact medicinal-material matches from TCMSP, HERB 2.0, and ETCM 2.0; legacy provisional ranking because database screening definitions are heterogeneous and safety/pair evidence are unreviewed placeholders",239,130
姜黄,芡实,3,11,13,1,2,10,True,46.4353,1,1,37.0,60.0,False,legacy_placeholder_60_not_reviewed,0.0,False,legacy_placeholder_0_not_reviewed,29.6741,38.6741,legacy_formula_including_unreviewed_placeholders,legacy_provisional_includes_unreviewed_placeholders,,38.6741,30,3,0.7717,AKT1;BCL2;CASP3;CASP8;CYP1A2;CYP3A4;HMOX1;MMP1;MMP2;MYC;PLAU;PTGS1;PTGS2,PTGS2,"Disease targets for Ulcerative Colitis; exact medicinal-material matches from TCMSP, HERB 2.0, and ETCM 2.0; legacy provisional ranking because database screening definitions are heterogeneous and safety/pair evidence are unreviewed placeholders",240,131
白扁豆,薏苡仁,11,3,13,1,10,2,True,46.4353,1,1,37.0,60.0,False,legacy_placeholder_60_not_reviewed,0.0,False,legacy_placeholder_0_not_reviewed,29.6741,38.6741,legacy_formula_including_unreviewed_placeholders,legacy_provisional_includes_unreviewed_placeholders,,38.6741,30,3,0.7717,AKT1;BCL2;CASP3;CASP8;CYP1A2;CYP3A4;HMOX1;MMP1;MMP2;MYC;PLAU;PTGS1;PTGS2,PTGS2,"Disease targets for Ulcerative Colitis; exact medicinal-material matches from TCMSP, HERB 2.0, and ETCM 2.0; legacy provisional ranking because database screening definitions are heterogeneous and safety/pair evidence are unreviewed placeholders",241,132
芡实,薏苡仁,11,3,13,1,10,2,True,46.4353,1,1,37.0,60.0,False,legacy_placeholder_60_not_reviewed,0.0,False,legacy_placeholder_0_not_reviewed,29.6741,38.6741,legacy_formula_including_unreviewed_placeholders,legacy_provisional_includes_unreviewed_placeholders,,38.6741,30,3,0.7717,AKT1;BCL2;CASP3;CASP8;CYP1A2;CYP3A4;HMOX1;MMP1;MMP2;MYC;PLAU;PTGS1;PTGS2,PTGS2,"Disease targets for Ulcerative Colitis; exact medicinal-material matches from TCMSP, HERB 2.0, and ETCM 2.0; legacy provisional ranking because database screening definitions are heterogeneous and safety/pair evidence are unreviewed placeholders",242,133
肉豆蔻,陈皮,8,18,20,6,2,12,True,42.6341,1,1,37.0,60.0,False,legacy_placeholder_60_not_reviewed,0.0,False,legacy_placeholder_0_not_reviewed,28.1537,37.1537,legacy_formula_including_unreviewed_placeholders,legacy_provisional_includes_unreviewed_placeholders,,37.1537,61,6,0.7908,ADIPOQ;AKT1;BAX;BCL2;CASP3;CASP8;CAT;GSTP1;MAPK1;MAPK3;MMP9;NOS2;PPARA;PPARG;PTGS1;PTGS2;RELA;SLC6A4;TIMP1;TP53,BAX;BCL2;CASP3;NOS2;PTGS1;PTGS2,"Disease targets for Ulcerative Colitis; exact medicinal-material matches from TCMSP, HERB 2.0, and ETCM 2.0; legacy provisional ranking because database screening definitions are heterogeneous and safety/pair evidence are unreviewed placeholders",243,134
葛根,陈皮,10,18,21,7,3,11,True,42.0325,1,1,37.0,60.0,False,legacy_placeholder_60_not_reviewed,0.0,False,legacy_placeholder_0_not_reviewed,27.913,36.913,legacy_formula_including_unreviewed_placeholders,legacy_provisional_includes_unreviewed_placeholders,,36.913,64,8,0.7729,ADIPOQ;AKT1;BAX;BCL2;CASP3;CASP8;CAT;GSTP1;IL4;MAPK1;MAPK3;MMP9;NOS2;PPARA;PPARG;PTGS1;PTGS2;RELA;SLC6A4;TIMP1;TP53,BAX;BCL2;CASP3;NOS2;PPARG;PTGS1;PTGS2,"Disease targets for Ulcerative Colitis; exact medicinal-material matches from TCMSP, HERB 2.0, and ETCM 2.0; legacy provisional ranking because database screening definitions are heterogeneous and safety/pair evidence are unreviewed placeholders",244,135
姜黄,葛根,3,10,11,2,1,8,True,40.7761,1,1,37.0,60.0,False,legacy_placeholder_60_not_reviewed,0.0,False,legacy_placeholder_0_not_reviewed,27.4104,36.4104,legacy_formula_including_unreviewed_placeholders,legacy_provisional_includes_unreviewed_placeholders,,36.4104,13,0,0,BAX;BCL2;CASP3;CASP8;IL4;NOS2;PLAU;PPARG;PTGS1;PTGS2;SLC6A4,PTGS1;PTGS2,"Disease targets for Ulcerative Colitis; exact medicinal-material matches from TCMSP, HERB 2.0, and ETCM 2.0; legacy provisional ranking because database screening definitions are heterogeneous and safety/pair evidence are unreviewed placeholders",245,136
葛根,薏苡仁,10,3,11,2,8,1,True,40.7761,1,1,37.0,60.0,False,legacy_placeholder_60_not_reviewed,0.0,False,legacy_placeholder_0_not_reviewed,27.4104,36.4104,legacy_formula_including_unreviewed_placeholders,legacy_provisional_includes_unreviewed_placeholders,,36.4104,13,0,0,BAX;BCL2;CASP3;CASP8;IL4;NOS2;PLAU;PPARG;PTGS1;PTGS2;SLC6A4,PTGS1;PTGS2,"Disease targets for Ulcerative Colitis; exact medicinal-material matches from TCMSP, HERB 2.0, and ETCM 2.0; legacy provisional ranking because database screening definitions are heterogeneous and safety/pair evidence are unreviewed placeholders",246,137
生姜,白扁豆,8,11,15,4,4,7,True,40.3089,1,1,37.0,60.0,False,legacy_placeholder_60_not_reviewed,0.0,False,legacy_placeholder_0_not_reviewed,27.2236,36.2236,legacy_formula_including_unreviewed_placeholders,legacy_provisional_includes_unreviewed_placeholders,,36.2236,35,5,0.761,AKT1;BAX;BCL2;CASP3;CASP8;CYP1A2;CYP3A4;HMOX1;MMP1;MMP2;MYC;PLAU;PTGS1;PTGS2;SLC6A4,BCL2;CASP3;CASP8;PTGS2,"Disease targets for Ulcerative Colitis; exact medicinal-material matches from TCMSP, HERB 2.0, and ETCM 2.0; legacy provisional ranking because database screening definitions are heterogeneous and safety/pair evidence are unreviewed placeholders",247,138
生姜,芡实,8,11,15,4,4,7,True,40.3089,1,1,37.0,60.0,False,legacy_placeholder_60_not_reviewed,0.0,False,legacy_placeholder_0_not_reviewed,27.2236,36.2236,legacy_formula_including_unreviewed_placeholders,legacy_provisional_includes_unreviewed_placeholders,,36.2236,35,5,0.761,AKT1;BAX;BCL2;CASP3;CASP8;CYP1A2;CYP3A4;HMOX1;MMP1;MMP2;MYC;PLAU;PTGS1;PTGS2;SLC6A4,BCL2;CASP3;CASP8;PTGS2,"Disease targets for Ulcerative Colitis; exact medicinal-material matches from TCMSP, HERB 2.0, and ETCM 2.0; legacy provisional ranking because database screening definitions are heterogeneous and safety/pair evidence are unreviewed placeholders",248,139
白扁豆,砂仁,11,8,15,4,7,4,True,40.3089,1,1,37.0,60.0,False,legacy_placeholder_60_not_reviewed,0.0,False,legacy_placeholder_0_not_reviewed,27.2236,36.2236,legacy_formula_including_unreviewed_placeholders,legacy_provisional_includes_unreviewed_placeholders,,36.2236,35,5,0.761,AKT1;BAX;BCL2;CASP3;CASP8;CYP1A2;CYP3A4;HMOX1;MMP1;MMP2;MYC;PLAU;PTGS1;PTGS2;SLC6A4,BCL2;CASP3;CASP8;PTGS2,"Disease targets for Ulcerative Colitis; exact medicinal-material matches from TCMSP, HERB 2.0, and ETCM 2.0; legacy provisional ranking because database screening definitions are heterogeneous and safety/pair evidence are unreviewed placeholders",249,140
砂仁,芡实,8,11,15,4,4,7,True,40.3089,1,1,37.0,60.0,False,legacy_placeholder_60_not_reviewed,0.0,False,legacy_placeholder_0_not_reviewed,27.2236,36.2236,legacy_formula_including_unreviewed_placeholders,legacy_provisional_includes_unreviewed_placeholders,,36.2236,35,5,0.761,AKT1;BAX;BCL2;CASP3;CASP8;CYP1A2;CYP3A4;HMOX1;MMP1;MMP2;MYC;PLAU;PTGS1;PTGS2;SLC6A4,BCL2;CASP3;CASP8;PTGS2,"Disease targets for Ulcerative Colitis; exact medicinal-material matches from TCMSP, HERB 2.0, and ETCM 2.0; legacy provisional ranking because database screening definitions are heterogeneous and safety/pair evidence are unreviewed placeholders",250,141
姜黄,肉豆蔻,3,8,9,2,1,6,True,37.6965,1,1,37.0,60.0,False,legacy_placeholder_60_not_reviewed,0.0,False,legacy_placeholder_0_not_reviewed,26.1786,35.1786,legacy_formula_including_unreviewed_placeholders,legacy_provisional_includes_unreviewed_placeholders,,35.1786,11,0,0,BAX;BCL2;CASP3;CASP8;NOS2;PLAU;PTGS1;PTGS2;SLC6A4,PTGS1;PTGS2,"Disease targets for Ulcerative Colitis; exact medicinal-material matches from TCMSP, HERB 2.0, and ETCM 2.0; legacy provisional ranking because database screening definitions are heterogeneous and safety/pair evidence are unreviewed placeholders",251,142
肉豆蔻,薏苡仁,8,3,9,2,6,1,True,37.6965,1,1,37.0,60.0,False,legacy_placeholder_60_not_reviewed,0.0,False,legacy_placeholder_0_not_reviewed,26.1786,35.1786,legacy_formula_including_unreviewed_placeholders,legacy_provisional_includes_unreviewed_placeholders,,35.1786,11,0,0,BAX;BCL2;CASP3;CASP8;NOS2;PLAU;PTGS1;PTGS2;SLC6A4,PTGS1;PTGS2,"Disease targets for Ulcerative Colitis; exact medicinal-material matches from TCMSP, HERB 2.0, and ETCM 2.0; legacy provisional ranking because database screening definitions are heterogeneous and safety/pair evidence are unreviewed placeholders",252,143
生姜,葛根,8,10,11,7,1,3,True,22.5942,1,1,37.0,60.0,False,legacy_placeholder_60_not_reviewed,0.0,False,legacy_placeholder_0_not_reviewed,20.1377,29.1377,legacy_formula_including_unreviewed_placeholders,legacy_provisional_includes_unreviewed_placeholders,,29.1377,13,0,0,BAX;BCL2;CASP3;CASP8;IL4;NOS2;PLAU;PPARG;PTGS1;PTGS2;SLC6A4,BAX;BCL2;CASP3;CASP8;PTGS1;PTGS2;SLC6A4,"Disease targets for Ulcerative Colitis; exact medicinal-material matches from TCMSP, HERB 2.0, and ETCM 2.0; legacy provisional ranking because database screening definitions are heterogeneous and safety/pair evidence are unreviewed placeholders",255,144
砂仁,葛根,8,10,11,7,1,3,True,22.5942,1,1,37.0,60.0,False,legacy_placeholder_60_not_reviewed,0.0,False,legacy_placeholder_0_not_reviewed,20.1377,29.1377,legacy_formula_including_unreviewed_placeholders,legacy_provisional_includes_unreviewed_placeholders,,29.1377,13,0,0,BAX;BCL2;CASP3;CASP8;IL4;NOS2;PLAU;PPARG;PTGS1;PTGS2;SLC6A4,BAX;BCL2;CASP3;CASP8;PTGS1;PTGS2;SLC6A4,"Disease targets for Ulcerative Colitis; exact medicinal-material matches from TCMSP, HERB 2.0, and ETCM 2.0; legacy provisional ranking because database screening definitions are heterogeneous and safety/pair evidence are unreviewed placeholders",256,145
白扁豆,茯苓,11,2,12,1,10,1,True,45.4472,0,0,0.0,60.0,False,legacy_placeholder_60_not_reviewed,0.0,False,legacy_placeholder_0_not_reviewed,18.1789,27.1789,legacy_formula_including_unreviewed_placeholders,legacy_provisional_includes_unreviewed_placeholders,,27.1789,27,0,0,AKT1;BCL2;CASP3;CASP8;CYP1A2;CYP3A4;HMOX1;MMP1;MMP2;MYC;PTGS1;PTGS2,PTGS2,"Disease targets for Ulcerative Colitis; exact medicinal-material matches from TCMSP, HERB 2.0, and ETCM 2.0; legacy provisional ranking because database screening definitions are heterogeneous and safety/pair evidence are unreviewed placeholders",257,146
芡实,茯苓,11,2,12,1,10,1,True,45.4472,0,0,0.0,60.0,False,legacy_placeholder_60_not_reviewed,0.0,False,legacy_placeholder_0_not_reviewed,18.1789,27.1789,legacy_formula_including_unreviewed_placeholders,legacy_provisional_includes_unreviewed_placeholders,,27.1789,27,0,0,AKT1;BCL2;CASP3;CASP8;CYP1A2;CYP3A4;HMOX1;MMP1;MMP2;MYC;PTGS1;PTGS2,PTGS2,"Disease targets for Ulcerative Colitis; exact medicinal-material matches from TCMSP, HERB 2.0, and ETCM 2.0; legacy provisional ranking because database screening definitions are heterogeneous and safety/pair evidence are unreviewed placeholders",258,147
生姜,肉豆蔻,8,8,9,7,1,1,True,15.4743,1,1,37.0,60.0,False,legacy_placeholder_60_not_reviewed,0.0,False,legacy_placeholder_0_not_reviewed,17.2897,26.2897,legacy_formula_including_unreviewed_placeholders,legacy_provisional_includes_unreviewed_placeholders,,26.2897,11,0,0,BAX;BCL2;CASP3;CASP8;NOS2;PLAU;PTGS1;PTGS2;SLC6A4,BAX;BCL2;CASP3;CASP8;PTGS1;PTGS2;SLC6A4,"Disease targets for Ulcerative Colitis; exact medicinal-material matches from TCMSP, HERB 2.0, and ETCM 2.0; legacy provisional ranking because database screening definitions are heterogeneous and safety/pair evidence are unreviewed placeholders",265,148
砂仁,肉豆蔻,8,8,9,7,1,1,True,15.4743,1,1,37.0,60.0,False,legacy_placeholder_60_not_reviewed,0.0,False,legacy_placeholder_0_not_reviewed,17.2897,26.2897,legacy_formula_including_unreviewed_placeholders,legacy_provisional_includes_unreviewed_placeholders,,26.2897,11,0,0,BAX;BCL2;CASP3;CASP8;NOS2;PLAU;PTGS1;PTGS2;SLC6A4,BAX;BCL2;CASP3;CASP8;PTGS1;PTGS2;SLC6A4,"Disease targets for Ulcerative Colitis; exact medicinal-material matches from TCMSP, HERB 2.0, and ETCM 2.0; legacy provisional ranking because database screening definitions are heterogeneous and safety/pair evidence are unreviewed placeholders",266,149
白扁豆,葛根,11,10,17,4,7,6,True,43.0273,0,0,0.0,60.0,False,legacy_placeholder_60_not_reviewed,0.0,False,legacy_placeholder_0_not_reviewed,17.2109,26.2109,legacy_formula_including_unreviewed_placeholders,legacy_provisional_includes_unreviewed_placeholders,,26.2109,40,7,0.8049,AKT1;BAX;BCL2;CASP3;CASP8;CYP1A2;CYP3A4;HMOX1;IL4;MMP1;MMP2;MYC;NOS2;PPARG;PTGS1;PTGS2;SLC6A4,BCL2;CASP3;CASP8;PTGS2,"Disease targets for Ulcerative Colitis; exact medicinal-material matches from TCMSP, HERB 2.0, and ETCM 2.0; legacy provisional ranking because database screening definitions are heterogeneous and safety/pair evidence are unreviewed placeholders",267,150
芡实,葛根,11,10,17,4,7,6,True,43.0273,0,0,0.0,60.0,False,legacy_placeholder_60_not_reviewed,0.0,False,legacy_placeholder_0_not_reviewed,17.2109,26.2109,legacy_formula_including_unreviewed_placeholders,legacy_provisional_includes_unreviewed_placeholders,,26.2109,40,7,0.8049,AKT1;BAX;BCL2;CASP3;CASP8;CYP1A2;CYP3A4;HMOX1;IL4;MMP1;MMP2;MYC;NOS2;PPARG;PTGS1;PTGS2;SLC6A4,BCL2;CASP3;CASP8;PTGS2,"Disease targets for Ulcerative Colitis; exact medicinal-material matches from TCMSP, HERB 2.0, and ETCM 2.0; legacy provisional ranking because database screening definitions are heterogeneous and safety/pair evidence are unreviewed placeholders",268,151
白扁豆,肉豆蔻,11,8,15,4,7,4,True,40.3089,0,0,0.0,60.0,False,legacy_placeholder_60_not_reviewed,0.0,False,legacy_placeholder_0_not_reviewed,16.1236,25.1236,legacy_formula_including_unreviewed_placeholders,legacy_provisional_includes_unreviewed_placeholders,,25.1236,35,4,0.7955,AKT1;BAX;BCL2;CASP3;CASP8;CYP1A2;CYP3A4;HMOX1;MMP1;MMP2;MYC;NOS2;PTGS1;PTGS2;SLC6A4,BCL2;CASP3;CASP8;PTGS2,"Disease targets for Ulcerative Colitis; exact medicinal-material matches from TCMSP, HERB 2.0, and ETCM 2.0; legacy provisional ranking because database screening definitions are heterogeneous and safety/pair evidence are unreviewed placeholders",269,152
肉豆蔻,芡实,8,11,15,4,4,7,True,40.3089,0,0,0.0,60.0,False,legacy_placeholder_60_not_reviewed,0.0,False,legacy_placeholder_0_not_reviewed,16.1236,25.1236,legacy_formula_including_unreviewed_placeholders,legacy_provisional_includes_unreviewed_placeholders,,25.1236,35,4,0.7955,AKT1;BAX;BCL2;CASP3;CASP8;CYP1A2;CYP3A4;HMOX1;MMP1;MMP2;MYC;NOS2;PTGS1;PTGS2;SLC6A4,BCL2;CASP3;CASP8;PTGS2,"Disease targets for Ulcerative Colitis; exact medicinal-material matches from TCMSP, HERB 2.0, and ETCM 2.0; legacy provisional ranking because database screening definitions are heterogeneous and safety/pair evidence are unreviewed placeholders",270,153
