herb_a,herb_b,targets_a,targets_b,union_targets,shared_targets,unique_targets_a,unique_targets_b,eligible_both_herbs_contribute,target_complementarity_score,barrier_targets,barrier_pathways,pathway_synergy_score,safety_score,safety_score_final,safety_score_status,pair_evidence_score,pair_evidence_score_final,pair_evidence_score_status,core_dimensions_weighted_score,interim_ranking_score,interim_ranking_basis,score_finality,final_total_score,provisional_total_score,ppi_edges_within_union,cross_herb_ppi_edges,cross_herb_ppi_mean_score,union_gene_symbols,shared_gene_symbols,scope_note,raw_formula_rank,provisional_rank,pair_key,union_breadth_percentile,nonoverlap_ratio,unique_contribution_balance,weaker_side_contribution_percentile,cross_herb_ppi_density,cross_herb_ppi_density_percentile,target_complementarity_score_adjusted,adjusted_core_dimensions_score,safety_score_used_adjusted,pair_evidence_score_used_adjusted,adjusted_interim_total_score,adjusted_final_total_score,adjusted_score_finality,adjusted_interim_rank,adjusted_final_rank,adjusted_ranking_basis,source_a,source_b,heterogeneous_source_pair,target_count_ratio_larger_to_smaller,stages_available,mean_rank_percentile_when_available,stability_supported_in_at_least_2_stages
蒲公英,鱼腥草,37,59,77,19,18,40,True,86.4713,5,4,90.0,60.0,False,legacy_placeholder_60_not_reviewed,0.0,False,legacy_placeholder_0_not_reviewed,61.5885,70.5885,legacy_formula_including_unreviewed_placeholders,legacy_provisional_includes_unreviewed_placeholders,,70.5885,719,127,0.8463,ABCG2;AHR;AKT1;ALB;ALOX5;BAX;BCL2;BIRC5;CASP1;CASP3;CASP8;CCL2;CCND1;CD40LG;CDKN1A;CHEK2;CHRNA7;CHUK;CXCL10;CXCL8;CYP1A2;CYP3A4;DUOX2;EGFR;ERBB2;GLS;GSTM1;GSTP1;HIF1A;HMOX1;HNF4A;ICAM1;IFNG;IGF2;IKBKB;IL10;IL13;IL1A;IL1B;IL2;IL4;IL5;IL6;JUN;MAPK1;MAPK3;MMP1;MMP2;MMP3;MMP9;MPO;MYC;NFE2L2;NFKB1;NFKBIA;NOS2;NOS3;NR1I2;NR3C1;ODC1;PLAU;PPARA;PPARG;PTGS1;PTGS2;RB1;RELA;RORC;SIRT1;SLC6A4;STAT1;TCF7L2;TGFB1;TNF;TP53;VCAM1;XIST,BAX;BCL2;CASP3;CASP8;CCL2;IL1B;IL6;MAPK1;MMP1;MYC;NFKBIA;NOS2;ODC1;PPARG;PTGS1;PTGS2;RELA;TNF;TP53,"Disease targets for Ulcerative Colitis; exact medicinal-material matches from TCMSP, HERB 2.0, and ETCM 2.0; legacy provisional ranking because database screening definitions are heterogeneous and safety/pair evidence are unreviewed placeholders",6,6,蒲公英＋鱼腥草,0.957516,0.753247,0.45,0.993464,0.176389,0.614379,72.527247,56.010899,60.0,0.0,65.010899,,legacy_provisional_includes_unreviewed_placeholders,1,,legacy_formula_including_unreviewed_placeholders,HERB 2.0 exact match HERB004401,TCMSP exact match,True,1.594595,3,0.990338,True
栀子,蒲公英,60,37,77,20,40,17,True,85.9519,5,4,90.0,60.0,False,legacy_placeholder_60_not_reviewed,0.0,False,legacy_placeholder_0_not_reviewed,61.3807,70.3807,legacy_formula_including_unreviewed_placeholders,legacy_provisional_includes_unreviewed_placeholders,,70.3807,719,127,0.8463,ABCG2;AHR;AKT1;ALB;ALOX5;BAX;BCL2;BIRC5;CASP1;CASP3;CASP8;CCL2;CCND1;CD40LG;CDKN1A;CHEK2;CHRNA7;CHUK;CXCL10;CXCL8;CYP1A2;CYP3A4;DUOX2;EGFR;ERBB2;GLS;GSTM1;GSTP1;HIF1A;HMOX1;HNF4A;ICAM1;IFNG;IGF2;IKBKB;IL10;IL13;IL1A;IL1B;IL2;IL4;IL5;IL6;JUN;MAPK1;MAPK3;MMP1;MMP2;MMP3;MMP9;MPO;MYC;NFE2L2;NFKB1;NFKBIA;NOS2;NOS3;NR1I2;NR3C1;ODC1;PLAU;PPARA;PPARG;PTGS1;PTGS2;RB1;RELA;RORC;SIRT1;SLC6A4;STAT1;TCF7L2;TGFB1;TNF;TP53;VCAM1;XIST,BAX;BCL2;CASP3;CASP8;CCL2;IL1B;IL6;MAPK1;MMP1;MYC;NFKBIA;NOS2;ODC1;PPARG;PTGS1;PTGS2;RELA;SLC6A4;TNF;TP53,"Disease targets for Ulcerative Colitis; exact medicinal-material matches from TCMSP, HERB 2.0, and ETCM 2.0; legacy provisional ranking because database screening definitions are heterogeneous and safety/pair evidence are unreviewed placeholders",8,7,栀子＋蒲公英,0.957516,0.74026,0.425,0.980392,0.186765,0.689542,72.008127,55.803251,60.0,0.0,64.803251,,legacy_provisional_includes_unreviewed_placeholders,2,,legacy_formula_including_unreviewed_placeholders,TCMSP exact match,HERB 2.0 exact match HERB004401,True,1.621622,3,0.981581,True
槐花,蒲公英,60,37,77,20,40,17,True,85.9519,5,4,90.0,60.0,False,legacy_placeholder_60_not_reviewed,0.0,False,legacy_placeholder_0_not_reviewed,61.3807,70.3807,legacy_formula_including_unreviewed_placeholders,legacy_provisional_includes_unreviewed_placeholders,,70.3807,719,127,0.8463,ABCG2;AHR;AKT1;ALB;ALOX5;BAX;BCL2;BIRC5;CASP1;CASP3;CASP8;CCL2;CCND1;CD40LG;CDKN1A;CHEK2;CHRNA7;CHUK;CXCL10;CXCL8;CYP1A2;CYP3A4;DUOX2;EGFR;ERBB2;GLS;GSTM1;GSTP1;HIF1A;HMOX1;HNF4A;ICAM1;IFNG;IGF2;IKBKB;IL10;IL13;IL1A;IL1B;IL2;IL4;IL5;IL6;JUN;MAPK1;MAPK3;MMP1;MMP2;MMP3;MMP9;MPO;MYC;NFE2L2;NFKB1;NFKBIA;NOS2;NOS3;NR1I2;NR3C1;ODC1;PLAU;PPARA;PPARG;PTGS1;PTGS2;RB1;RELA;RORC;SIRT1;SLC6A4;STAT1;TCF7L2;TGFB1;TNF;TP53;VCAM1;XIST,BAX;BCL2;CASP3;CASP8;CCL2;IL1B;IL6;MAPK1;MMP1;MYC;NFKBIA;NOS2;ODC1;PPARG;PTGS1;PTGS2;RELA;SLC6A4;TNF;TP53,"Disease targets for Ulcerative Colitis; exact medicinal-material matches from TCMSP, HERB 2.0, and ETCM 2.0; legacy provisional ranking because database screening definitions are heterogeneous and safety/pair evidence are unreviewed placeholders",9,8,槐花＋蒲公英,0.957516,0.74026,0.425,0.980392,0.186765,0.689542,72.008127,55.803251,60.0,0.0,64.803251,,legacy_provisional_includes_unreviewed_placeholders,3,,legacy_formula_including_unreviewed_placeholders,TCMSP exact match,HERB 2.0 exact match HERB004401,True,1.621622,0,,False
大枣,蒲公英,61,37,78,20,41,17,True,86.8168,5,4,90.0,60.0,False,legacy_placeholder_60_not_reviewed,0.0,False,legacy_placeholder_0_not_reviewed,61.7267,70.7267,legacy_formula_including_unreviewed_placeholders,legacy_provisional_includes_unreviewed_placeholders,,70.7267,716,126,0.8447,ABCG2;AHR;AKT1;ALB;ALOX5;BAX;BCL2;BIRC5;CASP1;CASP3;CASP8;CAT;CCL2;CCND1;CD40LG;CDKN1A;CHEK2;CHRNA7;CHUK;CXCL10;CXCL8;CYP1A2;CYP3A4;DUOX2;EGFR;ERBB2;GLS;GSTM1;GSTP1;HIF1A;HMOX1;HNF4A;ICAM1;IFNG;IGF2;IL10;IL13;IL1A;IL1B;IL2;IL4;IL5;IL6;JUN;KDR;MAPK1;MAPK3;MMP1;MMP2;MMP3;MMP9;MPO;MYC;NFE2L2;NFKB1;NFKBIA;NOS2;NOS3;NR1I2;NR3C1;ODC1;PLAU;PPARA;PPARG;PTGS1;PTGS2;RB1;RELA;RORC;SIRT1;SLC6A4;STAT1;TCF7L2;TGFB1;TNF;TP53;VCAM1;XIST,BAX;BCL2;CASP3;CASP8;CCL2;IL1B;IL6;MAPK1;MMP1;MYC;NFKBIA;NOS2;ODC1;PPARG;PTGS1;PTGS2;RELA;SLC6A4;TNF;TP53,"Disease targets for Ulcerative Colitis; exact medicinal-material matches from TCMSP, HERB 2.0, and ETCM 2.0; legacy provisional ranking because database screening definitions are heterogeneous and safety/pair evidence are unreviewed placeholders",5,5,大枣＋蒲公英,0.973856,0.74359,0.414634,0.980392,0.180775,0.673203,71.943801,55.77752,60.0,0.0,64.77752,,legacy_provisional_includes_unreviewed_placeholders,4,,legacy_formula_including_unreviewed_placeholders,TCMSP exact match,HERB 2.0 exact match HERB004401,True,1.648649,3,0.993206,True
乌梅,蒲公英,61,37,77,21,40,16,True,85.4324,5,4,90.0,60.0,False,legacy_placeholder_60_not_reviewed,0.0,False,legacy_placeholder_0_not_reviewed,61.1729,70.1729,legacy_formula_including_unreviewed_placeholders,legacy_provisional_includes_unreviewed_placeholders,,70.1729,719,123,0.8477,ABCG2;AHR;AKT1;ALB;ALOX5;BAX;BCL2;BIRC5;CASP1;CASP3;CASP8;CCL2;CCND1;CD40LG;CDKN1A;CHEK2;CHRNA7;CHUK;CXCL10;CXCL8;CYP1A2;CYP3A4;DUOX2;EGFR;ERBB2;GLS;GSTM1;GSTP1;HIF1A;HMOX1;HNF4A;ICAM1;IFNG;IGF2;IKBKB;IL10;IL13;IL1A;IL1B;IL2;IL4;IL5;IL6;JUN;MAPK1;MAPK3;MMP1;MMP2;MMP3;MMP9;MPO;MYC;NFE2L2;NFKB1;NFKBIA;NOS2;NOS3;NR1I2;NR3C1;ODC1;PLAU;PPARA;PPARG;PTGS1;PTGS2;RB1;RELA;RORC;SIRT1;SLC6A4;STAT1;TCF7L2;TGFB1;TNF;TP53;VCAM1;XIST,BAX;BCL2;CASP3;CASP8;CCL2;IL1B;IL6;MAPK1;MMP1;MYC;NFKBIA;NOS2;NR3C1;ODC1;PPARG;PTGS1;PTGS2;RELA;SLC6A4;TNF;TP53,"Disease targets for Ulcerative Colitis; exact medicinal-material matches from TCMSP, HERB 2.0, and ETCM 2.0; legacy provisional ranking because database screening definitions are heterogeneous and safety/pair evidence are unreviewed placeholders",10,9,乌梅＋蒲公英,0.957516,0.727273,0.4,0.95098,0.192188,0.699346,70.590315,55.236126,60.0,0.0,64.236126,,legacy_provisional_includes_unreviewed_placeholders,5,,legacy_formula_including_unreviewed_placeholders,TCMSP exact match,HERB 2.0 exact match HERB004401,True,1.648649,3,0.965126,True
蒲公英,马齿苋,37,63,79,21,16,42,True,87.172,5,4,90.0,60.0,False,legacy_placeholder_60_not_reviewed,0.0,False,legacy_placeholder_0_not_reviewed,61.8688,70.8688,legacy_formula_including_unreviewed_placeholders,legacy_provisional_includes_unreviewed_placeholders,,70.8688,739,119,0.8364,ABCG2;AHR;AKT1;ALB;ALOX5;BAX;BCL2;BIRC5;CASP1;CASP3;CASP8;CCL2;CCND1;CD40LG;CDK4;CDKN1A;CHEK2;CHRNA7;CHUK;CXCL10;CXCL8;CYP1A2;CYP3A4;DUOX2;EGFR;ERBB2;GLS;GSTM1;GSTP1;HIF1A;HMOX1;HNF4A;ICAM1;IFNG;IGF2;IKBKB;IL10;IL13;IL1A;IL1B;IL2;IL4;IL5;IL6;JUN;MAPK1;MAPK3;MET;MMP1;MMP2;MMP3;MMP9;MPO;MYC;NFE2L2;NFKB1;NFKBIA;NOS2;NOS3;NR1I2;NR3C1;ODC1;PLAU;PPARA;PPARG;PTGS1;PTGS2;RB1;RELA;RORC;SIRT1;SLC6A4;STAT1;TCF7L2;TGFB1;TNF;TP53;VCAM1;XIST,BAX;BCL2;CASP3;CASP8;CCL2;IL1B;IL4;IL6;MAPK1;MMP1;MYC;NFKBIA;NOS2;ODC1;PPARG;PTGS1;PTGS2;RELA;SLC6A4;TNF;TP53,"Disease targets for Ulcerative Colitis; exact medicinal-material matches from TCMSP, HERB 2.0, and ETCM 2.0; legacy provisional ranking because database screening definitions are heterogeneous and safety/pair evidence are unreviewed placeholders",3,3,蒲公英＋马齿苋,0.98366,0.734177,0.380952,0.95098,0.177083,0.620915,69.930061,54.972024,60.0,0.0,63.972024,,legacy_provisional_includes_unreviewed_placeholders,6,,legacy_formula_including_unreviewed_placeholders,HERB 2.0 exact match HERB004401,TCMSP exact match,True,1.702703,3,0.941876,True
蒲公英,黄芪,37,63,79,21,16,42,True,87.172,5,4,90.0,60.0,False,legacy_placeholder_60_not_reviewed,0.0,False,legacy_placeholder_0_not_reviewed,61.8688,70.8688,legacy_formula_including_unreviewed_placeholders,legacy_provisional_includes_unreviewed_placeholders,,70.8688,741,118,0.8372,ABCG2;AHR;AKT1;ALB;ALOX5;BAX;BCL2;BIRC5;CASP1;CASP3;CASP8;CCL2;CCND1;CD40LG;CDKN1A;CHEK2;CHRNA7;CHUK;CXCL10;CXCL8;CYP1A2;CYP3A4;DUOX2;EGFR;ERBB2;GLS;GSTM1;GSTP1;HIF1A;HMOX1;HNF4A;ICAM1;IFNG;IGF2;IKBKB;IL10;IL13;IL1A;IL1B;IL2;IL4;IL5;IL6;JUN;KDR;MAPK1;MAPK3;MET;MMP1;MMP2;MMP3;MMP9;MPO;MYC;NFE2L2;NFKB1;NFKBIA;NOS2;NOS3;NR1I2;NR3C1;ODC1;PLAU;PPARA;PPARG;PTGS1;PTGS2;RB1;RELA;RORC;SIRT1;SLC6A4;STAT1;TCF7L2;TGFB1;TNF;TP53;VCAM1;XIST,BAX;BCL2;CASP3;CASP8;CCL2;IL1B;IL4;IL6;MAPK1;MMP1;MYC;NFKBIA;NOS2;ODC1;PPARG;PTGS1;PTGS2;RELA;SLC6A4;TNF;TP53,"Disease targets for Ulcerative Colitis; exact medicinal-material matches from TCMSP, HERB 2.0, and ETCM 2.0; legacy provisional ranking because database screening definitions are heterogeneous and safety/pair evidence are unreviewed placeholders",4,4,蒲公英＋黄芪,0.98366,0.734177,0.380952,0.95098,0.175595,0.607843,69.799342,54.919737,60.0,0.0,63.919737,,legacy_provisional_includes_unreviewed_placeholders,7,,legacy_formula_including_unreviewed_placeholders,HERB 2.0 exact match HERB004401,TCMSP exact match,True,1.702703,0,,False
石榴皮,蒲公英,64,37,80,21,43,16,True,88.0366,5,4,90.0,60.0,False,legacy_placeholder_60_not_reviewed,0.0,False,legacy_placeholder_0_not_reviewed,62.2146,71.2146,legacy_formula_including_unreviewed_placeholders,legacy_provisional_includes_unreviewed_placeholders,,71.2146,739,119,0.8364,ABCG2;AHR;AKT1;ALB;ALOX5;BAX;BCL2;BIRC5;CASP1;CASP3;CASP8;CAT;CCL2;CCND1;CD40LG;CDK4;CDKN1A;CHEK2;CHRNA7;CHUK;CXCL10;CXCL8;CYP1A2;CYP3A4;DUOX2;EGFR;ERBB2;GLS;GSTM1;GSTP1;HIF1A;HMOX1;HNF4A;ICAM1;IFNG;IGF2;IKBKB;IL10;IL13;IL1A;IL1B;IL2;IL4;IL5;IL6;JUN;MAPK1;MAPK3;MET;MMP1;MMP2;MMP3;MMP9;MPO;MYC;NFE2L2;NFKB1;NFKBIA;NOS2;NOS3;NR1I2;NR3C1;ODC1;PLAU;PPARA;PPARG;PTGS1;PTGS2;RB1;RELA;RORC;SIRT1;SLC6A4;STAT1;TCF7L2;TGFB1;TNF;TP53;VCAM1;XIST,BAX;BCL2;CASP3;CASP8;CCL2;IL1B;IL4;IL6;MAPK1;MMP1;MYC;NFKBIA;NOS2;ODC1;PPARG;PTGS1;PTGS2;RELA;SLC6A4;TNF;TP53,"Disease targets for Ulcerative Colitis; exact medicinal-material matches from TCMSP, HERB 2.0, and ETCM 2.0; legacy provisional ranking because database screening definitions are heterogeneous and safety/pair evidence are unreviewed placeholders",2,2,石榴皮＋蒲公英,0.993464,0.7375,0.372093,0.95098,0.172965,0.601307,69.74735,54.89894,60.0,0.0,63.89894,,legacy_provisional_includes_unreviewed_placeholders,8,,legacy_formula_including_unreviewed_placeholders,TCMSP exact match,HERB 2.0 exact match HERB004401,True,1.72973,0,,False
甘草,蒲公英,67,37,82,22,45,15,True,89.2683,5,4,90.0,60.0,False,legacy_placeholder_60_not_reviewed,0.0,False,legacy_placeholder_0_not_reviewed,62.7073,71.7073,legacy_formula_including_unreviewed_placeholders,legacy_provisional_includes_unreviewed_placeholders,,71.7073,796,120,0.8412,ABCG2;ADIPOQ;AHR;AKT1;ALB;ALOX5;BAX;BCL2;BIRC5;CASP1;CASP3;CASP8;CAT;CCL2;CCND1;CD40LG;CDK4;CDKN1A;CHEK2;CHRNA7;CHUK;CXCL10;CXCL8;CYP1A2;CYP3A4;DUOX2;EGFR;ERBB2;GLS;GSTM1;GSTP1;HIF1A;HMOX1;HNF4A;ICAM1;IFNG;IGF2;IKBKB;IL10;IL13;IL1A;IL1B;IL2;IL4;IL5;IL6;JUN;KDR;MAPK1;MAPK3;MMP1;MMP2;MMP3;MMP9;MPO;MYC;NFE2L2;NFKB1;NFKBIA;NOS2;NOS3;NR1I2;NR3C1;ODC1;PLAU;PPARA;PPARG;PTGS1;PTGS2;RB1;RELA;RORC;SIRT1;SLC6A4;STAT1;STAT3;TCF7L2;TGFB1;TNF;TP53;VCAM1;XIST,BAX;BCL2;CASP3;CASP8;CCL2;IL1B;IL4;IL6;MAPK1;MAPK3;MMP1;MYC;NFKBIA;NOS2;ODC1;PPARG;PTGS1;PTGS2;RELA;SLC6A4;TNF;TP53,"Disease targets for Ulcerative Colitis; exact medicinal-material matches from TCMSP, HERB 2.0, and ETCM 2.0; legacy provisional ranking because database screening definitions are heterogeneous and safety/pair evidence are unreviewed placeholders",1,1,甘草＋蒲公英,1.0,0.731707,0.333333,0.928105,0.177778,0.627451,68.488761,54.395505,60.0,0.0,63.395505,,legacy_provisional_includes_unreviewed_placeholders,9,,legacy_formula_including_unreviewed_placeholders,TCMSP exact match,HERB 2.0 exact match HERB004401,True,1.810811,3,0.930251,True
党参,蒲公英,35,37,57,15,20,22,True,71.181,3,3,71.0,60.0,False,legacy_placeholder_60_not_reviewed,0.0,False,legacy_placeholder_0_not_reviewed,49.7724,58.7724,legacy_formula_including_unreviewed_placeholders,legacy_provisional_includes_unreviewed_placeholders,,58.7724,482,116,0.8296,AKT1;ALB;BAX;BCL2;BIRC5;CASP1;CASP3;CASP8;CCL2;CCND1;CD40LG;CDK4;CDKN1A;CHRNA7;EGFR;ERBB2;GLS;GSTP1;HMOX1;HNF4A;ICAM1;IFNG;IL10;IL13;IL1B;IL2;IL4;IL5;IL6;JUN;MAPK1;MAPK3;MET;MMP1;MMP2;MMP8;MMP9;MYC;NFKB1;NFKBIA;NOS2;NR3C1;ODC1;PLAU;PPARG;PTGS1;PTGS2;RB1;RELA;RORC;SIRT1;SLC6A4;TCF7L2;TGFB1;TNF;TP53;XIST,CASP3;IL4;IL6;MAPK1;MMP1;NFKBIA;NOS2;NR3C1;PPARG;PTGS1;PTGS2;RELA;SLC6A4;TNF;TP53,"Disease targets for Ulcerative Colitis; exact medicinal-material matches from TCMSP, HERB 2.0, and ETCM 2.0; legacy provisional ranking because database screening definitions are heterogeneous and safety/pair evidence are unreviewed placeholders",136,63,党参＋蒲公英,0.490196,0.736842,0.909091,1.0,0.263636,0.862745,79.125152,52.950061,60.0,0.0,61.950061,,legacy_provisional_includes_unreviewed_placeholders,10,,legacy_formula_including_unreviewed_placeholders,TCMSP exact match,HERB 2.0 exact match HERB004401,True,1.057143,0,,False
莲子,陈皮,20,18,36,2,18,16,True,64.1192,3,4,76.0,60.0,False,legacy_placeholder_60_not_reviewed,0.0,False,legacy_placeholder_0_not_reviewed,48.4477,57.4477,legacy_formula_including_unreviewed_placeholders,legacy_provisional_includes_unreviewed_placeholders,,57.4477,107,34,0.8879,ABCG2;ADIPOQ;AHR;AKT1;ALOX5;APEX1;BAX;BCL2;CASP3;CAT;CHRNA7;CYP2C9;CYP3A4;EGFR;GPR35;GSTP1;HIF1A;KDR;MAPK1;MAPK3;MET;MMP9;MPO;NOD2;NOS2;PLAU;PPARA;PPARG;PTGS1;PTGS2;RELA;SIRT1;SLC6A4;TIMP1;TP53;VEGFA,CASP3;MMP9,"Disease targets for Ulcerative Colitis; exact medicinal-material matches from TCMSP, HERB 2.0, and ETCM 2.0; legacy provisional ranking because database screening definitions are heterogeneous and safety/pair evidence are unreviewed placeholders",140,67,莲子＋陈皮,0.346405,0.944444,0.888889,0.95098,0.118056,0.346405,74.934641,52.773856,60.0,0.0,61.773856,,legacy_provisional_includes_unreviewed_placeholders,11,,legacy_formula_including_unreviewed_placeholders,ETCM 2.0 exact match LianZi,TCMSP exact match,True,1.111111,1,0.941667,False
莲子,蒲公英,20,37,53,4,16,33,True,75.7616,4,4,83.0,60.0,False,legacy_placeholder_60_not_reviewed,0.0,False,legacy_placeholder_0_not_reviewed,55.2046,64.2046,legacy_formula_including_unreviewed_placeholders,legacy_provisional_includes_unreviewed_placeholders,,64.2046,318,84,0.8383,ABCG2;AHR;ALB;ALOX5;APEX1;BAX;BCL2;CASP1;CASP3;CASP8;CCL2;CHRNA7;CYP2C9;CYP3A4;EGFR;GLS;GPR35;HIF1A;HNF4A;IL13;IL1B;IL4;IL5;IL6;JUN;KDR;MAPK1;MAPK3;MET;MMP1;MMP9;MPO;MYC;NFKB1;NFKBIA;NOD2;NOS2;NR3C1;ODC1;PLAU;PPARG;PTGS1;PTGS2;RELA;RORC;SIRT1;SLC6A4;TCF7L2;TGFB1;TNF;TP53;VEGFA;XIST,CASP3;CHRNA7;SIRT1;SLC6A4,"Disease targets for Ulcerative Colitis; exact medicinal-material matches from TCMSP, HERB 2.0, and ETCM 2.0; legacy provisional ranking because database screening definitions are heterogeneous and safety/pair evidence are unreviewed placeholders",110,37,莲子＋蒲公英,0.48366,0.924528,0.484848,0.95098,0.159091,0.496732,66.563891,51.525556,60.0,0.0,60.525556,,legacy_provisional_includes_unreviewed_placeholders,12,,legacy_formula_including_unreviewed_placeholders,ETCM 2.0 exact match LianZi,HERB 2.0 exact match HERB004401,True,1.85,1,0.933333,False
蒲公英,黄芩,37,27,50,14,23,13,True,65.3854,4,4,83.0,60.0,False,legacy_placeholder_60_not_reviewed,0.0,False,legacy_placeholder_0_not_reviewed,51.0541,60.0541,legacy_formula_including_unreviewed_placeholders,legacy_provisional_includes_unreviewed_placeholders,,60.0541,358,67,0.8394,AHR;AKT1;ALB;BAX;BCL2;CASP1;CASP3;CASP8;CCL2;CCND1;CDKN1A;CHRNA7;CXCL8;CYP1A2;FASLG;GLS;HIF1A;HNF4A;IGF2;IL13;IL1B;IL4;IL5;IL6;JUN;KDR;MAPK1;MAPK3;MMP1;MMP9;MPO;MYC;NFKB1;NFKBIA;NOS2;NR3C1;ODC1;PLAU;PPARG;PTGS1;PTGS2;RELA;RORC;SIRT1;SLC6A4;TCF7L2;TGFB1;TNF;TP53;XIST,BAX;BCL2;CASP3;CASP8;CCL2;IL6;MMP1;NOS2;PTGS1;PTGS2;RELA;SLC6A4;TNF;TP53,"Disease targets for Ulcerative Colitis; exact medicinal-material matches from TCMSP, HERB 2.0, and ETCM 2.0; legacy provisional ranking because database screening definitions are heterogeneous and safety/pair evidence are unreviewed placeholders",131,58,蒲公英＋黄芩,0.477124,0.72,0.565217,0.915033,0.22408,0.823529,66.45979,51.483916,60.0,0.0,60.483916,,legacy_provisional_includes_unreviewed_placeholders,13,,legacy_formula_including_unreviewed_placeholders,HERB 2.0 exact match HERB004401,TCMSP exact match,True,1.37037,3,0.902261,True
石榴皮,陈皮,64,18,67,15,49,3,True,80.0692,5,4,95.0,60.0,False,legacy_placeholder_60_not_reviewed,0.0,False,legacy_placeholder_0_not_reviewed,60.5277,69.5277,legacy_formula_including_unreviewed_placeholders,legacy_provisional_includes_unreviewed_placeholders,,69.5277,548,31,0.8421,ABCG2;ADIPOQ;AHR;AKT1;ALOX5;BAX;BCL2;BIRC5;CASP3;CASP8;CAT;CCL2;CCND1;CD40LG;CDK4;CDKN1A;CHEK2;CHUK;CXCL10;CXCL8;CYP1A2;CYP3A4;DUOX2;EGFR;ERBB2;GSTM1;GSTP1;HIF1A;HMOX1;ICAM1;IFNG;IGF2;IKBKB;IL10;IL1A;IL1B;IL2;IL4;IL6;MAPK1;MAPK3;MET;MMP1;MMP2;MMP3;MMP9;MPO;MYC;NFE2L2;NFKBIA;NOS2;NOS3;NR1I2;ODC1;PLAU;PPARA;PPARG;PTGS1;PTGS2;RB1;RELA;SLC6A4;STAT1;TIMP1;TNF;TP53;VCAM1,AKT1;BAX;BCL2;CASP3;CAT;GSTP1;MAPK1;MMP9;NOS2;PPARA;PPARG;PTGS1;PTGS2;RELA;TP53,"Disease targets for Ulcerative Colitis; exact medicinal-material matches from TCMSP, HERB 2.0, and ETCM 2.0; legacy provisional ranking because database screening definitions are heterogeneous and safety/pair evidence are unreviewed placeholders",14,12,石榴皮＋陈皮,0.813725,0.776119,0.061224,0.447712,0.210884,0.784314,52.073053,49.329221,60.0,0.0,58.329221,,legacy_provisional_includes_unreviewed_placeholders,14,,legacy_formula_including_unreviewed_placeholders,TCMSP exact match,TCMSP exact match,False,3.555556,0,,False
陈皮,马齿苋,18,63,67,14,4,49,True,80.6662,5,4,95.0,60.0,False,legacy_placeholder_60_not_reviewed,0.0,False,legacy_placeholder_0_not_reviewed,60.7665,69.7665,legacy_formula_including_unreviewed_placeholders,legacy_provisional_includes_unreviewed_placeholders,,69.7665,548,31,0.8421,ABCG2;ADIPOQ;AHR;AKT1;ALOX5;BAX;BCL2;BIRC5;CASP3;CASP8;CAT;CCL2;CCND1;CD40LG;CDK4;CDKN1A;CHEK2;CHUK;CXCL10;CXCL8;CYP1A2;CYP3A4;DUOX2;EGFR;ERBB2;GSTM1;GSTP1;HIF1A;HMOX1;ICAM1;IFNG;IGF2;IKBKB;IL10;IL1A;IL1B;IL2;IL4;IL6;MAPK1;MAPK3;MET;MMP1;MMP2;MMP3;MMP9;MPO;MYC;NFE2L2;NFKBIA;NOS2;NOS3;NR1I2;ODC1;PLAU;PPARA;PPARG;PTGS1;PTGS2;RB1;RELA;SLC6A4;STAT1;TIMP1;TNF;TP53;VCAM1,AKT1;BAX;BCL2;CASP3;GSTP1;MAPK1;MMP9;NOS2;PPARA;PPARG;PTGS1;PTGS2;RELA;TP53,"Disease targets for Ulcerative Colitis; exact medicinal-material matches from TCMSP, HERB 2.0, and ETCM 2.0; legacy provisional ranking because database screening definitions are heterogeneous and safety/pair evidence are unreviewed placeholders",11,10,陈皮＋马齿苋,0.813725,0.791045,0.081633,0.571895,0.158163,0.486928,51.947321,49.278928,60.0,0.0,58.278928,,legacy_provisional_includes_unreviewed_placeholders,15,,legacy_formula_including_unreviewed_placeholders,TCMSP exact match,TCMSP exact match,False,3.5,4,0.827747,True
陈皮,黄芪,18,63,67,14,4,49,True,80.6662,5,4,95.0,60.0,False,legacy_placeholder_60_not_reviewed,0.0,False,legacy_placeholder_0_not_reviewed,60.7665,69.7665,legacy_formula_including_unreviewed_placeholders,legacy_provisional_includes_unreviewed_placeholders,,69.7665,551,31,0.8421,ABCG2;ADIPOQ;AHR;AKT1;ALOX5;BAX;BCL2;BIRC5;CASP3;CASP8;CAT;CCL2;CCND1;CD40LG;CDKN1A;CHEK2;CHUK;CXCL10;CXCL8;CYP1A2;CYP3A4;DUOX2;EGFR;ERBB2;GSTM1;GSTP1;HIF1A;HMOX1;ICAM1;IFNG;IGF2;IKBKB;IL10;IL1A;IL1B;IL2;IL4;IL6;KDR;MAPK1;MAPK3;MET;MMP1;MMP2;MMP3;MMP9;MPO;MYC;NFE2L2;NFKBIA;NOS2;NOS3;NR1I2;ODC1;PLAU;PPARA;PPARG;PTGS1;PTGS2;RB1;RELA;SLC6A4;STAT1;TIMP1;TNF;TP53;VCAM1,AKT1;BAX;BCL2;CASP3;GSTP1;MAPK1;MMP9;NOS2;PPARA;PPARG;PTGS1;PTGS2;RELA;TP53,"Disease targets for Ulcerative Colitis; exact medicinal-material matches from TCMSP, HERB 2.0, and ETCM 2.0; legacy provisional ranking because database screening definitions are heterogeneous and safety/pair evidence are unreviewed placeholders",12,11,陈皮＋黄芪,0.813725,0.791045,0.081633,0.571895,0.158163,0.486928,51.947321,49.278928,60.0,0.0,58.278928,,legacy_provisional_includes_unreviewed_placeholders,16,,legacy_formula_including_unreviewed_placeholders,TCMSP exact match,TCMSP exact match,False,3.5,0,,False
乌梅,陈皮,61,18,65,14,47,4,True,78.9456,5,4,95.0,60.0,False,legacy_placeholder_60_not_reviewed,0.0,False,legacy_placeholder_0_not_reviewed,60.0782,69.0782,legacy_formula_including_unreviewed_placeholders,legacy_provisional_includes_unreviewed_placeholders,,69.0782,521,30,0.8462,ABCG2;ADIPOQ;AHR;AKT1;ALOX5;BAX;BCL2;BIRC5;CASP3;CASP8;CAT;CCL2;CCND1;CD40LG;CDKN1A;CHEK2;CHUK;CXCL10;CXCL8;CYP1A2;CYP3A4;DUOX2;EGFR;ERBB2;GSTM1;GSTP1;HIF1A;HMOX1;ICAM1;IFNG;IGF2;IKBKB;IL10;IL1A;IL1B;IL2;IL6;MAPK1;MAPK3;MMP1;MMP2;MMP3;MMP9;MPO;MYC;NFE2L2;NFKBIA;NOS2;NOS3;NR1I2;NR3C1;ODC1;PLAU;PPARA;PPARG;PTGS1;PTGS2;RB1;RELA;SLC6A4;STAT1;TIMP1;TNF;TP53;VCAM1,AKT1;BAX;BCL2;CASP3;GSTP1;MAPK1;MMP9;NOS2;PPARA;PPARG;PTGS1;PTGS2;RELA;TP53,"Disease targets for Ulcerative Colitis; exact medicinal-material matches from TCMSP, HERB 2.0, and ETCM 2.0; legacy provisional ranking because database screening definitions are heterogeneous and safety/pair evidence are unreviewed placeholders",19,14,乌梅＋陈皮,0.732026,0.784615,0.085106,0.571895,0.159574,0.503268,50.42021,48.668084,60.0,0.0,57.668084,,legacy_provisional_includes_unreviewed_placeholders,17,,legacy_formula_including_unreviewed_placeholders,TCMSP exact match,TCMSP exact match,False,3.388889,4,0.801979,True
山药,陈皮,15,18,26,7,8,11,True,48.2552,3,4,76.0,60.0,False,legacy_placeholder_60_not_reviewed,0.0,False,legacy_placeholder_0_not_reviewed,42.1021,51.1021,legacy_formula_including_unreviewed_placeholders,legacy_provisional_includes_unreviewed_placeholders,,51.1021,82,16,0.8441,ABCC2;ADIPOQ;AKT1;BAX;BCL2;CASP3;CAT;CDKN1A;GSTP1;HIF1A;MAPK1;MAPK3;MMP9;MTOR;NOS2;NR1I2;NR3C1;PLAU;PPARA;PPARG;PTGS1;PTGS2;RELA;SLC6A4;TIMP1;TP53,AKT1;CAT;NOS2;PTGS1;PTGS2;RELA;TP53,"Disease targets for Ulcerative Colitis; exact medicinal-material matches from TCMSP, HERB 2.0, and ETCM 2.0; legacy provisional ranking because database screening definitions are heterogeneous and safety/pair evidence are unreviewed placeholders",151,77,山药＋陈皮,0.277778,0.730769,0.727273,0.813725,0.181818,0.679739,64.646236,48.658494,60.0,0.0,57.658494,,legacy_provisional_includes_unreviewed_placeholders,18,,legacy_formula_including_unreviewed_placeholders,TCMSP exact match,TCMSP exact match,False,1.2,4,0.823435,True
山药,蒲公英,15,37,45,7,8,30,True,66.7046,4,4,83.0,60.0,False,legacy_placeholder_60_not_reviewed,0.0,False,legacy_placeholder_0_not_reviewed,51.5818,60.5818,legacy_formula_including_unreviewed_placeholders,legacy_provisional_includes_unreviewed_placeholders,,60.5818,286,57,0.8401,ABCC2;AKT1;ALB;BAX;BCL2;CASP1;CASP3;CASP8;CAT;CCL2;CDKN1A;CHRNA7;GLS;HIF1A;HNF4A;IL13;IL1B;IL4;IL5;IL6;JUN;MAPK1;MAPK3;MMP1;MTOR;MYC;NFKB1;NFKBIA;NOS2;NR1I2;NR3C1;ODC1;PLAU;PPARG;PTGS1;PTGS2;RELA;RORC;SIRT1;SLC6A4;TCF7L2;TGFB1;TNF;TP53;XIST,NOS2;NR3C1;PTGS1;PTGS2;RELA;SLC6A4;TP53,"Disease targets for Ulcerative Colitis; exact medicinal-material matches from TCMSP, HERB 2.0, and ETCM 2.0; legacy provisional ranking because database screening definitions are heterogeneous and safety/pair evidence are unreviewed placeholders",129,56,山药＋蒲公英,0.457516,0.844444,0.266667,0.813725,0.2375,0.830065,58.767974,48.40719,60.0,0.0,57.40719,,legacy_provisional_includes_unreviewed_placeholders,19,,legacy_formula_including_unreviewed_placeholders,TCMSP exact match,HERB 2.0 exact match HERB004401,True,2.466667,3,0.748421,True
栀子,陈皮,60,18,64,14,46,4,True,78.0793,5,4,95.0,60.0,False,legacy_placeholder_60_not_reviewed,0.0,False,legacy_placeholder_0_not_reviewed,59.7317,68.7317,legacy_formula_including_unreviewed_placeholders,legacy_provisional_includes_unreviewed_placeholders,,68.7317,513,30,0.8462,ABCG2;ADIPOQ;AHR;AKT1;ALOX5;BAX;BCL2;BIRC5;CASP3;CASP8;CAT;CCL2;CCND1;CD40LG;CDKN1A;CHEK2;CHUK;CXCL10;CXCL8;CYP1A2;CYP3A4;DUOX2;EGFR;ERBB2;GSTM1;GSTP1;HIF1A;HMOX1;ICAM1;IFNG;IGF2;IKBKB;IL10;IL1A;IL1B;IL2;IL6;MAPK1;MAPK3;MMP1;MMP2;MMP3;MMP9;MPO;MYC;NFE2L2;NFKBIA;NOS2;NOS3;NR1I2;ODC1;PLAU;PPARA;PPARG;PTGS1;PTGS2;RB1;RELA;SLC6A4;STAT1;TIMP1;TNF;TP53;VCAM1,AKT1;BAX;BCL2;CASP3;GSTP1;MAPK1;MMP9;NOS2;PPARA;PPARG;PTGS1;PTGS2;RELA;TP53,"Disease targets for Ulcerative Colitis; exact medicinal-material matches from TCMSP, HERB 2.0, and ETCM 2.0; legacy provisional ranking because database screening definitions are heterogeneous and safety/pair evidence are unreviewed placeholders",22,15,栀子＋陈皮,0.653595,0.78125,0.086957,0.571895,0.163043,0.53268,49.11707,48.146828,60.0,0.0,57.146828,,legacy_provisional_includes_unreviewed_placeholders,20,,legacy_formula_including_unreviewed_placeholders,TCMSP exact match,TCMSP exact match,False,3.333333,4,0.781995,True
槐花,陈皮,60,18,64,14,46,4,True,78.0793,5,4,95.0,60.0,False,legacy_placeholder_60_not_reviewed,0.0,False,legacy_placeholder_0_not_reviewed,59.7317,68.7317,legacy_formula_including_unreviewed_placeholders,legacy_provisional_includes_unreviewed_placeholders,,68.7317,513,30,0.8462,ABCG2;ADIPOQ;AHR;AKT1;ALOX5;BAX;BCL2;BIRC5;CASP3;CASP8;CAT;CCL2;CCND1;CD40LG;CDKN1A;CHEK2;CHUK;CXCL10;CXCL8;CYP1A2;CYP3A4;DUOX2;EGFR;ERBB2;GSTM1;GSTP1;HIF1A;HMOX1;ICAM1;IFNG;IGF2;IKBKB;IL10;IL1A;IL1B;IL2;IL6;MAPK1;MAPK3;MMP1;MMP2;MMP3;MMP9;MPO;MYC;NFE2L2;NFKBIA;NOS2;NOS3;NR1I2;ODC1;PLAU;PPARA;PPARG;PTGS1;PTGS2;RB1;RELA;SLC6A4;STAT1;TIMP1;TNF;TP53;VCAM1,AKT1;BAX;BCL2;CASP3;GSTP1;MAPK1;MMP9;NOS2;PPARA;PPARG;PTGS1;PTGS2;RELA;TP53,"Disease targets for Ulcerative Colitis; exact medicinal-material matches from TCMSP, HERB 2.0, and ETCM 2.0; legacy provisional ranking because database screening definitions are heterogeneous and safety/pair evidence are unreviewed placeholders",23,16,槐花＋陈皮,0.653595,0.78125,0.086957,0.571895,0.163043,0.53268,49.11707,48.146828,60.0,0.0,57.146828,,legacy_provisional_includes_unreviewed_placeholders,21,,legacy_formula_including_unreviewed_placeholders,TCMSP exact match,TCMSP exact match,False,3.333333,0,,False
大枣,陈皮,61,18,64,15,46,3,True,77.4543,5,4,95.0,60.0,False,legacy_placeholder_60_not_reviewed,0.0,False,legacy_placeholder_0_not_reviewed,59.4817,68.4817,legacy_formula_including_unreviewed_placeholders,legacy_provisional_includes_unreviewed_placeholders,,68.4817,511,30,0.8462,ABCG2;ADIPOQ;AHR;AKT1;ALOX5;BAX;BCL2;BIRC5;CASP3;CASP8;CAT;CCL2;CCND1;CD40LG;CDKN1A;CHEK2;CHUK;CXCL10;CXCL8;CYP1A2;CYP3A4;DUOX2;EGFR;ERBB2;GSTM1;GSTP1;HIF1A;HMOX1;ICAM1;IFNG;IGF2;IL10;IL1A;IL1B;IL2;IL6;KDR;MAPK1;MAPK3;MMP1;MMP2;MMP3;MMP9;MPO;MYC;NFE2L2;NFKBIA;NOS2;NOS3;NR1I2;ODC1;PLAU;PPARA;PPARG;PTGS1;PTGS2;RB1;RELA;SLC6A4;STAT1;TIMP1;TNF;TP53;VCAM1,AKT1;BAX;BCL2;CASP3;CAT;GSTP1;MAPK1;MMP9;NOS2;PPARA;PPARG;PTGS1;PTGS2;RELA;TP53,"Disease targets for Ulcerative Colitis; exact medicinal-material matches from TCMSP, HERB 2.0, and ETCM 2.0; legacy provisional ranking because database screening definitions are heterogeneous and safety/pair evidence are unreviewed placeholders",27,17,大枣＋陈皮,0.653595,0.765625,0.065217,0.447712,0.217391,0.79085,48.793225,48.01729,60.0,0.0,57.01729,,legacy_provisional_includes_unreviewed_placeholders,22,,legacy_formula_including_unreviewed_placeholders,TCMSP exact match,TCMSP exact match,False,3.388889,4,0.768647,True
陈皮,鱼腥草,18,59,63,14,4,45,True,77.2087,5,4,95.0,60.0,False,legacy_placeholder_60_not_reviewed,0.0,False,legacy_placeholder_0_not_reviewed,59.3835,68.3835,legacy_formula_including_unreviewed_placeholders,legacy_provisional_includes_unreviewed_placeholders,,68.3835,513,30,0.8462,ABCG2;ADIPOQ;AHR;AKT1;ALOX5;BAX;BCL2;BIRC5;CASP3;CASP8;CAT;CCL2;CCND1;CD40LG;CDKN1A;CHEK2;CHUK;CXCL10;CXCL8;CYP1A2;CYP3A4;DUOX2;EGFR;ERBB2;GSTM1;GSTP1;HIF1A;HMOX1;ICAM1;IFNG;IGF2;IKBKB;IL10;IL1A;IL1B;IL2;IL6;MAPK1;MAPK3;MMP1;MMP2;MMP3;MMP9;MPO;MYC;NFE2L2;NFKBIA;NOS2;NOS3;NR1I2;ODC1;PLAU;PPARA;PPARG;PTGS1;PTGS2;RB1;RELA;STAT1;TIMP1;TNF;TP53;VCAM1,AKT1;BAX;BCL2;CASP3;GSTP1;MAPK1;MMP9;NOS2;PPARA;PPARG;PTGS1;PTGS2;RELA;TP53,"Disease targets for Ulcerative Colitis; exact medicinal-material matches from TCMSP, HERB 2.0, and ETCM 2.0; legacy provisional ranking because database screening definitions are heterogeneous and safety/pair evidence are unreviewed placeholders",30,18,陈皮＋鱼腥草,0.601307,0.777778,0.088889,0.571895,0.166667,0.562092,48.336601,47.834641,60.0,0.0,56.834641,,legacy_provisional_includes_unreviewed_placeholders,23,,legacy_formula_including_unreviewed_placeholders,TCMSP exact match,TCMSP exact match,False,3.277778,4,0.749593,True
甘草,陈皮,67,18,68,17,50,1,True,79.7561,5,4,95.0,60.0,False,legacy_placeholder_60_not_reviewed,0.0,False,legacy_placeholder_0_not_reviewed,60.4024,69.4024,legacy_formula_including_unreviewed_placeholders,legacy_provisional_includes_unreviewed_placeholders,,69.4024,589,14,0.8481,ABCG2;ADIPOQ;AHR;AKT1;ALOX5;BAX;BCL2;BIRC5;CASP3;CASP8;CAT;CCL2;CCND1;CD40LG;CDK4;CDKN1A;CHEK2;CHUK;CXCL10;CXCL8;CYP1A2;CYP3A4;DUOX2;EGFR;ERBB2;GSTM1;GSTP1;HIF1A;HMOX1;ICAM1;IFNG;IGF2;IKBKB;IL10;IL1A;IL1B;IL2;IL4;IL6;KDR;MAPK1;MAPK3;MMP1;MMP2;MMP3;MMP9;MPO;MYC;NFE2L2;NFKBIA;NOS2;NOS3;NR1I2;ODC1;PLAU;PPARA;PPARG;PTGS1;PTGS2;RB1;RELA;SLC6A4;STAT1;STAT3;TIMP1;TNF;TP53;VCAM1,ADIPOQ;AKT1;BAX;BCL2;CASP3;CAT;GSTP1;MAPK1;MAPK3;MMP9;NOS2;PPARA;PPARG;PTGS1;PTGS2;RELA;TP53,"Disease targets for Ulcerative Colitis; exact medicinal-material matches from TCMSP, HERB 2.0, and ETCM 2.0; legacy provisional ranking because database screening definitions are heterogeneous and safety/pair evidence are unreviewed placeholders",15,13,甘草＋陈皮,0.852941,0.75,0.02,0.137255,0.28,0.888889,47.356536,47.442614,60.0,0.0,56.442614,,legacy_provisional_includes_unreviewed_placeholders,24,,legacy_formula_including_unreviewed_placeholders,TCMSP exact match,TCMSP exact match,False,3.722222,4,0.740479,True
莲子,鱼腥草,20,59,69,10,10,49,True,84.6907,4,4,73.0,60.0,False,legacy_placeholder_60_not_reviewed,0.0,False,legacy_placeholder_0_not_reviewed,55.7763,64.7763,legacy_formula_including_unreviewed_placeholders,legacy_provisional_includes_unreviewed_placeholders,,64.7763,532,46,0.8178,ABCG2;AHR;AKT1;ALOX5;APEX1;BAX;BCL2;BIRC5;CASP3;CASP8;CCL2;CCND1;CD40LG;CDKN1A;CHEK2;CHRNA7;CHUK;CXCL10;CXCL8;CYP1A2;CYP2C9;CYP3A4;DUOX2;EGFR;ERBB2;GPR35;GSTM1;GSTP1;HIF1A;HMOX1;ICAM1;IFNG;IGF2;IKBKB;IL10;IL1A;IL1B;IL2;IL6;KDR;MAPK1;MET;MMP1;MMP2;MMP3;MMP9;MPO;MYC;NFE2L2;NFKBIA;NOD2;NOS2;NOS3;NR1I2;ODC1;PLAU;PPARA;PPARG;PTGS1;PTGS2;RB1;RELA;SIRT1;SLC6A4;STAT1;TNF;TP53;VCAM1;VEGFA,ABCG2;AHR;ALOX5;CASP3;CYP3A4;EGFR;HIF1A;MMP9;MPO;PLAU,"Disease targets for Ulcerative Colitis; exact medicinal-material matches from TCMSP, HERB 2.0, and ETCM 2.0; legacy provisional ranking because database screening definitions are heterogeneous and safety/pair evidence are unreviewed placeholders",104,31,莲子＋鱼腥草,0.885621,0.855072,0.204082,0.888889,0.093878,0.235294,60.897953,46.259181,60.0,0.0,55.259181,,legacy_provisional_includes_unreviewed_placeholders,25,,legacy_formula_including_unreviewed_placeholders,ETCM 2.0 exact match LianZi,TCMSP exact match,True,2.95,1,0.608333,False
陈皮,黄芩,18,27,35,10,8,17,True,54.1812,3,4,76.0,60.0,False,legacy_placeholder_60_not_reviewed,0.0,False,legacy_placeholder_0_not_reviewed,44.4725,53.4725,legacy_formula_including_unreviewed_placeholders,legacy_provisional_includes_unreviewed_placeholders,,53.4725,176,28,0.8319,ADIPOQ;AHR;AKT1;BAX;BCL2;CASP3;CASP8;CAT;CCL2;CCND1;CDKN1A;CXCL8;CYP1A2;FASLG;GSTP1;HIF1A;IGF2;IL6;KDR;MAPK1;MAPK3;MMP1;MMP9;MPO;NOS2;PLAU;PPARA;PPARG;PTGS1;PTGS2;RELA;SLC6A4;TIMP1;TNF;TP53,AKT1;BAX;BCL2;CASP3;MMP9;NOS2;PTGS1;PTGS2;RELA;TP53,"Disease targets for Ulcerative Colitis; exact medicinal-material matches from TCMSP, HERB 2.0, and ETCM 2.0; legacy provisional ranking because database screening definitions are heterogeneous and safety/pair evidence are unreviewed placeholders",145,72,陈皮＋黄芩,0.339869,0.714286,0.470588,0.813725,0.205882,0.764706,58.625117,46.250047,60.0,0.0,55.250047,,legacy_provisional_includes_unreviewed_placeholders,26,,legacy_formula_including_unreviewed_placeholders,TCMSP exact match,TCMSP exact match,False,1.5,4,0.723507,True
乌梅,莲子,61,20,70,11,50,9,True,84.9338,4,4,73.0,60.0,False,legacy_placeholder_60_not_reviewed,0.0,False,legacy_placeholder_0_not_reviewed,55.8735,64.8735,legacy_formula_including_unreviewed_placeholders,legacy_provisional_includes_unreviewed_placeholders,,64.8735,540,46,0.8178,ABCG2;AHR;AKT1;ALOX5;APEX1;BAX;BCL2;BIRC5;CASP3;CASP8;CCL2;CCND1;CD40LG;CDKN1A;CHEK2;CHRNA7;CHUK;CXCL10;CXCL8;CYP1A2;CYP2C9;CYP3A4;DUOX2;EGFR;ERBB2;GPR35;GSTM1;GSTP1;HIF1A;HMOX1;ICAM1;IFNG;IGF2;IKBKB;IL10;IL1A;IL1B;IL2;IL6;KDR;MAPK1;MET;MMP1;MMP2;MMP3;MMP9;MPO;MYC;NFE2L2;NFKBIA;NOD2;NOS2;NOS3;NR1I2;NR3C1;ODC1;PLAU;PPARA;PPARG;PTGS1;PTGS2;RB1;RELA;SIRT1;SLC6A4;STAT1;TNF;TP53;VCAM1;VEGFA,ABCG2;AHR;ALOX5;CASP3;CYP3A4;EGFR;HIF1A;MMP9;MPO;PLAU;SLC6A4,"Disease targets for Ulcerative Colitis; exact medicinal-material matches from TCMSP, HERB 2.0, and ETCM 2.0; legacy provisional ranking because database screening definitions are heterogeneous and safety/pair evidence are unreviewed placeholders",103,30,乌梅＋莲子,0.911765,0.842857,0.18,0.862745,0.102222,0.320261,60.850514,46.240205,60.0,0.0,55.240205,,legacy_provisional_includes_unreviewed_placeholders,27,,legacy_formula_including_unreviewed_placeholders,TCMSP exact match,ETCM 2.0 exact match LianZi,True,3.05,1,0.625,False
栀子,莲子,60,20,69,11,49,9,True,84.111,4,4,73.0,60.0,False,legacy_placeholder_60_not_reviewed,0.0,False,legacy_placeholder_0_not_reviewed,55.5444,64.5444,legacy_formula_including_unreviewed_placeholders,legacy_provisional_includes_unreviewed_placeholders,,64.5444,532,46,0.8178,ABCG2;AHR;AKT1;ALOX5;APEX1;BAX;BCL2;BIRC5;CASP3;CASP8;CCL2;CCND1;CD40LG;CDKN1A;CHEK2;CHRNA7;CHUK;CXCL10;CXCL8;CYP1A2;CYP2C9;CYP3A4;DUOX2;EGFR;ERBB2;GPR35;GSTM1;GSTP1;HIF1A;HMOX1;ICAM1;IFNG;IGF2;IKBKB;IL10;IL1A;IL1B;IL2;IL6;KDR;MAPK1;MET;MMP1;MMP2;MMP3;MMP9;MPO;MYC;NFE2L2;NFKBIA;NOD2;NOS2;NOS3;NR1I2;ODC1;PLAU;PPARA;PPARG;PTGS1;PTGS2;RB1;RELA;SIRT1;SLC6A4;STAT1;TNF;TP53;VCAM1;VEGFA,ABCG2;AHR;ALOX5;CASP3;CYP3A4;EGFR;HIF1A;MMP9;MPO;PLAU;SLC6A4,"Disease targets for Ulcerative Colitis; exact medicinal-material matches from TCMSP, HERB 2.0, and ETCM 2.0; legacy provisional ranking because database screening definitions are heterogeneous and safety/pair evidence are unreviewed placeholders",106,33,栀子＋莲子,0.885621,0.84058,0.183673,0.862745,0.104308,0.330065,60.478945,46.091578,60.0,0.0,55.091578,,legacy_provisional_includes_unreviewed_placeholders,28,,legacy_formula_including_unreviewed_placeholders,TCMSP exact match,ETCM 2.0 exact match LianZi,True,3.0,1,0.616667,False
槐花,莲子,60,20,69,11,49,9,True,84.111,4,4,73.0,60.0,False,legacy_placeholder_60_not_reviewed,0.0,False,legacy_placeholder_0_not_reviewed,55.5444,64.5444,legacy_formula_including_unreviewed_placeholders,legacy_provisional_includes_unreviewed_placeholders,,64.5444,532,46,0.8178,ABCG2;AHR;AKT1;ALOX5;APEX1;BAX;BCL2;BIRC5;CASP3;CASP8;CCL2;CCND1;CD40LG;CDKN1A;CHEK2;CHRNA7;CHUK;CXCL10;CXCL8;CYP1A2;CYP2C9;CYP3A4;DUOX2;EGFR;ERBB2;GPR35;GSTM1;GSTP1;HIF1A;HMOX1;ICAM1;IFNG;IGF2;IKBKB;IL10;IL1A;IL1B;IL2;IL6;KDR;MAPK1;MET;MMP1;MMP2;MMP3;MMP9;MPO;MYC;NFE2L2;NFKBIA;NOD2;NOS2;NOS3;NR1I2;ODC1;PLAU;PPARA;PPARG;PTGS1;PTGS2;RB1;RELA;SIRT1;SLC6A4;STAT1;TNF;TP53;VCAM1;VEGFA,ABCG2;AHR;ALOX5;CASP3;CYP3A4;EGFR;HIF1A;MMP9;MPO;PLAU;SLC6A4,"Disease targets for Ulcerative Colitis; exact medicinal-material matches from TCMSP, HERB 2.0, and ETCM 2.0; legacy provisional ranking because database screening definitions are heterogeneous and safety/pair evidence are unreviewed placeholders",107,34,槐花＋莲子,0.885621,0.84058,0.183673,0.862745,0.104308,0.330065,60.478945,46.091578,60.0,0.0,55.091578,,legacy_provisional_includes_unreviewed_placeholders,29,,legacy_formula_including_unreviewed_placeholders,TCMSP exact match,ETCM 2.0 exact match LianZi,True,3.0,0,,False
石榴皮,莲子,64,20,72,12,52,8,True,86.0163,4,4,73.0,60.0,False,legacy_placeholder_60_not_reviewed,0.0,False,legacy_placeholder_0_not_reviewed,56.3065,65.3065,legacy_formula_including_unreviewed_placeholders,legacy_provisional_includes_unreviewed_placeholders,,65.3065,557,41,0.82,ABCG2;AHR;AKT1;ALOX5;APEX1;BAX;BCL2;BIRC5;CASP3;CASP8;CAT;CCL2;CCND1;CD40LG;CDK4;CDKN1A;CHEK2;CHRNA7;CHUK;CXCL10;CXCL8;CYP1A2;CYP2C9;CYP3A4;DUOX2;EGFR;ERBB2;GPR35;GSTM1;GSTP1;HIF1A;HMOX1;ICAM1;IFNG;IGF2;IKBKB;IL10;IL1A;IL1B;IL2;IL4;IL6;KDR;MAPK1;MET;MMP1;MMP2;MMP3;MMP9;MPO;MYC;NFE2L2;NFKBIA;NOD2;NOS2;NOS3;NR1I2;ODC1;PLAU;PPARA;PPARG;PTGS1;PTGS2;RB1;RELA;SIRT1;SLC6A4;STAT1;TNF;TP53;VCAM1;VEGFA,ABCG2;AHR;ALOX5;CASP3;CYP3A4;EGFR;HIF1A;MET;MMP9;MPO;PLAU;SLC6A4,"Disease targets for Ulcerative Colitis; exact medicinal-material matches from TCMSP, HERB 2.0, and ETCM 2.0; legacy provisional ranking because database screening definitions are heterogeneous and safety/pair evidence are unreviewed placeholders",101,28,石榴皮＋莲子,0.934641,0.833333,0.153846,0.813725,0.098558,0.300654,59.353947,45.641579,60.0,0.0,54.641579,,legacy_provisional_includes_unreviewed_placeholders,30,,legacy_formula_including_unreviewed_placeholders,TCMSP exact match,ETCM 2.0 exact match LianZi,True,3.2,0,,False
甘草,莲子,67,20,75,12,55,8,True,88.478,4,4,73.0,60.0,False,legacy_placeholder_60_not_reviewed,0.0,False,legacy_placeholder_0_not_reviewed,57.2912,66.2912,legacy_formula_including_unreviewed_placeholders,legacy_provisional_includes_unreviewed_placeholders,,66.2912,628,43,0.8315,ABCG2;ADIPOQ;AHR;AKT1;ALOX5;APEX1;BAX;BCL2;BIRC5;CASP3;CASP8;CAT;CCL2;CCND1;CD40LG;CDK4;CDKN1A;CHEK2;CHRNA7;CHUK;CXCL10;CXCL8;CYP1A2;CYP2C9;CYP3A4;DUOX2;EGFR;ERBB2;GPR35;GSTM1;GSTP1;HIF1A;HMOX1;ICAM1;IFNG;IGF2;IKBKB;IL10;IL1A;IL1B;IL2;IL4;IL6;KDR;MAPK1;MAPK3;MET;MMP1;MMP2;MMP3;MMP9;MPO;MYC;NFE2L2;NFKBIA;NOD2;NOS2;NOS3;NR1I2;ODC1;PLAU;PPARA;PPARG;PTGS1;PTGS2;RB1;RELA;SIRT1;SLC6A4;STAT1;STAT3;TNF;TP53;VCAM1;VEGFA,ABCG2;AHR;ALOX5;CASP3;CYP3A4;EGFR;HIF1A;KDR;MMP9;MPO;PLAU;SLC6A4,"Disease targets for Ulcerative Colitis; exact medicinal-material matches from TCMSP, HERB 2.0, and ETCM 2.0; legacy provisional ranking because database screening definitions are heterogeneous and safety/pair evidence are unreviewed placeholders",84,25,甘草＋莲子,0.941176,0.84,0.145455,0.813725,0.097727,0.294118,59.334225,45.63369,60.0,0.0,54.63369,,legacy_provisional_includes_unreviewed_placeholders,31,,legacy_formula_including_unreviewed_placeholders,TCMSP exact match,ETCM 2.0 exact match LianZi,True,3.35,1,0.591667,False
莲子,马齿苋,20,63,71,12,8,51,True,85.1907,4,4,73.0,60.0,False,legacy_placeholder_60_not_reviewed,0.0,False,legacy_placeholder_0_not_reviewed,55.9763,64.9763,legacy_formula_including_unreviewed_placeholders,legacy_provisional_includes_unreviewed_placeholders,,64.9763,557,41,0.82,ABCG2;AHR;AKT1;ALOX5;APEX1;BAX;BCL2;BIRC5;CASP3;CASP8;CCL2;CCND1;CD40LG;CDK4;CDKN1A;CHEK2;CHRNA7;CHUK;CXCL10;CXCL8;CYP1A2;CYP2C9;CYP3A4;DUOX2;EGFR;ERBB2;GPR35;GSTM1;GSTP1;HIF1A;HMOX1;ICAM1;IFNG;IGF2;IKBKB;IL10;IL1A;IL1B;IL2;IL4;IL6;KDR;MAPK1;MET;MMP1;MMP2;MMP3;MMP9;MPO;MYC;NFE2L2;NFKBIA;NOD2;NOS2;NOS3;NR1I2;ODC1;PLAU;PPARA;PPARG;PTGS1;PTGS2;RB1;RELA;SIRT1;SLC6A4;STAT1;TNF;TP53;VCAM1;VEGFA,ABCG2;AHR;ALOX5;CASP3;CYP3A4;EGFR;HIF1A;MET;MMP9;MPO;PLAU;SLC6A4,"Disease targets for Ulcerative Colitis; exact medicinal-material matches from TCMSP, HERB 2.0, and ETCM 2.0; legacy provisional ranking because database screening definitions are heterogeneous and safety/pair evidence are unreviewed placeholders",102,29,莲子＋马齿苋,0.928105,0.830986,0.156863,0.813725,0.10049,0.30719,59.3204,45.62816,60.0,0.0,54.62816,,legacy_provisional_includes_unreviewed_placeholders,32,,legacy_formula_including_unreviewed_placeholders,ETCM 2.0 exact match LianZi,TCMSP exact match,True,3.15,1,0.575,False
山药,白扁豆,15,11,24,2,13,9,True,54.2276,2,3,59.0,60.0,False,legacy_placeholder_60_not_reviewed,0.0,False,legacy_placeholder_0_not_reviewed,39.3911,48.3911,legacy_formula_including_unreviewed_placeholders,legacy_provisional_includes_unreviewed_placeholders,,48.3911,75,26,0.8422,ABCC2;AKT1;BCL2;CASP3;CASP8;CAT;CDKN1A;CYP1A2;CYP3A4;HIF1A;HMOX1;MMP1;MMP2;MTOR;MYC;NOS2;NR1I2;NR3C1;PLAU;PTGS1;PTGS2;RELA;SLC6A4;TP53,AKT1;PTGS2,"Disease targets for Ulcerative Colitis; exact medicinal-material matches from TCMSP, HERB 2.0, and ETCM 2.0; legacy provisional ranking because database screening definitions are heterogeneous and safety/pair evidence are unreviewed placeholders",189,100,山药＋白扁豆,0.238562,0.916667,0.692308,0.862745,0.222222,0.813725,69.535571,45.514228,60.0,0.0,54.514228,,legacy_provisional_includes_unreviewed_placeholders,33,,legacy_formula_including_unreviewed_placeholders,TCMSP exact match,TCMSP exact match,False,1.363636,4,0.710159,True
山药,芡实,15,11,24,2,13,9,True,54.2276,2,3,59.0,60.0,False,legacy_placeholder_60_not_reviewed,0.0,False,legacy_placeholder_0_not_reviewed,39.3911,48.3911,legacy_formula_including_unreviewed_placeholders,legacy_provisional_includes_unreviewed_placeholders,,48.3911,75,26,0.8422,ABCC2;AKT1;BCL2;CASP3;CASP8;CAT;CDKN1A;CYP1A2;CYP3A4;HIF1A;HMOX1;MMP1;MMP2;MTOR;MYC;NOS2;NR1I2;NR3C1;PLAU;PTGS1;PTGS2;RELA;SLC6A4;TP53,AKT1;PTGS2,"Disease targets for Ulcerative Colitis; exact medicinal-material matches from TCMSP, HERB 2.0, and ETCM 2.0; legacy provisional ranking because database screening definitions are heterogeneous and safety/pair evidence are unreviewed placeholders",190,101,山药＋芡实,0.238562,0.916667,0.692308,0.862745,0.222222,0.813725,69.535571,45.514228,60.0,0.0,54.514228,,legacy_provisional_includes_unreviewed_placeholders,34,,legacy_formula_including_unreviewed_placeholders,TCMSP exact match,TCMSP exact match,False,1.363636,4,0.696811,True
大枣,莲子,61,20,69,12,49,8,True,83.5313,4,4,73.0,60.0,False,legacy_placeholder_60_not_reviewed,0.0,False,legacy_placeholder_0_not_reviewed,55.3125,64.3125,legacy_formula_including_unreviewed_placeholders,legacy_provisional_includes_unreviewed_placeholders,,64.3125,519,38,0.831,ABCG2;AHR;AKT1;ALOX5;APEX1;BAX;BCL2;BIRC5;CASP3;CASP8;CAT;CCL2;CCND1;CD40LG;CDKN1A;CHEK2;CHRNA7;CHUK;CXCL10;CXCL8;CYP1A2;CYP2C9;CYP3A4;DUOX2;EGFR;ERBB2;GPR35;GSTM1;GSTP1;HIF1A;HMOX1;ICAM1;IFNG;IGF2;IL10;IL1A;IL1B;IL2;IL6;KDR;MAPK1;MET;MMP1;MMP2;MMP3;MMP9;MPO;MYC;NFE2L2;NFKBIA;NOD2;NOS2;NOS3;NR1I2;ODC1;PLAU;PPARA;PPARG;PTGS1;PTGS2;RB1;RELA;SIRT1;SLC6A4;STAT1;TNF;TP53;VCAM1;VEGFA,ABCG2;AHR;ALOX5;CASP3;CYP3A4;EGFR;HIF1A;KDR;MMP9;MPO;PLAU;SLC6A4,"Disease targets for Ulcerative Colitis; exact medicinal-material matches from TCMSP, HERB 2.0, and ETCM 2.0; legacy provisional ranking because database screening definitions are heterogeneous and safety/pair evidence are unreviewed placeholders",109,36,大枣＋莲子,0.885621,0.826087,0.163265,0.813725,0.096939,0.27451,58.213532,45.185413,60.0,0.0,54.185413,,legacy_provisional_includes_unreviewed_placeholders,35,,legacy_formula_including_unreviewed_placeholders,TCMSP exact match,ETCM 2.0 exact match LianZi,True,3.05,1,0.558333,False
莲子,黄芪,20,63,70,13,7,50,True,83.7909,4,4,73.0,60.0,False,legacy_placeholder_60_not_reviewed,0.0,False,legacy_placeholder_0_not_reviewed,55.4164,64.4164,legacy_formula_including_unreviewed_placeholders,legacy_provisional_includes_unreviewed_placeholders,,64.4164,549,34,0.8349,ABCG2;AHR;AKT1;ALOX5;APEX1;BAX;BCL2;BIRC5;CASP3;CASP8;CCL2;CCND1;CD40LG;CDKN1A;CHEK2;CHRNA7;CHUK;CXCL10;CXCL8;CYP1A2;CYP2C9;CYP3A4;DUOX2;EGFR;ERBB2;GPR35;GSTM1;GSTP1;HIF1A;HMOX1;ICAM1;IFNG;IGF2;IKBKB;IL10;IL1A;IL1B;IL2;IL4;IL6;KDR;MAPK1;MET;MMP1;MMP2;MMP3;MMP9;MPO;MYC;NFE2L2;NFKBIA;NOD2;NOS2;NOS3;NR1I2;ODC1;PLAU;PPARA;PPARG;PTGS1;PTGS2;RB1;RELA;SIRT1;SLC6A4;STAT1;TNF;TP53;VCAM1;VEGFA,ABCG2;AHR;ALOX5;CASP3;CYP3A4;EGFR;HIF1A;KDR;MET;MMP9;MPO;PLAU;SLC6A4,"Disease targets for Ulcerative Colitis; exact medicinal-material matches from TCMSP, HERB 2.0, and ETCM 2.0; legacy provisional ranking because database screening definitions are heterogeneous and safety/pair evidence are unreviewed placeholders",108,35,莲子＋黄芪,0.911765,0.814286,0.14,0.771242,0.097143,0.287582,57.236881,44.794753,60.0,0.0,53.794753,,legacy_provisional_includes_unreviewed_placeholders,36,,legacy_formula_including_unreviewed_placeholders,ETCM 2.0 exact match LianZi,TCMSP exact match,True,3.15,0,,False
乌梅,葛根,61,10,62,9,52,1,True,79.5594,4,4,88.0,60.0,False,legacy_placeholder_60_not_reviewed,0.0,False,legacy_placeholder_0_not_reviewed,58.2238,67.2238,legacy_formula_including_unreviewed_placeholders,legacy_provisional_includes_unreviewed_placeholders,,67.2238,497,16,0.9227,ABCG2;AHR;AKT1;ALOX5;BAX;BCL2;BIRC5;CASP3;CASP8;CCL2;CCND1;CD40LG;CDKN1A;CHEK2;CHUK;CXCL10;CXCL8;CYP1A2;CYP3A4;DUOX2;EGFR;ERBB2;GSTM1;GSTP1;HIF1A;HMOX1;ICAM1;IFNG;IGF2;IKBKB;IL10;IL1A;IL1B;IL2;IL4;IL6;MAPK1;MMP1;MMP2;MMP3;MMP9;MPO;MYC;NFE2L2;NFKBIA;NOS2;NOS3;NR1I2;NR3C1;ODC1;PLAU;PPARA;PPARG;PTGS1;PTGS2;RB1;RELA;SLC6A4;STAT1;TNF;TP53;VCAM1,BAX;BCL2;CASP3;CASP8;NOS2;PPARG;PTGS1;PTGS2;SLC6A4,"Disease targets for Ulcerative Colitis; exact medicinal-material matches from TCMSP, HERB 2.0, and ETCM 2.0; legacy provisional ranking because database screening definitions are heterogeneous and safety/pair evidence are unreviewed placeholders",50,19,乌梅＋葛根,0.562092,0.854839,0.019231,0.137255,0.307692,0.911765,44.366191,44.146477,60.0,0.0,53.146477,,legacy_provisional_includes_unreviewed_placeholders,37,,legacy_formula_including_unreviewed_placeholders,TCMSP exact match,TCMSP exact match,False,6.1,0,,False
大枣,葛根,61,10,62,9,52,1,True,79.5594,4,4,88.0,60.0,False,legacy_placeholder_60_not_reviewed,0.0,False,legacy_placeholder_0_not_reviewed,58.2238,67.2238,legacy_formula_including_unreviewed_placeholders,legacy_provisional_includes_unreviewed_placeholders,,67.2238,487,16,0.9227,ABCG2;AHR;AKT1;ALOX5;BAX;BCL2;BIRC5;CASP3;CASP8;CAT;CCL2;CCND1;CD40LG;CDKN1A;CHEK2;CHUK;CXCL10;CXCL8;CYP1A2;CYP3A4;DUOX2;EGFR;ERBB2;GSTM1;GSTP1;HIF1A;HMOX1;ICAM1;IFNG;IGF2;IL10;IL1A;IL1B;IL2;IL4;IL6;KDR;MAPK1;MMP1;MMP2;MMP3;MMP9;MPO;MYC;NFE2L2;NFKBIA;NOS2;NOS3;NR1I2;ODC1;PLAU;PPARA;PPARG;PTGS1;PTGS2;RB1;RELA;SLC6A4;STAT1;TNF;TP53;VCAM1,BAX;BCL2;CASP3;CASP8;NOS2;PPARG;PTGS1;PTGS2;SLC6A4,"Disease targets for Ulcerative Colitis; exact medicinal-material matches from TCMSP, HERB 2.0, and ETCM 2.0; legacy provisional ranking because database screening definitions are heterogeneous and safety/pair evidence are unreviewed placeholders",51,20,大枣＋葛根,0.562092,0.854839,0.019231,0.137255,0.307692,0.911765,44.366191,44.146477,60.0,0.0,53.146477,,legacy_provisional_includes_unreviewed_placeholders,38,,legacy_formula_including_unreviewed_placeholders,TCMSP exact match,TCMSP exact match,False,6.1,0,,False
栀子,葛根,60,10,61,9,51,1,True,78.7325,4,4,88.0,60.0,False,legacy_placeholder_60_not_reviewed,0.0,False,legacy_placeholder_0_not_reviewed,57.893,66.893,legacy_formula_including_unreviewed_placeholders,legacy_provisional_includes_unreviewed_placeholders,,66.893,489,16,0.9227,ABCG2;AHR;AKT1;ALOX5;BAX;BCL2;BIRC5;CASP3;CASP8;CCL2;CCND1;CD40LG;CDKN1A;CHEK2;CHUK;CXCL10;CXCL8;CYP1A2;CYP3A4;DUOX2;EGFR;ERBB2;GSTM1;GSTP1;HIF1A;HMOX1;ICAM1;IFNG;IGF2;IKBKB;IL10;IL1A;IL1B;IL2;IL4;IL6;MAPK1;MMP1;MMP2;MMP3;MMP9;MPO;MYC;NFE2L2;NFKBIA;NOS2;NOS3;NR1I2;ODC1;PLAU;PPARA;PPARG;PTGS1;PTGS2;RB1;RELA;SLC6A4;STAT1;TNF;TP53;VCAM1,BAX;BCL2;CASP3;CASP8;NOS2;PPARG;PTGS1;PTGS2;SLC6A4,"Disease targets for Ulcerative Colitis; exact medicinal-material matches from TCMSP, HERB 2.0, and ETCM 2.0; legacy provisional ranking because database screening definitions are heterogeneous and safety/pair evidence are unreviewed placeholders",64,23,栀子＋葛根,0.522876,0.852459,0.019608,0.137255,0.313725,0.924837,43.664417,43.865767,60.0,0.0,52.865767,,legacy_provisional_includes_unreviewed_placeholders,39,,legacy_formula_including_unreviewed_placeholders,TCMSP exact match,TCMSP exact match,False,6.0,0,,False
槐花,葛根,60,10,61,9,51,1,True,78.7325,4,4,88.0,60.0,False,legacy_placeholder_60_not_reviewed,0.0,False,legacy_placeholder_0_not_reviewed,57.893,66.893,legacy_formula_including_unreviewed_placeholders,legacy_provisional_includes_unreviewed_placeholders,,66.893,489,16,0.9227,ABCG2;AHR;AKT1;ALOX5;BAX;BCL2;BIRC5;CASP3;CASP8;CCL2;CCND1;CD40LG;CDKN1A;CHEK2;CHUK;CXCL10;CXCL8;CYP1A2;CYP3A4;DUOX2;EGFR;ERBB2;GSTM1;GSTP1;HIF1A;HMOX1;ICAM1;IFNG;IGF2;IKBKB;IL10;IL1A;IL1B;IL2;IL4;IL6;MAPK1;MMP1;MMP2;MMP3;MMP9;MPO;MYC;NFE2L2;NFKBIA;NOS2;NOS3;NR1I2;ODC1;PLAU;PPARA;PPARG;PTGS1;PTGS2;RB1;RELA;SLC6A4;STAT1;TNF;TP53;VCAM1,BAX;BCL2;CASP3;CASP8;NOS2;PPARG;PTGS1;PTGS2;SLC6A4,"Disease targets for Ulcerative Colitis; exact medicinal-material matches from TCMSP, HERB 2.0, and ETCM 2.0; legacy provisional ranking because database screening definitions are heterogeneous and safety/pair evidence are unreviewed placeholders",65,24,槐花＋葛根,0.522876,0.852459,0.019608,0.137255,0.313725,0.924837,43.664417,43.865767,60.0,0.0,52.865767,,legacy_provisional_includes_unreviewed_placeholders,40,,legacy_formula_including_unreviewed_placeholders,TCMSP exact match,TCMSP exact match,False,6.0,0,,False
党参,鱼腥草,35,59,65,29,6,30,True,69.7148,4,4,83.0,60.0,False,legacy_placeholder_60_not_reviewed,0.0,False,legacy_placeholder_0_not_reviewed,52.7859,61.7859,legacy_formula_including_unreviewed_placeholders,legacy_provisional_includes_unreviewed_placeholders,,61.7859,516,14,0.8661,ABCG2;AHR;AKT1;ALOX5;BAX;BCL2;BIRC5;CASP3;CASP8;CCL2;CCND1;CD40LG;CDK4;CDKN1A;CHEK2;CHUK;CXCL10;CXCL8;CYP1A2;CYP3A4;DUOX2;EGFR;ERBB2;GSTM1;GSTP1;HIF1A;HMOX1;ICAM1;IFNG;IGF2;IKBKB;IL10;IL1A;IL1B;IL2;IL4;IL6;MAPK1;MET;MMP1;MMP2;MMP3;MMP8;MMP9;MPO;MYC;NFE2L2;NFKBIA;NOS2;NOS3;NR1I2;NR3C1;ODC1;PLAU;PPARA;PPARG;PTGS1;PTGS2;RB1;RELA;SLC6A4;STAT1;TNF;TP53;VCAM1,AKT1;BIRC5;CASP3;CCND1;CD40LG;CDKN1A;EGFR;ERBB2;GSTP1;HMOX1;ICAM1;IFNG;IL10;IL2;IL6;MAPK1;MMP1;MMP2;MMP9;NFKBIA;NOS2;PLAU;PPARG;PTGS1;PTGS2;RB1;RELA;TNF;TP53,"Disease targets for Ulcerative Colitis; exact medicinal-material matches from TCMSP, HERB 2.0, and ETCM 2.0; legacy provisional ranking because database screening definitions are heterogeneous and safety/pair evidence are unreviewed placeholders",121,48,党参＋鱼腥草,0.732026,0.553846,0.2,0.738562,0.077778,0.183007,47.395173,43.858069,60.0,0.0,52.858069,,legacy_provisional_includes_unreviewed_placeholders,41,,legacy_formula_including_unreviewed_placeholders,TCMSP exact match,TCMSP exact match,False,1.685714,0,,False
党参,大枣,35,61,66,30,5,31,True,70.1109,4,4,83.0,60.0,False,legacy_placeholder_60_not_reviewed,0.0,False,legacy_placeholder_0_not_reviewed,52.9443,61.9443,legacy_formula_including_unreviewed_placeholders,legacy_provisional_includes_unreviewed_placeholders,,61.9443,515,15,0.8651,ABCG2;AHR;AKT1;ALOX5;BAX;BCL2;BIRC5;CASP3;CASP8;CAT;CCL2;CCND1;CD40LG;CDK4;CDKN1A;CHEK2;CHUK;CXCL10;CXCL8;CYP1A2;CYP3A4;DUOX2;EGFR;ERBB2;GSTM1;GSTP1;HIF1A;HMOX1;ICAM1;IFNG;IGF2;IL10;IL1A;IL1B;IL2;IL4;IL6;KDR;MAPK1;MET;MMP1;MMP2;MMP3;MMP8;MMP9;MPO;MYC;NFE2L2;NFKBIA;NOS2;NOS3;NR1I2;NR3C1;ODC1;PLAU;PPARA;PPARG;PTGS1;PTGS2;RB1;RELA;SLC6A4;STAT1;TNF;TP53;VCAM1,AKT1;BIRC5;CASP3;CCND1;CD40LG;CDKN1A;EGFR;ERBB2;GSTP1;HMOX1;ICAM1;IFNG;IL10;IL2;IL6;MAPK1;MMP1;MMP2;MMP9;NFKBIA;NOS2;PLAU;PPARG;PTGS1;PTGS2;RB1;RELA;SLC6A4;TNF;TP53,"Disease targets for Ulcerative Colitis; exact medicinal-material matches from TCMSP, HERB 2.0, and ETCM 2.0; legacy provisional ranking because database screening definitions are heterogeneous and safety/pair evidence are unreviewed placeholders",120,47,党参＋大枣,0.781046,0.545455,0.16129,0.683007,0.096774,0.261438,46.955465,43.682186,60.0,0.0,52.682186,,legacy_provisional_includes_unreviewed_placeholders,42,,legacy_formula_including_unreviewed_placeholders,TCMSP exact match,TCMSP exact match,False,1.742857,0,,False
葛根,鱼腥草,10,59,61,8,2,51,True,79.3882,4,4,88.0,60.0,False,legacy_placeholder_60_not_reviewed,0.0,False,legacy_placeholder_0_not_reviewed,58.1553,67.1553,legacy_formula_including_unreviewed_placeholders,legacy_provisional_includes_unreviewed_placeholders,,67.1553,489,16,0.9227,ABCG2;AHR;AKT1;ALOX5;BAX;BCL2;BIRC5;CASP3;CASP8;CCL2;CCND1;CD40LG;CDKN1A;CHEK2;CHUK;CXCL10;CXCL8;CYP1A2;CYP3A4;DUOX2;EGFR;ERBB2;GSTM1;GSTP1;HIF1A;HMOX1;ICAM1;IFNG;IGF2;IKBKB;IL10;IL1A;IL1B;IL2;IL4;IL6;MAPK1;MMP1;MMP2;MMP3;MMP9;MPO;MYC;NFE2L2;NFKBIA;NOS2;NOS3;NR1I2;ODC1;PLAU;PPARA;PPARG;PTGS1;PTGS2;RB1;RELA;SLC6A4;STAT1;TNF;TP53;VCAM1,BAX;BCL2;CASP3;CASP8;NOS2;PPARG;PTGS1;PTGS2,"Disease targets for Ulcerative Colitis; exact medicinal-material matches from TCMSP, HERB 2.0, and ETCM 2.0; legacy provisional ranking because database screening definitions are heterogeneous and safety/pair evidence are unreviewed placeholders",54,21,葛根＋鱼腥草,0.522876,0.868852,0.039216,0.333333,0.156863,0.477124,43.12654,43.650616,60.0,0.0,52.650616,,legacy_provisional_includes_unreviewed_placeholders,43,,legacy_formula_including_unreviewed_placeholders,TCMSP exact match,TCMSP exact match,False,5.9,0,,False
白扁豆,莲子,11,20,29,2,9,18,True,58.4609,2,3,59.0,60.0,False,legacy_placeholder_60_not_reviewed,0.0,False,legacy_placeholder_0_not_reviewed,41.0844,50.0844,legacy_formula_including_unreviewed_placeholders,legacy_provisional_includes_unreviewed_placeholders,,50.0844,81,32,0.8236,ABCG2;AHR;AKT1;ALOX5;APEX1;BCL2;CASP3;CASP8;CHRNA7;CYP1A2;CYP2C9;CYP3A4;EGFR;GPR35;HIF1A;HMOX1;KDR;MET;MMP1;MMP2;MMP9;MPO;MYC;NOD2;PLAU;PTGS2;SIRT1;SLC6A4;VEGFA,CASP3;CYP3A4,"Disease targets for Ulcerative Colitis; exact medicinal-material matches from TCMSP, HERB 2.0, and ETCM 2.0; legacy provisional ranking because database screening definitions are heterogeneous and safety/pair evidence are unreviewed placeholders",160,82,白扁豆＋莲子,0.300654,0.931034,0.5,0.862745,0.197531,0.70915,64.321614,43.428645,60.0,0.0,52.428645,,legacy_provisional_includes_unreviewed_placeholders,44,,legacy_formula_including_unreviewed_placeholders,TCMSP exact match,ETCM 2.0 exact match LianZi,True,1.818182,1,0.55,False
芡实,莲子,11,20,29,2,9,18,True,58.4609,2,3,59.0,60.0,False,legacy_placeholder_60_not_reviewed,0.0,False,legacy_placeholder_0_not_reviewed,41.0844,50.0844,legacy_formula_including_unreviewed_placeholders,legacy_provisional_includes_unreviewed_placeholders,,50.0844,81,32,0.8236,ABCG2;AHR;AKT1;ALOX5;APEX1;BCL2;CASP3;CASP8;CHRNA7;CYP1A2;CYP2C9;CYP3A4;EGFR;GPR35;HIF1A;HMOX1;KDR;MET;MMP1;MMP2;MMP9;MPO;MYC;NOD2;PLAU;PTGS2;SIRT1;SLC6A4;VEGFA,CASP3;CYP3A4,"Disease targets for Ulcerative Colitis; exact medicinal-material matches from TCMSP, HERB 2.0, and ETCM 2.0; legacy provisional ranking because database screening definitions are heterogeneous and safety/pair evidence are unreviewed placeholders",161,83,芡实＋莲子,0.300654,0.931034,0.5,0.862745,0.197531,0.70915,64.321614,43.428645,60.0,0.0,52.428645,,legacy_provisional_includes_unreviewed_placeholders,45,,legacy_formula_including_unreviewed_placeholders,TCMSP exact match,ETCM 2.0 exact match LianZi,True,1.818182,1,0.541667,False
党参,栀子,35,60,65,30,5,30,True,69.0994,4,4,83.0,60.0,False,legacy_placeholder_60_not_reviewed,0.0,False,legacy_placeholder_0_not_reviewed,52.5398,61.5398,legacy_formula_including_unreviewed_placeholders,legacy_provisional_includes_unreviewed_placeholders,,61.5398,516,14,0.8661,ABCG2;AHR;AKT1;ALOX5;BAX;BCL2;BIRC5;CASP3;CASP8;CCL2;CCND1;CD40LG;CDK4;CDKN1A;CHEK2;CHUK;CXCL10;CXCL8;CYP1A2;CYP3A4;DUOX2;EGFR;ERBB2;GSTM1;GSTP1;HIF1A;HMOX1;ICAM1;IFNG;IGF2;IKBKB;IL10;IL1A;IL1B;IL2;IL4;IL6;MAPK1;MET;MMP1;MMP2;MMP3;MMP8;MMP9;MPO;MYC;NFE2L2;NFKBIA;NOS2;NOS3;NR1I2;NR3C1;ODC1;PLAU;PPARA;PPARG;PTGS1;PTGS2;RB1;RELA;SLC6A4;STAT1;TNF;TP53;VCAM1,AKT1;BIRC5;CASP3;CCND1;CD40LG;CDKN1A;EGFR;ERBB2;GSTP1;HMOX1;ICAM1;IFNG;IL10;IL2;IL6;MAPK1;MMP1;MMP2;MMP9;NFKBIA;NOS2;PLAU;PPARG;PTGS1;PTGS2;RB1;RELA;SLC6A4;TNF;TP53,"Disease targets for Ulcerative Colitis; exact medicinal-material matches from TCMSP, HERB 2.0, and ETCM 2.0; legacy provisional ranking because database screening definitions are heterogeneous and safety/pair evidence are unreviewed placeholders",122,49,党参＋栀子,0.732026,0.538462,0.166667,0.683007,0.093333,0.22549,45.602061,43.140825,60.0,0.0,52.140825,,legacy_provisional_includes_unreviewed_placeholders,46,,legacy_formula_including_unreviewed_placeholders,TCMSP exact match,TCMSP exact match,False,1.714286,0,,False
党参,槐花,35,60,65,30,5,30,True,69.0994,4,4,83.0,60.0,False,legacy_placeholder_60_not_reviewed,0.0,False,legacy_placeholder_0_not_reviewed,52.5398,61.5398,legacy_formula_including_unreviewed_placeholders,legacy_provisional_includes_unreviewed_placeholders,,61.5398,516,14,0.8661,ABCG2;AHR;AKT1;ALOX5;BAX;BCL2;BIRC5;CASP3;CASP8;CCL2;CCND1;CD40LG;CDK4;CDKN1A;CHEK2;CHUK;CXCL10;CXCL8;CYP1A2;CYP3A4;DUOX2;EGFR;ERBB2;GSTM1;GSTP1;HIF1A;HMOX1;ICAM1;IFNG;IGF2;IKBKB;IL10;IL1A;IL1B;IL2;IL4;IL6;MAPK1;MET;MMP1;MMP2;MMP3;MMP8;MMP9;MPO;MYC;NFE2L2;NFKBIA;NOS2;NOS3;NR1I2;NR3C1;ODC1;PLAU;PPARA;PPARG;PTGS1;PTGS2;RB1;RELA;SLC6A4;STAT1;TNF;TP53;VCAM1,AKT1;BIRC5;CASP3;CCND1;CD40LG;CDKN1A;EGFR;ERBB2;GSTP1;HMOX1;ICAM1;IFNG;IL10;IL2;IL6;MAPK1;MMP1;MMP2;MMP9;NFKBIA;NOS2;PLAU;PPARG;PTGS1;PTGS2;RB1;RELA;SLC6A4;TNF;TP53,"Disease targets for Ulcerative Colitis; exact medicinal-material matches from TCMSP, HERB 2.0, and ETCM 2.0; legacy provisional ranking because database screening definitions are heterogeneous and safety/pair evidence are unreviewed placeholders",123,50,党参＋槐花,0.732026,0.538462,0.166667,0.683007,0.093333,0.22549,45.602061,43.140825,60.0,0.0,52.140825,,legacy_provisional_includes_unreviewed_placeholders,47,,legacy_formula_including_unreviewed_placeholders,TCMSP exact match,TCMSP exact match,False,1.714286,0,,False
山药,甘草,15,67,70,12,3,55,True,84.3624,4,4,73.0,60.0,False,legacy_placeholder_60_not_reviewed,0.0,False,legacy_placeholder_0_not_reviewed,55.6449,64.6449,legacy_formula_including_unreviewed_placeholders,legacy_provisional_includes_unreviewed_placeholders,,64.6449,605,23,0.8055,ABCC2;ABCG2;ADIPOQ;AHR;AKT1;ALOX5;BAX;BCL2;BIRC5;CASP3;CASP8;CAT;CCL2;CCND1;CD40LG;CDK4;CDKN1A;CHEK2;CHUK;CXCL10;CXCL8;CYP1A2;CYP3A4;DUOX2;EGFR;ERBB2;GSTM1;GSTP1;HIF1A;HMOX1;ICAM1;IFNG;IGF2;IKBKB;IL10;IL1A;IL1B;IL2;IL4;IL6;KDR;MAPK1;MAPK3;MMP1;MMP2;MMP3;MMP9;MPO;MTOR;MYC;NFE2L2;NFKBIA;NOS2;NOS3;NR1I2;NR3C1;ODC1;PLAU;PPARA;PPARG;PTGS1;PTGS2;RB1;RELA;SLC6A4;STAT1;STAT3;TNF;TP53;VCAM1,AKT1;CAT;CDKN1A;HIF1A;NOS2;NR1I2;PLAU;PTGS1;PTGS2;RELA;SLC6A4;TP53,"Disease targets for Ulcerative Colitis; exact medicinal-material matches from TCMSP, HERB 2.0, and ETCM 2.0; legacy provisional ranking because database screening definitions are heterogeneous and safety/pair evidence are unreviewed placeholders",105,32,山药＋甘草,0.911765,0.828571,0.054545,0.447712,0.139394,0.418301,51.484636,42.493855,60.0,0.0,51.493855,,legacy_provisional_includes_unreviewed_placeholders,48,,legacy_formula_including_unreviewed_placeholders,TCMSP exact match,TCMSP exact match,False,4.466667,4,0.660546,True
山药,葛根,15,10,21,4,11,6,True,47.7468,2,3,59.0,60.0,False,legacy_placeholder_60_not_reviewed,0.0,False,legacy_placeholder_0_not_reviewed,36.7987,45.7987,legacy_formula_including_unreviewed_placeholders,legacy_provisional_includes_unreviewed_placeholders,,45.7987,59,24,0.868,ABCC2;AKT1;BAX;BCL2;CASP3;CASP8;CAT;CDKN1A;HIF1A;IL4;MTOR;NOS2;NR1I2;NR3C1;PLAU;PPARG;PTGS1;PTGS2;RELA;SLC6A4;TP53,NOS2;PTGS1;PTGS2;SLC6A4,"Disease targets for Ulcerative Colitis; exact medicinal-material matches from TCMSP, HERB 2.0, and ETCM 2.0; legacy provisional ranking because database screening definitions are heterogeneous and safety/pair evidence are unreviewed placeholders",211,111,山药＋葛根,0.199346,0.809524,0.545455,0.738562,0.363636,0.96732,61.340294,42.236117,60.0,0.0,51.236117,,legacy_provisional_includes_unreviewed_placeholders,49,,legacy_formula_including_unreviewed_placeholders,TCMSP exact match,TCMSP exact match,False,1.5,0,,False
党参,黄芩,35,27,47,15,20,12,True,61.6243,2,3,52.3333,60.0,False,legacy_placeholder_60_not_reviewed,0.0,False,legacy_placeholder_0_not_reviewed,40.3497,49.3497,legacy_formula_including_unreviewed_placeholders,legacy_provisional_includes_unreviewed_placeholders,,49.3497,331,58,0.8275,AHR;AKT1;BAX;BCL2;BIRC5;CASP3;CASP8;CCL2;CCND1;CD40LG;CDK4;CDKN1A;CXCL8;CYP1A2;EGFR;ERBB2;FASLG;GSTP1;HIF1A;HMOX1;ICAM1;IFNG;IGF2;IL10;IL2;IL4;IL6;KDR;MAPK1;MET;MMP1;MMP2;MMP8;MMP9;MPO;NFKBIA;NOS2;NR3C1;PLAU;PPARG;PTGS1;PTGS2;RB1;RELA;SLC6A4;TNF;TP53,AKT1;CASP3;CCND1;CDKN1A;IL6;MMP1;MMP9;NOS2;PLAU;PTGS1;PTGS2;RELA;SLC6A4;TNF;TP53,"Disease targets for Ulcerative Colitis; exact medicinal-material matches from TCMSP, HERB 2.0, and ETCM 2.0; legacy provisional ranking because database screening definitions are heterogeneous and safety/pair evidence are unreviewed placeholders",168,88,党参＋黄芩,0.464052,0.680851,0.6,0.901961,0.241667,0.836601,66.197747,42.179089,60.0,0.0,51.179089,,legacy_provisional_includes_unreviewed_placeholders,50,,legacy_formula_including_unreviewed_placeholders,TCMSP exact match,TCMSP exact match,False,1.296296,0,,False
党参,甘草,35,67,70,32,3,35,True,72.9338,4,4,83.0,60.0,False,legacy_placeholder_60_not_reviewed,0.0,False,legacy_placeholder_0_not_reviewed,54.0735,63.0735,legacy_formula_including_unreviewed_placeholders,legacy_provisional_includes_unreviewed_placeholders,,63.0735,596,9,0.8303,ABCG2;ADIPOQ;AHR;AKT1;ALOX5;BAX;BCL2;BIRC5;CASP3;CASP8;CAT;CCL2;CCND1;CD40LG;CDK4;CDKN1A;CHEK2;CHUK;CXCL10;CXCL8;CYP1A2;CYP3A4;DUOX2;EGFR;ERBB2;GSTM1;GSTP1;HIF1A;HMOX1;ICAM1;IFNG;IGF2;IKBKB;IL10;IL1A;IL1B;IL2;IL4;IL6;KDR;MAPK1;MAPK3;MET;MMP1;MMP2;MMP3;MMP8;MMP9;MPO;MYC;NFE2L2;NFKBIA;NOS2;NOS3;NR1I2;NR3C1;ODC1;PLAU;PPARA;PPARG;PTGS1;PTGS2;RB1;RELA;SLC6A4;STAT1;STAT3;TNF;TP53;VCAM1,AKT1;BIRC5;CASP3;CCND1;CD40LG;CDK4;CDKN1A;EGFR;ERBB2;GSTP1;HMOX1;ICAM1;IFNG;IL10;IL2;IL4;IL6;MAPK1;MMP1;MMP2;MMP9;NFKBIA;NOS2;PLAU;PPARG;PTGS1;PTGS2;RB1;RELA;SLC6A4;TNF;TP53,"Disease targets for Ulcerative Colitis; exact medicinal-material matches from TCMSP, HERB 2.0, and ETCM 2.0; legacy provisional ranking because database screening definitions are heterogeneous and safety/pair evidence are unreviewed placeholders",115,42,党参＋甘草,0.911765,0.542857,0.085714,0.447712,0.085714,0.205882,43.152661,42.161064,60.0,0.0,51.161064,,legacy_provisional_includes_unreviewed_placeholders,51,,legacy_formula_including_unreviewed_placeholders,TCMSP exact match,TCMSP exact match,False,1.914286,0,,False
山药,马齿苋,15,63,67,11,4,52,True,82.4572,4,4,73.0,60.0,False,legacy_placeholder_60_not_reviewed,0.0,False,legacy_placeholder_0_not_reviewed,54.8829,63.8829,legacy_formula_including_unreviewed_placeholders,legacy_provisional_includes_unreviewed_placeholders,,63.8829,534,20,0.7928,ABCC2;ABCG2;AHR;AKT1;ALOX5;BAX;BCL2;BIRC5;CASP3;CASP8;CAT;CCL2;CCND1;CD40LG;CDK4;CDKN1A;CHEK2;CHUK;CXCL10;CXCL8;CYP1A2;CYP3A4;DUOX2;EGFR;ERBB2;GSTM1;GSTP1;HIF1A;HMOX1;ICAM1;IFNG;IGF2;IKBKB;IL10;IL1A;IL1B;IL2;IL4;IL6;MAPK1;MET;MMP1;MMP2;MMP3;MMP9;MPO;MTOR;MYC;NFE2L2;NFKBIA;NOS2;NOS3;NR1I2;NR3C1;ODC1;PLAU;PPARA;PPARG;PTGS1;PTGS2;RB1;RELA;SLC6A4;STAT1;TNF;TP53;VCAM1,AKT1;CDKN1A;HIF1A;NOS2;NR1I2;PLAU;PTGS1;PTGS2;RELA;SLC6A4;TP53,"Disease targets for Ulcerative Colitis; exact medicinal-material matches from TCMSP, HERB 2.0, and ETCM 2.0; legacy provisional ranking because database screening definitions are heterogeneous and safety/pair evidence are unreviewed placeholders",111,38,山药＋马齿苋,0.813725,0.835821,0.076923,0.571895,0.096154,0.251634,50.572496,42.128998,60.0,0.0,51.128998,,legacy_provisional_includes_unreviewed_placeholders,52,,legacy_formula_including_unreviewed_placeholders,TCMSP exact match,TCMSP exact match,False,4.2,4,0.63385,True
山药,黄芪,15,63,67,11,4,52,True,82.4572,4,4,73.0,60.0,False,legacy_placeholder_60_not_reviewed,0.0,False,legacy_placeholder_0_not_reviewed,54.8829,63.8829,legacy_formula_including_unreviewed_placeholders,legacy_provisional_includes_unreviewed_placeholders,,63.8829,537,20,0.7928,ABCC2;ABCG2;AHR;AKT1;ALOX5;BAX;BCL2;BIRC5;CASP3;CASP8;CAT;CCL2;CCND1;CD40LG;CDKN1A;CHEK2;CHUK;CXCL10;CXCL8;CYP1A2;CYP3A4;DUOX2;EGFR;ERBB2;GSTM1;GSTP1;HIF1A;HMOX1;ICAM1;IFNG;IGF2;IKBKB;IL10;IL1A;IL1B;IL2;IL4;IL6;KDR;MAPK1;MET;MMP1;MMP2;MMP3;MMP9;MPO;MTOR;MYC;NFE2L2;NFKBIA;NOS2;NOS3;NR1I2;NR3C1;ODC1;PLAU;PPARA;PPARG;PTGS1;PTGS2;RB1;RELA;SLC6A4;STAT1;TNF;TP53;VCAM1,AKT1;CDKN1A;HIF1A;NOS2;NR1I2;PLAU;PTGS1;PTGS2;RELA;SLC6A4;TP53,"Disease targets for Ulcerative Colitis; exact medicinal-material matches from TCMSP, HERB 2.0, and ETCM 2.0; legacy provisional ranking because database screening definitions are heterogeneous and safety/pair evidence are unreviewed placeholders",112,39,山药＋黄芪,0.813725,0.835821,0.076923,0.571895,0.096154,0.251634,50.572496,42.128998,60.0,0.0,51.128998,,legacy_provisional_includes_unreviewed_placeholders,53,,legacy_formula_including_unreviewed_placeholders,TCMSP exact match,TCMSP exact match,False,4.2,0,,False
乌梅,党参,61,35,65,31,30,4,True,68.4841,4,4,83.0,60.0,False,legacy_placeholder_60_not_reviewed,0.0,False,legacy_placeholder_0_not_reviewed,52.2936,61.2936,legacy_formula_including_unreviewed_placeholders,legacy_provisional_includes_unreviewed_placeholders,,61.2936,516,11,0.8914,ABCG2;AHR;AKT1;ALOX5;BAX;BCL2;BIRC5;CASP3;CASP8;CCL2;CCND1;CD40LG;CDK4;CDKN1A;CHEK2;CHUK;CXCL10;CXCL8;CYP1A2;CYP3A4;DUOX2;EGFR;ERBB2;GSTM1;GSTP1;HIF1A;HMOX1;ICAM1;IFNG;IGF2;IKBKB;IL10;IL1A;IL1B;IL2;IL4;IL6;MAPK1;MET;MMP1;MMP2;MMP3;MMP8;MMP9;MPO;MYC;NFE2L2;NFKBIA;NOS2;NOS3;NR1I2;NR3C1;ODC1;PLAU;PPARA;PPARG;PTGS1;PTGS2;RB1;RELA;SLC6A4;STAT1;TNF;TP53;VCAM1,AKT1;BIRC5;CASP3;CCND1;CD40LG;CDKN1A;EGFR;ERBB2;GSTP1;HMOX1;ICAM1;IFNG;IL10;IL2;IL6;MAPK1;MMP1;MMP2;MMP9;NFKBIA;NOS2;NR3C1;PLAU;PPARG;PTGS1;PTGS2;RB1;RELA;SLC6A4;TNF;TP53,"Disease targets for Ulcerative Colitis; exact medicinal-material matches from TCMSP, HERB 2.0, and ETCM 2.0; legacy provisional ranking because database screening definitions are heterogeneous and safety/pair evidence are unreviewed placeholders",125,52,乌梅＋党参,0.732026,0.523077,0.133333,0.571895,0.091667,0.215686,42.45274,41.881096,60.0,0.0,50.881096,,legacy_provisional_includes_unreviewed_placeholders,54,,legacy_formula_including_unreviewed_placeholders,TCMSP exact match,TCMSP exact match,False,1.742857,0,,False
山药,鱼腥草,15,59,64,10,5,49,True,80.5793,4,4,73.0,60.0,False,legacy_placeholder_60_not_reviewed,0.0,False,legacy_placeholder_0_not_reviewed,54.1317,63.1317,legacy_formula_including_unreviewed_placeholders,legacy_provisional_includes_unreviewed_placeholders,,63.1317,499,19,0.7954,ABCC2;ABCG2;AHR;AKT1;ALOX5;BAX;BCL2;BIRC5;CASP3;CASP8;CAT;CCL2;CCND1;CD40LG;CDKN1A;CHEK2;CHUK;CXCL10;CXCL8;CYP1A2;CYP3A4;DUOX2;EGFR;ERBB2;GSTM1;GSTP1;HIF1A;HMOX1;ICAM1;IFNG;IGF2;IKBKB;IL10;IL1A;IL1B;IL2;IL6;MAPK1;MMP1;MMP2;MMP3;MMP9;MPO;MTOR;MYC;NFE2L2;NFKBIA;NOS2;NOS3;NR1I2;NR3C1;ODC1;PLAU;PPARA;PPARG;PTGS1;PTGS2;RB1;RELA;SLC6A4;STAT1;TNF;TP53;VCAM1,AKT1;CDKN1A;HIF1A;NOS2;NR1I2;PLAU;PTGS1;PTGS2;RELA;TP53,"Disease targets for Ulcerative Colitis; exact medicinal-material matches from TCMSP, HERB 2.0, and ETCM 2.0; legacy provisional ranking because database screening definitions are heterogeneous and safety/pair evidence are unreviewed placeholders",114,41,山药＋鱼腥草,0.653595,0.84375,0.102041,0.683007,0.077551,0.176471,49.236674,41.59467,60.0,0.0,50.59467,,legacy_provisional_includes_unreviewed_placeholders,55,,legacy_formula_including_unreviewed_placeholders,TCMSP exact match,TCMSP exact match,False,3.933333,4,0.620501,True
山药,石榴皮,15,64,67,12,3,52,True,81.8602,4,4,73.0,60.0,False,legacy_placeholder_60_not_reviewed,0.0,False,legacy_placeholder_0_not_reviewed,54.6441,63.6441,legacy_formula_including_unreviewed_placeholders,legacy_provisional_includes_unreviewed_placeholders,,63.6441,534,20,0.7928,ABCC2;ABCG2;AHR;AKT1;ALOX5;BAX;BCL2;BIRC5;CASP3;CASP8;CAT;CCL2;CCND1;CD40LG;CDK4;CDKN1A;CHEK2;CHUK;CXCL10;CXCL8;CYP1A2;CYP3A4;DUOX2;EGFR;ERBB2;GSTM1;GSTP1;HIF1A;HMOX1;ICAM1;IFNG;IGF2;IKBKB;IL10;IL1A;IL1B;IL2;IL4;IL6;MAPK1;MET;MMP1;MMP2;MMP3;MMP9;MPO;MTOR;MYC;NFE2L2;NFKBIA;NOS2;NOS3;NR1I2;NR3C1;ODC1;PLAU;PPARA;PPARG;PTGS1;PTGS2;RB1;RELA;SLC6A4;STAT1;TNF;TP53;VCAM1,AKT1;CAT;CDKN1A;HIF1A;NOS2;NR1I2;PLAU;PTGS1;PTGS2;RELA;SLC6A4;TP53,"Disease targets for Ulcerative Colitis; exact medicinal-material matches from TCMSP, HERB 2.0, and ETCM 2.0; legacy provisional ranking because database screening definitions are heterogeneous and safety/pair evidence are unreviewed placeholders",113,40,山药＋石榴皮,0.813725,0.820896,0.057692,0.447712,0.128205,0.375817,49.001523,41.500609,60.0,0.0,50.500609,,legacy_provisional_includes_unreviewed_placeholders,56,,legacy_formula_including_unreviewed_placeholders,TCMSP exact match,TCMSP exact match,False,4.266667,0,,False
莲子,葛根,20,10,28,2,18,8,True,57.6307,2,3,59.0,60.0,False,legacy_placeholder_60_not_reviewed,0.0,False,legacy_placeholder_0_not_reviewed,40.7523,49.7523,legacy_formula_including_unreviewed_placeholders,legacy_provisional_includes_unreviewed_placeholders,,49.7523,55,19,0.8579,ABCG2;AHR;ALOX5;APEX1;BAX;BCL2;CASP3;CASP8;CHRNA7;CYP2C9;CYP3A4;EGFR;GPR35;HIF1A;IL4;KDR;MET;MMP9;MPO;NOD2;NOS2;PLAU;PPARG;PTGS1;PTGS2;SIRT1;SLC6A4;VEGFA,CASP3;SLC6A4,"Disease targets for Ulcerative Colitis; exact medicinal-material matches from TCMSP, HERB 2.0, and ETCM 2.0; legacy provisional ranking because database screening definitions are heterogeneous and safety/pair evidence are unreviewed placeholders",163,85,莲子＋葛根,0.287582,0.928571,0.444444,0.813725,0.131944,0.411765,58.622782,41.149113,60.0,0.0,50.149113,,legacy_provisional_includes_unreviewed_placeholders,57,,legacy_formula_including_unreviewed_placeholders,ETCM 2.0 exact match LianZi,TCMSP exact match,True,2.0,0,,False
党参,莲子,35,20,49,6,29,14,True,70.9557,2,3,52.3333,60.0,False,legacy_placeholder_60_not_reviewed,0.0,False,legacy_placeholder_0_not_reviewed,44.0823,53.0823,legacy_formula_including_unreviewed_placeholders,legacy_provisional_includes_unreviewed_placeholders,,53.0823,262,46,0.8358,ABCG2;AHR;AKT1;ALOX5;APEX1;BIRC5;CASP3;CCND1;CD40LG;CDK4;CDKN1A;CHRNA7;CYP2C9;CYP3A4;EGFR;ERBB2;GPR35;GSTP1;HIF1A;HMOX1;ICAM1;IFNG;IL10;IL2;IL4;IL6;KDR;MAPK1;MET;MMP1;MMP2;MMP8;MMP9;MPO;NFKBIA;NOD2;NOS2;NR3C1;PLAU;PPARG;PTGS1;PTGS2;RB1;RELA;SIRT1;SLC6A4;TNF;TP53;VEGFA,CASP3;EGFR;MET;MMP9;PLAU;SLC6A4,"Disease targets for Ulcerative Colitis; exact medicinal-material matches from TCMSP, HERB 2.0, and ETCM 2.0; legacy provisional ranking because database screening definitions are heterogeneous and safety/pair evidence are unreviewed placeholders",146,73,党参＋莲子,0.470588,0.877551,0.482759,0.921569,0.1133,0.339869,63.055521,40.922198,60.0,0.0,49.922198,,legacy_provisional_includes_unreviewed_placeholders,58,,legacy_formula_including_unreviewed_placeholders,TCMSP exact match,ETCM 2.0 exact match LianZi,True,1.75,0,,False
山药,栀子,15,60,64,11,4,49,True,79.9543,4,4,73.0,60.0,False,legacy_placeholder_60_not_reviewed,0.0,False,legacy_placeholder_0_not_reviewed,53.8817,62.8817,legacy_formula_including_unreviewed_placeholders,legacy_provisional_includes_unreviewed_placeholders,,62.8817,499,19,0.7954,ABCC2;ABCG2;AHR;AKT1;ALOX5;BAX;BCL2;BIRC5;CASP3;CASP8;CAT;CCL2;CCND1;CD40LG;CDKN1A;CHEK2;CHUK;CXCL10;CXCL8;CYP1A2;CYP3A4;DUOX2;EGFR;ERBB2;GSTM1;GSTP1;HIF1A;HMOX1;ICAM1;IFNG;IGF2;IKBKB;IL10;IL1A;IL1B;IL2;IL6;MAPK1;MMP1;MMP2;MMP3;MMP9;MPO;MTOR;MYC;NFE2L2;NFKBIA;NOS2;NOS3;NR1I2;NR3C1;ODC1;PLAU;PPARA;PPARG;PTGS1;PTGS2;RB1;RELA;SLC6A4;STAT1;TNF;TP53;VCAM1,AKT1;CDKN1A;HIF1A;NOS2;NR1I2;PLAU;PTGS1;PTGS2;RELA;SLC6A4;TP53,"Disease targets for Ulcerative Colitis; exact medicinal-material matches from TCMSP, HERB 2.0, and ETCM 2.0; legacy provisional ranking because database screening definitions are heterogeneous and safety/pair evidence are unreviewed placeholders",116,43,山药＋栀子,0.653595,0.828125,0.081633,0.571895,0.096939,0.27451,47.547529,40.919012,60.0,0.0,49.919012,,legacy_provisional_includes_unreviewed_placeholders,59,,legacy_formula_including_unreviewed_placeholders,TCMSP exact match,TCMSP exact match,False,4.0,4,0.607153,True
山药,槐花,15,60,64,11,4,49,True,79.9543,4,4,73.0,60.0,False,legacy_placeholder_60_not_reviewed,0.0,False,legacy_placeholder_0_not_reviewed,53.8817,62.8817,legacy_formula_including_unreviewed_placeholders,legacy_provisional_includes_unreviewed_placeholders,,62.8817,499,19,0.7954,ABCC2;ABCG2;AHR;AKT1;ALOX5;BAX;BCL2;BIRC5;CASP3;CASP8;CAT;CCL2;CCND1;CD40LG;CDKN1A;CHEK2;CHUK;CXCL10;CXCL8;CYP1A2;CYP3A4;DUOX2;EGFR;ERBB2;GSTM1;GSTP1;HIF1A;HMOX1;ICAM1;IFNG;IGF2;IKBKB;IL10;IL1A;IL1B;IL2;IL6;MAPK1;MMP1;MMP2;MMP3;MMP9;MPO;MTOR;MYC;NFE2L2;NFKBIA;NOS2;NOS3;NR1I2;NR3C1;ODC1;PLAU;PPARA;PPARG;PTGS1;PTGS2;RB1;RELA;SLC6A4;STAT1;TNF;TP53;VCAM1,AKT1;CDKN1A;HIF1A;NOS2;NR1I2;PLAU;PTGS1;PTGS2;RELA;SLC6A4;TP53,"Disease targets for Ulcerative Colitis; exact medicinal-material matches from TCMSP, HERB 2.0, and ETCM 2.0; legacy provisional ranking because database screening definitions are heterogeneous and safety/pair evidence are unreviewed placeholders",117,44,山药＋槐花,0.653595,0.828125,0.081633,0.571895,0.096939,0.27451,47.547529,40.919012,60.0,0.0,49.919012,,legacy_provisional_includes_unreviewed_placeholders,60,,legacy_formula_including_unreviewed_placeholders,TCMSP exact match,TCMSP exact match,False,4.0,0,,False
党参,黄芪,35,63,66,32,3,31,True,68.8987,4,4,83.0,60.0,False,legacy_placeholder_60_not_reviewed,0.0,False,legacy_placeholder_0_not_reviewed,52.4595,61.4595,legacy_formula_including_unreviewed_placeholders,legacy_provisional_includes_unreviewed_placeholders,,61.4595,527,7,0.8076,ABCG2;AHR;AKT1;ALOX5;BAX;BCL2;BIRC5;CASP3;CASP8;CCL2;CCND1;CD40LG;CDK4;CDKN1A;CHEK2;CHUK;CXCL10;CXCL8;CYP1A2;CYP3A4;DUOX2;EGFR;ERBB2;GSTM1;GSTP1;HIF1A;HMOX1;ICAM1;IFNG;IGF2;IKBKB;IL10;IL1A;IL1B;IL2;IL4;IL6;KDR;MAPK1;MET;MMP1;MMP2;MMP3;MMP8;MMP9;MPO;MYC;NFE2L2;NFKBIA;NOS2;NOS3;NR1I2;NR3C1;ODC1;PLAU;PPARA;PPARG;PTGS1;PTGS2;RB1;RELA;SLC6A4;STAT1;TNF;TP53;VCAM1,AKT1;BIRC5;CASP3;CCND1;CD40LG;CDKN1A;EGFR;ERBB2;GSTP1;HMOX1;ICAM1;IFNG;IL10;IL2;IL4;IL6;MAPK1;MET;MMP1;MMP2;MMP9;NFKBIA;NOS2;PLAU;PPARG;PTGS1;PTGS2;RB1;RELA;SLC6A4;TNF;TP53,"Disease targets for Ulcerative Colitis; exact medicinal-material matches from TCMSP, HERB 2.0, and ETCM 2.0; legacy provisional ranking because database screening definitions are heterogeneous and safety/pair evidence are unreviewed placeholders",124,51,党参＋黄芪,0.781046,0.515152,0.096774,0.447712,0.075269,0.169935,39.817961,40.827185,60.0,0.0,49.827185,,legacy_provisional_includes_unreviewed_placeholders,61,,legacy_formula_including_unreviewed_placeholders,TCMSP exact match,TCMSP exact match,False,1.8,0,,False
肉豆蔻,鱼腥草,8,59,60,7,1,52,True,79.2358,4,4,88.0,60.0,False,legacy_placeholder_60_not_reviewed,0.0,False,legacy_placeholder_0_not_reviewed,58.0943,67.0943,legacy_formula_including_unreviewed_placeholders,legacy_provisional_includes_unreviewed_placeholders,,67.0943,472,0,0.0,ABCG2;AHR;AKT1;ALOX5;BAX;BCL2;BIRC5;CASP3;CASP8;CCL2;CCND1;CD40LG;CDKN1A;CHEK2;CHUK;CXCL10;CXCL8;CYP1A2;CYP3A4;DUOX2;EGFR;ERBB2;GSTM1;GSTP1;HIF1A;HMOX1;ICAM1;IFNG;IGF2;IKBKB;IL10;IL1A;IL1B;IL2;IL6;MAPK1;MMP1;MMP2;MMP3;MMP9;MPO;MYC;NFE2L2;NFKBIA;NOS2;NOS3;NR1I2;ODC1;PLAU;PPARA;PPARG;PTGS1;PTGS2;RB1;RELA;SLC6A4;STAT1;TNF;TP53;VCAM1,BAX;BCL2;CASP3;CASP8;NOS2;PTGS1;PTGS2,"Disease targets for Ulcerative Colitis; exact medicinal-material matches from TCMSP, HERB 2.0, and ETCM 2.0; legacy provisional ranking because database screening definitions are heterogeneous and safety/pair evidence are unreviewed placeholders",55,22,肉豆蔻＋鱼腥草,0.503268,0.883333,0.019231,0.137255,0.0,0.078431,35.568753,40.627501,60.0,0.0,49.627501,,legacy_provisional_includes_unreviewed_placeholders,62,,legacy_formula_including_unreviewed_placeholders,TCMSP exact match,TCMSP exact match,False,7.375,0,,False
乌梅,大枣,61,61,63,59,2,2,True,48.6372,4,4,68.0,60.0,False,legacy_placeholder_60_not_reviewed,0.0,False,legacy_placeholder_0_not_reviewed,39.8549,48.8549,legacy_formula_including_unreviewed_placeholders,legacy_provisional_includes_unreviewed_placeholders,,48.8549,490,0,0.0,ABCG2;AHR;AKT1;ALOX5;BAX;BCL2;BIRC5;CASP3;CASP8;CAT;CCL2;CCND1;CD40LG;CDKN1A;CHEK2;CHUK;CXCL10;CXCL8;CYP1A2;CYP3A4;DUOX2;EGFR;ERBB2;GSTM1;GSTP1;HIF1A;HMOX1;ICAM1;IFNG;IGF2;IKBKB;IL10;IL1A;IL1B;IL2;IL6;KDR;MAPK1;MMP1;MMP2;MMP3;MMP9;MPO;MYC;NFE2L2;NFKBIA;NOS2;NOS3;NR1I2;NR3C1;ODC1;PLAU;PPARA;PPARG;PTGS1;PTGS2;RB1;RELA;SLC6A4;STAT1;TNF;TP53;VCAM1,ABCG2;AHR;AKT1;ALOX5;BAX;BCL2;BIRC5;CASP3;CASP8;CCL2;CCND1;CD40LG;CDKN1A;CHEK2;CHUK;CXCL10;CXCL8;CYP1A2;CYP3A4;DUOX2;EGFR;ERBB2;GSTM1;GSTP1;HIF1A;HMOX1;ICAM1;IFNG;IGF2;IL10;IL1A;IL1B;IL2;IL6;MAPK1;MMP1;MMP2;MMP3;MMP9;MPO;MYC;NFE2L2;NFKBIA;NOS2;NOS3;NR1I2;ODC1;PLAU;PPARA;PPARG;PTGS1;PTGS2;RB1;RELA;SLC6A4;STAT1;TNF;TP53;VCAM1,"Disease targets for Ulcerative Colitis; exact medicinal-material matches from TCMSP, HERB 2.0, and ETCM 2.0; legacy provisional ranking because database screening definitions are heterogeneous and safety/pair evidence are unreviewed placeholders",178,96,乌梅＋大枣,0.601307,0.063492,1.0,0.333333,0.0,0.078431,49.397759,40.159104,60.0,0.0,49.159104,,legacy_provisional_includes_unreviewed_placeholders,63,,legacy_formula_including_unreviewed_placeholders,TCMSP exact match,TCMSP exact match,False,1.0,4,0.574355,True
大枣,山药,61,15,64,12,49,3,True,79.3293,4,4,73.0,60.0,False,legacy_placeholder_60_not_reviewed,0.0,False,legacy_placeholder_0_not_reviewed,53.6317,62.6317,legacy_formula_including_unreviewed_placeholders,legacy_provisional_includes_unreviewed_placeholders,,62.6317,496,18,0.7969,ABCC2;ABCG2;AHR;AKT1;ALOX5;BAX;BCL2;BIRC5;CASP3;CASP8;CAT;CCL2;CCND1;CD40LG;CDKN1A;CHEK2;CHUK;CXCL10;CXCL8;CYP1A2;CYP3A4;DUOX2;EGFR;ERBB2;GSTM1;GSTP1;HIF1A;HMOX1;ICAM1;IFNG;IGF2;IL10;IL1A;IL1B;IL2;IL6;KDR;MAPK1;MMP1;MMP2;MMP3;MMP9;MPO;MTOR;MYC;NFE2L2;NFKBIA;NOS2;NOS3;NR1I2;NR3C1;ODC1;PLAU;PPARA;PPARG;PTGS1;PTGS2;RB1;RELA;SLC6A4;STAT1;TNF;TP53;VCAM1,AKT1;CAT;CDKN1A;HIF1A;NOS2;NR1I2;PLAU;PTGS1;PTGS2;RELA;SLC6A4;TP53,"Disease targets for Ulcerative Colitis; exact medicinal-material matches from TCMSP, HERB 2.0, and ETCM 2.0; legacy provisional ranking because database screening definitions are heterogeneous and safety/pair evidence are unreviewed placeholders",119,46,大枣＋山药,0.653595,0.8125,0.061224,0.447712,0.122449,0.352941,45.466228,40.086491,60.0,0.0,49.086491,,legacy_provisional_includes_unreviewed_placeholders,64,,legacy_formula_including_unreviewed_placeholders,TCMSP exact match,TCMSP exact match,False,4.066667,4,0.590182,True
乌梅,山药,61,15,64,12,49,3,True,79.3293,4,4,73.0,60.0,False,legacy_placeholder_60_not_reviewed,0.0,False,legacy_placeholder_0_not_reviewed,53.6317,62.6317,legacy_formula_including_unreviewed_placeholders,legacy_provisional_includes_unreviewed_placeholders,,62.6317,499,15,0.802,ABCC2;ABCG2;AHR;AKT1;ALOX5;BAX;BCL2;BIRC5;CASP3;CASP8;CAT;CCL2;CCND1;CD40LG;CDKN1A;CHEK2;CHUK;CXCL10;CXCL8;CYP1A2;CYP3A4;DUOX2;EGFR;ERBB2;GSTM1;GSTP1;HIF1A;HMOX1;ICAM1;IFNG;IGF2;IKBKB;IL10;IL1A;IL1B;IL2;IL6;MAPK1;MMP1;MMP2;MMP3;MMP9;MPO;MTOR;MYC;NFE2L2;NFKBIA;NOS2;NOS3;NR1I2;NR3C1;ODC1;PLAU;PPARA;PPARG;PTGS1;PTGS2;RB1;RELA;SLC6A4;STAT1;TNF;TP53;VCAM1,AKT1;CDKN1A;HIF1A;NOS2;NR1I2;NR3C1;PLAU;PTGS1;PTGS2;RELA;SLC6A4;TP53,"Disease targets for Ulcerative Colitis; exact medicinal-material matches from TCMSP, HERB 2.0, and ETCM 2.0; legacy provisional ranking because database screening definitions are heterogeneous and safety/pair evidence are unreviewed placeholders",118,45,乌梅＋山药,0.653595,0.8125,0.061224,0.447712,0.102041,0.313725,45.074071,39.929629,60.0,0.0,48.929629,,legacy_provisional_includes_unreviewed_placeholders,65,,legacy_formula_including_unreviewed_placeholders,TCMSP exact match,TCMSP exact match,False,4.066667,4,0.576834,True
党参,石榴皮,35,64,66,33,2,31,True,68.2927,4,4,83.0,60.0,False,legacy_placeholder_60_not_reviewed,0.0,False,legacy_placeholder_0_not_reviewed,52.2171,61.2171,legacy_formula_including_unreviewed_placeholders,legacy_provisional_includes_unreviewed_placeholders,,61.2171,516,5,0.7744,ABCG2;AHR;AKT1;ALOX5;BAX;BCL2;BIRC5;CASP3;CASP8;CAT;CCL2;CCND1;CD40LG;CDK4;CDKN1A;CHEK2;CHUK;CXCL10;CXCL8;CYP1A2;CYP3A4;DUOX2;EGFR;ERBB2;GSTM1;GSTP1;HIF1A;HMOX1;ICAM1;IFNG;IGF2;IKBKB;IL10;IL1A;IL1B;IL2;IL4;IL6;MAPK1;MET;MMP1;MMP2;MMP3;MMP8;MMP9;MPO;MYC;NFE2L2;NFKBIA;NOS2;NOS3;NR1I2;NR3C1;ODC1;PLAU;PPARA;PPARG;PTGS1;PTGS2;RB1;RELA;SLC6A4;STAT1;TNF;TP53;VCAM1,AKT1;BIRC5;CASP3;CCND1;CD40LG;CDK4;CDKN1A;EGFR;ERBB2;GSTP1;HMOX1;ICAM1;IFNG;IL10;IL2;IL4;IL6;MAPK1;MET;MMP1;MMP2;MMP9;NFKBIA;NOS2;PLAU;PPARG;PTGS1;PTGS2;RB1;RELA;SLC6A4;TNF;TP53,"Disease targets for Ulcerative Colitis; exact medicinal-material matches from TCMSP, HERB 2.0, and ETCM 2.0; legacy provisional ranking because database screening definitions are heterogeneous and safety/pair evidence are unreviewed placeholders",126,53,党参＋石榴皮,0.781046,0.5,0.064516,0.333333,0.080645,0.189542,36.951824,39.680729,60.0,0.0,48.680729,,legacy_provisional_includes_unreviewed_placeholders,66,,legacy_formula_including_unreviewed_placeholders,TCMSP exact match,TCMSP exact match,False,1.828571,0,,False
山药,莲子,15,20,32,3,12,17,True,59.6646,2,3,39.0,60.0,False,legacy_placeholder_60_not_reviewed,0.0,False,legacy_placeholder_0_not_reviewed,35.5659,44.5659,legacy_formula_including_unreviewed_placeholders,legacy_provisional_includes_unreviewed_placeholders,,44.5659,80,33,0.8635,ABCC2;ABCG2;AHR;AKT1;ALOX5;APEX1;CASP3;CAT;CDKN1A;CHRNA7;CYP2C9;CYP3A4;EGFR;GPR35;HIF1A;KDR;MET;MMP9;MPO;MTOR;NOD2;NOS2;NR1I2;NR3C1;PLAU;PTGS1;PTGS2;RELA;SIRT1;SLC6A4;TP53;VEGFA,HIF1A;PLAU;SLC6A4,"Disease targets for Ulcerative Colitis; exact medicinal-material matches from TCMSP, HERB 2.0, and ETCM 2.0; legacy provisional ranking because database screening definitions are heterogeneous and safety/pair evidence are unreviewed placeholders",221,119,山药＋莲子,0.330065,0.90625,0.705882,0.901961,0.161765,0.51634,69.126838,39.350735,60.0,0.0,48.350735,,legacy_provisional_includes_unreviewed_placeholders,67,,legacy_formula_including_unreviewed_placeholders,TCMSP exact match,ETCM 2.0 exact match LianZi,True,1.333333,1,0.466667,False
党参,马齿苋,35,63,65,33,2,30,True,67.2533,4,4,83.0,60.0,False,legacy_placeholder_60_not_reviewed,0.0,False,legacy_placeholder_0_not_reviewed,51.8013,60.8013,legacy_formula_including_unreviewed_placeholders,legacy_provisional_includes_unreviewed_placeholders,,60.8013,516,5,0.7744,ABCG2;AHR;AKT1;ALOX5;BAX;BCL2;BIRC5;CASP3;CASP8;CCL2;CCND1;CD40LG;CDK4;CDKN1A;CHEK2;CHUK;CXCL10;CXCL8;CYP1A2;CYP3A4;DUOX2;EGFR;ERBB2;GSTM1;GSTP1;HIF1A;HMOX1;ICAM1;IFNG;IGF2;IKBKB;IL10;IL1A;IL1B;IL2;IL4;IL6;MAPK1;MET;MMP1;MMP2;MMP3;MMP8;MMP9;MPO;MYC;NFE2L2;NFKBIA;NOS2;NOS3;NR1I2;NR3C1;ODC1;PLAU;PPARA;PPARG;PTGS1;PTGS2;RB1;RELA;SLC6A4;STAT1;TNF;TP53;VCAM1,AKT1;BIRC5;CASP3;CCND1;CD40LG;CDK4;CDKN1A;EGFR;ERBB2;GSTP1;HMOX1;ICAM1;IFNG;IL10;IL2;IL4;IL6;MAPK1;MET;MMP1;MMP2;MMP9;NFKBIA;NOS2;PLAU;PPARG;PTGS1;PTGS2;RB1;RELA;SLC6A4;TNF;TP53,"Disease targets for Ulcerative Colitis; exact medicinal-material matches from TCMSP, HERB 2.0, and ETCM 2.0; legacy provisional ranking because database screening definitions are heterogeneous and safety/pair evidence are unreviewed placeholders",127,54,党参＋马齿苋,0.732026,0.492308,0.066667,0.333333,0.083333,0.196078,35.908999,39.2636,60.0,0.0,48.2636,,legacy_provisional_includes_unreviewed_placeholders,68,,legacy_formula_including_unreviewed_placeholders,TCMSP exact match,TCMSP exact match,False,1.8,0,,False
蒲公英,陈皮,37,18,44,11,26,7,True,62.1951,3,2,56.0,60.0,False,legacy_placeholder_60_not_reviewed,0.0,False,legacy_placeholder_0_not_reviewed,41.678,50.678,legacy_formula_including_unreviewed_placeholders,legacy_provisional_includes_unreviewed_placeholders,,50.678,285,50,0.8337,ADIPOQ;AKT1;ALB;BAX;BCL2;CASP1;CASP3;CASP8;CAT;CCL2;CHRNA7;GLS;GSTP1;HNF4A;IL13;IL1B;IL4;IL5;IL6;JUN;MAPK1;MAPK3;MMP1;MMP9;MYC;NFKB1;NFKBIA;NOS2;NR3C1;ODC1;PPARA;PPARG;PTGS1;PTGS2;RELA;RORC;SIRT1;SLC6A4;TCF7L2;TGFB1;TIMP1;TNF;TP53;XIST,BAX;BCL2;CASP3;MAPK1;MAPK3;NOS2;PPARG;PTGS1;PTGS2;RELA;TP53,"Disease targets for Ulcerative Colitis; exact medicinal-material matches from TCMSP, HERB 2.0, and ETCM 2.0; legacy provisional ranking because database screening definitions are heterogeneous and safety/pair evidence are unreviewed placeholders",157,80,蒲公英＋陈皮,0.45098,0.75,0.269231,0.771242,0.274725,0.869281,56.107969,39.243188,60.0,0.0,48.243188,,legacy_provisional_includes_unreviewed_placeholders,69,,legacy_formula_including_unreviewed_placeholders,HERB 2.0 exact match HERB004401,TCMSP exact match,True,2.055556,3,0.513965,True
肉豆蔻,莲子,8,20,26,2,6,18,True,55.9475,2,3,59.0,60.0,False,legacy_placeholder_60_not_reviewed,0.0,False,legacy_placeholder_0_not_reviewed,40.079,49.079,legacy_formula_including_unreviewed_placeholders,legacy_provisional_includes_unreviewed_placeholders,,49.079,48,14,0.8586,ABCG2;AHR;ALOX5;APEX1;BAX;BCL2;CASP3;CASP8;CHRNA7;CYP2C9;CYP3A4;EGFR;GPR35;HIF1A;KDR;MET;MMP9;MPO;NOD2;NOS2;PLAU;PTGS1;PTGS2;SIRT1;SLC6A4;VEGFA,CASP3;SLC6A4,"Disease targets for Ulcerative Colitis; exact medicinal-material matches from TCMSP, HERB 2.0, and ETCM 2.0; legacy provisional ranking because database screening definitions are heterogeneous and safety/pair evidence are unreviewed placeholders",177,95,肉豆蔻＋莲子,0.277778,0.923077,0.333333,0.738562,0.12963,0.398693,53.697838,39.179135,60.0,0.0,48.179135,,legacy_provisional_includes_unreviewed_placeholders,70,,legacy_formula_including_unreviewed_placeholders,TCMSP exact match,ETCM 2.0 exact match LianZi,True,2.5,0,,False
生姜,鱼腥草,8,59,60,7,1,52,True,79.2358,4,4,83.0,60.0,False,legacy_placeholder_60_not_reviewed,0.0,False,legacy_placeholder_0_not_reviewed,56.5943,65.5943,legacy_formula_including_unreviewed_placeholders,legacy_provisional_includes_unreviewed_placeholders,,65.5943,472,0,0.0,ABCG2;AHR;AKT1;ALOX5;BAX;BCL2;BIRC5;CASP3;CASP8;CCL2;CCND1;CD40LG;CDKN1A;CHEK2;CHUK;CXCL10;CXCL8;CYP1A2;CYP3A4;DUOX2;EGFR;ERBB2;GSTM1;GSTP1;HIF1A;HMOX1;ICAM1;IFNG;IGF2;IKBKB;IL10;IL1A;IL1B;IL2;IL6;MAPK1;MMP1;MMP2;MMP3;MMP9;MPO;MYC;NFE2L2;NFKBIA;NOS2;NOS3;NR1I2;ODC1;PLAU;PPARA;PPARG;PTGS1;PTGS2;RB1;RELA;SLC6A4;STAT1;TNF;TP53;VCAM1,BAX;BCL2;CASP3;CASP8;PLAU;PTGS1;PTGS2,"Disease targets for Ulcerative Colitis; exact medicinal-material matches from TCMSP, HERB 2.0, and ETCM 2.0; legacy provisional ranking because database screening definitions are heterogeneous and safety/pair evidence are unreviewed placeholders",95,26,生姜＋鱼腥草,0.503268,0.883333,0.019231,0.137255,0.0,0.078431,35.568753,39.127501,60.0,0.0,48.127501,,legacy_provisional_includes_unreviewed_placeholders,71,,legacy_formula_including_unreviewed_placeholders,TCMSP exact match,TCMSP exact match,False,7.375,4,0.518882,True
砂仁,鱼腥草,8,59,60,7,1,52,True,79.2358,4,4,83.0,60.0,False,legacy_placeholder_60_not_reviewed,0.0,False,legacy_placeholder_0_not_reviewed,56.5943,65.5943,legacy_formula_including_unreviewed_placeholders,legacy_provisional_includes_unreviewed_placeholders,,65.5943,472,0,0.0,ABCG2;AHR;AKT1;ALOX5;BAX;BCL2;BIRC5;CASP3;CASP8;CCL2;CCND1;CD40LG;CDKN1A;CHEK2;CHUK;CXCL10;CXCL8;CYP1A2;CYP3A4;DUOX2;EGFR;ERBB2;GSTM1;GSTP1;HIF1A;HMOX1;ICAM1;IFNG;IGF2;IKBKB;IL10;IL1A;IL1B;IL2;IL6;MAPK1;MMP1;MMP2;MMP3;MMP9;MPO;MYC;NFE2L2;NFKBIA;NOS2;NOS3;NR1I2;ODC1;PLAU;PPARA;PPARG;PTGS1;PTGS2;RB1;RELA;SLC6A4;STAT1;TNF;TP53;VCAM1,BAX;BCL2;CASP3;CASP8;PLAU;PTGS1;PTGS2,"Disease targets for Ulcerative Colitis; exact medicinal-material matches from TCMSP, HERB 2.0, and ETCM 2.0; legacy provisional ranking because database screening definitions are heterogeneous and safety/pair evidence are unreviewed placeholders",96,27,砂仁＋鱼腥草,0.503268,0.883333,0.019231,0.137255,0.0,0.078431,35.568753,39.127501,60.0,0.0,48.127501,,legacy_provisional_includes_unreviewed_placeholders,72,,legacy_formula_including_unreviewed_placeholders,TCMSP exact match,TCMSP exact match,False,7.375,4,0.505533,True
马齿苋,黄芪,63,63,64,62,1,1,True,48.0793,4,4,68.0,60.0,False,legacy_placeholder_60_not_reviewed,0.0,False,legacy_placeholder_0_not_reviewed,39.6317,48.6317,legacy_formula_including_unreviewed_placeholders,legacy_provisional_includes_unreviewed_placeholders,,48.6317,517,0,0.0,ABCG2;AHR;AKT1;ALOX5;BAX;BCL2;BIRC5;CASP3;CASP8;CCL2;CCND1;CD40LG;CDK4;CDKN1A;CHEK2;CHUK;CXCL10;CXCL8;CYP1A2;CYP3A4;DUOX2;EGFR;ERBB2;GSTM1;GSTP1;HIF1A;HMOX1;ICAM1;IFNG;IGF2;IKBKB;IL10;IL1A;IL1B;IL2;IL4;IL6;KDR;MAPK1;MET;MMP1;MMP2;MMP3;MMP9;MPO;MYC;NFE2L2;NFKBIA;NOS2;NOS3;NR1I2;ODC1;PLAU;PPARA;PPARG;PTGS1;PTGS2;RB1;RELA;SLC6A4;STAT1;TNF;TP53;VCAM1,ABCG2;AHR;AKT1;ALOX5;BAX;BCL2;BIRC5;CASP3;CASP8;CCL2;CCND1;CD40LG;CDKN1A;CHEK2;CHUK;CXCL10;CXCL8;CYP1A2;CYP3A4;DUOX2;EGFR;ERBB2;GSTM1;GSTP1;HIF1A;HMOX1;ICAM1;IFNG;IGF2;IKBKB;IL10;IL1A;IL1B;IL2;IL4;IL6;MAPK1;MET;MMP1;MMP2;MMP3;MMP9;MPO;MYC;NFE2L2;NFKBIA;NOS2;NOS3;NR1I2;ODC1;PLAU;PPARA;PPARG;PTGS1;PTGS2;RB1;RELA;SLC6A4;STAT1;TNF;TP53;VCAM1,"Disease targets for Ulcerative Colitis; exact medicinal-material matches from TCMSP, HERB 2.0, and ETCM 2.0; legacy provisional ranking because database screening definitions are heterogeneous and safety/pair evidence are unreviewed placeholders",181,97,马齿苋＋黄芪,0.653595,0.03125,1.0,0.137255,0.0,0.078431,46.696283,39.078513,60.0,0.0,48.078513,,legacy_provisional_includes_unreviewed_placeholders,73,,legacy_formula_including_unreviewed_placeholders,TCMSP exact match,TCMSP exact match,False,1.0,0,,False
山药,肉豆蔻,15,8,19,4,11,4,True,45.4814,2,3,59.0,60.0,False,legacy_placeholder_60_not_reviewed,0.0,False,legacy_placeholder_0_not_reviewed,35.8926,44.8926,legacy_formula_including_unreviewed_placeholders,legacy_provisional_includes_unreviewed_placeholders,,44.8926,50,17,0.8714,ABCC2;AKT1;BAX;BCL2;CASP3;CASP8;CAT;CDKN1A;HIF1A;MTOR;NOS2;NR1I2;NR3C1;PLAU;PTGS1;PTGS2;RELA;SLC6A4;TP53,NOS2;PTGS1;PTGS2;SLC6A4,"Disease targets for Ulcerative Colitis; exact medicinal-material matches from TCMSP, HERB 2.0, and ETCM 2.0; legacy provisional ranking because database screening definitions are heterogeneous and safety/pair evidence are unreviewed placeholders",219,117,山药＋肉豆蔻,0.163399,0.789474,0.363636,0.571895,0.386364,0.980392,52.29626,38.618504,60.0,0.0,47.618504,,legacy_provisional_includes_unreviewed_placeholders,74,,legacy_formula_including_unreviewed_placeholders,TCMSP exact match,TCMSP exact match,False,1.875,0,,False
石榴皮,黄芩,64,27,66,25,39,2,True,73.1412,4,4,73.0,60.0,False,legacy_placeholder_60_not_reviewed,0.0,False,legacy_placeholder_0_not_reviewed,51.1565,60.1565,legacy_formula_including_unreviewed_placeholders,legacy_provisional_includes_unreviewed_placeholders,,60.1565,529,10,0.8164,ABCG2;AHR;AKT1;ALOX5;BAX;BCL2;BIRC5;CASP3;CASP8;CAT;CCL2;CCND1;CD40LG;CDK4;CDKN1A;CHEK2;CHUK;CXCL10;CXCL8;CYP1A2;CYP3A4;DUOX2;EGFR;ERBB2;FASLG;GSTM1;GSTP1;HIF1A;HMOX1;ICAM1;IFNG;IGF2;IKBKB;IL10;IL1A;IL1B;IL2;IL4;IL6;KDR;MAPK1;MET;MMP1;MMP2;MMP3;MMP9;MPO;MYC;NFE2L2;NFKBIA;NOS2;NOS3;NR1I2;ODC1;PLAU;PPARA;PPARG;PTGS1;PTGS2;RB1;RELA;SLC6A4;STAT1;TNF;TP53;VCAM1,AHR;AKT1;BAX;BCL2;CASP3;CASP8;CCL2;CCND1;CDKN1A;CXCL8;CYP1A2;HIF1A;IGF2;IL6;MMP1;MMP9;MPO;NOS2;PLAU;PTGS1;PTGS2;RELA;SLC6A4;TNF;TP53,"Disease targets for Ulcerative Colitis; exact medicinal-material matches from TCMSP, HERB 2.0, and ETCM 2.0; legacy provisional ranking because database screening definitions are heterogeneous and safety/pair evidence are unreviewed placeholders",130,57,石榴皮＋黄芩,0.781046,0.621212,0.051282,0.333333,0.128205,0.375817,41.44785,38.47914,60.0,0.0,47.47914,,legacy_provisional_includes_unreviewed_placeholders,75,,legacy_formula_including_unreviewed_placeholders,TCMSP exact match,TCMSP exact match,False,2.37037,0,,False
甘草,黄芩,67,27,68,26,41,1,True,74.462,4,4,73.0,60.0,False,legacy_placeholder_60_not_reviewed,0.0,False,legacy_placeholder_0_not_reviewed,51.6848,60.6848,legacy_formula_including_unreviewed_placeholders,legacy_provisional_includes_unreviewed_placeholders,,60.6848,587,7,0.8517,ABCG2;ADIPOQ;AHR;AKT1;ALOX5;BAX;BCL2;BIRC5;CASP3;CASP8;CAT;CCL2;CCND1;CD40LG;CDK4;CDKN1A;CHEK2;CHUK;CXCL10;CXCL8;CYP1A2;CYP3A4;DUOX2;EGFR;ERBB2;FASLG;GSTM1;GSTP1;HIF1A;HMOX1;ICAM1;IFNG;IGF2;IKBKB;IL10;IL1A;IL1B;IL2;IL4;IL6;KDR;MAPK1;MAPK3;MMP1;MMP2;MMP3;MMP9;MPO;MYC;NFE2L2;NFKBIA;NOS2;NOS3;NR1I2;ODC1;PLAU;PPARA;PPARG;PTGS1;PTGS2;RB1;RELA;SLC6A4;STAT1;STAT3;TNF;TP53;VCAM1,AHR;AKT1;BAX;BCL2;CASP3;CASP8;CCL2;CCND1;CDKN1A;CXCL8;CYP1A2;HIF1A;IGF2;IL6;KDR;MMP1;MMP9;MPO;NOS2;PLAU;PTGS1;PTGS2;RELA;SLC6A4;TNF;TP53,"Disease targets for Ulcerative Colitis; exact medicinal-material matches from TCMSP, HERB 2.0, and ETCM 2.0; legacy provisional ranking because database screening definitions are heterogeneous and safety/pair evidence are unreviewed placeholders",128,55,甘草＋黄芩,0.852941,0.617647,0.02439,0.137255,0.170732,0.575163,41.042165,38.316866,60.0,0.0,47.316866,,legacy_provisional_includes_unreviewed_placeholders,76,,legacy_formula_including_unreviewed_placeholders,TCMSP exact match,TCMSP exact match,False,2.481481,4,0.510235,True
党参,陈皮,35,18,42,11,24,7,True,60.2555,2,2,54.0,60.0,False,legacy_placeholder_60_not_reviewed,0.0,False,legacy_placeholder_0_not_reviewed,40.3022,49.3022,legacy_formula_including_unreviewed_placeholders,legacy_provisional_includes_unreviewed_placeholders,,49.3022,259,34,0.8271,ADIPOQ;AKT1;BAX;BCL2;BIRC5;CASP3;CAT;CCND1;CD40LG;CDK4;CDKN1A;EGFR;ERBB2;GSTP1;HMOX1;ICAM1;IFNG;IL10;IL2;IL4;IL6;MAPK1;MAPK3;MET;MMP1;MMP2;MMP8;MMP9;NFKBIA;NOS2;NR3C1;PLAU;PPARA;PPARG;PTGS1;PTGS2;RB1;RELA;SLC6A4;TIMP1;TNF;TP53,AKT1;CASP3;GSTP1;MAPK1;MMP9;NOS2;PPARG;PTGS1;PTGS2;RELA;TP53,"Disease targets for Ulcerative Colitis; exact medicinal-material matches from TCMSP, HERB 2.0, and ETCM 2.0; legacy provisional ranking because database screening definitions are heterogeneous and safety/pair evidence are unreviewed placeholders",169,89,党参＋陈皮,0.437908,0.738095,0.291667,0.771242,0.202381,0.745098,54.980159,38.192063,60.0,0.0,47.192063,,legacy_provisional_includes_unreviewed_placeholders,77,,legacy_formula_including_unreviewed_placeholders,TCMSP exact match,TCMSP exact match,False,1.944444,0,,False
马齿苋,黄芩,63,27,65,25,38,2,True,72.1764,4,4,73.0,60.0,False,legacy_placeholder_60_not_reviewed,0.0,False,legacy_placeholder_0_not_reviewed,50.7705,59.7705,legacy_formula_including_unreviewed_placeholders,legacy_provisional_includes_unreviewed_placeholders,,59.7705,529,10,0.8164,ABCG2;AHR;AKT1;ALOX5;BAX;BCL2;BIRC5;CASP3;CASP8;CCL2;CCND1;CD40LG;CDK4;CDKN1A;CHEK2;CHUK;CXCL10;CXCL8;CYP1A2;CYP3A4;DUOX2;EGFR;ERBB2;FASLG;GSTM1;GSTP1;HIF1A;HMOX1;ICAM1;IFNG;IGF2;IKBKB;IL10;IL1A;IL1B;IL2;IL4;IL6;KDR;MAPK1;MET;MMP1;MMP2;MMP3;MMP9;MPO;MYC;NFE2L2;NFKBIA;NOS2;NOS3;NR1I2;ODC1;PLAU;PPARA;PPARG;PTGS1;PTGS2;RB1;RELA;SLC6A4;STAT1;TNF;TP53;VCAM1,AHR;AKT1;BAX;BCL2;CASP3;CASP8;CCL2;CCND1;CDKN1A;CXCL8;CYP1A2;HIF1A;IGF2;IL6;MMP1;MMP9;MPO;NOS2;PLAU;PTGS1;PTGS2;RELA;SLC6A4;TNF;TP53,"Disease targets for Ulcerative Colitis; exact medicinal-material matches from TCMSP, HERB 2.0, and ETCM 2.0; legacy provisional ranking because database screening definitions are heterogeneous and safety/pair evidence are unreviewed placeholders",132,59,马齿苋＋黄芩,0.732026,0.615385,0.052632,0.333333,0.131579,0.405229,40.656373,38.162549,60.0,0.0,47.162549,,legacy_provisional_includes_unreviewed_placeholders,78,,legacy_formula_including_unreviewed_placeholders,TCMSP exact match,TCMSP exact match,False,2.333333,4,0.492575,True
莲子,黄芩,20,27,39,8,12,19,True,60.3315,2,3,39.0,60.0,False,legacy_placeholder_60_not_reviewed,0.0,False,legacy_placeholder_0_not_reviewed,35.8326,44.8326,legacy_formula_including_unreviewed_placeholders,legacy_provisional_includes_unreviewed_placeholders,,44.8326,173,34,0.8496,ABCG2;AHR;AKT1;ALOX5;APEX1;BAX;BCL2;CASP3;CASP8;CCL2;CCND1;CDKN1A;CHRNA7;CXCL8;CYP1A2;CYP2C9;CYP3A4;EGFR;FASLG;GPR35;HIF1A;IGF2;IL6;KDR;MET;MMP1;MMP9;MPO;NOD2;NOS2;PLAU;PTGS1;PTGS2;RELA;SIRT1;SLC6A4;TNF;TP53;VEGFA,AHR;CASP3;HIF1A;KDR;MMP9;MPO;PLAU;SLC6A4,"Disease targets for Ulcerative Colitis; exact medicinal-material matches from TCMSP, HERB 2.0, and ETCM 2.0; legacy provisional ranking because database screening definitions are heterogeneous and safety/pair evidence are unreviewed placeholders",220,118,莲子＋黄芩,0.405229,0.794872,0.631579,0.901961,0.149123,0.444444,64.897595,37.659038,60.0,0.0,46.659038,,legacy_provisional_includes_unreviewed_placeholders,79,,legacy_formula_including_unreviewed_placeholders,ETCM 2.0 exact match LianZi,TCMSP exact match,True,1.35,1,0.383333,False
白扁豆,蒲公英,11,37,42,6,5,31,True,65.0174,2,2,54.0,60.0,False,legacy_placeholder_60_not_reviewed,0.0,False,legacy_placeholder_0_not_reviewed,42.207,51.207,legacy_formula_including_unreviewed_placeholders,legacy_provisional_includes_unreviewed_placeholders,,51.207,261,34,0.8328,AKT1;ALB;BAX;BCL2;CASP1;CASP3;CASP8;CCL2;CHRNA7;CYP1A2;CYP3A4;GLS;HMOX1;HNF4A;IL13;IL1B;IL4;IL5;IL6;JUN;MAPK1;MAPK3;MMP1;MMP2;MYC;NFKB1;NFKBIA;NOS2;NR3C1;ODC1;PPARG;PTGS1;PTGS2;RELA;RORC;SIRT1;SLC6A4;TCF7L2;TGFB1;TNF;TP53;XIST,BCL2;CASP3;CASP8;MMP1;MYC;PTGS2,"Disease targets for Ulcerative Colitis; exact medicinal-material matches from TCMSP, HERB 2.0, and ETCM 2.0; legacy provisional ranking because database screening definitions are heterogeneous and safety/pair evidence are unreviewed placeholders",147,74,白扁豆＋蒲公英,0.437908,0.857143,0.16129,0.683007,0.219355,0.800654,53.277085,37.510834,60.0,0.0,46.510834,,legacy_provisional_includes_unreviewed_placeholders,80,,legacy_formula_including_unreviewed_placeholders,TCMSP exact match,HERB 2.0 exact match HERB004401,True,3.363636,3,0.426612,True
芡实,蒲公英,11,37,42,6,5,31,True,65.0174,2,2,54.0,60.0,False,legacy_placeholder_60_not_reviewed,0.0,False,legacy_placeholder_0_not_reviewed,42.207,51.207,legacy_formula_including_unreviewed_placeholders,legacy_provisional_includes_unreviewed_placeholders,,51.207,261,34,0.8328,AKT1;ALB;BAX;BCL2;CASP1;CASP3;CASP8;CCL2;CHRNA7;CYP1A2;CYP3A4;GLS;HMOX1;HNF4A;IL13;IL1B;IL4;IL5;IL6;JUN;MAPK1;MAPK3;MMP1;MMP2;MYC;NFKB1;NFKBIA;NOS2;NR3C1;ODC1;PPARG;PTGS1;PTGS2;RELA;RORC;SIRT1;SLC6A4;TCF7L2;TGFB1;TNF;TP53;XIST,BCL2;CASP3;CASP8;MMP1;MYC;PTGS2,"Disease targets for Ulcerative Colitis; exact medicinal-material matches from TCMSP, HERB 2.0, and ETCM 2.0; legacy provisional ranking because database screening definitions are heterogeneous and safety/pair evidence are unreviewed placeholders",148,75,芡实＋蒲公英,0.437908,0.857143,0.16129,0.683007,0.219355,0.800654,53.277085,37.510834,60.0,0.0,46.510834,,legacy_provisional_includes_unreviewed_placeholders,81,,legacy_formula_including_unreviewed_placeholders,TCMSP exact match,HERB 2.0 exact match HERB004401,True,3.363636,3,0.414987,True
白扁豆,黄芩,11,27,31,7,4,20,True,53.6507,2,3,59.0,60.0,False,legacy_placeholder_60_not_reviewed,0.0,False,legacy_placeholder_0_not_reviewed,39.1603,48.1603,legacy_formula_including_unreviewed_placeholders,legacy_provisional_includes_unreviewed_placeholders,,48.1603,162,24,0.7967,AHR;AKT1;BAX;BCL2;CASP3;CASP8;CCL2;CCND1;CDKN1A;CXCL8;CYP1A2;CYP3A4;FASLG;HIF1A;HMOX1;IGF2;IL6;KDR;MMP1;MMP2;MMP9;MPO;MYC;NOS2;PLAU;PTGS1;PTGS2;RELA;SLC6A4;TNF;TP53,AKT1;BCL2;CASP3;CASP8;CYP1A2;MMP1;PTGS2,"Disease targets for Ulcerative Colitis; exact medicinal-material matches from TCMSP, HERB 2.0, and ETCM 2.0; legacy provisional ranking because database screening definitions are heterogeneous and safety/pair evidence are unreviewed placeholders",194,104,白扁豆＋黄芩,0.316993,0.774194,0.2,0.571895,0.3,0.898693,49.260067,37.404027,60.0,0.0,46.404027,,legacy_provisional_includes_unreviewed_placeholders,82,,legacy_formula_including_unreviewed_placeholders,TCMSP exact match,TCMSP exact match,False,2.454545,4,0.456468,True
芡实,黄芩,11,27,31,7,4,20,True,53.6507,2,3,59.0,60.0,False,legacy_placeholder_60_not_reviewed,0.0,False,legacy_placeholder_0_not_reviewed,39.1603,48.1603,legacy_formula_including_unreviewed_placeholders,legacy_provisional_includes_unreviewed_placeholders,,48.1603,162,24,0.7967,AHR;AKT1;BAX;BCL2;CASP3;CASP8;CCL2;CCND1;CDKN1A;CXCL8;CYP1A2;CYP3A4;FASLG;HIF1A;HMOX1;IGF2;IL6;KDR;MMP1;MMP2;MMP9;MPO;MYC;NOS2;PLAU;PTGS1;PTGS2;RELA;SLC6A4;TNF;TP53,AKT1;BCL2;CASP3;CASP8;CYP1A2;MMP1;PTGS2,"Disease targets for Ulcerative Colitis; exact medicinal-material matches from TCMSP, HERB 2.0, and ETCM 2.0; legacy provisional ranking because database screening definitions are heterogeneous and safety/pair evidence are unreviewed placeholders",195,105,芡实＋黄芩,0.316993,0.774194,0.2,0.571895,0.3,0.898693,49.260067,37.404027,60.0,0.0,46.404027,,legacy_provisional_includes_unreviewed_placeholders,83,,legacy_formula_including_unreviewed_placeholders,TCMSP exact match,TCMSP exact match,False,2.454545,4,0.44312,True
姜黄,蒲公英,3,37,38,2,1,35,True,65.6996,3,3,71.0,60.0,False,legacy_placeholder_60_not_reviewed,0.0,False,legacy_placeholder_0_not_reviewed,47.5798,56.5798,legacy_formula_including_unreviewed_placeholders,legacy_provisional_includes_unreviewed_placeholders,,56.5798,218,6,0.7578,ALB;BAX;BCL2;CASP1;CASP3;CASP8;CCL2;CHRNA7;GLS;HNF4A;IL13;IL1B;IL4;IL5;IL6;JUN;MAPK1;MAPK3;MMP1;MYC;NFKB1;NFKBIA;NOS2;NR3C1;ODC1;PLAU;PPARG;PTGS1;PTGS2;RELA;RORC;SIRT1;SLC6A4;TCF7L2;TGFB1;TNF;TP53;XIST,PTGS1;PTGS2,"Disease targets for Ulcerative Colitis; exact medicinal-material matches from TCMSP, HERB 2.0, and ETCM 2.0; legacy provisional ranking because database screening definitions are heterogeneous and safety/pair evidence are unreviewed placeholders",141,68,姜黄＋蒲公英,0.375817,0.947368,0.028571,0.137255,0.171429,0.588235,39.99887,37.299548,60.0,0.0,46.299548,,legacy_provisional_includes_unreviewed_placeholders,84,,legacy_formula_including_unreviewed_placeholders,TCMSP exact match,HERB 2.0 exact match HERB004401,True,12.333333,0,,False
蒲公英,薏苡仁,37,3,38,2,35,1,True,65.6996,3,3,71.0,60.0,False,legacy_placeholder_60_not_reviewed,0.0,False,legacy_placeholder_0_not_reviewed,47.5798,56.5798,legacy_formula_including_unreviewed_placeholders,legacy_provisional_includes_unreviewed_placeholders,,56.5798,218,6,0.7578,ALB;BAX;BCL2;CASP1;CASP3;CASP8;CCL2;CHRNA7;GLS;HNF4A;IL13;IL1B;IL4;IL5;IL6;JUN;MAPK1;MAPK3;MMP1;MYC;NFKB1;NFKBIA;NOS2;NR3C1;ODC1;PLAU;PPARG;PTGS1;PTGS2;RELA;RORC;SIRT1;SLC6A4;TCF7L2;TGFB1;TNF;TP53;XIST,PTGS1;PTGS2,"Disease targets for Ulcerative Colitis; exact medicinal-material matches from TCMSP, HERB 2.0, and ETCM 2.0; legacy provisional ranking because database screening definitions are heterogeneous and safety/pair evidence are unreviewed placeholders",142,69,蒲公英＋薏苡仁,0.375817,0.947368,0.028571,0.137255,0.171429,0.588235,39.99887,37.299548,60.0,0.0,46.299548,,legacy_provisional_includes_unreviewed_placeholders,85,,legacy_formula_including_unreviewed_placeholders,HERB 2.0 exact match HERB004401,TCMSP exact match,True,12.333333,3,0.413145,True
鱼腥草,黄芩,59,27,62,24,35,3,True,69.882,4,4,73.0,60.0,False,legacy_placeholder_60_not_reviewed,0.0,False,legacy_placeholder_0_not_reviewed,49.8528,58.8528,legacy_formula_including_unreviewed_placeholders,legacy_provisional_includes_unreviewed_placeholders,,58.8528,494,9,0.8126,ABCG2;AHR;AKT1;ALOX5;BAX;BCL2;BIRC5;CASP3;CASP8;CCL2;CCND1;CD40LG;CDKN1A;CHEK2;CHUK;CXCL10;CXCL8;CYP1A2;CYP3A4;DUOX2;EGFR;ERBB2;FASLG;GSTM1;GSTP1;HIF1A;HMOX1;ICAM1;IFNG;IGF2;IKBKB;IL10;IL1A;IL1B;IL2;IL6;KDR;MAPK1;MMP1;MMP2;MMP3;MMP9;MPO;MYC;NFE2L2;NFKBIA;NOS2;NOS3;NR1I2;ODC1;PLAU;PPARA;PPARG;PTGS1;PTGS2;RB1;RELA;SLC6A4;STAT1;TNF;TP53;VCAM1,AHR;AKT1;BAX;BCL2;CASP3;CASP8;CCL2;CCND1;CDKN1A;CXCL8;CYP1A2;HIF1A;IGF2;IL6;MMP1;MMP9;MPO;NOS2;PLAU;PTGS1;PTGS2;RELA;TNF;TP53,"Disease targets for Ulcerative Colitis; exact medicinal-material matches from TCMSP, HERB 2.0, and ETCM 2.0; legacy provisional ranking because database screening definitions are heterogeneous and safety/pair evidence are unreviewed placeholders",135,62,鱼腥草＋黄芩,0.562092,0.612903,0.085714,0.447712,0.085714,0.205882,37.910349,37.06414,60.0,0.0,46.06414,,legacy_provisional_includes_unreviewed_placeholders,86,,legacy_formula_including_unreviewed_placeholders,TCMSP exact match,TCMSP exact match,False,2.185185,4,0.356837,True
乌梅,黄芩,61,27,63,25,36,2,True,70.2245,4,4,73.0,60.0,False,legacy_placeholder_60_not_reviewed,0.0,False,legacy_placeholder_0_not_reviewed,49.9898,58.9898,legacy_formula_including_unreviewed_placeholders,legacy_provisional_includes_unreviewed_placeholders,,58.9898,502,9,0.8126,ABCG2;AHR;AKT1;ALOX5;BAX;BCL2;BIRC5;CASP3;CASP8;CCL2;CCND1;CD40LG;CDKN1A;CHEK2;CHUK;CXCL10;CXCL8;CYP1A2;CYP3A4;DUOX2;EGFR;ERBB2;FASLG;GSTM1;GSTP1;HIF1A;HMOX1;ICAM1;IFNG;IGF2;IKBKB;IL10;IL1A;IL1B;IL2;IL6;KDR;MAPK1;MMP1;MMP2;MMP3;MMP9;MPO;MYC;NFE2L2;NFKBIA;NOS2;NOS3;NR1I2;NR3C1;ODC1;PLAU;PPARA;PPARG;PTGS1;PTGS2;RB1;RELA;SLC6A4;STAT1;TNF;TP53;VCAM1,AHR;AKT1;BAX;BCL2;CASP3;CASP8;CCL2;CCND1;CDKN1A;CXCL8;CYP1A2;HIF1A;IGF2;IL6;MMP1;MMP9;MPO;NOS2;PLAU;PTGS1;PTGS2;RELA;SLC6A4;TNF;TP53,"Disease targets for Ulcerative Colitis; exact medicinal-material matches from TCMSP, HERB 2.0, and ETCM 2.0; legacy provisional ranking because database screening definitions are heterogeneous and safety/pair evidence are unreviewed placeholders",134,61,乌梅＋黄芩,0.601307,0.603175,0.055556,0.333333,0.125,0.362745,37.399627,36.859851,60.0,0.0,45.859851,,legacy_provisional_includes_unreviewed_placeholders,87,,legacy_formula_including_unreviewed_placeholders,TCMSP exact match,TCMSP exact match,False,2.259259,4,0.347295,True
大枣,马齿苋,61,63,65,59,2,4,True,51.2533,4,4,68.0,60.0,False,legacy_placeholder_60_not_reviewed,0.0,False,legacy_placeholder_0_not_reviewed,40.9013,49.9013,legacy_formula_including_unreviewed_placeholders,legacy_provisional_includes_unreviewed_placeholders,,49.9013,517,1,0.851,ABCG2;AHR;AKT1;ALOX5;BAX;BCL2;BIRC5;CASP3;CASP8;CAT;CCL2;CCND1;CD40LG;CDK4;CDKN1A;CHEK2;CHUK;CXCL10;CXCL8;CYP1A2;CYP3A4;DUOX2;EGFR;ERBB2;GSTM1;GSTP1;HIF1A;HMOX1;ICAM1;IFNG;IGF2;IKBKB;IL10;IL1A;IL1B;IL2;IL4;IL6;KDR;MAPK1;MET;MMP1;MMP2;MMP3;MMP9;MPO;MYC;NFE2L2;NFKBIA;NOS2;NOS3;NR1I2;ODC1;PLAU;PPARA;PPARG;PTGS1;PTGS2;RB1;RELA;SLC6A4;STAT1;TNF;TP53;VCAM1,ABCG2;AHR;AKT1;ALOX5;BAX;BCL2;BIRC5;CASP3;CASP8;CCL2;CCND1;CD40LG;CDKN1A;CHEK2;CHUK;CXCL10;CXCL8;CYP1A2;CYP3A4;DUOX2;EGFR;ERBB2;GSTM1;GSTP1;HIF1A;HMOX1;ICAM1;IFNG;IGF2;IL10;IL1A;IL1B;IL2;IL6;MAPK1;MMP1;MMP2;MMP3;MMP9;MPO;MYC;NFE2L2;NFKBIA;NOS2;NOS3;NR1I2;ODC1;PLAU;PPARA;PPARG;PTGS1;PTGS2;RB1;RELA;SLC6A4;STAT1;TNF;TP53;VCAM1,"Disease targets for Ulcerative Colitis; exact medicinal-material matches from TCMSP, HERB 2.0, and ETCM 2.0; legacy provisional ranking because database screening definitions are heterogeneous and safety/pair evidence are unreviewed placeholders",162,84,大枣＋马齿苋,0.732026,0.092308,0.5,0.333333,0.125,0.362745,40.575666,36.630266,60.0,0.0,45.630266,,legacy_provisional_includes_unreviewed_placeholders,88,,legacy_formula_including_unreviewed_placeholders,TCMSP exact match,TCMSP exact match,False,1.032787,4,0.34582,True
山药,生姜,15,8,19,4,11,4,True,45.4814,2,3,52.3333,60.0,False,legacy_placeholder_60_not_reviewed,0.0,False,legacy_placeholder_0_not_reviewed,33.8926,42.8926,legacy_formula_including_unreviewed_placeholders,legacy_provisional_includes_unreviewed_placeholders,,42.8926,50,17,0.8714,ABCC2;AKT1;BAX;BCL2;CASP3;CASP8;CAT;CDKN1A;HIF1A;MTOR;NOS2;NR1I2;NR3C1;PLAU;PTGS1;PTGS2;RELA;SLC6A4;TP53,PLAU;PTGS1;PTGS2;SLC6A4,"Disease targets for Ulcerative Colitis; exact medicinal-material matches from TCMSP, HERB 2.0, and ETCM 2.0; legacy provisional ranking because database screening definitions are heterogeneous and safety/pair evidence are unreviewed placeholders",227,123,山药＋生姜,0.163399,0.789474,0.363636,0.571895,0.386364,0.980392,52.29626,36.618494,60.0,0.0,45.618494,,legacy_provisional_includes_unreviewed_placeholders,89,,legacy_formula_including_unreviewed_placeholders,TCMSP exact match,TCMSP exact match,False,1.875,4,0.397437,True
山药,砂仁,15,8,19,4,11,4,True,45.4814,2,3,52.3333,60.0,False,legacy_placeholder_60_not_reviewed,0.0,False,legacy_placeholder_0_not_reviewed,33.8926,42.8926,legacy_formula_including_unreviewed_placeholders,legacy_provisional_includes_unreviewed_placeholders,,42.8926,50,17,0.8714,ABCC2;AKT1;BAX;BCL2;CASP3;CASP8;CAT;CDKN1A;HIF1A;MTOR;NOS2;NR1I2;NR3C1;PLAU;PTGS1;PTGS2;RELA;SLC6A4;TP53,PLAU;PTGS1;PTGS2;SLC6A4,"Disease targets for Ulcerative Colitis; exact medicinal-material matches from TCMSP, HERB 2.0, and ETCM 2.0; legacy provisional ranking because database screening definitions are heterogeneous and safety/pair evidence are unreviewed placeholders",228,124,山药＋砂仁,0.163399,0.789474,0.363636,0.571895,0.386364,0.980392,52.29626,36.618494,60.0,0.0,45.618494,,legacy_provisional_includes_unreviewed_placeholders,90,,legacy_formula_including_unreviewed_placeholders,TCMSP exact match,TCMSP exact match,False,1.875,4,0.384089,True
栀子,黄芩,60,27,62,25,35,2,True,69.2368,4,4,73.0,60.0,False,legacy_placeholder_60_not_reviewed,0.0,False,legacy_placeholder_0_not_reviewed,49.5947,58.5947,legacy_formula_including_unreviewed_placeholders,legacy_provisional_includes_unreviewed_placeholders,,58.5947,494,9,0.8126,ABCG2;AHR;AKT1;ALOX5;BAX;BCL2;BIRC5;CASP3;CASP8;CCL2;CCND1;CD40LG;CDKN1A;CHEK2;CHUK;CXCL10;CXCL8;CYP1A2;CYP3A4;DUOX2;EGFR;ERBB2;FASLG;GSTM1;GSTP1;HIF1A;HMOX1;ICAM1;IFNG;IGF2;IKBKB;IL10;IL1A;IL1B;IL2;IL6;KDR;MAPK1;MMP1;MMP2;MMP3;MMP9;MPO;MYC;NFE2L2;NFKBIA;NOS2;NOS3;NR1I2;ODC1;PLAU;PPARA;PPARG;PTGS1;PTGS2;RB1;RELA;SLC6A4;STAT1;TNF;TP53;VCAM1,AHR;AKT1;BAX;BCL2;CASP3;CASP8;CCL2;CCND1;CDKN1A;CXCL8;CYP1A2;HIF1A;IGF2;IL6;MMP1;MMP9;MPO;NOS2;PLAU;PTGS1;PTGS2;RELA;SLC6A4;TNF;TP53,"Disease targets for Ulcerative Colitis; exact medicinal-material matches from TCMSP, HERB 2.0, and ETCM 2.0; legacy provisional ranking because database screening definitions are heterogeneous and safety/pair evidence are unreviewed placeholders",137,64,栀子＋黄芩,0.562092,0.596774,0.057143,0.333333,0.128571,0.388889,36.76436,36.605744,60.0,0.0,45.605744,,legacy_provisional_includes_unreviewed_placeholders,91,,legacy_formula_including_unreviewed_placeholders,TCMSP exact match,TCMSP exact match,False,2.222222,4,0.315651,True
槐花,黄芩,60,27,62,25,35,2,True,69.2368,4,4,73.0,60.0,False,legacy_placeholder_60_not_reviewed,0.0,False,legacy_placeholder_0_not_reviewed,49.5947,58.5947,legacy_formula_including_unreviewed_placeholders,legacy_provisional_includes_unreviewed_placeholders,,58.5947,494,9,0.8126,ABCG2;AHR;AKT1;ALOX5;BAX;BCL2;BIRC5;CASP3;CASP8;CCL2;CCND1;CD40LG;CDKN1A;CHEK2;CHUK;CXCL10;CXCL8;CYP1A2;CYP3A4;DUOX2;EGFR;ERBB2;FASLG;GSTM1;GSTP1;HIF1A;HMOX1;ICAM1;IFNG;IGF2;IKBKB;IL10;IL1A;IL1B;IL2;IL6;KDR;MAPK1;MMP1;MMP2;MMP3;MMP9;MPO;MYC;NFE2L2;NFKBIA;NOS2;NOS3;NR1I2;ODC1;PLAU;PPARA;PPARG;PTGS1;PTGS2;RB1;RELA;SLC6A4;STAT1;TNF;TP53;VCAM1,AHR;AKT1;BAX;BCL2;CASP3;CASP8;CCL2;CCND1;CDKN1A;CXCL8;CYP1A2;HIF1A;IGF2;IL6;MMP1;MMP9;MPO;NOS2;PLAU;PTGS1;PTGS2;RELA;SLC6A4;TNF;TP53,"Disease targets for Ulcerative Colitis; exact medicinal-material matches from TCMSP, HERB 2.0, and ETCM 2.0; legacy provisional ranking because database screening definitions are heterogeneous and safety/pair evidence are unreviewed placeholders",138,65,槐花＋黄芩,0.562092,0.596774,0.057143,0.333333,0.128571,0.388889,36.76436,36.605744,60.0,0.0,45.605744,,legacy_provisional_includes_unreviewed_placeholders,92,,legacy_formula_including_unreviewed_placeholders,TCMSP exact match,TCMSP exact match,False,2.222222,0,,False
生姜,蒲公英,8,37,38,7,1,30,True,60.4365,3,3,71.0,60.0,False,legacy_placeholder_60_not_reviewed,0.0,False,legacy_placeholder_0_not_reviewed,45.4746,54.4746,legacy_formula_including_unreviewed_placeholders,legacy_provisional_includes_unreviewed_placeholders,,54.4746,218,6,0.7578,ALB;BAX;BCL2;CASP1;CASP3;CASP8;CCL2;CHRNA7;GLS;HNF4A;IL13;IL1B;IL4;IL5;IL6;JUN;MAPK1;MAPK3;MMP1;MYC;NFKB1;NFKBIA;NOS2;NR3C1;ODC1;PLAU;PPARG;PTGS1;PTGS2;RELA;RORC;SIRT1;SLC6A4;TCF7L2;TGFB1;TNF;TP53;XIST,BAX;BCL2;CASP3;CASP8;PTGS1;PTGS2;SLC6A4,"Disease targets for Ulcerative Colitis; exact medicinal-material matches from TCMSP, HERB 2.0, and ETCM 2.0; legacy provisional ranking because database screening definitions are heterogeneous and safety/pair evidence are unreviewed placeholders",143,70,生姜＋蒲公英,0.375817,0.815789,0.033333,0.137255,0.2,0.728758,38.257482,36.602993,60.0,0.0,45.602993,,legacy_provisional_includes_unreviewed_placeholders,93,,legacy_formula_including_unreviewed_placeholders,TCMSP exact match,HERB 2.0 exact match HERB004401,True,4.625,3,0.362329,True
砂仁,蒲公英,8,37,38,7,1,30,True,60.4365,3,3,71.0,60.0,False,legacy_placeholder_60_not_reviewed,0.0,False,legacy_placeholder_0_not_reviewed,45.4746,54.4746,legacy_formula_including_unreviewed_placeholders,legacy_provisional_includes_unreviewed_placeholders,,54.4746,218,6,0.7578,ALB;BAX;BCL2;CASP1;CASP3;CASP8;CCL2;CHRNA7;GLS;HNF4A;IL13;IL1B;IL4;IL5;IL6;JUN;MAPK1;MAPK3;MMP1;MYC;NFKB1;NFKBIA;NOS2;NR3C1;ODC1;PLAU;PPARG;PTGS1;PTGS2;RELA;RORC;SIRT1;SLC6A4;TCF7L2;TGFB1;TNF;TP53;XIST,BAX;BCL2;CASP3;CASP8;PTGS1;PTGS2;SLC6A4,"Disease targets for Ulcerative Colitis; exact medicinal-material matches from TCMSP, HERB 2.0, and ETCM 2.0; legacy provisional ranking because database screening definitions are heterogeneous and safety/pair evidence are unreviewed placeholders",144,71,砂仁＋蒲公英,0.375817,0.815789,0.033333,0.137255,0.2,0.728758,38.257482,36.602993,60.0,0.0,45.602993,,legacy_provisional_includes_unreviewed_placeholders,94,,legacy_formula_including_unreviewed_placeholders,TCMSP exact match,HERB 2.0 exact match HERB004401,True,4.625,3,0.350704,True
生姜,莲子,8,20,25,3,5,17,True,53.4927,2,3,52.3333,60.0,False,legacy_placeholder_60_not_reviewed,0.0,False,legacy_placeholder_0_not_reviewed,37.0971,46.0971,legacy_formula_including_unreviewed_placeholders,legacy_provisional_includes_unreviewed_placeholders,,46.0971,47,14,0.8586,ABCG2;AHR;ALOX5;APEX1;BAX;BCL2;CASP3;CASP8;CHRNA7;CYP2C9;CYP3A4;EGFR;GPR35;HIF1A;KDR;MET;MMP9;MPO;NOD2;PLAU;PTGS1;PTGS2;SIRT1;SLC6A4;VEGFA,CASP3;PLAU;SLC6A4,"Disease targets for Ulcerative Colitis; exact medicinal-material matches from TCMSP, HERB 2.0, and ETCM 2.0; legacy provisional ranking because database screening definitions are heterogeneous and safety/pair evidence are unreviewed placeholders",208,109,生姜＋莲子,0.25817,0.88,0.294118,0.683007,0.164706,0.545752,51.689542,36.375807,60.0,0.0,45.375807,,legacy_provisional_includes_unreviewed_placeholders,95,,legacy_formula_including_unreviewed_placeholders,TCMSP exact match,ETCM 2.0 exact match LianZi,True,2.5,1,0.258333,False
砂仁,莲子,8,20,25,3,5,17,True,53.4927,2,3,52.3333,60.0,False,legacy_placeholder_60_not_reviewed,0.0,False,legacy_placeholder_0_not_reviewed,37.0971,46.0971,legacy_formula_including_unreviewed_placeholders,legacy_provisional_includes_unreviewed_placeholders,,46.0971,47,14,0.8586,ABCG2;AHR;ALOX5;APEX1;BAX;BCL2;CASP3;CASP8;CHRNA7;CYP2C9;CYP3A4;EGFR;GPR35;HIF1A;KDR;MET;MMP9;MPO;NOD2;PLAU;PTGS1;PTGS2;SIRT1;SLC6A4;VEGFA,CASP3;PLAU;SLC6A4,"Disease targets for Ulcerative Colitis; exact medicinal-material matches from TCMSP, HERB 2.0, and ETCM 2.0; legacy provisional ranking because database screening definitions are heterogeneous and safety/pair evidence are unreviewed placeholders",209,110,砂仁＋莲子,0.25817,0.88,0.294118,0.683007,0.164706,0.545752,51.689542,36.375807,60.0,0.0,45.375807,,legacy_provisional_includes_unreviewed_placeholders,96,,legacy_formula_including_unreviewed_placeholders,TCMSP exact match,ETCM 2.0 exact match LianZi,True,2.5,1,0.25,False
黄芩,黄芪,27,63,64,26,1,37,True,70.5793,4,4,73.0,60.0,False,legacy_placeholder_60_not_reviewed,0.0,False,legacy_placeholder_0_not_reviewed,50.1317,59.1317,legacy_formula_including_unreviewed_placeholders,legacy_provisional_includes_unreviewed_placeholders,,59.1317,521,6,0.8448,ABCG2;AHR;AKT1;ALOX5;BAX;BCL2;BIRC5;CASP3;CASP8;CCL2;CCND1;CD40LG;CDKN1A;CHEK2;CHUK;CXCL10;CXCL8;CYP1A2;CYP3A4;DUOX2;EGFR;ERBB2;FASLG;GSTM1;GSTP1;HIF1A;HMOX1;ICAM1;IFNG;IGF2;IKBKB;IL10;IL1A;IL1B;IL2;IL4;IL6;KDR;MAPK1;MET;MMP1;MMP2;MMP3;MMP9;MPO;MYC;NFE2L2;NFKBIA;NOS2;NOS3;NR1I2;ODC1;PLAU;PPARA;PPARG;PTGS1;PTGS2;RB1;RELA;SLC6A4;STAT1;TNF;TP53;VCAM1,AHR;AKT1;BAX;BCL2;CASP3;CASP8;CCL2;CCND1;CDKN1A;CXCL8;CYP1A2;HIF1A;IGF2;IL6;KDR;MMP1;MMP9;MPO;NOS2;PLAU;PTGS1;PTGS2;RELA;SLC6A4;TNF;TP53,"Disease targets for Ulcerative Colitis; exact medicinal-material matches from TCMSP, HERB 2.0, and ETCM 2.0; legacy provisional ranking because database screening definitions are heterogeneous and safety/pair evidence are unreviewed placeholders",133,60,黄芩＋黄芪,0.653595,0.59375,0.027027,0.137255,0.162162,0.522876,36.014038,36.305615,60.0,0.0,45.305615,,legacy_provisional_includes_unreviewed_placeholders,97,,legacy_formula_including_unreviewed_placeholders,TCMSP exact match,TCMSP exact match,False,2.333333,0,,False
甘草,石榴皮,67,64,68,63,4,1,True,52.6973,4,4,68.0,60.0,False,legacy_placeholder_60_not_reviewed,0.0,False,legacy_placeholder_0_not_reviewed,41.4789,50.4789,legacy_formula_including_unreviewed_placeholders,legacy_provisional_includes_unreviewed_placeholders,,50.4789,585,2,0.916,ABCG2;ADIPOQ;AHR;AKT1;ALOX5;BAX;BCL2;BIRC5;CASP3;CASP8;CAT;CCL2;CCND1;CD40LG;CDK4;CDKN1A;CHEK2;CHUK;CXCL10;CXCL8;CYP1A2;CYP3A4;DUOX2;EGFR;ERBB2;GSTM1;GSTP1;HIF1A;HMOX1;ICAM1;IFNG;IGF2;IKBKB;IL10;IL1A;IL1B;IL2;IL4;IL6;KDR;MAPK1;MAPK3;MET;MMP1;MMP2;MMP3;MMP9;MPO;MYC;NFE2L2;NFKBIA;NOS2;NOS3;NR1I2;ODC1;PLAU;PPARA;PPARG;PTGS1;PTGS2;RB1;RELA;SLC6A4;STAT1;STAT3;TNF;TP53;VCAM1,ABCG2;AHR;AKT1;ALOX5;BAX;BCL2;BIRC5;CASP3;CASP8;CAT;CCL2;CCND1;CD40LG;CDK4;CDKN1A;CHEK2;CHUK;CXCL10;CXCL8;CYP1A2;CYP3A4;DUOX2;EGFR;ERBB2;GSTM1;GSTP1;HIF1A;HMOX1;ICAM1;IFNG;IGF2;IKBKB;IL10;IL1A;IL1B;IL2;IL4;IL6;MAPK1;MMP1;MMP2;MMP3;MMP9;MPO;MYC;NFE2L2;NFKBIA;NOS2;NOS3;NR1I2;ODC1;PLAU;PPARA;PPARG;PTGS1;PTGS2;RB1;RELA;SLC6A4;STAT1;TNF;TP53;VCAM1,"Disease targets for Ulcerative Colitis; exact medicinal-material matches from TCMSP, HERB 2.0, and ETCM 2.0; legacy provisional ranking because database screening definitions are heterogeneous and safety/pair evidence are unreviewed placeholders",158,81,甘草＋石榴皮,0.852941,0.073529,0.25,0.137255,0.5,1.0,38.455882,35.782353,60.0,0.0,44.782353,,legacy_provisional_includes_unreviewed_placeholders,98,,legacy_formula_including_unreviewed_placeholders,TCMSP exact match,TCMSP exact match,False,1.046875,0,,False
大枣,黄芩,61,27,62,26,35,1,True,68.5917,4,4,73.0,60.0,False,legacy_placeholder_60_not_reviewed,0.0,False,legacy_placeholder_0_not_reviewed,49.3367,58.3367,legacy_formula_including_unreviewed_placeholders,legacy_provisional_includes_unreviewed_placeholders,,58.3367,482,6,0.8448,ABCG2;AHR;AKT1;ALOX5;BAX;BCL2;BIRC5;CASP3;CASP8;CAT;CCL2;CCND1;CD40LG;CDKN1A;CHEK2;CHUK;CXCL10;CXCL8;CYP1A2;CYP3A4;DUOX2;EGFR;ERBB2;FASLG;GSTM1;GSTP1;HIF1A;HMOX1;ICAM1;IFNG;IGF2;IL10;IL1A;IL1B;IL2;IL6;KDR;MAPK1;MMP1;MMP2;MMP3;MMP9;MPO;MYC;NFE2L2;NFKBIA;NOS2;NOS3;NR1I2;ODC1;PLAU;PPARA;PPARG;PTGS1;PTGS2;RB1;RELA;SLC6A4;STAT1;TNF;TP53;VCAM1,AHR;AKT1;BAX;BCL2;CASP3;CASP8;CCL2;CCND1;CDKN1A;CXCL8;CYP1A2;HIF1A;IGF2;IL6;KDR;MMP1;MMP9;MPO;NOS2;PLAU;PTGS1;PTGS2;RELA;SLC6A4;TNF;TP53,"Disease targets for Ulcerative Colitis; exact medicinal-material matches from TCMSP, HERB 2.0, and ETCM 2.0; legacy provisional ranking because database screening definitions are heterogeneous and safety/pair evidence are unreviewed placeholders",139,66,大枣＋黄芩,0.562092,0.580645,0.028571,0.137255,0.171429,0.588235,34.556278,35.722511,60.0,0.0,44.722511,,legacy_provisional_includes_unreviewed_placeholders,99,,legacy_formula_including_unreviewed_placeholders,TCMSP exact match,TCMSP exact match,False,2.259259,4,0.257943,True
茯苓,莲子,2,20,22,0,2,20,True,56.0976,2,3,59.0,60.0,False,legacy_placeholder_60_not_reviewed,0.0,False,legacy_placeholder_0_not_reviewed,40.139,49.139,legacy_formula_including_unreviewed_placeholders,legacy_provisional_includes_unreviewed_placeholders,,49.139,32,8,0.8952,ABCG2;AHR;ALOX5;APEX1;CASP3;CHRNA7;CYP2C9;CYP3A4;EGFR;GPR35;HIF1A;KDR;MET;MMP9;MPO;NOD2;PLAU;PTGS1;PTGS2;SIRT1;SLC6A4;VEGFA,,"Disease targets for Ulcerative Colitis; exact medicinal-material matches from TCMSP, HERB 2.0, and ETCM 2.0; legacy provisional ranking because database screening definitions are heterogeneous and safety/pair evidence are unreviewed placeholders",171,91,茯苓＋莲子,0.222222,1.0,0.1,0.333333,0.2,0.728758,44.732026,35.59281,60.0,0.0,44.59281,,legacy_provisional_includes_unreviewed_placeholders,100,,legacy_formula_including_unreviewed_placeholders,TCMSP exact match,ETCM 2.0 exact match LianZi,True,10.0,1,0.233333,False
甘草,马齿苋,67,63,68,62,5,1,True,53.2855,4,4,68.0,60.0,False,legacy_placeholder_60_not_reviewed,0.0,False,legacy_placeholder_0_not_reviewed,41.7142,50.7142,legacy_formula_including_unreviewed_placeholders,legacy_provisional_includes_unreviewed_placeholders,,50.7142,585,2,0.916,ABCG2;ADIPOQ;AHR;AKT1;ALOX5;BAX;BCL2;BIRC5;CASP3;CASP8;CAT;CCL2;CCND1;CD40LG;CDK4;CDKN1A;CHEK2;CHUK;CXCL10;CXCL8;CYP1A2;CYP3A4;DUOX2;EGFR;ERBB2;GSTM1;GSTP1;HIF1A;HMOX1;ICAM1;IFNG;IGF2;IKBKB;IL10;IL1A;IL1B;IL2;IL4;IL6;KDR;MAPK1;MAPK3;MET;MMP1;MMP2;MMP3;MMP9;MPO;MYC;NFE2L2;NFKBIA;NOS2;NOS3;NR1I2;ODC1;PLAU;PPARA;PPARG;PTGS1;PTGS2;RB1;RELA;SLC6A4;STAT1;STAT3;TNF;TP53;VCAM1,ABCG2;AHR;AKT1;ALOX5;BAX;BCL2;BIRC5;CASP3;CASP8;CCL2;CCND1;CD40LG;CDK4;CDKN1A;CHEK2;CHUK;CXCL10;CXCL8;CYP1A2;CYP3A4;DUOX2;EGFR;ERBB2;GSTM1;GSTP1;HIF1A;HMOX1;ICAM1;IFNG;IGF2;IKBKB;IL10;IL1A;IL1B;IL2;IL4;IL6;MAPK1;MMP1;MMP2;MMP3;MMP9;MPO;MYC;NFE2L2;NFKBIA;NOS2;NOS3;NR1I2;ODC1;PLAU;PPARA;PPARG;PTGS1;PTGS2;RB1;RELA;SLC6A4;STAT1;TNF;TP53;VCAM1,"Disease targets for Ulcerative Colitis; exact medicinal-material matches from TCMSP, HERB 2.0, and ETCM 2.0; legacy provisional ranking because database screening definitions are heterogeneous and safety/pair evidence are unreviewed placeholders",153,78,甘草＋马齿苋,0.852941,0.088235,0.2,0.137255,0.4,0.993464,37.25817,35.303268,60.0,0.0,44.303268,,legacy_provisional_includes_unreviewed_placeholders,101,,legacy_formula_including_unreviewed_placeholders,TCMSP exact match,TCMSP exact match,False,1.063492,4,0.257002,True
白扁豆,陈皮,11,18,25,4,7,14,True,51.8927,1,1,37.0,60.0,False,legacy_placeholder_60_not_reviewed,0.0,False,legacy_placeholder_0_not_reviewed,31.8571,40.8571,legacy_formula_including_unreviewed_placeholders,legacy_provisional_includes_unreviewed_placeholders,,40.8571,91,20,0.8691,ADIPOQ;AKT1;BAX;BCL2;CASP3;CASP8;CAT;CYP1A2;CYP3A4;GSTP1;HMOX1;MAPK1;MAPK3;MMP1;MMP2;MMP9;MYC;NOS2;PPARA;PPARG;PTGS1;PTGS2;RELA;TIMP1;TP53,AKT1;BCL2;CASP3;PTGS2,"Disease targets for Ulcerative Colitis; exact medicinal-material matches from TCMSP, HERB 2.0, and ETCM 2.0; legacy provisional ranking because database screening definitions are heterogeneous and safety/pair evidence are unreviewed placeholders",232,126,白扁豆＋陈皮,0.25817,0.84,0.5,0.771242,0.204082,0.754902,60.281046,35.212418,60.0,0.0,44.212418,,legacy_provisional_includes_unreviewed_placeholders,102,,legacy_formula_including_unreviewed_placeholders,TCMSP exact match,TCMSP exact match,False,1.636364,4,0.290195,True
芡实,陈皮,11,18,25,4,7,14,True,51.8927,1,1,37.0,60.0,False,legacy_placeholder_60_not_reviewed,0.0,False,legacy_placeholder_0_not_reviewed,31.8571,40.8571,legacy_formula_including_unreviewed_placeholders,legacy_provisional_includes_unreviewed_placeholders,,40.8571,91,20,0.8691,ADIPOQ;AKT1;BAX;BCL2;CASP3;CASP8;CAT;CYP1A2;CYP3A4;GSTP1;HMOX1;MAPK1;MAPK3;MMP1;MMP2;MMP9;MYC;NOS2;PPARA;PPARG;PTGS1;PTGS2;RELA;TIMP1;TP53,AKT1;BCL2;CASP3;PTGS2,"Disease targets for Ulcerative Colitis; exact medicinal-material matches from TCMSP, HERB 2.0, and ETCM 2.0; legacy provisional ranking because database screening definitions are heterogeneous and safety/pair evidence are unreviewed placeholders",233,127,芡实＋陈皮,0.25817,0.84,0.5,0.771242,0.204082,0.754902,60.281046,35.212418,60.0,0.0,44.212418,,legacy_provisional_includes_unreviewed_placeholders,103,,legacy_formula_including_unreviewed_placeholders,TCMSP exact match,TCMSP exact match,False,1.636364,4,0.276847,True
党参,山药,35,15,40,10,25,5,True,59.2683,2,3,52.3333,60.0,False,legacy_placeholder_60_not_reviewed,0.0,False,legacy_placeholder_0_not_reviewed,39.4073,48.4073,legacy_formula_including_unreviewed_placeholders,legacy_provisional_includes_unreviewed_placeholders,,48.4073,230,20,0.8024,ABCC2;AKT1;BIRC5;CASP3;CAT;CCND1;CD40LG;CDK4;CDKN1A;EGFR;ERBB2;GSTP1;HIF1A;HMOX1;ICAM1;IFNG;IL10;IL2;IL4;IL6;MAPK1;MET;MMP1;MMP2;MMP8;MMP9;MTOR;NFKBIA;NOS2;NR1I2;NR3C1;PLAU;PPARG;PTGS1;PTGS2;RB1;RELA;SLC6A4;TNF;TP53,AKT1;CDKN1A;NOS2;NR3C1;PLAU;PTGS1;PTGS2;RELA;SLC6A4;TP53,"Disease targets for Ulcerative Colitis; exact medicinal-material matches from TCMSP, HERB 2.0, and ETCM 2.0; legacy provisional ranking because database screening definitions are heterogeneous and safety/pair evidence are unreviewed placeholders",188,99,党参＋山药,0.418301,0.75,0.2,0.683007,0.16,0.509804,48.45915,35.08365,60.0,0.0,44.08365,,legacy_provisional_includes_unreviewed_placeholders,104,,legacy_formula_including_unreviewed_placeholders,TCMSP exact match,TCMSP exact match,False,2.333333,0,,False
葛根,黄芩,10,27,29,8,2,19,True,50.185,2,3,59.0,60.0,False,legacy_placeholder_60_not_reviewed,0.0,False,legacy_placeholder_0_not_reviewed,37.774,46.774,legacy_formula_including_unreviewed_placeholders,legacy_provisional_includes_unreviewed_placeholders,,46.774,138,13,0.8702,AHR;AKT1;BAX;BCL2;CASP3;CASP8;CCL2;CCND1;CDKN1A;CXCL8;CYP1A2;FASLG;HIF1A;IGF2;IL4;IL6;KDR;MMP1;MMP9;MPO;NOS2;PLAU;PPARG;PTGS1;PTGS2;RELA;SLC6A4;TNF;TP53,BAX;BCL2;CASP3;CASP8;NOS2;PTGS1;PTGS2;SLC6A4,"Disease targets for Ulcerative Colitis; exact medicinal-material matches from TCMSP, HERB 2.0, and ETCM 2.0; legacy provisional ranking because database screening definitions are heterogeneous and safety/pair evidence are unreviewed placeholders",205,106,葛根＋黄芩,0.300654,0.724138,0.105263,0.333333,0.342105,0.954248,41.816899,34.426759,60.0,0.0,43.426759,,legacy_provisional_includes_unreviewed_placeholders,105,,legacy_formula_including_unreviewed_placeholders,TCMSP exact match,TCMSP exact match,False,2.7,0,,False
大枣,石榴皮,61,64,65,60,1,4,True,50.6379,4,4,68.0,60.0,False,legacy_placeholder_60_not_reviewed,0.0,False,legacy_placeholder_0_not_reviewed,40.6552,49.6552,legacy_formula_including_unreviewed_placeholders,legacy_provisional_includes_unreviewed_placeholders,,49.6552,517,1,0.851,ABCG2;AHR;AKT1;ALOX5;BAX;BCL2;BIRC5;CASP3;CASP8;CAT;CCL2;CCND1;CD40LG;CDK4;CDKN1A;CHEK2;CHUK;CXCL10;CXCL8;CYP1A2;CYP3A4;DUOX2;EGFR;ERBB2;GSTM1;GSTP1;HIF1A;HMOX1;ICAM1;IFNG;IGF2;IKBKB;IL10;IL1A;IL1B;IL2;IL4;IL6;KDR;MAPK1;MET;MMP1;MMP2;MMP3;MMP9;MPO;MYC;NFE2L2;NFKBIA;NOS2;NOS3;NR1I2;ODC1;PLAU;PPARA;PPARG;PTGS1;PTGS2;RB1;RELA;SLC6A4;STAT1;TNF;TP53;VCAM1,ABCG2;AHR;AKT1;ALOX5;BAX;BCL2;BIRC5;CASP3;CASP8;CAT;CCL2;CCND1;CD40LG;CDKN1A;CHEK2;CHUK;CXCL10;CXCL8;CYP1A2;CYP3A4;DUOX2;EGFR;ERBB2;GSTM1;GSTP1;HIF1A;HMOX1;ICAM1;IFNG;IGF2;IL10;IL1A;IL1B;IL2;IL6;MAPK1;MMP1;MMP2;MMP3;MMP9;MPO;MYC;NFE2L2;NFKBIA;NOS2;NOS3;NR1I2;ODC1;PLAU;PPARA;PPARG;PTGS1;PTGS2;RB1;RELA;SLC6A4;STAT1;TNF;TP53;VCAM1,"Disease targets for Ulcerative Colitis; exact medicinal-material matches from TCMSP, HERB 2.0, and ETCM 2.0; legacy provisional ranking because database screening definitions are heterogeneous and safety/pair evidence are unreviewed placeholders",165,87,大枣＋石榴皮,0.732026,0.076923,0.25,0.137255,0.25,0.852941,34.651835,34.260734,60.0,0.0,43.260734,,legacy_provisional_includes_unreviewed_placeholders,106,,legacy_formula_including_unreviewed_placeholders,TCMSP exact match,TCMSP exact match,False,1.04918,0,,False
甘草,黄芪,67,63,68,62,5,1,True,53.2855,4,4,68.0,60.0,False,legacy_placeholder_60_not_reviewed,0.0,False,legacy_placeholder_0_not_reviewed,41.7142,50.7142,legacy_formula_including_unreviewed_placeholders,legacy_provisional_includes_unreviewed_placeholders,,50.7142,585,1,0.981,ABCG2;ADIPOQ;AHR;AKT1;ALOX5;BAX;BCL2;BIRC5;CASP3;CASP8;CAT;CCL2;CCND1;CD40LG;CDK4;CDKN1A;CHEK2;CHUK;CXCL10;CXCL8;CYP1A2;CYP3A4;DUOX2;EGFR;ERBB2;GSTM1;GSTP1;HIF1A;HMOX1;ICAM1;IFNG;IGF2;IKBKB;IL10;IL1A;IL1B;IL2;IL4;IL6;KDR;MAPK1;MAPK3;MET;MMP1;MMP2;MMP3;MMP9;MPO;MYC;NFE2L2;NFKBIA;NOS2;NOS3;NR1I2;ODC1;PLAU;PPARA;PPARG;PTGS1;PTGS2;RB1;RELA;SLC6A4;STAT1;STAT3;TNF;TP53;VCAM1,ABCG2;AHR;AKT1;ALOX5;BAX;BCL2;BIRC5;CASP3;CASP8;CCL2;CCND1;CD40LG;CDKN1A;CHEK2;CHUK;CXCL10;CXCL8;CYP1A2;CYP3A4;DUOX2;EGFR;ERBB2;GSTM1;GSTP1;HIF1A;HMOX1;ICAM1;IFNG;IGF2;IKBKB;IL10;IL1A;IL1B;IL2;IL4;IL6;KDR;MAPK1;MMP1;MMP2;MMP3;MMP9;MPO;MYC;NFE2L2;NFKBIA;NOS2;NOS3;NR1I2;ODC1;PLAU;PPARA;PPARG;PTGS1;PTGS2;RB1;RELA;SLC6A4;STAT1;TNF;TP53;VCAM1,"Disease targets for Ulcerative Colitis; exact medicinal-material matches from TCMSP, HERB 2.0, and ETCM 2.0; legacy provisional ranking because database screening definitions are heterogeneous and safety/pair evidence are unreviewed placeholders",154,79,甘草＋黄芪,0.852941,0.088235,0.2,0.137255,0.2,0.728758,34.611111,34.244444,60.0,0.0,43.244444,,legacy_provisional_includes_unreviewed_placeholders,107,,legacy_formula_including_unreviewed_placeholders,TCMSP exact match,TCMSP exact match,False,1.063492,0,,False
石榴皮,黄芪,64,63,65,62,2,1,True,49.4071,4,4,68.0,60.0,False,legacy_placeholder_60_not_reviewed,0.0,False,legacy_placeholder_0_not_reviewed,40.1629,49.1629,legacy_formula_including_unreviewed_placeholders,legacy_provisional_includes_unreviewed_placeholders,,49.1629,517,0,0.0,ABCG2;AHR;AKT1;ALOX5;BAX;BCL2;BIRC5;CASP3;CASP8;CAT;CCL2;CCND1;CD40LG;CDK4;CDKN1A;CHEK2;CHUK;CXCL10;CXCL8;CYP1A2;CYP3A4;DUOX2;EGFR;ERBB2;GSTM1;GSTP1;HIF1A;HMOX1;ICAM1;IFNG;IGF2;IKBKB;IL10;IL1A;IL1B;IL2;IL4;IL6;KDR;MAPK1;MET;MMP1;MMP2;MMP3;MMP9;MPO;MYC;NFE2L2;NFKBIA;NOS2;NOS3;NR1I2;ODC1;PLAU;PPARA;PPARG;PTGS1;PTGS2;RB1;RELA;SLC6A4;STAT1;TNF;TP53;VCAM1,ABCG2;AHR;AKT1;ALOX5;BAX;BCL2;BIRC5;CASP3;CASP8;CCL2;CCND1;CD40LG;CDKN1A;CHEK2;CHUK;CXCL10;CXCL8;CYP1A2;CYP3A4;DUOX2;EGFR;ERBB2;GSTM1;GSTP1;HIF1A;HMOX1;ICAM1;IFNG;IGF2;IKBKB;IL10;IL1A;IL1B;IL2;IL4;IL6;MAPK1;MET;MMP1;MMP2;MMP3;MMP9;MPO;MYC;NFE2L2;NFKBIA;NOS2;NOS3;NR1I2;ODC1;PLAU;PPARA;PPARG;PTGS1;PTGS2;RB1;RELA;SLC6A4;STAT1;TNF;TP53;VCAM1,"Disease targets for Ulcerative Colitis; exact medicinal-material matches from TCMSP, HERB 2.0, and ETCM 2.0; legacy provisional ranking because database screening definitions are heterogeneous and safety/pair evidence are unreviewed placeholders",170,90,石榴皮＋黄芪,0.732026,0.046154,0.5,0.137255,0.0,0.078431,33.637506,33.855003,60.0,0.0,42.855003,,legacy_provisional_includes_unreviewed_placeholders,108,,legacy_formula_including_unreviewed_placeholders,TCMSP exact match,TCMSP exact match,False,1.015873,0,,False
生姜,陈皮,8,18,21,5,3,13,True,45.842,2,2,54.0,60.0,False,legacy_placeholder_60_not_reviewed,0.0,False,legacy_placeholder_0_not_reviewed,34.5368,43.5368,legacy_formula_including_unreviewed_placeholders,legacy_provisional_includes_unreviewed_placeholders,,43.5368,62,7,0.8023,ADIPOQ;AKT1;BAX;BCL2;CASP3;CASP8;CAT;GSTP1;MAPK1;MAPK3;MMP9;NOS2;PLAU;PPARA;PPARG;PTGS1;PTGS2;RELA;SLC6A4;TIMP1;TP53,BAX;BCL2;CASP3;PTGS1;PTGS2,"Disease targets for Ulcerative Colitis; exact medicinal-material matches from TCMSP, HERB 2.0, and ETCM 2.0; legacy provisional ranking because database screening definitions are heterogeneous and safety/pair evidence are unreviewed placeholders",225,121,生姜＋陈皮,0.199346,0.761905,0.230769,0.447712,0.179487,0.663399,43.307297,33.522919,60.0,0.0,42.522919,,legacy_provisional_includes_unreviewed_placeholders,109,,legacy_formula_including_unreviewed_placeholders,TCMSP exact match,TCMSP exact match,False,2.25,4,0.228155,True
砂仁,陈皮,8,18,21,5,3,13,True,45.842,2,2,54.0,60.0,False,legacy_placeholder_60_not_reviewed,0.0,False,legacy_placeholder_0_not_reviewed,34.5368,43.5368,legacy_formula_including_unreviewed_placeholders,legacy_provisional_includes_unreviewed_placeholders,,43.5368,62,7,0.8023,ADIPOQ;AKT1;BAX;BCL2;CASP3;CASP8;CAT;GSTP1;MAPK1;MAPK3;MMP9;NOS2;PLAU;PPARA;PPARG;PTGS1;PTGS2;RELA;SLC6A4;TIMP1;TP53,BAX;BCL2;CASP3;PTGS1;PTGS2,"Disease targets for Ulcerative Colitis; exact medicinal-material matches from TCMSP, HERB 2.0, and ETCM 2.0; legacy provisional ranking because database screening definitions are heterogeneous and safety/pair evidence are unreviewed placeholders",226,122,砂仁＋陈皮,0.199346,0.761905,0.230769,0.447712,0.179487,0.663399,43.307297,33.522919,60.0,0.0,42.522919,,legacy_provisional_includes_unreviewed_placeholders,110,,legacy_formula_including_unreviewed_placeholders,TCMSP exact match,TCMSP exact match,False,2.25,4,0.214806,True
姜黄,莲子,3,20,22,1,2,19,True,54.2794,2,3,52.3333,60.0,False,legacy_placeholder_60_not_reviewed,0.0,False,legacy_placeholder_0_not_reviewed,37.4118,46.4118,legacy_formula_including_unreviewed_placeholders,legacy_provisional_includes_unreviewed_placeholders,,46.4118,32,8,0.8952,ABCG2;AHR;ALOX5;APEX1;CASP3;CHRNA7;CYP2C9;CYP3A4;EGFR;GPR35;HIF1A;KDR;MET;MMP9;MPO;NOD2;PLAU;PTGS1;PTGS2;SIRT1;SLC6A4;VEGFA,PLAU,"Disease targets for Ulcerative Colitis; exact medicinal-material matches from TCMSP, HERB 2.0, and ETCM 2.0; legacy provisional ranking because database screening definitions are heterogeneous and safety/pair evidence are unreviewed placeholders",206,107,姜黄＋莲子,0.222222,0.954545,0.105263,0.333333,0.210526,0.77451,44.211074,33.384419,60.0,0.0,42.384419,,legacy_provisional_includes_unreviewed_placeholders,111,,legacy_formula_including_unreviewed_placeholders,TCMSP exact match,ETCM 2.0 exact match LianZi,True,6.666667,0,,False
莲子,薏苡仁,20,3,22,1,19,2,True,54.2794,2,3,52.3333,60.0,False,legacy_placeholder_60_not_reviewed,0.0,False,legacy_placeholder_0_not_reviewed,37.4118,46.4118,legacy_formula_including_unreviewed_placeholders,legacy_provisional_includes_unreviewed_placeholders,,46.4118,32,8,0.8952,ABCG2;AHR;ALOX5;APEX1;CASP3;CHRNA7;CYP2C9;CYP3A4;EGFR;GPR35;HIF1A;KDR;MET;MMP9;MPO;NOD2;PLAU;PTGS1;PTGS2;SIRT1;SLC6A4;VEGFA,PLAU,"Disease targets for Ulcerative Colitis; exact medicinal-material matches from TCMSP, HERB 2.0, and ETCM 2.0; legacy provisional ranking because database screening definitions are heterogeneous and safety/pair evidence are unreviewed placeholders",207,108,莲子＋薏苡仁,0.222222,0.954545,0.105263,0.333333,0.210526,0.77451,44.211074,33.384419,60.0,0.0,42.384419,,legacy_provisional_includes_unreviewed_placeholders,112,,legacy_formula_including_unreviewed_placeholders,ETCM 2.0 exact match LianZi,TCMSP exact match,True,6.666667,1,0.175,False
乌梅,甘草,61,67,68,60,1,7,True,54.462,4,4,68.0,60.0,False,legacy_placeholder_60_not_reviewed,0.0,False,legacy_placeholder_0_not_reviewed,42.1848,51.1848,legacy_formula_including_unreviewed_placeholders,legacy_provisional_includes_unreviewed_placeholders,,51.1848,583,1,0.981,ABCG2;ADIPOQ;AHR;AKT1;ALOX5;BAX;BCL2;BIRC5;CASP3;CASP8;CAT;CCL2;CCND1;CD40LG;CDK4;CDKN1A;CHEK2;CHUK;CXCL10;CXCL8;CYP1A2;CYP3A4;DUOX2;EGFR;ERBB2;GSTM1;GSTP1;HIF1A;HMOX1;ICAM1;IFNG;IGF2;IKBKB;IL10;IL1A;IL1B;IL2;IL4;IL6;KDR;MAPK1;MAPK3;MMP1;MMP2;MMP3;MMP9;MPO;MYC;NFE2L2;NFKBIA;NOS2;NOS3;NR1I2;NR3C1;ODC1;PLAU;PPARA;PPARG;PTGS1;PTGS2;RB1;RELA;SLC6A4;STAT1;STAT3;TNF;TP53;VCAM1,ABCG2;AHR;AKT1;ALOX5;BAX;BCL2;BIRC5;CASP3;CASP8;CCL2;CCND1;CD40LG;CDKN1A;CHEK2;CHUK;CXCL10;CXCL8;CYP1A2;CYP3A4;DUOX2;EGFR;ERBB2;GSTM1;GSTP1;HIF1A;HMOX1;ICAM1;IFNG;IGF2;IKBKB;IL10;IL1A;IL1B;IL2;IL6;MAPK1;MMP1;MMP2;MMP3;MMP9;MPO;MYC;NFE2L2;NFKBIA;NOS2;NOS3;NR1I2;ODC1;PLAU;PPARA;PPARG;PTGS1;PTGS2;RB1;RELA;SLC6A4;STAT1;TNF;TP53;VCAM1,"Disease targets for Ulcerative Colitis; exact medicinal-material matches from TCMSP, HERB 2.0, and ETCM 2.0; legacy provisional ranking because database screening definitions are heterogeneous and safety/pair evidence are unreviewed placeholders",149,76,乌梅＋甘草,0.852941,0.117647,0.142857,0.137255,0.142857,0.431373,30.658263,32.663305,60.0,0.0,41.663305,,legacy_provisional_includes_unreviewed_placeholders,113,,legacy_formula_including_unreviewed_placeholders,TCMSP exact match,TCMSP exact match,False,1.098361,4,0.187327,True
党参,白扁豆,35,11,40,6,29,5,True,63.2683,1,1,37.0,60.0,False,legacy_placeholder_60_not_reviewed,0.0,False,legacy_placeholder_0_not_reviewed,36.4073,45.4073,legacy_formula_including_unreviewed_placeholders,legacy_provisional_includes_unreviewed_placeholders,,45.4073,256,40,0.8476,AKT1;BCL2;BIRC5;CASP3;CASP8;CCND1;CD40LG;CDK4;CDKN1A;CYP1A2;CYP3A4;EGFR;ERBB2;GSTP1;HMOX1;ICAM1;IFNG;IL10;IL2;IL4;IL6;MAPK1;MET;MMP1;MMP2;MMP8;MMP9;MYC;NFKBIA;NOS2;NR3C1;PLAU;PPARG;PTGS1;PTGS2;RB1;RELA;SLC6A4;TNF;TP53,AKT1;CASP3;HMOX1;MMP1;MMP2;PTGS2,"Disease targets for Ulcerative Colitis; exact medicinal-material matches from TCMSP, HERB 2.0, and ETCM 2.0; legacy provisional ranking because database screening definitions are heterogeneous and safety/pair evidence are unreviewed placeholders",213,112,党参＋白扁豆,0.418301,0.85,0.172414,0.683007,0.275862,0.879085,53.824375,32.62975,60.0,0.0,41.62975,,legacy_provisional_includes_unreviewed_placeholders,114,,legacy_formula_including_unreviewed_placeholders,TCMSP exact match,TCMSP exact match,False,3.181818,0,,False
党参,芡实,35,11,40,6,29,5,True,63.2683,1,1,37.0,60.0,False,legacy_placeholder_60_not_reviewed,0.0,False,legacy_placeholder_0_not_reviewed,36.4073,45.4073,legacy_formula_including_unreviewed_placeholders,legacy_provisional_includes_unreviewed_placeholders,,45.4073,256,40,0.8476,AKT1;BCL2;BIRC5;CASP3;CASP8;CCND1;CD40LG;CDK4;CDKN1A;CYP1A2;CYP3A4;EGFR;ERBB2;GSTP1;HMOX1;ICAM1;IFNG;IL10;IL2;IL4;IL6;MAPK1;MET;MMP1;MMP2;MMP8;MMP9;MYC;NFKBIA;NOS2;NR3C1;PLAU;PPARG;PTGS1;PTGS2;RB1;RELA;SLC6A4;TNF;TP53,AKT1;CASP3;HMOX1;MMP1;MMP2;PTGS2,"Disease targets for Ulcerative Colitis; exact medicinal-material matches from TCMSP, HERB 2.0, and ETCM 2.0; legacy provisional ranking because database screening definitions are heterogeneous and safety/pair evidence are unreviewed placeholders",214,113,党参＋芡实,0.418301,0.85,0.172414,0.683007,0.275862,0.879085,53.824375,32.62975,60.0,0.0,41.62975,,legacy_provisional_includes_unreviewed_placeholders,115,,legacy_formula_including_unreviewed_placeholders,TCMSP exact match,TCMSP exact match,False,3.181818,0,,False
大枣,栀子,61,60,62,59,2,1,True,47.3013,4,4,68.0,60.0,False,legacy_placeholder_60_not_reviewed,0.0,False,legacy_placeholder_0_not_reviewed,39.3205,48.3205,legacy_formula_including_unreviewed_placeholders,legacy_provisional_includes_unreviewed_placeholders,,48.3205,482,0,0.0,ABCG2;AHR;AKT1;ALOX5;BAX;BCL2;BIRC5;CASP3;CASP8;CAT;CCL2;CCND1;CD40LG;CDKN1A;CHEK2;CHUK;CXCL10;CXCL8;CYP1A2;CYP3A4;DUOX2;EGFR;ERBB2;GSTM1;GSTP1;HIF1A;HMOX1;ICAM1;IFNG;IGF2;IKBKB;IL10;IL1A;IL1B;IL2;IL6;KDR;MAPK1;MMP1;MMP2;MMP3;MMP9;MPO;MYC;NFE2L2;NFKBIA;NOS2;NOS3;NR1I2;ODC1;PLAU;PPARA;PPARG;PTGS1;PTGS2;RB1;RELA;SLC6A4;STAT1;TNF;TP53;VCAM1,ABCG2;AHR;AKT1;ALOX5;BAX;BCL2;BIRC5;CASP3;CASP8;CCL2;CCND1;CD40LG;CDKN1A;CHEK2;CHUK;CXCL10;CXCL8;CYP1A2;CYP3A4;DUOX2;EGFR;ERBB2;GSTM1;GSTP1;HIF1A;HMOX1;ICAM1;IFNG;IGF2;IL10;IL1A;IL1B;IL2;IL6;MAPK1;MMP1;MMP2;MMP3;MMP9;MPO;MYC;NFE2L2;NFKBIA;NOS2;NOS3;NR1I2;ODC1;PLAU;PPARA;PPARG;PTGS1;PTGS2;RB1;RELA;SLC6A4;STAT1;TNF;TP53;VCAM1,"Disease targets for Ulcerative Colitis; exact medicinal-material matches from TCMSP, HERB 2.0, and ETCM 2.0; legacy provisional ranking because database screening definitions are heterogeneous and safety/pair evidence are unreviewed placeholders",192,102,大枣＋栀子,0.562092,0.048387,0.5,0.137255,0.0,0.078431,30.294645,32.517858,60.0,0.0,41.517858,,legacy_provisional_includes_unreviewed_placeholders,116,,legacy_formula_including_unreviewed_placeholders,TCMSP exact match,TCMSP exact match,False,1.016667,4,0.140967,True
大枣,槐花,61,60,62,59,2,1,True,47.3013,4,4,68.0,60.0,False,legacy_placeholder_60_not_reviewed,0.0,False,legacy_placeholder_0_not_reviewed,39.3205,48.3205,legacy_formula_including_unreviewed_placeholders,legacy_provisional_includes_unreviewed_placeholders,,48.3205,482,0,0.0,ABCG2;AHR;AKT1;ALOX5;BAX;BCL2;BIRC5;CASP3;CASP8;CAT;CCL2;CCND1;CD40LG;CDKN1A;CHEK2;CHUK;CXCL10;CXCL8;CYP1A2;CYP3A4;DUOX2;EGFR;ERBB2;GSTM1;GSTP1;HIF1A;HMOX1;ICAM1;IFNG;IGF2;IKBKB;IL10;IL1A;IL1B;IL2;IL6;KDR;MAPK1;MMP1;MMP2;MMP3;MMP9;MPO;MYC;NFE2L2;NFKBIA;NOS2;NOS3;NR1I2;ODC1;PLAU;PPARA;PPARG;PTGS1;PTGS2;RB1;RELA;SLC6A4;STAT1;TNF;TP53;VCAM1,ABCG2;AHR;AKT1;ALOX5;BAX;BCL2;BIRC5;CASP3;CASP8;CCL2;CCND1;CD40LG;CDKN1A;CHEK2;CHUK;CXCL10;CXCL8;CYP1A2;CYP3A4;DUOX2;EGFR;ERBB2;GSTM1;GSTP1;HIF1A;HMOX1;ICAM1;IFNG;IGF2;IL10;IL1A;IL1B;IL2;IL6;MAPK1;MMP1;MMP2;MMP3;MMP9;MPO;MYC;NFE2L2;NFKBIA;NOS2;NOS3;NR1I2;ODC1;PLAU;PPARA;PPARG;PTGS1;PTGS2;RB1;RELA;SLC6A4;STAT1;TNF;TP53;VCAM1,"Disease targets for Ulcerative Colitis; exact medicinal-material matches from TCMSP, HERB 2.0, and ETCM 2.0; legacy provisional ranking because database screening definitions are heterogeneous and safety/pair evidence are unreviewed placeholders",193,103,大枣＋槐花,0.562092,0.048387,0.5,0.137255,0.0,0.078431,30.294645,32.517858,60.0,0.0,41.517858,,legacy_provisional_includes_unreviewed_placeholders,117,,legacy_formula_including_unreviewed_placeholders,TCMSP exact match,TCMSP exact match,False,1.016667,0,,False
生姜,白扁豆,8,11,15,4,4,7,True,40.3089,1,1,37.0,60.0,False,legacy_placeholder_60_not_reviewed,0.0,False,legacy_placeholder_0_not_reviewed,27.2236,36.2236,legacy_formula_including_unreviewed_placeholders,legacy_provisional_includes_unreviewed_placeholders,,36.2236,35,5,0.761,AKT1;BAX;BCL2;CASP3;CASP8;CYP1A2;CYP3A4;HMOX1;MMP1;MMP2;MYC;PLAU;PTGS1;PTGS2;SLC6A4,BCL2;CASP3;CASP8;PTGS2,"Disease targets for Ulcerative Colitis; exact medicinal-material matches from TCMSP, HERB 2.0, and ETCM 2.0; legacy provisional ranking because database screening definitions are heterogeneous and safety/pair evidence are unreviewed placeholders",247,138,生姜＋白扁豆,0.114379,0.733333,0.571429,0.571895,0.178571,0.643791,52.780112,32.212045,60.0,0.0,41.212045,,legacy_provisional_includes_unreviewed_placeholders,118,,legacy_formula_including_unreviewed_placeholders,TCMSP exact match,TCMSP exact match,False,1.375,4,0.186955,True
生姜,芡实,8,11,15,4,4,7,True,40.3089,1,1,37.0,60.0,False,legacy_placeholder_60_not_reviewed,0.0,False,legacy_placeholder_0_not_reviewed,27.2236,36.2236,legacy_formula_including_unreviewed_placeholders,legacy_provisional_includes_unreviewed_placeholders,,36.2236,35,5,0.761,AKT1;BAX;BCL2;CASP3;CASP8;CYP1A2;CYP3A4;HMOX1;MMP1;MMP2;MYC;PLAU;PTGS1;PTGS2;SLC6A4,BCL2;CASP3;CASP8;PTGS2,"Disease targets for Ulcerative Colitis; exact medicinal-material matches from TCMSP, HERB 2.0, and ETCM 2.0; legacy provisional ranking because database screening definitions are heterogeneous and safety/pair evidence are unreviewed placeholders",248,139,生姜＋芡实,0.114379,0.733333,0.571429,0.571895,0.178571,0.643791,52.780112,32.212045,60.0,0.0,41.212045,,legacy_provisional_includes_unreviewed_placeholders,119,,legacy_formula_including_unreviewed_placeholders,TCMSP exact match,TCMSP exact match,False,1.375,4,0.173607,True
白扁豆,砂仁,11,8,15,4,7,4,True,40.3089,1,1,37.0,60.0,False,legacy_placeholder_60_not_reviewed,0.0,False,legacy_placeholder_0_not_reviewed,27.2236,36.2236,legacy_formula_including_unreviewed_placeholders,legacy_provisional_includes_unreviewed_placeholders,,36.2236,35,5,0.761,AKT1;BAX;BCL2;CASP3;CASP8;CYP1A2;CYP3A4;HMOX1;MMP1;MMP2;MYC;PLAU;PTGS1;PTGS2;SLC6A4,BCL2;CASP3;CASP8;PTGS2,"Disease targets for Ulcerative Colitis; exact medicinal-material matches from TCMSP, HERB 2.0, and ETCM 2.0; legacy provisional ranking because database screening definitions are heterogeneous and safety/pair evidence are unreviewed placeholders",249,140,白扁豆＋砂仁,0.114379,0.733333,0.571429,0.571895,0.178571,0.643791,52.780112,32.212045,60.0,0.0,41.212045,,legacy_provisional_includes_unreviewed_placeholders,120,,legacy_formula_including_unreviewed_placeholders,TCMSP exact match,TCMSP exact match,False,1.375,4,0.160259,True
砂仁,芡实,8,11,15,4,4,7,True,40.3089,1,1,37.0,60.0,False,legacy_placeholder_60_not_reviewed,0.0,False,legacy_placeholder_0_not_reviewed,27.2236,36.2236,legacy_formula_including_unreviewed_placeholders,legacy_provisional_includes_unreviewed_placeholders,,36.2236,35,5,0.761,AKT1;BAX;BCL2;CASP3;CASP8;CYP1A2;CYP3A4;HMOX1;MMP1;MMP2;MYC;PLAU;PTGS1;PTGS2;SLC6A4,BCL2;CASP3;CASP8;PTGS2,"Disease targets for Ulcerative Colitis; exact medicinal-material matches from TCMSP, HERB 2.0, and ETCM 2.0; legacy provisional ranking because database screening definitions are heterogeneous and safety/pair evidence are unreviewed placeholders",250,141,砂仁＋芡实,0.114379,0.733333,0.571429,0.571895,0.178571,0.643791,52.780112,32.212045,60.0,0.0,41.212045,,legacy_provisional_includes_unreviewed_placeholders,121,,legacy_formula_including_unreviewed_placeholders,TCMSP exact match,TCMSP exact match,False,1.375,4,0.146911,True
乌梅,马齿苋,61,63,64,60,1,3,True,49.3293,4,4,68.0,60.0,False,legacy_placeholder_60_not_reviewed,0.0,False,legacy_placeholder_0_not_reviewed,40.1317,49.1317,legacy_formula_including_unreviewed_placeholders,legacy_provisional_includes_unreviewed_placeholders,,49.1317,514,0,0.0,ABCG2;AHR;AKT1;ALOX5;BAX;BCL2;BIRC5;CASP3;CASP8;CCL2;CCND1;CD40LG;CDK4;CDKN1A;CHEK2;CHUK;CXCL10;CXCL8;CYP1A2;CYP3A4;DUOX2;EGFR;ERBB2;GSTM1;GSTP1;HIF1A;HMOX1;ICAM1;IFNG;IGF2;IKBKB;IL10;IL1A;IL1B;IL2;IL4;IL6;MAPK1;MET;MMP1;MMP2;MMP3;MMP9;MPO;MYC;NFE2L2;NFKBIA;NOS2;NOS3;NR1I2;NR3C1;ODC1;PLAU;PPARA;PPARG;PTGS1;PTGS2;RB1;RELA;SLC6A4;STAT1;TNF;TP53;VCAM1,ABCG2;AHR;AKT1;ALOX5;BAX;BCL2;BIRC5;CASP3;CASP8;CCL2;CCND1;CD40LG;CDKN1A;CHEK2;CHUK;CXCL10;CXCL8;CYP1A2;CYP3A4;DUOX2;EGFR;ERBB2;GSTM1;GSTP1;HIF1A;HMOX1;ICAM1;IFNG;IGF2;IKBKB;IL10;IL1A;IL1B;IL2;IL6;MAPK1;MMP1;MMP2;MMP3;MMP9;MPO;MYC;NFE2L2;NFKBIA;NOS2;NOS3;NR1I2;ODC1;PLAU;PPARA;PPARG;PTGS1;PTGS2;RB1;RELA;SLC6A4;STAT1;TNF;TP53;VCAM1,"Disease targets for Ulcerative Colitis; exact medicinal-material matches from TCMSP, HERB 2.0, and ETCM 2.0; legacy provisional ranking because database screening definitions are heterogeneous and safety/pair evidence are unreviewed placeholders",172,92,乌梅＋马齿苋,0.653595,0.0625,0.333333,0.137255,0.0,0.078431,27.477533,31.391013,60.0,0.0,40.391013,,legacy_provisional_includes_unreviewed_placeholders,122,,legacy_formula_including_unreviewed_placeholders,TCMSP exact match,TCMSP exact match,False,1.032787,4,0.101771,True
乌梅,黄芪,61,63,64,60,1,3,True,49.3293,4,4,68.0,60.0,False,legacy_placeholder_60_not_reviewed,0.0,False,legacy_placeholder_0_not_reviewed,40.1317,49.1317,legacy_formula_including_unreviewed_placeholders,legacy_provisional_includes_unreviewed_placeholders,,49.1317,517,0,0.0,ABCG2;AHR;AKT1;ALOX5;BAX;BCL2;BIRC5;CASP3;CASP8;CCL2;CCND1;CD40LG;CDKN1A;CHEK2;CHUK;CXCL10;CXCL8;CYP1A2;CYP3A4;DUOX2;EGFR;ERBB2;GSTM1;GSTP1;HIF1A;HMOX1;ICAM1;IFNG;IGF2;IKBKB;IL10;IL1A;IL1B;IL2;IL4;IL6;KDR;MAPK1;MET;MMP1;MMP2;MMP3;MMP9;MPO;MYC;NFE2L2;NFKBIA;NOS2;NOS3;NR1I2;NR3C1;ODC1;PLAU;PPARA;PPARG;PTGS1;PTGS2;RB1;RELA;SLC6A4;STAT1;TNF;TP53;VCAM1,ABCG2;AHR;AKT1;ALOX5;BAX;BCL2;BIRC5;CASP3;CASP8;CCL2;CCND1;CD40LG;CDKN1A;CHEK2;CHUK;CXCL10;CXCL8;CYP1A2;CYP3A4;DUOX2;EGFR;ERBB2;GSTM1;GSTP1;HIF1A;HMOX1;ICAM1;IFNG;IGF2;IKBKB;IL10;IL1A;IL1B;IL2;IL6;MAPK1;MMP1;MMP2;MMP3;MMP9;MPO;MYC;NFE2L2;NFKBIA;NOS2;NOS3;NR1I2;ODC1;PLAU;PPARA;PPARG;PTGS1;PTGS2;RB1;RELA;SLC6A4;STAT1;TNF;TP53;VCAM1,"Disease targets for Ulcerative Colitis; exact medicinal-material matches from TCMSP, HERB 2.0, and ETCM 2.0; legacy provisional ranking because database screening definitions are heterogeneous and safety/pair evidence are unreviewed placeholders",173,93,乌梅＋黄芪,0.653595,0.0625,0.333333,0.137255,0.0,0.078431,27.477533,31.391013,60.0,0.0,40.391013,,legacy_provisional_includes_unreviewed_placeholders,123,,legacy_formula_including_unreviewed_placeholders,TCMSP exact match,TCMSP exact match,False,1.032787,0,,False
大枣,黄芪,61,63,64,60,1,3,True,49.3293,4,4,68.0,60.0,False,legacy_placeholder_60_not_reviewed,0.0,False,legacy_placeholder_0_not_reviewed,40.1317,49.1317,legacy_formula_including_unreviewed_placeholders,legacy_provisional_includes_unreviewed_placeholders,,49.1317,509,0,0.0,ABCG2;AHR;AKT1;ALOX5;BAX;BCL2;BIRC5;CASP3;CASP8;CAT;CCL2;CCND1;CD40LG;CDKN1A;CHEK2;CHUK;CXCL10;CXCL8;CYP1A2;CYP3A4;DUOX2;EGFR;ERBB2;GSTM1;GSTP1;HIF1A;HMOX1;ICAM1;IFNG;IGF2;IKBKB;IL10;IL1A;IL1B;IL2;IL4;IL6;KDR;MAPK1;MET;MMP1;MMP2;MMP3;MMP9;MPO;MYC;NFE2L2;NFKBIA;NOS2;NOS3;NR1I2;ODC1;PLAU;PPARA;PPARG;PTGS1;PTGS2;RB1;RELA;SLC6A4;STAT1;TNF;TP53;VCAM1,ABCG2;AHR;AKT1;ALOX5;BAX;BCL2;BIRC5;CASP3;CASP8;CCL2;CCND1;CD40LG;CDKN1A;CHEK2;CHUK;CXCL10;CXCL8;CYP1A2;CYP3A4;DUOX2;EGFR;ERBB2;GSTM1;GSTP1;HIF1A;HMOX1;ICAM1;IFNG;IGF2;IL10;IL1A;IL1B;IL2;IL6;KDR;MAPK1;MMP1;MMP2;MMP3;MMP9;MPO;MYC;NFE2L2;NFKBIA;NOS2;NOS3;NR1I2;ODC1;PLAU;PPARA;PPARG;PTGS1;PTGS2;RB1;RELA;SLC6A4;STAT1;TNF;TP53;VCAM1,"Disease targets for Ulcerative Colitis; exact medicinal-material matches from TCMSP, HERB 2.0, and ETCM 2.0; legacy provisional ranking because database screening definitions are heterogeneous and safety/pair evidence are unreviewed placeholders",174,94,大枣＋黄芪,0.653595,0.0625,0.333333,0.137255,0.0,0.078431,27.477533,31.391013,60.0,0.0,40.391013,,legacy_provisional_includes_unreviewed_placeholders,124,,legacy_formula_including_unreviewed_placeholders,TCMSP exact match,TCMSP exact match,False,1.032787,0,,False
乌梅,石榴皮,61,64,65,60,1,4,True,50.6379,4,4,68.0,60.0,False,legacy_placeholder_60_not_reviewed,0.0,False,legacy_placeholder_0_not_reviewed,40.6552,49.6552,legacy_formula_including_unreviewed_placeholders,legacy_provisional_includes_unreviewed_placeholders,,49.6552,514,0,0.0,ABCG2;AHR;AKT1;ALOX5;BAX;BCL2;BIRC5;CASP3;CASP8;CAT;CCL2;CCND1;CD40LG;CDK4;CDKN1A;CHEK2;CHUK;CXCL10;CXCL8;CYP1A2;CYP3A4;DUOX2;EGFR;ERBB2;GSTM1;GSTP1;HIF1A;HMOX1;ICAM1;IFNG;IGF2;IKBKB;IL10;IL1A;IL1B;IL2;IL4;IL6;MAPK1;MET;MMP1;MMP2;MMP3;MMP9;MPO;MYC;NFE2L2;NFKBIA;NOS2;NOS3;NR1I2;NR3C1;ODC1;PLAU;PPARA;PPARG;PTGS1;PTGS2;RB1;RELA;SLC6A4;STAT1;TNF;TP53;VCAM1,ABCG2;AHR;AKT1;ALOX5;BAX;BCL2;BIRC5;CASP3;CASP8;CCL2;CCND1;CD40LG;CDKN1A;CHEK2;CHUK;CXCL10;CXCL8;CYP1A2;CYP3A4;DUOX2;EGFR;ERBB2;GSTM1;GSTP1;HIF1A;HMOX1;ICAM1;IFNG;IGF2;IKBKB;IL10;IL1A;IL1B;IL2;IL6;MAPK1;MMP1;MMP2;MMP3;MMP9;MPO;MYC;NFE2L2;NFKBIA;NOS2;NOS3;NR1I2;ODC1;PLAU;PPARA;PPARG;PTGS1;PTGS2;RB1;RELA;SLC6A4;STAT1;TNF;TP53;VCAM1,"Disease targets for Ulcerative Colitis; exact medicinal-material matches from TCMSP, HERB 2.0, and ETCM 2.0; legacy provisional ranking because database screening definitions are heterogeneous and safety/pair evidence are unreviewed placeholders",164,86,乌梅＋石榴皮,0.732026,0.076923,0.25,0.137255,0.0,0.078431,26.906737,31.162695,60.0,0.0,40.162695,,legacy_provisional_includes_unreviewed_placeholders,125,,legacy_formula_including_unreviewed_placeholders,TCMSP exact match,TCMSP exact match,False,1.04918,0,,False
大枣,鱼腥草,61,59,62,58,3,1,True,47.9465,4,4,68.0,60.0,False,legacy_placeholder_60_not_reviewed,0.0,False,legacy_placeholder_0_not_reviewed,39.5786,48.5786,legacy_formula_including_unreviewed_placeholders,legacy_provisional_includes_unreviewed_placeholders,,48.5786,482,0,0.0,ABCG2;AHR;AKT1;ALOX5;BAX;BCL2;BIRC5;CASP3;CASP8;CAT;CCL2;CCND1;CD40LG;CDKN1A;CHEK2;CHUK;CXCL10;CXCL8;CYP1A2;CYP3A4;DUOX2;EGFR;ERBB2;GSTM1;GSTP1;HIF1A;HMOX1;ICAM1;IFNG;IGF2;IKBKB;IL10;IL1A;IL1B;IL2;IL6;KDR;MAPK1;MMP1;MMP2;MMP3;MMP9;MPO;MYC;NFE2L2;NFKBIA;NOS2;NOS3;NR1I2;ODC1;PLAU;PPARA;PPARG;PTGS1;PTGS2;RB1;RELA;SLC6A4;STAT1;TNF;TP53;VCAM1,ABCG2;AHR;AKT1;ALOX5;BAX;BCL2;BIRC5;CASP3;CASP8;CCL2;CCND1;CD40LG;CDKN1A;CHEK2;CHUK;CXCL10;CXCL8;CYP1A2;CYP3A4;DUOX2;EGFR;ERBB2;GSTM1;GSTP1;HIF1A;HMOX1;ICAM1;IFNG;IGF2;IL10;IL1A;IL1B;IL2;IL6;MAPK1;MMP1;MMP2;MMP3;MMP9;MPO;MYC;NFE2L2;NFKBIA;NOS2;NOS3;NR1I2;ODC1;PLAU;PPARA;PPARG;PTGS1;PTGS2;RB1;RELA;STAT1;TNF;TP53;VCAM1,"Disease targets for Ulcerative Colitis; exact medicinal-material matches from TCMSP, HERB 2.0, and ETCM 2.0; legacy provisional ranking because database screening definitions are heterogeneous and safety/pair evidence are unreviewed placeholders",186,98,大枣＋鱼腥草,0.562092,0.064516,0.333333,0.137255,0.0,0.078431,25.697871,30.679148,60.0,0.0,39.679148,,legacy_provisional_includes_unreviewed_placeholders,126,,legacy_formula_including_unreviewed_placeholders,TCMSP exact match,TCMSP exact match,False,1.033898,4,0.083793,True
党参,肉豆蔻,35,8,38,5,30,3,True,62.5417,1,1,37.0,60.0,False,legacy_placeholder_60_not_reviewed,0.0,False,legacy_placeholder_0_not_reviewed,36.1167,45.1167,legacy_formula_including_unreviewed_placeholders,legacy_provisional_includes_unreviewed_placeholders,,45.1167,239,30,0.8344,AKT1;BAX;BCL2;BIRC5;CASP3;CASP8;CCND1;CD40LG;CDK4;CDKN1A;EGFR;ERBB2;GSTP1;HMOX1;ICAM1;IFNG;IL10;IL2;IL4;IL6;MAPK1;MET;MMP1;MMP2;MMP8;MMP9;NFKBIA;NOS2;NR3C1;PLAU;PPARG;PTGS1;PTGS2;RB1;RELA;SLC6A4;TNF;TP53,CASP3;NOS2;PTGS1;PTGS2;SLC6A4,"Disease targets for Ulcerative Colitis; exact medicinal-material matches from TCMSP, HERB 2.0, and ETCM 2.0; legacy provisional ranking because database screening definitions are heterogeneous and safety/pair evidence are unreviewed placeholders",215,114,党参＋肉豆蔻,0.375817,0.868421,0.1,0.447712,0.333333,0.941176,48.354317,30.441727,60.0,0.0,39.441727,,legacy_provisional_includes_unreviewed_placeholders,127,,legacy_formula_including_unreviewed_placeholders,TCMSP exact match,TCMSP exact match,False,4.375,0,,False
党参,葛根,35,10,38,7,28,3,True,60.4365,1,1,37.0,60.0,False,legacy_placeholder_60_not_reviewed,0.0,False,legacy_placeholder_0_not_reviewed,35.2746,44.2746,legacy_formula_including_unreviewed_placeholders,legacy_provisional_includes_unreviewed_placeholders,,44.2746,239,30,0.8344,AKT1;BAX;BCL2;BIRC5;CASP3;CASP8;CCND1;CD40LG;CDK4;CDKN1A;EGFR;ERBB2;GSTP1;HMOX1;ICAM1;IFNG;IL10;IL2;IL4;IL6;MAPK1;MET;MMP1;MMP2;MMP8;MMP9;NFKBIA;NOS2;NR3C1;PLAU;PPARG;PTGS1;PTGS2;RB1;RELA;SLC6A4;TNF;TP53,CASP3;IL4;NOS2;PPARG;PTGS1;PTGS2;SLC6A4,"Disease targets for Ulcerative Colitis; exact medicinal-material matches from TCMSP, HERB 2.0, and ETCM 2.0; legacy provisional ranking because database screening definitions are heterogeneous and safety/pair evidence are unreviewed placeholders",222,120,党参＋葛根,0.375817,0.815789,0.107143,0.447712,0.357143,0.960784,47.448892,30.079557,60.0,0.0,39.079557,,legacy_provisional_includes_unreviewed_placeholders,128,,legacy_formula_including_unreviewed_placeholders,TCMSP exact match,TCMSP exact match,False,3.5,0,,False
山药,黄芩,15,27,32,10,5,17,True,50.9146,2,3,39.0,60.0,False,legacy_placeholder_60_not_reviewed,0.0,False,legacy_placeholder_0_not_reviewed,32.0659,41.0659,legacy_formula_including_unreviewed_placeholders,legacy_provisional_includes_unreviewed_placeholders,,41.0659,139,8,0.7641,ABCC2;AHR;AKT1;BAX;BCL2;CASP3;CASP8;CAT;CCL2;CCND1;CDKN1A;CXCL8;CYP1A2;FASLG;HIF1A;IGF2;IL6;KDR;MMP1;MMP9;MPO;MTOR;NOS2;NR1I2;NR3C1;PLAU;PTGS1;PTGS2;RELA;SLC6A4;TNF;TP53,AKT1;CDKN1A;HIF1A;NOS2;PLAU;PTGS1;PTGS2;RELA;SLC6A4;TP53,"Disease targets for Ulcerative Colitis; exact medicinal-material matches from TCMSP, HERB 2.0, and ETCM 2.0; legacy provisional ranking because database screening definitions are heterogeneous and safety/pair evidence are unreviewed placeholders",231,125,山药＋黄芩,0.330065,0.6875,0.294118,0.683007,0.094118,0.24183,45.275735,29.810294,60.0,0.0,38.810294,,legacy_provisional_includes_unreviewed_placeholders,129,,legacy_formula_including_unreviewed_placeholders,TCMSP exact match,TCMSP exact match,False,1.8,4,0.079704,True
葛根,陈皮,10,18,21,7,3,11,True,42.0325,1,1,37.0,60.0,False,legacy_placeholder_60_not_reviewed,0.0,False,legacy_placeholder_0_not_reviewed,27.913,36.913,legacy_formula_including_unreviewed_placeholders,legacy_provisional_includes_unreviewed_placeholders,,36.913,64,8,0.7729,ADIPOQ;AKT1;BAX;BCL2;CASP3;CASP8;CAT;GSTP1;IL4;MAPK1;MAPK3;MMP9;NOS2;PPARA;PPARG;PTGS1;PTGS2;RELA;SLC6A4;TIMP1;TP53,BAX;BCL2;CASP3;NOS2;PPARG;PTGS1;PTGS2,"Disease targets for Ulcerative Colitis; exact medicinal-material matches from TCMSP, HERB 2.0, and ETCM 2.0; legacy provisional ranking because database screening definitions are heterogeneous and safety/pair evidence are unreviewed placeholders",244,135,葛根＋陈皮,0.199346,0.666667,0.272727,0.447712,0.242424,0.843137,43.982472,28.692989,60.0,0.0,37.692989,,legacy_provisional_includes_unreviewed_placeholders,130,,legacy_formula_including_unreviewed_placeholders,TCMSP exact match,TCMSP exact match,False,1.8,0,,False
姜黄,陈皮,3,18,19,2,1,16,True,49.6919,2,2,54.0,60.0,False,legacy_placeholder_60_not_reviewed,0.0,False,legacy_placeholder_0_not_reviewed,36.0768,45.0768,legacy_formula_including_unreviewed_placeholders,legacy_provisional_includes_unreviewed_placeholders,,45.0768,52,1,0.871,ADIPOQ;AKT1;BAX;BCL2;CASP3;CAT;GSTP1;MAPK1;MAPK3;MMP9;NOS2;PLAU;PPARA;PPARG;PTGS1;PTGS2;RELA;TIMP1;TP53,PTGS1;PTGS2,"Disease targets for Ulcerative Colitis; exact medicinal-material matches from TCMSP, HERB 2.0, and ETCM 2.0; legacy provisional ranking because database screening definitions are heterogeneous and safety/pair evidence are unreviewed placeholders",216,115,姜黄＋陈皮,0.163399,0.894737,0.0625,0.137255,0.0625,0.160131,31.171526,28.66861,60.0,0.0,37.66861,,legacy_provisional_includes_unreviewed_placeholders,131,,legacy_formula_including_unreviewed_placeholders,TCMSP exact match,TCMSP exact match,False,6.0,0,,False
薏苡仁,陈皮,3,18,19,2,1,16,True,49.6919,2,2,54.0,60.0,False,legacy_placeholder_60_not_reviewed,0.0,False,legacy_placeholder_0_not_reviewed,36.0768,45.0768,legacy_formula_including_unreviewed_placeholders,legacy_provisional_includes_unreviewed_placeholders,,45.0768,52,1,0.871,ADIPOQ;AKT1;BAX;BCL2;CASP3;CAT;GSTP1;MAPK1;MAPK3;MMP9;NOS2;PLAU;PPARA;PPARG;PTGS1;PTGS2;RELA;TIMP1;TP53,PTGS1;PTGS2,"Disease targets for Ulcerative Colitis; exact medicinal-material matches from TCMSP, HERB 2.0, and ETCM 2.0; legacy provisional ranking because database screening definitions are heterogeneous and safety/pair evidence are unreviewed placeholders",217,116,薏苡仁＋陈皮,0.163399,0.894737,0.0625,0.137255,0.0625,0.160131,31.171526,28.66861,60.0,0.0,37.66861,,legacy_provisional_includes_unreviewed_placeholders,132,,legacy_formula_including_unreviewed_placeholders,TCMSP exact match,TCMSP exact match,False,6.0,4,0.061726,True
姜黄,白扁豆,3,11,13,1,2,10,True,46.4353,1,1,37.0,60.0,False,legacy_placeholder_60_not_reviewed,0.0,False,legacy_placeholder_0_not_reviewed,29.6741,38.6741,legacy_formula_including_unreviewed_placeholders,legacy_provisional_includes_unreviewed_placeholders,,38.6741,30,3,0.7717,AKT1;BCL2;CASP3;CASP8;CYP1A2;CYP3A4;HMOX1;MMP1;MMP2;MYC;PLAU;PTGS1;PTGS2,PTGS2,"Disease targets for Ulcerative Colitis; exact medicinal-material matches from TCMSP, HERB 2.0, and ETCM 2.0; legacy provisional ranking because database screening definitions are heterogeneous and safety/pair evidence are unreviewed placeholders",239,130,姜黄＋白扁豆,0.081699,0.923077,0.2,0.333333,0.15,0.460784,40.318753,27.227501,60.0,0.0,36.227501,,legacy_provisional_includes_unreviewed_placeholders,133,,legacy_formula_including_unreviewed_placeholders,TCMSP exact match,TCMSP exact match,False,3.666667,0,,False
姜黄,芡实,3,11,13,1,2,10,True,46.4353,1,1,37.0,60.0,False,legacy_placeholder_60_not_reviewed,0.0,False,legacy_placeholder_0_not_reviewed,29.6741,38.6741,legacy_formula_including_unreviewed_placeholders,legacy_provisional_includes_unreviewed_placeholders,,38.6741,30,3,0.7717,AKT1;BCL2;CASP3;CASP8;CYP1A2;CYP3A4;HMOX1;MMP1;MMP2;MYC;PLAU;PTGS1;PTGS2,PTGS2,"Disease targets for Ulcerative Colitis; exact medicinal-material matches from TCMSP, HERB 2.0, and ETCM 2.0; legacy provisional ranking because database screening definitions are heterogeneous and safety/pair evidence are unreviewed placeholders",240,131,姜黄＋芡实,0.081699,0.923077,0.2,0.333333,0.15,0.460784,40.318753,27.227501,60.0,0.0,36.227501,,legacy_provisional_includes_unreviewed_placeholders,134,,legacy_formula_including_unreviewed_placeholders,TCMSP exact match,TCMSP exact match,False,3.666667,0,,False
白扁豆,薏苡仁,11,3,13,1,10,2,True,46.4353,1,1,37.0,60.0,False,legacy_placeholder_60_not_reviewed,0.0,False,legacy_placeholder_0_not_reviewed,29.6741,38.6741,legacy_formula_including_unreviewed_placeholders,legacy_provisional_includes_unreviewed_placeholders,,38.6741,30,3,0.7717,AKT1;BCL2;CASP3;CASP8;CYP1A2;CYP3A4;HMOX1;MMP1;MMP2;MYC;PLAU;PTGS1;PTGS2,PTGS2,"Disease targets for Ulcerative Colitis; exact medicinal-material matches from TCMSP, HERB 2.0, and ETCM 2.0; legacy provisional ranking because database screening definitions are heterogeneous and safety/pair evidence are unreviewed placeholders",241,132,白扁豆＋薏苡仁,0.081699,0.923077,0.2,0.333333,0.15,0.460784,40.318753,27.227501,60.0,0.0,36.227501,,legacy_provisional_includes_unreviewed_placeholders,135,,legacy_formula_including_unreviewed_placeholders,TCMSP exact match,TCMSP exact match,False,3.666667,4,0.048378,True
芡实,薏苡仁,11,3,13,1,10,2,True,46.4353,1,1,37.0,60.0,False,legacy_placeholder_60_not_reviewed,0.0,False,legacy_placeholder_0_not_reviewed,29.6741,38.6741,legacy_formula_including_unreviewed_placeholders,legacy_provisional_includes_unreviewed_placeholders,,38.6741,30,3,0.7717,AKT1;BCL2;CASP3;CASP8;CYP1A2;CYP3A4;HMOX1;MMP1;MMP2;MYC;PLAU;PTGS1;PTGS2,PTGS2,"Disease targets for Ulcerative Colitis; exact medicinal-material matches from TCMSP, HERB 2.0, and ETCM 2.0; legacy provisional ranking because database screening definitions are heterogeneous and safety/pair evidence are unreviewed placeholders",242,133,芡实＋薏苡仁,0.081699,0.923077,0.2,0.333333,0.15,0.460784,40.318753,27.227501,60.0,0.0,36.227501,,legacy_provisional_includes_unreviewed_placeholders,136,,legacy_formula_including_unreviewed_placeholders,TCMSP exact match,TCMSP exact match,False,3.666667,4,0.03503,True
肉豆蔻,陈皮,8,18,20,6,2,12,True,42.6341,1,1,37.0,60.0,False,legacy_placeholder_60_not_reviewed,0.0,False,legacy_placeholder_0_not_reviewed,28.1537,37.1537,legacy_formula_including_unreviewed_placeholders,legacy_provisional_includes_unreviewed_placeholders,,37.1537,61,6,0.7908,ADIPOQ;AKT1;BAX;BCL2;CASP3;CASP8;CAT;GSTP1;MAPK1;MAPK3;MMP9;NOS2;PPARA;PPARG;PTGS1;PTGS2;RELA;SLC6A4;TIMP1;TP53,BAX;BCL2;CASP3;NOS2;PTGS1;PTGS2,"Disease targets for Ulcerative Colitis; exact medicinal-material matches from TCMSP, HERB 2.0, and ETCM 2.0; legacy provisional ranking because database screening definitions are heterogeneous and safety/pair evidence are unreviewed placeholders",243,134,肉豆蔻＋陈皮,0.183007,0.7,0.166667,0.333333,0.25,0.852941,39.689542,26.975817,60.0,0.0,35.975817,,legacy_provisional_includes_unreviewed_placeholders,137,,legacy_formula_including_unreviewed_placeholders,TCMSP exact match,TCMSP exact match,False,2.25,0,,False
生姜,肉豆蔻,8,8,9,7,1,1,True,15.4743,1,1,37.0,60.0,False,legacy_placeholder_60_not_reviewed,0.0,False,legacy_placeholder_0_not_reviewed,17.2897,26.2897,legacy_formula_including_unreviewed_placeholders,legacy_provisional_includes_unreviewed_placeholders,,26.2897,11,0,0.0,BAX;BCL2;CASP3;CASP8;NOS2;PLAU;PTGS1;PTGS2;SLC6A4,BAX;BCL2;CASP3;CASP8;PTGS1;PTGS2;SLC6A4,"Disease targets for Ulcerative Colitis; exact medicinal-material matches from TCMSP, HERB 2.0, and ETCM 2.0; legacy provisional ranking because database screening definitions are heterogeneous and safety/pair evidence are unreviewed placeholders",265,148,生姜＋肉豆蔻,0.01634,0.222222,1.0,0.137255,0.0,0.078431,38.72549,26.590196,60.0,0.0,35.590196,,legacy_provisional_includes_unreviewed_placeholders,138,,legacy_formula_including_unreviewed_placeholders,TCMSP exact match,TCMSP exact match,False,1.0,0,,False
砂仁,肉豆蔻,8,8,9,7,1,1,True,15.4743,1,1,37.0,60.0,False,legacy_placeholder_60_not_reviewed,0.0,False,legacy_placeholder_0_not_reviewed,17.2897,26.2897,legacy_formula_including_unreviewed_placeholders,legacy_provisional_includes_unreviewed_placeholders,,26.2897,11,0,0.0,BAX;BCL2;CASP3;CASP8;NOS2;PLAU;PTGS1;PTGS2;SLC6A4,BAX;BCL2;CASP3;CASP8;PTGS1;PTGS2;SLC6A4,"Disease targets for Ulcerative Colitis; exact medicinal-material matches from TCMSP, HERB 2.0, and ETCM 2.0; legacy provisional ranking because database screening definitions are heterogeneous and safety/pair evidence are unreviewed placeholders",266,149,砂仁＋肉豆蔻,0.01634,0.222222,1.0,0.137255,0.0,0.078431,38.72549,26.590196,60.0,0.0,35.590196,,legacy_provisional_includes_unreviewed_placeholders,139,,legacy_formula_including_unreviewed_placeholders,TCMSP exact match,TCMSP exact match,False,1.0,0,,False
白扁豆,葛根,11,10,17,4,7,6,True,43.0273,0,0,0.0,60.0,False,legacy_placeholder_60_not_reviewed,0.0,False,legacy_placeholder_0_not_reviewed,17.2109,26.2109,legacy_formula_including_unreviewed_placeholders,legacy_provisional_includes_unreviewed_placeholders,,26.2109,40,7,0.8049,AKT1;BAX;BCL2;CASP3;CASP8;CYP1A2;CYP3A4;HMOX1;IL4;MMP1;MMP2;MYC;NOS2;PPARG;PTGS1;PTGS2;SLC6A4,BCL2;CASP3;CASP8;PTGS2,"Disease targets for Ulcerative Colitis; exact medicinal-material matches from TCMSP, HERB 2.0, and ETCM 2.0; legacy provisional ranking because database screening definitions are heterogeneous and safety/pair evidence are unreviewed placeholders",267,150,白扁豆＋葛根,0.140523,0.764706,0.857143,0.738562,0.166667,0.562092,64.341737,25.736695,60.0,0.0,34.736695,,legacy_provisional_includes_unreviewed_placeholders,140,,legacy_formula_including_unreviewed_placeholders,TCMSP exact match,TCMSP exact match,False,1.1,0,,False
芡实,葛根,11,10,17,4,7,6,True,43.0273,0,0,0.0,60.0,False,legacy_placeholder_60_not_reviewed,0.0,False,legacy_placeholder_0_not_reviewed,17.2109,26.2109,legacy_formula_including_unreviewed_placeholders,legacy_provisional_includes_unreviewed_placeholders,,26.2109,40,7,0.8049,AKT1;BAX;BCL2;CASP3;CASP8;CYP1A2;CYP3A4;HMOX1;IL4;MMP1;MMP2;MYC;NOS2;PPARG;PTGS1;PTGS2;SLC6A4,BCL2;CASP3;CASP8;PTGS2,"Disease targets for Ulcerative Colitis; exact medicinal-material matches from TCMSP, HERB 2.0, and ETCM 2.0; legacy provisional ranking because database screening definitions are heterogeneous and safety/pair evidence are unreviewed placeholders",268,151,芡实＋葛根,0.140523,0.764706,0.857143,0.738562,0.166667,0.562092,64.341737,25.736695,60.0,0.0,34.736695,,legacy_provisional_includes_unreviewed_placeholders,141,,legacy_formula_including_unreviewed_placeholders,TCMSP exact match,TCMSP exact match,False,1.1,0,,False
党参,生姜,35,8,38,5,30,3,True,62.5417,1,1,17.0,60.0,False,legacy_placeholder_60_not_reviewed,0.0,False,legacy_placeholder_0_not_reviewed,30.1167,39.1167,legacy_formula_including_unreviewed_placeholders,legacy_provisional_includes_unreviewed_placeholders,,39.1167,239,30,0.8344,AKT1;BAX;BCL2;BIRC5;CASP3;CASP8;CCND1;CD40LG;CDK4;CDKN1A;EGFR;ERBB2;GSTP1;HMOX1;ICAM1;IFNG;IL10;IL2;IL4;IL6;MAPK1;MET;MMP1;MMP2;MMP8;MMP9;NFKBIA;NOS2;NR3C1;PLAU;PPARG;PTGS1;PTGS2;RB1;RELA;SLC6A4;TNF;TP53,CASP3;PLAU;PTGS1;PTGS2;SLC6A4,"Disease targets for Ulcerative Colitis; exact medicinal-material matches from TCMSP, HERB 2.0, and ETCM 2.0; legacy provisional ranking because database screening definitions are heterogeneous and safety/pair evidence are unreviewed placeholders",235,128,党参＋生姜,0.375817,0.868421,0.1,0.447712,0.333333,0.941176,48.354317,24.441727,60.0,0.0,33.441727,,legacy_provisional_includes_unreviewed_placeholders,142,,legacy_formula_including_unreviewed_placeholders,TCMSP exact match,TCMSP exact match,False,4.375,0,,False
党参,砂仁,35,8,38,5,30,3,True,62.5417,1,1,17.0,60.0,False,legacy_placeholder_60_not_reviewed,0.0,False,legacy_placeholder_0_not_reviewed,30.1167,39.1167,legacy_formula_including_unreviewed_placeholders,legacy_provisional_includes_unreviewed_placeholders,,39.1167,239,30,0.8344,AKT1;BAX;BCL2;BIRC5;CASP3;CASP8;CCND1;CD40LG;CDK4;CDKN1A;EGFR;ERBB2;GSTP1;HMOX1;ICAM1;IFNG;IL10;IL2;IL4;IL6;MAPK1;MET;MMP1;MMP2;MMP8;MMP9;NFKBIA;NOS2;NR3C1;PLAU;PPARG;PTGS1;PTGS2;RB1;RELA;SLC6A4;TNF;TP53,CASP3;PLAU;PTGS1;PTGS2;SLC6A4,"Disease targets for Ulcerative Colitis; exact medicinal-material matches from TCMSP, HERB 2.0, and ETCM 2.0; legacy provisional ranking because database screening definitions are heterogeneous and safety/pair evidence are unreviewed placeholders",236,129,党参＋砂仁,0.375817,0.868421,0.1,0.447712,0.333333,0.941176,48.354317,24.441727,60.0,0.0,33.441727,,legacy_provisional_includes_unreviewed_placeholders,143,,legacy_formula_including_unreviewed_placeholders,TCMSP exact match,TCMSP exact match,False,4.375,0,,False
姜黄,葛根,3,10,11,2,1,8,True,40.7761,1,1,37.0,60.0,False,legacy_placeholder_60_not_reviewed,0.0,False,legacy_placeholder_0_not_reviewed,27.4104,36.4104,legacy_formula_including_unreviewed_placeholders,legacy_provisional_includes_unreviewed_placeholders,,36.4104,13,0,0.0,BAX;BCL2;CASP3;CASP8;IL4;NOS2;PLAU;PPARG;PTGS1;PTGS2;SLC6A4,PTGS1;PTGS2,"Disease targets for Ulcerative Colitis; exact medicinal-material matches from TCMSP, HERB 2.0, and ETCM 2.0; legacy provisional ranking because database screening definitions are heterogeneous and safety/pair evidence are unreviewed placeholders",245,136,姜黄＋葛根,0.042484,0.818182,0.125,0.137255,0.0,0.078431,27.897356,22.258942,60.0,0.0,31.258942,,legacy_provisional_includes_unreviewed_placeholders,144,,legacy_formula_including_unreviewed_placeholders,TCMSP exact match,TCMSP exact match,False,3.333333,0,,False
葛根,薏苡仁,10,3,11,2,8,1,True,40.7761,1,1,37.0,60.0,False,legacy_placeholder_60_not_reviewed,0.0,False,legacy_placeholder_0_not_reviewed,27.4104,36.4104,legacy_formula_including_unreviewed_placeholders,legacy_provisional_includes_unreviewed_placeholders,,36.4104,13,0,0.0,BAX;BCL2;CASP3;CASP8;IL4;NOS2;PLAU;PPARG;PTGS1;PTGS2;SLC6A4,PTGS1;PTGS2,"Disease targets for Ulcerative Colitis; exact medicinal-material matches from TCMSP, HERB 2.0, and ETCM 2.0; legacy provisional ranking because database screening definitions are heterogeneous and safety/pair evidence are unreviewed placeholders",246,137,葛根＋薏苡仁,0.042484,0.818182,0.125,0.137255,0.0,0.078431,27.897356,22.258942,60.0,0.0,31.258942,,legacy_provisional_includes_unreviewed_placeholders,145,,legacy_formula_including_unreviewed_placeholders,TCMSP exact match,TCMSP exact match,False,3.333333,0,,False
姜黄,肉豆蔻,3,8,9,2,1,6,True,37.6965,1,1,37.0,60.0,False,legacy_placeholder_60_not_reviewed,0.0,False,legacy_placeholder_0_not_reviewed,26.1786,35.1786,legacy_formula_including_unreviewed_placeholders,legacy_provisional_includes_unreviewed_placeholders,,35.1786,11,0,0.0,BAX;BCL2;CASP3;CASP8;NOS2;PLAU;PTGS1;PTGS2;SLC6A4,PTGS1;PTGS2,"Disease targets for Ulcerative Colitis; exact medicinal-material matches from TCMSP, HERB 2.0, and ETCM 2.0; legacy provisional ranking because database screening definitions are heterogeneous and safety/pair evidence are unreviewed placeholders",251,142,姜黄＋肉豆蔻,0.01634,0.777778,0.166667,0.137255,0.0,0.078431,27.614379,22.145752,60.0,0.0,31.145752,,legacy_provisional_includes_unreviewed_placeholders,146,,legacy_formula_including_unreviewed_placeholders,TCMSP exact match,TCMSP exact match,False,2.666667,0,,False
肉豆蔻,薏苡仁,8,3,9,2,6,1,True,37.6965,1,1,37.0,60.0,False,legacy_placeholder_60_not_reviewed,0.0,False,legacy_placeholder_0_not_reviewed,26.1786,35.1786,legacy_formula_including_unreviewed_placeholders,legacy_provisional_includes_unreviewed_placeholders,,35.1786,11,0,0.0,BAX;BCL2;CASP3;CASP8;NOS2;PLAU;PTGS1;PTGS2;SLC6A4,PTGS1;PTGS2,"Disease targets for Ulcerative Colitis; exact medicinal-material matches from TCMSP, HERB 2.0, and ETCM 2.0; legacy provisional ranking because database screening definitions are heterogeneous and safety/pair evidence are unreviewed placeholders",252,143,肉豆蔻＋薏苡仁,0.01634,0.777778,0.166667,0.137255,0.0,0.078431,27.614379,22.145752,60.0,0.0,31.145752,,legacy_provisional_includes_unreviewed_placeholders,147,,legacy_formula_including_unreviewed_placeholders,TCMSP exact match,TCMSP exact match,False,2.666667,0,,False
白扁豆,肉豆蔻,11,8,15,4,7,4,True,40.3089,0,0,0.0,60.0,False,legacy_placeholder_60_not_reviewed,0.0,False,legacy_placeholder_0_not_reviewed,16.1236,25.1236,legacy_formula_including_unreviewed_placeholders,legacy_provisional_includes_unreviewed_placeholders,,25.1236,35,4,0.7955,AKT1;BAX;BCL2;CASP3;CASP8;CYP1A2;CYP3A4;HMOX1;MMP1;MMP2;MYC;NOS2;PTGS1;PTGS2;SLC6A4,BCL2;CASP3;CASP8;PTGS2,"Disease targets for Ulcerative Colitis; exact medicinal-material matches from TCMSP, HERB 2.0, and ETCM 2.0; legacy provisional ranking because database screening definitions are heterogeneous and safety/pair evidence are unreviewed placeholders",269,152,白扁豆＋肉豆蔻,0.114379,0.733333,0.571429,0.571895,0.142857,0.431373,50.655929,20.262372,60.0,0.0,29.262372,,legacy_provisional_includes_unreviewed_placeholders,148,,legacy_formula_including_unreviewed_placeholders,TCMSP exact match,TCMSP exact match,False,1.375,0,,False
肉豆蔻,芡实,8,11,15,4,4,7,True,40.3089,0,0,0.0,60.0,False,legacy_placeholder_60_not_reviewed,0.0,False,legacy_placeholder_0_not_reviewed,16.1236,25.1236,legacy_formula_including_unreviewed_placeholders,legacy_provisional_includes_unreviewed_placeholders,,25.1236,35,4,0.7955,AKT1;BAX;BCL2;CASP3;CASP8;CYP1A2;CYP3A4;HMOX1;MMP1;MMP2;MYC;NOS2;PTGS1;PTGS2;SLC6A4,BCL2;CASP3;CASP8;PTGS2,"Disease targets for Ulcerative Colitis; exact medicinal-material matches from TCMSP, HERB 2.0, and ETCM 2.0; legacy provisional ranking because database screening definitions are heterogeneous and safety/pair evidence are unreviewed placeholders",270,153,肉豆蔻＋芡实,0.114379,0.733333,0.571429,0.571895,0.142857,0.431373,50.655929,20.262372,60.0,0.0,29.262372,,legacy_provisional_includes_unreviewed_placeholders,149,,legacy_formula_including_unreviewed_placeholders,TCMSP exact match,TCMSP exact match,False,1.375,0,,False
生姜,葛根,8,10,11,7,1,3,True,22.5942,1,1,37.0,60.0,False,legacy_placeholder_60_not_reviewed,0.0,False,legacy_placeholder_0_not_reviewed,20.1377,29.1377,legacy_formula_including_unreviewed_placeholders,legacy_provisional_includes_unreviewed_placeholders,,29.1377,13,0,0.0,BAX;BCL2;CASP3;CASP8;IL4;NOS2;PLAU;PPARG;PTGS1;PTGS2;SLC6A4,BAX;BCL2;CASP3;CASP8;PTGS1;PTGS2;SLC6A4,"Disease targets for Ulcerative Colitis; exact medicinal-material matches from TCMSP, HERB 2.0, and ETCM 2.0; legacy provisional ranking because database screening definitions are heterogeneous and safety/pair evidence are unreviewed placeholders",255,144,生姜＋葛根,0.042484,0.363636,0.333333,0.137255,0.0,0.078431,22.78372,20.213488,60.0,0.0,29.213488,,legacy_provisional_includes_unreviewed_placeholders,150,,legacy_formula_including_unreviewed_placeholders,TCMSP exact match,TCMSP exact match,False,1.25,0,,False
砂仁,葛根,8,10,11,7,1,3,True,22.5942,1,1,37.0,60.0,False,legacy_placeholder_60_not_reviewed,0.0,False,legacy_placeholder_0_not_reviewed,20.1377,29.1377,legacy_formula_including_unreviewed_placeholders,legacy_provisional_includes_unreviewed_placeholders,,29.1377,13,0,0.0,BAX;BCL2;CASP3;CASP8;IL4;NOS2;PLAU;PPARG;PTGS1;PTGS2;SLC6A4,BAX;BCL2;CASP3;CASP8;PTGS1;PTGS2;SLC6A4,"Disease targets for Ulcerative Colitis; exact medicinal-material matches from TCMSP, HERB 2.0, and ETCM 2.0; legacy provisional ranking because database screening definitions are heterogeneous and safety/pair evidence are unreviewed placeholders",256,145,砂仁＋葛根,0.042484,0.363636,0.333333,0.137255,0.0,0.078431,22.78372,20.213488,60.0,0.0,29.213488,,legacy_provisional_includes_unreviewed_placeholders,151,,legacy_formula_including_unreviewed_placeholders,TCMSP exact match,TCMSP exact match,False,1.25,0,,False
白扁豆,茯苓,11,2,12,1,10,1,True,45.4472,0,0,0.0,60.0,False,legacy_placeholder_60_not_reviewed,0.0,False,legacy_placeholder_0_not_reviewed,18.1789,27.1789,legacy_formula_including_unreviewed_placeholders,legacy_provisional_includes_unreviewed_placeholders,,27.1789,27,0,0.0,AKT1;BCL2;CASP3;CASP8;CYP1A2;CYP3A4;HMOX1;MMP1;MMP2;MYC;PTGS1;PTGS2,PTGS2,"Disease targets for Ulcerative Colitis; exact medicinal-material matches from TCMSP, HERB 2.0, and ETCM 2.0; legacy provisional ranking because database screening definitions are heterogeneous and safety/pair evidence are unreviewed placeholders",257,146,白扁豆＋茯苓,0.062092,0.916667,0.1,0.137255,0.0,0.078431,30.001634,12.000654,60.0,0.0,21.000654,,legacy_provisional_includes_unreviewed_placeholders,152,,legacy_formula_including_unreviewed_placeholders,TCMSP exact match,TCMSP exact match,False,5.5,4,0.013348,True
芡实,茯苓,11,2,12,1,10,1,True,45.4472,0,0,0.0,60.0,False,legacy_placeholder_60_not_reviewed,0.0,False,legacy_placeholder_0_not_reviewed,18.1789,27.1789,legacy_formula_including_unreviewed_placeholders,legacy_provisional_includes_unreviewed_placeholders,,27.1789,27,0,0.0,AKT1;BCL2;CASP3;CASP8;CYP1A2;CYP3A4;HMOX1;MMP1;MMP2;MYC;PTGS1;PTGS2,PTGS2,"Disease targets for Ulcerative Colitis; exact medicinal-material matches from TCMSP, HERB 2.0, and ETCM 2.0; legacy provisional ranking because database screening definitions are heterogeneous and safety/pair evidence are unreviewed placeholders",258,147,芡实＋茯苓,0.062092,0.916667,0.1,0.137255,0.0,0.078431,30.001634,12.000654,60.0,0.0,21.000654,,legacy_provisional_includes_unreviewed_placeholders,153,,legacy_formula_including_unreviewed_placeholders,TCMSP exact match,TCMSP exact match,False,5.5,4,0.0,True
