Category	Term	Count	%	PValue	Genes	List Total	Pop Hits	Pop Total	Fold Enrichment	Bonferroni	Benjamini	FDR
GOTERM_BP_FAT	GO:0070887~cellular response to chemical stimulus	59	74.68354430379746	5.279916234221699E-39	O75469, P28482, P04637, P11802, P36544, Q8TDU6, P13500, P42224, Q07869, P17706, P08684, P09211, Q16236, P05177, Q9HC97, P25963, O14746, P31645, O96017, P35968, P37231, P01106, P08253, P00533, P08254, P42574, P01344, P22301, P01584, Q9NRD8, P01583, P24385, P29474, P10415, P35354, P14780, Q96P20, P33261, P05231, P06400, P01375, P35869, Q9UNQ0, P09917, P11712, P31749, P19320, P35228, P11473, P10145, P23219, Q04206, P09488, P02778, P05164, P05362, Q16665, P09601	79	2129	19104	6.7015238627512765	2.0084801354979345E-35	2.0079521438745123E-35	1.466760729866788E-35
GOTERM_BP_FAT	GO:0042127~regulation of cell population proliferation	55	69.62025316455697	4.5447445504055775E-37	P11926, P28482, P04637, P11802, P36544, Q8TDU6, P13500, P42224, P00749, P17706, P09211, P25963, P29965, P08246, O14746, P31645, P35968, P37231, Q07812, P01106, P08575, P08253, P00533, P42574, P01344, P22301, P01584, P01583, P24385, P29474, P10415, P35354, P14780, P01579, P05231, P05112, P06400, P01375, P35869, O15392, P09917, P04626, P31749, P19320, P38936, P35228, P11473, P10145, P23219, Q04206, P02778, Q16665, P09601, P60568	79	1838	19104	7.236263963306291	1.7288208269742818E-33	8.641831762596206E-34	6.312650180513347E-34
GOTERM_BP_FAT	GO:1901700~response to oxygen-containing compound	50	63.29113924050633	1.741473961561692E-32	P28482, P04637, P11802, P36544, Q8TDU6, P13500, P42224, Q07869, P17706, P09211, Q16236, P25963, P08246, P31645, O96017, P37231, P08575, P08253, P00533, P08254, P42574, P01344, P22301, P01584, Q9NRD8, P01583, P24385, P29474, P10415, P14780, Q96P20, Q14790, P05231, P06400, P01375, P35869, O15111, P31749, P19320, P35228, P11473, P10145, Q04206, P02778, P05164, P05362, Q16665, P09601, P60568	79	1685	19104	7.175750291101679	6.624566949780676E-29	2.207608491939705E-29	1.6126048884061268E-29
GOTERM_BP_FAT	GO:0043067~regulation of programmed cell death	48	60.75949367088608	4.349567856023911E-30	P01583, P24385, P27695, P29474, P10415, P04637, P35354, P13500, P42224, P14780, P08581, Q07869, P17706, P01579, Q14790, P09211, Q16236, P05231, Q9HC97, P05112, O14746, P29965, P01375, P06400, O96017, P35968, O15392, P04626, P31749, P38936, P11473, P37231, Q04206, Q07812, P01106, P08575, P02778, P05164, P08253, P05362, Q16665, P00533, P42574, P09601, P60568, P22301, P01584	79	1680	19104	6.909222423146473	1.654575612431496E-26	4.135351639114733E-27	3.0207748760086062E-27
KEGG_PATHWAY	hsa05200:Pathways in cancer	39	49.36708860759494	6.122204464776521E-28	P24385, P10415, P28482, P04637, P11802, P35354, P42224, P14780, P08581, P01579, Q14790, P09211, Q16236, P05231, O14920, P05112, O14746, P25963, P06400, O15392, O15111, P04626, P31749, P03956, P38936, P35228, P10145, P37231, Q04206, Q07812, P09488, P01106, P08253, Q16665, P00533, P42574, P09601, P01344, P60568	76	533	9375	9.02599486521181	1.3836182090394938E-25	1.3897404135042701E-25	5.571206062946635E-26
GOTERM_BP_FAT	GO:0042981~regulation of apoptotic process	45	56.9620253164557	2.9183954192146626E-27	P01583, P24385, P27695, P29474, P10415, P04637, P35354, P13500, P42224, P14780, Q07869, P17706, P01579, Q14790, P09211, Q16236, P05231, Q9HC97, P05112, O14746, P29965, P01375, P06400, O96017, P35968, O15392, P04626, P31749, P11473, P37231, Q04206, Q07812, P01106, P08575, P02778, P05164, P08253, P05362, Q16665, P00533, P42574, P09601, P60568, P22301, P01584	79	1617	19104	6.729762100467346	1.1101576174692577E-23	2.2197315558546724E-24	1.6214604949156665E-24
GOTERM_BP_FAT	GO:1901701~cellular response to oxygen-containing compound	40	50.63291139240506	4.4870711506270604E-27	P01583, P29474, P28482, P04637, P11802, P36544, Q8TDU6, P13500, P42224, P14780, Q07869, Q96P20, P17706, P09211, Q16236, P05231, P25963, P01375, P06400, P31645, O96017, P35869, P31749, P19320, P35228, P11473, P10145, P37231, Q04206, P02778, P05164, P08253, P05362, Q16665, P08254, P00533, P01344, P22301, P01584	79	1157	19104	8.360338282113279	1.7068818656985338E-23	2.8440552643057854E-24	2.077513942740329E-24
GOTERM_BP_FAT	GO:0048584~positive regulation of response to stimulus	52	65.82278481012658	1.5439354056345918E-26	P28482, P04637, P36544, Q8TDU6, P13500, P00749, P17706, Q16236, P25963, P29965, P08246, O14746, P35968, P37231, Q07812, P01106, P08575, P08253, P00533, P42574, P01344, P22301, P01584, Q9NRD8, P01583, P29474, P10415, P35354, P14780, P08581, Q96P20, P01579, Q14790, P05231, O14920, P05112, P01375, O15392, O15111, P04626, P31749, P35228, P11473, P10145, Q04206, P02778, P05362, Q16665, P09601, P60568	79	2526	19104	4.978141254998646	5.873130283033987E-23	8.387980496611933E-24	6.1272179383612794E-24
GOTERM_BP_FAT	GO:0009628~response to abiotic stimulus	40	50.63291139240506	1.846351467000871E-26	P01583, P24385, P29474, P10415, P04637, P36544, P35354, P42224, P00749, P14780, Q07869, Q96P20, Q14790, Q16236, P08246, O14746, P25963, P01375, P31645, O96017, P31749, P03956, P19320, P38936, P35228, P37231, Q04206, Q07812, P01106, P08575, P02778, P05164, P08253, Q16665, P08254, P00533, P42574, P09601, P01584	79	1202	19104	8.047347248257125	7.023520980471314E-23	8.777093286255391E-24	6.4114554691605245E-24
GOTERM_BP_FAT	GO:0032101~regulation of response to external stimulus	40	50.63291139240506	6.189604931948038E-26	P01583, P29474, P28482, P35354, P13500, P42224, P00749, P14780, P08581, Q07869, Q96P20, P17706, P01579, Q14790, P09211, Q16236, P05231, O14920, P05112, P08246, P25963, P01375, P06400, P35869, P35968, P09917, O15111, P31749, P10145, P37231, Q04206, P08575, P02778, P08254, P00533, P42574, P60568, P22301, P01584	79	1242	19104	7.788173423836605	2.3545257161130334E-22	2.6154519506887098E-23	1.910524722327961E-23
KEGG_PATHWAY	hsa05417:Lipid and atherosclerosis	27	34.177215189873415	2.1165345361386257E-24	P29474, P10415, P28482, P04637, P13500, P14780, Q96P20, Q14790, Q16236, P05231, O14920, P25963, P29965, P01375, O15111, P11712, P31749, P03956, P19320, P10145, P37231, Q04206, Q07812, P05362, P08254, P42574, P01584	76	216	9375	15.41940789473684	4.783368051673295E-22	2.40226669851734E-22	9.630232139430747E-23
GOTERM_BP_FAT	GO:0008284~positive regulation of cell population proliferation	36	45.56962025316456	2.9640655896195275E-24	P11926, P01583, P24385, P10415, P28482, P11802, P36544, Q8TDU6, P42224, P14780, P01579, P05231, P05112, P08246, O14746, P29965, P01375, P35968, O15392, P04626, P31749, P19320, P38936, Q04206, P01106, P08575, P02778, P08253, Q16665, P00533, P09601, P01344, P60568, P22301, P01584	79	1019	19104	8.543297598787593	1.1275305502912683E-20	1.0353128749456465E-21	7.56271145569026E-22
GOTERM_BP_FAT	GO:0002237~response to molecule of bacterial origin	26	32.91139240506329	3.0817654950902514E-24	P01583, O75469, P29474, P28482, P11802, P13500, P14780, Q96P20, Q14790, P09211, P05231, P08246, P25963, P01375, P35869, P31749, P19320, P35228, P10145, Q04206, P02778, P05164, P08254, P42574, P22301, P01584	79	365	19104	17.225732616611758	1.1723035943323316E-20	1.0353128749456465E-21	7.56271145569026E-22
GOTERM_BP_FAT	GO:0043069~negative regulation of programmed cell death	36	45.56962025316456	3.2676282765611194E-24	P01583, P24385, P29474, P10415, P04637, P35354, P13500, P14780, P08581, Q07869, Q14790, P09211, Q16236, P05231, Q9HC97, P05112, O14746, P29965, P01375, P06400, P35968, O15392, P04626, P31749, Q04206, Q07812, P01106, P05164, P05362, Q16665, P00533, P09601, P60568, P22301, P01584	79	1022	19104	8.518219425797023	1.2430057964038498E-20	1.0353128749456465E-21	7.56271145569026E-22
GOTERM_BP_FAT	GO:0009605~response to external stimulus	47	59.49367088607595	3.552841716015181E-24	Q9NRD8, P11926, P01583, O75469, P29474, P10415, P28482, P04637, P11802, P35354, P13500, P42224, P00749, P14780, P08581, Q07869, Q96P20, P01579, Q14790, P09211, P05231, O14920, Q9HC97, P08246, P25963, P01375, P35869, P09917, O15111, P31749, P19320, P35228, P10145, P37231, Q04206, Q07812, P01106, P08575, P02778, P05164, P08253, Q16665, P08254, P42574, P22301, P01584	79	2163	19104	5.254586632490036	1.351500988772175E-20	1.0353128749456465E-21	7.56271145569026E-22
GOTERM_BP_FAT	GO:0033993~response to lipid	35	44.303797468354425	3.8113016695343286E-24	P01583, P24385, P29474, P10415, P28482, P11802, Q8TDU6, P13500, P14780, Q07869, Q96P20, Q14790, P09211, P05231, P08246, P25963, P01375, P31645, P35869, P31749, P19320, P35228, P11473, P10145, P37231, Q04206, P08575, P02778, P05164, P08253, P08254, P00533, P42574, P22301, P01584	79	945	19104	8.956399437412095	1.4498191550908585E-20	1.0353128749456465E-21	7.56271145569026E-22
GOTERM_BP_FAT	GO:0009410~response to xenobiotic stimulus	26	32.91139240506329	4.062337140360784E-22	P24385, O75469, P10415, P04637, P11802, P42224, P33261, P08684, P09211, Q16236, P05177, P01375, P06400, P31645, O96017, P35869, O15111, P11712, P35228, P37231, P09488, P01106, P08253, P42574, P22301, P01584	79	445	19104	14.128971696771439	1.5453130481932422E-18	1.0299378763194708E-19	7.523448383948171E-20
GOTERM_BP_FAT	GO:0032496~response to lipopolysaccharide	24	30.37974683544304	4.543085333216399E-22	P01583, P29474, P28482, P31749, P11802, P19320, P13500, P35228, P10145, P14780, Q96P20, Q04206, Q14790, P02778, P05164, P09211, P05231, P08254, P42574, P08246, P25963, P01584, P22301, P01375	79	343	19104	16.92054470974647	1.7281896607555183E-18	1.079834595138873E-19	7.887931909796974E-20
GOTERM_BP_FAT	GO:0080134~regulation of response to stress	40	50.63291139240506	5.996128811739792E-22	Q9NRD8, P01583, P29474, P10415, P28482, P04637, P35354, P42224, P00749, P14780, Q07869, Q96P20, P17706, P01579, Q14790, P09211, Q16236, P05231, O14920, P05112, P08246, P25963, P01375, P06400, O96017, P35869, P09917, O15111, P31749, P37231, Q04206, Q07812, P01106, P08575, P08254, P00533, P42574, P60568, P22301, P01584	79	1598	19104	6.053136040303544	2.2809273999858166E-18	1.3066646413790192E-19	9.544870822379478E-20
GOTERM_BP_FAT	GO:0051707~response to other organism	40	50.63291139240506	6.271546343594605E-22	Q9NRD8, P11926, P01583, O75469, P29474, P10415, P28482, P04637, P11802, P35354, P13500, P42224, P14780, Q07869, Q96P20, P01579, Q14790, P09211, P05231, O14920, P08246, P25963, P01375, P35869, O15111, P31749, P19320, P35228, P10145, P37231, Q04206, Q07812, P08575, P02778, P05164, Q16665, P08254, P42574, P22301, P01584	79	1600	19104	6.045569620253165	2.3856962291033876E-18	1.3066646413790192E-19	9.544870822379478E-20
GOTERM_BP_FAT	GO:0043207~response to external biotic stimulus	40	50.63291139240506	6.7077819310040105E-22	Q9NRD8, P11926, P01583, O75469, P29474, P10415, P28482, P04637, P11802, P35354, P13500, P42224, P14780, Q07869, Q96P20, P01579, Q14790, P09211, P05231, O14920, P08246, P25963, P01375, P35869, O15111, P31749, P19320, P35228, P10145, P37231, Q04206, Q07812, P08575, P02778, P05164, Q16665, P08254, P42574, P22301, P01584	79	1603	19104	6.0342553913943	2.5516402465539254E-18	1.3066646413790192E-19	9.544870822379478E-20
GOTERM_BP_FAT	GO:0006950~response to stress	56	70.88607594936708	6.871757251533101E-22	P28482, P04637, P36544, P13500, P42224, P00749, Q07869, P09211, Q16236, Q9HC97, P25963, P29965, P08246, O14746, P31645, O96017, P35968, P37231, Q07812, P01106, P08575, P08253, P08254, P42574, P22301, P01584, Q9NRD8, P01583, P24385, P27695, P29474, P10415, P35354, Q96P20, P01579, Q14790, P05231, O14920, P05112, P01375, P09917, O15111, P04626, P31749, P19320, P38936, P35228, P10145, P23219, Q04206, P09488, P02778, P05164, Q16665, P09601	79	3835	19104	3.53118016932649	2.6140164584831917E-18	1.3066646413790192E-19	9.544870822379478E-20
GOTERM_BP_FAT	GO:0071216~cellular response to biotic stimulus	22	27.848101265822784	7.597970811139322E-22	P01583, P35869, P29474, O75469, P04637, P28482, P31749, P11802, P13500, P35228, P10145, P14780, Q96P20, Q04206, P02778, P09211, P05231, P08254, P25963, P01584, P22301, P01375	79	260	19104	20.461927945472247	2.890268096557398E-18	1.3759563330839448E-19	1.0051029958735731E-19
GOTERM_BP_FAT	GO:0009893~positive regulation of metabolic process	55	69.62025316455697	1.3961886195281686E-21	O75469, P28482, P04637, P36544, P13500, P42224, Q07869, P17706, P09211, Q16236, P25963, P29965, P08246, O14746, P31645, O96017, P35968, P37231, Q07812, P01106, P08575, P00533, P42574, P01344, P22301, P01584, P01583, P27695, P29474, P35354, P14780, P08581, Q96P20, P01579, Q14790, P05231, O14920, P05112, P06400, P01375, P35869, O15111, P04626, P31749, P38936, P35228, P11473, P10145, Q04206, P02778, Q16665, P09601, P60568	79	3717	19104	3.5782225355278348	5.311101508685153E-18	2.3468252478659287E-19	1.7142993790616749E-19
GOTERM_BP_FAT	GO:1901698~response to nitrogen compound	33	41.77215189873418	1.4368984271199762E-21	Q9NRD8, P28482, P04637, P36544, P42224, P14780, Q07869, Q96P20, P17706, P09211, Q16236, P05231, P25963, P01375, P06400, P31645, P35869, O15111, P31749, P19320, P37231, Q04206, P09488, P01106, P08253, P05362, P08254, P42574, P01344, P60568, P22301, P01584	79	963	19104	8.286762096297172	5.46596161676439E-18	2.3468252478659287E-19	1.7142993790616749E-19
GOTERM_BP_FAT	GO:0044419~biological process involved in interspecies interaction between organisms	41	51.89873417721519	1.4810361806148378E-21	Q9NRD8, P11926, P01583, O75469, P29474, P10415, P28482, P04637, P11802, P35354, P13500, P42224, P14780, Q07869, Q96P20, P01579, Q14790, P09211, P05231, O14920, P08246, P25963, P01375, P35869, O15111, P31749, P19320, P35228, P10145, P37231, Q04206, Q07812, P08575, P02778, P05164, P05362, Q16665, P08254, P42574, P22301, P01584	79	1750	19104	5.665562386980108	5.633861631058843E-18	2.3468252478659287E-19	1.7142993790616749E-19
GOTERM_BP_FAT	GO:0009607~response to biotic stimulus	40	50.63291139240506	1.7700607239175125E-21	Q9NRD8, P11926, P01583, O75469, P29474, P10415, P28482, P04637, P11802, P35354, P13500, P42224, P14780, Q07869, Q96P20, P01579, Q14790, P09211, P05231, O14920, P08246, P25963, P01375, P35869, O15111, P31749, P19320, P35228, P10145, P37231, Q04206, Q07812, P08575, P02778, P05164, Q16665, P08254, P42574, P22301, P01584	79	1647	19104	5.873048811417768	6.733310993782218E-18	2.69261637322332E-19	1.96689147641714E-19
GOTERM_BP_FAT	GO:0071219~cellular response to molecule of bacterial origin	21	26.582278481012654	2.007271087655019E-21	P01583, P35869, P29474, O75469, P28482, P31749, P11802, P13500, P35228, P10145, P14780, Q96P20, Q04206, P02778, P09211, P05231, P08254, P25963, P01584, P22301, P01375	79	231	19104	21.983889528193323	7.635659217439693E-18	2.8319100355297244E-19	2.0686421453330458E-19
GOTERM_BP_FAT	GO:2001233~regulation of apoptotic signaling pathway	25	31.645569620253166	2.0302269920771783E-21	P01583, P29474, P10415, P04637, P35354, P14780, P17706, P09211, Q16236, O14746, P29965, P01375, P06400, P31749, P37231, Q04206, Q07812, P01106, P08575, P08253, P05362, Q16665, P09601, P22301, P01584	79	419	19104	14.428567112776049	7.722983477861586E-18	2.8319100355297244E-19	2.0686421453330458E-19
GOTERM_BP_FAT	GO:0043066~negative regulation of apoptotic process	33	41.77215189873418	2.0850244805372672E-21	P01583, P24385, P29474, P10415, P04637, P35354, P13500, P14780, Q07869, P09211, Q16236, P05231, Q9HC97, P05112, O14746, P29965, P01375, P06400, P35968, O15392, P04626, P31749, Q04206, Q07812, P01106, P05164, P05362, Q16665, P00533, P09601, P60568, P22301, P01584	79	975	19104	8.1847711781889	7.931433123963764E-18	2.8319100355297244E-19	2.0686421453330458E-19
GOTERM_BP_FAT	GO:0010604~positive regulation of macromolecule metabolic process	53	67.08860759493672	2.4939104453131828E-21	O75469, P28482, P04637, P36544, P13500, P42224, Q07869, Q16236, P25963, P29965, P08246, O14746, P31645, O96017, P35968, P37231, Q07812, P01106, P08575, P00533, P42574, P01344, P22301, P01584, P01583, P27695, P29474, P35354, P14780, P08581, Q96P20, P01579, Q14790, P05231, O14920, P05112, P06400, P01375, P35869, O15111, P04626, P31749, P38936, P35228, P11473, P10145, Q04206, P02778, Q16665, P09601, P60568	79	3427	19104	3.739891332050397	9.486835333971348E-18	3.2704625598365636E-19	2.3889942127862145E-19
GOTERM_BP_FAT	GO:0007166~cell surface receptor signaling pathway	45	56.9620253164557	2.875938487105226E-21	Q9NRD8, P01583, P24385, P29474, P10415, P28482, P04637, P36544, Q8TDU6, P13500, P42224, P00749, P14780, P08581, P17706, P01579, Q14790, P05231, O14920, Q9HC97, P05112, P25963, P29965, P01375, P06400, P35968, O15111, P04626, P31749, P35228, P37231, Q04206, Q07812, P01106, P08575, P02778, P08253, P00533, P42574, P01344, P60568, P22301, P01584	79	2270	19104	4.793843751742598	1.094007000494828E-17	3.645731355487058E-19	2.663119039059439E-19
GOTERM_BP_FAT	GO:0002682~regulation of immune system process	41	51.89873417721519	5.9605367188322445E-21	P01583, P10415, P28482, P13500, P42224, Q96P20, P17706, P01579, Q14790, Q16236, P05231, O14920, P05112, P08246, P25963, P29965, P01375, P06400, P35869, O15111, P04626, P31749, P19320, P38936, P35228, P10145, P37231, Q04206, Q07812, P01106, P08575, P02778, P05362, Q16665, P00533, P42574, P09601, P01344, P60568, P22301, P01584	79	1818	19104	5.453649162384592	2.267388167843786E-17	7.312232626360975E-19	5.341410001585798E-19
KEGG_PATHWAY	hsa04657:IL-17 signaling pathway	19	24.050632911392405	1.1235485245377733E-20	O15111, P28482, P03956, P35354, P13500, P10145, P14780, Q04206, P01579, Q14790, P02778, P05231, P08254, P42574, O14920, P05112, P25963, P01584, P01375	76	94	9375	24.93351063829787	2.5392196654553678E-18	8.501517169002485E-19	3.4080971910979123E-19
GOTERM_BP_FAT	GO:0034097~response to cytokine	32	40.50632911392405	1.1327231004007815E-20	Q9NRD8, P01583, P10415, P28482, P04637, P11802, P13500, P42224, P01579, Q14790, Q16236, P05231, O14920, Q9HC97, P05112, P25963, P01375, O15111, P31749, P19320, P35228, P10145, Q04206, P01106, P02778, P08253, P05362, Q16665, P42574, P60568, P22301, P01584	79	946	19104	8.180051917467285	4.3088786739245726E-17	1.3461706096325538E-18	9.833452415354284E-19
GOTERM_BP_FAT	GO:0048585~negative regulation of response to stimulus	42	53.16455696202531	1.6039446793683908E-20	P01583, P29474, P10415, P04637, P36544, P35354, P13500, P42224, P00749, P14780, Q07869, Q96P20, P17706, Q14790, P09211, Q16236, P05231, P05112, P08246, O14746, P25963, P01375, P06400, O96017, P35869, P09917, P31749, P10145, P37231, Q04206, Q07812, P01106, P08575, P05362, Q16665, P08254, P00533, P09601, P60568, P22301, P01584	79	1988	19104	5.108932073453378	6.101405560317359E-17	1.8484247320115123E-18	1.3502297937228455E-18
GOTERM_BP_FAT	GO:2000147~positive regulation of cell motility	28	35.44303797468354	1.72072938594408E-20	Q9NRD8, P29474, P10415, P28482, P35354, P13500, P00749, P14780, P08581, P01579, Q14790, Q16236, P05231, P05112, O14746, P01375, P35968, P31749, P10145, P08575, P02778, P08253, P05362, Q16665, P00533, P09601, P01584	79	651	19104	10.400979991833402	6.54565458413128E-17	1.9246864278662756E-18	1.405937127691957E-18
GOTERM_BP_FAT	GO:1901652~response to peptide	32	40.50632911392405	1.9574452231326562E-20	Q9NRD8, P01583, P10415, P28482, P04637, P11802, P13500, P42224, P01579, Q14790, Q16236, P05231, O14920, Q9HC97, P05112, P25963, P01375, O15111, P31749, P19320, P35228, P10145, Q04206, P01106, P02778, P08253, P05362, Q16665, P42574, P60568, P22301, P01584	79	964	19104	8.027312358842376	7.446121628796624E-17	2.126904052449569E-18	1.5536522371035768E-18
GOTERM_BP_FAT	GO:0051241~negative regulation of multicellular organismal process	36	45.56962025316456	2.3552595883301424E-20	P01583, P29474, P10415, P04637, P36544, P42224, P00749, Q07869, Q96P20, P17706, P01579, P09211, P05231, O14920, P05112, P08246, P25963, P01375, P06400, P31645, P09917, P04626, P37231, Q04206, P01106, P08575, P02778, P08253, Q16665, P00533, P42574, P09601, P60568, P22301, P01584	79	1341	19104	6.49188684054031	8.959407474007861E-17	2.4812859551354434E-18	1.8125196906038026E-18
GOTERM_BP_FAT	GO:0031347~regulation of defense response	32	40.50632911392405	2.414083101236166E-20	P01583, P28482, P35354, P42224, P14780, Q07869, Q96P20, P17706, P01579, Q14790, P09211, Q16236, P05231, O14920, P05112, P08246, P25963, P01375, P06400, P35869, P09917, O15111, P31749, P37231, Q04206, P08575, P08254, P00533, P42574, P60568, P22301, P01584	79	971	19104	7.9694429597570045	9.183172117102376E-17	2.4812859551354434E-18	1.8125196906038026E-18
GOTERM_BP_FAT	GO:0040017~positive regulation of locomotion	28	35.44303797468354	3.339427463302877E-20	Q9NRD8, P29474, P10415, P28482, P35354, P13500, P00749, P14780, P08581, P01579, Q14790, Q16236, P05231, P05112, O14746, P01375, P35968, P31749, P10145, P08575, P02778, P08253, P05362, Q16665, P00533, P09601, P01584	79	668	19104	10.136284393238839	1.2703182070404143E-16	3.3420638534054845E-18	2.441297235014577E-18
KEGG_PATHWAY	hsa05418:Fluid shear stress and atherosclerosis	21	26.582278481012654	3.942756677969902E-20	P01583, P35968, P29474, O15111, P10415, P04637, P31749, P19320, P13500, P14780, Q04206, P09488, P01579, P05362, P08253, P09211, Q16236, P09601, O14920, P01584, P01375	76	142	9375	18.24267976278725	8.910630092211977E-18	2.0238723143116146E-18	8.113320731381363E-19
KEGG_PATHWAY	hsa04933:AGE-RAGE signaling pathway in diabetic complications	19	24.050632911392405	4.4578685337260236E-20	P01583, P24385, P29474, P10415, P28482, P31749, P11802, P19320, P13500, P10145, P42224, Q04206, Q07812, P05362, P08253, P05231, P42574, P01584, P01375	76	101	9375	23.205445544554458	1.0074782886220814E-17	2.0238723143116146E-18	8.113320731381363E-19
GOTERM_BP_FAT	GO:2000026~regulation of multicellular organismal development	38	48.10126582278481	6.371963447315249E-20	P01583, P24385, P29474, P28482, P04637, P36544, P42224, P14780, Q07869, Q96P20, P17706, P01579, Q14790, Q16236, P05231, O14920, P05112, O14746, P25963, P01375, P06400, P35968, P09917, P04626, P31749, P11473, P10145, P37231, Q04206, P01106, P08575, P02778, Q16665, P09601, P60568, P22301, P01584	79	1595	19104	5.76129518669894	2.423894895358721E-16	6.213481279523049E-18	4.538798578626092E-18
GOTERM_BP_FAT	GO:0071396~cellular response to lipid	27	34.177215189873415	6.702600391498961E-20	P01583, P29474, P28482, P11802, Q8TDU6, P13500, P14780, Q07869, Q96P20, P09211, P05231, P25963, P01375, P31645, P35869, P31749, P35228, P11473, P10145, P37231, Q04206, P02778, P08253, P08254, P00533, P22301, P01584	79	616	19104	10.599375308236068	2.5496691889262047E-16	6.3724973222176374E-18	4.6549559718960285E-18
GOTERM_BP_FAT	GO:0051240~positive regulation of multicellular organismal process	40	50.63291139240506	7.333361418830861E-20	P01583, P24385, P29474, P10415, P36544, P35354, P13500, P42224, P00749, Q96P20, P01579, Q14790, Q16236, P05231, P05112, P08246, O14746, P29965, P01375, P06400, P35968, P09917, O15111, P31749, P19320, P38936, P35228, P11473, P10145, P37231, Q04206, P01106, P08575, Q16665, P09601, P01344, P60568, P22301, P01584	79	1829	19104	5.288633894152578	2.7896106837232594E-16	6.802139872149698E-18	4.968799517441983E-18
GOTERM_BP_FAT	GO:0030335~positive regulation of cell migration	27	34.177215189873415	8.869873607315682E-20	P29474, P10415, P28482, P35354, P13500, P00749, P14780, P08581, P01579, Q14790, Q16236, P05231, P05112, O14746, P01375, P35968, P31749, P10145, P08575, P02778, P08253, P05362, Q16665, P00533, P09601, P01584	79	623	19104	10.480281203649145	3.374099920222885E-16	8.03145936395751E-18	5.866787828838801E-18
GOTERM_BP_FAT	GO:1902531~regulation of intracellular signal transduction	43	54.43037974683544	9.281843086698255E-20	P01583, P10415, P28482, P04637, P36544, P35354, Q8TDU6, P42224, P14780, Q07869, Q96P20, P17706, Q14790, P09211, Q16236, P05231, O14920, P08246, P25963, P29965, P01375, O96017, P35968, O15392, O15111, P04626, P31749, P11473, P37231, Q04206, Q07812, P01106, P08575, P08253, P05362, Q16665, P08254, P00533, P09601, P01344, P22301, P01584	79	2212	19104	4.700895003090164	3.530813110180016E-16	8.209034711328713E-18	5.9965023476390126E-18
GOTERM_BP_FAT	GO:0050727~regulation of inflammatory response	25	31.645569620253166	1.1360906331108917E-19	P01583, P28482, P35354, P14780, Q07869, Q96P20, P17706, P01579, P09211, P05231, P05112, P08246, P25963, P01375, P06400, P35869, P09917, P37231, Q04206, P08575, P08254, P42574, P60568, P22301, P01584	79	498	19104	12.139698032636877	4.321688768353832E-16	9.81943790391073E-18	7.172863133595584E-18
GOTERM_BP_FAT	GO:0007165~signal transduction	60	75.9493670886076	2.1949243595340233E-19	O75469, P28482, P04637, P11802, P36544, Q8TDU6, P13500, P42224, P00749, Q07869, P17706, Q16236, Q9HC97, P25963, P29965, O96017, P35968, P37231, Q07812, P01106, P08575, P08253, P00533, P42574, P01344, P22301, P01584, Q9NRD8, P01583, P24385, P27695, P29474, P10415, P14780, P08581, Q96P20, P01579, Q14790, P05231, O14920, P05112, P06400, P01375, P35869, O15392, O15111, P04626, P31749, P38936, P35228, P11473, P10145, Q04206, P02778, P05362, Q16665, P09601, P60568	79	5100	19104	2.8449739389426663	8.349492263667425E-16	1.8549549642906422E-17	1.3549999712856704E-17
GOTERM_BP_FAT	GO:0009967~positive regulation of signal transduction	39	49.36708860759494	2.4671438918062725E-19	P01583, P29474, P28482, P04637, P36544, Q8TDU6, P13500, P00749, P14780, Q96P20, P17706, P01579, Q14790, P05231, O14920, P08246, O14746, P29965, P01375, P35968, O15392, O15111, P04626, P31749, P11473, P37231, Q04206, Q07812, P01106, P08575, P08253, P05362, Q16665, P00533, P09601, P01344, P22301, P01584	79	1775	19104	5.313289356391514	9.385015364431061E-16	2.0396843957694033E-17	1.4899403763995273E-17
KEGG_PATHWAY	hsa05160:Hepatitis C	21	26.582278481012654	2.7125880679523434E-19	P24385, O15111, P04637, P28482, P31749, P11802, P38936, P42224, Q07869, Q04206, Q07812, P01106, P01579, Q14790, P02778, P00533, P42574, O14920, P25963, P06400, P01375	76	156	9375	16.605516194331987	6.130449033572297E-17	1.0262624857086367E-17	4.114091903061054E-18
GOTERM_BP_FAT	GO:0009891~positive regulation of biosynthetic process	47	59.49367088607595	4.969318060195966E-19	P01583, P27695, O75469, P29474, P28482, P04637, P35354, P13500, P42224, P08581, Q07869, Q96P20, P17706, P01579, Q14790, Q16236, P05231, O14920, P05112, P08246, O14746, P25963, P29965, P01375, P06400, P31645, O96017, P35869, O15111, P04626, P31749, P35228, P11473, P10145, P37231, Q04206, P01106, P08575, P02778, Q16665, P00533, P09601, P01344, P60568, P22301, P01584	79	2876	19104	3.9519022552419845	1.8903285900985456E-15	4.0209184218989915E-17	2.937184164090297E-17
GOTERM_BP_FAT	GO:0071222~cellular response to lipopolysaccharide	19	24.050632911392405	5.47876223067564E-19	P01583, P29474, P28482, P31749, P11802, P13500, P35228, P10145, P14780, Q96P20, Q04206, P02778, P09211, P05231, P08254, P25963, P01584, P22301, P01375	79	217	19104	21.173423554803712	2.0841211525490133E-15	4.3407776590123874E-17	3.170833641003527E-17
GOTERM_BP_FAT	GO:0023052~signaling	61	77.21518987341773	8.298750800464038E-19	O75469, P28482, P04637, P11802, P36544, Q8TDU6, P13500, P42224, P00749, Q07869, P17706, Q16236, Q9HC97, P25963, P29965, O96017, P35968, P37231, Q07812, P01106, P08575, P08253, P00533, P42574, P01344, P22301, P01584, Q9NRD8, P01583, P24385, P27695, P29474, P10415, P35354, P14780, P08581, Q96P20, P01579, Q14790, P05231, O14920, P05112, P06400, P01375, P35869, O15392, O15111, P04626, P31749, P38936, P35228, P11473, P10145, Q04206, P02778, P05362, Q16665, P09601, P60568	79	5445	19104	2.709125780242006	3.15684480449652E-15	6.440846794727498E-17	4.704883617079408E-17
GOTERM_BP_FAT	GO:0071345~cellular response to cytokine stimulus	29	36.708860759493675	9.415269403344464E-19	Q9NRD8, P01583, P28482, P04637, P11802, P13500, P42224, P01579, Q16236, P05231, O14920, Q9HC97, P05112, P25963, P01375, O15111, P31749, P19320, P35228, P10145, Q04206, P01106, P02778, P08253, P05362, Q16665, P60568, P22301, P01584	79	841	19104	8.338716717590573	3.581568481032234E-15	7.161253908183799E-17	5.2311236804981845E-17
GOTERM_BP_FAT	GO:0023051~regulation of signaling	53	67.08860759493672	1.1672836934334729E-18	P28482, P04637, P36544, Q8TDU6, P13500, P42224, P00749, Q07869, P17706, P09211, Q16236, P25963, P29965, P08246, O14746, P31645, O96017, P35968, P37231, Q07812, P01106, P08575, P08253, P00533, P08254, P01344, P22301, P01584, P01583, P29474, P10415, P35354, P14780, Q96P20, P01579, Q14790, P05231, O14920, P06400, P01375, O15392, P09917, O15111, P04626, P31749, P35228, P11473, P10145, Q04206, P05362, Q16665, P09601	79	3915	19104	3.2737184150540766	4.440347169820931E-15	8.704274286524504E-17	6.358262941878799E-17
GOTERM_BP_FAT	GO:0010646~regulation of cell communication	53	67.08860759493672	1.2664111026847106E-18	P28482, P04637, P36544, Q8TDU6, P13500, P42224, P00749, Q07869, P17706, P09211, Q16236, P25963, P29965, P08246, O14746, P31645, O96017, P35968, P37231, Q07812, P01106, P08575, P08253, P00533, P08254, P01344, P22301, P01584, P01583, P29474, P10415, P35354, P14780, Q96P20, P01579, Q14790, P05231, O14920, P06400, P01375, O15392, P09917, O15111, P04626, P31749, P35228, P11473, P10145, Q04206, P05362, Q16665, P09601	79	3922	19104	3.267875470407116	4.8174278346126396E-15	9.261848891365297E-17	6.765557775496396E-17
GOTERM_BP_FAT	GO:0040012~regulation of locomotion	33	41.77215189873418	1.3301202139736293E-18	Q9NRD8, P29474, P10415, P28482, P35354, P13500, P00749, P14780, P08581, P17706, P01579, Q14790, P09211, Q16236, P05231, P05112, P08246, O14746, P01375, P35968, P31749, P10145, P37231, P08575, P02778, P08253, P05362, Q16665, P08254, P00533, P09601, P01584	79	1212	19104	6.58428374483018	5.0597772939556855E-15	9.544239950456061E-17	6.971837649846683E-17
GOTERM_BP_FAT	GO:0007154~cell communication	61	77.21518987341773	1.428730351739133E-18	O75469, P28482, P04637, P11802, P36544, Q8TDU6, P13500, P42224, P00749, Q07869, P17706, Q16236, Q9HC97, P25963, P29965, O96017, P35968, P37231, Q07812, P01106, P08575, P08253, P00533, P42574, P01344, P22301, P01584, Q9NRD8, P01583, P24385, P27695, P29474, P10415, P35354, P14780, P08581, Q96P20, P01579, Q14790, P05231, O14920, P05112, P06400, P01375, P35869, O15392, O15111, P04626, P31749, P38936, P35228, P11473, P10145, Q04206, P02778, P05362, Q16665, P09601, P60568	79	5501	19104	2.681546968445323	5.4348902580156624E-15	1.0061965791970227E-16	7.35002392061354E-17
GOTERM_BP_FAT	GO:0009966~regulation of signal transduction	50	63.29113924050633	1.5012549932784179E-18	P28482, P04637, P36544, Q8TDU6, P13500, P42224, P00749, Q07869, P17706, P09211, Q16236, P25963, P29965, P08246, O14746, O96017, P35968, P37231, Q07812, P01106, P08575, P08253, P00533, P08254, P01344, P22301, P01584, P01583, P29474, P10415, P35354, P14780, Q96P20, P01579, Q14790, P05231, O14920, P06400, P01375, O15392, O15111, P04626, P31749, P11473, P10145, Q04206, P05362, Q16665, P09601	79	3427	19104	3.528199369858865	5.7107739944311015E-15	1.038049588988695E-16	7.582702493322627E-17
KEGG_PATHWAY	hsa05164:Influenza A	21	26.582278481012654	2.2085093716434674E-18	P01583, O15111, P28482, P31749, P11802, P13500, P10145, P42224, Q96P20, Q04206, Q07812, P01579, Q14790, P02778, P05362, P05231, P42574, O14920, P25963, P01584, P01375	76	173	9375	14.973760267721328	4.991231179914236E-16	7.16188039090096E-17	2.871062183136508E-17
GOTERM_BP_FAT	GO:2000145~regulation of cell motility	32	40.50632911392405	4.582455454238503E-18	Q9NRD8, P29474, P10415, P28482, P35354, P13500, P00749, P14780, P08581, P01579, Q14790, P09211, Q16236, P05231, P05112, P08246, O14746, P01375, P35968, P31749, P10145, P37231, P08575, P02778, P08253, P05362, Q16665, P08254, P00533, P09601, P01584	79	1166	19104	6.636645895303645	1.7431660547923264E-14	3.059569102956657E-16	2.2349416166220334E-16
GOTERM_BP_FAT	GO:0010557~positive regulation of macromolecule biosynthetic process	45	56.9620253164557	4.5857333386413214E-18	P01583, P27695, O75469, P29474, P04637, P35354, P13500, P42224, P08581, Q07869, Q96P20, P01579, Q14790, Q16236, P05231, O14920, P05112, P08246, O14746, P25963, P29965, P01375, P06400, P31645, O96017, P35869, O15111, P04626, P31749, P35228, P11473, P10145, P37231, Q04206, P01106, P08575, P02778, Q16665, P00533, P09601, P01344, P60568, P22301, P01584	79	2739	19104	3.9729920834084322	1.7444129620191586E-14	3.059569102956657E-16	2.2349416166220334E-16
GOTERM_BP_FAT	GO:0030334~regulation of cell migration	31	39.24050632911392	1.0455678178353556E-17	P29474, P10415, P28482, P35354, P13500, P00749, P14780, P08581, P01579, Q14790, P09211, Q16236, P05231, P05112, P08246, O14746, P01375, P35968, P31749, P10145, P37231, P08575, P02778, P08253, P05362, Q16665, P08254, P00533, P09601, P01584	79	1104	19104	6.79031370390754	3.9773399790456926E-14	6.855680019358375E-16	5.007909306804513E-16
GOTERM_BP_FAT	GO:0002684~positive regulation of immune system process	31	39.24050632911392	1.24359930275075E-17	P01583, P10415, P28482, P13500, Q96P20, P01579, Q14790, P05231, O14920, P05112, P08246, P25963, P29965, P01375, P06400, O15111, P31749, P19320, P38936, P35228, P10145, Q04206, Q07812, P08575, P02778, P05362, P00533, P01344, P60568, P22301, P01584	79	1111	19104	6.7475304492474555	4.730651747663853E-14	8.01594601417136E-16	5.85545570007048E-16
GOTERM_BP_FAT	GO:0010647~positive regulation of cell communication	39	49.36708860759494	1.3556978409408634E-17	P01583, P29474, P28482, P04637, P36544, Q8TDU6, P13500, P00749, P14780, Q96P20, P17706, P01579, Q14790, P05231, O14920, P08246, O14746, P29965, P01375, P35968, O15392, O15111, P04626, P31749, P11473, P37231, Q04206, Q07812, P01106, P08575, P08253, P05362, Q16665, P00533, P09601, P01344, P22301, P01584	79	1997	19104	4.722628246166719	5.1570745869390445E-14	8.592864815163506E-16	6.276881003556198E-16
GOTERM_BP_FAT	GO:0023056~positive regulation of signaling	39	49.36708860759494	1.4021811488549653E-17	P01583, P29474, P28482, P04637, P36544, Q8TDU6, P13500, P00749, P14780, Q96P20, P17706, P01579, Q14790, P05231, O14920, P08246, O14746, P29965, P01375, P35968, O15392, O15111, P04626, P31749, P11473, P37231, Q04206, Q07812, P01106, P08575, P08253, P05362, Q16665, P00533, P09601, P01344, P22301, P01584	79	1999	19104	4.717903255425181	5.3338970902442883E-14	8.741794932943334E-16	6.385670871342776E-16
KEGG_PATHWAY	hsa05161:Hepatitis B	20	25.31645569620253	1.5046511233970693E-17	O15392, O15111, P10415, P04637, P28482, P31749, P38936, P10145, P42224, P14780, Q04206, Q07812, P01106, Q14790, P05231, P42574, O14920, P25963, P06400, P01375	76	163	9375	15.135615111398124	3.4005115388773766E-15	4.2694475626391844E-16	1.7115406528641665E-16
GOTERM_BP_FAT	GO:0010628~positive regulation of gene expression	33	41.77215189873418	1.5303077844936457E-17	P01583, P27695, O75469, P29474, P04637, P35354, P13500, P42224, Q96P20, P01579, Q14790, Q16236, P05231, P05112, P08246, P29965, P01375, P31645, O15111, P04626, P31749, P35228, P11473, P10145, P37231, Q04206, P01106, P08575, Q16665, P09601, P60568, P22301, P01584	79	1318	19104	6.0547434740016515	5.821290812213828E-14	9.386710491015055E-16	6.856766169876368E-16
GOTERM_BP_FAT	GO:0009617~response to bacterium	27	34.177215189873415	1.6496928903893658E-17	Q9NRD8, P01583, O75469, P29474, P28482, P11802, P13500, P14780, Q96P20, Q14790, P09211, P05231, P08246, P25963, P01375, P35869, P31749, P19320, P35228, P10145, Q04206, P02778, P05164, P08254, P42574, P22301, P01584	79	771	19104	8.468502191794316	6.275431755041147E-14	9.958384225636125E-16	7.27436007857406E-16
KEGG_PATHWAY	hsa05167:Kaposi sarcoma-associated herpesvirus infection	21	26.582278481012654	2.6829954654515996E-17	P24385, O15111, P04637, P28482, P31749, P11802, P38936, P35354, P10145, P42224, Q04206, Q07812, P01106, Q14790, P05362, P05231, Q16665, P42574, O14920, P25963, P06400	76	196	9375	13.216635338345865	6.063569751920615E-15	5.946690653737579E-16	2.383915636520351E-16
KEGG_PATHWAY	hsa04668:TNF signaling pathway	18	22.78481012658228	2.7640125277650787E-17	O15111, P28482, P31749, P19320, P35354, P13500, P14780, Q04206, Q14790, P02778, P05362, P05231, P08254, P42574, O14920, P25963, P01584, P01375	76	119	9375	18.658779301194162	6.246668312749078E-15	5.946690653737579E-16	2.383915636520351E-16
KEGG_PATHWAY	hsa05163:Human cytomegalovirus infection	22	27.848101265822784	2.881656263925699E-17	P24385, O15111, P04637, P28482, P31749, P11802, P38936, P35354, P13500, P10145, Q04206, Q07812, P01106, Q14790, P00533, P05231, P42574, O14920, P25963, P01584, P06400, P01375	76	227	9375	11.955135636447949	6.512543156472079E-15	5.946690653737579E-16	2.383915636520351E-16
GOTERM_BP_FAT	GO:0001817~regulation of cytokine production	29	36.708860759493675	3.166548228374856E-17	P01583, P36544, P35354, P42224, Q07869, Q96P20, P01579, Q14790, P09211, P05231, O14920, P05112, P08246, P25963, P29965, P01375, P09917, O15111, P35228, P10145, Q04206, P08575, Q16665, P42574, P09601, P60568, P22301, P01584	79	963	19104	7.282306084624788	1.2045549460737952E-13	1.8816223300796213E-15	1.374479840378961E-15
GOTERM_BP_FAT	GO:0006954~inflammatory response	25	31.645569620253166	3.900052855774562E-17	P01583, P13500, Q96P20, P01579, Q14790, Q16236, P05231, O14920, P05112, P08246, P29965, P01375, P09917, O15111, P31749, P19320, P35228, P10145, Q04206, P02778, Q16665, P42574, P09601, P22301, P01584	79	643	19104	9.402130047050022	1.4835801063366435E-13	2.252841777768771E-15	1.6456467153935434E-15
GOTERM_BP_FAT	GO:0036293~response to decreased oxygen levels	20	25.31645569620253	3.9097438162697575E-17	P31645, P24385, P10415, P04637, P31749, P36544, P19320, P35354, P35228, P37231, P00749, Q07869, P01106, P08253, Q16236, Q16665, P42574, O14746, P01375	79	326	19104	14.83575366933292	1.4872665477090158E-13	2.252841777768771E-15	1.6456467153935434E-15
GOTERM_BP_FAT	GO:0023057~negative regulation of signaling	36	45.56962025316456	4.6677953701039625E-17	P01583, P29474, P10415, P04637, P36544, P35354, P42224, P14780, Q07869, Q96P20, P17706, Q14790, P09211, Q16236, P05231, O14746, P25963, P01375, P06400, P31645, O96017, P31749, P10145, P37231, Q04206, Q07812, P01106, P08575, P05362, Q16665, P08254, P00533, P09601, P22301, P01584	79	1704	19104	5.108932073453379	1.7756293587875473E-13	2.6494963869411E-15	1.935393363902807E-15
GOTERM_BP_FAT	GO:0010648~negative regulation of cell communication	36	45.56962025316456	4.753846301358659E-17	P01583, P29474, P10415, P04637, P36544, P35354, P42224, P14780, Q07869, Q96P20, P17706, Q14790, P09211, Q16236, P05231, O14746, P25963, P01375, P06400, P31645, O96017, P31749, P10145, P37231, Q04206, Q07812, P01106, P08575, P05362, Q16665, P08254, P00533, P09601, P22301, P01584	79	1705	19104	5.105935632354578	1.808363133036834E-13	2.658658453539262E-15	1.9420860331138757E-15
GOTERM_BP_FAT	GO:0009968~negative regulation of signal transduction	35	44.303797468354425	5.0514991034935047E-17	P01583, P29474, P10415, P04637, P36544, P35354, P42224, P14780, Q07869, Q96P20, P17706, Q14790, P09211, Q16236, P05231, O14746, P25963, P01375, P06400, O96017, P31749, P10145, P37231, Q04206, Q07812, P01106, P08575, P05362, Q16665, P08254, P00533, P09601, P22301, P01584	79	1593	19104	5.313118310329209	1.9215902589689292E-13	2.7841813174762028E-15	2.033777465145646E-15
GOTERM_BP_FAT	GO:0002376~immune system process	43	54.43037974683544	5.1452774464124306E-17	P01583, P10415, P28482, P04637, P13500, P42224, Q96P20, P17706, P01579, Q14790, Q16236, P05231, O14920, Q9HC97, P05112, P08246, P25963, P29965, P01375, P06400, P09917, O15111, P04626, P31749, P19320, P35228, P10145, P37231, Q04206, Q07812, P01106, P08575, P02778, P05164, P08253, P05362, Q16665, P08254, P42574, P09601, P60568, P22301, P01584	79	2622	19104	3.965819888190482	1.9572635406152886E-13	2.7953557326723532E-15	2.041940106590533E-15
GOTERM_BP_FAT	GO:0010468~regulation of gene expression	60	75.9493670886076	7.592032275275206E-17	O75469, P28482, P04637, P11802, P36544, P13500, P42224, P00749, Q07869, P17706, P09211, Q16236, P05177, P25963, P29965, P08246, O14746, P31645, O96017, P35968, P37231, P01106, P08575, P00533, P42574, P01344, P22301, P01584, P01583, P24385, P27695, P29474, P10415, P35354, P08581, Q96P20, P01579, Q14790, P05231, O14920, P05112, P06400, P01375, P35869, O15392, P09917, O15111, P04626, P31749, P38936, P35228, P11473, P10145, Q04206, P02778, Q16665, P09601, P60568	79	5709	19104	2.5414901188662804	4.2232883856740955E-13	4.066549118714311E-15	2.9705162902414816E-15
GOTERM_BP_FAT	GO:0045595~regulation of cell differentiation	36	45.56962025316456	8.940376970645857E-17	P24385, P10415, P28482, P04637, P35354, P42224, P14780, Q07869, Q96P20, P17706, P01579, Q14790, Q16236, P05231, O14920, P05112, O14746, P25963, P01375, P06400, P31645, P35968, P09917, P04626, P31749, P11473, P37231, P01106, P08575, P02778, Q16665, P00533, P01344, P60568, P22301, P01584	79	1740	19104	5.0032300305543425	4.2232883856740955E-13	4.722257447134193E-15	3.44949544784086E-15
KEGG_PATHWAY	hsa05215:Prostate cancer	17	21.518987341772153	1.0591897477086204E-16	P24385, O15111, P10415, P04626, P04637, P28482, P31749, P38936, P00749, P14780, Q04206, P00533, P09211, P08254, O14920, P25963, P06400	76	106	9375	19.783391261171797	2.5091040356528538E-14	2.0036339394154737E-15	8.032188920123704E-16
KEGG_PATHWAY	hsa05219:Bladder cancer	13	16.455696202531644	1.7748976192019443E-16	P24385, P04626, P04637, P28482, P03956, P11802, P38936, P10145, P14780, P01106, P08253, P00533, P06400	76	41	9375	39.11264441591784	5.0182080713057076E-14	3.0992443042987794E-15	1.242428333441361E-15
GOTERM_BP_FAT	GO:0051094~positive regulation of developmental process	33	41.77215189873418	1.8802075373689787E-16	P01583, P24385, P29474, P10415, P28482, P36544, P35354, P42224, Q96P20, P01579, Q14790, Q16236, P05231, P05112, O14746, P01375, P06400, P35968, P09917, P31749, P11473, P10145, P37231, Q07812, P01106, P08575, Q16665, P09601, P01344, P60568, P22301, P01584	79	1438	19104	5.549479762680234	8.446576771348191E-13	9.795108581663323E-15	7.155091149056196E-15
GOTERM_BP_FAT	GO:0010556~regulation of macromolecule biosynthetic process	60	75.9493670886076	2.1397628598394999E-16	O75469, P28482, P04637, P11802, P36544, P13500, P42224, P00749, Q07869, P17706, P09211, Q16236, P05177, P25963, P29965, P08246, O14746, P31645, O96017, P35968, P37231, P01106, P08575, P00533, P42574, P01344, P22301, P01584, P01583, P24385, P27695, P29474, P10415, P35354, P08581, Q96P20, P01579, Q14790, P05231, O14920, P05112, P06400, P01375, P35869, O15392, P09917, O15111, P04626, P31749, P38936, P35228, P11473, P10145, Q04206, P02778, Q16665, P09601, P60568	79	5826	19104	2.4904509249240636	8.446576771348191E-13	1.0848185781468458E-14	7.924338706526263E-15
GOTERM_BP_FAT	GO:2001234~negative regulation of apoptotic signaling pathway	18	22.78481012658228	2.1593298126541897E-16	P01583, P29474, P10415, P31749, P35354, P14780, Q04206, Q07812, P05362, P09211, Q16236, Q16665, P09601, O14746, P01584, P22301, P06400, P01375	79	254	19104	17.137047742449916	8.446576771348191E-13	1.0848185781468458E-14	7.924338706526263E-15
GOTERM_BP_FAT	GO:0030155~regulation of cell adhesion	27	34.177215189873415	2.1679256360547008E-16	P01583, P10415, P13500, P00749, Q07869, Q96P20, P17706, P01579, P05231, P05112, P08246, P29965, P01375, P35968, P09917, P04626, P31749, P19320, P10145, Q04206, P08575, P08253, P42574, P01344, P60568, P22301, P01584	79	858	19104	7.609807913605382	8.446576771348191E-13	1.0848185781468458E-14	7.924338706526263E-15
GOTERM_BP_FAT	GO:0070482~response to oxygen levels	20	25.31645569620253	2.1986229866047781E-16	P31645, P24385, P10415, P04637, P31749, P36544, P19320, P35354, P35228, P37231, P00749, Q07869, P01106, P08253, Q16236, Q16665, P42574, O14746, P01375	79	358	19104	13.509652782688638	8.446576771348191E-13	1.0858913270205158E-14	7.932174878945549E-15
GOTERM_BP_FAT	GO:1903037~regulation of leukocyte cell-cell adhesion	21	26.582278481012654	2.3433880193246196E-16	P01583, P09917, P04626, P31749, P19320, P13500, Q96P20, Q07869, Q04206, P17706, P08575, P05231, P42574, P05112, P01344, P60568, P08246, P29965, P01584, P22301, P01375	79	418	19104	12.148991581369994	8.446576771348191E-13	1.142551876601478E-14	8.346066561133068E-15
GOTERM_BP_FAT	GO:0001666~response to hypoxia	19	24.050632911392405	3.4938488537842074E-16	P31645, P24385, P10415, P04637, P36544, P19320, P35354, P35228, P37231, P00749, Q07869, P01106, P08253, Q16236, Q16665, P42574, O14746, P01375	79	312	19104	14.726387536514117	1.2669865157022286E-12	1.6819123026508028E-14	1.2285964703560162E-14
KEGG_PATHWAY	hsa05222:Small cell lung cancer	16	20.253164556962027	3.7473294212250224E-16	P24385, O15111, P10415, P04637, P31749, P11802, P38936, P35354, P35228, Q04206, Q07812, P01106, P42574, O14920, P25963, P06400	76	93	9375	21.222410865874362	7.527312106958561E-14	6.076026990129144E-15	2.4357641237962645E-15
GOTERM_BP_FAT	GO:0050678~regulation of epithelial cell proliferation	21	26.582278481012654	3.853291321313578E-16	P35968, P24385, O15392, P09917, P04626, P31749, P11802, Q8TDU6, P13500, P11473, P37231, P42224, Q07812, P01106, P00533, Q16665, P09601, P01344, P22301, P06400, P01375	79	429	19104	11.837478976719481	1.2669865157022286E-12	1.8317583618694423E-14	1.33805541132614E-14
GOTERM_BP_FAT	GO:0045765~regulation of angiogenesis	20	25.31645569620253	4.2286246644754337E-16	P01583, P35968, P29474, P09917, P04626, P36544, P10145, P37231, P42224, Q04206, P02778, Q16236, P05231, Q16665, P09601, O14746, P01584, P22301, P01375	79	371	19104	13.036268722917876	1.6893153542696382E-12	1.9853653825926018E-14	1.45026164418676E-14
GOTERM_BP_FAT	GO:1901342~regulation of vasculature development	20	25.31645569620253	6.877002634683319E-16	P01583, P35968, P29474, P09917, P04626, P36544, P10145, P37231, P42224, Q04206, P02778, Q16236, P05231, Q16665, P09601, O14746, P01584, P22301, P01375	79	381	19104	12.69410943885179	2.5339730314044573E-12	3.189419636548861E-14	2.329794307213446E-14
GOTERM_BP_FAT	GO:0008285~negative regulation of cell population proliferation	26	32.91139240506329	6.96648985966651E-16	P01583, P29474, P10415, P04637, P13500, P42224, P17706, P01579, P09211, P05231, P01375, P06400, P31645, P09917, P04626, P38936, P11473, P10145, P37231, Q07812, P01106, P42574, P09601, P60568, P22301, P01584	79	808	19104	7.781426243890211	2.5339730314044573E-12	3.191995293531535E-14	2.331675762669104E-14
GOTERM_BP_FAT	GO:0051093~negative regulation of developmental process	29	36.708860759493675	1.0990706110658907E-15	P24385, P29474, P10415, P28482, P04637, P42224, P14780, Q07869, P17706, P01579, Q16236, P05231, P05112, P25963, P01375, P06400, P31645, P09917, P04626, P38936, P37231, Q04206, P01106, P02778, Q16665, P00533, P01344, P60568, P01584	79	1102	19104	6.363757495003331	4.2232883856740955E-12	4.975911349861408E-14	3.6347835208821954E-14
KEGG_PATHWAY	hsa05169:Epstein-Barr virus infection	20	25.31645569620253	1.2537351123226442E-15	P24385, O15111, P10415, P04637, P31749, P11802, P38936, P42224, Q04206, Q07812, P01106, Q14790, P02778, P05362, P05231, P42574, O14920, P25963, P06400, P01375	76	205	9375	12.034659820282412	2.760014439218139E-13	1.8973191366482682E-14	7.605993014757375E-15
GOTERM_BP_FAT	GO:0045944~positive regulation of transcription by RNA polymerase II	31	39.24050632911392	1.2648268255680426E-15	P01583, P27695, O75469, P04637, P42224, P08581, Q07869, Q96P20, P01579, Q16236, P05231, O14920, P05112, P25963, P01375, P06400, P35869, O15111, P31749, P11473, P37231, Q04206, P01106, P02778, Q16665, P00533, P01344, P60568, P22301, P01584	79	1313	19104	5.709448841670924	4.645617224241505E-12	5.658984020747372E-14	4.1337516722682616E-14
GOTERM_BP_FAT	GO:0009719~response to endogenous stimulus	31	39.24050632911392	1.607416501509503E-15	P24385, P29474, P10415, P28482, P04637, P13500, P42224, Q07869, P17706, P09211, Q16236, P05231, P01375, P06400, P35968, O15111, P04626, P31749, P19320, P35228, P11473, P10145, P37231, Q04206, P01106, P08575, P08253, P00533, P42574, P01344, P22301	79	1322	19104	5.670579674064996	5.912603739943734E-12	7.108145296791441E-14	5.1923291176667434E-14
KEGG_PATHWAY	hsa05142:Chagas disease	16	20.253164556962027	1.9465694310808346E-15	O15111, P28482, P31749, P13500, P35228, P10145, Q04206, P01579, Q14790, P05231, O14920, P60568, P25963, P01584, P22301, P01375	76	103	9375	19.161982626469083	4.516387264175137E-13	2.761695380345934E-14	1.1071113639272246E-14
GOTERM_BP_FAT	GO:0006952~defense response	34	43.037974683544306	2.1295481135695913E-15	Q9NRD8, P01583, P10415, P04637, P13500, P42224, Q07869, Q96P20, P01579, Q14790, Q16236, P05231, O14920, P05112, P08246, P29965, P01375, P09917, O15111, P31749, P19320, P35228, P10145, P37231, Q04206, P08575, P02778, P05164, Q16665, P08254, P42574, P09601, P22301, P01584	79	1677	19104	4.902787527456353	8.024247932780781E-12	9.308817788396732E-14	6.799867424708418E-14
GOTERM_BP_FAT	GO:0009314~response to radiation	21	26.582278481012654	2.3911989078631313E-15	O96017, P24385, P10415, P04637, P31749, P03956, P19320, P38936, P14780, Q04206, Q07812, P01106, P02778, P08575, P08253, P00533, Q16665, P08254, P42574, P08246, P01375	79	471	19104	10.781907602999274	9.29123444848301E-12	1.0333783462049419E-13	7.548580188686112E-14
GOTERM_BP_FAT	GO:0009892~negative regulation of metabolic process	47	59.49367088607595	2.4614442854355514E-15	P01583, P24385, P27695, O75469, P10415, P04637, P36544, P42224, P00749, P08581, Q07869, Q96P20, P17706, P01579, P09211, P05231, O14920, P05112, P08246, O14746, P25963, P01375, P06400, P35869, P35968, O15392, O15111, P31749, P38936, P35228, P11473, P10145, P37231, Q04206, P01106, P08575, P08253, Q16665, P08254, P00533, P42574, P09601, P01344, P22301, P01584	79	3547	19104	3.20430529632815	9.29123444848301E-12	1.0517834401698205E-13	7.683024971842653E-14
GOTERM_BP_FAT	GO:0030097~hemopoiesis	25	31.645569620253166	2.6700540547887858E-15	P01583, P10415, P04637, P14780, P17706, P01579, Q14790, Q16236, P05231, P05112, P29965, P01375, P06400, P35968, P04626, P19320, P37231, Q07812, P08575, Q16665, P42574, P09601, P60568, P22301, P01584	79	774	19104	7.810813462859386	1.0135892125617829E-11	1.128246174484639E-13	8.241566849114719E-14
GOTERM_BP_FAT	GO:0009411~response to UV	15	18.9873417721519	3.3042264947911127E-15	P24385, P10415, P04637, P31749, P03956, P38936, P14780, Q04206, Q07812, P01106, P08253, P00533, P08254, P42574, P08246	79	161	19104	22.530073118955894	1.2669865157022286E-11	1.3808761933725934E-13	1.0086968354428255E-13
KEGG_PATHWAY	hsa05162:Measles	17	21.518987341772153	6.53124252796826E-15	P01583, P24385, O15111, P10415, P04637, P31749, P11802, P42224, Q04206, Q07812, Q14790, P05231, P42574, O14920, P60568, P25963, P01584	76	136	9375	15.419407894736842	1.4803713810351837E-12	8.674421185873476E-14	3.477411136187164E-14
KEGG_PATHWAY	hsa05145:Toxoplasmosis	16	20.253164556962027	6.8783956539965886E-15	P09917, O15111, P10415, P28482, P31749, P35228, P42224, Q04206, P01579, Q14790, P42574, O14920, P25963, P29965, P22301, P01375	76	112	9375	17.622180451127818	1.5556445021047693E-12	8.674421185873476E-14	3.477411136187164E-14
GOTERM_BP_FAT	GO:0019221~cytokine-mediated signaling pathway	20	25.31645569620253	6.89459551519987E-15	P01583, Q9NRD8, O15111, P04637, P28482, P31749, P13500, P42224, Q04206, P01579, P02778, P05231, Q9HC97, O14920, P05112, P60568, P25963, P01584, P22301, P01375	79	431	19104	11.22147493318453	2.6184387991179392E-11	2.8500159504679464E-13	2.0818680805679608E-13
GOTERM_BP_FAT	GO:0035094~response to nicotine	11	13.924050632911392	7.91278407833797E-15	P10415, Q07869, Q04206, P28482, P36544, P19320, P08253, P42574, P09601, P01375	79	51	19104	52.1578555472822	2.998534753828608E-11	3.223440808543012E-13	2.354645954807386E-13
GOTERM_BP_FAT	GO:0045893~positive regulation of DNA-templated transcription	34	43.037974683544306	7.969939943572836E-15	P01583, P27695, O75469, P04637, P42224, P08581, Q07869, Q96P20, P01579, Q16236, P05231, O14920, P05112, O14746, P25963, P01375, P06400, O96017, P35869, O15111, P04626, P31749, P11473, P37231, Q04206, P01106, P02778, Q16665, P00533, P01344, P60568, P22301, P01584	79	1754	19104	4.68755683212332	3.040767637685349E-11	3.223440808543012E-13	2.354645954807386E-13
GOTERM_BP_FAT	GO:0065008~regulation of biological quality	45	56.9620253164557	8.052244985842391E-15	Q9NRD8, P24385, P27695, P29474, P10415, P28482, P04637, P36544, P35354, P13500, P42224, P00749, P08581, Q07869, P08684, P01579, Q16236, P05231, P05177, Q9HC97, O14746, P29965, P01375, P31645, O96017, P35968, O15392, P09917, P11712, P04626, P31749, P35228, P11473, P10145, P37231, P23219, Q07812, P08253, Q16665, P42574, P60568, P22301, P01584	79	3321	19104	3.2767315014922302	3.08300052154209E-11	3.223440808543012E-13	2.354645954807386E-13
GOTERM_BP_FAT	GO:1902680~positive regulation of RNA biosynthetic process	34	43.037974683544306	8.313103822762207E-15	P01583, P27695, O75469, P04637, P42224, P08581, Q07869, Q96P20, P01579, Q16236, P05231, O14920, P05112, O14746, P25963, P01375, P06400, O96017, P35869, O15111, P04626, P31749, P11473, P37231, Q04206, P01106, P02778, Q16665, P00533, P01344, P60568, P22301, P01584	79	1756	19104	4.682217929125458	3.1674662892555716E-11	3.2932014414546537E-13	2.4056044187118136E-13
GOTERM_BP_FAT	GO:0048660~regulation of smooth muscle cell proliferation	15	18.9873417721519	9.809203097164407E-15	P29474, P31749, P38936, P37231, P42224, P14780, P01579, P08253, P09211, P05231, P09601, P08246, O14746, P22301, P01375	79	174	19104	20.846791793976433	3.716493779393204E-11	3.8458143689192E-13	2.809274866383786E-13
GOTERM_BP_FAT	GO:0034612~response to tumor necrosis factor	15	18.9873417721519	1.3566370855332262E-14	O15111, P04637, P28482, P31749, P19320, P13500, P10145, P42224, Q04206, Q14790, Q16236, P42574, O14920, P25963, P01375	79	178	19104	20.37832456265112	5.1524118305223965E-11	5.264582486002918E-13	3.845650840419696E-13
GOTERM_BP_FAT	GO:0043068~positive regulation of programmed cell death	22	27.848101265822784	2.057784703026489E-14	O96017, P10415, P04637, P38936, P13500, P11473, P37231, P14780, Q07812, P17706, P01106, P01579, Q14790, P08575, P05362, P08253, P05231, P42574, P09601, P29965, P22301, P01375	79	601	19104	8.852081973082836	7.813083513497077E-11	7.904803258191653E-13	5.774268590916754E-13
GOTERM_BP_FAT	GO:1902533~positive regulation of intracellular signal transduction	29	36.708860759493675	2.1076730347980318E-14	P01583, P04637, P36544, Q8TDU6, Q96P20, P17706, Q14790, P05231, O14920, P08246, P29965, P01375, P35968, O15392, O15111, P04626, P31749, P11473, Q04206, Q07812, P01106, P08575, P08253, P05362, P00533, P09601, P01344, P01584	79	1239	19104	5.660097465289485	8.024247932780781E-11	8.015480551336915E-13	5.855115690668933E-13
KEGG_PATHWAY	hsa05212:Pancreatic cancer	14	17.72151898734177	2.2726471823276533E-14	P24385, O15111, P04626, P04637, P28482, P31749, P11802, P38936, P42224, Q04206, Q07812, P00533, O14920, P06400	76	77	9375	22.428229665071772	5.14366327308835E-12	2.7152153178335647E-13	1.0884783873253498E-13
GOTERM_BP_FAT	GO:0022407~regulation of cell-cell adhesion	21	26.582278481012654	3.344317243458205E-14	P01583, P09917, P04626, P31749, P19320, P13500, Q96P20, Q07869, Q04206, P17706, P08575, P05231, P42574, P05112, P01344, P60568, P08246, P29965, P01584, P22301, P01375	79	541	19104	9.386836378951308	1.2712098040879027E-10	1.2592513343437182E-12	9.198528022105836E-13
GOTERM_BP_FAT	GO:0006915~apoptotic process	28	35.44303797468354	3.901964876962246E-14	P01583, P27695, P10415, P28482, P04637, P14780, P08581, Q96P20, P01579, Q14790, P05231, P01375, P06400, O96017, P35869, O15392, P31749, P38936, P11473, Q07812, P01106, P08575, Q16665, P42574, P09601, P60568, P22301, P01584	79	1165	19104	5.812049763676862	1.4823742233716075E-10	1.4548208261850414E-12	1.062711610607953E-12
GOTERM_BP_FAT	GO:0002521~leukocyte differentiation	20	25.31645569620253	4.135816335721942E-14	P01583, P10415, P04626, P04637, P19320, P37231, P14780, Q07812, P17706, P01579, Q14790, P08575, Q16236, P05231, P05112, P60568, P29965, P01584, P22301, P01375	79	476	19104	10.160621210509522	1.5752865678564376E-10	1.5270397596845187E-12	1.1154658039451995E-12
GOTERM_BP_FAT	GO:1903131~mononuclear cell differentiation	19	24.050632911392405	4.5741516490421724E-14	P01583, P10415, P04626, P04637, P19320, P37231, P14780, Q07812, P17706, P01579, Q14790, P08575, Q16236, P05231, P05112, P60568, P29965, P01584, P22301	79	412	19104	11.152021629593216	1.7399948148977273E-10	1.6726441078180176E-12	1.2218262770229955E-12
GOTERM_BP_FAT	GO:0032103~positive regulation of response to external stimulus	22	27.848101265822784	5.846244820391645E-14	P01583, P35968, O15111, P28482, P35354, P13500, P10145, P00749, P08581, Q96P20, Q04206, P01579, P02778, P00533, P05231, P42574, O14920, P60568, P25963, P01584, P01375	79	634	19104	8.391326917701551	2.2256729792502483E-10	2.117454195423755E-12	1.5467493439093323E-12
GOTERM_BP_FAT	GO:0001818~negative regulation of cytokine production	19	24.050632911392405	6.106831315168083E-14	P01583, P36544, Q96P20, Q07869, Q04206, P01579, P08575, P09211, P05231, P42574, P09601, O14920, P05112, P08246, P25963, P01584, P22301, P01375	79	419	19104	10.965711005709798	2.3228086121207525E-10	2.190969763357002E-12	1.6004506975034844E-12
KEGG_PATHWAY	hsa04625:C-type lectin receptor signaling pathway	15	18.9873417721519	6.402815824102875E-14	O15111, P28482, P31749, P35354, P42224, Q96P20, Q04206, Q14790, P05231, O14920, P60568, P25963, P01584, P22301, P01375	76	105	9375	17.62218045112782	1.4477530285716966E-11	7.267195960356763E-13	2.913281199966808E-13
GOTERM_BP_FAT	GO:0070663~regulation of leukocyte proliferation	17	21.518987341772153	6.576531247040046E-14	P01583, P35869, P10415, P04626, P28482, P19320, P38936, P08575, P09211, P05231, P42574, P05112, P01344, P60568, P29965, P01584, P22301	79	300	19104	13.703291139240507	2.5001867243190645E-10	2.3374344235975046E-12	1.7074396078763785E-12
KEGG_PATHWAY	hsa05166:Human T-cell leukemia virus 1 infection	19	24.050632911392405	9.325752607719672E-14	O96017, P24385, O15111, P04637, P28482, P31749, P11802, P38936, Q04206, Q07812, P01106, P05362, P05231, O14920, P60568, O14746, P25963, P06400, P01375	76	224	9375	10.463169642857144	2.1076473899483972E-11	1.0080694485487456E-12	4.041159463345191E-13
GOTERM_BP_FAT	GO:0006979~response to oxidative stress	19	24.050632911392405	1.029736628606388E-13	Q9NRD8, P29474, O15111, P10415, P04637, P31749, P35354, P42224, P23219, Q04206, P05164, P08253, P09211, Q16236, P05231, Q16665, P08254, P42574, P09601	79	432	19104	10.635724331926863	3.9192116219055606E-10	3.626007776472309E-12	2.6487114391375425E-12
GOTERM_BP_FAT	GO:0043065~positive regulation of apoptotic process	21	26.582278481012654	1.0800969058843901E-13	O96017, P10415, P04637, P13500, P11473, P37231, P14780, Q07812, P17706, P01106, P01579, Q14790, P08575, P05362, P08253, P05231, P42574, P09601, P29965, P22301, P01375	79	576	19104	8.816455696202532	4.109259599260895E-10	3.768448195484712E-12	2.752760738116363E-12
GOTERM_BP_FAT	GO:0012501~programmed cell death	28	35.44303797468354	1.0951465571892365E-13	P01583, P27695, P10415, P28482, P04637, P14780, P08581, Q96P20, P01579, Q14790, P05231, P01375, P06400, O96017, P35869, O15392, P31749, P38936, P11473, Q07812, P01106, P08575, Q16665, P42574, P09601, P60568, P22301, P01584	79	1216	19104	5.568287808127915	4.164162348274658E-10	3.786220324536969E-12	2.7657428507924535E-12
GOTERM_BP_FAT	GO:0008219~cell death	28	35.44303797468354	1.2315482213953946E-13	P01583, P27695, P10415, P28482, P04637, P14780, P08581, Q96P20, P01579, Q14790, P05231, P01375, P06400, O96017, P35869, O15392, P31749, P38936, P11473, Q07812, P01106, P08575, Q16665, P42574, P09601, P60568, P22301, P01584	79	1222	19104	5.540947606124013	4.683626819712572E-10	4.219439536906924E-12	3.0821990621949608E-12
GOTERM_BP_FAT	GO:0071466~cellular response to xenobiotic stimulus	15	18.9873417721519	1.2561352933241886E-13	O96017, P35869, O75469, P11712, P04637, P35228, P33261, P08684, P09488, P01106, P09211, Q16236, P05177, P01584, P06400	79	209	19104	17.355702259099996	4.776539164197402E-10	4.265252250457044E-12	3.1156641471916035E-12
GOTERM_BP_FAT	GO:0051246~regulation of protein metabolic process	32	40.50632911392405	1.4379589224808364E-13	P11926, P10415, P28482, P04637, P36544, P00749, P14780, P17706, P01579, Q14790, Q16236, P05231, P05112, P08246, P01375, P06400, O96017, P35968, P04626, P31749, P38936, P35228, Q04206, P01106, P08575, P08253, Q16665, P00533, P42574, P22301, P01584	79	1688	19104	4.584318195452636	5.469158459447954E-10	4.8394316656589566E-12	3.5350883952670473E-12
GOTERM_BP_FAT	GO:2001141~regulation of RNA biosynthetic process	44	55.69620253164557	1.6805203819898038E-13	P01583, P24385, P27695, O75469, P28482, P04637, P11802, P42224, P08581, Q07869, Q96P20, P17706, P01579, P09211, Q16236, P05231, O14920, P05112, P08246, O14746, P25963, P01375, P06400, O96017, P35869, O15392, O15111, P04626, P31749, P11473, P10145, P37231, Q04206, P01106, P08575, P02778, Q16665, P00533, P09601, P01344, P60568, P22301, P01584	79	3436	19104	3.096682925391609	6.394058615910581E-10	5.606157028690548E-12	4.0951628255856795E-12
GOTERM_BP_FAT	GO:0045785~positive regulation of cell adhesion	20	25.31645569620253	1.7480726345209892E-13	P01583, P35968, P09917, P04626, P31749, P19320, P13500, Q96P20, Q04206, P01579, P08575, P05231, P05112, P01344, P60568, P08246, P29965, P01584, P22301, P01375	79	516	19104	9.372976155431264	6.6516792074367E-10	5.780800199202889E-12	4.222735459738529E-12
GOTERM_BP_FAT	GO:1902532~negative regulation of intracellular signal transduction	24	30.37974683544304	1.9033275544956794E-13	O96017, P10415, P31749, P36544, P35354, P37231, P42224, P14780, Q96P20, Q07869, Q04206, P17706, P01106, Q14790, P08575, P09211, Q16236, Q16665, P08254, P25963, P01584, P22301, P01375	79	847	19104	6.852121411384933	7.2387162930454E-10	6.239960939437128E-12	4.558141333093963E-12
KEGG_PATHWAY	hsa05225:Hepatocellular carcinoma	17	21.518987341772153	2.2719427580871807E-13	P24385, P04637, P28482, P31749, P11802, P38936, P08581, Q07812, P09488, P01106, P00533, P09211, Q16236, P09601, P01344, O14746, P06400	76	170	9375	12.335526315789473	5.133626856945739E-11	2.3442318458445E-12	9.39758140845152E-13
GOTERM_BP_FAT	GO:0035556~intracellular signal transduction	33	41.77215189873418	3.0858066588310667E-13	P24385, O75469, P29474, P10415, P28482, P04637, Q07869, Q96P20, Q16236, O14920, P25963, P01375, P06400, O96017, P35869, O15392, O15111, P04626, P31749, P38936, P35228, P11473, P10145, P37231, Q04206, Q07812, P01106, P08575, Q16665, P00533, P42574, P09601, P01584	79	1863	19104	4.283495383110132	1.1736518423788311E-9	1.003019036199534E-11	7.326812733532226E-12
GOTERM_BP_FAT	GO:0045937~positive regulation of phosphate metabolic process	17	21.518987341772153	3.1347954866411784E-13	P35968, P04626, P28482, P31749, P36544, P38936, P14780, Q07869, P01579, P08575, P00533, P05231, Q16665, P05112, P08246, P22301, P01375	79	332	19104	12.382491993289614	1.1926566401143646E-9	1.0103073928556273E-11	7.380052425329824E-12
GOTERM_BP_FAT	GO:0051254~positive regulation of RNA metabolic process	34	43.037974683544306	3.265415683291096E-13	P01583, P27695, O75469, P04637, P42224, P08581, Q07869, Q96P20, P01579, Q16236, P05231, O14920, P05112, O14746, P25963, P01375, P06400, O96017, P35869, O15111, P04626, P31749, P11473, P37231, Q04206, P01106, P02778, Q16665, P00533, P01344, P60568, P22301, P01584	79	1997	19104	4.117163086401755	1.2420691142267515E-9	1.0435609952568099E-11	7.622961990069465E-12
GOTERM_BP_FAT	GO:1900015~regulation of cytokine production involved in inflammatory response	12	15.18987341772152	3.3443971679422815E-13	P09917, Q07869, Q04206, P36544, P05231, Q16665, P09601, O14920, P35228, P25963, P01375	79	102	19104	28.44973938942666	1.2720544617650376E-9	1.059895202473708E-11	7.74227944378638E-12
GOTERM_BP_FAT	GO:0010562~positive regulation of phosphorus metabolic process	17	21.518987341772153	3.437431085997613E-13	P35968, P04626, P28482, P31749, P36544, P38936, P14780, Q07869, P01579, P08575, P00533, P05231, Q16665, P05112, P08246, P22301, P01375	79	334	19104	12.30834533464716	1.3075300842047E-9	1.0803760677726382E-11	7.89188723710857E-12
GOTERM_MF_FAT	GO:0019899~enzyme binding	37	46.835443037974684	3.704997214279249E-13	P24385, P10415, P28482, P04637, P35354, P42224, P08581, Q07869, P17706, P33261, P08684, Q14790, P09211, Q16236, P05177, O14920, P08246, P25963, P01375, P06400, P31645, O96017, P35869, O15392, P04626, P31749, P38936, P37231, Q04206, P09488, P01106, P08575, Q16665, P00533, P42574, P09601	79	2193	17305	3.695792712139315	2.0932200417433933E-10	2.0933234260677757E-10	1.7746936656397602E-10
GOTERM_BP_FAT	GO:0008283~cell population proliferation	23	29.11392405063291	4.682811695594047E-13	P11926, P35968, P24385, P10415, P04626, P04637, P28482, P31749, P38936, P42224, Q07812, P01106, P08575, P00533, P09211, P05231, Q16665, P09601, P60568, P29965, P22301, P06400, P01375	79	793	19104	7.013775599789295	1.7813830410773335E-9	1.459732203142964E-11	1.0662992533082181E-11
GOTERM_BP_FAT	GO:0006357~regulation of transcription by RNA polymerase II	39	49.36708860759494	4.804824419144234E-13	P01583, P24385, P27695, O75469, P28482, P04637, P11802, P42224, P08581, Q07869, Q96P20, P17706, P01579, P09211, Q16236, P05231, O14920, P05112, P08246, P25963, P01375, P06400, P35869, O15111, P31749, P11473, P37231, Q04206, P01106, P08575, P02778, Q16665, P00533, P09601, P01344, P60568, P22301, P01584	79	2736	19104	3.447035309793471	1.8278392133197485E-9	1.485589208618335E-11	1.085187173689649E-11
GOTERM_BP_FAT	GO:0045596~negative regulation of cell differentiation	23	29.11392405063291	5.177939033392071E-13	P31645, P24385, P04626, P04637, P28482, P37231, P42224, P14780, Q07869, P17706, P01106, P01579, P02778, P00533, Q16236, P05231, P05112, P01344, P60568, P25963, P01584, P06400, P01375	79	797	19104	6.97857471848546	1.969741703078398E-9	1.588040495483068E-11	1.1600253737712235E-11
GOTERM_BP_FAT	GO:0032102~negative regulation of response to external stimulus	19	24.050632911392405	5.338049527856529E-13	P01583, P35869, P29474, P09917, P13500, P37231, P00749, Q96P20, Q07869, P17706, P08575, P09211, P05112, P60568, P08246, P01584, P22301, P06400, P01375	79	476	19104	9.652590149984045	2.030557055832105E-9	1.6240481883550703E-11	1.1863281270708351E-11
GOTERM_BP_FAT	GO:0022409~positive regulation of cell-cell adhesion	17	21.518987341772153	5.646057832463656E-13	P01583, P09917, P31749, P19320, P13500, Q96P20, Q04206, P08575, P05231, P05112, P01344, P60568, P08246, P29965, P01584, P22301, P01375	79	345	19104	11.915905338470006	2.147964472953845E-9	1.704123645782483E-11	1.2448213221098442E-11
GOTERM_BP_FAT	GO:0001934~positive regulation of protein phosphorylation	15	18.9873417721519	6.280488076288464E-13	P35968, P04626, P28482, P31749, P36544, P38936, P14780, P01579, P08575, P00533, P05231, P05112, P08246, P22301, P01375	79	235	19104	15.435496902774037	2.389114239775836E-9	1.880684736545278E-11	1.373794950860579E-11
KEGG_PATHWAY	hsa05220:Chronic myeloid leukemia	13	16.455696202531644	6.695826889768653E-13	P24385, O15111, P04637, P28482, P31749, P11802, P38936, Q04206, Q07812, P01106, O14920, P25963, P06400	76	77	9375	20.82621326042379	1.513240643902236E-10	6.6084900172934105E-12	2.64921846508238E-12
GOTERM_BP_FAT	GO:1903039~positive regulation of leukocyte cell-cell adhesion	16	20.253164556962027	6.758805706031856E-13	P01583, P09917, P31749, P19320, P13500, Q96P20, Q04206, P08575, P05231, P05112, P01344, P60568, P08246, P29965, P01584, P01375	79	290	19104	13.341946748144915	2.5711379691983893E-9	2.0081045390655585E-11	1.4668720508872263E-11
GOTERM_BP_FAT	GO:0001819~positive regulation of cytokine production	20	25.31645569620253	6.989884480628717E-13	P01583, O15111, P35354, P35228, P42224, Q96P20, Q04206, P01579, Q14790, P08575, P05231, Q16665, P09601, P05112, P60568, P08246, P29965, P01584, P22301, P01375	79	558	19104	8.667483326527835	2.6589823676204105E-9	2.0606612930101558E-11	1.5052634951307423E-11
GOTERM_BP_FAT	GO:0033554~cellular response to stress	32	40.50632911392405	7.548231300443658E-13	P01583, P24385, P27695, P29474, P10415, P28482, P04637, P35354, Q07869, Q96P20, Q16236, P05231, O14920, O14746, P25963, P01375, O96017, P31749, P38936, P10145, P37231, Q04206, Q07812, P09488, P01106, P02778, P05164, P08253, Q16665, P08254, P42574, P09601	79	1796	19104	4.308646499957712	2.8714137734198175E-9	2.2081479719682486E-11	1.612998965587114E-11
GOTERM_BP_FAT	GO:0010558~negative regulation of macromolecule biosynthetic process	40	50.63291139240506	7.745162097515928E-13	P01583, P24385, P27695, O75469, P04637, P36544, P42224, P00749, Q07869, Q96P20, P17706, P01579, P09211, P05231, O14920, P05112, P08246, O14746, P25963, P01375, P06400, P35869, P35968, O15392, P31749, P38936, P35228, P11473, P10145, P37231, Q04206, P01106, P08575, Q16665, P42574, P09601, P01344, P22301, P01584	79	2932	19104	3.299083012416461	2.946165977846249E-9	2.2484619432712273E-11	1.642447351671698E-11
GOTERM_BP_FAT	GO:0006355~regulation of DNA-templated transcription	43	54.43037974683544	8.27767213256305E-13	P01583, P24385, P27695, O75469, P28482, P04637, P11802, P42224, P08581, Q07869, Q96P20, P17706, P01579, P09211, Q16236, P05231, O14920, P05112, P08246, O14746, P25963, P01375, P06400, O96017, P35869, O15392, O15111, P04626, P31749, P11473, P37231, Q04206, P01106, P08575, P02778, Q16665, P00533, P09601, P01344, P60568, P22301, P01584	79	3424	19104	3.0369099727907254	3.1488838203586056E-9	2.3848475091013092E-11	1.7420737260803147E-11
GOTERM_BP_FAT	GO:1901699~cellular response to nitrogen compound	21	26.582278481012654	8.522377500934907E-13	P31645, P35869, P04637, P28482, P31749, P36544, P19320, P37231, P42224, Q96P20, Q04206, P17706, P05362, P09211, Q16236, P08254, P42574, P01344, P06400, P01375	79	644	19104	7.885525591634561	3.2417961648434357E-9	2.436887341056801E-11	1.7800875712479077E-11
GOTERM_BP_FAT	GO:0050728~negative regulation of inflammatory response	15	18.9873417721519	8.859742637064044E-13	P01583, P35869, P09917, P37231, Q96P20, Q07869, P17706, P08575, P09211, P05112, P60568, P08246, P01584, P22301, P06400	79	241	19104	15.051210672829455	3.370184131767928E-9	2.5144478543846686E-11	1.8367436601316352E-11
GOTERM_BP_FAT	GO:1902893~regulation of miRNA transcription	11	13.924050632911392	1.0544803000943183E-12	P37231, Q07869, Q04206, P04637, P01106, P05231, Q16665, P00533, O14746, P22301, P01375	79	81	19104	32.840131270511016	4.011279308713256E-9	2.9705100601916244E-11	2.1698861286385307E-11
GOTERM_BP_FAT	GO:0019219~regulation of nucleobase-containing compound metabolic process	47	59.49367088607595	1.3071970592595012E-12	P01583, P24385, P27695, O75469, P28482, P04637, P11802, P42224, P08581, Q07869, Q96P20, P17706, P01579, P09211, Q16236, P05231, O14920, P05112, P08246, O14746, P25963, P01375, P06400, O96017, P35869, O15392, O15111, P04626, P31749, P38936, P11473, P10145, P37231, Q04206, Q07812, P01106, P08575, P02778, Q16665, P00533, P42574, P09601, P01344, P60568, P22301, P01584	79	4174	19104	2.7229685879434475	4.97249974529268E-9	3.6553458943852084E-11	2.670142228399187E-11
GOTERM_BP_FAT	GO:0071356~cellular response to tumor necrosis factor	13	16.455696202531644	1.4494545407052044E-12	O15111, P04637, P28482, P31749, P19320, P13500, P10145, P42224, Q04206, Q16236, O14920, P25963, P01375	79	155	19104	20.281910984075132	5.513925316336099E-9	4.0235588454758336E-11	2.939112929984714E-11
GOTERM_BP_FAT	GO:0010605~negative regulation of macromolecule metabolic process	42	53.16455696202531	1.5285284126307941E-12	P01583, P24385, P27695, O75469, P04637, P36544, P42224, P00749, Q07869, Q96P20, P17706, P01579, P09211, P05231, O14920, P05112, P08246, O14746, P25963, P01375, P06400, P35869, P35968, O15392, P31749, P38936, P35228, P11473, P10145, P37231, Q04206, P01106, P08575, P08253, Q16665, P00533, P42574, P09601, P01344, P22301, P01584	79	3318	19104	3.061047908988944	5.814623449396095E-9	4.2123141690108044E-11	3.0769941523828594E-11
GOTERM_BP_FAT	GO:0009890~negative regulation of biosynthetic process	40	50.63291139240506	2.013178342526252E-12	P01583, P24385, P27695, O75469, P04637, P36544, P42224, P00749, Q07869, Q96P20, P17706, P01579, P09211, P05231, O14920, P05112, P08246, O14746, P25963, P01375, P06400, P35869, P35968, O15392, P31749, P38936, P35228, P11473, P10145, P37231, Q04206, P01106, P08575, Q16665, P42574, P09601, P01344, P22301, P01584	79	3020	19104	3.202950792187107	7.658088829742837E-9	5.507998011962112E-11	4.0234600255668544E-11
GOTERM_BP_FAT	GO:0042327~positive regulation of phosphorylation	15	18.9873417721519	2.2375217895999096E-12	P35968, P04626, P28482, P31749, P36544, P38936, P14780, P01579, P08575, P00533, P05231, P05112, P08246, P22301, P01375	79	258	19104	14.059464233146896	8.511615412487572E-9	6.078068118463183E-11	4.439882522506106E-11
GOTERM_BP_FAT	GO:0051128~regulation of cellular component organization	38	48.10126582278481	2.3794325324090357E-12	P01583, P10415, P28482, P04637, P36544, Q8TDU6, P13500, P00749, P14780, Q07869, P01579, Q16236, P05231, O14920, P05112, P08246, P01375, P06400, O96017, P35968, O15392, P04626, P31749, P03956, P38936, P37231, Q07812, P01106, P08575, P02778, P05362, P08254, P00533, P01344, P60568, P22301, P01584	79	2724	19104	3.3734456030781246	9.051351668176721E-9	6.417717674291888E-11	4.687988351086739E-11
GOTERM_BP_FAT	GO:0050670~regulation of lymphocyte proliferation	15	18.9873417721519	2.4842631032496513E-12	P01583, P35869, P10415, P04626, P19320, P38936, P08575, P05231, P42574, P05112, P01344, P60568, P29965, P01584, P22301	79	260	19104	13.951314508276534	9.450030091784356E-9	6.653276465956636E-11	4.8600583808644587E-11
GOTERM_BP_FAT	GO:0048732~gland development	18	22.78481012658228	2.53725833376664E-12	Q9NRD8, P24385, P10415, P28482, P31749, P11473, P08581, Q07869, Q04206, Q07812, P08253, P00533, P05231, Q16665, P01344, P22301, P01375	79	449	19104	9.694454624904852	9.651903276619578E-9	6.747687722597575E-11	4.929023532310298E-11
GOTERM_BP_FAT	GO:0009725~response to hormone	23	29.11392405063291	2.8188843648360016E-12	P24385, P29474, O15111, P10415, P28482, P31749, P35228, P11473, P37231, P42224, Q07869, Q04206, P17706, P08575, P08253, P09211, Q16236, P05231, P42574, P01344, P22301, P06400, P01375	79	868	19104	6.407746602111649	1.0722929100204226E-8	7.444595305188412E-11	5.4380977538294536E-11
GOTERM_BP_FAT	GO:0010629~negative regulation of gene expression	31	39.24050632911392	2.86924524473365E-12	P01583, P04637, P36544, P00749, Q07869, Q96P20, P01579, P09211, P05231, O14920, P05112, P08246, O14746, P25963, P01375, P06400, P35968, P31749, P38936, P35228, P10145, P37231, Q04206, P01106, P08575, Q16665, P42574, P09601, P22301, P01584	79	1760	19104	4.259378596087457	1.091466639291383E-8	7.525337700497979E-11	5.4970781309448826E-11
GOTERM_BP_FAT	GO:0032944~regulation of mononuclear cell proliferation	15	18.9873417721519	3.054271275184924E-12	P01583, P35869, P10415, P04626, P19320, P38936, P08575, P05231, P42574, P05112, P01344, P60568, P29965, P01584, P22301	79	264	19104	13.739930955120828	1.1618266237967134E-8	7.955749081868675E-11	5.8114832893587116E-11
GOTERM_BP_FAT	GO:0051174~regulation of phosphorus metabolic process	20	25.31645569620253	3.1504585848818484E-12	P35968, P04626, P04637, P28482, P31749, P36544, P38936, P14780, Q07869, P17706, P01579, P08575, P00533, P05231, Q16665, P05112, P08246, P22301, P06400, P01375	79	608	19104	7.954696868754164	1.1984425341005078E-8	8.150472107690932E-11	5.953723774695085E-11
GOTERM_BP_FAT	GO:0009636~response to toxic substance	15	18.9873417721519	3.214434712309022E-12	P31645, Q9NRD8, P35869, Q9UNQ0, P29474, O15111, P10415, P35354, P23219, Q07812, P09488, P05164, P09211, Q16236, P01375	79	265	19104	13.68808215906377	1.2227686752019906E-8	8.259794061426493E-11	6.03358083161788E-11
GOTERM_BP_FAT	GO:0050865~regulation of cell activation	21	26.582278481012654	3.2608423382525678E-12	P01583, P35869, P29474, P10415, P04626, P31749, P19320, P38936, P13500, Q96P20, P17706, P08575, P05231, P42574, P05112, P01344, P60568, P29965, P01584, P22301, P01375	79	693	19104	7.327963176064441	1.2404220206541083E-8	8.322807659311755E-11	6.07961074876888E-11
GOTERM_BP_FAT	GO:1902895~positive regulation of miRNA transcription	10	12.658227848101266	3.3388862836933217E-12	P37231, Q04206, P04637, P01106, P05231, Q16665, P00533, O14746, P22301, P01375	79	62	19104	39.00367496937526	1.2701117380053972E-8	8.465189691257134E-11	6.183617397400032E-11
KEGG_PATHWAY	hsa05205:Proteoglycans in cancer	17	21.518987341772153	3.875795367503988E-12	P35968, P24385, P04626, P04637, P28482, P31749, P38936, P00749, P14780, P08581, P01106, P08253, P00533, Q16665, P42574, P01344, P01375	76	204	9375	10.279605263157894	8.759282188464113E-10	3.665856451764189E-11	1.4695724101785956E-11
GOTERM_BP_FAT	GO:0001932~regulation of protein phosphorylation	17	21.518987341772153	4.244659754342708E-12	P35968, P04626, P28482, P31749, P36544, P38936, P14780, P17706, P01579, P08575, P00533, P05231, P05112, P08246, P22301, P06400, P01375	79	394	19104	10.433978024802416	1.61464760450869E-8	1.0690358308453854E-10	7.809049534810625E-11
GOTERM_BP_FAT	GO:2001236~regulation of extrinsic apoptotic signaling pathway	13	16.455696202531644	4.353429829047834E-12	P01583, P29474, P10415, P31749, Q04206, P08575, P05362, P09211, P09601, O14746, P29965, P01584, P01375	79	170	19104	18.49233060312733	1.656035830688296E-8	1.0885889948575321E-10	7.95188069343735E-11
GOTERM_BP_FAT	GO:0048468~cell development	36	45.56962025316456	4.379545522303508E-12	P01583, P10415, P28482, P04637, P36544, P14780, P08581, P17706, P01579, Q14790, P09211, Q16236, P05231, P05112, P29965, P01375, P06400, P35968, P04626, P31749, P19320, P37231, Q07812, P08575, P08253, P05362, Q16665, P00533, P42574, P09601, P01344, P60568, P22301, P01584	79	2478	19104	3.513163943972783	1.6659605583946302E-8	1.0885889948575321E-10	7.95188069343735E-11
KEGG_PATHWAY	hsa05144:Malaria	11	13.924050632911392	4.594801830518261E-12	P08581, P01579, P19320, P05362, P05231, P13500, P29965, P01584, P22301, P01375, P10145	76	50	9375	27.138157894736842	1.03841779619529E-9	4.1720800621105807E-11	1.672507866308647E-11
GOTERM_BP_FAT	GO:0043523~regulation of neuron apoptotic process	15	18.9873417721519	5.04533572838161E-12	P35968, P24385, O15392, P10415, P04637, P31749, P13500, Q07812, Q14790, P08253, Q16665, P42574, O14746, P22301, P01375	79	274	19104	13.238473620992332	1.9192311517812755E-8	1.2459358295477443E-10	9.101261463275397E-11
GOTERM_BP_FAT	GO:0002694~regulation of leukocyte activation	20	25.31645569620253	5.691427297301723E-12	P01583, P35869, P10415, P04626, P31749, P19320, P38936, P13500, Q96P20, P17706, P08575, P05231, P42574, P05112, P01344, P60568, P29965, P01584, P22301, P01375	79	629	19104	7.689118753899097	2.1650265358275078E-8	1.3964192265573195E-10	1.020050647219625E-10
GOTERM_BP_FAT	GO:2000628~regulation of miRNA metabolic process	11	13.924050632911392	6.031356284240795E-12	P37231, Q07869, Q04206, P04637, P01106, P05231, Q16665, P00533, O14746, P22301, P01375	79	96	19104	27.708860759493668	2.2943436261968486E-8	1.4703364069851118E-10	1.0740453690782646E-10
GOTERM_BP_FAT	GO:0051249~regulation of lymphocyte activation	19	24.050632911392405	7.188335070303442E-12	P01583, P35869, P10415, P04626, P31749, P19320, P38936, P13500, Q96P20, P17706, P08575, P05231, P42574, P05112, P01344, P60568, P29965, P01584, P22301	79	556	19104	8.26372825790001	2.734452497765716E-8	1.741225367666496E-10	1.2719232372804434E-10
GOTERM_BP_FAT	GO:0050776~regulation of immune response	25	31.645569620253166	7.2678162302425615E-12	P10415, P28482, Q96P20, P17706, P01579, Q14790, Q16236, P05231, O14920, P05112, P08246, P25963, P01375, P35869, O15111, P31749, P35228, P37231, Q04206, Q07812, P08575, P00533, P60568, P22301, P01584	79	1115	19104	5.422035533859341	2.7646912426071424E-8	1.7493357673172444E-10	1.2778476890894833E-10
GOTERM_MF_FAT	GO:0042802~identical protein binding	36	45.56962025316456	7.7111591644703E-12	P11926, P10415, P28482, P04637, P36544, P35354, P42224, P14780, P08581, Q96P20, Q14790, P05231, O14920, O14746, P25963, P01375, P06400, P31645, O96017, P35869, P35968, O15392, Q9UNQ0, O15111, P04626, P31749, P35228, P37231, Q04206, Q07812, P09488, P01106, P00533, P09601	79	2290	17305	3.4435907357249462	4.356808247507615E-9	2.17840246396286E-9	1.846822619890637E-9
KEGG_PATHWAY	hsa05168:Herpes simplex virus 1 infection	16	20.253164556962027	8.264997778178898E-12	O15111, P10415, P04637, P31749, P13500, P42224, Q04206, Q07812, P01579, Q14790, P05231, P42574, O14920, P25963, P01584, P01375	76	180	9375	10.964912280701755	1.8678774083014105E-9	7.215978829410038E-11	2.8927492223626143E-11
GOTERM_BP_FAT	GO:0009416~response to light stimulus	16	20.253164556962027	8.86986870481299E-12	P24385, P10415, P04637, P31749, P03956, P38936, P14780, Q04206, Q07812, P01106, P08253, P00533, Q16665, P08254, P42574, P08246	79	347	19104	11.150330135337247	3.374111734455454E-8	2.121516395245522E-10	1.549716683142798E-10
KEGG_PATHWAY	hsa05152:Tuberculosis	16	20.253164556962027	8.956991980345692E-12	P01583, P10415, P28482, P31749, P35228, P11473, P42224, Q04206, Q07812, P01579, Q14790, P05231, P42574, P01584, P22301, P01375	76	181	9375	10.904332654841523	2.024269862843653E-9	7.530508072364711E-11	3.0188380378202146E-11
GOTERM_BP_FAT	GO:0051252~regulation of RNA metabolic process	44	55.69620253164557	8.968737657513449E-12	P01583, P24385, P27695, O75469, P28482, P04637, P11802, P42224, P08581, Q07869, Q96P20, P17706, P01579, P09211, Q16236, P05231, O14920, P05112, P08246, O14746, P25963, P01375, P06400, O96017, P35869, O15392, O15111, P04626, P31749, P11473, P10145, P37231, Q04206, P01106, P08575, P02778, Q16665, P00533, P09601, P01344, P60568, P22301, P01584	79	3846	19104	2.766563320760678	3.411699001087953E-8	2.131756831970228E-10	1.5571970757857727E-10
KEGG_PATHWAY	hsa05207:Chemical carcinogenesis - receptor activation	17	21.518987341772153	9.991176027895746E-12	P35869, P24385, O15392, P10415, P28482, P31749, P36544, P11473, Q07869, Q04206, P08684, P09488, P01106, P00533, P05177, P06400	76	217	9375	9.663776376424934	2.2580179948050727E-9	8.05379540523279E-11	3.2286140170757E-11
KEGG_PATHWAY	hsa04660:T cell receptor signaling pathway	14	17.72151898734177	1.0288989724746737E-11	O15111, P28482, P31749, P11802, Q04206, P01579, P08575, O14920, P05112, P60568, P25963, P29965, P22301, P01375	76	122	9375	14.155522001725625	2.3253121650412822E-9	8.05379540523279E-11	3.2286140170757E-11
GOTERM_BP_FAT	GO:0009894~regulation of catabolic process	26	32.91139240506329	1.1201694130857725E-11	P11926, P27695, P10415, P04637, P08581, Q07869, P01579, Q16236, P05231, O14920, P05112, P01375, O96017, P35968, O15111, P31749, P35228, Q04206, Q07812, Q16665, P00533, P42574, P09601, P22301, P01584	79	1248	19104	5.037974683544303	4.2611289607918934E-8	2.6459653900404925E-10	1.9328140556225318E-10
GOTERM_BP_FAT	GO:0001775~cell activation	22	27.848101265822784	1.1652032543816945E-11	P31645, P10415, P04626, P04637, P19320, P10145, Q07812, P17706, P01106, P01579, Q14790, P02778, P08575, P05362, Q16236, P05231, P05112, P60568, P29965, P01584, P22301, P01375	79	836	19104	6.363757495003331	4.4324255266126045E-8	2.7185693106831803E-10	1.9858494728051211E-10
GOTERM_BP_FAT	GO:0051247~positive regulation of protein metabolic process	22	27.848101265822784	1.1652032543816945E-11	P35968, P04626, P28482, P31749, P36544, P38936, P14780, Q04206, P01106, P01579, Q14790, P08575, P00533, Q16236, P05231, P42574, P05112, P08246, P01584, P22301, P01375	79	836	19104	6.363757495003331	4.4324255266126045E-8	2.7185693106831803E-10	1.9858494728051211E-10
GOTERM_BP_FAT	GO:0000302~response to reactive oxygen species	13	16.455696202531644	1.1827188220552743E-11	P29474, P10415, P42224, Q04206, P05164, P08253, P09211, Q16236, P05231, Q16665, P08254, P42574, P09601	79	185	19104	16.992952446117002	4.499069017338542E-8	2.742609561144029E-10	2.0034102973594827E-10
GOTERM_BP_FAT	GO:2000630~positive regulation of miRNA metabolic process	10	12.658227848101266	1.1903056332979601E-11	P37231, Q04206, P04637, P01106, P05231, Q16665, P00533, O14746, P22301, P01375	79	71	19104	34.059547156355855	4.527914077012696E-8	2.7434741354134195E-10	2.0040418480616564E-10
KEGG_PATHWAY	hsa01524:Platinum drug resistance	12	15.18987341772152	1.3095317253260812E-11	O15392, P10415, P04626, P04637, P28482, Q07812, P31749, P09488, Q14790, P38936, P09211, P42574	76	75	9375	19.736842105263158	2.959538392133254E-9	9.908790054967348E-11	3.972246233489113E-11
GOTERM_MF_FAT	GO:0140677~molecular function activator activity	28	35.44303797468354	1.414413458124177E-11	P11926, P01583, P24385, P04637, P13500, P00749, P08581, Q96P20, P01579, Q14790, P05231, P05112, P29965, P01375, P31749, P38936, P10145, P01106, P02778, P05362, Q16665, P00533, P42574, P01344, P60568, P22301, P01584	79	1355	17305	4.526507543556448	7.991433625953448E-9	2.6638120128005335E-9	2.2583468214716024E-9
KEGG_PATHWAY	hsa01522:Endocrine resistance	13	16.455696202531644	1.4675653137824187E-11	P24385, P10415, P04626, P04637, P28482, P31749, P11802, P38936, P14780, Q07812, P08253, P00533, P06400	76	99	9375	16.198165869218503	3.316709351608438E-9	1.0746365362213194E-10	4.308014308200003E-11
GOTERM_BP_FAT	GO:0150077~regulation of neuroinflammatory response	9	11.39240506329114	1.477486137827202E-11	P14780, P28482, P08575, P05231, P08254, P35354, P05112, P01584, P01375	79	47	19104	46.30649070832211	5.620352028223863E-8	3.3848673386487046E-10	2.47256415113492E-10
GOTERM_BP_FAT	GO:2001237~negative regulation of extrinsic apoptotic signaling pathway	11	13.924050632911392	1.498081739088755E-11	P01583, P29474, P10415, Q04206, P31749, P05362, P09211, P09601, O14746, P01584, P01375	79	105	19104	25.333815551537068	5.698694016675887E-8	3.411499912427865E-10	2.4920186055021324E-10
GOTERM_BP_FAT	GO:0051049~regulation of transport	30	37.9746835443038	1.7004035247219058E-11	P01583, P29474, P10415, P28482, P36544, P13500, P14780, Q07869, P01579, Q16236, P05231, Q9HC97, P05112, O14746, P25963, P01375, P31645, O15392, P09917, P31749, P35228, P37231, Q07812, P08575, P02778, P05164, Q16665, P42574, P01584	79	1757	19104	4.129017384350483	6.468346047672213E-8	3.8491872645936953E-10	2.811738685522294E-10
GOTERM_BP_FAT	GO:0032879~regulation of localization	33	41.77215189873418	1.7727341936523036E-11	P01583, P29474, P10415, P28482, P36544, P13500, P14780, Q07869, P17706, P01579, Q16236, P05231, Q9HC97, P05112, O14746, P25963, P01375, P31645, O15392, P09917, P04626, P31749, P35228, P37231, Q07812, P08575, P02778, P05164, Q16665, P00533, P42574, P01584	79	2164	19104	3.6876857203023	6.74349327489665E-8	3.9891764132897695E-10	2.9139973905124847E-10
KEGG_PATHWAY	hsa05140:Leishmaniasis	12	15.18987341772152	2.0406411378280787E-11	P01583, P42224, Q04206, P28482, P01579, P35354, P35228, P05112, P25963, P01584, P22301, P01375	76	78	9375	18.977732793522268	4.611858672731728E-9	1.4475798071467934E-10	5.803073235698599E-11
GOTERM_BP_FAT	GO:0042325~regulation of phosphorylation	17	21.518987341772153	2.2244337999292527E-11	P35968, P04626, P28482, P31749, P36544, P38936, P14780, P17706, P01579, P08575, P00533, P05231, P05112, P08246, P22301, P06400, P01375	79	440	19104	9.343153049482163	8.461738021381393E-8	4.976189259488793E-10	3.634986527178508E-10
GOTERM_BP_FAT	GO:0035295~tube development	23	29.11392405063291	2.2426936073520006E-11	P35968, P29474, P10415, P28482, P31749, P13500, P11473, P10145, P42224, P08581, Q07812, P01106, Q14790, P08253, P00533, Q16236, Q16665, P42574, P05177, P09601, P06400, P01375	79	965	19104	5.76365186594084	8.531211104223502E-8	4.987698122081671E-10	3.6433934743999166E-10
GOTERM_BP_FAT	GO:0070141~response to UV-A	7	8.860759493670885	2.951740744519061E-11	P24385, P14780, P03956, P31749, P08253, P00533, P08254	79	16	19104	105.79746835443038	1.1228413965280737E-7	6.526436076398831E-10	4.767404528066252E-10
KEGG_PATHWAY	hsa04064:NF-kappa B signaling pathway	13	16.455696202531644	2.984198714976551E-11	O15111, P10415, P19320, P35354, P10145, P00749, Q04206, P05362, O14920, P25963, P29965, P01584, P01375	76	105	9375	15.272556390977444	6.744296010552375E-9	2.0527669948475064E-10	8.229154032208065E-11
GOTERM_BP_FAT	GO:0016477~cell migration	23	29.11392405063291	3.272568023864226E-11	P35968, P29474, P09917, P10415, P31749, P19320, P13500, P10145, P00749, P14780, Q07812, P02778, P08575, P05362, P08253, P00533, P05231, Q16665, Q9HC97, P08246, P01584, P22301, P01375	79	984	19104	5.6523618400740965	1.2448859698643844E-7	7.19397467904951E-10	5.255025416355387E-10
KEGG_PATHWAY	hsa04151:PI3K-Akt signaling pathway	20	25.31645569620253	3.488095689241161E-11	P35968, P24385, P29474, O15111, P10415, P04626, P04637, P28482, P31749, P11802, P38936, P08581, Q04206, P01106, P00533, P05231, O14920, P05112, P01344, P60568	76	362	9375	6.815207909275952	7.883103059214136E-9	2.328816827816893E-10	9.335785521204284E-11
GOTERM_MF_FAT	GO:0005126~cytokine receptor binding	15	18.9873417721519	3.599071225186611E-11	P01583, P13500, P10145, P42224, P01579, Q14790, P02778, P05231, P42574, P05112, P60568, P29965, P01584, P22301, P01375	79	288	17305	11.408887130801688	2.0334782524500383E-8	5.083688105576088E-9	4.3098877921609665E-9
GOTERM_BP_FAT	GO:0002696~positive regulation of leukocyte activation	16	20.253164556962027	3.719776379701904E-11	P01583, P10415, P31749, P19320, P38936, P13500, Q96P20, P08575, P05231, P05112, P01344, P60568, P29965, P01584, P22301, P01375	79	384	19104	10.075949367088608	1.415004227123262E-7	8.130062972417438E-10	5.938815392420626E-10
GOTERM_BP_FAT	GO:0045321~leukocyte activation	20	25.31645569620253	3.877389418991551E-11	P10415, P04626, P04637, P19320, P10145, Q07812, P17706, P01106, P01579, Q14790, P08575, P05362, Q16236, P05231, P05112, P60568, P29965, P01584, P22301, P01375	79	703	19104	6.879737832436034	1.4749580201645074E-7	8.426121120242783E-10	6.155078746262017E-10
KEGG_PATHWAY	hsa05171:Coronavirus disease - COVID-19	17	21.518987341772153	4.059868880870857E-11	O15111, P28482, P03956, P13500, P10145, P42224, Q96P20, Q04206, P02778, P00533, P05231, P08254, O14920, P60568, P25963, P01584, P01375	76	238	9375	8.81109022556391	9.175291637575356E-9	2.6331149598790985E-10	1.0555659090264229E-10
KEGG_PATHWAY	hsa04620:Toll-like receptor signaling pathway	13	16.455696202531644	4.6729216850488336E-11	O15111, P28482, P31749, P10145, P42224, Q04206, Q14790, P02778, P05231, O14920, P25963, P01584, P01375	76	109	9375	14.712095605987445	1.0560793795022505E-8	2.8669006013677977E-10	1.1492861441606591E-10
KEGG_PATHWAY	hsa04659:Th17 cell differentiation	13	16.455696202531644	4.6729216850488336E-11	P35869, O15111, P28482, P42224, Q04206, P01579, P05231, Q16665, O14920, P05112, P60568, P25963, P01584	76	109	9375	14.712095605987445	1.0560793795022505E-8	2.8669006013677977E-10	1.1492861441606591E-10
GOTERM_BP_FAT	GO:0060284~regulation of cell development	22	27.848101265822784	4.8145795279666216E-11	P10415, P04626, P04637, P31749, P37231, P42224, Q96P20, P17706, P01106, P01579, Q14790, P08575, P05231, Q16665, O14920, P05112, P60568, P25963, P01584, P22301, P06400, P01375	79	902	19104	5.898116702686014	1.8314668503993659E-7	1.0403321559577877E-9	7.599376095847315E-10
KEGG_PATHWAY	hsa05135:Yersinia infection	14	17.72151898734177	5.004410656793717E-11	O15111, P28482, P31749, P13500, P10145, Q96P20, Q04206, P05231, O14920, P60568, P25963, P01584, P22301, P01375	76	138	9375	12.514302059496567	1.1309961966965432E-8	2.989476892347826E-10	1.1984246572848113E-10
KEGG_PATHWAY	hsa04066:HIF-1 signaling pathway	13	16.455696202531644	5.2123441191288934E-11	P29474, P10415, P04626, P28482, P31749, P38936, P35228, Q04206, P01579, P00533, P05231, Q16665, P09601	76	110	9375	14.578349282296651	1.1779892061802855E-8	3.0338515770314327E-10	1.216213627796742E-10
KEGG_PATHWAY	hsa05132:Salmonella infection	17	21.518987341772153	7.540841433172212E-11	O15111, P10415, P28482, P31749, P10145, Q96P20, Q04206, Q07812, P01106, Q14790, P08575, P05231, P42574, O14920, P25963, P01584, P01375	76	248	9375	8.455804329371817	1.7042311228898654E-8	4.2794275133252305E-10	1.7155414260466783E-10
GOTERM_BP_FAT	GO:0050867~positive regulation of cell activation	16	20.253164556962027	7.852947026448647E-11	P01583, P10415, P31749, P19320, P38936, P13500, Q96P20, P08575, P05231, P05112, P01344, P60568, P29965, P01584, P22301, P01375	79	405	19104	9.553492733239567	2.9872623508175877E-7	1.6872744373776386E-9	1.2325133807612623E-9
GOTERM_BP_FAT	GO:0050778~positive regulation of immune response	20	25.31645569620253	8.097887769438115E-11	O15111, P10415, P28482, P31749, P35228, Q96P20, Q04206, Q07812, P01579, P08575, P00533, P05231, O14920, P05112, P60568, P08246, P25963, P01584, P22301, P01375	79	734	19104	6.589176697823612	3.080436511426754E-7	1.7301273700659074E-9	1.2638164170505104E-9
GOTERM_BP_FAT	GO:0031348~negative regulation of defense response	15	18.9873417721519	9.333360930471527E-11	P01583, P35869, P09917, P37231, Q96P20, Q07869, P17706, P08575, P09211, P05112, P60568, P08246, P01584, P22301, P06400	79	341	19104	10.637365900738708	3.5504081097315066E-7	1.9829481351163807E-9	1.4484959030642402E-9
GOTERM_BP_FAT	GO:0062013~positive regulation of small molecule metabolic process	12	15.18987341772152	1.0545806492539865E-10	P37231, Q07869, P28482, P17706, P31749, P01579, Q16665, P35354, P01344, P05112, P01584, P01375	79	172	19104	16.871357079776274	4.0116248134491883E-7	2.2280945606182835E-9	1.6275694686819858E-9
GOTERM_BP_FAT	GO:0071214~cellular response to abiotic stimulus	15	18.9873417721519	1.2199566864869297E-10	O96017, P04637, P03956, P38936, P35354, P14780, Q96P20, Q07812, P01106, Q14790, P08253, P08254, P42574, P01584, P01375	79	348	19104	10.423395896988216	4.6407129095094035E-7	2.549173230060326E-9	1.8621097115718082E-9
GOTERM_BP_FAT	GO:0104004~cellular response to environmental stimulus	15	18.9873417721519	1.2199566864869297E-10	O96017, P04637, P03956, P38936, P35354, P14780, Q96P20, Q07812, P01106, Q14790, P08253, P08254, P42574, P01584, P01375	79	348	19104	10.423395896988216	4.6407129095094035E-7	2.549173230060326E-9	1.8621097115718082E-9
GOTERM_BP_FAT	GO:0051251~positive regulation of lymphocyte activation	15	18.9873417721519	1.2669169470529859E-10	P01583, P10415, P31749, P19320, P38936, P13500, Q96P20, P08575, P05231, P05112, P01344, P60568, P29965, P01584, P22301	79	349	19104	10.393529433099998	4.819349477269697E-7	2.632833415105194E-9	1.923221463886992E-9
GOTERM_BP_FAT	GO:0031399~regulation of protein modification process	19	24.050632911392405	1.3532601401406706E-10	P35968, P04626, P28482, P31749, P36544, P38936, P14780, Q04206, P17706, P01579, P08575, P00533, P05231, Q16665, P05112, P08246, P22301, P06400, P01375	79	665	19104	6.909222423146475	5.147798675109172E-7	2.7969827787798755E-9	2.0431286246254255E-9
GOTERM_BP_FAT	GO:0050863~regulation of T cell activation	16	20.253164556962027	1.4409248073707058E-10	P01583, P04626, P31749, P19320, P13500, Q96P20, P17706, P08575, P05231, P42574, P05112, P01344, P60568, P29965, P01584, P22301	79	423	19104	9.146961127569801	5.481277794983086E-7	2.9620740769896183E-9	2.163723845878822E-9
GOTERM_BP_FAT	GO:0097190~apoptotic signaling pathway	15	18.9873417721519	1.6448999120249306E-10	P01583, O96017, P27695, P10415, P04637, P38936, Q07812, P01106, P01579, Q14790, P08575, P42574, P60568, P01584, P01375	79	356	19104	10.18916228132556	6.257196775161233E-7	3.363201271736995E-9	2.456737610540461E-9
GOTERM_BP_FAT	GO:0009615~response to virus	16	20.253164556962027	1.6968802621897034E-10	Q9NRD8, P11926, O15111, P10415, P42224, Q96P20, Q07869, Q04206, Q07812, P01579, P02778, P08575, P05231, Q16665, O14920, P01375	79	428	19104	9.040104105051462	6.454931011923293E-7	3.4509281481857977E-9	2.520819983081816E-9
GOTERM_BP_FAT	GO:0042592~homeostatic process	28	35.44303797468354	1.8233543657320764E-10	P01583, P27695, O75469, P29474, P10415, P36544, Q8TDU6, P13500, P17706, P09211, Q16236, P05231, P08246, P06400, P35968, P09917, P31749, P35228, P11473, P37231, Q07812, P01106, P05362, Q16665, P42574, P09601, P01584	79	1672	19104	4.049663860456666	6.936039256277837E-7	3.6884131132335566E-9	2.694297036172185E-9
KEGG_PATHWAY	hsa05223:Non-small cell lung cancer	11	13.924050632911392	2.4018819251256367E-10	P24385, P08581, P04626, P04637, P28482, Q07812, P11802, P31749, P38936, P00533, P06400	76	73	9375	18.587779379956743	5.428253235795211E-8	1.3298224317159011E-9	5.33100622405934E-10
GOTERM_BP_FAT	GO:0048661~positive regulation of smooth muscle cell proliferation	10	12.658227848101266	2.5252579521904874E-10	P42224, P14780, P31749, P08253, P05231, P09601, P08246, O14746, P22301, P01375	79	99	19104	24.426543920214808	9.606075984658347E-7	5.081246556709218E-9	3.7117283551244305E-9
GOTERM_BP_FAT	GO:0070665~positive regulation of leukocyte proliferation	12	15.18987341772152	2.5884676974170755E-10	P01583, P10415, P28482, P19320, P08575, P05231, P38936, P01344, P05112, P60568, P29965, P01584	79	187	19104	15.518039666959995	9.84652445246148E-7	5.181022449093231E-9	3.784612243907703E-9
GOTERM_MF_FAT	GO:0098772~molecular function regulator activity	36	45.56962025316456	2.7348381911924417E-10	P11926, P01583, P24385, P10415, P04637, P11802, P36544, P13500, P00749, P08581, Q96P20, P01579, Q14790, P09211, P05231, P05112, P25963, P29965, P01375, O15392, P31749, P38936, P10145, P01106, P08575, P02778, P05362, Q16665, P00533, P42574, P01344, P60568, P22301, P01584	79	2596	17305	3.037682120496967	1.54518330131026E-7	3.090367156047459E-8	2.619974987162359E-8
GOTERM_BP_FAT	GO:2000351~regulation of endothelial cell apoptotic process	9	11.39240506329114	3.243031736651106E-10	P35968, P05362, Q16236, P13500, P05112, O14746, P29965, P22301, P01375	79	68	19104	32.00595681310499	1.2336483834474166E-6	6.457198792923642E-9	4.716828358333389E-9
GOTERM_BP_FAT	GO:0031401~positive regulation of protein modification process	15	18.9873417721519	3.732598509517398E-10	P35968, P04626, P28482, P31749, P36544, P38936, P14780, P01579, P08575, P00533, P05231, P05112, P08246, P22301, P01375	79	379	19104	9.570822617815036	1.4198795280639942E-6	7.393266735257638E-9	5.400603468457985E-9
GOTERM_BP_FAT	GO:0045766~positive regulation of angiogenesis	12	15.18987341772152	4.0491401693640567E-10	P01583, P35968, P29474, P36544, Q16665, Q16236, P09601, O14746, P01584, P22301, P10145	79	195	19104	14.881402142161635	1.5402916366813457E-6	7.978694333726169E-9	5.828244243778938E-9
GOTERM_BP_FAT	GO:0042759~long-chain fatty acid biosynthetic process	8	10.126582278481013	4.113356332622344E-10	P09917, P11712, P23219, P08684, P09488, P09211, P35354, P05177	79	43	19104	44.99028554607006	1.5647195211743181E-6	8.063450584001429E-9	5.8901566453736454E-9
GOTERM_BP_FAT	GO:0010212~response to ionizing radiation	11	13.924050632911392	4.5983040466980795E-10	O96017, P24385, P10415, P04637, Q07812, P19320, P02778, P08575, P38936, P42574, P01375	79	148	19104	17.973315087239136	1.749193296873841E-6	8.967871943380922E-9	6.5508146880652635E-9
GOTERM_BP_FAT	GO:0043408~regulation of MAPK cascade	19	24.050632911392405	4.6533301314988077E-10	P01583, P35968, P04626, P28482, P36544, Q8TDU6, P37231, P17706, P01106, P08575, P05362, P00533, P09211, P05231, P01344, P08246, P01584, P01375	79	718	19104	6.399210182997779	1.7701251442403532E-6	9.028884943923452E-9	6.595383216991677E-9
KEGG_PATHWAY	hsa05133:Pertussis	11	13.924050632911392	4.71236808194121E-10	P01583, Q96P20, Q04206, P28482, P05231, P42574, P35228, P01584, P22301, P01375, P10145	76	78	9375	17.39625506072875	1.0649951731611651E-7	2.546922749049178E-9	1.0210130844205953E-9
GOTERM_BP_FAT	GO:1904018~positive regulation of vasculature development	12	15.18987341772152	5.026856452788831E-10	P01583, P35968, P29474, P36544, Q16665, Q16236, P09601, O14746, P01584, P22301, P10145	79	199	19104	14.58227848101266	1.912214464216966E-6	9.655118732300972E-9	7.052831932246148E-9
GOTERM_BP_FAT	GO:0042129~regulation of T cell proliferation	12	15.18987341772152	5.026856452788831E-10	P01583, P04626, P19320, P08575, P05231, P42574, P01344, P05112, P60568, P29965, P01584, P22301	79	199	19104	14.58227848101266	1.912214464216966E-6	9.655118732300972E-9	7.052831932246148E-9
GOTERM_BP_FAT	GO:2001242~regulation of intrinsic apoptotic signaling pathway	12	15.18987341772152	6.21150395228473E-10	P14780, P10415, P04637, Q07812, P17706, P31749, P01106, P08253, Q16665, Q16236, P35354, P22301	79	203	19104	14.294942944440981	2.36285315347029E-6	1.187052740228082E-8	8.671134663038685E-9
GOTERM_BP_FAT	GO:0022603~regulation of anatomical structure morphogenesis	21	26.582278481012654	6.407378138825256E-10	P01583, P35968, P29474, P09917, P04626, P36544, P13500, P10145, P37231, P42224, Q04206, P02778, Q16236, P05231, Q16665, P09601, O14746, P01584, P22301, P01375	79	932	19104	5.448796653447058	2.437363606944132E-6	1.2183629530976224E-8	8.89984823482828E-9
GOTERM_BP_FAT	GO:0050900~leukocyte migration	13	16.455696202531644	6.700699369883521E-10	P09917, P19320, P13500, P10145, P02778, P05362, P08253, P05231, Q9HC97, P08246, P01584, P22301, P01375	79	262	19104	11.998840467678036	2.5489426079827737E-6	1.2677989902321905E-8	9.260966591809165E-9
KEGG_PATHWAY	hsa05165:Human papillomavirus infection	18	22.78481012658228	6.920143686087846E-10	P24385, O15111, P04637, P28482, P31749, P11802, P38936, P35354, P42224, Q04206, Q07812, Q14790, P00533, P42574, O14920, O14746, P06400, P01375	76	333	9375	6.667852062588904	1.5639522743526868E-7	3.5877533492693253E-9	1.4382623558744873E-9
KEGG_PATHWAY	hsa04210:Apoptosis	13	16.455696202531644	6.954235566865652E-10	O15392, O15111, P10415, P04637, P28482, P31749, Q04206, Q07812, Q14790, P42574, O14920, P25963, P01375	76	137	9375	11.705243949289281	1.5716572299151466E-7	3.5877533492693253E-9	1.4382623558744873E-9
GOTERM_BP_FAT	GO:0032642~regulation of chemokine production	10	12.658227848101266	7.088508324224103E-10	P01579, P05231, Q16665, P09211, P09601, P08246, P01584, P22301, P01375, P10145	79	111	19104	21.785836469380776	2.6964650631233766E-6	1.3345345127239733E-8	9.748453527076515E-9
GOTERM_BP_FAT	GO:0050671~positive regulation of lymphocyte proliferation	11	13.924050632911392	7.238303220983526E-10	P01583, P10415, P19320, P08575, P05231, P38936, P01344, P05112, P60568, P29965, P01584	79	155	19104	17.161616986525114	2.7534467818002284E-6	1.3560230122857317E-8	9.905421846252334E-9
GOTERM_BP_FAT	GO:0009611~response to wounding	16	20.253164556962027	7.585045328934464E-10	P01583, P31645, P35968, P10415, P04626, P38936, P00749, Q07869, Q07812, P08253, P05231, Q16665, P42574, P09601, P29965, P01375	79	477	19104	8.11145609426001	2.885346885861395E-6	1.4140160483302826E-8	1.0329047021460755E-8
GOTERM_BP_FAT	GO:0007346~regulation of mitotic cell cycle	17	21.518987341772153	7.698085118811541E-10	P01583, O96017, P24385, O15392, P10415, P04637, P31749, P11802, P38936, P13500, P00533, P01344, O14746, P01584, P22301, P06400, P01375	79	560	19104	7.341048824593129	2.9283474386465613E-6	1.4280886686263557E-8	1.0431844126857786E-8
GOTERM_MF_FAT	GO:0046983~protein dimerization activity	24	30.37974683544304	7.829649564038015E-10	P11926, O96017, P35869, O15392, Q9UNQ0, O15111, P10415, P04626, P04637, P31749, P36544, P35354, P35228, P42224, Q04206, Q07812, P09488, P01106, Q16665, P09601, O14920, O14746, P22301	79	1159	17305	4.535992398510283	4.4237507934585807E-7	7.372920006135798E-8	6.250670235290349E-8
GOTERM_BP_FAT	GO:0031667~response to nutrient levels	17	21.518987341772153	8.105462461844219E-10	P31645, P24385, P10415, P04637, P28482, P31749, P19320, P38936, P11473, P37231, P42224, Q07869, P02778, P05164, P09211, Q16236, P01375	79	562	19104	7.314924095679986	3.0833133606300578E-6	1.4963628030288136E-8	1.0930570251943322E-8
GOTERM_BP_FAT	GO:0032946~positive regulation of mononuclear cell proliferation	11	13.924050632911392	8.2066516763785E-10	P01583, P10415, P19320, P08575, P05231, P38936, P01344, P05112, P60568, P29965, P01584	79	157	19104	16.942997661856	3.121805558614632E-6	1.507724460157847E-8	1.1013564423661581E-8
GOTERM_BP_FAT	GO:0009895~negative regulation of catabolic process	15	18.9873417721519	1.2115794177850483E-9	O15111, P10415, P04637, P31749, P35228, P08581, Q07869, Q04206, P00533, P09601, O14920, P01584, P22301, P01375	79	415	19104	8.74058258349855	4.608837390618348E-6	2.2152098681906435E-8	1.6181575108686846E-8
GOTERM_BP_FAT	GO:0071347~cellular response to interleukin-1	9	11.39240506329114	1.222883541179411E-9	P01583, Q04206, P08253, Q16665, O14920, P13500, P25963, P01584, P10145	79	80	19104	27.205063291139243	4.6518382915694545E-6	2.2251799555527748E-8	1.6254404198068915E-8
KEGG_PATHWAY	hsa04936:Alcoholic liver disease	13	16.455696202531644	1.2405901287395175E-9	P24385, O15111, P31749, P10145, Q07869, Q04206, Q14790, P05231, P42574, O14920, P25963, P01584, P01375	76	144	9375	11.13623903508772	2.803733178957657E-7	6.258087982752677E-9	2.50874892700658E-9
GOTERM_MF_FAT	GO:0005102~signaling receptor binding	26	32.91139240506329	1.2419089384271102E-9	P01583, P04637, P13500, P42224, P17706, P01579, Q14790, P05231, O14920, P05112, P29965, P01375, P31645, P35968, O15111, P04626, P19320, P10145, P08575, P02778, P05362, P42574, P01344, P60568, P22301, P01584	79	1412	17305	4.033510237745186	7.016782879176731E-7	1.0023979288733103E-7	8.498205450094083E-8
KEGG_PATHWAY	hsa05210:Colorectal cancer	11	13.924050632911392	1.41505620739276E-9	P24385, O15392, P10415, P04637, P28482, Q07812, P31749, P01106, P38936, P00533, P42574	76	87	9375	15.596642468239565	3.1980264647568646E-7	6.98299476256862E-9	2.7993503233204598E-9
GOTERM_BP_FAT	GO:0043122~regulation of canonical NF-kappaB signal transduction	14	17.72151898734177	1.4770681659663117E-9	P01583, O15111, P36544, P42224, Q04206, Q14790, P09211, P09601, O14920, P25963, P29965, P01584, P01375	79	348	19104	9.728502837189001	5.618751402480804E-6	2.674900111985659E-8	1.953950173835435E-8
GOTERM_BP_FAT	GO:0071887~leukocyte apoptotic process	8	10.126582278481013	1.6583964689630193E-9	O96017, P10415, P04637, Q07812, P31749, P01106, P05231, P42574	79	52	19104	37.20350535540409	6.308520088871283E-6	2.9890434935859537E-8	2.1834243558195583E-8
GOTERM_MF_FAT	GO:0020037~heme binding	11	13.924050632911392	1.8532198247991726E-9	Q9NRD8, P29474, P11712, P23219, P33261, P08684, P05164, P35354, P05177, P09601, P35228	79	155	17305	15.545528787260105	1.0470686396812923E-6	1.3088365012644155E-7	1.1096153700985046E-7
KEGG_PATHWAY	hsa05226:Gastric cancer	13	16.455696202531644	1.987975714529776E-9	P24385, P10415, P04626, P04637, P28482, P31749, P38936, P08581, Q07812, P01106, P00533, O14746, P06400	76	150	9375	10.69078947368421	4.4928240161556943E-7	9.601499727622535E-9	3.849059362174673E-9
KEGG_PATHWAY	hsa05321:Inflammatory bowel disease	10	12.658227848101266	2.105703604713234E-9	P01583, P42224, Q04206, P01579, P05231, P05112, P60568, P01584, P22301, P01375	76	66	9375	18.690191387559807	4.7588890350613866E-7	9.958223297289669E-9	3.992063083935506E-9
GOTERM_BP_FAT	GO:0072359~circulatory system development	21	26.582278481012654	2.1642186243234694E-9	P35869, P35968, P29474, P04626, P04637, P28482, P31749, P19320, P38936, P13500, P10145, P37231, Q07869, Q07812, Q14790, P08253, Q16665, P42574, P09601, O14746, P06400	79	1000	19104	5.078278481012657	8.23265360683223E-6	3.8823223718406386E-8	2.8359430841370745E-8
GOTERM_BP_FAT	GO:0050679~positive regulation of epithelial cell proliferation	12	15.18987341772152	2.219102648785314E-9	P24385, P35968, P04626, P31749, P01106, Q16665, P00533, Q8TDU6, P09601, P01344, P22301, P01375	79	229	19104	12.671936321928031	8.441430972672137E-6	3.962087968699788E-8	2.8942099334861982E-8
KEGG_PATHWAY	hsa04621:NOD-like receptor signaling pathway	14	17.72151898734177	2.2398017242155757E-9	O15111, P10415, P28482, P13500, P10145, P42224, Q96P20, Q04206, Q14790, P05231, O14920, P25963, P01584, P01375	76	187	9375	9.23515339150014	5.061950515417024E-7	1.0376224314223177E-8	4.159631773543212E-9
GOTERM_BP_FAT	GO:0006935~chemotaxis	14	17.72151898734177	2.3013555528821026E-9	P09917, P28482, P19320, P13500, P10145, P00749, P08581, P02778, P08253, P05231, Q9HC97, P01584, P22301	79	361	19104	9.37816894000491	8.75431820512862E-6	4.089745405425531E-8	2.987460619582468E-8
GOTERM_BP_FAT	GO:0042330~taxis	14	17.72151898734177	2.4599414376660184E-9	P09917, P28482, P19320, P13500, P10145, P00749, P08581, P02778, P08253, P05231, Q9HC97, P01584, P22301	79	363	19104	9.326498587718381	9.357573591439738E-6	4.331091336779568E-8	3.163758015664907E-8
GOTERM_BP_FAT	GO:0045787~positive regulation of cell cycle	14	17.72151898734177	2.4599414376660184E-9	P01583, P31645, O96017, P24385, O15392, P31749, P11802, P00533, P01344, O14746, P01584, P22301, P06400, P01375	79	363	19104	9.326498587718381	9.357573591439738E-6	4.331091336779568E-8	3.163758015664907E-8
GOTERM_BP_FAT	GO:0071495~cellular response to endogenous stimulus	21	26.582278481012654	3.303479985340975E-9	P35968, P04626, P04637, P28482, P31749, P19320, P13500, P11473, P10145, P37231, P42224, Q07869, Q04206, P17706, P00533, P09211, Q16236, P42574, P01344, P22301, P06400	79	1025	19104	4.954418030256251	1.2566358732479799E-5	5.789462849885589E-8	4.229063317639276E-8
KEGG_PATHWAY	hsa04218:Cellular senescence	13	16.455696202531644	3.35723916911926E-9	P01583, O96017, P24385, P04637, P28482, P31749, P11802, P38936, P10145, Q04206, P01106, P05231, P06400	76	157	9375	10.214130070398928	7.587357621074986E-7	1.4943005713530826E-8	5.990367929212797E-9
KEGG_PATHWAY	hsa04932:Non-alcoholic fatty liver disease	13	16.455696202531644	3.35723916911926E-9	P01583, P31749, P10145, P37231, Q07869, Q04206, Q07812, Q14790, P05231, P42574, O14920, P01584, P01375	76	157	9375	10.214130070398928	7.587357621074986E-7	1.4943005713530826E-8	5.990367929212797E-9
GOTERM_MF_FAT	GO:0046906~tetrapyrrole binding	11	13.924050632911392	3.402564653676372E-9	Q9NRD8, P29474, P11712, P23219, P33261, P08684, P05164, P35354, P05177, P09601, P35228	79	165	17305	14.60337552742616	1.922447196434085E-6	2.136054477030167E-7	1.8109205212344247E-7
GOTERM_BP_FAT	GO:0097305~response to alcohol	13	16.455696202531644	3.6122689485028594E-9	P35869, P24385, P31749, P11802, P19320, P37231, Q07869, Q14790, P08575, P09211, P42574, P60568, P01375	79	304	19104	10.341105929380412	1.3740976620435497E-5	6.30158661062219E-8	4.603157403183919E-8
GOTERM_BP_FAT	GO:0001936~regulation of endothelial cell proliferation	11	13.924050632911392	3.6418819530455835E-9	P37231, P42224, P35968, P09917, P31749, Q16665, P09601, P01344, P13500, P22301, P01375	79	183	19104	14.535795808258975	1.3853622837678436E-5	6.32423610385039E-8	4.619702313041384E-8
GOTERM_BP_FAT	GO:0048870~cell motility	23	29.11392405063291	3.725065486373732E-9	P35968, P29474, P09917, P10415, P31749, P19320, P13500, P10145, P00749, P14780, Q07812, P02778, P08575, P05362, P08253, P00533, P05231, Q16665, Q9HC97, P08246, P01584, P22301, P01375	79	1264	19104	4.400256369171607	1.4170048709738481E-5	6.43928365667241E-8	4.703741782339194E-8
GOTERM_BP_FAT	GO:0030183~B cell differentiation	10	12.658227848101266	3.796389168877315E-9	P10415, P04637, Q07812, P17706, P19320, P08575, P05231, P05112, P29965, P22301	79	134	19104	18.04647647836766	1.4441360278172333E-5	6.532881452144991E-8	4.772112719973385E-8
GOTERM_BP_FAT	GO:0050729~positive regulation of inflammatory response	11	13.924050632911392	4.2607785928525455E-9	P01583, Q96P20, P28482, P01579, P05231, P35354, P42574, P60568, P25963, P01584, P01375	79	186	19104	14.301347488770926	1.6207870551565584E-5	7.298982427305509E-8	5.3317310499749425E-8
GOTERM_BP_FAT	GO:0062197~cellular response to chemical stress	13	16.455696202531644	4.338760346891012E-9	P29474, P04637, P35354, P37231, Q96P20, Q04206, P05164, P08253, Q16236, P05231, Q16665, P08254, P42574	79	309	19104	10.173774118225388	1.65045082101134E-5	7.399240179025343E-8	5.404966925409521E-8
GOTERM_BP_FAT	GO:1904645~response to amyloid-beta	8	10.126582278481013	4.664282703699964E-9	P14780, P36544, P19320, P05362, P08253, P08254, P01375	79	60	19104	32.243037974683546	1.7742774171214393E-5	7.918869250969181E-8	5.784543460213616E-8
GOTERM_BP_FAT	GO:0045597~positive regulation of cell differentiation	20	25.31645569620253	5.276125042049137E-9	P35968, P10415, P31749, P35354, P11473, P37231, P42224, Q96P20, P01579, Q14790, P08575, P05231, Q16665, P05112, P60568, O14746, P01584, P22301, P06400, P01375	79	943	19104	5.128797132770448	2.007017849559034E-5	8.917823793294608E-8	6.514255718583335E-8
KEGG_PATHWAY	hsa05218:Melanoma	10	12.658227848101266	5.2819172898169086E-9	P24385, P08581, P04637, P28482, Q07812, P11802, P31749, P38936, P00533, P06400	76	73	9375	16.897981254506128	1.193712586222695E-6	2.3057600476700735E-8	9.24335525717959E-9
GOTERM_BP_FAT	GO:0070372~regulation of ERK1 and ERK2 cascade	13	16.455696202531644	5.382736571822742E-9	P01583, P35968, P04626, P17706, P36544, P08575, P05362, P00533, P09211, Q8TDU6, P01584, P01375	79	315	19104	9.979987944544908	2.0475720412194143E-5	9.05776424010703E-8	6.616478848019283E-8
KEGG_PATHWAY	hsa05202:Transcriptional misregulation in cancer	14	17.72151898734177	5.408206817874099E-9	P04637, P38936, P10145, P37231, P00749, P14780, P08581, Q04206, Q07812, P01106, P05164, P05231, P08254, P08246	76	201	9375	8.591908876669285	1.22225398668796E-6	2.316345184259284E-8	9.285789064651755E-9
GOTERM_BP_FAT	GO:0040011~locomotion	14	17.72151898734177	5.6454525981553945E-9	P09917, P28482, P19320, P13500, P10145, P00749, P08581, P02778, P08253, P05231, Q9HC97, P01584, P22301	79	389	19104	8.703133643552114	2.147507096772472E-5	9.416515890695161E-8	6.878538297226178E-8
GOTERM_BP_FAT	GO:0010506~regulation of autophagy	14	17.72151898734177	5.6454525981553945E-9	P35968, O15111, P10415, P04637, P31749, P08581, P01579, Q16665, P42574, P09601, O14920, P05112, P22301	79	389	19104	8.703133643552114	2.147507096772472E-5	9.416515890695161E-8	6.878538297226178E-8
GOTERM_BP_FAT	GO:0051726~regulation of cell cycle	22	27.848101265822784	5.8047393640594914E-9	P01583, P31645, O96017, P24385, O15392, P10415, P04637, P31749, P11802, P38936, P13500, Q07812, P01106, P08575, P00533, P42574, P01344, O14746, P01584, P22301, P06400, P01375	79	1175	19104	4.52774575814705	2.2080984785177726E-5	9.639923057431547E-8	7.041731857361253E-8
GOTERM_MF_FAT	GO:0001223~transcription coactivator binding	8	10.126582278481013	6.335721818834468E-9	P37231, P42224, P35869, Q07869, Q04206, P04637, Q16665, O14746	79	57	17305	30.743948478791918	3.5796764417117544E-6	3.579682827641474E-7	3.03481075122171E-7
GOTERM_BP_FAT	GO:0042110~T cell activation	14	17.72151898734177	6.379646628659366E-9	P10415, P04626, P04637, Q07812, P17706, P01106, Q14790, P08575, P05362, Q16236, P05231, P05112, P60568, P22301	79	393	19104	8.614552130640643	2.426788123133239E-5	1.0548607012518075E-7	7.705503623659009E-8
GOTERM_BP_FAT	GO:0032652~regulation of interleukin-1 production	10	12.658227848101266	6.735289339949616E-9	P01583, Q96P20, Q04206, P01579, Q14790, P05231, P09211, P01584, P22301, P01375	79	143	19104	16.910684252456406	2.5620712467366857E-5	1.1088443878713588E-7	8.099841465965383E-8
GOTERM_BP_FAT	GO:1903706~regulation of hemopoiesis	15	18.9873417721519	7.193532258886137E-9	P04626, P42224, Q96P20, P17706, P01106, P01579, Q14790, P08575, Q16665, P05112, P60568, P25963, P22301, P06400, P01375	79	477	19104	7.6044900883687605	2.7363822245551894E-5	1.1791811715751716E-7	8.613634747924866E-8
GOTERM_MF_FAT	GO:0001221~transcription coregulator binding	10	12.658227848101266	7.2606108787152545E-9	P37231, P42224, P35869, Q07869, Q04206, P04637, P01106, Q16665, Q16236, O14746	79	131	17305	16.721422359648276	4.102236753733557E-6	3.729313769521926E-7	3.1616660099132793E-7
KEGG_PATHWAY	hsa04630:JAK-STAT signaling pathway	13	16.455696202531644	7.2680452731583586E-9	P24385, P10415, P31749, P38936, P42224, P17706, P01106, P01579, P00533, P05231, P05112, P60568, P22301	76	168	9375	9.545347744360903	1.6425768895045323E-6	3.0552708833461986E-8	1.2248002219581678E-8
GOTERM_BP_FAT	GO:0019725~cellular homeostasis	18	22.78481012658228	7.369388306198946E-9	P01583, P27695, P29474, P10415, P36544, P13500, P35228, P11473, Q07812, P01106, P05362, P09211, Q16236, P05231, Q16665, P09601, P08246	79	753	19104	5.780624338090675	2.8032760354235187E-5	1.1984157717573204E-7	8.754138874419765E-8
GOTERM_BP_FAT	GO:0030098~lymphocyte differentiation	13	16.455696202531644	7.375740245574052E-9	P10415, P04626, P04637, P19320, Q07812, P17706, P08575, Q16236, P05231, P05112, P60568, P29965, P22301	79	324	19104	9.702766057196436	2.8056922376618054E-5	1.1984157717573204E-7	8.754138874419765E-8
GOTERM_BP_FAT	GO:0070228~regulation of lymphocyte apoptotic process	8	10.126582278481013	7.405409055034718E-9	P10415, P04637, Q07812, P01106, P05362, Q16665, P60568, P22301	79	64	19104	30.22784810126582	2.8169779407116735E-5	1.1984157717573204E-7	8.754138874419765E-8
GOTERM_BP_FAT	GO:0003008~system process	30	37.9746835443038	8.010471700073315E-9	O75469, P29474, P10415, P28482, P36544, P35354, P13500, P42224, P08581, Q07869, P01375, P31645, O15392, Q9UNQ0, O15111, P31749, P35228, P11473, P37231, P23219, P01106, P02778, P08253, Q16665, P00533, P42574, P09601, P01584	79	2278	19104	3.1846723197119395	3.0471370322748825E-5	1.2908399947194414E-7	9.429275585933758E-8
GOTERM_BP_FAT	GO:0050673~epithelial cell proliferation	11	13.924050632911392	8.158596660768156E-9	P24385, P35968, P28482, Q07812, P01106, P05231, P38936, P00533, P09601, P01375, P06400	79	199	19104	13.367088607594937	3.103482033439686E-5	1.309162156156173E-7	9.563114566925713E-8
GOTERM_BP_FAT	GO:0046649~lymphocyte activation	16	20.253164556962027	9.538138625848374E-9	P10415, P04626, P04637, P19320, Q07812, P17706, P01106, Q14790, P08575, P05362, Q16236, P05231, P05112, P60568, P29965, P22301	79	575	19104	6.7289818381948265	3.6282421231104145E-5	1.5240983695000572E-7	1.1133171891851589E-7
KEGG_PATHWAY	hsa04010:MAPK signaling pathway	16	20.253164556962027	1.074991299427435E-8	P01583, P35968, O15111, P04626, P04637, P28482, P31749, P08581, Q04206, P01106, P00533, P42574, O14920, P01344, P01584, P01375	76	300	9375	6.578947368421052	2.4294773908195566E-6	4.436782272182323E-8	1.7786219681435744E-8
GOTERM_BP_FAT	GO:0050870~positive regulation of T cell activation	12	15.18987341772152	1.1000509850707462E-8	P01583, Q96P20, P31749, P19320, P08575, P05231, P01344, P13500, P05112, P60568, P29965, P01584	79	267	19104	10.868439766747263	4.184506411863964E-5	1.7504158561606892E-7	1.2786366680027333E-7
GOTERM_BP_FAT	GO:0031349~positive regulation of defense response	15	18.9873417721519	1.1490407268699887E-8	P01583, O15111, P28482, P35354, Q96P20, Q04206, P01579, P00533, P05231, P42574, O14920, P60568, P25963, P01584, P01375	79	495	19104	7.327963176064442	4.370855434443488E-5	1.820750785119403E-7	1.3300146413520118E-7
GOTERM_MF_FAT	GO:0008134~transcription factor binding	17	21.518987341772153	1.1579378485474277E-8	P35869, O75469, P10415, P04637, P11473, P37231, P42224, Q96P20, Q07869, Q04206, P17706, P01106, Q16236, Q16665, O14746, P25963, P06400	79	614	17305	6.064919803735621	6.542327464442721E-6	5.451957370244139E-7	4.622101912118482E-7
GOTERM_BP_FAT	GO:0141124~intracellular signaling cassette	19	24.050632911392405	1.2942501394422042E-8	P29474, O15111, P04626, P04637, P28482, P31749, P38936, P35228, P10145, Q04206, P01106, P08575, P00533, Q16236, O14920, P25963, P01584, P06400, P01375	79	887	19104	5.179969460419848	4.9232063721316166E-5	2.042337460704856E-7	1.4918783765022586E-7
GOTERM_BP_FAT	GO:0070555~response to interleukin-1	9	11.39240506329114	1.355324714751427E-8	P01583, Q04206, P08253, Q16665, O14920, P13500, P25963, P01584, P10145	79	108	19104	20.151898734177212	5.155522364852505E-5	2.129875987685817E-7	1.5558231642890348E-7
KEGG_PATHWAY	hsa04380:Osteoclast differentiation	12	15.18987341772152	1.3956310809462029E-8	P01583, P37231, P42224, O15111, Q04206, P28482, P31749, P01579, O14920, P25963, P01584, P01375	76	142	9375	10.424388435878429	3.1541212826002862E-6	5.657290274549787E-8	2.2679005065375795E-8
GOTERM_BP_FAT	GO:0010507~negative regulation of autophagy	9	11.39240506329114	1.4579088880446739E-8	P08581, O15111, P10415, P04637, P31749, P09601, O14920, P22301	79	109	19104	19.967018929276506	5.545731648104457E-5	2.281657407915183E-7	1.6666958399127998E-7
GOTERM_MF_FAT	GO:0005125~cytokine activity	12	15.18987341772152	1.4600465134875542E-8	P01583, P01579, P02778, P05231, P13500, P05112, P60568, P29965, P01584, P22301, P01375, P10145	79	249	17305	10.556657007777947	8.249228856338497E-6	6.345586770157447E-7	5.379709845850296E-7
GOTERM_BP_FAT	GO:0036294~cellular response to decreased oxygen levels	10	12.658227848101266	1.5265859756489096E-8	P37231, P24385, P10415, P04637, P31749, P01106, Q16665, Q16236, P35354, O14746	79	157	19104	15.40272514714182	5.806964500965073E-5	2.3793469120462308E-7	1.7380556722756848E-7
GOTERM_BP_FAT	GO:0009888~tissue development	27	34.177215189873415	1.564978489923659E-8	Q9NRD8, P24385, P29474, P10415, P28482, P04637, P35354, P42224, P14780, P08581, Q07869, P06400, P35968, P31749, P38936, P11473, P37231, Q04206, P01106, P08575, P08253, P05362, Q16665, P00533, P42574, P22301	79	1904	19104	3.429209658546963	5.9530010291242164E-5	2.429229876399867E-7	1.774493977554255E-7
KEGG_PATHWAY	hsa04623:Cytosolic DNA-sensing pathway	10	12.658227848101266	1.6778621257489558E-8	O15111, Q96P20, Q04206, Q14790, P02778, P05231, P42574, O14920, P25963, P01584	76	83	9375	14.862079898541534	3.79196124933312E-6	6.682012325351104E-8	2.6786921656693856E-8
GOTERM_BP_FAT	GO:0042102~positive regulation of T cell proliferation	9	11.39240506329114	1.6833422802636028E-8	P01583, P19320, P08575, P05231, P01344, P05112, P60568, P29965, P01584	79	111	19104	19.607252822442696	6.403229058926652E-5	2.6023376796107646E-7	1.9009450628342637E-7
GOTERM_BP_FAT	GO:0080164~regulation of nitric oxide metabolic process	8	10.126582278481013	1.7109008039203825E-8	P42224, P31749, P01579, P36544, P35354, P01584, P22301, P01375	79	72	19104	26.86919831223629	6.508054911280592E-5	2.6342331001251883E-7	1.924243900117742E-7
GOTERM_BP_FAT	GO:0042113~B cell activation	11	13.924050632911392	1.7846901608516184E-8	P10415, P04637, Q07812, P17706, P19320, Q14790, P08575, P05231, P05112, P29965, P22301	79	216	19104	12.31504922644163	6.788730993279035E-5	2.7367647910156067E-7	1.9991408334055628E-7
KEGG_PATHWAY	hsa05213:Endometrial cancer	9	11.39240506329114	1.831150056728461E-8	P24385, P04626, P04637, P28482, Q07812, P31749, P01106, P38936, P00533	76	59	9375	18.816904549509367	4.13839059631993E-6	7.16674246340277E-8	2.873011295901551E-8
GOTERM_BP_FAT	GO:0030888~regulation of B cell proliferation	8	10.126582278481013	2.076498614762013E-8	P35869, P10415, P08575, P38936, P42574, P05112, P60568, P22301	79	74	19104	26.143003763256928	7.898688860119574E-5	3.171455514835316E-7	2.3166719485176195E-7
GOTERM_BP_FAT	GO:0002757~immune response-activating signaling pathway	13	16.455696202531644	2.2326842905401585E-8	O15111, P10415, P28482, P31749, P35228, Q96P20, Q04206, Q07812, P01579, P08575, O14920, P25963, P01375	79	358	19104	8.781274308747614	8.492770489221257E-5	3.3963593427696893E-7	2.480958783648224E-7
GOTERM_MF_FAT	GO:0044389~ubiquitin-like protein ligase binding	13	16.455696202531644	2.2523590995382157E-8	O96017, P10415, P04637, P38936, P42224, Q04206, P01106, Q14790, P00533, Q16236, Q16665, P25963, P06400	79	325	17305	8.762025316455695	1.2725748080977262E-5	9.089877794564941E-7	7.706285776277181E-7
KEGG_PATHWAY	hsa05208:Chemical carcinogenesis - reactive oxygen species	14	17.72151898734177	2.3407935249013078E-8	P35869, O15111, P28482, P31749, P08581, Q04206, P09488, P00533, Q16236, Q16665, P05177, P09601, O14920, P25963	76	227	9375	7.607813586830512	5.2901794369564215E-6	9.006103900891473E-8	3.610376453661339E-8
GOTERM_BP_FAT	GO:0001890~placenta development	10	12.658227848101266	2.479911001941436E-8	P37231, P28482, P31749, Q14790, Q16665, P00533, P35354, P01344, P11473, P22301	79	166	19104	14.567637639164252	9.433136608005821E-5	3.757410972264255E-7	2.7446983121088883E-7
GOTERM_MF_FAT	GO:0042803~protein homodimerization activity	18	22.78481012658228	2.516281714807125E-8	P11926, O96017, P35869, O15392, Q9UNQ0, O15111, P31749, P36544, P35354, P35228, P42224, Q04206, Q07812, P09488, P09601, O14920, O14746	79	742	17305	5.313896755262888	1.4216890815155203E-5	9.477994459106836E-7	8.035326275950752E-7
GOTERM_BP_FAT	GO:0090068~positive regulation of cell cycle process	12	15.18987341772152	2.764706728094355E-8	P01583, O96017, P24385, O15392, P11802, P31749, P00533, P01344, O14746, P01584, P01375, P06400	79	292	19104	9.93792266342986	1.0516391535908554E-4	4.172293526564616E-7	3.047760035970682E-7
GOTERM_BP_FAT	GO:0009056~catabolic process	29	36.708860759493675	2.8756383856782527E-8	Q9NRD8, P27695, O75469, P29474, P10415, P04637, P14410, P14780, P33261, P08684, Q14790, Q16236, P05177, O14920, P08246, O96017, O15111, P11712, P31749, P03956, P35228, Q04206, P09488, P05164, P08253, P08254, P00533, P42574, P09601	79	2257	19104	3.1071602833379135	1.0938330287124653E-4	4.3225505062191284E-7	3.1575191444324844E-7
GOTERM_BP_FAT	GO:0051054~positive regulation of DNA metabolic process	12	15.18987341772152	2.9649061952471532E-8	P28482, Q07812, P31749, P01106, P08575, P05231, P38936, P00533, P42574, P05112, P60568, P01375	79	294	19104	9.870317747352106	1.1277867346382031E-4	4.4391882915452455E-7	3.242720240313619E-7
GOTERM_BP_FAT	GO:0007584~response to nutrient	10	12.658227848101266	3.04878606991202E-8	P31645, P37231, P42224, P24385, Q07869, P19320, P02778, P09211, Q16236, P11473	79	170	19104	14.22486969471333	1.1596909886069096E-4	4.5468758525001615E-7	3.3213834126335654E-7
GOTERM_BP_FAT	GO:0035239~tube morphogenesis	17	21.518987341772153	3.0618015215634847E-8	P35968, P29474, P10415, P31749, P13500, P11473, P10145, P08581, Q07812, P01106, Q14790, P08253, P00533, Q16665, P42574, P09601	79	726	19104	5.66251699968616	1.164641492586993E-4	4.5484496822288797E-7	3.322533057384125E-7
GOTERM_BP_FAT	GO:0050920~regulation of chemotaxis	11	13.924050632911392	3.10659256296585E-8	P35968, P08581, P28482, P17706, P02778, P05231, P09211, P13500, P08246, P10145	79	229	19104	11.615941628434028	1.1816780049045406E-4	4.5970317186611393E-7	3.3580210661163936E-7
GOTERM_BP_FAT	GO:0010888~negative regulation of lipid storage	6	7.59493670886076	3.164759688546636E-8	P37231, Q07869, P17706, P05231, P25963, P01375	79	23	19104	63.084204733076504	1.2038021414351174E-4	4.6649539130011077E-7	3.407636594876959E-7
GOTERM_BP_FAT	GO:0062012~regulation of small molecule metabolic process	13	16.455696202531644	3.3064422661679056E-8	P04637, P28482, P31749, P35354, P37231, Q07869, P17706, P01579, Q16665, P05112, P01344, P01584, P01375	79	371	19104	8.47357466989662	1.2576915621465012E-4	4.8549806711338E-7	3.5464465696580857E-7
KEGG_PATHWAY	hsa05235:PD-L1 expression and PD-1 checkpoint pathway in cancer	10	12.658227848101266	3.447778048865391E-8	P42224, O15111, Q04206, P28482, P31749, P01579, Q16665, P00533, O14920, P25963	76	90	9375	13.706140350877194	7.791948174351582E-6	1.3044093618207397E-7	5.229130040779176E-8
GOTERM_BP_FAT	GO:0001676~long-chain fatty acid metabolic process	9	11.39240506329114	3.5415372715050175E-8	P09917, P11712, P23219, P33261, P08684, P09488, P09211, P35354, P05177	79	122	19104	17.83938576468147	1.3471100596706975E-4	5.160331894074169E-7	3.769498291280053E-7
GOTERM_BP_FAT	GO:0046651~lymphocyte proliferation	9	11.39240506329114	3.5415372715050175E-8	P10415, P04626, P04637, Q07812, P01106, P08575, P60568, P29965, P22301	79	122	19104	17.83938576468147	1.3471100596706975E-4	5.160331894074169E-7	3.769498291280053E-7
GOTERM_BP_FAT	GO:0051130~positive regulation of cellular component organization	21	26.582278481012654	3.84493650623211E-8	P01583, P35968, P04637, P28482, P03956, P13500, P37231, P00749, P14780, Q07812, P01106, P01579, P08575, Q16236, P05231, P08254, P05112, P01344, P01584, P06400, P01375	79	1186	19104	4.281853693939846	1.4625069169238447E-4	5.581028066107144E-7	4.076806723020153E-7
GOTERM_BP_FAT	GO:0071453~cellular response to oxygen levels	10	12.658227848101266	3.917941869487805E-8	P37231, P24385, P10415, P04637, P31749, P01106, Q16665, Q16236, P35354, O14746	79	175	19104	13.81844484629295	1.4902740600275521E-4	5.665373737514114E-7	4.138419206630084E-7
GOTERM_BP_FAT	GO:1902004~positive regulation of amyloid-beta formation	6	7.59493670886076	3.984869020579307E-8	Q04206, P01579, P36544, P42574, P01375	79	24	19104	60.45569620253165	1.5157293234180358E-4	5.740324577751177E-7	4.193168992109589E-7
GOTERM_BP_FAT	GO:0097191~extrinsic apoptotic signaling pathway	9	11.39240506329114	4.022781543905661E-8	P01583, P10415, Q07812, P01579, Q14790, P08575, P60568, P01584, P01375	79	124	19104	17.551653736218864	1.5301490493080383E-4	5.773071023197445E-7	4.2170894826301604E-7
GOTERM_BP_FAT	GO:0009612~response to mechanical stimulus	11	13.924050632911392	4.295953671639147E-8	P37231, P42224, Q04206, P01106, Q14790, P02778, P05164, P08253, P25963, P01584, P01375	79	237	19104	11.22384233295946	1.6340472913156656E-4	6.141921734302134E-7	4.486526052561485E-7
GOTERM_BP_FAT	GO:0045892~negative regulation of DNA-templated transcription	23	29.11392405063291	4.432598255057595E-8	P35869, P24385, P27695, O15392, O75469, P04637, P11473, P37231, P42224, Q07869, Q04206, P17706, P01106, P01579, P08575, P09211, Q16665, P05112, P01344, P08246, P25963, P06400, P01375	79	1449	19104	3.838456901748041	1.6860182647571165E-4	6.313547252428477E-7	4.6118943642509363E-7
GOTERM_BP_FAT	GO:0032943~mononuclear cell proliferation	9	11.39240506329114	4.559348481696817E-8	P10415, P04626, P04637, Q07812, P01106, P08575, P60568, P29965, P22301	79	126	19104	17.273056057866185	1.73422580566851E-4	6.469851595482461E-7	4.726070926176775E-7
GOTERM_BP_FAT	GO:0007259~cell surface receptor signaling pathway via JAK-STAT	8	10.126582278481013	4.652426021828779E-8	P42224, P01579, P05231, P13500, P05112, P60568, P22301, P01375	79	83	19104	23.3082202226628	1.769626302681182E-4	6.556236857824361E-7	4.78917328189221E-7
GOTERM_BP_FAT	GO:0010720~positive regulation of cell development	14	17.72151898734177	4.654704053674934E-8	P10415, P37231, Q96P20, P01579, Q14790, P08575, P05231, Q16665, P05112, P60568, P01584, P22301, P06400, P01375	79	465	19104	7.280685994283381	1.7704927132078385E-4	6.556236857824361E-7	4.78917328189221E-7
GOTERM_BP_FAT	GO:1902679~negative regulation of RNA biosynthetic process	23	29.11392405063291	4.9492055396773094E-8	P35869, P24385, P27695, O15392, O75469, P04637, P11473, P37231, P42224, Q07869, Q04206, P17706, P01106, P01579, P08575, P09211, Q16665, P05112, P01344, P08246, P25963, P06400, P01375	79	1458	19104	3.814762723342189	1.8825006191625082E-4	6.945324231510261E-7	5.073392246945964E-7
KEGG_PATHWAY	hsa05130:Pathogenic Escherichia coli infection	13	16.455696202531644	5.1416338012844484E-8	O15111, P28482, P10145, Q96P20, Q04206, Q07812, Q14790, P05231, P42574, O14920, P25963, P01584, P01375	76	200	9375	8.018092105263158	1.162002516585936E-5	1.9133620867074914E-7	7.670306162571882E-8
GOTERM_BP_FAT	GO:0010594~regulation of endothelial cell migration	11	13.924050632911392	5.2288644130168574E-8	P37231, P35968, P08581, P29474, P31749, Q16665, Q16236, P35354, P09601, P01375	79	242	19104	10.991944764096662	1.9888622679697932E-4	7.310798295111437E-7	5.340362257117952E-7
GOTERM_BP_FAT	GO:0070848~response to growth factor	15	18.9873417721519	5.251788833782133E-8	P35968, P04626, P04637, P28482, P31749, P19320, P13500, P10145, P37231, Q04206, P01106, P00533, P09211, P42574, P22301	79	559	19104	6.488983492221644	1.9975809830463653E-4	7.315953455997602E-7	5.344127978112368E-7
GOTERM_MF_FAT	GO:0140297~DNA-binding transcription factor binding	15	18.9873417721519	5.398780507747602E-8	P35869, O75469, P10415, P04637, P11473, P37231, Q96P20, Q07869, Q04206, P17706, P01106, Q16236, Q16665, P25963, P06400	79	508	17305	6.468030499352138	3.05026454984203E-5	1.906444366798372E-6	1.6162599145069384E-6
GOTERM_BP_FAT	GO:0071478~cellular response to radiation	10	12.658227848101266	5.495192809643627E-8	O96017, P14780, P04637, Q07812, P03956, P01106, P08253, P38936, P08254, P01375	79	182	19104	13.286966198358604	2.090152935674272E-4	7.62708695440683E-7	5.571403512843065E-7
KEGG_PATHWAY	hsa05323:Rheumatoid arthritis	10	12.658227848101266	5.5560374058522356E-8	P01583, P03956, P01579, P05362, P05231, P08254, P13500, P01584, P01375, P10145	76	95	9375	12.984764542936288	1.2556566056365348E-5	2.0342265985942863E-7	8.154829095686346E-8
GOTERM_BP_FAT	GO:0002673~regulation of acute inflammatory response	7	8.860759493670885	5.927705919067183E-8	P37231, Q96P20, P05231, P09211, P35354, P01584, P01375	79	51	19104	33.191362620997765	2.2546451874450035E-4	8.197478403713635E-7	5.988060742970412E-7
GOTERM_CC_FAT	GO:0005667~transcription regulator complex	15	18.9873417721519	6.238761744244667E-8	P35869, P24385, O75469, P04637, P11802, P11473, P37231, P42224, Q07869, Q04206, P01106, Q16236, Q16665, P08246, P06400	73	543	16775	6.347914932263679	1.9963838912451237E-5	1.172759629582758E-5	1.0444890450971439E-5
GOTERM_BP_FAT	GO:0097237~cellular response to toxic substance	9	11.39240506329114	6.55519192956032E-8	Q9NRD8, Q9UNQ0, P29474, P23219, P09488, P05164, P09211, P35354, P01375	79	132	19104	16.487917146144994	2.4932842183289505E-4	9.032389459463006E-7	6.597943181274843E-7
GOTERM_BP_FAT	GO:0022008~neurogenesis	23	29.11392405063291	7.188041674908605E-8	P24385, P10415, P04626, P04637, P28482, P31749, P36544, P19320, P13500, P08581, Q07812, P01579, P08253, P00533, P09211, P05231, Q16665, P42574, P01584, P06400, P01375	79	1489	19104	3.7353418741658238	2.733957356405581E-4	9.868636277861886E-7	7.208801362056356E-7
GOTERM_BP_FAT	GO:0043524~negative regulation of neuron apoptotic process	10	12.658227848101266	7.95263191599637E-8	P24385, P35968, O15392, P10415, Q07812, P31749, Q16665, P13500, O14746, P22301	79	190	19104	12.727514990006663	3.024723762573567E-4	1.087908603472453E-6	7.946910598071191E-7
GOTERM_BP_FAT	GO:1900016~negative regulation of cytokine production involved in inflammatory response	7	8.860759493670885	8.418798812676824E-8	Q07869, Q04206, P36544, P09601, O14920, P25963	79	54	19104	31.347398030942333	3.201998454350763E-4	1.14755168045197E-6	8.382588925310472E-7
KEGG_PATHWAY	hsa05131:Shigellosis	14	17.72151898734177	8.448937667453116E-8	O15111, P10415, P04637, P28482, P31749, P10145, Q96P20, Q04206, Q07812, P00533, O14920, P25963, P01584, P01375	76	253	9375	6.825982941543582	1.909441764402775E-5	3.044299762717234E-7	1.2204021075210056E-7
GOTERM_BP_FAT	GO:0043410~positive regulation of MAPK cascade	14	17.72151898734177	9.186730365372806E-8	P01583, P35968, P04626, P36544, Q8TDU6, P08575, P05362, P00533, P05231, P01344, P08246, P01584, P01375	79	493	19104	6.867178473309883	3.4940218398349376E-4	1.2477548421254566E-6	9.114548912502019E-7
GOTERM_BP_FAT	GO:0010595~positive regulation of endothelial cell migration	9	11.39240506329114	9.261420049667113E-8	P35968, P08581, P29474, P31749, Q16665, Q16236, P35354, P09601	79	138	19104	15.771051183269124	3.5224238321340806E-4	1.2534227917752324E-6	9.155951920987631E-7
GOTERM_BP_FAT	GO:0034644~cellular response to UV	8	10.126582278481013	1.027550792393782E-7	P14780, P04637, Q07812, P03956, P01106, P08253, P38936, P08254	79	93	19104	20.8019599836668	3.908039576794309E-4	1.3857360508771465E-6	1.0122468444219597E-6
GOTERM_CC_FAT	GO:0045121~membrane raft	12	15.18987341772152	1.0319945791196668E-7	P31645, P35968, Q9UNQ0, P29474, P28482, P36544, P08575, P05362, P00533, O14920, P01375	73	318	16775	8.671491341431894	3.302328294119139E-5	1.172759629582758E-5	1.0444890450971439E-5
GOTERM_BP_FAT	GO:0010332~response to gamma radiation	7	8.860759493670885	1.0515418399155279E-7	O96017, P10415, P04637, Q07812, P02778, P08575, P38936	79	56	19104	30.227848101265824	3.9992654512077674E-4	1.4130790166780043E-6	1.0322202230690235E-6
KEGG_PATHWAY	hsa01523:Antifolate resistance	7	8.860759493670885	1.0909869014889376E-7	Q9UNQ0, O15111, Q04206, P05231, O14920, P01584, P01375	76	30	9375	28.782894736842103	2.4656001364364855E-5	3.8695941662185757E-7	1.5512470005545832E-7
GOTERM_CC_FAT	GO:0098857~membrane microdomain	12	15.18987341772152	1.0994621527338356E-7	P31645, P35968, Q9UNQ0, P29474, P28482, P36544, P08575, P05362, P00533, O14920, P01375	73	320	16775	8.617294520547945	3.518217190479067E-5	1.172759629582758E-5	1.0444890450971439E-5
GOTERM_BP_FAT	GO:0050864~regulation of B cell activation	9	11.39240506329114	1.1557217259333398E-7	P35869, P10415, P08575, P05231, P38936, P42574, P05112, P60568, P22301	79	142	19104	15.326796220360134	4.395399440164649E-4	1.5476090576494688E-6	1.1304911812122598E-6
GOTERM_MF_FAT	GO:0031625~ubiquitin protein ligase binding	12	15.18987341772152	1.1598839275078467E-7	O96017, P10415, Q04206, P04637, P01106, Q14790, P38936, Q16665, P00533, Q16236, P25963, P06400	79	305	17305	8.618385557169537	6.553129845154881E-5	3.85490834730549E-6	3.268143536919168E-6
GOTERM_BP_FAT	GO:0097696~cell surface receptor signaling pathway via STAT	8	10.126582278481013	1.190760154392081E-7	P42224, P01579, P05231, P13500, P05112, P60568, P22301, P01375	79	95	19104	20.364023984010657	4.528626166577787E-4	1.5889336375975734E-6	1.1606777925969127E-6
KEGG_PATHWAY	hsa04115:p53 signaling pathway	9	11.39240506329114	1.2579213754594697E-7	O96017, P24385, P10415, P04637, Q07812, P11802, Q14790, P38936, P42574	76	75	9375	14.802631578947368	2.8428620783671477E-5	4.3930484958353787E-7	1.7610899256432575E-7
GOTERM_BP_FAT	GO:1902993~positive regulation of amyloid precursor protein catabolic process	6	7.59493670886076	1.3107287541195412E-7	Q04206, P01579, P36544, P42574, P01375	79	30	19104	48.36455696202532	4.984769699115654E-4	1.74290260556525E-6	1.2731484192112188E-6
GOTERM_BP_FAT	GO:0048145~regulation of fibroblast proliferation	8	10.126582278481013	1.3753279066345846E-7	P37231, P04637, Q07812, P11802, P01106, P38936, P00533, P09211	79	97	19104	19.944147200835182	5.230379397862528E-4	1.8161013989344879E-6	1.3266183766079432E-6
GOTERM_BP_FAT	GO:1904705~regulation of vascular associated smooth muscle cell proliferation	8	10.126582278481013	1.3753279066345846E-7	P37231, P14780, P08253, P38936, P09211, O14746, P22301, P01375	79	97	19104	19.944147200835182	5.230379397862528E-4	1.8161013989344879E-6	1.3266183766079432E-6
KEGG_PATHWAY	hsa05214:Glioma	9	11.39240506329114	1.3969658632633156E-7	P24385, P04637, P28482, Q07812, P11802, P31749, P38936, P00533, P06400	76	76	9375	14.607860110803324	3.157093233630004E-5	4.80471592364807E-7	1.926119599347905E-7
GOTERM_BP_FAT	GO:0007507~heart development	15	18.9873417721519	1.4175311437281716E-7	P35968, P29474, P04626, P04637, P28482, P19320, P38936, P37231, Q07869, Q14790, P08253, Q16665, P42574, O14746, P06400	79	606	19104	5.985712495300164	5.390835274683425E-4	1.8653532662969677E-6	1.3625956807186368E-6
GOTERM_BP_FAT	GO:0043434~response to peptide hormone	13	16.455696202531644	1.4514135535795213E-7	O15111, P28482, P31749, P37231, P42224, Q07869, Q04206, P17706, P09211, Q16236, P01344, P22301, P06400	79	425	19104	7.39693224125093	5.51965366967111E-4	1.9014974341061624E-6	1.3889981256762868E-6
GOTERM_BP_FAT	GO:0002429~immune response-activating cell surface receptor signaling pathway	11	13.924050632911392	1.4549980366155489E-7	O15111, P10415, Q04206, P28482, Q07812, P31749, P01579, P08575, O14920, P35228, P25963	79	270	19104	9.852039381153304	5.53328150833865E-4	1.9014974341061624E-6	1.3889981256762868E-6
GOTERM_BP_FAT	GO:2000106~regulation of leukocyte apoptotic process	8	10.126582278481013	1.4763071131701102E-7	P10415, P04637, Q07812, P01106, P05362, Q16665, P60568, P22301	79	98	19104	19.74063549470421	5.614296067095736E-4	1.9227383395157292E-6	1.4045140960227966E-6
GOTERM_BP_FAT	GO:0070661~leukocyte proliferation	9	11.39240506329114	1.5101205892603346E-7	P10415, P04626, P04637, Q07812, P01106, P08575, P60568, P29965, P22301	79	147	19104	14.805476621028157	5.7428495092815E-4	1.9600643689273215E-6	1.431779862445464E-6
GOTERM_BP_FAT	GO:0071456~cellular response to hypoxia	9	11.39240506329114	1.591208356264248E-7	P37231, P24385, P10415, P04637, P01106, Q16665, Q16236, P35354, O14746	79	148	19104	14.705439616832022	6.051125523613976E-4	2.0582875438343318E-6	1.5035295284700955E-6
GOTERM_BP_FAT	GO:0033209~tumor necrosis factor-mediated signaling pathway	7	8.860759493670885	1.600565756842533E-7	P42224, O15111, Q04206, P04637, O14920, P25963, P01375	79	60	19104	28.2126582278481	6.086699477823032E-4	2.0628632592476627E-6	1.5068719784880374E-6
GOTERM_BP_FAT	GO:0002253~activation of immune response	13	16.455696202531644	1.6055943327302343E-7	O15111, P10415, P28482, P31749, P35228, Q96P20, Q04206, Q07812, P01579, P08575, O14920, P25963, P01375	79	429	19104	7.327963176064442	6.105816524328844E-4	2.0628632592476627E-6	1.5068719784880374E-6
GOTERM_BP_FAT	GO:0060429~epithelium development	20	25.31645569620253	1.6616505739036157E-7	P35968, P24385, P10415, P04637, P28482, P31749, P38936, P11473, P37231, P42224, P08581, Q04206, P01106, P05362, P08253, P00533, Q16665, P42574, P22301	79	1171	19104	4.13019273800387	6.318922027703788E-4	2.1276960042274244E-6	1.5542307388229778E-6
GOTERM_BP_FAT	GO:0030099~myeloid cell differentiation	12	15.18987341772152	1.6858991375469853E-7	P01583, P37231, P14780, P17706, P01579, Q14790, P42574, P09601, P05112, P01584, P01375, P06400	79	349	19104	8.314823546479998	6.4111048697435E-4	2.1515014832520754E-6	1.5716200684917868E-6
GOTERM_BP_FAT	GO:0002703~regulation of leukocyte mediated immunity	11	13.924050632911392	1.7251332422263876E-7	P35869, Q96P20, P08575, P05362, P05231, P35228, P05112, P60568, P01584, P22301, P01375	79	275	19104	9.672911392405062	6.560254629299767E-4	2.1942079331728934E-6	1.6028161026437807E-6
GOTERM_BP_FAT	GO:0051052~regulation of DNA metabolic process	14	17.72151898734177	1.7366049472274052E-7	P04637, P28482, P31749, P38936, Q07812, P01106, P08575, P00533, P05231, P42574, P05112, P60568, P22301, P01375	79	521	19104	6.4981170582375665	6.603864282704874E-4	2.2014362047686073E-6	1.6080961811325773E-6
GOTERM_BP_FAT	GO:0001959~regulation of cytokine-mediated signaling pathway	10	12.658227848101266	1.7939150267063076E-7	P01583, P37231, P17706, Q14790, P08575, P05231, Q16665, P09211, O14920, P01584	79	209	19104	11.570468172733332	6.821725517318633E-4	2.266531178260494E-6	1.6556464930864192E-6
GOTERM_BP_FAT	GO:0010575~positive regulation of vascular endothelial growth factor production	6	7.59493670886076	1.8404318114747868E-7	P01583, Q04206, P05231, Q16665, P35354, P01584	79	32	19104	45.34177215189874	6.998553124274443E-4	2.3176033705425875E-6	1.6929535007539595E-6
GOTERM_BP_FAT	GO:0043467~regulation of generation of precursor metabolites and energy	9	11.39240506329114	1.8573050473024887E-7	Q07869, P04637, P31749, P01579, Q16665, P01344, P35228, P05112, P01375	79	151	19104	14.41327856484198	7.062693799803066E-4	2.3234895658742896E-6	1.6972532248221871E-6
GOTERM_BP_FAT	GO:0010564~regulation of cell cycle process	17	21.518987341772153	1.857325343217944E-7	P01583, O96017, P24385, O15392, P10415, P04637, P31749, P11802, P38936, P13500, P01106, P00533, P01344, O14746, P01584, P06400, P01375	79	828	19104	4.964960557695836	7.062770951223873E-4	2.3234895658742896E-6	1.6972532248221871E-6
GOTERM_BP_FAT	GO:0002831~regulation of response to biotic stimulus	15	18.9873417721519	1.9097200218508615E-7	P35869, O15111, P31749, P37231, P42224, Q96P20, Q04206, P17706, Q14790, P00533, Q16236, O14920, P25963, P01584, P01375	79	621	19104	5.8411300678774545	7.261937593686651E-4	2.3812017190487956E-6	1.7394105641644898E-6
GOTERM_BP_FAT	GO:0030595~leukocyte chemotaxis	9	11.39240506329114	2.0551864131316144E-7	P09917, P02778, P08253, P05231, Q9HC97, P13500, P01584, P22301, P10145	79	153	19104	14.224869694713329	7.814874714281439E-4	2.5542071663854673E-6	1.8657868809410539E-6
GOTERM_MF_FAT	GO:0019207~kinase regulator activity	12	15.18987341772152	2.064315723727907E-7	P24385, P11802, P31749, P02778, P08575, P38936, P00533, P09211, P42574, P01344, P60568, P29965	79	323	17305	8.138104009091979	1.1662704897652532E-4	6.4796576883681525E-6	5.493373509253708E-6
GOTERM_BP_FAT	GO:0045934~negative regulation of nucleobase-containing compound metabolic process	24	30.37974683544304	2.0895657374352268E-7	P35869, P24385, P27695, O15392, O75469, P04637, P38936, P11473, P37231, P42224, Q07869, Q04206, P17706, P01106, P01579, P08575, P09211, Q16665, P05112, P01344, P08246, P25963, P06400, P01375	79	1722	19104	3.3703524015348654	7.945550632626475E-4	2.5884750812593378E-6	1.8908187682720065E-6
KEGG_PATHWAY	hsa01521:EGFR tyrosine kinase inhibitor resistance	9	11.39240506329114	2.0934397051625594E-7	P35968, P08581, P10415, P04626, P28482, Q07812, P31749, P05231, P00533	76	80	9375	13.877467105263156	4.731062310059375E-5	7.013121850503725E-7	2.8114277021843125E-7
KEGG_PATHWAY	hsa05206:MicroRNAs in cancer	15	18.9873417721519	2.1008470741597062E-7	P24385, P10415, P04626, P04637, P28482, P38936, P35354, P00749, P14780, P08581, P01106, P00533, P42574, P09601, O14920	76	323	9375	5.728572592471892	4.747802174465132E-5	7.013121850503725E-7	2.8114277021843125E-7
GOTERM_BP_FAT	GO:0030522~intracellular receptor signaling pathway	10	12.658227848101266	2.1070380620360093E-7	P37231, P35869, O75469, Q96P20, Q07869, Q04206, O14920, P11473, P25963, P01375	79	213	19104	11.353182385451953	8.011962339128376E-4	2.6016447240009557E-6	1.9004388754337772E-6
GOTERM_BP_FAT	GO:0051253~negative regulation of RNA metabolic process	23	29.11392405063291	2.2948080181961235E-7	P35869, P24385, P27695, O15392, O75469, P04637, P11473, P37231, P42224, Q07869, Q04206, P17706, P01106, P01579, P08575, P09211, Q16665, P05112, P01344, P08246, P25963, P06400, P01375	79	1591	19104	3.4958667822959844	8.725641645270787E-4	2.824321971909339E-6	2.0630992474268065E-6
GOTERM_BP_FAT	GO:2000377~regulation of reactive oxygen species metabolic process	9	11.39240506329114	2.3858409863921013E-7	P09917, Q07869, P04637, P38936, Q16665, P09211, P08254, Q16236, P01375	79	156	19104	13.951314508276532	9.071622985621364E-4	2.9268881520158582E-6	2.13802137425718E-6
KEGG_PATHWAY	hsa05224:Breast cancer	11	13.924050632911392	2.4438849404667456E-7	P24385, P04626, P04637, P28482, Q07812, P11802, P31749, P01106, P38936, P00533, P06400	76	148	9375	9.168296586059745	5.523028114429174E-5	8.040027267912337E-7	3.223094631630056E-7
GOTERM_BP_FAT	GO:0090594~inflammatory response to wounding	5	6.329113924050633	2.494921651355845E-7	P01583, P05231, Q16665, P09601, P01375	79	14	19104	86.36528028933094	9.486180917310794E-4	3.044518253448516E-6	2.2239473331790633E-6
GOTERM_BP_FAT	GO:0098754~detoxification	9	11.39240506329114	2.505743395554524E-7	Q9NRD8, Q9UNQ0, P29474, P23219, P09488, P05164, P09211, Q16236, P35354	79	157	19104	13.862452632427637	9.527307708712129E-4	3.044518253448516E-6	2.2239473331790633E-6
GOTERM_BP_FAT	GO:2001235~positive regulation of apoptotic signaling pathway	9	11.39240506329114	2.505743395554524E-7	P37231, P04637, Q07812, P17706, P01106, P08575, P08253, P29965, P01375	79	157	19104	13.862452632427637	9.527307708712129E-4	3.044518253448516E-6	2.2239473331790633E-6
GOTERM_BP_FAT	GO:0002764~immune response-regulating signaling pathway	13	16.455696202531644	2.556728967014325E-7	O15111, P10415, P28482, P31749, P35228, Q96P20, Q04206, Q07812, P01579, P08575, O14920, P25963, P01375	79	448	19104	7.017179023508137	9.721070210763072E-4	3.0965733317055662E-6	2.2619723154031197E-6
GOTERM_BP_FAT	GO:0007159~leukocyte cell-cell adhesion	7	8.860759493670885	2.5983887670893976E-7	P19320, P08575, P05362, Q9HC97, P29965, P01584, P01375	79	65	19104	26.04245374878286	9.879388822934265E-4	3.137038882933644E-6	2.2915314269759834E-6
KEGG_PATHWAY	hsa05134:Legionellosis	8	10.126582278481013	2.673614426191556E-7	Q04206, Q14790, P05231, P42574, P25963, P01584, P01375, P10145	76	56	9375	17.622180451127818	6.04218686421909E-5	8.670149639221188E-7	3.475698754049023E-7
GOTERM_BP_FAT	GO:0000122~negative regulation of transcription by RNA polymerase II	19	24.050632911392405	2.755078329747446E-7	P24385, O75469, P04637, P11473, P37231, P42224, Q07869, Q04206, P17706, P01106, P01579, P08575, P09211, P05112, P01344, P08246, P25963, P06400, P01375	79	1086	19104	4.230785369606266	0.0010474829474013125	3.31247863039302E-6	2.419685941423037E-6
GOTERM_BP_FAT	GO:0043535~regulation of blood vessel endothelial cell migration	9	11.39240506329114	2.76112470637546E-7	P37231, P35968, P29474, P31749, Q16665, Q16236, P35354, P09601, P01375	79	159	19104	13.68808215906377	0.0010497805778473257	3.31247863039302E-6	2.419685941423037E-6
GOTERM_BP_FAT	GO:0060759~regulation of response to cytokine stimulus	10	12.658227848101266	2.8785128627001444E-7	P01583, P37231, P17706, Q14790, P08575, P05231, Q16665, P09211, O14920, P01584	79	221	19104	10.942207457471792	0.0010943871715877185	3.4122323312570336E-6	2.4925536198348772E-6
GOTERM_BP_FAT	GO:0034762~regulation of transmembrane transport	13	16.455696202531644	2.8788641515150713E-7	P14780, P10415, Q07812, P31749, P01579, P36544, P02778, Q16236, Q9HC97, O14746, P01584, P01375	79	453	19104	6.939726716405398	0.0010945206557086973	3.4122323312570336E-6	2.4925536198348772E-6
GOTERM_BP_FAT	GO:0032677~regulation of interleukin-8 production	8	10.126582278481013	2.880164549917191E-7	Q04206, P08575, P05231, P35228, P08246, P01584, P22301, P01375	79	108	19104	17.91279887482419	0.0010950147859574155	3.4122323312570336E-6	2.4925536198348772E-6
GOTERM_BP_FAT	GO:0042542~response to hydrogen peroxide	8	10.126582278481013	2.880164549917191E-7	P42224, P10415, Q04206, P08253, P05231, Q16236, P42574, P09601	79	108	19104	17.91279887482419	0.0010950147859574155	3.4122323312570336E-6	2.4925536198348772E-6
GOTERM_BP_FAT	GO:0042178~xenobiotic catabolic process	6	7.59493670886076	2.9386804899060136E-7	O75469, P11712, P33261, P08684, P09488, P05177	79	35	19104	41.455334538878844	0.0011172496340430271	3.4707459326436555E-6	2.535296397813325E-6
GOTERM_BP_FAT	GO:0006955~immune response	25	31.645569620253166	3.1754577814679035E-7	P01583, P10415, P04637, P13500, P42224, Q96P20, P01579, P05231, O14920, P05112, P08246, P29965, P01375, P09917, O15111, P35228, P10145, P37231, Q04206, P02778, P05362, P08254, P60568, P22301, P01584	79	1908	19104	3.168537536820317	0.0012072150606601273	3.738782025672581E-6	2.7310903148352433E-6
GOTERM_BP_FAT	GO:1902105~regulation of leukocyte differentiation	12	15.18987341772152	3.18853420580104E-7	Q96P20, P04626, P17706, P01106, P01579, Q14790, P08575, P05112, P60568, P22301, P01375, P06400	79	372	19104	7.800734993875051	0.001212183316705473	3.7425912298337517E-6	2.7338728468257065E-6
GOTERM_BP_FAT	GO:0045428~regulation of nitric oxide biosynthetic process	7	8.860759493670885	3.4099490906534637E-7	P42224, P31749, P01579, P35354, P01584, P22301, P01375	79	68	19104	24.893521965748324	0.0012963039265808662	3.990165043616961E-6	2.914719561180099E-6
GOTERM_BP_FAT	GO:0031099~regeneration	9	11.39240506329114	3.6655640219755677E-7	P37231, P24385, P10415, P08253, P05231, P38936, P09211, P22301, P01375	79	165	19104	13.190333716915996	0.0013934091124181425	4.2761165569242586E-6	3.1236002616712046E-6
GOTERM_BP_FAT	GO:0072593~reactive oxygen species metabolic process	8	10.126582278481013	3.693696311778356E-7	Q9NRD8, P29474, P10415, P04637, P05164, Q16236, P05177, P35228	79	112	19104	17.273056057866185	0.0014040956706210528	4.295757514890853E-6	3.1379475089052817E-6
GOTERM_BP_FAT	GO:0007169~cell surface receptor protein tyrosine kinase signaling pathway	13	16.455696202531644	3.718157337345478E-7	P35968, P14780, P08581, P04626, Q04206, P28482, P17706, P31749, P08253, P00533, P42574, P01344	79	464	19104	6.7752073330423395	0.0014133875398329998	4.311022059123431E-6	3.1490978912029687E-6
GOTERM_BP_FAT	GO:0060326~cell chemotaxis	10	12.658227848101266	3.744126753460113E-7	P09917, P19320, P02778, P08253, P05231, Q9HC97, P13500, P01584, P22301, P10145	79	228	19104	10.60626249167222	0.001423252297922284	4.327937399212404E-6	3.161454140155682E-6
KEGG_PATHWAY	hsa05143:African trypanosomiasis	7	8.860759493670885	4.0864901020468324E-7	P01579, P19320, P05362, P05231, P01584, P22301, P01375	76	37	9375	23.337482219061165	9.235043060884518E-5	1.2883795182842097E-6	5.164869434531413E-7
KEGG_PATHWAY	hsa05216:Thyroid cancer	7	8.860759493670885	4.0864901020468324E-7	P37231, P24385, P04637, P28482, Q07812, P01106, P38936	76	37	9375	23.337482219061165	9.235043060884518E-5	1.2883795182842097E-6	5.164869434531413E-7
GOTERM_BP_FAT	GO:0033559~unsaturated fatty acid metabolic process	8	10.126582278481013	4.1679911181465583E-7	P09917, P11712, P23219, P33261, P09488, P09211, P35354, P05177	79	114	19104	16.97001998667555	0.001584247903937852	4.803294006761018E-6	3.5086907049124664E-6
GOTERM_BP_FAT	GO:0044770~cell cycle phase transition	9	11.39240506329114	4.2057700707848784E-7	O96017, P24385, O15392, P10415, P11802, P01106, P08575, P38936, P06400	79	168	19104	12.954792043399639	0.0015985961532728465	4.832188392506009E-6	3.5297973585016294E-6
GOTERM_BP_FAT	GO:0030162~regulation of proteolysis	9	11.39240506329114	4.4003582962189495E-7	P00749, P04637, P31749, P01579, Q14790, P08253, P01584, P22301, P01375	79	169	19104	12.878136469178338	0.0016724964806671405	5.040530903771285E-6	3.6819865502699526E-6
GOTERM_BP_FAT	GO:0032868~response to insulin	10	12.658227848101266	4.4932048563846635E-7	P37231, P42224, Q07869, P28482, P17706, P31749, P09211, P01344, P22301, P06400	79	233	19104	10.378660292280111	0.0017077556342346423	5.109115564629944E-6	3.7320859948835096E-6
GOTERM_BP_FAT	GO:1901099~negative regulation of signal transduction in absence of ligand	6	7.59493670886076	4.5005356669761544E-7	P01583, P10415, P31749, O14746, P01584, P01375	79	38	19104	38.18254497001999	0.0017105395099876741	5.109115564629944E-6	3.7320859948835096E-6
GOTERM_BP_FAT	GO:2001240~negative regulation of extrinsic apoptotic signaling pathway in absence of ligand	6	7.59493670886076	4.5005356669761544E-7	P01583, P10415, P31749, O14746, P01584, P01375	79	38	19104	38.18254497001999	0.0017105395099876741	5.109115564629944E-6	3.7320859948835096E-6
GOTERM_BP_FAT	GO:0045930~negative regulation of mitotic cell cycle	10	12.658227848101266	4.657694226995779E-7	O96017, P24385, O15392, P10415, P04637, P38936, P13500, P22301, P01375, P06400	79	234	19104	10.334307043167804	0.0017702186080480464	5.2717890313288535E-6	3.850915048391152E-6
GOTERM_BP_FAT	GO:0048662~negative regulation of smooth muscle cell proliferation	7	8.860759493670885	4.805003791941451E-7	P37231, P29474, P01579, P38936, P09211, P09601, P22301	79	72	19104	23.51054852320675	0.0018261544286684028	5.406340065311639E-6	3.949201341424069E-6
GOTERM_BP_FAT	GO:1905953~negative regulation of lipid localization	7	8.860759493670885	4.805003791941451E-7	P37231, Q07869, P17706, P31749, P05231, P25963, P01375	79	72	19104	23.51054852320675	0.0018261544286684028	5.406340065311639E-6	3.949201341424069E-6
GOTERM_BP_FAT	GO:0032355~response to estradiol	8	10.126582278481013	4.974890876637933E-7	P31645, P24385, Q14790, P08253, P00533, P09211, P42574, P22301	79	117	19104	16.534891269068485	0.0018906594078816896	5.580976402316831E-6	4.0767689838643585E-6
GOTERM_MF_FAT	GO:0048018~receptor ligand activity	15	18.9873417721519	5.03093767399334E-7	P01583, P13500, P10145, P00749, P01579, P02778, P05362, P05231, P05112, P01344, P60568, P29965, P01584, P22301, P01375	79	610	17305	5.386490973230961	2.8420765544634463E-4	1.4960419925295986E-5	1.2683258662330579E-5
GOTERM_BP_FAT	GO:0070227~lymphocyte apoptotic process	6	7.59493670886076	5.145962017519813E-7	O96017, P10415, P04637, Q07812, P31749, P01106	79	39	19104	37.20350535540409	0.001955609753734433	5.739030367339545E-6	4.192223602542534E-6
GOTERM_BP_FAT	GO:2000352~negative regulation of endothelial cell apoptotic process	6	7.59493670886076	5.145962017519813E-7	P35968, P05362, Q16236, P05112, O14746, P22301	79	39	19104	37.20350535540409	0.001955609753734433	5.739030367339545E-6	4.192223602542534E-6
GOTERM_BP_FAT	GO:0071482~cellular response to light stimulus	8	10.126582278481013	5.271432158652539E-7	P14780, P04637, Q07812, P03956, P01106, P08253, P38936, P08254	79	118	19104	16.39476507187299	0.0020032441443963434	5.844681195147406E-6	4.2693989903022596E-6
GOTERM_BP_FAT	GO:1990748~cellular detoxification	8	10.126582278481013	5.271432158652539E-7	Q9NRD8, Q9UNQ0, P29474, P23219, P09488, P05164, P09211, P35354	79	118	19104	16.39476507187299	0.0020032441443963434	5.844681195147406E-6	4.2693989903022596E-6
GOTERM_BP_FAT	GO:0032651~regulation of interleukin-1 beta production	8	10.126582278481013	5.909251476883644E-7	Q96P20, Q04206, P01579, Q14790, P05231, P09211, P01584, P01375	79	120	19104	16.121518987341773	0.002245355335959265	6.532814932147819E-6	4.77206412871592E-6
GOTERM_MF_FAT	GO:0030546~signaling receptor activator activity	15	18.9873417721519	6.112418997221624E-7	P01583, P13500, P10145, P00749, P01579, P02778, P05362, P05231, P05112, P01344, P60568, P29965, P01584, P22301, P01375	79	620	17305	5.299612086565946	3.4529215185086226E-4	1.726758366715109E-5	1.463924349834579E-5
GOTERM_BP_FAT	GO:0009887~animal organ morphogenesis	18	22.78481012658228	6.334787527635684E-7	P31645, Q9NRD8, P35968, P29474, P10415, P04637, P28482, P13500, P11473, Q07869, Q04206, Q07812, P01106, P08253, P00533, Q16665, P01344, P01375	79	1026	19104	4.242504996668887	0.0024068528126452993	6.982955642782176E-6	5.100881087470125E-6
GOTERM_BP_FAT	GO:0045637~regulation of myeloid cell differentiation	10	12.658227848101266	6.389279499205519E-7	P42224, P17706, P01106, P01579, Q14790, Q16665, P05112, P25963, P01375, P06400	79	243	19104	9.951554930457885	0.0024275314661830194	7.022667611409997E-6	5.129889725084662E-6
GOTERM_MF_FAT	GO:0019887~protein kinase regulator activity	11	13.924050632911392	6.470169137579703E-7	P24385, P11802, P31749, P02778, P08575, P38936, P00533, P09211, P42574, P01344, P29965	79	288	17305	8.366517229254569	3.654978638869544E-4	1.740783601301206E-5	1.4758147699527039E-5
GOTERM_CC_FAT	GO:0043235~signaling receptor complex	14	17.72151898734177	6.61602105017712E-7	P37231, P35869, P35968, P08581, O15111, P04626, P36544, P00533, P05231, Q8TDU6, O14920, P11473	73	561	16775	5.734622616169755	2.1169033407020255E-4	5.292816840141696E-5	4.713914998251198E-5
KEGG_PATHWAY	hsa04658:Th1 and Th2 cell differentiation	9	11.39240506329114	6.769078550866633E-7	P42224, O15111, Q04206, P28482, P01579, O14920, P05112, P60568, P25963	76	93	9375	11.937606112054329	1.5296952599885838E-4	2.104905248009213E-6	8.438166412724159E-7
GOTERM_BP_FAT	GO:0048878~chemical homeostasis	18	22.78481012658228	6.869538969232105E-7	P01583, P35968, P09917, P10415, P31749, P36544, P11473, P37231, Q07812, P17706, P01106, P05362, P09211, P05231, Q16665, P09601, P08246	79	1032	19104	4.2178392699440685	0.0026097621555062345	7.528777146971094E-6	5.499590563840573E-6
GOTERM_MF_FAT	GO:0061629~RNA polymerase II-specific DNA-binding transcription factor binding	12	15.18987341772152	6.95029506099666E-7	P37231, P35869, O75469, Q07869, Q04206, P04637, P17706, Q16665, Q16236, P11473, P25963, P06400	79	365	17305	7.201664643662216	3.9261471405349635E-4	1.7849621406650516E-5	1.5132687882806365E-5
GOTERM_BP_FAT	GO:0006690~icosanoid metabolic process	8	10.126582278481013	6.986833137485061E-7	P09917, P11712, P23219, P33261, P09488, P09211, P35354, P05177	79	123	19104	15.728311207162704	0.002654263451155603	7.63532368444129E-6	5.577420245957902E-6
GOTERM_BP_FAT	GO:0007167~enzyme-linked receptor protein signaling pathway	15	18.9873417721519	7.15403580987891E-7	P35968, P04626, P04637, P28482, P31749, P37231, P14780, P08581, Q04206, P17706, P08253, P00533, P42574, P01344	79	693	19104	5.234259411474602	0.002717696553929505	7.795644179074353E-6	5.694530509983842E-6
GOTERM_BP_FAT	GO:0002685~regulation of leukocyte migration	10	12.658227848101266	7.322505869033755E-7	P28482, P31749, P02778, P05362, P05231, P09601, P13500, P08246, P01375, P10145	79	247	19104	9.790396146158972	0.0027816063964232196	7.956425662838678E-6	5.811977515478792E-6
KEGG_PATHWAY	hsa04926:Relaxin signaling pathway	10	12.658227848101266	8.32701188122566E-7	P14780, P29474, Q04206, P28482, P03956, P31749, P08253, P00533, P35228, P25963	76	130	9375	9.488866396761134	1.8817284013672442E-4	2.5543671581597633E-6	1.023997407015588E-6
GOTERM_BP_FAT	GO:0045429~positive regulation of nitric oxide biosynthetic process	6	7.59493670886076	8.494536745451728E-7	P42224, P31749, P01579, P35354, P01584, P01375	79	43	19104	33.74271415955255	0.0032261080443651835	9.203624855542142E-6	6.723026518195129E-6
GOTERM_BP_FAT	GO:0043536~positive regulation of blood vessel endothelial cell migration	7	8.860759493670885	9.005801636433345E-7	P35968, P29474, P31749, Q16665, Q16236, P35354, P09601	79	80	19104	21.15949367088608	0.0034199470985415426	9.729847620271595E-6	7.107419586935179E-6
GOTERM_BP_FAT	GO:1901989~positive regulation of cell cycle phase transition	8	10.126582278481013	9.148409234596792E-7	O96017, P24385, O15392, P11802, P31749, P00533, O14746, P06400	79	128	19104	15.11392405063291	0.0034740080864611445	9.85592077030357E-6	7.1995129897195145E-6
GOTERM_BP_FAT	GO:0002768~immune response-regulating cell surface receptor signaling pathway	11	13.924050632911392	9.696794584499234E-7	O15111, P10415, Q04206, P28482, Q07812, P31749, P01579, P08575, O14920, P35228, P25963	79	332	19104	8.012200701540337	0.003681867689910301	1.0417206159562312E-5	7.609518462073128E-6
KEGG_PATHWAY	hsa05221:Acute myeloid leukemia	8	10.126582278481013	1.0353837614321705E-6	P24385, O15111, Q04206, P28482, P31749, P01106, P05164, O14920	76	68	9375	14.512383900928793	2.3396947608544938E-4	3.133761517934703E-6	1.2562656305377003E-6
GOTERM_BP_FAT	GO:0002637~regulation of immunoglobulin production	7	8.860759493670885	1.0426535370746368E-6	P08575, P05231, P05112, P60568, P29965, P22301, P01375	79	82	19104	20.64340845940105	0.003958400917577043	1.1169609581675616E-5	8.159131059136172E-6
GOTERM_BP_FAT	GO:0006631~fatty acid metabolic process	11	13.924050632911392	1.1401952478778157E-6	P37231, P09917, P11712, Q07869, P23219, P33261, P08684, P09488, P09211, P35354, P05177	79	338	19104	7.869972286720095	0.004327912671779455	1.218023181932397E-5	8.897366288215089E-6
GOTERM_BP_FAT	GO:0071363~cellular response to growth factor stimulus	13	16.455696202531644	1.1876109300816607E-6	P35968, P04626, P04637, P31749, P19320, P13500, P10145, P37231, Q04206, P00533, P09211, P42574, P22301	79	518	19104	6.0689115878989295	0.004507485318152038	1.2651216714567381E-5	9.241409422316115E-6
GOTERM_BP_FAT	GO:0002683~negative regulation of immune system process	14	17.72151898734177	1.1976885078171616E-6	P35869, P04626, P31749, P13500, P37231, P17706, P01106, P08575, P42574, P09601, P05112, P60568, P22301, P01375	79	618	19104	5.478186063659825	0.004545646943114767	1.2722931271588451E-5	9.293795180771158E-6
GOTERM_BP_FAT	GO:1905952~regulation of lipid localization	9	11.39240506329114	1.2023106139397623E-6	P37231, Q07869, P17706, P31749, P05164, P05231, P25963, P01584, P01375	79	193	19104	11.27671017249295	0.004563149378214337	1.273645477663765E-5	9.303673775834707E-6
GOTERM_BP_FAT	GO:0010573~vascular endothelial growth factor production	4	5.063291139240507	1.2980227411077946E-6	P05231, Q16665, P01584, P01375	79	6	19104	161.21518987341773	0.0049255114005790634	1.371216801231373E-5	1.0016408818881815E-5
GOTERM_BP_FAT	GO:0006633~fatty acid biosynthetic process	8	10.126582278481013	1.3095944301198825E-6	P09917, P11712, P23219, P08684, P09488, P09211, P35354, P05177	79	135	19104	14.330239099859352	0.004969312384166313	1.3796087583783692E-5	1.0077710046739706E-5
GOTERM_BP_FAT	GO:0034763~negative regulation of transmembrane transport	8	10.126582278481013	1.3761706969097005E-6	P14780, P10415, P31749, P36544, Q9HC97, P01584, P01375	79	136	19104	14.224869694713329	0.0052212784254728195	1.4457395470573455E-5	1.056077954700317E-5
KEGG_PATHWAY	hsa05120:Epithelial cell signaling in Helicobacter pylori infection	8	10.126582278481013	1.3934740309136262E-6	P08581, O15111, Q04206, P00533, P42574, O14920, P25963, P10145	76	71	9375	13.899184581171237	3.148757666300295E-4	4.108033831394716E-6	1.6468329456251946E-6
KEGG_PATHWAY	hsa05230:Central carbon metabolism in cancer	8	10.126582278481013	1.3934740309136262E-6	P08581, P04626, P04637, P28482, P31749, P01106, Q16665, P00533	76	71	9375	13.899184581171237	3.148757666300295E-4	4.108033831394716E-6	1.6468329456251946E-6
GOTERM_BP_FAT	GO:2000045~regulation of G1/S transition of mitotic cell cycle	9	11.39240506329114	1.4025801333636829E-6	P24385, P10415, P04637, P31749, P38936, P00533, P13500, O14746, P06400	79	197	19104	11.047741438026087	0.005321210503251295	1.4694248614826683E-5	1.0733795070204713E-5
GOTERM_BP_FAT	GO:0002697~regulation of immune effector process	12	15.18987341772152	1.4192460243620403E-6	P35869, Q96P20, P08575, P05362, P05231, P35228, P05112, P60568, P29965, P01584, P22301, P01375	79	433	19104	6.701786184114363	0.005384268293681549	1.4828001732551756E-5	1.0831498504609198E-5
GOTERM_BP_FAT	GO:0043436~oxoacid metabolic process	16	20.253164556962027	1.4233715631423956E-6	P11926, P29474, P09917, P11712, P35354, P35228, P37231, P23219, Q07869, P33261, P08684, P09488, P05164, P09211, Q16665, P05177	79	847	19104	4.568080940923289	0.005399877244698148	1.4830361793508303E-5	1.0833222472355001E-5
GOTERM_BP_FAT	GO:0002902~regulation of B cell apoptotic process	5	6.329113924050633	1.4596892276576812E-6	P10415, Q07812, P01106, P60568, P22301	79	21	19104	57.57685352622062	0.0055372743416127745	1.512588047079608E-5	1.1049091755948334E-5
GOTERM_BP_FAT	GO:0070230~positive regulation of lymphocyte apoptotic process	5	6.329113924050633	1.4596892276576812E-6	P04637, Q07812, P01106, P05362, P22301	79	21	19104	57.57685352622062	0.0055372743416127745	1.512588047079608E-5	1.1049091755948334E-5
GOTERM_BP_FAT	GO:0008630~intrinsic apoptotic signaling pathway in response to DNA damage	7	8.860759493670885	1.4795556774915076E-6	O96017, P10415, P04637, Q07812, P01106, P38936, P01375	79	87	19104	19.457005674378003	0.005612425124724818	1.5290082177989685E-5	1.1169037152367956E-5
KEGG_PATHWAY	hsa05146:Amoebiasis	9	11.39240506329114	1.482583367601202E-6	Q04206, P01579, P05231, P42574, P35228, P01584, P22301, P01375, P10145	76	103	9375	10.77861522738886	3.3500796176144654E-4	4.3146977493009344E-6	1.7296805955347359E-6
KEGG_PATHWAY	hsa04622:RIG-I-like receptor signaling pathway	8	10.126582278481013	1.5337439538700218E-6	O15111, Q04206, Q14790, P02778, O14920, P25963, P01375, P10145	76	72	9375	13.706140350877192	3.465663313964029E-4	4.407087057322721E-6	1.7667177190148351E-6
GOTERM_BP_FAT	GO:0006082~organic acid metabolic process	16	20.253164556962027	1.6228306416903605E-6	P11926, P29474, P09917, P11712, P35354, P35228, P37231, P23219, Q07869, P33261, P08684, P09488, P05164, P09211, Q16665, P05177	79	856	19104	4.520052052525731	0.006154237394040418	1.6725270813952413E-5	1.2217407920368079E-5
GOTERM_BP_FAT	GO:0042060~wound healing	11	13.924050632911392	1.643405320837552E-6	P01583, P31645, P00749, P35968, Q07869, P04626, P05231, P38936, Q16665, P09601, P29965	79	352	19104	7.556962025316455	0.006232018888777557	1.6891541716608675E-5	1.233886481428843E-5
GOTERM_BP_FAT	GO:2001239~regulation of extrinsic apoptotic signaling pathway in absence of ligand	6	7.59493670886076	1.650905312967504E-6	P01583, P10415, P31749, O14746, P01584, P01375	79	49	19104	29.610953242056315	0.006260370701987261	1.692289192780436E-5	1.2361765389282282E-5
GOTERM_BP_FAT	GO:0065009~regulation of molecular function	15	18.9873417721519	1.65662602657679E-6	P04626, P04637, P31749, P36544, P38936, P14780, Q07812, P08575, P08253, Q9HC97, P08246, P01584, P22301, P06400, P01375	79	744	19104	4.875459371171907	0.0062819958612206905	1.693588381470842E-5	1.2371255650081512E-5
GOTERM_BP_FAT	GO:0043200~response to amino acid	8	10.126582278481013	1.7531559705421483E-6	O15111, P08253, P00533, P09211, P08254, Q16236, P42574, P01375	79	141	19104	13.720441691354699	0.00664682265533334	1.7874670659441795E-5	1.3057016852992193E-5
GOTERM_BP_FAT	GO:0050871~positive regulation of B cell activation	7	8.860759493670885	1.8066188453982402E-6	P10415, P08575, P05231, P38936, P05112, P60568, P22301	79	90	19104	18.808438818565403	0.006848823466805376	1.8370511949330234E-5	1.3419216985337731E-5
GOTERM_BP_FAT	GO:0010883~regulation of lipid storage	6	7.59493670886076	1.8285089389688943E-6	P37231, Q07869, P17706, P05231, P25963, P01375	79	50	19104	29.018734177215187	0.0069315197887859226	1.8543518653063214E-5	1.3545594219881569E-5
GOTERM_BP_FAT	GO:0048871~multicellular organismal-level homeostasis	15	18.9873417721519	1.848861458239859E-6	P01583, P35968, P29474, O75469, P10415, P31749, Q8TDU6, Q07812, P17706, P05231, Q16665, P42574, P09601, P01584, P06400	79	751	19104	4.830015675302129	0.0070084012924641614	1.8700053525761125E-5	1.3659939178165765E-5
GOTERM_BP_FAT	GO:0010038~response to metal ion	11	13.924050632911392	1.8651181645602223E-6	P01583, P24385, P10415, P19320, Q14790, Q16665, Q16236, P42574, P05177, P09601, O14746	79	357	19104	7.451122221040314	0.0070698066155095995	1.878157529172606E-5	1.371948886679332E-5
GOTERM_BP_FAT	GO:0070201~regulation of establishment of protein localization	13	16.455696202531644	1.8667987010971472E-6	P01583, O15392, P09917, P04626, P31749, P35228, P37231, P01579, P05231, Q16665, P25963, P01584, P01375	79	541	19104	5.810898710779382	0.007076154172281468	1.878157529172606E-5	1.371948886679332E-5
KEGG_PATHWAY	hsa05010:Alzheimer disease	15	18.9873417721519	1.9139274547083934E-6	P01583, O15111, P28482, P31749, P36544, P35354, P35228, Q04206, Q14790, P05231, P42574, O14920, P01584, P01375	76	388	9375	4.768889039609332	4.3245448329753966E-4	5.430769152735066E-6	2.1770924797307974E-6
GOTERM_MF_FAT	GO:0030545~signaling receptor regulator activity	15	18.9873417721519	1.921678489907434E-6	P01583, P13500, P10145, P00749, P01579, P02778, P05362, P05231, P05112, P01344, P60568, P29965, P01584, P22301, P01375	79	683	17305	4.8107752469559095	0.0010851601774155561	4.7206449860769575E-5	4.00210433332896E-5
GOTERM_BP_FAT	GO:0048511~rhythmic process	10	12.658227848101266	1.9499230695869107E-6	P31645, P37231, P35869, P29474, Q07869, P04637, P08253, P42574, P35228, P01375	79	278	19104	8.698661324105274	0.007390072719163698	1.9566114600630664E-5	1.4292575955969493E-5
GOTERM_BP_FAT	GO:0002700~regulation of production of molecular mediator of immune response	9	11.39240506329114	1.959458409000814E-6	Q96P20, P08575, P05231, P05112, P60568, P29965, P01584, P22301, P01375	79	206	19104	10.56507312277252	0.007426076511763968	1.961005349850025E-5	1.4324672263695424E-5
GOTERM_BP_FAT	GO:0040008~regulation of growth	14	17.72151898734177	1.9911583118639403E-6	P31645, P10415, P04626, P04637, P28482, P31749, P38936, P37231, Q07869, P00533, Q16665, P01344, P60568, P06400	79	647	19104	5.2326414023829555	0.0075457604785656995	1.9875000157529045E-5	1.451820942351188E-5
GOTERM_BP_FAT	GO:0032880~regulation of protein localization	17	21.518987341772153	2.0137210549787273E-6	P01583, O15392, P09917, P10415, P04626, P31749, P35228, P37231, P01579, P00533, P05231, Q16665, P42574, O14746, P25963, P01584, P01375	79	991	19104	4.1483222419497	0.00763093802593795	2.0047594691319633E-5	1.4644285577829594E-5
GOTERM_BP_FAT	GO:0001892~embryonic placenta development	7	8.860759493670885	2.0557615600383543E-6	P28482, P31749, Q14790, Q16665, P00533, P01344, P22301	79	92	19104	18.39955971381398	0.007789627385347275	2.0412692461686323E-5	1.4910980714847385E-5
GOTERM_BP_FAT	GO:0009790~embryo development	18	22.78481012658228	2.089231027673671E-6	P35968, P29474, P04637, P28482, P31749, P38936, P10145, P14780, Q07812, P01106, Q14790, P08253, P00533, Q16665, P42574, P01344, P22301, P01375	79	1119	19104	3.889910747615977	0.007915945701523541	2.069100416209107E-5	1.5114280715826714E-5
GOTERM_BP_FAT	GO:1902107~positive regulation of leukocyte differentiation	9	11.39240506329114	2.105959055415361E-6	Q96P20, P01579, Q14790, P08575, P05112, P60568, P22301, P01375, P06400	79	208	19104	10.4634858812074	0.007979073524247315	2.0748606963068956E-5	1.5156358176020395E-5
GOTERM_BP_FAT	GO:1903708~positive regulation of hemopoiesis	9	11.39240506329114	2.105959055415361E-6	Q96P20, P01579, Q14790, P08575, P05112, P60568, P22301, P01375, P06400	79	208	19104	10.4634858812074	0.007979073524247315	2.0748606963068956E-5	1.5156358176020395E-5
GOTERM_BP_FAT	GO:0006805~xenobiotic metabolic process	8	10.126582278481013	2.113726064353789E-6	P35869, O75469, P11712, P33261, P08684, P09488, P09211, P05177	79	145	19104	13.341946748144915	0.008008383108138784	2.0771318405006356E-5	1.5172948337919447E-5
GOTERM_BP_FAT	GO:0043269~regulation of monoatomic ion transport	12	15.18987341772152	2.1513900982678E-6	P31645, P14780, P29474, P10415, Q07812, P31749, P01579, P36544, P02778, Q9HC97, P13500	79	452	19104	6.42007393301221	0.008150499822117241	2.108694985492898E-5	1.540350951801018E-5
GOTERM_BP_FAT	GO:0045834~positive regulation of lipid metabolic process	8	10.126582278481013	2.212958128465485E-6	P37231, Q07869, P28482, P31749, P01579, P35354, P01584, P01375	79	146	19104	13.250563551239813	0.008382769029127157	2.1634652345897786E-5	1.580359300996688E-5
GOTERM_BP_FAT	GO:0070374~positive regulation of ERK1 and ERK2 cascade	9	11.39240506329114	2.2616809534861564E-6	P35968, P36544, P08575, P05362, P00533, Q8TDU6, P01584, P01375	79	210	19104	10.36383363471971	0.008566540360179453	2.202874150803488E-5	1.609146566114144E-5
GOTERM_BP_FAT	GO:0016098~monoterpenoid metabolic process	4	5.063291139240507	2.2648535181808147E-6	P11712, P33261, P08684, P05177	79	7	19104	138.18444846292948	0.008578505366265476	2.202874150803488E-5	1.609146566114144E-5
GOTERM_BP_FAT	GO:0098586~cellular response to virus	7	8.860759493670885	2.3322555182544164E-6	O15111, Q96P20, Q07812, P01579, P02778, P05231, Q16665	79	94	19104	18.008079719903044	0.00883267106892216	2.2626448305922312E-5	1.652807609620094E-5
GOTERM_BP_FAT	GO:0002706~regulation of lymphocyte mediated immunity	9	11.39240506329114	2.427094653587967E-6	P35869, Q96P20, P08575, P05231, P05112, P60568, P01584, P22301, P01375	79	212	19104	10.266061619297826	0.009190188950369382	2.3486618238155313E-5	1.7156409536049292E-5
GOTERM_BP_FAT	GO:0002702~positive regulation of production of molecular mediator of immune response	8	10.126582278481013	2.53432571251658E-6	Q96P20, P08575, P05231, P05112, P60568, P01584, P22301, P01375	79	149	19104	12.983773681080622	0.00959426574050759	2.4400102999241907E-5	1.7823688175622934E-5
GOTERM_BP_FAT	GO:0045471~response to ethanol	8	10.126582278481013	2.53432571251658E-6	P24385, Q07869, P19320, Q14790, P09211, P42574, P60568, P01375	79	149	19104	12.983773681080622	0.00959426574050759	2.4400102999241907E-5	1.7823688175622934E-5
GOTERM_BP_FAT	GO:0070498~interleukin-1-mediated signaling pathway	5	6.329113924050633	2.5676029641755784E-6	P01583, Q04206, O14920, P25963, P01584	79	24	19104	50.37974683544304	0.0097196302844621	2.4658065840302333E-5	1.801212382444383E-5
GOTERM_BP_FAT	GO:0032680~regulation of tumor necrosis factor production	9	11.39240506329114	2.6944616989968286E-6	P01583, P01579, P36544, P08575, P05231, P09211, P05112, P22301	79	215	19104	10.122814247865763	0.010197396473529907	2.581117844152378E-5	1.8854444835801488E-5
GOTERM_MF_FAT	GO:0016705~oxidoreductase activity, acting on paired donors, with incorporation or reduction of molecular oxygen	9	11.39240506329114	2.901914351057518E-6	P29474, P11712, P23219, P33261, P08684, P35354, P05177, P09601, P35228	79	197	17305	10.007389320825034	0.001638240603775598	6.83159003478124E-5	5.791737392318963E-5
GOTERM_BP_FAT	GO:0030217~T cell differentiation	9	11.39240506329114	2.9864687003751107E-6	P10415, P04626, P04637, P17706, P08575, P05231, Q16236, P60568, P22301	79	218	19104	9.983509464638253	0.011296256597738363	2.85365338380064E-5	2.0845251381010196E-5
GOTERM_BP_FAT	GO:0042063~gliogenesis	10	12.658227848101266	3.084287942880756E-6	P04626, P04637, P28482, P31749, P01579, P09211, P13500, P01584, P01375, P06400	79	294	19104	8.225264789460088	0.011664090285802509	2.9374304402870742E-5	2.145722262192346E-5
GOTERM_BP_FAT	GO:0002822~regulation of adaptive immune response based on somatic recombination of immune receptors built from immunoglobulin superfamily domains	9	11.39240506329114	3.089592890125768E-6	P35869, Q96P20, P08575, P05231, P05112, P60568, P01584, P22301, P01375	79	219	19104	9.937922663429859	0.011684034783517983	2.9374304402870742E-5	2.145722262192346E-5
GOTERM_BP_FAT	GO:0051248~negative regulation of protein metabolic process	14	17.72151898734177	3.12027840640343E-6	P04637, P31749, P36544, P38936, P35228, P00749, Q04206, P17706, P08575, P08253, P00533, P22301, P06400	79	674	19104	5.023025203771175	0.011799392262497488	2.9592066781925798E-5	2.1616292800470648E-5
GOTERM_BP_FAT	GO:0071375~cellular response to peptide hormone stimulus	10	12.658227848101266	3.170965688636009E-6	P37231, P42224, Q04206, P28482, P17706, P31749, P09211, Q16236, P01344, P06400	79	295	19104	8.197382535936494	0.011989913821869091	2.999796645244463E-5	2.1912792743857795E-5
GOTERM_BP_FAT	GO:1903555~regulation of tumor necrosis factor superfamily cytokine production	9	11.39240506329114	3.195727257926221E-6	P01583, P01579, P36544, P08575, P05231, P09211, P05112, P22301	79	220	19104	9.892750287686995	0.012082973379000217	3.0157197920331067E-5	2.2029107500047254E-5
GOTERM_BP_FAT	GO:0044772~mitotic cell cycle phase transition	8	10.126582278481013	3.294874448920965E-6	O96017, P24385, O15392, P10415, P11802, P01106, P38936, P06400	79	155	19104	12.481175990200082	0.012455503082401398	3.1015860220907005E-5	2.2656339651243665E-5
GOTERM_BP_FAT	GO:0001101~response to acid chemical	8	10.126582278481013	3.4384585591319583E-6	O15111, P08253, P00533, P09211, P08254, Q16236, P42574, P01375	79	156	19104	12.401168451801363	0.012994748452721083	3.228755037130577E-5	2.3585278709305135E-5
GOTERM_BP_FAT	GO:0055123~digestive system development	8	10.126582278481013	3.587226489468992E-6	P10415, Q16665, P00533, Q16236, P01344, P01375, P06400, P10145	79	157	19104	12.322180117713456	0.013553151703052824	3.36015328557896E-5	2.4545111299864188E-5
GOTERM_BP_FAT	GO:0050708~regulation of protein secretion	10	12.658227848101266	3.636538944627671E-6	P01583, P37231, O15392, P09917, P01579, P05231, Q16665, P35228, P01584, P01375	79	300	19104	8.060759493670888	0.013738177233846405	3.3979748418719984E-5	2.482138866873629E-5
GOTERM_BP_FAT	GO:0051050~positive regulation of transport	16	20.253164556962027	3.731480460871075E-6	P01583, P31645, P31749, P13500, P37231, Q07812, P01579, P02778, P08575, P05164, Q16236, Q16665, P05112, O14746, P01584, P01375	79	916	19104	4.22397877397601	0.014094310113454522	3.478142204091347E-5	2.5406991961519233E-5
GOTERM_BP_FAT	GO:0050921~positive regulation of chemotaxis	8	10.126582278481013	3.7413260994992357E-6	P35968, P08581, P28482, P02778, P05231, P13500, P10145	79	158	19104	12.244191635955776	0.014131234497821499	3.4787929477739835E-5	2.541174548755227E-5
GOTERM_BP_FAT	GO:0080135~regulation of cellular response to stress	13	16.455696202531644	3.7572727521451885E-6	O96017, P09917, P10415, P04637, P28482, P31749, P35354, Q07812, P17706, P01106, P00533, P09211, Q16236	79	579	19104	5.4295271200891975	0.014191036759164	3.485099579611744E-5	2.5457813915754473E-5
GOTERM_BP_FAT	GO:0045786~negative regulation of cell cycle	11	13.924050632911392	3.8275995853886315E-6	O96017, P24385, O15392, P10415, P04637, P38936, P42574, P13500, P22301, P01375, P06400	79	387	19104	6.873515847316258	0.014454729326735638	3.532657923279791E-5	2.5805216173734577E-5
GOTERM_BP_FAT	GO:0048545~response to steroid hormone	10	12.658227848101266	3.838595489652186E-6	P24385, P10415, Q07869, P08575, P05231, P09211, P42574, P11473, P22301, P01375	79	302	19104	8.007376980467768	0.014495952424055103	3.532657923279791E-5	2.5805216173734577E-5
GOTERM_BP_FAT	GO:1904035~regulation of epithelial cell apoptotic process	6	7.59493670886076	3.854990897084179E-6	P10415, Q07869, Q07812, P05231, P09601, P06400	79	58	19104	25.016150152771715	0.01455741478799899	3.532657923279791E-5	2.5805216173734577E-5
GOTERM_BP_FAT	GO:1902003~regulation of amyloid-beta formation	6	7.59493670886076	3.854990897084179E-6	Q04206, P01579, P36544, P42574, P01375	79	58	19104	25.016150152771715	0.01455741478799899	3.532657923279791E-5	2.5805216173734577E-5
GOTERM_BP_FAT	GO:0031100~animal organ regeneration	6	7.59493670886076	3.854990897084179E-6	P37231, P24385, P05231, P09211, P22301, P01375	79	58	19104	25.016150152771715	0.01455741478799899	3.532657923279791E-5	2.5805216173734577E-5
GOTERM_BP_FAT	GO:1902806~regulation of cell cycle G1/S phase transition	9	11.39240506329114	3.8998397602612E-6	P24385, P10415, P04637, P31749, P38936, P00533, P13500, O14746, P06400	79	226	19104	9.630110899518314	0.014725522606074182	3.565166011604169E-5	2.6042679937513494E-5
GOTERM_BP_FAT	GO:0022612~gland morphogenesis	7	8.860759493670885	3.978329842901542E-6	Q9NRD8, P10415, Q07812, P08253, P00533, P11473, P01375	79	103	19104	16.434558190979477	0.01501965943412309	3.6281986552888645E-5	2.650311823400596E-5
GOTERM_BP_FAT	GO:1901990~regulation of mitotic cell cycle phase transition	11	13.924050632911392	4.098305585750667E-6	P24385, O15392, P10415, P04637, P11802, P31749, P38936, P00533, P13500, O14746, P06400	79	390	19104	6.8206426484907485	0.015469091621367337	3.7286737183277E-5	2.723706439525204E-5
GOTERM_BP_FAT	GO:1904996~positive regulation of leukocyte adhesion to vascular endothelial cell	5	6.329113924050633	4.201438942277212E-6	P09917, Q04206, P05231, P08246, P01375	79	27	19104	44.78199718706048	0.015855267931982775	3.810506765698638E-5	2.783483511730427E-5
GOTERM_BP_FAT	GO:0032755~positive regulation of interleukin-6 production	7	8.860759493670885	4.208290406503886E-6	P01583, Q04206, P01579, P05231, P35228, P01584, P01375	79	104	19104	16.27653359298929	0.01588091743993203	3.810506765698638E-5	2.783483511730427E-5
GOTERM_MF_FAT	GO:0019902~phosphatase binding	9	11.39240506329114	4.340914123536094E-6	P37231, P42224, P08581, P10415, Q07869, P04637, P28482, P00533	79	208	17305	9.478152385589095	0.00244961658362286	9.810465919191573E-5	8.317191460695156E-5
GOTERM_BP_FAT	GO:0002705~positive regulation of leukocyte mediated immunity	8	10.126582278481013	4.414106306629983E-6	Q96P20, P08575, P05231, P35228, P05112, P60568, P01584, P01375	79	162	19104	11.94186591654946	0.016651109357888605	3.9873744142788184E-5	2.912681073590996E-5
GOTERM_BP_FAT	GO:0048568~embryonic organ development	12	15.18987341772152	4.574421343660416E-6	P35968, P04637, P28482, P31749, P01106, Q14790, Q16665, P00533, P01344, P22301, P01375, P10145	79	489	19104	5.934301467733168	0.017250613148354188	4.110877080411901E-5	3.002896799732911E-5
GOTERM_BP_FAT	GO:0002366~leukocyte activation involved in immune response	9	11.39240506329114	4.583255014711139E-6	P04637, P01579, P05362, P05231, P60568, P29965, P01584, P22301, P01375	79	231	19104	9.421666940654282	0.017283636352416032	4.110877080411901E-5	3.002896799732911E-5
GOTERM_BP_FAT	GO:0002819~regulation of adaptive immune response	9	11.39240506329114	4.583255014711139E-6	P35869, Q96P20, P08575, P05231, P05112, P60568, P01584, P22301, P01375	79	231	19104	9.421666940654282	0.017283636352416032	4.110877080411901E-5	3.002896799732911E-5
GOTERM_BP_FAT	GO:0051607~defense response to virus	10	12.658227848101266	4.623755036369388E-6	P42224, P10415, Q96P20, Q07869, Q04206, P01579, P02778, P08575, P05231, P01375	79	309	19104	7.8259800909426085	0.01743502471685332	4.137444800779478E-5	3.0223038802433318E-5
GOTERM_BP_FAT	GO:0046889~positive regulation of lipid biosynthetic process	7	8.860759493670885	4.700684335811368E-6	Q07869, P28482, P31749, P01579, P35354, P01584, P01375	79	106	19104	15.969429185574397	0.017722520874539183	4.196409044387472E-5	3.065375841522061E-5
GOTERM_BP_FAT	GO:0010721~negative regulation of cell development	10	12.658227848101266	4.746467268258812E-6	P04626, P04637, P17706, P01106, P05231, P05112, P60568, P01584, P01375, P06400	79	310	19104	7.800734993875052	0.017893578537913735	4.225621029919135E-5	3.086714494113951E-5
GOTERM_BP_FAT	GO:0051223~regulation of protein transport	12	15.18987341772152	4.7556292421914005E-6	P01583, P37231, O15392, P09917, P31749, P01579, P05231, Q16665, P35228, P25963, P01584, P01375	79	491	19104	5.910129160328959	0.017927806623337705	4.225621029919135E-5	3.086714494113951E-5
GOTERM_BP_FAT	GO:0032869~cellular response to insulin stimulus	8	10.126582278481013	4.786559035915343E-6	P37231, P42224, P28482, P17706, P31749, P09211, P01344, P06400	79	164	19104	11.796233405372028	0.018043347981892	4.243189746756656E-5	3.0995480190612646E-5
KEGG_PATHWAY	hsa05203:Viral carcinogenesis	11	13.924050632911392	4.8239407979279315E-6	P24385, Q04206, P04637, P28482, Q07812, P11802, Q14790, P38936, P42574, P25963, P06400	76	205	9375	6.619062901155328	0.0010896191833364988	1.3518945199131364E-5	5.419489044585701E-6
GOTERM_BP_FAT	GO:0002639~positive regulation of immunoglobulin production	6	7.59493670886076	4.957541553390513E-6	P08575, P05231, P05112, P60568, P22301, P01375	79	61	19104	23.78584768624196	0.01868182521895645	4.379961698200046E-5	3.199456638863983E-5
GOTERM_BP_FAT	GO:1901992~positive regulation of mitotic cell cycle phase transition	7	8.860759493670885	4.963879810476518E-6	P24385, O15392, P11802, P31749, P00533, O14746, P06400	79	107	19104	15.820182183840057	0.018705485348813777	4.379961698200046E-5	3.199456638863983E-5
GOTERM_BP_FAT	GO:0120254~olefinic compound metabolic process	8	10.126582278481013	5.184832563589114E-6	P09917, P11712, P23219, P33261, P08684, P09211, P35354, P05177	79	166	19104	11.6541101113314	0.019529925243562007	4.5643329257706945E-5	3.334135384641333E-5
GOTERM_BP_FAT	GO:0002263~cell activation involved in immune response	9	11.39240506329114	5.200718618385696E-6	P04637, P01579, P05362, P05231, P60568, P29965, P01584, P22301, P01375	79	235	19104	9.26129814166442	0.01958917410929495	4.5677443200278984E-5	3.3366273260682364E-5
GOTERM_BP_FAT	GO:0010574~regulation of vascular endothelial growth factor production	6	7.59493670886076	5.37528463228804E-6	P01583, Q04206, P05231, Q16665, P35354, P01584	79	62	19104	23.402204981625154	0.02024000237897361	4.710186049905856E-5	3.440677582602805E-5
GOTERM_BP_FAT	GO:0019752~carboxylic acid metabolic process	15	18.9873417721519	5.416839265601594E-6	P11926, P29474, P09917, P11712, P35354, P35228, P37231, P23219, Q07869, P33261, P08684, P09488, P09211, Q16665, P05177	79	824	19104	4.402113801155217	0.020394865384847694	4.735687293582268E-5	3.459305627549708E-5
GOTERM_BP_FAT	GO:0010817~regulation of hormone levels	13	16.455696202531644	5.49603209080501E-6	Q9NRD8, O15392, P09917, P11712, P35228, P37231, P08684, P01579, P05231, Q16665, P05177, P01584, P01375	79	601	19104	5.230775711367131	0.020689928112722855	4.7939013856264805E-5	3.5018296211597055E-5
GOTERM_BP_FAT	GO:1902894~negative regulation of miRNA transcription	5	6.329113924050633	5.650827083052563E-6	P37231, Q07869, Q04206, Q16665, P01375	79	29	19104	41.693583587952865	0.02126641866890644	4.9176419672423107E-5	3.5922191388375335E-5
GOTERM_BP_FAT	GO:0019369~arachidonate metabolic process	6	7.59493670886076	5.820125659312958E-6	P09917, P11712, P23219, P33261, P35354, P05177	79	63	19104	23.030741410488247	0.021896535319771537	5.0534104754262964E-5	3.691394767482054E-5
GOTERM_BP_FAT	GO:0043123~positive regulation of canonical NF-kappaB signal transduction	9	11.39240506329114	5.887283831306805E-6	P01583, O15111, Q04206, Q14790, P09601, O14920, P29965, P01584, P01375	79	239	19104	9.10629733594619	0.022146380652345643	5.100077542245964E-5	3.725483936986402E-5
GOTERM_MF_FAT	GO:0005178~integrin binding	8	10.126582278481013	6.001440368749943E-6	P31645, P35968, P17706, P19320, P05362, P01344, P29965, P01584	79	154	17305	11.379253657734669	0.003385081631906872	1.3041591570552762E-4	1.1056499756273934E-4
GOTERM_BP_FAT	GO:1901987~regulation of cell cycle phase transition	12	15.18987341772152	6.56769211334359E-6	O96017, P24385, O15392, P10415, P04637, P11802, P31749, P38936, P00533, P13500, O14746, P06400	79	508	19104	5.7123492474833055	0.02467407602294225	5.676575706146743E-5	4.1466019751973846E-5
GOTERM_MF_FAT	GO:0044877~protein-containing complex binding	20	25.31645569620253	6.585750196748492E-6	P31645, P35968, P24385, O15111, P31749, P19320, P38936, P14780, Q07869, P17706, P01106, Q14790, P08575, P05164, P05362, P00533, P42574, P01344, P29965, P01584	79	1356	17305	3.2308352936783544	0.0037140469165055645	1.3781292078381106E-4	1.1683608682379733E-4
GOTERM_BP_FAT	GO:0034599~cellular response to oxidative stress	9	11.39240506329114	6.852094005171998E-6	P29474, Q04206, P04637, P05164, P08253, P05231, Q16665, P08254, Q16236	79	244	19104	8.919692882340735	0.025728683307362443	5.908959977702746E-5	4.3163530944144695E-5
GOTERM_BP_FAT	GO:0031960~response to corticosteroid	8	10.126582278481013	7.064962180245549E-6	P24385, P10415, P08575, P05231, P09211, P42574, P22301, P01375	79	174	19104	11.11828895678743	0.02651728618886262	6.0787446089307284E-5	4.44037668251632E-5
KEGG_PATHWAY	hsa05170:Human immunodeficiency virus 1 infection	11	13.924050632911392	7.066500734227606E-6	O15111, P10415, Q04206, P28482, Q07812, P31749, Q14790, P42574, O14920, P25963, P01375	76	214	9375	6.340691096901132	0.0015957602271841065	1.9562142276459345E-5	7.842092278228197E-6
GOTERM_BP_FAT	GO:0043124~negative regulation of canonical NF-kappaB signal transduction	7	8.860759493670885	7.1614422904355E-6	P42224, P36544, Q14790, P09211, P25963, P01375	79	114	19104	14.848767488341107	0.02687450139567793	6.134001133001397E-5	4.48074024388059E-5
GOTERM_BP_FAT	GO:0001960~negative regulation of cytokine-mediated signaling pathway	7	8.860759493670885	7.1614422904355E-6	P01583, P37231, P17706, P08575, P05231, P09211, P01584	79	114	19104	14.848767488341107	0.02687450139567793	6.134001133001397E-5	4.48074024388059E-5
GOTERM_BP_FAT	GO:1902991~regulation of amyloid precursor protein catabolic process	6	7.59493670886076	7.329797439131106E-6	Q04206, P01579, P36544, P42574, P01375	79	66	19104	21.983889528193323	0.027497518328618797	6.264094305846201E-5	4.575770176608138E-5
GOTERM_BP_FAT	GO:0070231~T cell apoptotic process	5	6.329113924050633	7.439907153274102E-6	O96017, P10415, P04637, Q07812, P31749	79	31	19104	39.00367496937526	0.027904775853597408	6.329746510939913E-5	4.623727532840147E-5
GOTERM_BP_FAT	GO:2000629~negative regulation of miRNA metabolic process	5	6.329113924050633	7.439907153274102E-6	P37231, Q07869, Q04206, Q16665, P01375	79	31	19104	39.00367496937526	0.027904775853597408	6.329746510939913E-5	4.623727532840147E-5
GOTERM_BP_FAT	GO:0002573~myeloid leukocyte differentiation	8	10.126582278481013	7.9022303992587E-6	P01583, P37231, P14780, P01579, Q14790, P05112, P01584, P01375	79	177	19104	10.92984338124866	0.029612888629379386	6.708076385799293E-5	4.9000884038260414E-5
GOTERM_BP_FAT	GO:0045088~regulation of innate immune response	12	15.18987341772152	8.486989710785402E-6	P37231, O15111, Q96P20, Q04206, P17706, P31749, Q14790, P00533, Q16236, O14920, P25963, P01375	79	522	19104	5.559144478393715	0.03176906007747937	7.155829561280117E-5	5.227161325594574E-5
GOTERM_BP_FAT	GO:0032731~positive regulation of interleukin-1 beta production	6	7.59493670886076	8.495340010168884E-6	Q96P20, Q04206, P01579, Q14790, P05231, P01375	79	68	19104	21.337304542069994	0.03179981525931663	7.155829561280117E-5	5.227161325594574E-5
GOTERM_BP_FAT	GO:0032757~positive regulation of interleukin-8 production	6	7.59493670886076	8.495340010168884E-6	Q04206, P05231, P35228, P08246, P01584, P01375	79	68	19104	21.337304542069994	0.03179981525931663	7.155829561280117E-5	5.227161325594574E-5
GOTERM_BP_FAT	GO:0032675~regulation of interleukin-6 production	8	10.126582278481013	8.504956512486492E-6	P01583, Q04206, P01579, P05231, P35228, P01584, P22301, P01375	79	179	19104	10.80772222615091	0.0318352328129754	7.155829561280117E-5	5.227161325594574E-5
GOTERM_BP_FAT	GO:0051402~neuron apoptotic process	7	8.860759493670885	8.734871975120826E-6	P10415, P04637, Q07812, Q16665, P42574, P01375, P06400	79	118	19104	14.345419437888864	0.03268162530375818	7.333050357921524E-5	5.356616853617142E-5
GOTERM_BP_FAT	GO:0040013~negative regulation of locomotion	11	13.924050632911392	9.081833349140508E-6	P37231, P10415, P17706, P31749, P09211, Q16236, P09601, P13500, P05112, P08246, P01375	79	427	19104	6.229626774968131	0.033957501023273995	7.607535732771223E-5	5.557121815839721E-5
GOTERM_BP_FAT	GO:0060761~negative regulation of response to cytokine stimulus	7	8.860759493670885	9.169027878482891E-6	P01583, P37231, P17706, P08575, P05231, P09211, P01584	79	119	19104	14.224869694713329	0.03427787550619754	7.663695169641855E-5	5.598144933280323E-5
KEGG_PATHWAY	hsa04068:FoxO signaling pathway	9	11.39240506329114	1.0087363528132263E-5	P24385, O15111, P28482, P31749, P05231, P38936, P00533, O14920, P22301	76	133	9375	8.347348634744757	0.0022771589864489794	2.7588331576940042E-5	1.1059639530843807E-5
GOTERM_BP_FAT	GO:2001243~negative regulation of intrinsic apoptotic signaling pathway	7	8.860759493670885	1.0089828828179018E-5	P14780, P10415, P31749, Q16665, Q16236, P35354, P22301	79	121	19104	13.989747881577571	0.03765465138746005	8.41482873543088E-5	6.146829930851165E-5
GOTERM_BP_FAT	GO:0043525~positive regulation of neuron apoptotic process	6	7.59493670886076	1.0510067041415399E-5	P04637, Q07812, Q14790, P08253, P42574, P01375	79	71	19104	20.435728293813515	0.039191830195014044	8.742803779974935E-5	6.38640780982655E-5
GOTERM_BP_FAT	GO:0072330~monocarboxylic acid biosynthetic process	8	10.126582278481013	1.0546736302671867E-5	P09917, P11712, P23219, P08684, P09488, P09211, P35354, P05177	79	185	19104	10.457201505302772	0.039325845265148374	8.742803779974935E-5	6.38640780982655E-5
GOTERM_BP_FAT	GO:0071492~cellular response to UV-A	4	5.063291139240507	1.0552056100469354E-5	P14780, P03956, P08253, P08254	79	11	19104	87.9355581127733	0.0393452859665564	8.742803779974935E-5	6.38640780982655E-5
GOTERM_BP_FAT	GO:0032787~monocarboxylic acid metabolic process	12	15.18987341772152	1.06904227424972E-5	P37231, P09917, P11712, Q07869, P23219, P33261, P08684, P09488, Q16665, P09211, P35354, P05177	79	535	19104	5.424062463030877	0.0398507957319425	8.83819080211236E-5	6.4560857344907E-5
GOTERM_BP_FAT	GO:2000108~positive regulation of leukocyte apoptotic process	5	6.329113924050633	1.0864217698568973E-5	P04637, Q07812, P01106, P05362, P22301	79	34	19104	35.56217423678332	0.040485362800326996	8.962390435500608E-5	6.546810578443516E-5
GOTERM_BP_FAT	GO:0030856~regulation of epithelial cell differentiation	8	10.126582278481013	1.0923582641867399E-5	P42224, P24385, P14780, P01579, O14920, P11473, P01584, P01375	79	186	19104	10.4009799918334	0.040702022364015766	8.99185817900903E-5	6.568336056083904E-5
GOTERM_BP_FAT	GO:0003013~circulatory system process	12	15.18987341772152	1.1070251431096911E-5	P31645, P37231, P42224, Q9UNQ0, P29474, Q07869, P23219, P02778, P08253, P35354, P35228, P01375	79	537	19104	5.403861113075455	0.04123709824065125	9.092908464894504E-5	6.642150858658147E-5
GOTERM_MF_FAT	GO:0019900~kinase binding	15	18.9873417721519	1.2693808638436529E-5	O96017, P24385, P04626, P04637, P31749, P38936, Q07869, Q04206, P17706, P08575, P00533, P09211, Q16665, O14920, P06400	79	805	17305	4.081688812013523	0.0071463896453429765	2.5614292431130854E-4	2.1715479777896778E-4
GOTERM_BP_FAT	GO:0071674~mononuclear cell migration	7	8.860759493670885	1.272298639580574E-5	P09917, P02778, P05362, P08253, P05231, Q9HC97, P13500	79	126	19104	13.434599156118143	0.04724600692968606	1.0427913203286473E-4	7.61733969990266E-5
GOTERM_BP_FAT	GO:0008015~blood circulation	11	13.924050632911392	1.3251512916945676E-5	P31645, P37231, P42224, P29474, Q07869, P23219, P02778, P08253, P35354, P35228, P01375	79	446	19104	5.964239087245274	0.049159633536866365	1.0837742714654709E-4	7.916710297478513E-5
KEGG_PATHWAY	hsa05330:Allograft rejection	6	7.59493670886076	1.3334527517523597E-5	P01579, P05112, P60568, P29965, P22301, P01375	76	39	9375	18.977732793522268	0.003009086907039271	3.603497317235544E-5	1.4445738143983895E-5
GOTERM_BP_FAT	GO:0098542~defense response to other organism	16	20.253164556962027	1.3423605990312853E-5	O15111, P04637, P13500, P35228, P10145, P37231, P42224, Q96P20, Q04206, P01579, P02778, P08254, O14920, P08246, P22301, P01375	79	1019	19104	3.797021155016708	0.049781898221508136	1.0954929953038578E-4	8.00231275559852E-5
GOTERM_BP_FAT	GO:0097192~extrinsic apoptotic signaling pathway in absence of ligand	5	6.329113924050633	1.371412791938824E-5	P01583, P10415, Q07812, P60568, P01584	79	36	19104	33.58649789029536	0.05083146157745422	1.1144194119109718E-4	8.14056567522661E-5
GOTERM_BP_FAT	GO:0010743~regulation of macrophage derived foam cell differentiation	5	6.329113924050633	1.371412791938824E-5	P37231, Q07869, P25963, P01584, P01375	79	36	19104	33.58649789029536	0.05083146157745422	1.1144194119109718E-4	8.14056567522661E-5
GOTERM_BP_FAT	GO:2000134~negative regulation of G1/S transition of mitotic cell cycle	6	7.59493670886076	1.3756226698220183E-5	P24385, P10415, P04637, P38936, P13500, P06400	79	75	19104	19.345822784810128	0.05098345490782896	1.1154569324804128E-4	8.148144513359418E-5
GOTERM_BP_FAT	GO:0048872~homeostasis of number of cells	10	12.658227848101266	1.408593433502254E-5	P29474, P10415, Q07812, P17706, P31749, P05231, Q16665, P42574, P09601, P06400	79	355	19104	6.8119094312711725	0.05217298935099646	1.1397618782146961E-4	8.325686294189919E-5
GOTERM_BP_FAT	GO:0032722~positive regulation of chemokine production	6	7.59493670886076	1.467823489377368E-5	P01579, P05231, Q16665, P09601, P01584, P01375	79	76	19104	19.091272485009995	0.05430617574715968	1.1851661847350594E-4	8.657353829066515E-5
GOTERM_BP_FAT	GO:0050796~regulation of insulin secretion	8	10.126582278481013	1.4846270974993671E-5	O15392, P09917, P01579, P05231, Q16665, P35228, P01584, P01375	79	195	19104	9.920934761441089	0.054910487749794124	1.1936652963615418E-4	8.719437794615734E-5
GOTERM_BP_FAT	GO:0097193~intrinsic apoptotic signaling pathway	8	10.126582278481013	1.4846270974993671E-5	O96017, P10415, P04637, Q07812, P01106, P38936, P42574, P01375	79	195	19104	9.920934761441089	0.054910487749794124	1.1936652963615418E-4	8.719437794615734E-5
GOTERM_BP_FAT	GO:0048147~negative regulation of fibroblast proliferation	5	6.329113924050633	1.5328921250632027E-5	P37231, P04637, Q07812, P01106, P09211	79	37	19104	32.67875470407116	0.05664410785675711	1.2298710446445908E-4	8.983912074737505E-5
GOTERM_BP_FAT	GO:0030879~mammary gland development	7	8.860759493670885	1.588613480482083E-5	P24385, Q07869, P28482, Q07812, P31749, Q16665, P11473	79	131	19104	12.921828195960963	0.05864159652887846	1.2718941192154445E-4	9.29088052374574E-5
GOTERM_BP_FAT	GO:0001568~blood vessel development	12	15.18987341772152	1.6633142710541357E-5	P35869, P35968, P29474, P28482, Q07812, P31749, Q14790, P08253, Q16665, P09601, P13500, P10145	79	561	19104	5.172679888986665	0.061312823913107106	1.328904237987159E-4	9.707325724765522E-5
GOTERM_MF_FAT	GO:0004497~monooxygenase activity	7	8.860759493670885	1.6761194521661963E-5	P29474, P11712, P33261, P08684, P05177, P09601, P35228	79	120	17305	12.77795358649789	0.009425453578323362	3.169856038667797E-4	2.687364677029867E-4
GOTERM_MF_FAT	GO:0004672~protein kinase activity	13	16.455696202531644	1.6831094010625472E-5	O96017, P35968, P24385, P08581, O15111, P04626, P28482, P31749, P11802, P00533, O14920, P13500	79	609	17305	4.675957681195568	0.009464574432734962	3.169856038667797E-4	2.687364677029867E-4
GOTERM_BP_FAT	GO:0038034~signal transduction in absence of ligand	5	6.329113924050633	1.7079376271909623E-5	P01583, P10415, Q07812, P60568, P01584	79	38	19104	31.818787475016656	0.06290489475615446	1.3614528271322325E-4	9.945085337295141E-5
GOTERM_BP_FAT	GO:0009896~positive regulation of catabolic process	13	16.455696202531644	1.711213387770726E-5	P35968, P31749, Q07869, Q07812, P01579, Q16236, P05231, Q16665, P42574, P09601, P05112, P01584, P01375	79	673	19104	4.671168205841969	0.06302166083465988	1.3614528271322325E-4	9.945085337295141E-5
GOTERM_BP_FAT	GO:0098869~cellular oxidant detoxification	6	7.59493670886076	1.773607045968307E-5	Q9NRD8, P29474, P23219, P05164, P09211, P35354	79	79	19104	18.366287453933666	0.06524293814206072	1.4057421340640943E-4	1.0268608068446105E-4
GOTERM_BP_FAT	GO:0007399~nervous system development	25	31.645569620253166	1.7742735323448995E-5	P31645, Q9NRD8, P24385, P10415, P04626, P28482, P04637, P31749, P36544, P19320, P13500, P08581, Q07812, P01579, P08253, P09211, Q16665, P00533, P05231, P42574, P01375, P01584, P06400	79	2395	19104	2.524246187997146	0.06526663729037152	1.4057421340640943E-4	1.0268608068446105E-4
GOTERM_BP_FAT	GO:0042176~regulation of protein catabolic process	11	13.924050632911392	1.795437719522171E-5	P11926, O96017, Q04206, P31749, P01579, P00533, Q16236, P35228, P01584, P22301, P01375	79	462	19104	5.757685352622061	0.06601888830833413	1.4195529412355128E-4	1.0369492691959648E-4
GOTERM_BP_FAT	GO:0034614~cellular response to reactive oxygen species	7	8.860759493670885	1.8070107950569336E-5	P29474, Q04206, P05164, P08253, P05231, P08254, Q16236	79	134	19104	12.632533534857359	0.06642998086821306	1.4227871746586994E-4	1.0393117988960998E-4
GOTERM_BP_FAT	GO:0002824~positive regulation of adaptive immune response based on somatic recombination of immune receptors built from immunoglobulin superfamily domains	7	8.860759493670885	1.8070107950569336E-5	Q96P20, P08575, P05231, P05112, P60568, P01584, P01375	79	134	19104	12.632533534857359	0.06642998086821306	1.4227871746586994E-4	1.0393117988960998E-4
KEGG_PATHWAY	hsa04920:Adipocytokine signaling pathway	7	8.860759493670885	1.8709178998199587E-5	O15111, Q07869, Q04206, P31749, O14920, P25963, P01375	76	70	9375	12.335526315789473	0.004219387274283282	4.9383530611526815E-5	1.9796921963211194E-5
KEGG_PATHWAY	hsa05204:Chemical carcinogenesis - DNA adducts	7	8.860759493670885	1.8709178998199587E-5	P11712, P33261, P08684, P09488, P09211, P35354, P05177	76	70	9375	12.335526315789473	0.004219387274283282	4.9383530611526815E-5	1.9796921963211194E-5
GOTERM_BP_FAT	GO:0042098~T cell proliferation	6	7.59493670886076	1.885843647976894E-5	P04626, P04637, Q07812, P01106, P08575, P60568	79	80	19104	18.136708860759494	0.06922543027392103	1.4817899572843238E-4	1.082411911999961E-4
GOTERM_BP_FAT	GO:0021782~glial cell development	7	8.860759493670885	1.9656135766811025E-5	P04626, P28482, P31749, P01579, P09211, P01584, P01375	79	136	19104	12.446760982874162	0.07204559071678662	1.541284212807883E-4	1.125871034230949E-4
GOTERM_BP_FAT	GO:0032732~positive regulation of interleukin-1 production	6	7.59493670886076	2.003534091283218E-5	Q96P20, Q04206, P01579, Q14790, P05231, P01375	79	81	19104	17.91279887482419	0.07338322313831014	1.5645528205183515E-4	1.142868192321846E-4
GOTERM_BP_FAT	GO:0006970~response to osmotic stress	6	7.59493670886076	2.003534091283218E-5	Q96P20, P04637, Q07812, P35354, P42574, P01375	79	81	19104	17.91279887482419	0.07338322313831014	1.5645528205183515E-4	1.142868192321846E-4
GOTERM_BP_FAT	GO:0002699~positive regulation of immune effector process	9	11.39240506329114	2.0076302298526308E-5	Q96P20, P08575, P05231, P35228, P05112, P60568, P01584, P22301, P01375	79	283	19104	7.690477255445722	0.07352759753463356	1.5645528205183515E-4	1.142868192321846E-4
GOTERM_BP_FAT	GO:0097529~myeloid leukocyte migration	7	8.860759493670885	2.0490207984551245E-5	P02778, P08253, P05231, Q9HC97, P13500, P01584, P10145	79	137	19104	12.355908712926174	0.07498520752826865	1.5935431690234842E-4	1.1640449443984327E-4
KEGG_PATHWAY	hsa04062:Chemokine signaling pathway	10	12.658227848101266	2.1428835250942367E-5	P42224, O15111, Q04206, P28482, P31749, P02778, O14920, P13500, P25963, P10145	76	193	9375	6.391464412326152	0.004831260392321179	5.5912018413378355E-5	2.2414069055583394E-5
KEGG_PATHWAY	hsa04060:Cytokine-cytokine receptor interaction	12	15.18987341772152	2.2243189667264682E-5	P01583, P01579, P02778, P05231, P13500, P05112, P60568, P29965, P01584, P22301, P01375, P10145	76	298	9375	4.967326033203815	0.005014402470919999	5.7377318800785036E-5	2.3001480224103253E-5
GOTERM_BP_FAT	GO:1902807~negative regulation of cell cycle G1/S phase transition	6	7.59493670886076	2.2560193730319924E-5	P24385, P10415, P04637, P38936, P13500, P06400	79	83	19104	17.4811651669971	0.08224053648587548	1.7509472807429932E-4	1.2790248608740562E-4
GOTERM_BP_FAT	GO:0098771~inorganic ion homeostasis	11	13.924050632911392	2.27724015336485E-5	P01583, P35968, P10415, Q07812, P01106, P36544, Q16665, P09601, P11473, P08246	79	475	19104	5.600106595602931	0.08298110508175294	1.7638175770359518E-4	1.2884263026573427E-4
GOTERM_BP_FAT	GO:0045931~positive regulation of mitotic cell cycle	7	8.860759493670885	2.3165144830752628E-5	P24385, O15392, P11802, P31749, P00533, O14746, P06400	79	140	19104	12.09113924050633	0.08435013571368877	1.7869583324817901E-4	1.3053300677450466E-4
GOTERM_BP_FAT	GO:0002821~positive regulation of adaptive immune response	7	8.860759493670885	2.3165144830752628E-5	Q96P20, P08575, P05231, P05112, P60568, P01584, P01375	79	140	19104	12.09113924050633	0.08435013571368877	1.7869583324817901E-4	1.3053300677450466E-4
GOTERM_BP_FAT	GO:0002708~positive regulation of lymphocyte mediated immunity	7	8.860759493670885	2.411678877975301E-5	Q96P20, P08575, P05231, P05112, P60568, P01584, P01375	79	141	19104	12.005386479935362	0.0876589229006477	1.8566021807570992E-4	1.356203223282467E-4
KEGG_PATHWAY	hsa04931:Insulin resistance	8	10.126582278481013	2.4513888871706078E-5	P29474, Q07869, Q04206, P31749, P05231, O14920, P25963, P01375	76	109	9375	9.053597295992274	0.0055248881481833045	6.252418847053123E-5	2.506476277893543E-5
GOTERM_BP_FAT	GO:0046883~regulation of hormone secretion	9	11.39240506329114	2.512110009562439E-5	P37231, O15392, P09917, P01579, P05231, Q16665, P35228, P01584, P01375	79	292	19104	7.453441997572394	0.09113786691285441	1.9300109831042335E-4	1.4098265871847386E-4
GOTERM_BP_FAT	GO:0050730~regulation of peptidyl-tyrosine phosphorylation	6	7.59493670886076	2.532583193907796E-5	P17706, P01579, P05231, P00533, P05112, P22301	79	85	19104	17.069843633655996	0.09184543096648923	1.9418173158127717E-4	1.4184508291685197E-4
GOTERM_MF_FAT	GO:0016301~kinase activity	15	18.9873417721519	2.5512099401460962E-5	O96017, P35968, P24385, O15111, P04626, P28482, P31749, P11802, P38936, P13500, P00749, P08581, P00533, O14920	79	857	17305	3.834025080129389	0.014311128218341573	4.649785858653369E-4	3.9420308429999356E-4
GOTERM_BP_FAT	GO:0042100~B cell proliferation	5	6.329113924050633	2.5579852363335444E-5	P10415, Q07812, P08575, P29965, P22301	79	42	19104	28.78842676311031	0.09272257346847024	1.9534172397141504E-4	1.4269242944848568E-4
GOTERM_BP_FAT	GO:1904994~regulation of leukocyte adhesion to vascular endothelial cell	5	6.329113924050633	2.5579852363335444E-5	P09917, Q04206, P05231, P08246, P01375	79	42	19104	28.78842676311031	0.09272257346847024	1.9534172397141504E-4	1.4269242944848568E-4
GOTERM_BP_FAT	GO:0001944~vasculature development	12	15.18987341772152	2.6063493626770286E-5	P35869, P35968, P29474, P28482, Q07812, P31749, Q14790, P08253, Q16665, P09601, P13500, P10145	79	589	19104	4.926779996131612	0.09439026500569125	1.9862735631973627E-4	1.4509250482677556E-4
GOTERM_BP_FAT	GO:0048565~digestive tract development	7	8.860759493670885	2.6114561703883287E-5	P10415, Q16665, P00533, Q16236, P01375, P06400, P10145	79	143	19104	11.837478976719483	0.09456617894029573	1.9862735631973627E-4	1.4509250482677556E-4
GOTERM_BP_FAT	GO:0032870~cellular response to hormone stimulus	12	15.18987341772152	2.688632410242128E-5	P37231, P42224, Q07869, Q04206, P28482, P17706, P31749, P09211, Q16236, P01344, P11473, P06400	79	591	19104	4.9101073057893725	0.09722050937758253	2.0408920271758107E-4	1.4908225220863536E-4
KEGG_PATHWAY	hsa05332:Graft-versus-host disease	6	7.59493670886076	2.7258772700787397E-5	P01583, P01579, P05231, P60568, P01584, P01375	76	45	9375	16.447368421052634	0.006141629213411548	6.875268225643044E-5	2.7561647953018367E-5
GOTERM_BP_FAT	GO:0050878~regulation of body fluid levels	10	12.658227848101266	2.7263680778380117E-5	P31645, P00749, P24385, P29474, Q07869, P05231, Q16665, Q16236, P11473, P29965	79	386	19104	6.264838984718306	0.09851552292147736	2.0654139043860476E-4	1.5087351633932266E-4
GOTERM_BP_FAT	GO:0031663~lipopolysaccharide-mediated signaling pathway	5	6.329113924050633	2.811630351012801E-5	P29474, P28482, P31749, P25963, P01375	79	43	19104	28.11892846629379	0.10143472106772922	2.1257714164814477E-4	1.552824873780032E-4
GOTERM_BP_FAT	GO:0002761~regulation of myeloid leukocyte differentiation	7	8.860759493670885	2.8243458041745592E-5	P17706, P01106, P01579, Q14790, P05112, P01375, P06400	79	145	19104	11.6742034046268	0.10186926049812461	2.1311482327928273E-4	1.5567525087295487E-4
GOTERM_BP_FAT	GO:0000082~G1/S transition of mitotic cell cycle	6	7.59493670886076	2.834801198005167E-5	P24385, P10415, P11802, P01106, P38936, P06400	79	87	19104	16.677433435181143	0.1022264069912997	2.1348017734680493E-4	1.5594213322887827E-4
GOTERM_BP_FAT	GO:0045913~positive regulation of carbohydrate metabolic process	6	7.59493670886076	2.996038048170403E-5	Q07869, P17706, P31749, P01579, Q16665, P01344	79	88	19104	16.487917146144994	0.10771616350427882	2.251765355176293E-4	1.644860414588415E-4
GOTERM_BP_FAT	GO:0060341~regulation of cellular localization	12	15.18987341772152	3.0406952457998664E-5	O15392, P10415, P04626, P28482, Q07812, P31749, P01579, Q16665, P00533, P25963, P01584, P01375	79	599	19104	4.844529912723738	0.10923069834847277	2.2808213056759157E-4	1.6660850873435954E-4
GOTERM_BP_FAT	GO:0001889~liver development	7	8.860759493670885	3.0509816659704514E-5	P24385, P08581, Q04206, P05231, P22301, P01375	79	147	19104	11.515370705244122	0.10957919472710731	2.2840321408829973E-4	1.6684305252098256E-4
GOTERM_BP_FAT	GO:0060251~regulation of glial cell proliferation	5	6.329113924050633	3.083240275911433E-5	P04637, P05231, P01584, P01375, P06400	79	44	19104	27.479861910241656	0.11067120904058236	2.3036469094874613E-4	1.6827586417449825E-4
GOTERM_BP_FAT	GO:0044843~cell cycle G1/S phase transition	6	7.59493670886076	3.164304401362878E-5	P24385, P10415, P11802, P01106, P38936, P06400	79	89	19104	16.302659650120894	0.11340947525238132	2.35957836046726E-4	1.723615220977662E-4
GOTERM_BP_FAT	GO:0061008~hepaticobiliary system development	7	8.860759493670885	3.418143639371149E-5	P24385, P08581, Q04206, P05231, P22301, P01375	79	150	19104	11.285063291139242	0.12192951219639447	2.543874806365651E-4	1.8582393405426715E-4
GOTERM_BP_FAT	GO:0006959~humoral immune response	9	11.39240506329114	3.425650965820319E-5	P09917, P10415, P01579, P02778, P05231, P13500, P08246, P01375, P10145	79	305	19104	7.135754305872588	0.12218024319950849	2.5444825435575537E-4	1.858683277939228E-4
KEGG_PATHWAY	hsa04726:Serotonergic synapse	8	10.126582278481013	3.469573988997408E-5	P31645, P09917, P11712, P23219, P28482, P33261, P35354, P42574	76	115	9375	8.581235697940503	0.007810709879833455	8.654871379147382E-5	3.469573988997408E-5
GOTERM_BP_FAT	GO:0090399~replicative senescence	4	5.063291139240507	3.5289623572108006E-5	O96017, P04637, P38936, O14746	79	16	19104	60.45569620253164	0.12562339397428923	2.6161099112032504E-4	1.9110053466533342E-4
GOTERM_BP_FAT	GO:0051384~response to glucocorticoid	7	8.860759493670885	3.548123966670277E-5	P24385, P10415, P05231, P09211, P42574, P22301, P01375	79	151	19104	11.210327772654873	0.1262605240607927	2.625197557441063E-4	1.917643653581718E-4
GOTERM_BP_FAT	GO:0002009~morphogenesis of an epithelium	11	13.924050632911392	3.581802187360396E-5	P35968, P08581, P10415, P01106, P08253, Q16665, P00533, P42574, P11473, P22301	79	501	19104	5.309482301220344	0.12737921189587487	2.644969654083803E-4	1.9320866944635303E-4
GOTERM_BP_FAT	GO:0022617~extracellular matrix disassembly	5	6.329113924050633	3.683476131119567E-5	P14780, P03956, P08253, P08254, P08246	79	46	19104	26.285085305448543	0.13074783089693132	2.709527993548881E-4	1.9792450081721773E-4
GOTERM_BP_FAT	GO:1904019~epithelial cell apoptotic process	5	6.329113924050633	3.683476131119567E-5	P10415, Q07812, P42574, P09601, P06400	79	46	19104	26.285085305448543	0.13074783089693132	2.709527993548881E-4	1.9792450081721773E-4
GOTERM_BP_FAT	GO:0071346~cellular response to type II interferon	6	7.59493670886076	3.911967232014551E-5	P42224, P04637, P01579, P13500, P35228, P01375	79	93	19104	15.601469987750102	0.13827074269335304	2.8720485296045053E-4	2.0979623495244058E-4
GOTERM_BP_FAT	GO:0030890~positive regulation of B cell proliferation	5	6.329113924050633	4.0136924477675155E-5	P10415, P08575, P38936, P05112, P60568	79	47	19104	25.725828171290065	0.1415990018515082	2.935398534396127E-4	2.1442380038265687E-4
GOTERM_BP_FAT	GO:0045840~positive regulation of mitotic nuclear division	5	6.329113924050633	4.0136924477675155E-5	P01583, P01344, P01584, P01375, P06400	79	47	19104	25.725828171290065	0.1415990018515082	2.935398534396127E-4	2.1442380038265687E-4
GOTERM_BP_FAT	GO:0090276~regulation of peptide hormone secretion	8	10.126582278481013	4.161902422987995E-5	O15392, P09917, P01579, P05231, Q16665, P35228, P01584, P01375	79	229	19104	8.44795754795202	0.14642516700359576	3.037949119889318E-4	2.2191487391671116E-4
GOTERM_BP_FAT	GO:0048729~tissue morphogenesis	12	15.18987341772152	4.474851227698835E-5	P35968, P08581, P29474, P10415, P01106, P08253, Q16665, P00533, P42574, P11473, P22301	79	625	19104	4.642997468354431	0.15652679962720306	3.260126287153002E-4	2.3814438142811043E-4
KEGG_PATHWAY	hsa04722:Neurotrophin signaling pathway	8	10.126582278481013	4.5632967413535964E-5	P10415, Q04206, P04637, P28482, Q07812, P31749, O14920, P25963	76	120	9375	8.223684210526315	0.01026028637304277	1.1259438698774635E-4	4.5632967413535964E-5
GOTERM_BP_FAT	GO:1902175~regulation of oxidative stress-induced intrinsic apoptotic signaling pathway	5	6.329113924050633	4.738383898722045E-5	P31749, P08253, Q16665, Q16236, P22301	79	49	19104	24.675794368380263	0.1649405792314288	3.4455208349598354E-4	2.5168700708699506E-4
GOTERM_BP_FAT	GO:0002791~regulation of peptide secretion	8	10.126582278481013	4.77267293469232E-5	O15392, P09917, P01579, P05231, Q16665, P35228, P01584, P01375	79	234	19104	8.267445634534242	0.16602913478338865	3.4638311394341397E-4	2.530245307743371E-4
GOTERM_BP_FAT	GO:0140546~defense response to symbiont	15	18.9873417721519	4.862496869202745E-5	O15111, P04637, P13500, P35228, P10145, P37231, P42224, Q96P20, Q04206, P01579, P02778, P08254, O14920, P08246, P01375	79	1003	19104	3.6164922952661005	0.16887400585428314	3.5223001130624834E-4	2.572955486218138E-4
GOTERM_BP_FAT	GO:0007267~cell-cell signaling	14	17.72151898734177	4.916086554609762E-5	P08581, Q04206, P28482, P31749, P36544, P02778, P35354, P05231, Q16665, P35228, P60568, P01584	79	874	19104	3.8735915186976797	0.17056665600160648	3.5543492713271724E-4	2.596366625229262E-4
GOTERM_BP_FAT	GO:0002252~immune effector process	11	13.924050632911392	4.979852815875603E-5	P04637, P01579, P05164, P05362, P05231, P60568, P08246, P29965, P01584, P22301, P01375	79	521	19104	5.105663402900945	0.1725762475493654	3.593620542462034E-4	2.6250533439283537E-4
GOTERM_BP_FAT	GO:0055082~intracellular chemical homeostasis	12	15.18987341772152	5.01976829312752E-5	P01583, P10415, Q07812, P01106, P36544, P05362, Q16665, P09211, P09601, P11473, P08246	79	633	19104	4.584318195452637	0.17383170455640273	3.615564170220447E-4	2.641082636043229E-4
GOTERM_BP_FAT	GO:0090087~regulation of peptide transport	8	10.126582278481013	5.0367142586873624E-5	O15392, P09917, P01579, P05231, Q16665, P35228, P01584, P01375	79	236	19104	8.197382535936494	0.17436412805208001	3.620911970848401E-4	2.64498907573412E-4
GOTERM_BP_FAT	GO:0008585~female gonad development	6	7.59493670886076	5.282055400185807E-5	P35968, P29474, P10415, Q07812, P08253, P42574	79	99	19104	14.655926352128885	0.1820341522852209	3.790123903189929E-4	2.7685943210785233E-4
GOTERM_BP_FAT	GO:0045926~negative regulation of growth	8	10.126582278481013	5.312622873714355E-5	P31645, P37231, P10415, Q07869, P04637, P38936, Q16665, P06400	79	238	19104	8.128496968407616	0.182984769655695	3.8048784912873243E-4	2.7793721926889787E-4
GOTERM_CC_FAT	GO:0009986~cell surface	15	18.9873417721519	5.465964650418761E-5	Q9NRD8, P35968, Q9UNQ0, P36544, P19320, P00749, P08581, P02778, P08575, P05362, P00533, P08246, P29965, P01375	73	970	16775	3.5535235136280185	0.017339475556701567	0.003316541556863372	0.0029537948240814403
KEGG_PATHWAY	hsa04217:Necroptosis	9	11.39240506329114	5.4713128721127564E-5	P01583, P42224, P10415, Q96P20, Q07812, P01579, Q14790, P01584, P01375	76	168	9375	6.608317669172933	0.01228936666456204	1.3354709913651567E-4	5.4713128721127564E-5
GOTERM_BP_FAT	GO:0010638~positive regulation of organelle organization	11	13.924050632911392	5.48095286515026E-5	P01583, P14780, P35968, P04637, P28482, Q07812, P01106, P01344, P01584, P01375, P06400	79	527	19104	5.047534407801503	0.18819990777184725	3.9180570951440676E-4	2.862046439734478E-4
GOTERM_BP_FAT	GO:0002687~positive regulation of leukocyte migration	7	8.860759493670885	5.629886117822619E-5	P28482, P02778, P05362, P05231, P13500, P01375, P10145	79	164	19104	10.321704229700526	0.19278634747837164	4.0169712769379777E-4	2.934300869664397E-4
KEGG_PATHWAY	hsa04071:Sphingolipid signaling pathway	8	10.126582278481013	5.925445329180555E-5	P29474, P10415, Q04206, P04637, P28482, Q07812, P31749, P01375	76	125	9375	7.894736842105262	0.013302630631246926	1.430932010344666E-4	5.925445329180555E-5
GOTERM_CC_FAT	GO:0009897~external side of plasma membrane	10	12.658227848101266	6.218515419118822E-5	P00749, P35968, Q9UNQ0, P36544, P19320, P02778, P08575, P05362, P29965, P01375	73	410	16775	5.604744403608419	0.019703172609676467	0.003316541556863372	0.0029537948240814403
GOTERM_BP_FAT	GO:0046545~development of primary female sexual characteristics	6	7.59493670886076	6.383422950918634E-5	P35968, P29474, P10415, Q07812, P08253, P42574	79	103	19104	14.086764163696694	0.21559762719365694	4.5460969068059114E-4	3.3208144115453117E-4
GOTERM_MF_FAT	GO:0019903~protein phosphatase binding	7	8.860759493670885	6.582239655615697E-5	P37231, P42224, P08581, P10415, P04637, P00533	79	153	17305	10.021924381566974	0.036507791731629324	0.0011621766891946465	9.852789984499746E-4
GOTERM_BP_FAT	GO:0001558~regulation of cell growth	10	12.658227848101266	6.761893262668694E-5	P37231, P10415, Q07869, P04626, P04637, P31749, P38936, P00533, P60568, P06400	79	434	19104	5.571953567053608	0.2268105038572581	4.8066317902671114E-4	3.5111288754567535E-4
GOTERM_BP_FAT	GO:1904707~positive regulation of vascular associated smooth muscle cell proliferation	5	6.329113924050633	6.964141724718523E-5	P14780, P08253, O14746, P22301, P01375	79	54	19104	22.39099859353024	0.23273664261016902	4.941162496101594E-4	3.6094003192664283E-4
GOTERM_BP_FAT	GO:0055080~monoatomic cation homeostasis	11	13.924050632911392	7.032776914003825E-5	P01583, P35968, P10415, Q07812, P01106, P36544, Q16665, P09601, P11473, P08246	79	543	19104	4.898804112175676	0.23473740416906164	4.980568082673472E-4	3.6381851521606373E-4
GOTERM_BP_FAT	GO:0001701~in utero embryonic development	10	12.658227848101266	7.381660631503755E-5	P29474, P04637, P28482, P31749, Q14790, P38936, Q16665, P00533, P01344, P22301	79	439	19104	5.5084916813240685	0.24482724000532963	5.21792850959271E-4	3.811571233144504E-4
GOTERM_BP_FAT	GO:1901988~negative regulation of cell cycle phase transition	8	10.126582278481013	7.424278456274005E-5	O96017, P24385, O15392, P10415, P04637, P38936, P13500, P06400	79	251	19104	7.707499117454233	0.2460506111758094	5.238317433990731E-4	3.8264648518607024E-4
GOTERM_MF_FAT	GO:0032813~tumor necrosis factor receptor superfamily binding	5	6.329113924050633	7.514363031430762E-5	P42224, Q14790, P42574, P29965, P01375	79	50	17305	21.905063291139243	0.041569038139888215	0.0012487103272818766	0.0010586411447221574
GOTERM_MF_FAT	GO:0016712~oxidoreductase activity, acting on paired donors, with incorporation or reduction of molecular oxygen, reduced flavin or flavoprotein as one donor, and incorporation of one atom of oxygen	5	6.329113924050633	7.514363031430762E-5	P11712, P33261, P08684, P05177, P09601	79	50	17305	21.905063291139243	0.041569038139888215	0.0012487103272818766	0.0010586411447221574
GOTERM_BP_FAT	GO:0009266~response to temperature stimulus	7	8.860759493670885	7.572310753927389E-5	P01583, P29474, P31749, P36544, P02778, P09601, P25963	79	173	19104	9.78473695763518	0.25028459740806663	5.332869962441826E-4	3.8955331989648685E-4
GOTERM_BP_FAT	GO:0007162~negative regulation of cell adhesion	9	11.39240506329114	7.821614093047647E-5	Q07869, P04626, P17706, P31749, P08575, P08253, P42574, P60568, P22301	79	343	19104	6.345204266154925	0.2573614576556621	5.498262180380814E-4	4.016348234840363E-4
GOTERM_BP_FAT	GO:0050790~regulation of catalytic activity	11	13.924050632911392	7.939774180858473E-5	P04626, P04637, P31749, P36544, P08575, P08253, P38936, P08246, P01584, P01375, P06400	79	551	19104	4.8276780996577	0.26069224785619294	5.571026053469516E-4	4.0695004934363166E-4
GOTERM_BP_FAT	GO:0007249~canonical NF-kappaB signal transduction	5	6.329113924050633	8.038232192103642E-5	O15111, Q04206, O14920, P25963, P01375	79	56	19104	21.591320072332735	0.2634562503010357	5.629723209313104E-4	4.112377353529266E-4
GOTERM_MF_FAT	GO:0004601~peroxidase activity	5	6.329113924050633	8.126108404123932E-5	Q9NRD8, P23219, P05164, P09211, P35354	79	51	17305	21.475552246214942	0.04487626173862902	0.0013117860709514347	0.001112115978735818
GOTERM_BP_FAT	GO:0061138~morphogenesis of a branching epithelium	7	8.860759493670885	8.326934943733508E-5	P35968, P08581, P10415, P01106, P11473, P22301	79	176	19104	9.61795166858458	0.2715015595006386	5.821201027760759E-4	4.2522472929580304E-4
GOTERM_BP_FAT	GO:0050801~monoatomic ion homeostasis	11	13.924050632911392	8.429419970685178E-5	P01583, P35968, P10415, Q07812, P01106, P36544, Q16665, P09601, P11473, P08246	79	555	19104	4.7928840232637695	0.27433634100709536	5.882033788718483E-4	4.296684161204298E-4
GOTERM_BP_FAT	GO:0050680~negative regulation of epithelial cell proliferation	7	8.860759493670885	8.591380975301996E-5	P37231, P42224, P09917, P13500, P11473, P01375, P06400	79	177	19104	9.563612958592577	0.27879378644651853	5.984069935727745E-4	4.3712191116096965E-4
GOTERM_BP_FAT	GO:0010467~gene expression	26	32.91139240506329	8.726669363109951E-5	P27695, O75469, P29474, P04637, P00749, Q07869, Q96P20, Q14790, Q16236, P05231, O14920, P08246, O14746, P29965, P01375, P06400, P31749, P11473, P37231, Q04206, P01106, Q16665, P00533, P42574, P60568, P01584	79	2816	19104	2.2327387802071343	0.2824961661735794	6.067188955741708E-4	4.431935555890209E-4
GOTERM_MF_FAT	GO:0019901~protein kinase binding	13	16.455696202531644	8.793661020723865E-5	O96017, P24385, P04626, P04637, P31749, P38936, Q07869, Q04206, P17706, P08575, P09211, Q16665, O14920	79	722	17305	3.9441249693186995	0.048472194079176356	0.0013801162435302732	0.0011700454524796477
GOTERM_BP_FAT	GO:1903038~negative regulation of leukocyte cell-cell adhesion	7	8.860759493670885	8.862479171394099E-5	Q07869, P04626, P17706, P31749, P42574, P60568, P22301	79	178	19104	9.509884795903854	0.28619370398287847	6.15036647606054E-4	4.492694733235914E-4
GOTERM_BP_FAT	GO:0032692~negative regulation of interleukin-1 production	5	6.329113924050633	9.228051548422169E-5	P01583, Q96P20, P09211, P01584, P22301	79	58	19104	20.846791793976433	0.2960523446241726	6.392400735637433E-4	4.6694949365240046E-4
GOTERM_MF_FAT	GO:0016773~phosphotransferase activity, alcohol group as acceptor	13	16.455696202531644	9.266806937505483E-5	O96017, P35968, P24385, P08581, O15111, P04626, P28482, P31749, P11802, P00533, O14920, P13500	79	726	17305	3.9223942532342986	0.05101272117137645	0.0014061318758279517	0.001192101183224051
GOTERM_MF_FAT	GO:0016684~oxidoreductase activity, acting on peroxide as acceptor	5	6.329113924050633	9.457170138311887E-5	Q9NRD8, P23219, P05164, P09211, P35354	79	53	17305	20.665154048244567	0.052032953176690544	0.0014061318758279517	0.001192101183224051
GOTERM_BP_FAT	GO:0150078~positive regulation of neuroinflammatory response	4	5.063291139240507	9.534839619611492E-5	P28482, P05231, P01584, P01375	79	22	19104	43.96777905638665	0.3042205784323151	6.569020846627265E-4	4.798511678130566E-4
GOTERM_BP_FAT	GO:0033138~positive regulation of peptidyl-serine phosphorylation	4	5.063291139240507	9.534839619611492E-5	P31749, P01579, P05231, P00533	79	22	19104	43.96777905638665	0.3042205784323151	6.569020846627265E-4	4.798511678130566E-4
GOTERM_BP_FAT	GO:1903376~regulation of oxidative stress-induced neuron intrinsic apoptotic signaling pathway	4	5.063291139240507	9.534839619611492E-5	P31749, P08253, Q16665, P22301	79	22	19104	43.96777905638665	0.3042205784323151	6.569020846627265E-4	4.798511678130566E-4
KEGG_PATHWAY	hsa05022:Pathways of neurodegeneration - multiple diseases	14	17.72151898734177	9.6755028515217E-5	P01583, P10415, P28482, P36544, P35354, P35228, Q04206, Q07812, Q14790, P05231, P42574, P01584, P01375	76	480	9375	3.597861842105263	0.021630329692167605	2.3119359445215006E-4	9.6755028515217E-5
GOTERM_BP_FAT	GO:0002904~positive regulation of B cell apoptotic process	3	3.79746835443038	9.822094355423929E-5	Q07812, P01106, P22301	79	4	19104	181.36708860759495	0.311782818273887	6.754688035023002E-4	4.934137092109887E-4
GOTERM_BP_FAT	GO:0002709~regulation of T cell mediated immunity	6	7.59493670886076	9.915506857349704E-5	P35869, Q96P20, P08575, P05231, P05112, P01584	79	113	19104	12.84014786602442	0.31422423785760767	6.794355419549716E-4	4.963113162111258E-4
GOTERM_BP_FAT	GO:0001938~positive regulation of endothelial cell proliferation	6	7.59493670886076	9.915506857349704E-5	P35968, P31749, Q16665, P09601, P01344, P22301	79	113	19104	12.84014786602442	0.31422423785760767	6.794355419549716E-4	4.963113162111258E-4
GOTERM_BP_FAT	GO:1901991~negative regulation of mitotic cell cycle phase transition	7	8.860759493670885	1.0015851563168569E-4	P24385, O15392, P10415, P04637, P38936, P13500, P06400	79	182	19104	9.300876338851022	0.31683719142317435	6.844455005981969E-4	4.999709704606339E-4
GOTERM_BP_FAT	GO:0030003~intracellular monoatomic cation homeostasis	10	12.658227848101266	1.00246159304022E-4	P01583, P10415, Q07812, P01106, P36544, Q16665, P09601, P11473, P08246	79	457	19104	5.291527019915243	0.31706494038615163	6.844455005981969E-4	4.999709704606339E-4
GOTERM_BP_FAT	GO:0014013~regulation of gliogenesis	6	7.59493670886076	1.033749596851475E-4	P37231, P04637, P05231, P01584, P01375, P06400	79	114	19104	12.727514990006663	0.32514584190935436	7.045429600046881E-4	5.146516810131537E-4
GOTERM_BP_FAT	GO:0007565~female pregnancy	7	8.860759493670885	1.0635683415035092E-4	P14780, P10415, P31749, P08253, P35354, P11473, P01584	79	184	19104	9.19977985690699	0.33275828915154904	7.235689450336038E-4	5.285497053124774E-4
GOTERM_BP_FAT	GO:0048514~blood vessel morphogenesis	10	12.658227848101266	1.0886064636252517E-4	P35968, P29474, Q07812, P31749, Q14790, P08253, Q16665, P09601, P13500, P10145	79	462	19104	5.234259411474602	0.33908394245368134	7.392804252083629E-4	5.400265635626695E-4
GOTERM_BP_FAT	GO:1903034~regulation of response to wounding	7	8.860759493670885	1.0956834581568885E-4	Q9NRD8, P00749, P09917, P29474, Q16236, P22301, P01375	79	185	19104	9.150051317139926	0.3408609881403971	7.427601054136626E-4	5.425683862316998E-4
GOTERM_BP_FAT	GO:0050853~B cell receptor signaling pathway	5	6.329113924050633	1.1245864223420195E-4	P10415, P28482, Q07812, P08575, P25963	79	61	19104	19.82153973853497	0.3480691176589291	7.609968263641815E-4	5.55889872111411E-4
GOTERM_BP_FAT	GO:0001763~morphogenesis of a branching structure	7	8.860759493670885	1.1285650458418446E-4	P35968, P08581, P10415, P01106, P11473, P22301	79	186	19104	9.100857492854226	0.3490551591602813	7.6233265885196E-4	5.568656656036668E-4
KEGG_PATHWAY	hsa04215:Apoptosis - multiple species	5	6.329113924050633	1.1465672781751769E-4	O15392, P10415, Q07812, Q14790, P42574	76	32	9375	19.27425986842105	0.025581022488967764	2.7111538765183874E-4	1.1465672781751769E-4
GOTERM_BP_FAT	GO:0006873~intracellular monoatomic ion homeostasis	10	12.658227848101266	1.16192316636802E-4	P01583, P10415, Q07812, P01106, P36544, Q16665, P09601, P11473, P08246	79	466	19104	5.189330146140056	0.3572640245777011	7.834740783151737E-4	5.723089638599928E-4
GOTERM_BP_FAT	GO:0042742~defense response to bacterium	9	11.39240506329114	1.1804643907470621E-4	Q9NRD8, Q96P20, P05164, P05231, P35228, P08246, P01584, P22301, P01375	79	364	19104	5.979134789261371	0.3617818719815179	7.945674474355889E-4	5.804124030965201E-4
GOTERM_MF_FAT	GO:0034875~caffeine oxidase activity	3	3.79746835443038	1.1963871692925085E-4	P11712, P08684, P05177	79	4	17305	164.28797468354432	0.06536567171121332	0.0016898968766256683	0.001432673635227779
GOTERM_MF_FAT	GO:0033695~oxidoreductase activity, acting on CH or CH2 groups, quinone or similar compound as acceptor	3	3.79746835443038	1.1963871692925085E-4	P11712, P08684, P05177	79	4	17305	164.28797468354432	0.06536567171121332	0.0016898968766256683	0.001432673635227779
GOTERM_BP_FAT	GO:0070849~response to epidermal growth factor	5	6.329113924050633	1.1984370137786145E-4	P04626, P28482, P31749, P00533, P09211	79	62	19104	19.50183748468763	0.3661308663949657	8.038193938977198E-4	5.871707273857128E-4
GOTERM_BP_FAT	GO:0034405~response to fluid shear stress	5	6.329113924050633	1.1984370137786145E-4	P29474, P31749, P08253, Q16236, P35354	79	62	19104	19.50183748468763	0.3661308663949657	8.038193938977198E-4	5.871707273857128E-4
GOTERM_BP_FAT	GO:0043271~negative regulation of monoatomic ion transport	6	7.59493670886076	1.2165109097139035E-4	P14780, P29474, P10415, P36544, Q9HC97	79	118	19104	12.296073803904742	0.37047448869059263	8.130739876347935E-4	5.939309854455577E-4
GOTERM_BP_FAT	GO:0045639~positive regulation of myeloid cell differentiation	6	7.59493670886076	1.2165109097139035E-4	P42224, P01579, Q14790, Q16665, P01375, P06400	79	118	19104	12.296073803904742	0.37047448869059263	8.130739876347935E-4	5.939309854455577E-4
GOTERM_BP_FAT	GO:0010623~programmed cell death involved in cell development	4	5.063291139240507	1.2458029561668467E-4	P01583, P10415, Q07812, P01584	79	24	19104	40.30379746835443	0.3774510171896417	8.311909898776347E-4	6.071650196897368E-4
GOTERM_BP_FAT	GO:0001525~angiogenesis	9	11.39240506329114	1.2490899002015908E-4	P35968, P29474, P31749, Q14790, P08253, Q16665, P09601, P13500, P10145	79	367	19104	5.930259028041251	0.37822903404995545	8.319244992060682E-4	6.077008306059579E-4
GOTERM_BP_FAT	GO:0051785~positive regulation of nuclear division	5	6.329113924050633	1.2757411329040628E-4	P01583, P01344, P01584, P01375, P06400	79	63	19104	19.192284508740208	0.3845015704929441	8.481894280479284E-4	6.195819697915186E-4
GOTERM_BP_FAT	GO:0061180~mammary gland epithelium development	5	6.329113924050633	1.3565950055746106E-4	P24385, P28482, P31749, Q16665, P11473	79	64	19104	18.89240506329114	0.4031465939480675	8.972401402087382E-4	6.554123348671771E-4
GOTERM_BP_FAT	GO:0002712~regulation of B cell mediated immunity	5	6.329113924050633	1.3565950055746106E-4	P08575, P05112, P60568, P22301, P01375	79	64	19104	18.89240506329114	0.4031465939480675	8.972401402087382E-4	6.554123348671771E-4
GOTERM_BP_FAT	GO:0002889~regulation of immunoglobulin mediated immune response	5	6.329113924050633	1.3565950055746106E-4	P08575, P05112, P60568, P22301, P01375	79	64	19104	18.89240506329114	0.4031465939480675	8.972401402087382E-4	6.554123348671771E-4
GOTERM_BP_FAT	GO:0010821~regulation of mitochondrion organization	6	7.59493670886076	1.3691042702384287E-4	P37231, P14780, P35968, P04637, Q07812, P31749	79	121	19104	11.991212469923633	0.40598037391929953	9.036924318310049E-4	6.60125578655412E-4
GOTERM_BP_FAT	GO:0031669~cellular response to nutrient levels	8	10.126582278481013	1.3711031637299233E-4	P37231, P10415, Q07869, P04637, P28482, P38936, Q16236, P11473	79	277	19104	6.984051546862862	0.40643194418438966	9.036924318310049E-4	6.60125578655412E-4
GOTERM_BP_FAT	GO:0006109~regulation of carbohydrate metabolic process	7	8.860759493670885	1.38132803624779E-4	Q07869, P04637, P17706, P31749, P01579, Q16665, P01344	79	193	19104	8.770774578605627	0.40873648422050624	9.0885649166961E-4	6.638978001204777E-4
KEGG_PATHWAY	hsa04061:Viral protein interaction with cytokine and cytokine receptor	7	8.860759493670885	1.407653557934326E-4	P02778, P05231, P13500, P60568, P22301, P01375, P10145	76	100	9375	8.634868421052632	0.031314430763376366	3.29419956341332E-4	1.407653557934326E-4
GOTERM_BP_FAT	GO:0001816~cytokine production	4	5.063291139240507	1.411529887551798E-4	P05231, Q16665, P01584, P01375	79	25	19104	38.69164556962025	0.41549144898608736	9.271240349498252E-4	6.772418009704481E-4
GOTERM_BP_FAT	GO:0009743~response to carbohydrate	7	8.860759493670885	1.4612226187729754E-4	Q07869, P05362, Q16665, P09211, P42574, P01584, P01375	79	195	19104	8.680817916260954	0.426438263237671	9.581085550333837E-4	6.998752474054009E-4
GOTERM_BP_FAT	GO:0051051~negative regulation of transport	10	12.658227848101266	1.4748801677901243E-4	P14780, P29474, P10415, P31749, P36544, Q9HC97, P25963, P01584, P01375	79	481	19104	5.027500723703256	0.42941081468313125	9.653991872815564E-4	7.052008788504244E-4
GOTERM_BP_FAT	GO:0046660~female sex differentiation	6	7.59493670886076	1.535948434900052E-4	P35968, P29474, P10415, Q07812, P08253, P42574	79	124	19104	11.701102490812577	0.4425149878404985	0.0010036446560008415	7.331382735656949E-4
GOTERM_BP_FAT	GO:0006629~lipid metabolic process	16	20.253164556962027	1.5489182333335992E-4	Q9UNQ0, P09917, O75469, P11712, P35354, P11473, P37231, P23219, Q07869, Q07812, P33261, P08684, P09488, P09211, P05177, P05112	79	1262	19104	3.065899015025377	0.44525910630875143	0.0010103835405433409	7.380608665867476E-4
GOTERM_BP_FAT	GO:0048771~tissue remodeling	6	7.59493670886076	1.594881163170628E-4	P01583, P29474, Q07812, P08253, Q16665, P11473	79	125	19104	11.607493670886075	0.4548755598109263	0.0010385844286879963	7.586609368643843E-4
GOTERM_BP_FAT	GO:0045861~negative regulation of proteolysis	5	6.329113924050633	1.6214284214815258E-4	P00749, P04637, P31749, P08253, P22301	79	67	19104	18.04647647836766	0.46035371460294894	0.0010522683083437274	7.686566817193991E-4
GOTERM_BP_FAT	GO:0060079~excitatory postsynaptic potential	5	6.329113924050633	1.6214284214815258E-4	P08581, P31749, P36544	79	67	19104	18.04647647836766	0.46035371460294894	0.0010522683083437274	7.686566817193991E-4
GOTERM_BP_FAT	GO:0034349~glial cell apoptotic process	3	3.79746835443038	1.63267620815284E-4	P04637, P42574, P06400	79	5	19104	145.09367088607596	0.46265811807130264	0.0010577627972070275	7.726702736368977E-4
GOTERM_MF_FAT	GO:0004879~nuclear receptor activity	5	6.329113924050633	1.6400449571929004E-4	P37231, P35869, O75469, Q07869, P11473	79	61	17305	17.954969910769872	0.0885058833356589	0.0022600619532048504	0.0019160525231595106
GOTERM_BP_FAT	GO:0001776~leukocyte homeostasis	6	7.59493670886076	1.655527911048435E-4	P10415, Q07812, P31749, P05231, Q16665, P42574	79	126	19104	11.515370705244123	0.46730963515285295	0.001070743647230816	7.821524722606381E-4
GOTERM_BP_FAT	GO:0042391~regulation of membrane potential	10	12.658227848101266	1.7204645138183428E-4	P31645, P35968, P08581, P10415, Q07812, P31749, P36544, P01375	79	491	19104	4.925107633607467	0.48030906853596245	0.0011106703691659793	8.113179819992348E-4
GOTERM_BP_FAT	GO:0008217~regulation of blood pressure	7	8.860759493670885	1.7231015456427236E-4	P37231, P29474, Q07869, P23219, P35354, P35228, P01375	79	201	19104	8.421689023238239	0.4808302127913755	0.0011106703691659793	8.113179819992348E-4
GOTERM_MF_FAT	GO:0098531~ligand-modulated transcription factor activity	5	6.329113924050633	1.7471864090697848E-4	P37231, P35869, O75469, Q07869, P11473	79	62	17305	17.665373621886484	0.09400786761856617	0.0023503817169629247	0.0019926244998676834
GOTERM_BP_FAT	GO:0016241~regulation of macroautophagy	7	8.860759493670885	1.7701413646555248E-4	P35968, P04637, P31749, Q16665, P42574, P09601, P05112	79	202	19104	8.379997493420229	0.4900391798374216	0.0011390605092698749	8.320562962797034E-4
GOTERM_BP_FAT	GO:0006606~protein import into nucleus	6	7.59493670886076	1.7820976428108265E-4	P29474, P04637, P31749, P38936, O14746, P25963	79	128	19104	11.335443037974684	0.4923537110873156	0.0011444771911550036	8.360130520716802E-4
GOTERM_BP_FAT	GO:0061756~leukocyte adhesion to vascular endothelial cell	4	5.063291139240507	1.7845778973308365E-4	P19320, P05362, Q9HC97, P01375	79	27	19104	35.82559774964838	0.492832529159406	0.0011444771911550036	8.360130520716802E-4
GOTERM_BP_FAT	GO:0022414~reproductive process	19	24.050632911392405	1.8158953122604442E-4	P01583, P31645, Q9NRD8, P35968, P24385, O15392, P29474, P10415, P31749, P35354, P11473, P14780, Q07812, Q14790, P08253, P42574, P01344, P01584, P06400	79	1742	19104	2.6375619468383498	0.4988397167253328	0.0011626009886408198	8.492520500773592E-4
GOTERM_BP_FAT	GO:0048646~anatomical structure formation involved in morphogenesis	14	17.72151898734177	1.8457125748274632E-4	P35968, P29474, P04637, P28482, P31749, P13500, P10145, P14780, Q07869, Q14790, P08253, Q16665, P42574, P09601	79	997	19104	3.3957061056587485	0.5044930336186529	0.0011792416870903578	8.614076799203298E-4
GOTERM_BP_FAT	GO:0007088~regulation of mitotic nuclear division	6	7.59493670886076	1.848088470959383E-4	P01583, O15392, P01344, P01584, P01375, P06400	79	129	19104	11.247571386517516	0.5049407486377745	0.0011792416870903578	8.614076799203298E-4
GOTERM_BP_FAT	GO:0044703~multi-organism reproductive process	7	8.860759493670885	1.867267078164582E-4	P14780, P10415, P31749, P08253, P35354, P11473, P01584	79	204	19104	8.297840655249441	0.5085399977088929	0.0011894835340468854	8.688891027037201E-4
GOTERM_CC_FAT	GO:0090575~RNA polymerase II transcription regulator complex	8	10.126582278481013	1.8697244689143378E-4	P37231, P42224, Q07869, P01106, Q16665, Q16236, P11473, P06400	73	278	16775	6.61279195821425	0.058081736325942046	0.008547311857894115	0.007612449623436947
GOTERM_BP_FAT	GO:0048699~generation of neurons	16	20.253164556962027	1.8722038531163979E-4	P24385, P10415, P04626, P04637, P36544, P19320, P08581, Q07812, P08253, P00533, P05231, Q16665, P42574, P06400	79	1284	19104	3.0133680350171534	0.5094622408239127	0.0011906339888631539	8.697294822671159E-4
GOTERM_BP_FAT	GO:0046394~carboxylic acid biosynthetic process	8	10.126582278481013	1.896473417418879E-4	P09917, P11712, P23219, P08684, P09488, P09211, P35354, P05177	79	292	19104	6.625281775619906	0.5139709601968815	0.0012040548257836387	8.79533080732829E-4
GOTERM_BP_FAT	GO:2001244~positive regulation of intrinsic apoptotic signaling pathway	5	6.329113924050633	1.921742679200116E-4	P04637, Q07812, P17706, P01106, P08253	79	70	19104	17.273056057866185	0.5186213800400612	0.0012180645681663402	8.897668604696537E-4
GOTERM_BP_FAT	GO:0045860~positive regulation of protein kinase activity	6	7.59493670886076	1.9856539108123157E-4	P04626, P36544, P08575, P38936, P08246, P01375	79	131	19104	11.075852739395112	0.5301856912283804	0.0012564795046288246	9.178280472939457E-4
GOTERM_BP_FAT	GO:0002675~positive regulation of acute inflammatory response	4	5.063291139240507	1.9928634250693301E-4	P05231, P35354, P01584, P01375	79	28	19104	34.54611211573237	0.5314726470697724	0.0012589467783286814	9.196303313692024E-4
GOTERM_BP_FAT	GO:0044093~positive regulation of molecular function	9	11.39240506329114	2.0288849490610476E-4	P14780, P04626, P31749, P36544, P08575, P38936, P08246, P01375, P06400	79	394	19104	5.523870719013043	0.5378501725571381	0.0012761729731320328	9.322136522116189E-4
GOTERM_BP_FAT	GO:0030336~negative regulation of cell migration	9	11.39240506329114	2.0288849490610476E-4	P37231, P10415, P31749, P09211, Q16236, P09601, P13500, P05112, P01375	79	394	19104	5.523870719013043	0.5378501725571381	0.0012761729731320328	9.322136522116189E-4
GOTERM_BP_FAT	GO:0032963~collagen metabolic process	5	6.329113924050633	2.0301989186034177E-4	P14780, P03956, P08253, Q16665, P08254	79	71	19104	17.029773578177927	0.5380811599077397	0.0012761729731320328	9.322136522116189E-4
GOTERM_BP_FAT	GO:0044283~small molecule biosynthetic process	10	12.658227848101266	2.059405189750313E-4	P09917, P11712, Q07869, P23219, P08684, P09488, P05164, P09211, P35354, P05177	79	503	19104	4.807610035986612	0.5431857436367289	0.0012913156034241274	9.432749793090261E-4
GOTERM_BP_FAT	GO:0016053~organic acid biosynthetic process	8	10.126582278481013	2.0610795984182104E-4	P09917, P11712, P23219, P08684, P09488, P09211, P35354, P05177	79	296	19104	6.535750940814232	0.5434766764945607	0.0012913156034241274	9.432749793090261E-4
GOTERM_BP_FAT	GO:0002718~regulation of cytokine production involved in immune response	6	7.59493670886076	2.1308969994906905E-4	Q96P20, P05231, P05112, P01584, P22301, P01375	79	133	19104	10.909298562862853	0.5554441545713636	0.0013328620541222197	9.736236619383451E-4
GOTERM_BP_FAT	GO:1903530~regulation of secretion by cell	11	13.924050632911392	2.1349319532704874E-4	P01583, P31645, P37231, O15392, P09917, P01579, P05231, Q16665, P35228, P01584, P01375	79	622	19104	4.276608734584232	0.5561261236943544	0.0013331931392918986	9.738655116889022E-4
KEGG_PATHWAY	hsa04518:Integrin signaling	8	10.126582278481013	2.1933839159087002E-4	P24385, P35968, P08581, P04626, P31749, P19320, P05362, P00533	76	154	9375	6.408065618591935	0.04836708653254185	5.0805933562375E-4	2.1933839159087002E-4
GOTERM_BP_FAT	GO:0051043~regulation of membrane protein ectodomain proteolysis	4	5.063291139240507	2.216289019894846E-4	P01579, P01584, P22301, P01375	79	29	19104	33.35486687036229	0.5696557383044389	0.0013794676174566447	0.0010076679046264947
GOTERM_BP_FAT	GO:0002726~positive regulation of T cell cytokine production	4	5.063291139240507	2.216289019894846E-4	Q96P20, P05231, P05112, P01584	79	29	19104	33.35486687036229	0.5696557383044389	0.0013794676174566447	0.0010076679046264947
GOTERM_BP_FAT	GO:0051170~import into nucleus	6	7.59493670886076	2.2841009625794757E-4	P29474, P04637, P31749, P38936, O14746, P25963	79	135	19104	10.747679324894515	0.5806172329315415	0.0014193522811584553	0.0010368026918375463
GOTERM_MF_FAT	GO:0004714~transmembrane receptor protein tyrosine kinase activity	5	6.329113924050633	2.3600858313955287E-4	P35968, P08581, P04626, P00533	79	67	17305	16.347062157566597	0.12485053250170897	0.0031010430110197064	0.0026290258447406005
GOTERM_BP_FAT	GO:0002711~positive regulation of T cell mediated immunity	5	6.329113924050633	2.3820441957631144E-4	Q96P20, P08575, P05231, P05112, P01584	79	74	19104	16.33937735203558	0.5959584465552488	0.001477800012477508	0.0010794973533164653
GOTERM_BP_FAT	GO:0010948~negative regulation of cell cycle process	8	10.126582278481013	2.4249734093629527E-4	O96017, P24385, O15392, P10415, P04637, P38936, P13500, P06400	79	304	19104	6.36375749500333	0.6025045335226722	0.0015019827159295292	0.0010971622363534661
GOTERM_BP_FAT	GO:1903626~positive regulation of DNA catabolic process	3	3.79746835443038	2.4425241984319106E-4	Q07812, P05231, P42574	79	6	19104	120.9113924050633	0.6051501430970244	0.0015049256532134968	0.0010993119812324728
GOTERM_BP_FAT	GO:0031622~positive regulation of fever generation	3	3.79746835443038	2.4425241984319106E-4	P35354, P01584, P01375	79	6	19104	120.9113924050633	0.6051501430970244	0.0015049256532134968	0.0010993119812324728
GOTERM_BP_FAT	GO:1902512~positive regulation of apoptotic DNA fragmentation	3	3.79746835443038	2.4425241984319106E-4	Q07812, P05231, P42574	79	6	19104	120.9113924050633	0.6051501430970244	0.0015049256532134968	0.0010993119812324728
GOTERM_BP_FAT	GO:0034341~response to type II interferon	6	7.59493670886076	2.445553651553881E-4	P42224, P04637, P01579, P13500, P35228, P01375	79	137	19104	10.590778896793864	0.6056050186616526	0.0015049256532134968	0.0010993119812324728
KEGG_PATHWAY	hsa04148:Efferocytosis	8	10.126582278481013	2.4697462574111795E-4	P11926, P37231, P09917, P28482, Q16665, P35354, P42574, P22301	76	157	9375	6.285618504860878	0.05429363938247589	5.662953539720583E-4	2.4697462574111795E-4
GOTERM_BP_FAT	GO:0046890~regulation of lipid biosynthetic process	7	8.860759493670885	2.479378788801547E-4	Q07869, P28482, P31749, P01579, P35354, P01584, P01375	79	215	19104	7.87329997056226	0.6106484564739318	0.0015232758536045691	0.001112716361113198
GOTERM_BP_FAT	GO:0033674~positive regulation of kinase activity	6	7.59493670886076	2.5294644701377516E-4	P04626, P36544, P08575, P38936, P08246, P01375	79	138	19104	10.514034122179417	0.6179982153581149	0.0015515408677312691	0.0011333632738778506
GOTERM_BP_FAT	GO:0051896~regulation of phosphatidylinositol 3-kinase/protein kinase B signal transduction	8	10.126582278481013	2.574109240116165E-4	P35968, Q07869, P31749, P00533, P08254, P01344, P01584, P01375	79	307	19104	6.301570939677565	0.6244325526577084	0.0015763828406057607	0.0011515097373659753
GOTERM_BP_FAT	GO:0044706~multi-multicellular organism process	7	8.860759493670885	2.6059107596307883E-4	P14780, P10415, P31749, P08253, P35354, P11473, P01584	79	217	19104	7.800734993875051	0.6289496962223584	0.0015932923824559307	0.0011638617508447475
GOTERM_BP_FAT	GO:2000146~negative regulation of cell motility	9	11.39240506329114	2.611904117929064E-4	P37231, P10415, P31749, P09211, Q16236, P09601, P13500, P05112, P01375	79	409	19104	5.321283773327969	0.6297949006361472	0.0015943934768032474	0.0011646660737731846
GOTERM_BP_FAT	GO:0099565~chemical synaptic transmission, postsynaptic	5	6.329113924050633	2.639700078131151E-4	P08581, P31749, P36544	79	76	19104	15.909393737508328	0.6336896905337419	0.0016087787495405075	0.0011751741693987719
GOTERM_BP_FAT	GO:0045087~innate immune response	13	16.455696202531644	2.6836962774898514E-4	O15111, P04637, P13500, P35228, P37231, P42224, Q96P20, Q04206, P01579, P02778, P08254, O14920, P01375	79	898	19104	3.5007752812156405	0.6397709049535767	0.001632975510927025	0.0011928493214186891
GOTERM_BP_FAT	GO:0002221~pattern recognition receptor signaling pathway	6	7.59493670886076	2.703839921612824E-4	O15111, Q96P20, Q04206, O14920, P25963, P01375	79	140	19104	10.363833634719711	0.6425214010519804	0.0016413577838908498	0.0011989723701416727
GOTERM_BP_FAT	GO:0033135~regulation of peptidyl-serine phosphorylation	4	5.063291139240507	2.7104199008242275E-4	P31749, P01579, P05231, P00533	79	31	19104	31.202939975500204	0.6434153013941035	0.0016413577838908498	0.0011989723701416727
GOTERM_BP_FAT	GO:0097421~liver regeneration	4	5.063291139240507	2.7104199008242275E-4	P24385, P05231, P22301, P01375	79	31	19104	31.202939975500204	0.6434153013941035	0.0016413577838908498	0.0011989723701416727
GOTERM_BP_FAT	GO:0003006~developmental process involved in reproduction	15	18.9873417721519	2.7738265074185006E-4	P01583, P35968, P24385, P29474, P10415, P31749, P35354, P11473, Q07812, Q14790, P08253, P42574, P01344, P01584, P06400	79	1183	19104	3.0662229688519855	0.651915486054796	0.0016770846117190076	0.0012250699582843552
KEGG_PATHWAY	hsa00982:Drug metabolism - cytochrome P450	6	7.59493670886076	2.816110242221463E-4	P11712, P33261, P08684, P09488, P09211, P05177	76	73	9375	10.138788752703677	0.061669507484769515	6.392570249842721E-4	2.816110242221463E-4
GOTERM_BP_FAT	GO:0001937~negative regulation of endothelial cell proliferation	5	6.329113924050633	2.9167996619039444E-4	P37231, P42224, P09917, P13500, P01375	79	78	19104	15.501460564751703	0.6703462572241733	0.0017607284308286827	0.0012861697556776441
GOTERM_MF_FAT	GO:0008395~steroid hydroxylase activity	4	5.063291139240507	2.958269771269855E-4	P11712, P33261, P08684, P05177	79	29	17305	30.213880401571366	0.15394166643257634	0.003798687319926064	0.0032204800464505925
GOTERM_BP_FAT	GO:0061041~regulation of wound healing	6	7.59493670886076	2.982350542459683E-4	Q9NRD8, P00749, P09917, P29474, Q16236, P01375	79	143	19104	10.146410551473842	0.6784670820063889	0.0017974451843065253	0.0013129904606898571
GOTERM_BP_FAT	GO:0002753~cytoplasmic pattern recognition receptor signaling pathway	5	6.329113924050633	3.0629030728946094E-4	Q96P20, Q04206, O14920, P25963, P01375	79	79	19104	15.30523954494472	0.6881730208900488	0.0018430728459206012	0.001346320369699561
GOTERM_BP_FAT	GO:0071621~granulocyte chemotaxis	5	6.329113924050633	3.214183005080139E-4	P02778, Q9HC97, P13500, P01584, P10145	79	80	19104	15.113924050632914	0.705616444787949	0.001931048652183218	0.0014105845794806675
GOTERM_CC_FAT	GO:0005829~cytosol	41	51.89873417721519	3.230247653647114E-4	Q9NRD8, P11926, P01583, P24385, P29474, P10415, P28482, P04637, P11802, P35354, P42224, Q96P20, P17706, Q14790, P09211, Q16236, O14920, P08246, O14746, P25963, P06400, P35869, P35968, O15392, P09917, O15111, P04626, P31749, P38936, P35228, P11473, P37231, Q04206, Q07812, P09488, Q16665, P08254, P00533, P42574, P09601, P01584	73	5908	16775	1.5947148514667828	0.09821993922468086	0.012920990614588455	0.011507757266117843
GOTERM_BP_FAT	GO:0034765~regulation of monoatomic ion transmembrane transport	8	10.126582278481013	3.246421689442477E-4	P14780, P10415, Q07812, P01579, P36544, P02778, Q9HC97	79	319	19104	6.064521249156779	0.7092057511945036	0.0019473409597712522	0.0014224857181815774
GOTERM_BP_FAT	GO:0046209~nitric oxide metabolic process	4	5.063291139240507	3.270627554496531E-4	P29474, Q07869, P31749, P35228	79	33	19104	29.311852704257767	0.7118719337286012	0.001955691287696589	0.0014285854318225415
GOTERM_BP_FAT	GO:0001782~B cell homeostasis	4	5.063291139240507	3.270627554496531E-4	P10415, Q07812, Q16665, P42574	79	33	19104	29.311852704257767	0.7118719337286012	0.001955691287696589	0.0014285854318225415
GOTERM_BP_FAT	GO:0007623~circadian rhythm	6	7.59493670886076	3.28211343532925E-4	P31645, P35869, Q07869, P04637, P35228, P01375	79	146	19104	9.93792266342986	0.7131284958439936	0.0019564071151343477	0.0014291083265430497
GOTERM_BP_FAT	GO:0048754~branching morphogenesis of an epithelial tube	6	7.59493670886076	3.28211343532925E-4	P35968, P08581, P10415, P01106, P11473	79	146	19104	9.93792266342986	0.7131284958439936	0.0019564071151343477	0.0014291083265430497
GOTERM_BP_FAT	GO:0010827~regulation of D-glucose transmembrane transport	5	6.329113924050633	3.3707455813663026E-4	P31749, Q16236, O14746, P01584, P01375	79	81	19104	14.927332395686827	0.7226424390789081	0.002006094748972778	0.0014654039475799044
GOTERM_BP_FAT	GO:0002246~wound healing involved in inflammatory response	3	3.79746835443038	3.4104744637841625E-4	P01583, Q16665, P09601	79	7	19104	103.63833634719711	0.7268039922594731	0.00202340630043232	0.001478049619405991
GOTERM_BP_FAT	GO:0014805~smooth muscle adaptation	3	3.79746835443038	3.4104744637841625E-4	P29474, P09601, P01584	79	7	19104	103.63833634719711	0.7268039922594731	0.00202340630043232	0.001478049619405991
GOTERM_BP_FAT	GO:0002526~acute inflammatory response	5	6.329113924050633	3.5326973381995887E-4	P01583, Q96P20, P05231, P08246, P01584	79	82	19104	14.745291756715037	0.7392193097250916	0.0020926554481577936	0.0015286344556882333
GOTERM_BP_FAT	GO:0032682~negative regulation of chemokine production	4	5.063291139240507	3.5766261394370227E-4	P05231, P09211, P08246, P22301	79	34	19104	28.449739389426657	0.7435424051225052	0.0021120977031489126	0.0015428365551795108
GOTERM_BP_FAT	GO:0070269~pyroptotic inflammatory response	4	5.063291139240507	3.5766261394370227E-4	Q96P20, Q14790, P42574, P08246	79	34	19104	28.449739389426657	0.7435424051225052	0.0021120977031489126	0.0015428365551795108
GOTERM_MF_FAT	GO:0046982~protein heterodimerization activity	9	11.39240506329114	3.6057040066505685E-4	P35869, O15392, O15111, P10415, P04626, P04637, Q07812, Q16665, O14920	79	389	17305	5.068009501805994	0.18434108956107909	0.004527161697239047	0.003838071598190272
GOTERM_BP_FAT	GO:0010001~glial cell differentiation	7	8.860759493670885	3.6405134020883897E-4	P04626, P28482, P31749, P01579, P09211, P01584, P01375	79	231	19104	7.327963176064442	0.7497020918214828	0.0021464918555259144	0.001567960655969232
GOTERM_BP_FAT	GO:0032720~negative regulation of tumor necrosis factor production	5	6.329113924050633	3.7001452065990267E-4	P36544, P09211, P05112, P22301	79	83	19104	14.567637639164252	0.7553179594762063	0.0021782743375690556	0.0015911769944167331
GOTERM_BP_FAT	GO:0022408~negative regulation of cell-cell adhesion	7	8.860759493670885	3.725163931314083E-4	Q07869, P04626, P17706, P31749, P42574, P60568, P22301	79	232	19104	7.29637712789175	0.7576364391599243	0.0021896133586997617	0.0015994598765364022
GOTERM_BP_FAT	GO:0042509~regulation of tyrosine phosphorylation of STAT protein	4	5.063291139240507	3.9004709644732395E-4	P17706, P01579, P05112, P22301	79	35	19104	27.636889692585893	0.7732775267402329	0.002285591845591946	0.0016695698519732913
GOTERM_BP_FAT	GO:2001057~reactive nitrogen species metabolic process	4	5.063291139240507	3.9004709644732395E-4	P29474, Q07869, P31749, P35228	79	35	19104	27.636889692585893	0.7732775267402329	0.002285591845591946	0.0016695698519732913
GOTERM_BP_FAT	GO:0060562~epithelial tube morphogenesis	8	10.126582278481013	3.9086244329488237E-4	P35968, P08581, P10415, P01106, Q16665, P42574, P11473	79	329	19104	5.880189296294871	0.7739799089328026	0.002286845956692981	0.0016704859499587432
GOTERM_MF_FAT	GO:0005164~tumor necrosis factor receptor binding	4	5.063291139240507	3.97674916343401E-4	P42224, Q14790, P29965, P01375	79	32	17305	27.38132911392405	0.2012689639767702	0.004884485385522208	0.004141006194097589
KEGG_PATHWAY	hsa04940:Type I diabetes mellitus	5	6.329113924050633	4.025519971900243E-4	P01583, P01579, P60568, P01584, P01375	76	44	9375	14.017643540669855	0.08697778582798643	9.04745577842926E-4	4.025519971900243E-4
GOTERM_BP_FAT	GO:1903556~negative regulation of tumor necrosis factor superfamily cytokine production	5	6.329113924050633	4.051958874471404E-4	P36544, P09211, P05112, P22301	79	85	19104	14.22486969471333	0.7859782251800128	0.0023641647594692676	0.0017269654751000856
GOTERM_BP_FAT	GO:0022411~cellular component disassembly	8	10.126582278481013	4.053209106426407E-4	P14780, P03956, P01106, P05164, P08253, P08254, P42574, P08246	79	331	19104	5.844659451604268	0.7860800284647612	0.0023641647594692676	0.0017269654751000856
KEGG_PATHWAY	hsa04919:Thyroid hormone signaling pathway	7	8.860759493670885	4.155499101608568E-4	P42224, P24385, P04637, P28482, P31749, P01106, Q16665	76	122	9375	7.077761000862813	0.08965697335160105	9.248022510442598E-4	4.155499101608568E-4
GOTERM_BP_FAT	GO:0000165~MAPK cascade	7	8.860759493670885	4.1718257457263057E-4	P28482, P01106, P08575, P00533, O14920, P01584, P01375	79	237	19104	7.142445120974203	0.7955217430883854	0.0024296253156197768	0.0017747828363901496
GOTERM_BP_FAT	GO:0014823~response to activity	5	6.329113924050633	4.236540357288886E-4	P08253, P05231, Q16665, P22301, P01375	79	86	19104	14.059464233146896	0.8004960861473079	0.002463294165956131	0.0017993771214899112
GOTERM_BP_FAT	GO:1902176~negative regulation of oxidative stress-induced intrinsic apoptotic signaling pathway	4	5.063291139240507	4.2425918451256003E-4	P31749, Q16665, Q16236, P22301	79	36	19104	26.86919831223629	0.8009550075033691	0.002463294165956131	0.0017993771214899112
GOTERM_CC_FAT	GO:0005783~endoplasmic reticulum	22	27.848101265822784	4.2604041303308276E-4	Q9NRD8, P35968, P27695, P10415, P11712, P04637, P28482, P36544, P19320, P35354, P23219, Q96P20, Q07812, P17706, P33261, P08684, P01106, P00533, P05231, P05177, P09601	73	2281	16775	2.216343468678121	0.12747326373484125	0.013906757001266732	0.012385705454253184
GOTERM_BP_FAT	GO:0055074~calcium ion homeostasis	7	8.860759493670885	4.2659782487769536E-4	P35968, P10415, Q07812, P36544, P11473, P08246	79	238	19104	7.112434847356664	0.8027186430148241	0.0024693326149313175	0.0018037880631814882
GOTERM_BP_FAT	GO:0045859~regulation of protein kinase activity	7	8.860759493670885	4.2659782487769536E-4	P04626, P36544, P08575, P38936, P08246, P01375, P06400	79	238	19104	7.112434847356664	0.8027186430148241	0.0024693326149313175	0.0018037880631814882
GOTERM_BP_FAT	GO:0051046~regulation of secretion	11	13.924050632911392	4.333100813667399E-4	P01583, P31645, P37231, O15392, P09917, P01579, P05231, Q16665, P35228, P01584, P01375	79	680	19104	3.9118391660461653	0.8076942580924106	0.0025043742240694706	0.001829385115557452
GOTERM_CC_FAT	GO:1902554~serine/threonine protein kinase complex	6	7.59493670886076	4.345861562895854E-4	P24385, O15111, P11802, P38936, O14920, P06400	73	148	16775	9.315994076268048	0.1298570732369302	0.013906757001266732	0.012385705454253184
GOTERM_BP_FAT	GO:0045619~regulation of lymphocyte differentiation	7	8.860759493670885	4.3617841587286713E-4	Q96P20, P04626, P17706, P08575, P05112, P60568, P22301	79	239	19104	7.082675705735926	0.8097820307537646	0.0025171267307504	0.0018387005148631638
GOTERM_BP_FAT	GO:0007417~central nervous system development	14	17.72151898734177	4.374850064305217E-4	P31645, Q9NRD8, P10415, P04626, P04637, P28482, Q07812, P01579, P00533, P09211, Q16665, P42574, P01584, P01375	79	1090	19104	3.105980722331901	0.810725530993274	0.0025208416355382937	0.0018414141634302866
GOTERM_MF_FAT	GO:0070851~growth factor receptor binding	6	7.59493670886076	4.381161701120806E-4	P01583, P05231, P05112, P60568, P01584, P22301	79	141	17305	9.321303528144359	0.21931994724138082	0.00526671566198565	0.004465056286886949
GOTERM_BP_FAT	GO:0044092~negative regulation of molecular function	7	8.860759493670885	4.459263738136454E-4	P04637, Q07812, P08575, P08253, Q9HC97, P22301, P06400	79	240	19104	7.053164556962025	0.816709371459511	0.0025617190326484795	0.0018712741185110376
GOTERM_BP_FAT	GO:0051146~striated muscle cell differentiation	7	8.860759493670885	4.459263738136454E-4	O15111, P10415, P31749, P01106, P42574, P01344, P06400	79	240	19104	7.053164556962025	0.816709371459511	0.0025617190326484795	0.0018712741185110376
GOTERM_BP_FAT	GO:0031620~regulation of fever generation	3	3.79746835443038	4.535255615815596E-4	P35354, P01584, P01375	79	8	19104	90.68354430379748	0.8219342773161734	0.0026014445108516913	0.0019002926245453584
GOTERM_BP_FAT	GO:0014074~response to purine-containing compound	6	7.59493670886076	4.580254667900685E-4	P31645, Q9NRD8, P37231, P42224, P35869, P01584	79	157	19104	9.241635088285092	0.8249577688035183	0.0026232994731967326	0.0019162571487090516
GOTERM_BP_FAT	GO:0034766~negative regulation of monoatomic ion transmembrane transport	5	6.329113924050633	4.6235943072496044E-4	P14780, P10415, P36544, Q9HC97	79	88	19104	13.739930955120828	0.8278212335816464	0.002644139721875225	0.0019314804489532933
GOTERM_MF_FAT	GO:0016209~antioxidant activity	5	6.329113924050633	4.65907363589123E-4	Q9NRD8, P23219, P05164, P09211, P35354	79	80	17305	13.690664556962025	0.2314879234349474	0.005484117925580303	0.004649367232483123
GOTERM_BP_FAT	GO:0007610~behavior	11	13.924050632911392	4.694788221459398E-4	P31645, P10415, Q07869, P04637, P28482, P31749, P36544, Q16665, P00533, P42574	79	687	19104	3.8719805428113423	0.8324237472841662	0.002680822763695209	0.0019582765284105416
GOTERM_BP_FAT	GO:0051783~regulation of nuclear division	6	7.59493670886076	4.7149905686841867E-4	P01583, O15392, P01344, P01584, P01375, P06400	79	158	19104	9.183143726966833	0.8337072320152602	0.002688322208801494	0.0019637546926243887
GOTERM_BP_FAT	GO:0033043~regulation of organelle organization	15	18.9873417721519	4.7671567079180584E-4	P01583, O96017, P35968, O15392, P04637, P28482, P31749, P37231, P14780, Q07812, P01106, P01344, P01584, P06400, P01375	79	1248	19104	2.9065238558909443	0.8369761538549281	0.0027139965509299963	0.0019825091818258035
GOTERM_BP_FAT	GO:0002758~innate immune response-activating signaling pathway	6	7.59493670886076	4.85269347404684E-4	O15111, Q96P20, Q04206, O14920, P25963, P01375	79	159	19104	9.125388106042513	0.8421977540051545	0.002758564018206298	0.002015064644379988
GOTERM_BP_FAT	GO:0050866~negative regulation of cell activation	7	8.860759493670885	4.972484626510989E-4	P29474, P04626, P17706, P08575, P42574, P60568, P22301	79	245	19104	6.909222423146473	0.8492305739298175	0.0028224416469584015	0.002061725715290676
GOTERM_BP_FAT	GO:0042593~glucose homeostasis	7	8.860759493670885	5.080438727004747E-4	P37231, P09917, P17706, P31749, P05362, P05231, Q16665	79	246	19104	6.881136153133683	0.8552996144112063	0.002879420041549784	0.002103347061642204
GOTERM_BP_FAT	GO:0050890~cognition	8	10.126582278481013	5.189638817495064E-4	P31645, P28482, P36544, Q16665, P00533, P42574, P01375	79	345	19104	5.607484865162356	0.8611902567140829	0.0029369339915079956	0.002145359618303763
GOTERM_BP_FAT	GO:0002260~lymphocyte homeostasis	5	6.329113924050633	5.250536783404469E-4	P10415, Q07812, P31749, Q16665, P42574	79	91	19104	13.286966198358604	0.8643705469903682	0.0029625803245233225	0.0021640936475219013
GOTERM_BP_FAT	GO:0014910~regulation of smooth muscle cell migration	5	6.329113924050633	5.250536783404469E-4	P00749, P10415, P09211, Q16236, O14746	79	91	19104	13.286966198358604	0.8643705469903682	0.0029625803245233225	0.0021640936475219013
GOTERM_BP_FAT	GO:0045598~regulation of fat cell differentiation	6	7.59493670886076	5.284028557870108E-4	P37231, P09917, P31749, P05231, P35354, P01375	79	162	19104	8.956399437412095	0.8660884413729775	0.0029770608304562993	0.0021746713087056535
GOTERM_BP_FAT	GO:0042594~response to starvation	7	8.860759493670885	5.301825152181327E-4	P37231, P10415, Q07869, P04637, P28482, P38936, Q16236	79	248	19104	6.82564311964067	0.866992414263201	0.0029826687949327793	0.0021787677918283623
GOTERM_BP_FAT	GO:0098609~cell-cell adhesion	10	12.658227848101266	5.33813759160999E-4	P31645, P10415, P19320, P08575, P05362, P00533, Q9HC97, P29965, P01584, P01375	79	573	19104	4.2202929286235005	0.8688180149888739	0.002998661338388891	0.002190449960043213
GOTERM_BP_FAT	GO:0016525~negative regulation of angiogenesis	6	7.59493670886076	5.434024947450334E-4	P37231, P42224, P09917, Q04206, P02778, P01375	79	163	19104	8.901452201599751	0.8735192211290308	0.003048023137928262	0.002226507566964163
GOTERM_BP_FAT	GO:0033500~carbohydrate homeostasis	7	8.860759493670885	5.64792094387567E-4	P37231, P09917, P17706, P31749, P05362, P05231, Q16665	79	251	19104	6.744061727772454	0.8834081698427747	0.0031633348084770503	0.0023107399679067175
GOTERM_CC_FAT	GO:0098552~side of membrane	12	15.18987341772152	5.655316560076562E-4	P00749, P35968, Q9UNQ0, O15111, P36544, P19320, P02778, P08575, P05362, O14920, P29965, P01375	73	799	16775	3.4512318480292143	0.16558243243815063	0.016451829992949998	0.014652411087471092
GOTERM_BP_FAT	GO:0044087~regulation of cellular component biogenesis	14	17.72151898734177	5.656850264652859E-4	O96017, P35968, P04637, P31749, P03956, Q8TDU6, P37231, Q07812, P01579, P05362, P08254, O14920, P01584, P01375	79	1120	19104	3.0227848101265824	0.8838037502807083	0.003163676699481592	0.0023109897110596533
GOTERM_BP_FAT	GO:2000181~negative regulation of blood vessel morphogenesis	6	7.59493670886076	5.743603717936904E-4	P37231, P42224, P09917, Q04206, P02778, P01375	79	165	19104	8.793555811277331	0.8875778779089204	0.0032074779646569817	0.0023429854814139093
GOTERM_BP_FAT	GO:0045191~regulation of isotype switching	4	5.063291139240507	5.802225669644292E-4	P08575, P05112, P60568, P22301	79	40	19104	24.18227848101266	0.8900585377801448	0.0032354639621198305	0.0023634285792187453
GOTERM_BP_FAT	GO:2000553~positive regulation of T-helper 2 cell cytokine production	3	3.79746835443038	5.815603782343085E-4	Q96P20, P05231, P05112	79	9	19104	80.60759493670886	0.8906169359364311	0.003238175868850769	0.0023654095618373485
GOTERM_MF_FAT	GO:0019199~transmembrane receptor protein kinase activity	5	6.329113924050633	5.864116875875235E-4	P35968, P08581, P04626, P00533	79	85	17305	12.885331347728965	0.2820962610276182	0.006761685785447975	0.005732473435804566
GOTERM_BP_FAT	GO:0032368~regulation of lipid transport	6	7.59493670886076	5.903273173005389E-4	P37231, Q07869, P31749, P05164, P25963, P01584	79	166	19104	8.74058258349855	0.8942067114687856	0.003282185362125657	0.002397557437808329
GOTERM_BP_FAT	GO:0033273~response to vitamin	5	6.329113924050633	5.935742014624342E-4	P37231, P24385, P02778, P09211, P11473	79	94	19104	12.862914085645032	0.8955061080950685	0.003295419982717719	0.002407225009726485
KEGG_PATHWAY	hsa04014:Ras signaling pathway	9	11.39240506329114	5.970405887892902E-4	P35968, P08581, O15111, Q04206, P28482, P31749, P00533, O14920, P01344	76	238	9375	4.6646948252985405	0.12625915979246982	0.001314831756505556	5.970405887892902E-4
KEGG_PATHWAY	hsa04012:ErbB signaling pathway	6	7.59493670886076	6.023898796325014E-4	P04626, P28482, P31749, P01106, P38936, P00533	76	86	9375	8.606181150550794	0.12731545465738858	0.001314831756505556	6.023898796325014E-4
GOTERM_BP_FAT	GO:1901343~negative regulation of vasculature development	6	7.59493670886076	6.066254411953105E-4	P37231, P42224, P09917, Q04206, P02778, P01375	79	167	19104	8.68824376563329	0.9005701975577967	0.003362968735955927	0.0024565677487471903
GOTERM_BP_FAT	GO:0072594~establishment of protein localization to organelle	8	10.126582278481013	6.147023484855466E-4	P29474, P04637, Q07812, P31749, P38936, P00533, O14746, P25963	79	355	19104	5.449527545016937	0.903580490397089	0.003402784616143426	0.0024856522912559656
GOTERM_BP_FAT	GO:1900017~positive regulation of cytokine production involved in inflammatory response	4	5.063291139240507	6.241968172016635E-4	Q04206, P05231, Q16665, P01375	79	41	19104	23.592466810744057	0.9070028156011172	0.003450320488107451	0.0025203761020148566
GOTERM_BP_FAT	GO:0043009~chordate embryonic development	11	13.924050632911392	6.266208348440839E-4	P29474, P04637, P28482, P31749, Q14790, P38936, Q16665, P00533, P42574, P01344, P22301	79	713	19104	3.7307863014185023	0.9078569294465393	0.0034586923583629185	0.002526491551809673
GOTERM_BP_FAT	GO:0007204~positive regulation of cytosolic calcium ion concentration	6	7.59493670886076	6.402328702016573E-4	P10415, Q07812, Q9HC97, P13500, P60568, P10145	79	169	19104	8.585424312785559	0.9125095642588341	0.0035287037759085546	0.002577633207855368
GOTERM_BP_FAT	GO:0009408~response to heat	5	6.329113924050633	6.426381908401175E-4	P01583, P29474, P31749, P02778, P09601	79	96	19104	12.59493670886076	0.9133069456680336	0.0035317240459031315	0.0025798394424188533
GOTERM_BP_FAT	GO:0097530~granulocyte migration	5	6.329113924050633	6.426381908401175E-4	P02778, Q9HC97, P13500, P01584, P10145	79	96	19104	12.59493670886076	0.9133069456680336	0.0035317240459031315	0.0025798394424188533
GOTERM_CC_FAT	GO:1902911~protein kinase complex	6	7.59493670886076	6.55852775816155E-4	P24385, O15111, P11802, P38936, O14920, P06400	73	162	16775	8.510908168442414	0.18936852900973045	0.017489407355097467	0.015576503425633681
GOTERM_BP_FAT	GO:0002262~myeloid cell homeostasis	6	7.59493670886076	6.575510495982573E-4	Q07812, P17706, P05231, P42574, P09601, P06400	79	170	19104	8.534921816827998	0.9180910428773246	0.0036032660542106233	0.002632099158190142
GOTERM_BP_FAT	GO:0034284~response to monosaccharide	6	7.59493670886076	6.575510495982573E-4	Q07869, P05362, Q16665, P09211, P42574, P01375	79	170	19104	8.534921816827998	0.9180910428773246	0.0036032660542106233	0.002632099158190142
KEGG_PATHWAY	hsa04672:Intestinal immune network for IgA production	5	6.329113924050633	6.586404613918755E-4	P05231, P05112, P60568, P29965, P22301	76	50	9375	12.335526315789473	0.13834626282214502	0.001423917949866245	6.586404613918755E-4
GOTERM_MF_FAT	GO:0043167~ion binding	45	56.9620253164557	6.693240472479668E-4	Q9NRD8, P01583, P27695, O75469, P29474, P28482, P04637, P11802, P36544, P35354, P14780, P08581, Q07869, Q96P20, P33261, P08684, P09211, P05177, O14920, O14746, P31645, O96017, P35968, O15392, Q9UNQ0, P09917, O15111, P11712, P04626, P31749, P03956, P38936, P35228, P11473, P37231, P23219, Q04206, P09488, P05164, P08253, P08254, P00533, P09601	79	6557	17305	1.5033214093354672	0.31497140816990765	0.007563361733902025	0.006412124372635522
GOTERM_BP_FAT	GO:0045923~positive regulation of fatty acid metabolic process	4	5.063291139240507	6.702442760184453E-4	P37231, Q07869, P35354, P01584	79	42	19104	23.030741410488247	0.9219545584883674	0.0036517750454128184	0.0026675338091393134
GOTERM_BP_FAT	GO:0007595~lactation	4	5.063291139240507	6.702442760184453E-4	P24385, Q07869, Q16665, P11473	79	42	19104	23.030741410488247	0.9219545584883674	0.0036517750454128184	0.0026675338091393134
GOTERM_BP_FAT	GO:0030574~collagen catabolic process	4	5.063291139240507	6.702442760184453E-4	P14780, P03956, P08253, P08254	79	42	19104	23.030741410488247	0.9219545584883674	0.0036517750454128184	0.0026675338091393134
GOTERM_BP_FAT	GO:0006693~prostaglandin metabolic process	4	5.063291139240507	6.702442760184453E-4	P23219, P09488, P09211, P35354	79	42	19104	23.030741410488247	0.9219545584883674	0.0036517750454128184	0.0026675338091393134
GOTERM_BP_FAT	GO:0043549~regulation of kinase activity	7	8.860759493670885	6.792623928404061E-4	P04626, P36544, P08575, P38936, P08246, P01375, P06400	79	260	19104	6.510613437195715	0.9245882452684719	0.0036956149928069593	0.002699557835923674
GOTERM_BP_FAT	GO:0050851~antigen receptor-mediated signaling pathway	6	7.59493670886076	6.932386747825453E-4	P10415, P28482, Q07812, P08575, O14920, P25963	79	172	19104	8.435678539888137	0.9284954649791974	0.0037570844395028603	0.0027444597877830518
GOTERM_BP_FAT	GO:1905897~regulation of response to endoplasmic reticulum stress	5	6.329113924050633	6.945123221063662E-4	P09917, Q07812, P17706, P31749, Q16236	79	98	19104	12.337897184190131	0.9288413026995367	0.0037570844395028603	0.0027444597877830518
GOTERM_BP_FAT	GO:1900542~regulation of purine nucleotide metabolic process	5	6.329113924050633	6.945123221063662E-4	Q07869, P04637, P01579, Q16665, P05112	79	98	19104	12.337897184190131	0.9288413026995367	0.0037570844395028603	0.0027444597877830518
GOTERM_BP_FAT	GO:0006140~regulation of nucleotide metabolic process	5	6.329113924050633	6.945123221063662E-4	Q07869, P04637, P01579, Q16665, P05112	79	98	19104	12.337897184190131	0.9288413026995367	0.0037570844395028603	0.0027444597877830518
GOTERM_MF_FAT	GO:0101021~estrogen 2-hydroxylase activity	3	3.79746835443038	7.073973590339065E-4	P11712, P08684, P05177	79	9	17305	73.0168776371308	0.32955991616056113	0.007836853095179551	0.006643986960338063
GOTERM_BP_FAT	GO:0002724~regulation of T cell cytokine production	4	5.063291139240507	7.184038739331094E-4	Q96P20, P05231, P05112, P01584	79	43	19104	22.49514277303503	0.9350274520079597	0.0038643421959937982	0.002822808998283137
GOTERM_BP_FAT	GO:0032107~regulation of response to nutrient levels	4	5.063291139240507	7.184038739331094E-4	P10415, Q07869, Q07812, P11473	79	43	19104	22.49514277303503	0.9350274520079597	0.0038643421959937982	0.002822808998283137
GOTERM_BP_FAT	GO:0090199~regulation of release of cytochrome c from mitochondria	4	5.063291139240507	7.184038739331094E-4	P14780, P04637, Q07812, P31749	79	43	19104	22.49514277303503	0.9350274520079597	0.0038643421959937982	0.002822808998283137
GOTERM_BP_FAT	GO:0045123~cellular extravasation	4	5.063291139240507	7.184038739331094E-4	P19320, P05362, P13500, P01375	79	43	19104	22.49514277303503	0.9350274520079597	0.0038643421959937982	0.002822808998283137
GOTERM_BP_FAT	GO:0008406~gonad development	7	8.860759493670885	7.355717584645333E-4	P24385, P35968, P29474, P10415, Q07812, P08253, P42574	79	264	19104	6.411967779056386	0.9391378970554999	0.003951100843842684	0.0028861841031277875
GOTERM_BP_FAT	GO:0009059~macromolecule biosynthetic process	26	32.91139240506329	7.488332975569233E-4	P27695, O75469, P29474, P04637, P00749, Q07869, Q96P20, Q14790, Q16236, P05231, O14920, P08246, O14746, P29965, P01375, P06400, P31749, P11473, P37231, Q04206, P01106, Q16665, P00533, P42574, P60568, P01584	79	3226	19104	1.9489747070871948	0.9421342117550277	0.00401342569292428	0.0029317109058489745
GOTERM_BP_FAT	GO:0071230~cellular response to amino acid stimulus	5	6.329113924050633	7.492853647058213E-4	P08253, P00533, P08254, Q16236, P01375	79	100	19104	12.09113924050633	0.9422337103889447	0.00401342569292428	0.0029317109058489745
GOTERM_BP_FAT	GO:0051960~regulation of nervous system development	9	11.39240506329114	7.532450652011986E-4	P37231, P04637, P31749, P01579, P05231, Q16665, P01584, P01375, P06400	79	480	19104	4.534177215189873	0.94309795074335	0.004028960594880673	0.0029430587779591135
GOTERM_BP_FAT	GO:0006692~prostanoid metabolic process	4	5.063291139240507	7.687139816081253E-4	P23219, P09488, P09211, P35354	79	44	19104	21.983889528193323	0.9463520753858231	0.0040899286734550205	0.00298759449246859
GOTERM_BP_FAT	GO:1904706~negative regulation of vascular associated smooth muscle cell proliferation	4	5.063291139240507	7.687139816081253E-4	P37231, P38936, P09211, P22301	79	44	19104	21.983889528193323	0.9463520753858231	0.0040899286734550205	0.00298759449246859
GOTERM_BP_FAT	GO:0070232~regulation of T cell apoptotic process	4	5.063291139240507	7.687139816081253E-4	P10415, P04637, P05362, Q16665	79	44	19104	21.983889528193323	0.9463520753858231	0.0040899286734550205	0.00298759449246859
GOTERM_BP_FAT	GO:0045936~negative regulation of phosphate metabolic process	6	7.59493670886076	7.689453067368761E-4	Q07869, P04637, P17706, P08575, P38936, P06400	79	176	19104	8.243958573072497	0.9463992989823241	0.0040899286734550205	0.00298759449246859
GOTERM_BP_FAT	GO:0009792~embryo development ending in birth or egg hatching	11	13.924050632911392	7.752626005177345E-4	P29474, P04637, P28482, P31749, Q14790, P38936, Q16665, P00533, P42574, P01344, P22301	79	733	19104	3.6289913136581067	0.9476729946557257	0.004117770488504112	0.003007932268489199
KEGG_PATHWAY	hsa04662:B cell receptor signaling pathway	6	7.59493670886076	7.798608472230821E-4	O15111, Q04206, P28482, P31749, O14920, P25963	76	91	9375	8.133314054366686	0.1616480779108972	0.0016700793615060342	7.798608472230821E-4
GOTERM_BP_FAT	GO:0010563~negative regulation of phosphorus metabolic process	6	7.59493670886076	8.090371764176934E-4	Q07869, P04637, P17706, P08575, P38936, P06400	79	178	19104	8.151329825060447	0.9539866187584687	0.004291169291375855	0.0031345959220200168
GOTERM_BP_FAT	GO:0045137~development of primary sexual characteristics	7	8.860759493670885	8.109706236447925E-4	P24385, P35968, P29474, P10415, Q07812, P08253, P42574	79	269	19104	6.292786221824855	0.9543240703694166	0.004295433540001597	0.003137710853043501
GOTERM_BP_FAT	GO:1903580~positive regulation of ATP metabolic process	4	5.063291139240507	8.2121241427047E-4	Q07869, P01579, Q16665, P05112	79	45	19104	21.495358649789033	0.9560707729423834	0.004331582262788623	0.0031641166253028653
GOTERM_BP_FAT	GO:0002891~positive regulation of immunoglobulin mediated immune response	4	5.063291139240507	8.2121241427047E-4	P08575, P05112, P60568, P01375	79	45	19104	21.495358649789033	0.9560707729423834	0.004331582262788623	0.0031641166253028653
GOTERM_BP_FAT	GO:0002714~positive regulation of B cell mediated immunity	4	5.063291139240507	8.2121241427047E-4	P08575, P05112, P60568, P01375	79	45	19104	21.495358649789033	0.9560707729423834	0.004331582262788623	0.0031641166253028653
KEGG_PATHWAY	hsa04915:Estrogen signaling pathway	7	8.860759493670885	8.295172210392925E-4	P14780, P29474, P10415, P28482, P31749, P08253, P00533	76	139	9375	6.212135554714123	0.1710112463872172	0.0017598169081861628	8.295172210392925E-4
GOTERM_BP_FAT	GO:0019216~regulation of lipid metabolic process	8	10.126582278481013	8.350712010017068E-4	P37231, Q07869, P28482, P31749, P01579, P35354, P01584, P01375	79	374	19104	5.172679888986664	0.9583285041051722	0.004398581409154419	0.0032130578897267884
GOTERM_BP_FAT	GO:0010660~regulation of muscle cell apoptotic process	5	6.329113924050633	8.370750627823596E-4	P37231, P04637, P01579, Q16236, Q9HC97	79	103	19104	11.738970136413911	0.9586452091905586	0.004403037985838608	0.0032163133117695643
GOTERM_BP_FAT	GO:0010959~regulation of metal ion transport	8	10.126582278481013	8.482005927450045E-4	P29474, P10415, Q07812, P31749, P01579, P02778, Q9HC97, P13500	79	375	19104	5.158886075949367	0.9603603029477347	0.0044553962074713425	0.0032545597329359426
GOTERM_BP_FAT	GO:0008202~steroid metabolic process	7	8.860759493670885	8.58996126424019E-4	O75469, P11712, P33261, P08684, P05177, P05112, P11473	79	272	19104	6.223380491437081	0.9619565178428718	0.004505878991435234	0.0032914361920081724
GOTERM_BP_FAT	GO:0070242~thymocyte apoptotic process	3	3.79746835443038	8.837983013195843E-4	O96017, P04637, Q07812	79	11	19104	65.95166858457998	0.9653845534782297	0.00460422594509367	0.00336327627543261
GOTERM_BP_FAT	GO:0048304~positive regulation of isotype switching to IgG isotypes	3	3.79746835443038	8.837983013195843E-4	P08575, P05112, P60568	79	11	19104	65.95166858457998	0.9653845534782297	0.00460422594509367	0.00336327627543261
GOTERM_BP_FAT	GO:1902510~regulation of apoptotic DNA fragmentation	3	3.79746835443038	8.837983013195843E-4	Q07812, P05231, P42574	79	11	19104	65.95166858457998	0.9653845534782297	0.00460422594509367	0.00336327627543261
GOTERM_BP_FAT	GO:0031652~positive regulation of heat generation	3	3.79746835443038	8.837983013195843E-4	P35354, P01584, P01375	79	11	19104	65.95166858457998	0.9653845534782297	0.00460422594509367	0.00336327627543261
GOTERM_BP_FAT	GO:1903624~regulation of DNA catabolic process	3	3.79746835443038	8.837983013195843E-4	Q07812, P05231, P42574	79	11	19104	65.95166858457998	0.9653845534782297	0.00460422594509367	0.00336327627543261
GOTERM_MF_FAT	GO:0019904~protein domain specific binding	11	13.924050632911392	8.963826152077411E-4	P37231, P10415, Q07869, Q04206, P04637, Q07812, Q14790, Q16665, Q16236, P01584, P06400	79	677	17305	3.559168333863097	0.397509452529634	0.009739541876776418	0.008257062936240539
GOTERM_BP_FAT	GO:0030308~negative regulation of cell growth	6	7.59493670886076	9.160919672666399E-4	P37231, P10415, Q07869, P04637, P38936, P06400	79	183	19104	7.928615895413986	0.9693894642578489	0.00476593399660059	0.00348140011637035
GOTERM_BP_FAT	GO:0045927~positive regulation of growth	7	8.860759493670885	9.264149969031955E-4	P10415, P04626, P28482, P31749, P00533, P01344, P60568	79	276	19104	6.1331865712713265	0.970569273713579	0.0048130549634191975	0.003515820848903111
GOTERM_BP_FAT	GO:0045454~cell redox homeostasis	4	5.063291139240507	9.329227669331443E-4	P27695, P29474, Q16236, P35228	79	47	19104	20.58066253703205	0.9712895649493495	0.004833658423224451	0.0035308711805725813
GOTERM_BP_FAT	GO:0071498~cellular response to fluid shear stress	4	5.063291139240507	9.329227669331443E-4	P31749, P08253, Q16236, P35354	79	47	19104	20.58066253703205	0.9712895649493495	0.004833658423224451	0.0035308711805725813
GOTERM_BP_FAT	GO:0043409~negative regulation of MAPK cascade	6	7.59493670886076	9.387102670927027E-4	P37231, P17706, P01106, P08575, P09211, P01584	79	184	19104	7.885525591634563	0.9719153159882218	0.0048570274091885015	0.0035479416625626235
GOTERM_BP_FAT	GO:0070664~negative regulation of leukocyte proliferation	5	6.329113924050633	9.651058279993767E-4	P04626, P09211, P42574, P60568, P22301	79	107	19104	11.300130131314328	0.9746007412594594	0.00498005083294658	0.0036378073136801472
GOTERM_BP_FAT	GO:0060078~regulation of postsynaptic membrane potential	5	6.329113924050633	9.651058279993767E-4	P08581, P31749, P36544	79	107	19104	11.300130131314328	0.9746007412594594	0.00498005083294658	0.0036378073136801472
GOTERM_BP_FAT	GO:0034764~positive regulation of transmembrane transport	6	7.59493670886076	9.851918623239484E-4	Q07812, P31749, P01579, P02778, Q16236, O14746	79	186	19104	7.800734993875051	0.9764708957312374	0.005069938636560183	0.003703468191523584
GOTERM_BP_FAT	GO:0002218~activation of innate immune response	6	7.59493670886076	9.851918623239484E-4	O15111, Q96P20, Q04206, O14920, P25963, P01375	79	186	19104	7.800734993875051	0.9764708957312374	0.005069938636560183	0.003703468191523584
GOTERM_BP_FAT	GO:0048598~embryonic morphogenesis	10	12.658227848101266	9.89276228796219E-4	P14780, P04637, P28482, Q07812, P01106, P08253, Q16665, P42574, P01344, P22301	79	625	19104	3.869164556962026	0.9768339961990594	0.005078553748441862	0.0037097613234739653
GOTERM_BP_FAT	GO:0045981~positive regulation of nucleotide metabolic process	4	5.063291139240507	9.922075821962406E-4	Q07869, P01579, Q16665, P05112	79	48	19104	20.151898734177216	0.9770911356847801	0.005078553748441862	0.0037097613234739653
GOTERM_BP_FAT	GO:1900544~positive regulation of purine nucleotide metabolic process	4	5.063291139240507	9.922075821962406E-4	Q07869, P01579, Q16665, P05112	79	48	19104	20.151898734177216	0.9770911356847801	0.005078553748441862	0.0037097613234739653
GOTERM_BP_FAT	GO:0071526~semaphorin-plexin signaling pathway	4	5.063291139240507	9.922075821962406E-4	P35968, P08581, P04626	79	48	19104	20.151898734177216	0.9770911356847801	0.005078553748441862	0.0037097613234739653
GOTERM_BP_FAT	GO:0002690~positive regulation of leukocyte chemotaxis	5	6.329113924050633	9.991482671947464E-4	P28482, P02778, P05231, P13500, P10145	79	108	19104	11.19549929676512	0.977688656116018	0.005107205457179597	0.003730690707348126
GOTERM_MF_FAT	GO:0030234~enzyme regulator activity	17	21.518987341772153	0.0010332724912390109	P11926, P24385, O15392, P04637, P31749, P11802, P38936, Q96P20, Q14790, P02778, P08575, P00533, P09211, P42574, P01344, P60568, P29965	79	1516	17305	2.4563725326475403	0.44239295057643835	0.011015074670755493	0.009338443835914834
GOTERM_BP_FAT	GO:1904892~regulation of receptor signaling pathway via STAT	5	6.329113924050633	0.0010340269442821774	P37231, P17706, P08575, P05231, P22301	79	109	19104	11.092788294042505	0.9804635541464899	0.0052713196636797865	0.0038505721866164727
GOTERM_BP_FAT	GO:0071229~cellular response to acid chemical	5	6.329113924050633	0.0010340269442821774	P08253, P00533, P08254, Q16236, P01375	79	109	19104	11.092788294042505	0.9804635541464899	0.0052713196636797865	0.0038505721866164727
GOTERM_BP_FAT	GO:0006801~superoxide metabolic process	4	5.063291139240507	0.0010538265219979435	Q9NRD8, P29474, P05164, P35228	79	49	19104	19.74063549470421	0.981882371086138	0.005329730724844619	0.003893240061430016
GOTERM_BP_FAT	GO:2000378~negative regulation of reactive oxygen species metabolic process	4	5.063291139240507	0.0010538265219979435	Q07869, P04637, Q16665, P08254	79	49	19104	19.74063549470421	0.981882371086138	0.005329730724844619	0.003893240061430016
GOTERM_BP_FAT	GO:0060711~labyrinthine layer development	4	5.063291139240507	0.0010538265219979435	P28482, P31749, Q14790, P22301	79	49	19104	19.74063549470421	0.981882371086138	0.005329730724844619	0.003893240061430016
GOTERM_BP_FAT	GO:0071364~cellular response to epidermal growth factor stimulus	4	5.063291139240507	0.0010538265219979435	P04626, P31749, P00533, P09211	79	49	19104	19.74063549470421	0.981882371086138	0.005329730724844619	0.003893240061430016
GOTERM_BP_FAT	GO:0097267~omega-hydroxylase P450 pathway	3	3.79746835443038	0.0010577523561869963	P11712, P33261, P05177	79	12	19104	60.45569620253165	0.9821512088996053	0.005329730724844619	0.003893240061430016
GOTERM_BP_FAT	GO:0046222~aflatoxin metabolic process	3	3.79746835443038	0.0010577523561869963	P08684, Q16236, P05177	79	12	19104	60.45569620253165	0.9821512088996053	0.005329730724844619	0.003893240061430016
GOTERM_BP_FAT	GO:0070989~oxidative demethylation	3	3.79746835443038	0.0010577523561869963	P11712, P08684, P05177	79	12	19104	60.45569620253165	0.9821512088996053	0.005329730724844619	0.003893240061430016
GOTERM_BP_FAT	GO:0043385~mycotoxin metabolic process	3	3.79746835443038	0.0010577523561869963	P08684, Q16236, P05177	79	12	19104	60.45569620253165	0.9821512088996053	0.005329730724844619	0.003893240061430016
GOTERM_BP_FAT	GO:0043270~positive regulation of monoatomic ion transport	6	7.59493670886076	0.0010580980008566099	P31645, Q07812, P31749, P01579, P02778, P13500	79	189	19104	7.676913803496083	0.9821746864666691	0.005329730724844619	0.003893240061430016
GOTERM_BP_FAT	GO:0050767~regulation of neurogenesis	8	10.126582278481013	0.00106550630854996	P37231, P04637, P01579, P05231, Q16665, P01584, P01375, P06400	79	390	19104	4.960467380720544	0.9826705321127222	0.005359947739967589	0.003915312863957392
GOTERM_BP_FAT	GO:0019538~protein metabolic process	27	34.177215189873415	0.0010951948468746798	P10415, P28482, P13500, P00749, P14780, Q07869, Q96P20, P17706, Q14790, Q16236, O14920, P08246, P01375, O96017, P35968, P04626, P31749, P03956, P35228, Q04206, P01106, P08575, P08253, Q16665, P08254, P00533, P42574	79	3504	19104	1.8633604993930988	0.984523061811143	0.005502015855567249	0.004019090204250807
GOTERM_BP_FAT	GO:0035924~cellular response to vascular endothelial growth factor stimulus	4	5.063291139240507	0.0011178146932689387	P35968, Q04206, P31749, P19320	79	50	19104	19.345822784810125	0.9858004560792842	0.005593485892765492	0.004085906865659358
GOTERM_BP_FAT	GO:0043457~regulation of cellular respiration	4	5.063291139240507	0.0011178146932689387	P01579, P35228, P05112, P01375	79	50	19104	19.345822784810125	0.9858004560792842	0.005593485892765492	0.004085906865659358
GOTERM_BP_FAT	GO:0010907~positive regulation of glucose metabolic process	4	5.063291139240507	0.0011178146932689387	Q07869, P17706, P31749, P01344	79	50	19104	19.345822784810125	0.9858004560792842	0.005593485892765492	0.004085906865659358
GOTERM_MF_FAT	GO:0004860~protein kinase inhibitor activity	5	6.329113924050633	0.0011199296856033668	P31749, P08575, P38936, P09211, P42574	79	101	17305	10.844090738187743	0.4690645672137739	0.011717782821590783	0.009934191100074308
GOTERM_BP_FAT	GO:0030182~neuron differentiation	14	17.72151898734177	0.0011230605953160683	P24385, P08581, P10415, P04626, P36544, P19320, P08253, P00533, P05231, Q16665, P42574, P06400	79	1206	19104	2.807229674412746	0.9860813168300583	0.005612351437565056	0.004099687692231324
KEGG_PATHWAY	hsa04510:Focal adhesion	8	10.126582278481013	0.0011494309551230656	P24385, P35968, P08581, P10415, P04626, P28482, P31749, P00533	76	203	9375	4.861291158931812	0.22888734834880575	0.002415933581601258	0.0011494309551230656
GOTERM_BP_FAT	GO:0008625~extrinsic apoptotic signaling pathway via death domain receptors	4	5.063291139240507	0.0011842066747087487	P10415, Q07812, Q14790, P01375	79	51	19104	18.966492926284438	0.9889728135431778	0.005910154834537233	0.004317225908583864
GOTERM_BP_FAT	GO:0034116~positive regulation of heterotypic cell-cell adhesion	3	3.79746835443038	0.0012467650015468537	P01584, P22301, P01375	79	13	19104	55.805258033106135	0.9913106143469527	0.006189878982875568	0.004521557668795247
GOTERM_BP_FAT	GO:2000551~regulation of T-helper 2 cell cytokine production	3	3.79746835443038	0.0012467650015468537	Q96P20, P05231, P05112	79	13	19104	55.805258033106135	0.9913106143469527	0.006189878982875568	0.004521557668795247
GOTERM_BP_FAT	GO:0033084~regulation of immature T cell proliferation in thymus	3	3.79746835443038	0.0012467650015468537	P01583, P04626, P01584	79	13	19104	55.805258033106135	0.9913106143469527	0.006189878982875568	0.004521557668795247
GOTERM_BP_FAT	GO:0001783~B cell apoptotic process	3	3.79746835443038	0.0012467650015468537	P10415, Q07812, P01106	79	13	19104	55.805258033106135	0.9913106143469527	0.006189878982875568	0.004521557668795247
GOTERM_BP_FAT	GO:0045776~negative regulation of blood pressure	4	5.063291139240507	0.0012530365212313807	P29474, Q07869, P35228, P01375	79	52	19104	18.601752677702045	0.9915157158888364	0.006212904680890405	0.004538377387197882
GOTERM_MF_FAT	GO:0015643~toxic substance binding	3	3.79746835443038	0.0012855652084949147	P36544, P09211	79	12	17305	54.7626582278481	0.5165520511672619	0.013050703209323574	0.01106422449073627
GOTERM_MF_FAT	GO:0019210~kinase inhibitor activity	5	6.329113924050633	0.00129352102605685	P31749, P08575, P38936, P09211, P42574	79	105	17305	10.430982519590115	0.5187230840911166	0.013050703209323574	0.01106422449073627
GOTERM_BP_FAT	GO:0006816~calcium ion transport	7	8.860759493670885	0.0013041781994647763	P29474, P10415, Q07812, P36544, P08575, P11473	79	295	19104	5.738167775155546	0.9930173847972421	0.006458059495526751	0.004717457080876495
KEGG_PATHWAY	hsa04370:VEGF signaling pathway	5	6.329113924050633	0.0013130499712425026	P35968, P29474, P28482, P31749, P35354	76	60	9375	10.279605263157894	0.25691458967239955	0.0027345169125875973	0.0013130499712425026
GOTERM_BP_FAT	GO:0050922~negative regulation of chemotaxis	4	5.063291139240507	0.0013243377682847517	P17706, P09211, P13500, P08246	79	53	19104	18.250776212085025	0.9935334961544844	0.006549358300113018	0.004784148660981847
GOTERM_BP_FAT	GO:0007611~learning or memory	7	8.860759493670885	0.0013499174792055808	P31645, P28482, P36544, Q16665, P00533, P42574	79	297	19104	5.699526914716788	0.9941338408887602	0.006667189835608862	0.004870221762640394
GOTERM_MF_FAT	GO:0036094~small molecule binding	45	56.9620253164557	0.0013768602902646575	Q9NRD8, P01583, P27695, O75469, P29474, P28482, P04637, P11802, P36544, P35354, P14780, P08581, Q07869, Q96P20, P33261, P08684, P09211, P05177, O14920, O14746, P31645, O96017, P35968, O15392, Q9UNQ0, P09917, O15111, P11712, P04626, P31749, P03956, P38936, P35228, P11473, P37231, P23219, Q04206, P09488, P05164, P08253, P08254, P00533, P09601	79	6756	17305	1.4590406277401806	0.5408884654803465	0.013647825684202307	0.011570457526960894
GOTERM_BP_FAT	GO:0007566~embryo implantation	4	5.063291139240507	0.0013981434359649192	P14780, P08253, P35354, P01584	79	54	19104	17.91279887482419	0.9951182872086125	0.006887486382091435	0.005031143089521432
GOTERM_BP_FAT	GO:0097194~execution phase of apoptosis	4	5.063291139240507	0.0013981434359649192	Q07812, P31749, Q14790, P42574	79	54	19104	17.91279887482419	0.9951182872086125	0.006887486382091435	0.005031143089521432
GOTERM_BP_FAT	GO:0019217~regulation of fatty acid metabolic process	5	6.329113924050633	0.0014312623576088856	P37231, Q07869, P31749, P35354, P01584	79	119	19104	10.160621210509522	0.9956969103875415	0.007041514548494944	0.0051436569591688025
GOTERM_BP_FAT	GO:0032494~response to peptidoglycan	3	3.79746835443038	0.0014507135500298049	Q96P20, Q04206, P05231	79	14	19104	51.819168173598555	0.9960042385279806	0.007073158500978652	0.005166772105106151
GOTERM_BP_FAT	GO:2000660~negative regulation of interleukin-1-mediated signaling pathway	3	3.79746835443038	0.0014507135500298049	P01583, P05231, P01584	79	14	19104	51.819168173598555	0.9960042385279806	0.007073158500978652	0.005166772105106151
GOTERM_BP_FAT	GO:0060333~type II interferon-mediated signaling pathway	3	3.79746835443038	0.0014507135500298049	P42224, P04637, P01579	79	14	19104	51.819168173598555	0.9960042385279806	0.007073158500978652	0.005166772105106151
GOTERM_BP_FAT	GO:0002674~negative regulation of acute inflammatory response	3	3.79746835443038	0.0014507135500298049	P37231, Q96P20, P09211	79	14	19104	51.819168173598555	0.9960042385279806	0.007073158500978652	0.005166772105106151
GOTERM_BP_FAT	GO:0010745~negative regulation of macrophage derived foam cell differentiation	3	3.79746835443038	0.0014507135500298049	P37231, Q07869, P25963	79	14	19104	51.819168173598555	0.9960042385279806	0.007073158500978652	0.005166772105106151
GOTERM_BP_FAT	GO:0033083~regulation of immature T cell proliferation	3	3.79746835443038	0.0014507135500298049	P01583, P04626, P01584	79	14	19104	51.819168173598555	0.9960042385279806	0.007073158500978652	0.005166772105106151
GOTERM_BP_FAT	GO:0031650~regulation of heat generation	3	3.79746835443038	0.0014507135500298049	P35354, P01584, P01375	79	14	19104	51.819168173598555	0.9960042385279806	0.007073158500978652	0.005166772105106151
GOTERM_BP_FAT	GO:1903829~positive regulation of protein localization	9	11.39240506329114	0.001455978745472743	P01583, P37231, P31749, P01579, Q16665, P00533, O14746, P01584, P01375	79	532	19104	4.09098696107357	0.9960835868870723	0.007089740293255879	0.005178884705407528
KEGG_PATHWAY	hsa04934:Cushing syndrome	7	8.860759493670885	0.0014588922035770838	P24385, P35869, P28482, P11802, P38936, P00533, P06400	76	155	9375	5.57088285229202	0.28104059095405043	0.003010623001927255	0.0014588922035770838
GOTERM_MF_FAT	GO:0043565~sequence-specific DNA binding	18	22.78481012658228	0.0014616328574978653	P35869, P27695, O75469, P10415, P04637, P11473, P37231, P42224, P08581, Q96P20, Q07869, Q04206, P01106, Q16236, Q16665, O14746, P06400, P01375	79	1721	17305	2.291058333762384	0.562389781939268	0.014165871513415983	0.012009650362701338
GOTERM_BP_FAT	GO:0019748~secondary metabolic process	4	5.063291139240507	0.0014744860338408948	P10415, P08684, Q16236, P05177	79	55	19104	17.58711162255466	0.9963502043435543	0.007170678243857958	0.005238007930959087
GOTERM_MF_FAT	GO:0001046~core promoter sequence-specific DNA binding	4	5.063291139240507	0.0014825658183282662	P42224, Q04206, P04637, P01106	79	50	17305	17.524050632911393	0.5675425059764042	0.014165871513415983	0.012009650362701338
GOTERM_BP_FAT	GO:0001503~ossification	7	8.860759493670885	0.001494530116708861	Q9NRD8, P10415, P31749, P08253, Q16665, P00533, P01344	79	303	19104	5.586664995613486	0.9966185313340794	0.007258873606441633	0.005302432521350212
GOTERM_MF_FAT	GO:1901681~sulfur compound binding	7	8.860759493670885	0.001504340337707892	P09488, P02778, P08575, P05164, P09211, P08246, P10145	79	275	17305	5.575834292289989	0.5728381259454987	0.014165871513415983	0.012009650362701338
GOTERM_BP_FAT	GO:0006874~intracellular calcium ion homeostasis	6	7.59493670886076	0.0015165931838356642	P10415, Q07812, P36544, P11473, P08246	79	205	19104	7.0777400432232165	0.9968911413192814	0.007356637599651826	0.0053738467661932085
GOTERM_BP_FAT	GO:0042692~muscle cell differentiation	7	8.860759493670885	0.0015452709358845108	O15111, P10415, P31749, P01106, P42574, P01344, P06400	79	305	19104	5.550031126789791	0.9972129094429513	0.0074766734976702215	0.005461530101637622
GOTERM_BP_FAT	GO:0051338~regulation of transferase activity	7	8.860759493670885	0.0015452709358845108	P04626, P36544, P08575, P38936, P08246, P01375, P06400	79	305	19104	5.550031126789791	0.9972129094429513	0.0074766734976702215	0.005461530101637622
GOTERM_BP_FAT	GO:0050918~positive chemotaxis	4	5.063291139240507	0.0015533975646384735	P08581, P02778, P13500	79	56	19104	17.273056057866185	0.9972978802032382	0.00749691743441639	0.005476317810362538
GOTERM_BP_FAT	GO:0150076~neuroinflammatory response	4	5.063291139240507	0.0015533975646384735	P01579, P05112, P01584, P01375	79	56	19104	17.273056057866185	0.9972978802032382	0.00749691743441639	0.005476317810362538
KEGG_PATHWAY	hsa00590:Arachidonic acid metabolism	5	6.329113924050633	0.0015752438468239344	P09917, P11712, P23219, P33261, P35354	76	63	9375	9.790100250626566	0.2997275473705949	0.003221444623684983	0.0015752438468239344
KEGG_PATHWAY	hsa04110:Cell cycle	7	8.860759493670885	0.001609203810903909	O96017, P24385, P04637, P11802, P01106, P38936, P06400	76	158	9375	5.465106595602931	0.3050900382403995	0.0032615112953141728	0.001609203810903909
GOTERM_BP_FAT	GO:0007093~mitotic cell cycle checkpoint signaling	5	6.329113924050633	0.0016163801733471172	O96017, P24385, O15392, P04637, P38936	79	123	19104	9.83019450447669	0.9978743653607004	0.007772583589062148	0.005677685303816632
GOTERM_BP_FAT	GO:0045580~regulation of T cell differentiation	6	7.59493670886076	0.001616648335248004	Q96P20, P04626, P17706, P08575, P05112, P60568	79	208	19104	6.975657254138267	0.9978765360964804	0.007772583589062148	0.005677685303816632
GOTERM_BP_FAT	GO:0009267~cellular response to starvation	6	7.59493670886076	0.001616648335248004	P10415, Q07869, P04637, P28482, P38936, Q16236	79	208	19104	6.975657254138267	0.9978765360964804	0.007772583589062148	0.005677685303816632
GOTERM_BP_FAT	GO:0043085~positive regulation of catalytic activity	7	8.860759493670885	0.0016238349010395741	P04626, P31749, P36544, P08575, P38936, P08246, P01375	79	308	19104	5.495972382048332	0.9979338920703247	0.007797277940219066	0.0056957239331918395
GOTERM_BP_FAT	GO:0046456~icosanoid biosynthetic process	4	5.063291139240507	0.0016349095292257185	P09917, P11712, P23219, P35354	79	57	19104	16.97001998667555	0.9980192610729455	0.007840556039905936	0.005727337543744069
GOTERM_BP_FAT	GO:1903047~mitotic cell cycle process	9	11.39240506329114	0.001637285112364506	O96017, P24385, O15392, P10415, P04637, P11802, P01106, P38936, P06400	79	542	19104	4.01550749684712	0.9980371088888408	0.007842059549524202	0.005728435821345841
GOTERM_BP_FAT	GO:0048302~regulation of isotype switching to IgG isotypes	3	3.79746835443038	0.0016694760428060033	P08575, P05112, P60568	79	15	19104	48.36455696202532	0.998263691435702	0.00794620449410667	0.005804511197640898
GOTERM_BP_FAT	GO:0045348~positive regulation of MHC class II biosynthetic process	3	3.79746835443038	0.0016694760428060033	P01579, P05112, P22301	79	15	19104	48.36455696202532	0.998263691435702	0.00794620449410667	0.005804511197640898
GOTERM_BP_FAT	GO:1901299~negative regulation of hydrogen peroxide-mediated programmed cell death	3	3.79746835443038	0.0016694760428060033	P08581, P31749	79	15	19104	48.36455696202532	0.998263691435702	0.00794620449410667	0.005804511197640898
GOTERM_BP_FAT	GO:0002544~chronic inflammatory response	3	3.79746835443038	0.0016694760428060033	P19320, P22301, P01375	79	15	19104	48.36455696202532	0.998263691435702	0.00794620449410667	0.005804511197640898
GOTERM_BP_FAT	GO:1903377~negative regulation of oxidative stress-induced neuron intrinsic apoptotic signaling pathway	3	3.79746835443038	0.0016694760428060033	P31749, Q16665, P22301	79	15	19104	48.36455696202532	0.998263691435702	0.00794620449410667	0.005804511197640898
KEGG_PATHWAY	hsa00591:Linoleic acid metabolism	4	5.063291139240507	0.001709540315980289	P11712, P33261, P08684, P05177	76	30	9375	16.44736842105263	0.32069613556213417	0.003434209307323235	0.001709540315980289
GOTERM_MF_FAT	GO:0004252~serine-type endopeptidase activity	6	7.59493670886076	0.0017104518048810936	P00749, P14780, P03956, P08253, P08254, P08246	79	191	17305	6.881171714494003	0.6198664756985515	0.015842709340292097	0.013431252697344982
GOTERM_BP_FAT	GO:0030593~neutrophil chemotaxis	4	5.063291139240507	0.0017190529299589998	P02778, Q9HC97, P01584, P10145	79	58	19104	16.677433435181143	0.9985625786176401	0.008121190425632393	0.005932334210467206
GOTERM_BP_FAT	GO:0030857~negative regulation of epithelial cell differentiation	4	5.063291139240507	0.0017190529299589998	P42224, P24385, P14780, P01579	79	58	19104	16.677433435181143	0.9985625786176401	0.008121190425632393	0.005932334210467206
GOTERM_BP_FAT	GO:0048146~positive regulation of fibroblast proliferation	4	5.063291139240507	0.0017190529299589998	P11802, P01106, P38936, P00533	79	58	19104	16.677433435181143	0.9985625786176401	0.008121190425632393	0.005932334210467206
GOTERM_BP_FAT	GO:0001541~ovarian follicle development	4	5.063291139240507	0.0017190529299589998	P35968, P10415, Q07812, P08253	79	58	19104	16.677433435181143	0.9985625786176401	0.008121190425632393	0.005932334210467206
GOTERM_BP_FAT	GO:1900087~positive regulation of G1/S transition of mitotic cell cycle	4	5.063291139240507	0.0017190529299589998	P24385, P31749, P00533, O14746	79	58	19104	16.677433435181143	0.9985625786176401	0.008121190425632393	0.005932334210467206
GOTERM_BP_FAT	GO:0050731~positive regulation of peptidyl-tyrosine phosphorylation	4	5.063291139240507	0.0017190529299589998	P01579, P05231, P05112, P22301	79	58	19104	16.677433435181143	0.9985625786176401	0.008121190425632393	0.005932334210467206
GOTERM_BP_FAT	GO:0072332~intrinsic apoptotic signaling pathway by p53 class mediator	4	5.063291139240507	0.001805858275755232	O96017, P04637, Q07812, P38936	79	59	19104	16.39476507187299	0.9989674202708315	0.00852069357654733	0.006224161650183666
GOTERM_BP_FAT	GO:0051897~positive regulation of phosphatidylinositol 3-kinase/protein kinase B signal transduction	6	7.59493670886076	0.0018689236901309391	P35968, P31749, P00533, P01344, P01584, P01375	79	215	19104	6.748542831910509	0.9991880221170929	0.008796431675207873	0.00642558169700959
GOTERM_BP_FAT	GO:0031400~negative regulation of protein modification process	6	7.59493670886076	0.0018689236901309391	Q04206, P17706, P31749, P08575, P38936, P06400	79	215	19104	6.748542831910509	0.9991880221170929	0.008796431675207873	0.00642558169700959
GOTERM_BP_FAT	GO:2000659~regulation of interleukin-1-mediated signaling pathway	3	3.79746835443038	0.0019029312455410199	P01583, P05231, P01584	79	16	19104	45.34177215189874	0.9992867272201404	0.008934379662706788	0.006526349382855498
GOTERM_BP_FAT	GO:2001028~positive regulation of endothelial cell chemotaxis	3	3.79746835443038	0.0019029312455410199	P35968, P08581	79	16	19104	45.34177215189874	0.9992867272201404	0.008934379662706788	0.006526349382855498
GOTERM_BP_FAT	GO:0034504~protein localization to nucleus	6	7.59493670886076	0.001907187226051924	P29474, P04637, P31749, P38936, O14746, P25963	79	216	19104	6.717299578059071	0.9992982036399581	0.008943320617355692	0.006532880535107578
GOTERM_MF_FAT	GO:0016538~cyclin-dependent protein serine/threonine kinase regulator activity	4	5.063291139240507	0.0019526706992560245	P24385, P11802, P38936, P42574	79	55	17305	15.930955120828537	0.6685696178664432	0.017512046747296093	0.014846496268946598
GOTERM_MF_FAT	GO:0019914~cyclin-dependent protein kinase regulator activity	4	5.063291139240507	0.0019526706992560245	P24385, P11802, P38936, P42574	79	55	17305	15.930955120828537	0.6685696178664432	0.017512046747296093	0.014846496268946598
GOTERM_BP_FAT	GO:1901796~regulation of signal transduction by p53 class mediator	5	6.329113924050633	0.0019793772043288182	O96017, P10415, P04637, P31749, P01106	79	130	19104	9.300876338851022	0.9994670125307937	0.00925900554497232	0.006763480779367105
GOTERM_BP_FAT	GO:0030278~regulation of ossification	5	6.329113924050633	0.0019793772043288182	P09917, P10415, P28482, Q16665, P11473	79	130	19104	9.300876338851022	0.9994670125307937	0.00925900554497232	0.006763480779367105
GOTERM_BP_FAT	GO:0043029~T cell homeostasis	4	5.063291139240507	0.0019875743928441606	P10415, Q07812, P31749, P42574	79	61	19104	15.857231790827973	0.9994834077715103	0.00927453425274398	0.0067748241267743285
GOTERM_BP_FAT	GO:0046324~regulation of D-glucose import across plasma membrane	4	5.063291139240507	0.0019875743928441606	P31749, Q16236, O14746, P01375	79	61	19104	15.857231790827973	0.9994834077715103	0.00927453425274398	0.0067748241267743285
KEGG_PATHWAY	hsa05310:Asthma	4	5.063291139240507	0.0020647083781321707	P05112, P29965, P22301, P01375	76	32	9375	15.41940789473684	0.37318665553651964	0.004111305279263182	0.0020647083781321707
GOTERM_BP_FAT	GO:0002695~negative regulation of leukocyte activation	6	7.59493670886076	0.0021489438290461836	P04626, P17706, P08575, P42574, P60568, P22301	79	222	19104	6.535750940814232	0.9997207430656927	0.009987906870580059	0.007295925660392164
GOTERM_BP_FAT	GO:1903140~regulation of establishment of endothelial barrier	3	3.79746835443038	0.002150958645018424	O14920, P01584, P01375	79	17	19104	42.67460908413999	0.9997228797864229	0.009987906870580059	0.007295925660392164
GOTERM_BP_FAT	GO:0031571~mitotic G1 DNA damage checkpoint signaling	3	3.79746835443038	0.002150958645018424	P24385, P04637, P38936	79	17	19104	42.67460908413999	0.9997228797864229	0.009987906870580059	0.007295925660392164
GOTERM_BP_FAT	GO:1901550~regulation of endothelial cell development	3	3.79746835443038	0.002150958645018424	O14920, P01584, P01375	79	17	19104	42.67460908413999	0.9997228797864229	0.009987906870580059	0.007295925660392164
GOTERM_BP_FAT	GO:1904951~positive regulation of establishment of protein localization	7	8.860759493670885	0.0021610450986595513	P01583, P37231, P04626, P31749, Q16665, P01584, P01375	79	326	19104	5.192513784266522	0.999733333283911	0.010010297819978408	0.007312281710202478
GOTERM_BP_FAT	GO:0007548~sex differentiation	7	8.860759493670885	0.0021610450986595513	P24385, P35968, P29474, P10415, Q07812, P08253, P42574	79	326	19104	5.192513784266522	0.999733333283911	0.010010297819978408	0.007312281710202478
GOTERM_MF_FAT	GO:0030291~protein serine/threonine kinase inhibitor activity	4	5.063291139240507	0.0021638147369335693	P31749, P38936, P09211, P42574	79	57	17305	15.371974239395959	0.7059130858950735	0.019102426974491667	0.016194800921737182
KEGG_PATHWAY	hsa04664:Fc epsilon RI signaling pathway	5	6.329113924050633	0.0022051775681037966	P09917, P28482, P31749, P05112, P01375	76	69	9375	8.938787185354691	0.39281419858138145	0.004352828764865755	0.0022051775681037966
GOTERM_BP_FAT	GO:0032655~regulation of interleukin-12 production	4	5.063291139240507	0.0022808479400367844	Q04206, P01579, P29965, P22301	79	64	19104	15.11392405063291	0.9998311087173025	0.010552390165401328	0.0077082671258177455
GOTERM_MF_FAT	GO:0016725~oxidoreductase activity, acting on CH or CH2 groups	3	3.79746835443038	0.002310235428648365	P11712, P08684, P05177	79	16	17305	41.07199367088608	0.7293132684605865	0.02008127718748194	0.017024658004962567
KEGG_PATHWAY	hsa05416:Viral myocarditis	5	6.329113924050633	0.0023248138699488888	P24385, Q14790, P05362, P42574, P29965	76	70	9375	8.811090225563909	0.4090474903085022	0.004510536311781177	0.0023248138699488888
KEGG_PATHWAY	hsa05211:Renal cell carcinoma	5	6.329113924050633	0.0023248138699488888	P08581, P28482, P31749, P38936, Q16665	76	70	9375	8.811090225563909	0.4090474903085022	0.004510536311781177	0.0023248138699488888
GOTERM_BP_FAT	GO:0046683~response to organophosphorus	5	6.329113924050633	0.002332485469522882	P31645, Q9NRD8, P42224, P35869, P01584	79	136	19104	8.89054355919583	0.9998612918751913	0.01077818012223028	0.00787320125678562
GOTERM_BP_FAT	GO:0006468~protein phosphorylation	7	8.860759493670885	0.0023670228379466304	O96017, P35968, P04626, P28482, P31749, O14920, P13500	79	332	19104	5.098673173707488	0.9998784066456586	0.010924499821251255	0.007980084276475412
GOTERM_BP_FAT	GO:0007155~cell adhesion	12	15.18987341772152	0.0023848013276682664	P31645, P10415, P19320, P08575, P05362, P00533, Q9HC97, P13500, P60568, P29965, P01584, P01375	79	1000	19104	2.901873417721519	0.9998863763265963	0.010993211453481717	0.008030276470621144
GOTERM_BP_FAT	GO:0045089~positive regulation of innate immune response	7	8.860759493670885	0.002402744267528305	O15111, Q96P20, Q04206, P00533, O14920, P25963, P01375	79	333	19104	5.083361842855514	0.9998938903328427	0.011058200491365352	0.008077749399161963
GOTERM_CC_FAT	GO:0005635~nuclear envelope	9	11.39240506329114	0.0024048442506414145	P24385, P35968, P09917, P10415, Q07812, P11802, P01106, P00533, P35354	73	550	16775	3.7602739726027394	0.5372077226188394	0.055342949786876997	0.04928981465393732
GOTERM_BP_FAT	GO:0044819~mitotic G1/S transition checkpoint signaling	3	3.79746835443038	0.002413438445393963	P24385, P04637, P38936	79	18	19104	40.30379746835443	0.9998981303246891	0.011058200491365352	0.008077749399161963
GOTERM_BP_FAT	GO:0051044~positive regulation of membrane protein ectodomain proteolysis	3	3.79746835443038	0.002413438445393963	P01579, P01584, P01375	79	18	19104	40.30379746835443	0.9998981303246891	0.011058200491365352	0.008077749399161963
GOTERM_BP_FAT	GO:0002830~positive regulation of type 2 immune response	3	3.79746835443038	0.002413438445393963	Q96P20, P05231, P05112	79	18	19104	40.30379746835443	0.9998981303246891	0.011058200491365352	0.008077749399161963
GOTERM_BP_FAT	GO:0070988~demethylation	3	3.79746835443038	0.002413438445393963	P11712, P08684, P05177	79	18	19104	40.30379746835443	0.9998981303246891	0.011058200491365352	0.008077749399161963
GOTERM_CC_FAT	GO:0061695~transferase complex, transferring phosphorus-containing groups	7	8.860759493670885	0.0024212540531758685	P24385, O15111, P11802, P38936, O14920, O14746, P06400	73	318	16775	5.058369949168604	0.5396373862356445	0.055342949786876997	0.04928981465393732
KEGG_PATHWAY	hsa04917:Prolactin signaling pathway	5	6.329113924050633	0.0024488532850913854	P42224, P24385, Q04206, P28482, P31749	76	71	9375	8.686990363232024	0.42542210216647347	0.004710929624709699	0.0024488532850913854
GOTERM_BP_FAT	GO:0050777~negative regulation of immune response	6	7.59493670886076	0.002458459999037049	P37231, P35869, P17706, P08575, P60568, P22301	79	229	19104	6.335968160964016	0.9999142004202053	0.011227435859138117	0.008201371763525029
GOTERM_BP_FAT	GO:0002698~negative regulation of immune effector process	5	6.329113924050633	0.002459230625995806	P35869, P08575, P60568, P22301, P01375	79	138	19104	8.761695101816182	0.9999144521885198	0.011227435859138117	0.008201371763525029
GOTERM_BP_FAT	GO:0002688~regulation of leukocyte chemotaxis	5	6.329113924050633	0.002459230625995806	P28482, P02778, P05231, P13500, P10145	79	138	19104	8.761695101816182	0.9999144521885198	0.011227435859138117	0.008201371763525029
GOTERM_BP_FAT	GO:0002931~response to ischemia	4	5.063291139240507	0.0024904910994655804	P10415, P04637, Q16236, Q9HC97	79	66	19104	14.655926352128883	0.9999240659235054	0.011356519965548683	0.008295664597500458
GOTERM_BP_FAT	GO:1902106~negative regulation of leukocyte differentiation	5	6.329113924050633	0.002524346948244276	P04626, P17706, P01106, P05112, P60568	79	139	19104	8.698661324105274	0.9999332633575457	0.01149711550200357	0.0083983662541588
GOTERM_MF_FAT	GO:0008236~serine-type peptidase activity	6	7.59493670886076	0.0025846835080887277	P00749, P14780, P03956, P08253, P08254, P08246	79	210	17305	6.258589511754069	0.7682825892180357	0.021830609211157533	0.018507720021494617
GOTERM_BP_FAT	GO:1903078~positive regulation of protein localization to plasma membrane	4	5.063291139240507	0.002599632423967583	P31749, P01579, P00533, P01375	79	67	19104	14.437181182694125	0.9999499194548674	0.01182583984252239	0.008638491475815724
GOTERM_MF_FAT	GO:0050839~cell adhesion molecule binding	10	12.658227848101266	0.002625671588712637	P31645, P42224, P35968, P17706, P19320, P05362, P00533, P01344, P29965, P01584	79	653	17305	3.3545273033903893	0.7736007988747935	0.021830609211157533	0.018507720021494617
GOTERM_MF_FAT	GO:0070888~E-box binding	4	5.063291139240507	0.0026274007546171897	P37231, P35869, P01106, Q16665	79	61	17305	14.363975928615895	0.7738224599843085	0.021830609211157533	0.018507720021494617
GOTERM_BP_FAT	GO:0045621~positive regulation of lymphocyte differentiation	5	6.329113924050633	0.002658120328074912	Q96P20, P08575, P05112, P60568, P22301	79	141	19104	8.575276057096689	0.9999599327941859	0.01207745711788398	0.00882229184156763
GOTERM_BP_FAT	GO:0048608~reproductive structure development	7	8.860759493670885	0.002664310541960329	P24385, P35968, P29474, P10415, Q07812, P08253, P42574	79	340	19104	4.978704393149665	0.9999608677168004	0.012091137220853379	0.008832284827644145
GOTERM_BP_FAT	GO:1901298~regulation of hydrogen peroxide-mediated programmed cell death	3	3.79746835443038	0.002690251564014945	P08581, P31749	79	19	19104	38.18254497001999	0.9999645542544412	0.012136449226511074	0.00886538415757238
GOTERM_BP_FAT	GO:0006525~arginine metabolic process	3	3.79746835443038	0.002690251564014945	P11926, P29474, P35228	79	19	19104	38.18254497001999	0.9999645542544412	0.012136449226511074	0.00886538415757238
GOTERM_BP_FAT	GO:0045346~regulation of MHC class II biosynthetic process	3	3.79746835443038	0.002690251564014945	P01579, P05112, P22301	79	19	19104	38.18254497001999	0.9999645542544412	0.012136449226511074	0.00886538415757238
GOTERM_BP_FAT	GO:0009651~response to salt stress	3	3.79746835443038	0.002690251564014945	P04637, Q07812, P01375	79	19	19104	38.18254497001999	0.9999645542544412	0.012136449226511074	0.00886538415757238
GOTERM_BP_FAT	GO:0035234~ectopic germ cell programmed cell death	3	3.79746835443038	0.002690251564014945	P01583, Q07812, P01584	79	19	19104	38.18254497001999	0.9999645542544412	0.012136449226511074	0.00886538415757238
GOTERM_BP_FAT	GO:0048638~regulation of developmental growth	7	8.860759493670885	0.002782741801054371	P31645, P10415, Q07869, P28482, P31749, P38936, P01344	79	343	19104	4.935158873676053	0.9999750916038846	0.012538823541954706	0.00915930891389697
GOTERM_BP_FAT	GO:0002220~innate immune response activating cell surface receptor signaling pathway	4	5.063291139240507	0.002826685810439807	O15111, Q04206, O14920, P25963	79	69	19104	14.018712162905889	0.9999789358663902	0.012721758742133238	0.00929293867621513
GOTERM_BP_FAT	GO:0061458~reproductive system development	7	8.860759493670885	0.0028638656919832512	P24385, P35968, P29474, P10415, Q07812, P08253, P42574	79	345	19104	4.906549257017062	0.999981721309391	0.012873854877792322	0.009404041243888264
GOTERM_BP_FAT	GO:0008610~lipid biosynthetic process	9	11.39240506329114	0.002889434019332086	Q9UNQ0, P09917, P11712, P23219, P08684, P09488, P09211, P35354, P05177	79	594	19104	3.663981588032221	0.9999834200618242	0.012973456405572518	0.009476797763523654
GOTERM_MF_FAT	GO:0097367~carbohydrate derivative binding	21	26.582278481012654	0.0029103091566045573	O96017, P35968, Q9UNQ0, P29474, O15111, P04626, P28482, P31749, P11802, P35228, P10145, P08581, Q96P20, P02778, P08575, P05164, P00533, O14920, P60568, P08246	79	2332	17305	1.9725828864233446	0.8073195328307017	0.023553254905575437	0.019968157698709087
GOTERM_MF_FAT	GO:0017171~serine hydrolase activity	6	7.59493670886076	0.0029181023776819128	P00749, P14780, P03956, P08253, P08254, P08246	79	216	17305	6.084739803094234	0.8081685413111381	0.023553254905575437	0.019968157698709087
GOTERM_BP_FAT	GO:0046631~alpha-beta T cell activation	5	6.329113924050633	0.002940126165074671	P10415, P01106, P08575, P05231, P22301	79	145	19104	8.338716717590572	0.9999863355606582	0.013185495053984638	0.009631686894548862
GOTERM_BP_FAT	GO:0002763~positive regulation of myeloid leukocyte differentiation	4	5.063291139240507	0.002944649013903846	P01579, Q14790, P01375, P06400	79	70	19104	13.818444846292946	0.9999865693272831	0.013190224028122881	0.009635141296377957
GOTERM_BP_FAT	GO:0019373~epoxygenase P450 pathway	3	3.79746835443038	0.0029812796279425208	P11712, P33261, P05177	79	20	19104	36.27341772151899	0.9999883210958619	0.013307284536461744	0.009720651181249205
GOTERM_BP_FAT	GO:0048143~astrocyte activation	3	3.79746835443038	0.0029812796279425208	P01579, P01584, P01375	79	20	19104	36.27341772151899	0.9999883210958619	0.013307284536461744	0.009720651181249205
GOTERM_BP_FAT	GO:0110076~negative regulation of ferroptosis	3	3.79746835443038	0.0029812796279425208	P09211, Q16236, P09601	79	20	19104	36.27341772151899	0.9999883210958619	0.013307284536461744	0.009720651181249205
GOTERM_BP_FAT	GO:1901654~response to ketone	6	7.59493670886076	0.003008681851032683	P37231, P24385, P35869, P11802, P31749, P08575	79	240	19104	6.045569620253165	0.9999894804759512	0.013401976353939105	0.009789821275635768
GOTERM_BP_FAT	GO:0006974~DNA damage response	11	13.924050632911392	0.0030095418896302906	O96017, P24385, P27695, P10415, P04637, P28482, Q07812, P01106, P38936, P42574, P01375	79	880	19104	3.022784810126582	0.9999895149387851	0.013401976353939105	0.009789821275635768
GOTERM_BP_FAT	GO:1903707~negative regulation of hemopoiesis	5	6.329113924050633	0.003013701230462011	P04626, P17706, P01106, P05112, P60568	79	146	19104	8.281602219524883	0.9999896800225401	0.013404802081224593	0.009791885401430955
GOTERM_BP_FAT	GO:0050769~positive regulation of neurogenesis	6	7.59493670886076	0.0030627674043964903	P37231, P01579, P05231, Q16665, P01584, P01375	79	241	19104	6.020484269131782	0.9999914420126268	0.01355638269897196	0.009902611395672918
GOTERM_BP_FAT	GO:0051924~regulation of calcium ion transport	6	7.59493670886076	0.0030627674043964903	P29474, P10415, Q07812, P02778, Q9HC97, P13500	79	241	19104	6.020484269131782	0.9999914420126268	0.01355638269897196	0.009902611395672918
GOTERM_BP_FAT	GO:1990266~neutrophil migration	4	5.063291139240507	0.0030656032398411483	P02778, Q9HC97, P01584, P10145	79	71	19104	13.623818862542342	0.999991534116611	0.01355638269897196	0.009902611395672918
GOTERM_BP_FAT	GO:0014015~positive regulation of gliogenesis	4	5.063291139240507	0.0030656032398411483	P37231, P05231, P01584, P01375	79	71	19104	13.623818862542342	0.999991534116611	0.01355638269897196	0.009902611395672918
GOTERM_BP_FAT	GO:0050994~regulation of lipid catabolic process	4	5.063291139240507	0.0030656032398411483	Q07869, P31749, P01584, P01375	79	71	19104	13.623818862542342	0.999991534116611	0.01355638269897196	0.009902611395672918
GOTERM_BP_FAT	GO:0050768~negative regulation of neurogenesis	5	6.329113924050633	0.003088526613265621	P04637, P05231, P01584, P01375, P06400	79	147	19104	8.225264789460088	0.9999922431625531	0.013641889326654073	0.009965071929909286
GOTERM_BP_FAT	GO:0048708~astrocyte differentiation	4	5.063291139240507	0.003189572947263163	P28482, P01579, P01584, P01375	79	72	19104	13.434599156118145	0.9999947249716036	0.013974592071937568	0.010208103280526576
GOTERM_BP_FAT	GO:0010632~regulation of epithelial cell migration	4	5.063291139240507	0.003189572947263163	P14780, P01579, Q16665, P05112	79	72	19104	13.434599156118145	0.9999947249716036	0.013974592071937568	0.010208103280526576
GOTERM_BP_FAT	GO:0008637~apoptotic mitochondrial changes	4	5.063291139240507	0.003189572947263163	P10415, P04637, Q07812, P31749	79	72	19104	13.434599156118145	0.9999947249716036	0.013974592071937568	0.010208103280526576
GOTERM_BP_FAT	GO:0007173~epidermal growth factor receptor signaling pathway	4	5.063291139240507	0.003189572947263163	P04626, P28482, P31749, P00533	79	72	19104	13.434599156118145	0.9999947249716036	0.013974592071937568	0.010208103280526576
GOTERM_BP_FAT	GO:0042116~macrophage activation	4	5.063291139240507	0.003189572947263163	P01579, P05112, P01584, P01375	79	72	19104	13.434599156118145	0.9999947249716036	0.013974592071937568	0.010208103280526576
GOTERM_BP_FAT	GO:2000379~positive regulation of reactive oxygen species metabolic process	4	5.063291139240507	0.003189572947263163	P04637, P38936, P09211, Q16236	79	72	19104	13.434599156118145	0.9999947249716036	0.013974592071937568	0.010208103280526576
GOTERM_BP_FAT	GO:1902808~positive regulation of cell cycle G1/S phase transition	4	5.063291139240507	0.003189572947263163	P24385, P31749, P00533, O14746	79	72	19104	13.434599156118145	0.9999947249716036	0.013974592071937568	0.010208103280526576
GOTERM_MF_FAT	GO:0004175~endopeptidase activity	8	10.126582278481013	0.003228920144728031	P00749, P14780, P03956, Q14790, P08253, P08254, P42574, P08246	79	430	17305	4.0753606123049755	0.8391513729951275	0.025694927912272358	0.021783841539784885
GOTERM_CC_FAT	GO:0031983~vesicle lumen	7	8.860759493670885	0.0032743322711206143	P09917, P28482, P05164, P00533, P09211, P01344, P08246	73	338	16775	4.759058117856853	0.6498891571564471	0.06985242178390644	0.06221231315129167
GOTERM_BP_FAT	GO:1900221~regulation of amyloid-beta clearance	3	3.79746835443038	0.0032864049707196836	P01579, P05112, P01375	79	21	19104	34.54611211573237	0.9999963547007514	0.01436574494672064	0.010493831044435955
GOTERM_BP_FAT	GO:1904037~positive regulation of epithelial cell apoptotic process	3	3.79746835443038	0.0032864049707196836	Q07812, P05231, P09601	79	21	19104	34.54611211573237	0.9999963547007514	0.01436574494672064	0.010493831044435955
GOTERM_BP_FAT	GO:0043470~regulation of carbohydrate catabolic process	4	5.063291139240507	0.003316582156905876	Q07869, P04637, P01579, Q16665	79	73	19104	13.250563551239813	0.9999967512698493	0.014481012563390409	0.01057803126507982
GOTERM_MF_FAT	GO:0140678~molecular function inhibitor activity	10	12.658227848101266	0.0033383684925237674	O15392, P10415, P31749, P36544, P08575, P38936, P09211, P42574, P25963	79	677	17305	3.2356075762391794	0.8488274836252325	0.02619691942049901	0.02220942372109562
GOTERM_BP_FAT	GO:0061045~negative regulation of wound healing	4	5.063291139240507	0.003446654455692525	P00749, P09917, P29474, P01375	79	74	19104	13.071501881628464	0.9999980225852959	0.015014463797249336	0.01096770455660233
GOTERM_BP_FAT	GO:0008286~insulin receptor signaling pathway	4	5.063291139240507	0.003446654455692525	P28482, P17706, P31749, P01344	79	74	19104	13.071501881628464	0.9999980225852959	0.015014463797249336	0.01096770455660233
GOTERM_BP_FAT	GO:0034976~response to endoplasmic reticulum stress	6	7.59493670886076	0.0034612560017563557	P24385, P10415, P04637, Q07812, Q16236, P10145	79	248	19104	5.8505512454062885	0.9999981297848215	0.015060819879495906	0.011001566559358302
GOTERM_MF_FAT	GO:0005539~glycosaminoglycan binding	6	7.59493670886076	0.003475157662299413	Q96P20, P02778, P08575, P05164, P08246, P10145	79	225	17305	5.8413502109704645	0.860107873383418	0.02689676820820779	0.022802746852622176
GOTERM_BP_FAT	GO:0001894~tissue homeostasis	6	7.59493670886076	0.0035210864525506277	O75469, P29474, P10415, Q07812, P05231, P06400	79	249	19104	5.827055055665701	0.9999985116604522	0.015286177829965795	0.011166185120074936
GOTERM_BP_FAT	GO:0060249~anatomical structure homeostasis	6	7.59493670886076	0.0035210864525506277	O75469, P29474, P10415, Q07812, P05231, P06400	79	249	19104	5.827055055665701	0.9999985116604522	0.015286177829965795	0.011166185120074936
GOTERM_CC_FAT	GO:0005654~nucleoplasm	32	40.50632911392405	0.0035443407779200582	P24385, P27695, O75469, P28482, P04637, P11802, P42224, P08581, Q07869, P17706, Q16236, O14746, P25963, P06400, O96017, P35869, O15392, Q9UNQ0, P09917, O15111, P04626, P31749, P38936, P35228, P11473, P37231, Q04206, P01106, P05164, Q16665, P42574, P09601	73	4642	16775	1.5841069921443873	0.6789645697087514	0.07010146223866442	0.0624341148063105
GOTERM_BP_FAT	GO:0002833~positive regulation of response to biotic stimulus	7	8.860759493670885	0.00357836291637576	O15111, Q96P20, Q04206, P00533, O14920, P25963, P01375	79	361	19104	4.689084470002455	0.9999988039729593	0.015470487317379539	0.011300818766153131
GOTERM_BP_FAT	GO:0032890~regulation of organic acid transport	4	5.063291139240507	0.003579813000077306	Q07869, P31749, P01584, P01375	79	75	19104	12.89721518987342	0.9999988105757903	0.015470487317379539	0.011300818766153131
GOTERM_BP_FAT	GO:0044773~mitotic DNA damage checkpoint signaling	4	5.063291139240507	0.003579813000077306	O96017, P24385, P04637, P38936	79	75	19104	12.89721518987342	0.9999988105757903	0.015470487317379539	0.011300818766153131
GOTERM_BP_FAT	GO:0071479~cellular response to ionizing radiation	4	5.063291139240507	0.003579813000077306	O96017, P04637, P38936, P01375	79	75	19104	12.89721518987342	0.9999988105757903	0.015470487317379539	0.011300818766153131
GOTERM_BP_FAT	GO:0007588~excretion	3	3.79746835443038	0.003605510628402512	Q9UNQ0, P36544	79	22	19104	32.97583429228999	0.999998921724407	0.015528603533199039	0.011343271263535876
GOTERM_BP_FAT	GO:0010224~response to UV-B	3	3.79746835443038	0.003605510628402512	P10415, Q04206, P38936	79	22	19104	32.97583429228999	0.999998921724407	0.015528603533199039	0.011343271263535876
GOTERM_BP_FAT	GO:0034114~regulation of heterotypic cell-cell adhesion	3	3.79746835443038	0.003605510628402512	P01584, P22301, P01375	79	22	19104	32.97583429228999	0.999998921724407	0.015528603533199039	0.011343271263535876
KEGG_PATHWAY	hsa00980:Metabolism of xenobiotics by cytochrome P450	5	6.329113924050633	0.003609286351069974	P11712, P08684, P09488, P09211, P05177	76	79	9375	7.807295136575616	0.5583220631234768	0.006884941190696506	0.003609286351069974
GOTERM_BP_FAT	GO:0010565~regulation of ketone metabolic process	5	6.329113924050633	0.003648179684347532	P37231, Q07869, P31749, P35354, P01584	79	154	19104	7.851389117211903	0.9999990838185314	0.01567686705036572	0.01145157419561293
GOTERM_BP_FAT	GO:0051961~negative regulation of nervous system development	5	6.329113924050633	0.003648179684347532	P04637, P05231, P01584, P01375, P06400	79	154	19104	7.851389117211903	0.9999990838185314	0.01567686705036572	0.01145157419561293
GOTERM_BP_FAT	GO:0050877~nervous system process	15	18.9873417721519	0.0036623522855918633	P31645, O15392, O15111, P28482, P31749, P36544, P13500, P08581, P01106, P00533, Q16665, P42574, P01375	79	1546	19104	2.346275402426843	0.9999991320760532	0.01572000648093212	0.011483086511709026
GOTERM_BP_FAT	GO:0045862~positive regulation of proteolysis	4	5.063291139240507	0.003716080520359504	P01579, Q14790, P01584, P01375	79	76	19104	12.72751499000666	0.9999992930463645	0.01593264286237564	0.011638412272332244
GOTERM_CC_FAT	GO:0031965~nuclear membrane	7	8.860759493670885	0.0037241401814290475	P24385, P35968, P09917, P10415, P11802, P00533, P35354	73	347	16775	4.635624333820219	0.6969778755457764	0.07010146223866442	0.0624341148063105
GOTERM_BP_FAT	GO:0016310~phosphorylation	7	8.860759493670885	0.0037258980368339682	O96017, P35968, P04626, P28482, P31749, O14920, P13500	79	364	19104	4.650438169425511	0.9999993190562052	0.015956745759098626	0.011656018858473834
GOTERM_BP_FAT	GO:0009404~toxin metabolic process	3	3.79746835443038	0.003938480334800971	P08684, Q16236, P05177	79	23	19104	31.542102366538252	0.9999996976135505	0.016791525463282615	0.012265805347620066
GOTERM_BP_FAT	GO:0002281~macrophage activation involved in immune response	3	3.79746835443038	0.003938480334800971	P01579, P01584, P01375	79	23	19104	31.542102366538252	0.9999996976135505	0.016791525463282615	0.012265805347620066
GOTERM_BP_FAT	GO:0090200~positive regulation of release of cytochrome c from mitochondria	3	3.79746835443038	0.003938480334800971	P14780, P04637, Q07812	79	23	19104	31.542102366538252	0.9999996976135505	0.016791525463282615	0.012265805347620066
GOTERM_BP_FAT	GO:0006809~nitric oxide biosynthetic process	3	3.79746835443038	0.003938480334800971	P29474, P31749, P35228	79	23	19104	31.542102366538252	0.9999996976135505	0.016791525463282615	0.012265805347620066
GOTERM_BP_FAT	GO:0000902~cell morphogenesis	10	12.658227848101266	0.003967308859844386	P08581, P10415, P04626, P36544, P00533, P42574, P11473, P06400	79	767	19104	3.152839436898652	0.999999729138691	0.01689275985549856	0.012339754635439128
GOTERM_BP_FAT	GO:0000278~mitotic cell cycle	9	11.39240506329114	0.003971108943154277	O96017, P24385, O15392, P10415, P04637, P11802, P01106, P38936, P06400	79	626	19104	3.4766854046184332	0.999999733041346	0.01689275985549856	0.012339754635439128
GOTERM_BP_FAT	GO:0033077~T cell differentiation in thymus	4	5.063291139240507	0.003998031297812997	P10415, P04626, P04637, P08575	79	78	19104	12.401168451801363	0.9999997591266077	0.016969322573195122	0.0123956818586211
GOTERM_BP_FAT	GO:0042058~regulation of epidermal growth factor receptor signaling pathway	4	5.063291139240507	0.003998031297812997	P00749, P14780, P17706, P00533	79	78	19104	12.401168451801363	0.9999997591266077	0.016969322573195122	0.0123956818586211
GOTERM_BP_FAT	GO:0036211~protein modification process	15	18.9873417721519	0.004062836138817617	O96017, P35968, P10415, P04626, P28482, P31749, P13500, P35228, Q07869, P17706, P08575, P00533, Q16236, O14920, P01375	79	1564	19104	2.319272232833695	0.9999998119409059	0.017225157007718393	0.012582562757675966
GOTERM_MF_FAT	GO:0002020~protease binding	5	6.329113924050633	0.004073661933365203	P10415, P04637, P42574, P08246, P01375	79	144	17305	7.605924753867792	0.9003727713555983	0.031102959356099184	0.026368703595701787
KEGG_PATHWAY	hsa04020:Calcium signaling pathway	8	10.126582278481013	0.004080348999266303	P35968, P08581, P29474, P04626, P36544, P00533, P35228	76	254	9375	3.88520513883133	0.603089860315247	0.007718660190278756	0.004080348999266303
GOTERM_BP_FAT	GO:0050868~negative regulation of T cell activation	5	6.329113924050633	0.004087692600940478	P04626, P17706, P42574, P60568, P22301	79	159	19104	7.604490088368761	0.9999998289740409	0.01731124160509648	0.01264544548486932
GOTERM_CC_FAT	GO:0000307~cyclin-dependent protein kinase holoenzyme complex	4	5.063291139240507	0.004103680171861667	P24385, P11802, P38936, P06400	73	75	16775	12.255707762557076	0.7317616906774954	0.07295431416642964	0.0649749360544764
GOTERM_BP_FAT	GO:1904377~positive regulation of protein localization to cell periphery	4	5.063291139240507	0.004143757915916783	P31749, P01579, P00533, P01375	79	79	19104	12.244191635955776	0.9999998619437107	0.01747085515990191	0.012762039346360114
GOTERM_BP_FAT	GO:0044774~mitotic DNA integrity checkpoint signaling	4	5.063291139240507	0.004143757915916783	O96017, P24385, P04637, P38936	79	79	19104	12.244191635955776	0.9999998619437107	0.01747085515990191	0.012762039346360114
GOTERM_BP_FAT	GO:0007589~body fluid secretion	4	5.063291139240507	0.004143757915916783	P24385, Q07869, Q16665, P11473	79	79	19104	12.244191635955776	0.9999998619437107	0.01747085515990191	0.012762039346360114
GOTERM_BP_FAT	GO:0031016~pancreas development	4	5.063291139240507	0.004143757915916783	P08581, P05231, P01344	79	79	19104	12.244191635955776	0.9999998619437107	0.01747085515990191	0.012762039346360114
GOTERM_BP_FAT	GO:1903409~reactive oxygen species biosynthetic process	3	3.79746835443038	0.00428519852015636	Q9NRD8, P05164, P05177	79	24	19104	30.227848101265824	0.9999999195734551	0.018007303836634958	0.013153902197783833
GOTERM_BP_FAT	GO:0038128~ERBB2 signaling pathway	3	3.79746835443038	0.00428519852015636	P04626, P28482, P00533	79	24	19104	30.227848101265824	0.9999999195734551	0.018007303836634958	0.013153902197783833
GOTERM_BP_FAT	GO:0060252~positive regulation of glial cell proliferation	3	3.79746835443038	0.00428519852015636	P05231, P01584, P01375	79	24	19104	30.227848101265824	0.9999999195734551	0.018007303836634958	0.013153902197783833
GOTERM_BP_FAT	GO:0010803~regulation of tumor necrosis factor-mediated signaling pathway	4	5.063291139240507	0.004292680238713303	P17706, Q14790, P09211, O14920	79	80	19104	12.09113924050633	0.999999921839748	0.0180188332757469	0.013162324175657344
GOTERM_BP_FAT	GO:0071675~regulation of mononuclear cell migration	5	6.329113924050633	0.004367905033057492	P28482, P31749, P02778, P13500, P01375	79	162	19104	7.463666197843414	0.9999999413632525	0.018314380199247676	0.013378214092429671
GOTERM_BP_FAT	GO:1903053~regulation of extracellular matrix organization	4	5.063291139240507	0.00444481891864803	P37231, P00749, P05231, P06400	79	81	19104	11.94186591654946	0.9999999562939625	0.01861635060310403	0.013598796207053114
GOTERM_BP_FAT	GO:0009746~response to hexose	5	6.329113924050633	0.004464118933357251	Q07869, P05362, Q16665, P42574, P01375	79	163	19104	7.41787683466646	0.9999999594011194	0.018656092641272118	0.013627826809743344
GOTERM_BP_FAT	GO:0000075~cell cycle checkpoint signaling	5	6.329113924050633	0.004464118933357251	O96017, P24385, O15392, P04637, P38936	79	163	19104	7.41787683466646	0.9999999594011194	0.018656092641272118	0.013627826809743344
GOTERM_BP_FAT	GO:0002285~lymphocyte activation involved in immune response	5	6.329113924050633	0.004561753901252867	P04637, P05362, P05231, P29965, P22301	79	164	19104	7.372645878357519	0.9999999720433986	0.01904319438689863	0.013910595321273835
GOTERM_BP_FAT	GO:1900076~regulation of cellular response to insulin stimulus	4	5.063291139240507	0.004600194204059055	P37231, P17706, P01344, P01584	79	82	19104	11.796233405372028	0.9999999758628173	0.019182608068022577	0.014012433661048308
GOTERM_BP_FAT	GO:2001026~regulation of endothelial cell chemotaxis	3	3.79746835443038	0.004645550305652585	P35968, P08581	79	25	19104	29.018734177215187	0.9999999797041267	0.019308227117373532	0.014104195354210798
GOTERM_BP_FAT	GO:0001836~release of cytochrome c from mitochondria	3	3.79746835443038	0.004645550305652585	P10415, P04637, Q07812	79	25	19104	29.018734177215187	0.9999999797041267	0.019308227117373532	0.014104195354210798
GOTERM_BP_FAT	GO:0030224~monocyte differentiation	3	3.79746835443038	0.004645550305652585	P01583, P37231, P01584	79	25	19104	29.018734177215187	0.9999999797041267	0.019308227117373532	0.014104195354210798
GOTERM_BP_FAT	GO:0010508~positive regulation of autophagy	5	6.329113924050633	0.004660819578970709	P35968, P01579, Q16665, P09601, P05112	79	165	19104	7.327963176064443	0.9999999808546144	0.019350542422298694	0.0141351056663544
GOTERM_BP_FAT	GO:0033365~protein localization to organelle	10	12.658227848101266	0.004690637479429587	P29474, P04626, P04637, Q07812, P31749, P38936, P00533, O14746, P25963, P06400	79	787	19104	3.0727164524793724	0.9999999829166965	0.019453101782192717	0.014210022811183635
GOTERM_MF_FAT	GO:0016702~oxidoreductase activity, acting on single donors with incorporation of molecular oxygen, incorporation of two atoms of oxygen	3	3.79746835443038	0.0047723253609577646	P09917, P23219, P35354	79	23	17305	28.57182168409466	0.9329836282662893	0.035511687433609225	0.03010636863840499
GOTERM_MF_FAT	GO:0001228~DNA-binding transcription activator activity, RNA polymerase II-specific	8	10.126582278481013	0.004776793353901418	P37231, O75469, Q07869, Q04206, P04637, P01106, Q16665, Q16236	79	462	17305	3.793084552578223	0.933153401681534	0.035511687433609225	0.03010636863840499
GOTERM_BP_FAT	GO:0006913~nucleocytoplasmic transport	6	7.59493670886076	0.0048046105456469755	P29474, P04637, P31749, P38936, O14746, P25963	79	268	19104	5.413942943510297	0.9999999889494536	0.0199040674347445	0.014539442370160454
GOTERM_BP_FAT	GO:0051169~nuclear transport	6	7.59493670886076	0.004880247665395702	P29474, P04637, P31749, P38936, O14746, P25963	79	269	19104	5.393816761564161	0.9999999917240294	0.020195410088683197	0.014752261169172208
GOTERM_BP_FAT	GO:0043491~phosphatidylinositol 3-kinase/protein kinase B signal transduction	4	5.063291139240507	0.004920733582601487	P04626, P31749, P00533, P01375	79	84	19104	11.515370705244123	0.9999999929106805	0.020318729440427202	0.014842342988563443
GOTERM_BP_FAT	GO:1901184~regulation of ERBB signaling pathway	4	5.063291139240507	0.004920733582601487	P00749, P14780, P17706, P00533	79	84	19104	11.515370705244123	0.9999999929106805	0.020318729440427202	0.014842342988563443
GOTERM_BP_FAT	GO:0045649~regulation of macrophage differentiation	3	3.79746835443038	0.005019421499950595	P17706, Q14790, P06400	79	26	19104	27.902629016553067	0.9999999951387025	0.020703752672789708	0.015123593196163508
GOTERM_BP_FAT	GO:0071695~anatomical structure maturation	6	7.59493670886076	0.0050340593338232265	P37231, P35968, P10415, P08253, Q16665, P06400	79	271	19104	5.354009995796161	0.9999999954032858	0.020741633419858862	0.015151264170488541
GOTERM_MF_FAT	GO:0097110~scaffold protein binding	4	5.063291139240507	0.005072187993174574	O15111, P29474, Q14790, O14920	79	77	17305	11.379253657734669	0.9434753690239566	0.03721800280706019	0.03155296167182625
GOTERM_BP_FAT	GO:0070098~chemokine-mediated signaling pathway	4	5.063291139240507	0.005085936181317415	P28482, P02778, Q9HC97, P13500	79	85	19104	11.379895755770663	0.999999996230288	0.02091007059194609	0.01527430347210787
GOTERM_BP_FAT	GO:0060260~regulation of transcription initiation by RNA polymerase II	4	5.063291139240507	0.005085936181317415	P04637, P11802, P01106, P25963	79	85	19104	11.379895755770663	0.999999996230288	0.02091007059194609	0.01527430347210787
GOTERM_CC_FAT	GO:0017053~transcription repressor complex	4	5.063291139240507	0.005091042602225954	P24385, P04637, P01106, P08246	73	81	16775	11.34787755792322	0.8047149037422247	0.08574387540591079	0.0763656390333893
GOTERM_MF_FAT	GO:0016701~oxidoreductase activity, acting on single donors with incorporation of molecular oxygen	3	3.79746835443038	0.005191032980719036	P09917, P23219, P35354	79	24	17305	27.38132911392405	0.9471645313534938	0.03760171325777251	0.031878266638005366
GOTERM_BP_FAT	GO:0050766~positive regulation of phagocytosis	4	5.063291139240507	0.005254452403285465	P37231, P01579, P08575, P13500	79	86	19104	11.247571386517516	0.9999999980209214	0.021579570723212333	0.015763357209856395
GOTERM_MF_FAT	GO:0004713~protein tyrosine kinase activity	5	6.329113924050633	0.005284959510172785	P35968, P08581, P04626, P00533	79	155	17305	7.066149448754595	0.9499093284352953	0.037797495230982574	0.032044248169275494
GOTERM_BP_FAT	GO:0090287~regulation of cellular response to growth factor stimulus	7	8.860759493670885	0.005330262102861595	P37231, P35968, Q07869, P04637, Q16665, P05112, P01584	79	392	19104	4.318264014466546	0.9999999985190009	0.021867299651761214	0.015973536269416947
GOTERM_MF_FAT	GO:0001216~DNA-binding transcription activator activity	8	10.126582278481013	0.00535997925900832	P37231, O75469, Q07869, Q04206, P04637, P01106, Q16665, Q16236	79	472	17305	3.7127225917185154	0.9519990006668989	0.03785485351674626	0.03209287581331231
GOTERM_BP_FAT	GO:0050806~positive regulation of synaptic transmission	5	6.329113924050633	0.005395138899857447	P28482, P36544, P13500, P01375	79	172	19104	7.029732116573448	0.9999999988444285	0.02206188279239212	0.01611567457198667
GOTERM_BP_FAT	GO:0002548~monocyte chemotaxis	3	3.79746835443038	0.005406698596505248	P05231, Q9HC97, P13500	79	27	19104	26.869198312236286	0.9999999988944056	0.02206188279239212	0.01611567457198667
GOTERM_BP_FAT	GO:2000810~regulation of bicellular tight junction assembly	3	3.79746835443038	0.005406698596505248	Q8TDU6, O14920, P01375	79	27	19104	26.869198312236286	0.9999999988944056	0.02206188279239212	0.01611567457198667
GOTERM_BP_FAT	GO:0002922~positive regulation of humoral immune response	3	3.79746835443038	0.005406698596505248	P08575, P01584, P01375	79	27	19104	26.869198312236286	0.9999999988944056	0.02206188279239212	0.01611567457198667
GOTERM_BP_FAT	GO:0097300~programmed necrotic cell death	3	3.79746835443038	0.005406698596505248	P04637, Q07812, P01375	79	27	19104	26.869198312236286	0.9999999988944056	0.02206188279239212	0.01611567457198667
GOTERM_BP_FAT	GO:0022402~cell cycle process	11	13.924050632911392	0.005432146929877297	O96017, P24385, O15392, P10415, P04637, P11802, P01106, P08575, P38936, O14746, P06400	79	957	19104	2.7795722391968574	0.9999999989969451	0.022141966531965016	0.016174173816933687
GOTERM_BP_FAT	GO:1903578~regulation of ATP metabolic process	4	5.063291139240507	0.005601498448564161	Q07869, P01579, Q16665, P05112	79	88	19104	10.991944764096662	0.9999999994751994	0.022807814346776773	0.016660559625386765
GOTERM_BP_FAT	GO:0030307~positive regulation of cell growth	5	6.329113924050633	0.005618359333114388	P10415, P04626, P31749, P00533, P60568	79	174	19104	6.948930597992144	0.9999999995079807	0.022852000581640664	0.01669283660683612
GOTERM_MF_FAT	GO:0042379~chemokine receptor binding	4	5.063291139240507	0.005642294835383441	P42224, P02778, P13500, P10145	79	80	17305	10.95253164556962	0.9591122217721987	0.03935674792582277	0.033366163285786024
GOTERM_BP_FAT	GO:0045807~positive regulation of endocytosis	5	6.329113924050633	0.0057322515777314155	P37231, P01579, P08575, P13500, P05112	79	175	19104	6.909222423146475	0.9999999996817621	0.023265477854976065	0.016994871806764004
GOTERM_BP_FAT	GO:0002274~myeloid leukocyte activation	5	6.329113924050633	0.0057322515777314155	P01579, P05112, P01584, P01375, P10145	79	175	19104	6.909222423146475	0.9999999996817621	0.023265477854976065	0.016994871806764004
KEGG_PATHWAY	hsa04211:Longevity regulating pathway	5	6.329113924050633	0.005746613095955515	P37231, Q04206, P04637, Q07812, P31749	76	90	9375	6.853070175438597	0.7281434061960106	0.010780836138693402	0.005746613095955515
GOTERM_BP_FAT	GO:0048864~stem cell development	4	5.063291139240507	0.005780063681587778	P10415, P28482, P08575, Q16665	79	89	19104	10.868439766747262	0.9999999997349632	0.023384661894764167	0.017081932880266857
GOTERM_BP_FAT	GO:0038127~ERBB signaling pathway	4	5.063291139240507	0.005780063681587778	P04626, P28482, P31749, P00533	79	89	19104	10.868439766747262	0.9999999997349632	0.023384661894764167	0.017081932880266857
GOTERM_BP_FAT	GO:0046425~regulation of receptor signaling pathway via JAK-STAT	4	5.063291139240507	0.005780063681587778	P17706, P08575, P05231, P22301	79	89	19104	10.868439766747262	0.9999999997349632	0.023384661894764167	0.017081932880266857
GOTERM_BP_FAT	GO:0002053~positive regulation of mesenchymal cell proliferation	3	3.79746835443038	0.005807268770208688	P42224, P35968, P01106	79	28	19104	25.909584086799278	0.9999999997611639	0.023444844090343565	0.01712589452615683
GOTERM_BP_FAT	GO:0071480~cellular response to gamma radiation	3	3.79746835443038	0.005807268770208688	O96017, P04637, P38936	79	28	19104	25.909584086799278	0.9999999997611639	0.023444844090343565	0.01712589452615683
GOTERM_BP_FAT	GO:0045165~cell fate commitment	6	7.59493670886076	0.005855182154231667	P37231, P35968, P10415, P04637, P05231, P42574	79	281	19104	5.163475832244695	0.9999999998011708	0.023613210745008512	0.017248882316495833
GOTERM_BP_FAT	GO:0007422~peripheral nervous system development	4	5.063291139240507	0.005962013364657693	P04626, P28482, P31749, P19320	79	90	19104	10.747679324894516	0.9999999998678887	0.023993160662215036	0.017526426589438173
GOTERM_BP_FAT	GO:0002720~positive regulation of cytokine production involved in immune response	4	5.063291139240507	0.005962013364657693	Q96P20, P05231, P05112, P01584	79	90	19104	10.747679324894516	0.9999999998678887	0.023993160662215036	0.017526426589438173
GOTERM_BP_FAT	GO:0010165~response to X-ray	3	3.79746835443038	0.00622101987145014	P24385, P04637, P42574	79	29	19104	25.016150152771715	0.9999999999509742	0.02498261728735468	0.018249200847823114
GOTERM_BP_FAT	GO:0002360~T cell lineage commitment	3	3.79746835443038	0.00622101987145014	P10415, P04637, P05231	79	29	19104	25.016150152771715	0.9999999999509742	0.02498261728735468	0.018249200847823114
GOTERM_BP_FAT	GO:0045446~endothelial cell differentiation	4	5.063291139240507	0.006336132771878183	P35968, P08581, P05362	79	92	19104	10.514034122179417	0.9999999999684464	0.025418051615456468	0.018567275147972146
GOTERM_BP_FAT	GO:0001501~skeletal system development	8	10.126582278481013	0.00636930309304593	P14780, P04637, P01106, P08575, P08253, Q16665, P11473, P06400	79	538	19104	3.5958778410427743	0.9999999999722092	0.025524193533038645	0.018644809264996412
GOTERM_CC_FAT	GO:0048471~perinuclear region of cytoplasm	10	12.658227848101266	0.006395391854720723	P37231, P42224, P27695, P09917, P04626, P31749, P01106, P00533, P09601, P35228	73	788	16775	2.9161741186287458	0.87166324811046	0.0952562484955651	0.08483759631636266
GOTERM_MF_FAT	GO:0019209~kinase activator activity	5	6.329113924050633	0.006439456015589723	P24385, P00533, P01344, P60568, P29965	79	164	17305	6.6783729546156225	0.9740103655352591	0.044369422546441384	0.03761584672521314
GOTERM_CC_FAT	GO:0031967~organelle envelope	14	17.72151898734177	0.0064681853899005775	P35968, P24385, Q9UNQ0, P09917, P10415, P31749, P11802, P35354, Q07812, P01106, Q14790, P00533, Q9HC97, P09601	73	1409	16775	2.283267060093139	0.8746370712367338	0.0952562484955651	0.08483759631636266
GOTERM_BP_FAT	GO:1904062~regulation of monoatomic cation transmembrane transport	6	7.59493670886076	0.006483490673040246	P14780, P10415, Q07812, P01579, P02778, Q9HC97	79	288	19104	5.037974683544304	0.9999999999820512	0.02595443687323374	0.01895909167337453
GOTERM_BP_FAT	GO:0034103~regulation of tissue remodeling	4	5.063291139240507	0.006528334919734706	P37231, P04637, P05231, P60568	79	93	19104	10.4009799918334	0.999999999984883	0.026106474973450144	0.019070151847553115
GOTERM_CC_FAT	GO:0070161~anchoring junction	11	13.924050632911392	0.006626059783054553	P31645, Q9NRD8, P00749, P24385, P35968, P28482, P11802, P31749, P08575, P05362, P00533	73	940	16775	2.689084814922763	0.8808527389911145	0.0952562484955651	0.08483759631636266
GOTERM_BP_FAT	GO:0002446~neutrophil mediated immunity	3	3.79746835443038	0.006647840425681239	P05164, P05231, P08246	79	30	19104	24.18227848101266	0.9999999999904341	0.026505458771666913	0.019361599912619164
GOTERM_BP_FAT	GO:0050995~negative regulation of lipid catabolic process	3	3.79746835443038	0.006647840425681239	P31749, P01584, P01375	79	30	19104	24.18227848101266	0.9999999999904341	0.026505458771666913	0.019361599912619164
GOTERM_BP_FAT	GO:0030855~epithelial cell differentiation	9	11.39240506329114	0.006649015952713709	P37231, P35968, P08581, P31749, P05362, P38936, Q16665, P42574	79	683	19104	3.186537427951887	0.9999999999904771	0.026505458771666913	0.019361599912619164
GOTERM_BP_FAT	GO:0051222~positive regulation of protein transport	6	7.59493670886076	0.00667138670328217	P01583, P37231, P31749, Q16665, P01584, P01375	79	290	19104	5.003230030554343	0.9999999999912589	0.02656678914406502	0.019406400274050124
GOTERM_MF_FAT	GO:0005506~iron ion binding	5	6.329113924050633	0.006716978214519804	P09917, P11712, P33261, P08684, P05177	79	166	17305	6.597910629861217	0.9778051685140725	0.04572400832775529	0.038764247768132365
GOTERM_BP_FAT	GO:1990869~cellular response to chemokine	4	5.063291139240507	0.00672398637183667	P28482, P02778, Q9HC97, P13500	79	94	19104	10.290331268516026	0.9999999999928537	0.026720292760809672	0.01951853097279234
GOTERM_BP_FAT	GO:1990868~response to chemokine	4	5.063291139240507	0.00672398637183667	P28482, P02778, Q9HC97, P13500	79	94	19104	10.290331268516026	0.9999999999928537	0.026720292760809672	0.01951853097279234
GOTERM_MF_FAT	GO:0008083~growth factor activity	5	6.329113924050633	0.0068586695464146336	P05231, P01344, P05112, P60568, P22301	79	167	17305	6.558402182975821	0.9795239332992048	0.04613271778243176	0.03911074658015012
GOTERM_BP_FAT	GO:0072091~regulation of stem cell proliferation	4	5.063291139240507	0.006923102433938902	P35968, P04637, P08575, O14746	79	95	19104	10.182011992005329	0.9999999999966668	0.027482837741408812	0.02007555173432387
GOTERM_CC_FAT	GO:0031968~organelle outer membrane	6	7.59493670886076	0.006937190537881833	P10415, Q07812, Q14790, P35354, P09601, Q9HC97	73	279	16775	4.941817646192369	0.8922171481672843	0.0952562484955651	0.08483759631636266
GOTERM_BP_FAT	GO:0002520~immune system development	5	6.329113924050633	0.006956987785331432	P10415, P04637, P28482, P08575, P29965	79	185	19104	6.535750940814233	0.9999999999970725	0.027588555315553116	0.020152775878676452
GOTERM_BP_FAT	GO:0110075~regulation of ferroptosis	3	3.79746835443038	0.007087619628635795	P09211, Q16236, P09601	79	31	19104	23.402204981625154	0.9999999999982252	0.02801893705582321	0.020467159384979457
GOTERM_BP_FAT	GO:0042531~positive regulation of tyrosine phosphorylation of STAT protein	3	3.79746835443038	0.007087619628635795	P01579, P05112, P22301	79	31	19104	23.402204981625154	0.9999999999982252	0.02801893705582321	0.020467159384979457
GOTERM_BP_FAT	GO:0045830~positive regulation of isotype switching	3	3.79746835443038	0.007087619628635795	P08575, P05112, P60568	79	31	19104	23.402204981625154	0.9999999999982252	0.02801893705582321	0.020467159384979457
GOTERM_BP_FAT	GO:1905477~positive regulation of protein localization to membrane	4	5.063291139240507	0.0071256980547878355	P31749, P01579, P00533, P01375	79	96	19104	10.075949367088608	0.9999999999984661	0.02811102666219724	0.020534428626764113
GOTERM_BP_FAT	GO:2000142~regulation of DNA-templated transcription initiation	4	5.063291139240507	0.0071256980547878355	P04637, P11802, P01106, P25963	79	96	19104	10.075949367088608	0.9999999999984661	0.02811102666219724	0.020534428626764113
GOTERM_CC_FAT	GO:0019867~outer membrane	6	7.59493670886076	0.007144218637167382	P10415, Q07812, Q14790, P35354, P09601, Q9HC97	73	281	16775	4.90664456686004	0.8991736396386341	0.0952562484955651	0.08483759631636266
GOTERM_BP_FAT	GO:0060322~head development	10	12.658227848101266	0.007165556894987121	P31645, Q9NRD8, P10415, P04637, P28482, Q07812, P08253, Q16665, P00533, P42574	79	841	19104	2.875419557789853	0.9999999999986833	0.028238977069052873	0.02062789332049142
GOTERM_BP_FAT	GO:0061061~muscle structure development	8	10.126582278481013	0.007225249935874315	O15111, P10415, P31749, P01106, P02778, P42574, P01344, P06400	79	551	19104	3.5110386179328725	0.9999999999989525	0.028444746900755713	0.02077820323173794
GOTERM_BP_FAT	GO:0030198~extracellular matrix organization	6	7.59493670886076	0.0072580087350307635	P14780, P03956, P08253, P08254, P08246, P01375	79	296	19104	4.901813205610674	0.9999999999990761	0.02854416465286659	0.02085082550766852
GOTERM_BP_FAT	GO:0016239~positive regulation of macroautophagy	4	5.063291139240507	0.007331787829510531	P35968, Q16665, P09601, P05112	79	97	19104	9.972073600417591	0.9999999999993036	0.02874514341817376	0.02099763566018583
GOTERM_BP_FAT	GO:0050672~negative regulation of lymphocyte proliferation	4	5.063291139240507	0.007331787829510531	P04626, P42574, P60568, P22301	79	97	19104	9.972073600417591	0.9999999999993036	0.02874514341817376	0.02099763566018583
GOTERM_BP_FAT	GO:0072331~signal transduction by p53 class mediator	4	5.063291139240507	0.007331787829510531	O96017, P04637, Q07812, P38936	79	97	19104	9.972073600417591	0.9999999999993036	0.02874514341817376	0.02099763566018583
GOTERM_BP_FAT	GO:0051962~positive regulation of nervous system development	6	7.59493670886076	0.007359174681141045	P37231, P01579, P05231, Q16665, P01584, P01375	79	297	19104	4.885308784042961	0.999999999999373	0.02879314949833271	0.021032702946717923
GOTERM_BP_FAT	GO:0043062~extracellular structure organization	6	7.59493670886076	0.007359174681141045	P14780, P03956, P08253, P08254, P08246, P01375	79	297	19104	4.885308784042961	0.999999999999373	0.02879314949833271	0.021032702946717923
GOTERM_BP_FAT	GO:1904036~negative regulation of epithelial cell apoptotic process	3	3.79746835443038	0.007540247341151525	P10415, Q07869, P06400	79	32	19104	22.67088607594937	0.9999999999996868	0.029441027349485886	0.021505962129074886
GOTERM_BP_FAT	GO:0010039~response to iron ion	3	3.79746835443038	0.007540247341151525	P24385, P10415, Q16665	79	32	19104	22.67088607594937	0.9999999999996868	0.029441027349485886	0.021505962129074886
GOTERM_BP_FAT	GO:0045229~external encapsulating structure organization	6	7.59493670886076	0.007564460575637462	P14780, P03956, P08253, P08254, P08246, P01375	79	299	19104	4.852631133313577	0.9999999999997146	0.02950527545553771	0.021552893824739353
KEGG_PATHWAY	hsa04921:Oxytocin signaling pathway	6	7.59493670886076	0.007686471394865866	P24385, P29474, P28482, P38936, P00533, P35354	76	154	9375	4.80604921394395	0.825154612063737	0.014301877103561898	0.007686471394865866
GOTERM_BP_FAT	GO:0009791~post-embryonic development	4	5.063291139240507	0.0077545064748387035	P35968, P10415, Q07812, P05177	79	99	19104	9.770617568085923	0.9999999999998622	0.03018463472242742	0.02204914942385048
GOTERM_BP_FAT	GO:0032945~negative regulation of mononuclear cell proliferation	4	5.063291139240507	0.0077545064748387035	P04626, P42574, P60568, P22301	79	99	19104	9.770617568085923	0.9999999999998622	0.03018463472242742	0.02204914942385048
GOTERM_BP_FAT	GO:0002286~T cell activation involved in immune response	4	5.063291139240507	0.007971162797905936	P04637, P05362, P05231, P22301	79	100	19104	9.672911392405062	0.9999999999999399	0.030908985155208273	0.02257826998715976
GOTERM_BP_FAT	GO:0051781~positive regulation of cell division	4	5.063291139240507	0.007971162797905936	P01583, O15392, P01344, P01584	79	100	19104	9.672911392405062	0.9999999999999399	0.030908985155208273	0.02257826998715976
GOTERM_BP_FAT	GO:1903035~negative regulation of response to wounding	4	5.063291139240507	0.007971162797905936	P00749, P09917, P29474, P01375	79	100	19104	9.672911392405062	0.9999999999999399	0.030908985155208273	0.02257826998715976
GOTERM_MF_FAT	GO:0060089~molecular transducer activity	16	20.253164556962027	0.007999964573455334	P35869, P35968, O75469, P04626, P36544, Q8TDU6, P11473, P37231, P08581, Q07869, P08575, P05362, P00533, Q9HC97	79	1694	17305	2.068955210497213	0.9893069024187651	0.05177475981959442	0.04389399991785084
GOTERM_MF_FAT	GO:0038023~signaling receptor activity	16	20.253164556962027	0.007999964573455334	P35869, P35968, O75469, P04626, P36544, Q8TDU6, P11473, P37231, P08581, Q07869, P08575, P05362, P00533, Q9HC97	79	1694	17305	2.068955210497213	0.9893069024187651	0.05177475981959442	0.04389399991785084
GOTERM_BP_FAT	GO:0010893~positive regulation of steroid biosynthetic process	3	3.79746835443038	0.008005614088319787	P28482, P01579, P01375	79	33	19104	21.983889528193323	0.9999999999999474	0.030908985155208273	0.02257826998715976
GOTERM_BP_FAT	GO:1902042~negative regulation of extrinsic apoptotic signaling pathway via death domain receptors	3	3.79746835443038	0.008005614088319787	P29474, P05362, P09601	79	33	19104	21.983889528193323	0.9999999999999474	0.030908985155208273	0.02257826998715976
GOTERM_BP_FAT	GO:1903055~positive regulation of extracellular matrix organization	3	3.79746835443038	0.008005614088319787	P00749, P05231, P06400	79	33	19104	21.983889528193323	0.9999999999999474	0.030908985155208273	0.02257826998715976
GOTERM_BP_FAT	GO:0045742~positive regulation of epidermal growth factor receptor signaling pathway	3	3.79746835443038	0.008005614088319787	P00749, P14780, P00533	79	33	19104	21.983889528193323	0.9999999999999474	0.030908985155208273	0.02257826998715976
GOTERM_BP_FAT	GO:0048009~insulin-like growth factor receptor signaling pathway	3	3.79746835443038	0.008005614088319787	P28482, P31749, P01344	79	33	19104	21.983889528193323	0.9999999999999474	0.030908985155208273	0.02257826998715976
GOTERM_MF_FAT	GO:0051721~protein phosphatase 2A binding	3	3.79746835443038	0.00803996030070199	P42224, P10415, P04637	79	30	17305	21.905063291139243	0.9895477406107985	0.05177475981959442	0.04389399991785084
GOTERM_BP_FAT	GO:0051250~negative regulation of lymphocyte activation	5	6.329113924050633	0.008053075663062084	P04626, P17706, P42574, P60568, P22301	79	193	19104	6.264838984718306	0.9999999999999561	0.031060696497591387	0.02268909147260291
GOTERM_MF_FAT	GO:0008201~heparin binding	5	6.329113924050633	0.008064033387830634	P02778, P08575, P05164, P08246, P10145	79	175	17305	6.258589511754069	0.9896900807712645	0.05177475981959442	0.04389399991785084
GOTERM_BP_FAT	GO:1902215~negative regulation of interleukin-4-mediated signaling pathway	2	2.5316455696202533	0.008149371813223467	P17706, P08575	79	2	19104	241.82278481012656	0.9999999999999697	0.031241996981541172	0.02282152711404717
GOTERM_BP_FAT	GO:1990268~response to gold nanoparticle	2	2.5316455696202533	0.008149371813223467	P05164, P01375	79	2	19104	241.82278481012656	0.9999999999999697	0.031241996981541172	0.02282152711404717
GOTERM_BP_FAT	GO:0014900~muscle hyperplasia	2	2.5316455696202533	0.008149371813223467	P29474, P09601	79	2	19104	241.82278481012656	0.9999999999999697	0.031241996981541172	0.02282152711404717
GOTERM_BP_FAT	GO:0060557~positive regulation of vitamin D biosynthetic process	2	2.5316455696202533	0.008149371813223467	P01579, P01375	79	2	19104	241.82278481012656	0.9999999999999697	0.031241996981541172	0.02282152711404717
GOTERM_BP_FAT	GO:0002439~chronic inflammatory response to antigenic stimulus	2	2.5316455696202533	0.008149371813223467	P22301, P01375	79	2	19104	241.82278481012656	0.9999999999999697	0.031241996981541172	0.02282152711404717
GOTERM_BP_FAT	GO:0014806~smooth muscle hyperplasia	2	2.5316455696202533	0.008149371813223467	P29474, P09601	79	2	19104	241.82278481012656	0.9999999999999697	0.031241996981541172	0.02282152711404717
KEGG_PATHWAY	hsa04640:Hematopoietic cell lineage	5	6.329113924050633	0.0083071298462905	P01583, P05231, P05112, P01584, P01375	76	100	9375	6.167763157894736	0.8482093107826606	0.01533104451307271	0.0083071298462905
GOTERM_BP_FAT	GO:0090596~sensory organ morphogenesis	6	7.59493670886076	0.008314480193548319	P35968, P10415, P28482, Q07812, P01106, Q16665	79	306	19104	4.7416232315711095	0.9999999999999839	0.031842868253841146	0.023260449121527926
GOTERM_BP_FAT	GO:0043406~positive regulation of MAP kinase activity	3	3.79746835443038	0.008483611055442751	P04626, P08246, P01375	79	34	19104	21.337304542069994	0.9999999999999916	0.03232636597628916	0.023613632574843887
GOTERM_BP_FAT	GO:0042771~intrinsic apoptotic signaling pathway in response to DNA damage by p53 class mediator	3	3.79746835443038	0.008483611055442751	O96017, P04637, P38936	79	34	19104	21.337304542069994	0.9999999999999916	0.03232636597628916	0.023613632574843887
GOTERM_BP_FAT	GO:0034142~toll-like receptor 4 signaling pathway	3	3.79746835443038	0.008483611055442751	O15111, Q04206, P25963	79	34	19104	21.337304542069994	0.9999999999999916	0.03232636597628916	0.023613632574843887
GOTERM_BP_FAT	GO:0002828~regulation of type 2 immune response	3	3.79746835443038	0.008483611055442751	Q96P20, P05231, P05112	79	34	19104	21.337304542069994	0.9999999999999916	0.03232636597628916	0.023613632574843887
GOTERM_BP_FAT	GO:2000191~regulation of fatty acid transport	3	3.79746835443038	0.008483611055442751	Q07869, P31749, P01584	79	34	19104	21.337304542069994	0.9999999999999916	0.03232636597628916	0.023613632574843887
GOTERM_BP_FAT	GO:0051302~regulation of cell division	5	6.329113924050633	0.008491727481018374	P01583, O15392, P01106, P01344, P01584	79	196	19104	6.168948592095066	0.9999999999999919	0.03232636597628916	0.023613632574843887
GOTERM_CC_FAT	GO:0097128~cyclin D1-CDK4 complex	2	2.5316455696202533	0.008566035328820143	P24385, P11802	73	2	16775	229.79452054794518	0.9362597532003255	0.10152338167490539	0.09041926180421261
GOTERM_CC_FAT	GO:0043264~extracellular membraneless organelle	2	2.5316455696202533	0.008566035328820143	P05164, P08246	73	2	16775	229.79452054794518	0.9362597532003255	0.10152338167490539	0.09041926180421261
GOTERM_CC_FAT	GO:0140644~neutrophil extracellular trap	2	2.5316455696202533	0.008566035328820143	P05164, P08246	73	2	16775	229.79452054794518	0.9362597532003255	0.10152338167490539	0.09041926180421261
GOTERM_BP_FAT	GO:0046620~regulation of organ growth	4	5.063291139240507	0.0086424773301018	P31645, Q07869, P31749, P01344	79	103	19104	9.391176109131129	0.9999999999999954	0.03286734128637714	0.024008802023022798
GOTERM_BP_FAT	GO:0043279~response to alkaloid	4	5.063291139240507	0.008873405837328215	P31645, P37231, P01106, P42574	79	104	19104	9.300876338851022	0.9999999999999981	0.03367820598738443	0.024601119177742298
GOTERM_BP_FAT	GO:0010906~regulation of glucose metabolic process	4	5.063291139240507	0.008873405837328215	Q07869, P17706, P31749, P01344	79	104	19104	9.300876338851022	0.9999999999999981	0.03367820598738443	0.024601119177742298
GOTERM_BP_FAT	GO:0032647~regulation of interferon-alpha production	3	3.79746835443038	0.00897413008322735	P42224, O15111, P22301	79	35	19104	20.727667269439422	0.9999999999999987	0.03389137706704431	0.024756835522547746
GOTERM_BP_FAT	GO:0001774~microglial cell activation	3	3.79746835443038	0.00897413008322735	P01579, P01584, P01375	79	35	19104	20.727667269439422	0.9999999999999987	0.03389137706704431	0.024756835522547746
GOTERM_BP_FAT	GO:1901186~positive regulation of ERBB signaling pathway	3	3.79746835443038	0.00897413008322735	P00749, P14780, P00533	79	35	19104	20.727667269439422	0.9999999999999987	0.03389137706704431	0.024756835522547746
GOTERM_BP_FAT	GO:0043368~positive T cell selection	3	3.79746835443038	0.00897413008322735	P10415, P08575, P05231	79	35	19104	20.727667269439422	0.9999999999999987	0.03389137706704431	0.024756835522547746
GOTERM_BP_FAT	GO:0046320~regulation of fatty acid oxidation	3	3.79746835443038	0.00897413008322735	P37231, Q07869, P31749	79	35	19104	20.727667269439422	0.9999999999999987	0.03389137706704431	0.024756835522547746
GOTERM_MF_FAT	GO:0018676~(S)-limonene 7-monooxygenase activity	2	2.5316455696202533	0.008994678567215737	P11712, P33261	79	2	17305	219.0506329113924	0.9939335811412099	0.05464509022018163	0.0463274304698531
GOTERM_MF_FAT	GO:0018675~(S)-limonene 6-monooxygenase activity	2	2.5316455696202533	0.008994678567215737	P11712, P33261	79	2	17305	219.0506329113924	0.9939335811412099	0.05464509022018163	0.0463274304698531
GOTERM_MF_FAT	GO:0005008~hepatocyte growth factor receptor activity	2	2.5316455696202533	0.008994678567215737	P08581	79	2	17305	219.0506329113924	0.9939335811412099	0.05464509022018163	0.0463274304698531
GOTERM_MF_FAT	GO:0052741~(R)-limonene 6-monooxygenase activity	2	2.5316455696202533	0.008994678567215737	P11712, P33261	79	2	17305	219.0506329113924	0.9939335811412099	0.05464509022018163	0.0463274304698531
GOTERM_MF_FAT	GO:0019113~limonene monooxygenase activity	2	2.5316455696202533	0.008994678567215737	P11712, P33261	79	2	17305	219.0506329113924	0.9939335811412099	0.05464509022018163	0.0463274304698531
KEGG_PATHWAY	hsa05320:Autoimmune thyroid disease	4	5.063291139240507	0.009106991432437548	P05112, P60568, P29965, P22301	76	54	9375	9.137426900584794	0.8735121811704905	0.01667166979970422	0.009106991432437548
GOTERM_BP_FAT	GO:0000077~DNA damage checkpoint signaling	4	5.063291139240507	0.009107932921429286	O96017, P24385, P04637, P38936	79	105	19104	9.212296564195297	0.9999999999999992	0.03436256835336863	0.025101029420367616
GOTERM_CC_FAT	GO:0016604~nuclear body	11	13.924050632911392	0.009274375909063501	O96017, P27695, P08581, O75469, Q07869, P04637, P01106, P38936, Q16665, O14746, P06400	73	988	16775	2.558441018246353	0.9492908152390435	0.1059928675321543	0.09439989764582493
GOTERM_BP_FAT	GO:0070167~regulation of biomineral tissue development	4	5.063291139240507	0.009346070139033168	P09917, P29474, Q16665, P11473	79	106	19104	9.125388106042513	0.9999999999999997	0.035226070107773184	0.0257317966761488
GOTERM_BP_FAT	GO:0048863~stem cell differentiation	5	6.329113924050633	0.009415445894928206	P10415, P04637, P28482, P08575, Q16665	79	202	19104	5.985712495300163	0.9999999999999998	0.035452416572685115	0.025897137322881736
GOTERM_BP_FAT	GO:0010464~regulation of mesenchymal cell proliferation	3	3.79746835443038	0.009477063665400631	P42224, P35968, P01106	79	36	19104	20.151898734177216	0.9999999999999998	0.03557874937760967	0.02598942039731782
GOTERM_BP_FAT	GO:0042743~hydrogen peroxide metabolic process	3	3.79746835443038	0.009477063665400631	Q9NRD8, P05164, P05177	79	36	19104	20.151898734177216	0.9999999999999998	0.03557874937760967	0.02598942039731782
GOTERM_BP_FAT	GO:0043500~muscle adaptation	3	3.79746835443038	0.009477063665400631	P29474, P09601, P01584	79	36	19104	20.151898734177216	0.9999999999999998	0.03557874937760967	0.02598942039731782
GOTERM_BP_FAT	GO:0006508~proteolysis	9	11.39240506329114	0.009669256428954701	P00749, P14780, P03956, P01106, Q14790, P08253, P08254, P42574, P08246	79	729	19104	2.985466479137365	0.9999999999999999	0.03626447948650368	0.026490329743230925
GOTERM_BP_FAT	GO:0048534~hematopoietic or lymphoid organ development	4	5.063291139240507	0.009833219594841128	P10415, P04637, P28482, P08575	79	108	19104	8.956399437412095	1.0	0.03677063335219352	0.026860062964079306
GOTERM_BP_FAT	GO:0043255~regulation of carbohydrate biosynthetic process	4	5.063291139240507	0.009833219594841128	Q07869, P17706, P31749, P01344	79	108	19104	8.956399437412095	1.0	0.03677063335219352	0.026860062964079306
GOTERM_BP_FAT	GO:0071677~positive regulation of mononuclear cell migration	4	5.063291139240507	0.009833219594841128	P28482, P02778, P13500, P01375	79	108	19104	8.956399437412095	1.0	0.03677063335219352	0.026860062964079306
GOTERM_BP_FAT	GO:0038061~non-canonical NF-kappaB signal transduction	3	3.79746835443038	0.009992304945082442	O15111, Q04206, P25963	79	37	19104	19.607252822442696	1.0	0.037182715955135545	0.02716107939084053
GOTERM_BP_FAT	GO:0090050~positive regulation of cell migration involved in sprouting angiogenesis	3	3.79746835443038	0.009992304945082442	P35968, P35354, P09601	79	37	19104	19.607252822442696	1.0	0.037182715955135545	0.02716107939084053
GOTERM_BP_FAT	GO:0140895~cell surface toll-like receptor signaling pathway	3	3.79746835443038	0.009992304945082442	O15111, Q04206, P25963	79	37	19104	19.607252822442696	1.0	0.037182715955135545	0.02716107939084053
GOTERM_BP_FAT	GO:0071392~cellular response to estradiol stimulus	3	3.79746835443038	0.009992304945082442	P08253, P00533, P22301	79	37	19104	19.607252822442696	1.0	0.037182715955135545	0.02716107939084053
GOTERM_BP_FAT	GO:0001893~maternal placenta development	3	3.79746835443038	0.009992304945082442	P31749, P35354, P11473	79	37	19104	19.607252822442696	1.0	0.037182715955135545	0.02716107939084053
GOTERM_BP_FAT	GO:0045638~negative regulation of myeloid cell differentiation	4	5.063291139240507	0.010082253349263565	P17706, P01106, P05112, P25963	79	109	19104	8.874230635234003	1.0	0.0374807521869495	0.027378787687442993
GOTERM_BP_FAT	GO:0030163~protein catabolic process	10	12.658227848101266	0.010188289941903185	O96017, Q04206, P31749, Q14790, P08253, P00533, P08254, Q16236, P42574, P08246	79	890	19104	2.7171099416868154	1.0	0.037837955711970524	0.027639716268170945
GOTERM_BP_FAT	GO:0010661~positive regulation of muscle cell apoptotic process	3	3.79746835443038	0.01051974771197307	P37231, P04637, P01579	79	38	19104	19.091272485009995	1.0	0.03880368627413539	0.028345159208400764
GOTERM_BP_FAT	GO:0014002~astrocyte development	3	3.79746835443038	0.01051974771197307	P01579, P01584, P01375	79	38	19104	19.091272485009995	1.0	0.03880368627413539	0.028345159208400764
GOTERM_BP_FAT	GO:0072678~T cell migration	3	3.79746835443038	0.01051974771197307	P02778, P05362, P13500	79	38	19104	19.091272485009995	1.0	0.03880368627413539	0.028345159208400764
GOTERM_BP_FAT	GO:0046326~positive regulation of D-glucose import across plasma membrane	3	3.79746835443038	0.01051974771197307	P31749, Q16236, O14746	79	38	19104	19.091272485009995	1.0	0.03880368627413539	0.028345159208400764
GOTERM_BP_FAT	GO:0002269~leukocyte activation involved in inflammatory response	3	3.79746835443038	0.01051974771197307	P01579, P01584, P01375	79	38	19104	19.091272485009995	1.0	0.03880368627413539	0.028345159208400764
GOTERM_BP_FAT	GO:1900101~regulation of endoplasmic reticulum unfolded protein response	3	3.79746835443038	0.01051974771197307	Q07812, P17706, P31749	79	38	19104	19.091272485009995	1.0	0.03880368627413539	0.028345159208400764
GOTERM_BP_FAT	GO:0070229~negative regulation of lymphocyte apoptotic process	3	3.79746835443038	0.01051974771197307	P10415, Q16665, P60568	79	38	19104	19.091272485009995	1.0	0.03880368627413539	0.028345159208400764
GOTERM_BP_FAT	GO:0021700~developmental maturation	6	7.59493670886076	0.010608184124245076	P37231, P35968, P10415, P08253, Q16665, P06400	79	325	19104	4.464420642648491	1.0	0.039091980837697694	0.028555751450729475
GOTERM_BP_FAT	GO:0001933~negative regulation of protein phosphorylation	4	5.063291139240507	0.010851313233577119	P17706, P08575, P38936, P06400	79	112	19104	8.636528028933093	1.0	0.0399105843590849	0.029153721627540846
GOTERM_BP_FAT	GO:0003158~endothelium development	4	5.063291139240507	0.010851313233577119	P35968, P08581, P05362	79	112	19104	8.636528028933093	1.0	0.0399105843590849	0.029153721627540846
GOTERM_BP_FAT	GO:0031334~positive regulation of protein-containing complex assembly	5	6.329113924050633	0.010920130643750064	P04637, Q07812, P03956, P08254, P01375	79	211	19104	5.730397744315796	1.0	0.040124885833991784	0.029310263698876984
GOTERM_BP_FAT	GO:0007049~cell cycle	11	13.924050632911392	0.010956312174644989	O96017, P24385, O15392, P10415, P04637, P11802, P01106, P08575, P38936, O14746, P06400	79	1062	19104	2.5047557748694844	1.0	0.04021897220094101	0.029378991526219863
GOTERM_CC_FAT	GO:0000785~chromatin	14	17.72151898734177	0.011009929006960234	P35869, P27695, O75469, P04637, P11802, P11473, P37231, P42224, Q07869, Q04206, P01106, Q16236, Q16665, P06400	73	1505	16775	2.1376234469576296	0.9710653601877307	0.12148887180094052	0.10820102644771265
GOTERM_BP_FAT	GO:1901222~regulation of non-canonical NF-kappaB signal transduction	4	5.063291139240507	0.011115018301824759	Q96P20, Q04206, P01584, P01375	79	113	19104	8.560098577349613	1.0	0.040762212730799954	0.029775815662940384
GOTERM_BP_FAT	GO:0002064~epithelial cell development	5	6.329113924050633	0.011274368281479515	P35968, P08581, P05362, Q16665	79	213	19104	5.676591192725977	1.0	0.041306765485998646	0.030173598348699513
GOTERM_BP_FAT	GO:0032526~response to retinoic acid	4	5.063291139240507	0.011382414614133474	P31645, P37231, P08253, P01375	79	114	19104	8.485009993337775	1.0	0.04162242574764385	0.030404180575060374
GOTERM_BP_FAT	GO:0031341~regulation of cell killing	4	5.063291139240507	0.011382414614133474	P08575, P05362, P35228, P05112	79	114	19104	8.485009993337775	1.0	0.04162242574764385	0.030404180575060374
GOTERM_BP_FAT	GO:1903532~positive regulation of secretion by cell	6	7.59493670886076	0.011552812911482437	P01583, P31645, P37231, P01579, Q16665, P01584	79	332	19104	4.370291291749275	1.0	0.04220494476692383	0.030829696703264374
GOTERM_BP_FAT	GO:0045940~positive regulation of steroid metabolic process	3	3.79746835443038	0.011610816073229484	P28482, P01579, P01375	79	40	19104	18.136708860759494	1.0	0.042294955485145336	0.03089544736727156
GOTERM_BP_FAT	GO:1901889~negative regulation of cell junction assembly	3	3.79746835443038	0.011610816073229484	O14920, P01584, P01375	79	40	19104	18.136708860759494	1.0	0.042294955485145336	0.03089544736727156
GOTERM_BP_FAT	GO:0070059~intrinsic apoptotic signaling pathway in response to endoplasmic reticulum stress	3	3.79746835443038	0.011610816073229484	P10415, P04637, Q07812	79	40	19104	18.136708860759494	1.0	0.042294955485145336	0.03089544736727156
GOTERM_BP_FAT	GO:0050764~regulation of phagocytosis	4	5.063291139240507	0.011653510934035775	P37231, P01579, P08575, P13500	79	115	19104	8.411227297743533	1.0	0.042409858451806746	0.030979381219857785
GOTERM_BP_FAT	GO:0043412~macromolecule modification	15	18.9873417721519	0.011926033445573112	O96017, P35968, P10415, P04626, P28482, P31749, P13500, P35228, Q07869, P17706, P08575, P00533, Q16236, O14920, P01375	79	1773	19104	2.045878044078905	1.0	0.04324440869891873	0.03158900009613364
GOTERM_BP_FAT	GO:0141061~disruption of cell in another organism	4	5.063291139240507	0.011928315731045424	P02778, P05164, P08246, P10145	79	116	19104	8.338716717590572	1.0	0.04324440869891873	0.03158900009613364
GOTERM_BP_FAT	GO:0097306~cellular response to alcohol	4	5.063291139240507	0.011928315731045424	P37231, P35869, P11802, P31749	79	116	19104	8.338716717590572	1.0	0.04324440869891873	0.03158900009613364
GOTERM_BP_FAT	GO:0031640~killing of cells of another organism	4	5.063291139240507	0.011928315731045424	P02778, P05164, P08246, P10145	79	116	19104	8.338716717590572	1.0	0.04324440869891873	0.03158900009613364
GOTERM_BP_FAT	GO:0051276~chromosome organization	7	8.860759493670885	0.011953629624002732	O96017, P27695, O15392, P04637, P01106, O14746, P06400	79	466	19104	3.632531102298039	1.0	0.04329490805722132	0.03162588866236152
GOTERM_BP_FAT	GO:1902253~regulation of intrinsic apoptotic signaling pathway by p53 class mediator	3	3.79746835443038	0.012174232445209111	P10415, P04637, P01106	79	41	19104	17.694350108058043	1.0	0.04379490735839164	0.0319911261219069
GOTERM_BP_FAT	GO:0016242~negative regulation of macroautophagy	3	3.79746835443038	0.012174232445209111	P04637, P31749, P09601	79	41	19104	17.694350108058043	1.0	0.04379490735839164	0.0319911261219069
GOTERM_BP_FAT	GO:0001660~fever generation	2	2.5316455696202533	0.012199437198339743	P01583, P01584	79	3	19104	161.21518987341773	1.0	0.04379490735839164	0.0319911261219069
GOTERM_BP_FAT	GO:0002874~regulation of chronic inflammatory response to antigenic stimulus	2	2.5316455696202533	0.012199437198339743	P22301, P01375	79	3	19104	161.21518987341773	1.0	0.04379490735839164	0.0319911261219069
GOTERM_BP_FAT	GO:1990267~response to transition metal nanoparticle	2	2.5316455696202533	0.012199437198339743	P05164, P01375	79	3	19104	161.21518987341773	1.0	0.04379490735839164	0.0319911261219069
GOTERM_BP_FAT	GO:0046136~positive regulation of vitamin metabolic process	2	2.5316455696202533	0.012199437198339743	P01579, P01375	79	3	19104	161.21518987341773	1.0	0.04379490735839164	0.0319911261219069
GOTERM_BP_FAT	GO:0006808~regulation of nitrogen utilization	2	2.5316455696202533	0.012199437198339743	P10415, Q07812	79	3	19104	161.21518987341773	1.0	0.04379490735839164	0.0319911261219069
GOTERM_BP_FAT	GO:0060057~apoptotic process involved in mammary gland involution	2	2.5316455696202533	0.012199437198339743	Q07812, P11473	79	3	19104	161.21518987341773	1.0	0.04379490735839164	0.0319911261219069
GOTERM_BP_FAT	GO:0140645~neutrophil extracellular trap formation	2	2.5316455696202533	0.012199437198339743	P05164, P08246	79	3	19104	161.21518987341773	1.0	0.04379490735839164	0.0319911261219069
GOTERM_BP_FAT	GO:0031570~DNA integrity checkpoint signaling	4	5.063291139240507	0.012206837181145184	O96017, P24385, P04637, P38936	79	117	19104	8.267445634534242	1.0	0.04379490735839164	0.0319911261219069
GOTERM_CC_FAT	GO:0016605~PML body	4	5.063291139240507	0.012376060717725762	O96017, P04637, O14746, P06400	73	112	16775	8.206947162426614	0.9814084894312088	0.13201131432240812	0.11757257681839474
GOTERM_BP_FAT	GO:0048469~cell maturation	5	6.329113924050633	0.012381358712486374	P37231, P35968, P10415, Q16665, P06400	79	219	19104	5.521068146349923	1.0	0.044379177364359736	0.03241792130375791
GOTERM_BP_FAT	GO:0061900~glial cell activation	3	3.79746835443038	0.012749431853285097	P01579, P01584, P01375	79	42	19104	17.273056057866185	1.0	0.04565545135408967	0.033350208746163845
GOTERM_BP_FAT	GO:0006366~transcription by RNA polymerase II	7	8.860759493670885	0.01291316830171413	P37231, P27695, P04637, P01106, P11473, P60568, P06400	79	474	19104	3.5712225604871013	1.0	0.046198286972172	0.03374673710457371
GOTERM_BP_FAT	GO:0006351~DNA-templated transcription	8	10.126582278481013	0.012946465839420933	P37231, P27695, Q04206, P04637, P01106, P11473, P60568, P06400	79	617	19104	3.1354656053176866	1.0	0.04627388119108816	0.033801956862698636
GOTERM_BP_FAT	GO:0141060~disruption of anatomical structure in another organism	4	5.063291139240507	0.01306477886839087	P02778, P05164, P08246, P10145	79	120	19104	8.060759493670886	1.0	0.046565467700553406	0.034014953792305375
GOTERM_BP_FAT	GO:1901655~cellular response to ketone	4	5.063291139240507	0.01306477886839087	P37231, P35869, P11802, P31749	79	120	19104	8.060759493670886	1.0	0.046565467700553406	0.034014953792305375
GOTERM_BP_FAT	GO:0006721~terpenoid metabolic process	4	5.063291139240507	0.01306477886839087	P11712, P33261, P08684, P05177	79	120	19104	8.060759493670886	1.0	0.046565467700553406	0.034014953792305375
GOTERM_MF_FAT	GO:0004222~metalloendopeptidase activity	4	5.063291139240507	0.013138346847762754	P14780, P03956, P08253, P08254	79	109	17305	8.038555336197886	0.9994314159477357	0.07681593039012025	0.0651235940829515
GOTERM_BP_FAT	GO:1905898~positive regulation of response to endoplasmic reticulum stress	3	3.79746835443038	0.01333631126689377	Q07812, P17706, Q16236	79	43	19104	16.871357079776274	1.0	0.047444332785778295	0.03465694359160981
GOTERM_BP_FAT	GO:1904893~negative regulation of receptor signaling pathway via STAT	3	3.79746835443038	0.01333631126689377	P37231, P17706, P08575	79	43	19104	16.871357079776274	1.0	0.047444332785778295	0.03465694359160981
GOTERM_MF_FAT	GO:0016709~oxidoreductase activity, acting on paired donors, with incorporation or reduction of molecular oxygen, NAD(P)H as one donor, and incorporation of one atom of oxygen	3	3.79746835443038	0.013342626566485272	P29474, P08684, P35228	79	39	17305	16.85004868549172	0.9994941792217213	0.07681593039012025	0.0651235940829515
KEGG_PATHWAY	hsa04725:Cholinergic synapse	5	6.329113924050633	0.013393124950489244	P10415, P28482, P31749, P36544	76	115	9375	5.363272311212814	0.9525129635655624	0.02412888383937348	0.013393124950489244
KEGG_PATHWAY	hsa04928:Parathyroid hormone synthesis, secretion and action	5	6.329113924050633	0.013393124950489244	P10415, P28482, P38936, P00533, P11473	76	115	9375	5.363272311212814	0.9525129635655624	0.02412888383937348	0.013393124950489244
GOTERM_MF_FAT	GO:0034617~tetrahydrobiopterin binding	2	2.5316455696202533	0.013462020362098539	P29474, P35228	79	3	17305	146.0337552742616	0.999527608283054	0.07681593039012025	0.0651235940829515
GOTERM_MF_FAT	GO:0004666~prostaglandin-endoperoxide synthase activity	2	2.5316455696202533	0.013462020362098539	P23219, P35354	79	3	17305	146.0337552742616	0.999527608283054	0.07681593039012025	0.0651235940829515
GOTERM_MF_FAT	GO:0008384~IkappaB kinase activity	2	2.5316455696202533	0.013462020362098539	O15111, O14920	79	3	17305	146.0337552742616	0.999527608283054	0.07681593039012025	0.0651235940829515
GOTERM_MF_FAT	GO:0004517~nitric-oxide synthase activity	2	2.5316455696202533	0.013462020362098539	P29474, P35228	79	3	17305	146.0337552742616	0.999527608283054	0.07681593039012025	0.0651235940829515
GOTERM_MF_FAT	GO:0008047~enzyme activator activity	9	11.39240506329114	0.01359573989205668	P11926, P24385, Q96P20, Q14790, P00533, P42574, P01344, P60568, P29965	79	702	17305	2.8083414475819537	0.9995624369235709	0.07681593039012025	0.0651235940829515
KEGG_PATHWAY	hsa04650:Natural killer cell mediated cytotoxicity	5	6.329113924050633	0.013789146962011075	P28482, P01579, P05362, P42574, P01375	76	116	9375	5.317037205081669	0.9566319671007103	0.024646742995090662	0.013789146962011075
GOTERM_BP_FAT	GO:0006953~acute-phase response	3	3.79746835443038	0.013934768280766164	P01583, P05231, P01584	79	44	19104	16.487917146144994	1.0	0.04948078783543765	0.03614452500837386
GOTERM_BP_FAT	GO:0032735~positive regulation of interleukin-12 production	3	3.79746835443038	0.013934768280766164	Q04206, P01579, P29965	79	44	19104	16.487917146144994	1.0	0.04948078783543765	0.03614452500837386
GOTERM_BP_FAT	GO:1903076~regulation of protein localization to plasma membrane	4	5.063291139240507	0.013956437215873266	P31749, P01579, P00533, P01375	79	123	19104	7.864155603581352	1.0	0.04951150254847578	0.03616696136725367
GOTERM_CC_FAT	GO:0034774~secretory granule lumen	6	7.59493670886076	0.0139939450755364	P09917, P28482, P05164, P09211, P01344, P08246	73	332	16775	4.152913021950817	0.9889981376990516	0.14392337460257631	0.12818175550541952
GOTERM_BP_FAT	GO:0008203~cholesterol metabolic process	4	5.063291139240507	0.014261180129229905	P11712, P08684, P05177, P05112	79	124	19104	7.800734993875051	1.0	0.05049838736635133	0.03688785698230975
GOTERM_BP_FAT	GO:0045582~positive regulation of T cell differentiation	4	5.063291139240507	0.014261180129229905	Q96P20, P08575, P05112, P60568	79	124	19104	7.800734993875051	1.0	0.05049838736635133	0.03688785698230975
GOTERM_BP_FAT	GO:0048873~homeostasis of number of cells within a tissue	3	3.79746835443038	0.014544701111487165	P29474, P10415, Q07812	79	45	19104	16.121518987341773	1.0	0.051406596958165136	0.03755128223764995
GOTERM_BP_FAT	GO:0002437~inflammatory response to antigenic stimulus	3	3.79746835443038	0.014544701111487165	P08246, P22301, P01375	79	45	19104	16.121518987341773	1.0	0.051406596958165136	0.03755128223764995
GOTERM_MF_FAT	GO:0001217~DNA-binding transcription repressor activity	6	7.59493670886076	0.01456959119726425	P37231, Q07869, Q04206, P04637, P01106, Q16665	79	319	17305	4.120074600214278	0.9997495810016311	0.08150315867776535	0.06909736815336213
GOTERM_BP_FAT	GO:0042326~negative regulation of phosphorylation	4	5.063291139240507	0.014569694887849842	P17706, P08575, P38936, P06400	79	125	19104	7.73832911392405	1.0	0.051447121317077946	0.0375808843068216
GOTERM_CC_FAT	GO:0098802~plasma membrane signaling receptor complex	6	7.59493670886076	0.014669767027030897	O15111, P04626, P36544, P05231, O14920	73	336	16775	4.103473581213307	0.991165566284111	0.14392337460257631	0.12818175550541952
GOTERM_CC_FAT	GO:0060205~cytoplasmic vesicle lumen	6	7.59493670886076	0.014842098005890682	P09917, P28482, P05164, P09211, P01344, P08246	73	337	16775	4.091297101743831	0.9916464618616811	0.14392337460257631	0.12818175550541952
KEGG_PATHWAY	hsa04519:Cadherin signaling	9	11.39240506329114	0.015017024938754788	P35968, P08581, O15111, P04626, Q04206, P28482, P00533, O14920, P25963	76	404	9375	2.7480132881709225	0.9672740981273401	0.026631755164822943	0.015017024938754788
GOTERM_BP_FAT	GO:0007005~mitochondrion organization	6	7.59493670886076	0.015058392249007246	P29474, P10415, P04637, Q07812, P31749, O14746	79	355	19104	4.0871456587627035	1.0	0.05307420363575028	0.03876942879308816
GOTERM_BP_FAT	GO:0051047~positive regulation of secretion	6	7.59493670886076	0.015058392249007246	P01583, P31645, P37231, P01579, Q16665, P01584	79	355	19104	4.0871456587627035	1.0	0.05307420363575028	0.03876942879308816
GOTERM_BP_FAT	GO:0010828~positive regulation of D-glucose transmembrane transport	3	3.79746835443038	0.015166008596968244	P31749, Q16236, O14746	79	46	19104	15.771051183269126	1.0	0.05320694713493564	0.038866394725440755
GOTERM_BP_FAT	GO:0032872~regulation of stress-activated MAPK cascade	3	3.79746835443038	0.015166008596968244	P28482, P01106, P09211	79	46	19104	15.771051183269126	1.0	0.05320694713493564	0.038866394725440755
GOTERM_BP_FAT	GO:0030330~DNA damage response, signal transduction by p53 class mediator	3	3.79746835443038	0.015166008596968244	O96017, P04637, P38936	79	46	19104	15.771051183269126	1.0	0.05320694713493564	0.038866394725440755
GOTERM_BP_FAT	GO:0035272~exocrine system development	3	3.79746835443038	0.015166008596968244	P00533, P01344, P01375	79	46	19104	15.771051183269126	1.0	0.05320694713493564	0.038866394725440755
GOTERM_BP_FAT	GO:0014044~Schwann cell development	3	3.79746835443038	0.015166008596968244	P04626, P28482, P31749	79	46	19104	15.771051183269126	1.0	0.05320694713493564	0.038866394725440755
GOTERM_BP_FAT	GO:1902749~regulation of cell cycle G2/M phase transition	4	5.063291139240507	0.015198062324146302	P24385, P04637, P11802, P38936	79	127	19104	7.616465663311073	1.0	0.0532702590034363	0.03891264252209993
GOTERM_BP_FAT	GO:0008544~epidermis development	6	7.59493670886076	0.015562805361803586	P10415, Q07869, Q04206, P38936, P00533, P42574	79	358	19104	4.052895834806591	1.0	0.054498479549667626	0.0398098280801937
GOTERM_BP_FAT	GO:0031670~cellular response to nutrient	3	3.79746835443038	0.01579859018928017	P37231, Q16236, P11473	79	47	19104	15.435496902774037	1.0	0.055020181767245865	0.04019091899800394
GOTERM_BP_FAT	GO:0032733~positive regulation of interleukin-10 production	3	3.79746835443038	0.01579859018928017	P05231, P05112, P29965	79	47	19104	15.435496902774037	1.0	0.055020181767245865	0.04019091899800394
GOTERM_BP_FAT	GO:0046006~regulation of activated T cell proliferation	3	3.79746835443038	0.01579859018928017	P42574, P01344, P60568	79	47	19104	15.435496902774037	1.0	0.055020181767245865	0.04019091899800394
GOTERM_BP_FAT	GO:0045601~regulation of endothelial cell differentiation	3	3.79746835443038	0.01579859018928017	O14920, P01584, P01375	79	47	19104	15.435496902774037	1.0	0.055020181767245865	0.04019091899800394
GOTERM_BP_FAT	GO:0022602~ovulation cycle process	3	3.79746835443038	0.01579859018928017	P29474, P08253, P42574	79	47	19104	15.435496902774037	1.0	0.055020181767245865	0.04019091899800394
GOTERM_BP_FAT	GO:1904646~cellular response to amyloid-beta	3	3.79746835443038	0.01579859018928017	P19320, P05362, P01375	79	47	19104	15.435496902774037	1.0	0.055020181767245865	0.04019091899800394
GOTERM_BP_FAT	GO:0030218~erythrocyte differentiation	4	5.063291139240507	0.015841581653869882	P17706, P42574, P09601, P06400	79	129	19104	7.49838092434501	1.0	0.055119428206465836	0.0402634161339895
GOTERM_CC_FAT	GO:0031981~nuclear lumen	32	40.50632911392405	0.015869601005243237	P24385, P27695, O75469, P28482, P04637, P11802, P42224, P08581, Q07869, P17706, Q16236, O14746, P25963, P06400, O96017, P35869, O15392, Q9UNQ0, P09917, O15111, P04626, P31749, P38936, P35228, P11473, P37231, Q04206, P01106, P05164, Q16665, P42574, P09601	73	5111	16775	1.438744797013157	0.9940179912136441	0.14936095063758342	0.13302459666159772
GOTERM_BP_FAT	GO:0032760~positive regulation of tumor necrosis factor production	4	5.063291139240507	0.016169035301712868	P01583, P01579, P08575, P05231	79	130	19104	7.4407010710808175	1.0	0.05602066074476311	0.04092174481960346
GOTERM_BP_FAT	GO:2000697~negative regulation of epithelial cell differentiation involved in kidney development	2	2.5316455696202533	0.01623317595075702	P42224, P14780	79	4	19104	120.91139240506328	1.0	0.05602066074476311	0.04092174481960346
GOTERM_BP_FAT	GO:0048597~post-embryonic camera-type eye morphogenesis	2	2.5316455696202533	0.01623317595075702	P35968, Q07812	79	4	19104	120.91139240506328	1.0	0.05602066074476311	0.04092174481960346
GOTERM_BP_FAT	GO:1901687~glutathione derivative biosynthetic process	2	2.5316455696202533	0.01623317595075702	P09488, P09211	79	4	19104	120.91139240506328	1.0	0.05602066074476311	0.04092174481960346
GOTERM_BP_FAT	GO:0071460~cellular response to cell-matrix adhesion	2	2.5316455696202533	0.01623317595075702	P38936, P09211	79	4	19104	120.91139240506328	1.0	0.05602066074476311	0.04092174481960346
GOTERM_BP_FAT	GO:1900100~positive regulation of plasma cell differentiation	2	2.5316455696202533	0.01623317595075702	P60568, P22301	79	4	19104	120.91139240506328	1.0	0.05602066074476311	0.04092174481960346
GOTERM_BP_FAT	GO:0060058~positive regulation of apoptotic process involved in mammary gland involution	2	2.5316455696202533	0.01623317595075702	Q07812, P11473	79	4	19104	120.91139240506328	1.0	0.05602066074476311	0.04092174481960346
GOTERM_BP_FAT	GO:0046666~retinal cell programmed cell death	2	2.5316455696202533	0.01623317595075702	P10415, Q07812	79	4	19104	120.91139240506328	1.0	0.05602066074476311	0.04092174481960346
GOTERM_BP_FAT	GO:0070947~neutrophil-mediated killing of fungus	2	2.5316455696202533	0.01623317595075702	P05164, P08246	79	4	19104	120.91139240506328	1.0	0.05602066074476311	0.04092174481960346
GOTERM_BP_FAT	GO:0032691~negative regulation of interleukin-1 beta production	3	3.79746835443038	0.01644234595549266	Q96P20, P09211, P01584	79	48	19104	15.113924050632912	1.0	0.05669106225633599	0.041411456993978794
GOTERM_CC_FAT	GO:0005739~mitochondrion	16	20.253164556962027	0.01663056449155586	P27695, Q9UNQ0, P10415, P04637, P28482, P31749, Q96P20, Q07812, Q14790, P08253, P09211, P08254, P05177, Q9HC97, P09601, O14746	73	1943	16775	1.8922863246356785	0.9953296888049304	0.1514591168605707	0.13489327595394576
GOTERM_BP_FAT	GO:0006006~glucose metabolic process	4	5.063291139240507	0.01683535236857852	Q07869, P31749, P01344, P01375	79	132	19104	7.327963176064442	1.0	0.05799351907400735	0.04236287036223834
GOTERM_BP_FAT	GO:0008210~estrogen metabolic process	3	3.79746835443038	0.017097176569269464	P11712, P08684, P05177	79	49	19104	14.805476621028157	1.0	0.058682818134414956	0.04286638674136333
GOTERM_BP_FAT	GO:0046686~response to cadmium ion	3	3.79746835443038	0.017097176569269464	P05177, P09601, O14746	79	49	19104	14.805476621028157	1.0	0.058682818134414956	0.04286638674136333
GOTERM_BP_FAT	GO:0070302~regulation of stress-activated protein kinase signaling cascade	3	3.79746835443038	0.017097176569269464	P28482, P01106, P09211	79	49	19104	14.805476621028157	1.0	0.058682818134414956	0.04286638674136333
GOTERM_BP_FAT	GO:0002752~cell surface pattern recognition receptor signaling pathway	3	3.79746835443038	0.017097176569269464	O15111, Q04206, P25963	79	49	19104	14.805476621028157	1.0	0.058682818134414956	0.04286638674136333
GOTERM_MF_FAT	GO:0031406~carboxylic acid binding	5	6.329113924050633	0.01718215214601026	P37231, P29474, P09211, P35228, P11473	79	219	17305	5.0011560025432065	0.9999441189500333	0.09517564669113525	0.08068873409744033
GOTERM_CC_FAT	GO:1904813~ficolin-1-rich granule lumen	4	5.063291139240507	0.01729809455546593	P14780, P09917, P28482, P09211	73	127	16775	7.237622694423471	0.996241838787806	0.1514591168605707	0.13489327595394576
GOTERM_MF_FAT	GO:0004674~protein serine/threonine kinase activity	7	8.860759493670885	0.01738134902610145	O96017, O15111, P28482, P11802, P31749, P00533, O14920	79	459	17305	3.340641460522324	0.9999501658801893	0.09532841930865028	0.08081825282981148
GOTERM_BP_FAT	GO:0048609~multicellular organismal reproductive process	11	13.924050632911392	0.01748015352581806	P31645, P29474, P10415, Q07812, P31749, P08253, P35354, P42574, P01344, P11473, P06400	79	1142	19104	2.329291272251657	1.0	0.05994321357861685	0.04378707528829808
GOTERM_CC_FAT	GO:0005694~chromosome	17	21.518987341772153	0.017512460387003485	O96017, P35869, P27695, O15392, O75469, P04637, P11802, P11473, P37231, P42224, Q07869, Q04206, P01106, Q16236, Q16665, O14746, P06400	73	2138	16775	1.8271781334495176	0.9964952554649045	0.1514591168605707	0.13489327595394576
GOTERM_BP_FAT	GO:1903557~positive regulation of tumor necrosis factor superfamily cytokine production	4	5.063291139240507	0.017516908594080456	P01583, P01579, P08575, P05231	79	134	19104	7.218590591347063	1.0	0.05996111915687487	0.043800154882408196
GOTERM_BP_FAT	GO:0006720~isoprenoid metabolic process	4	5.063291139240507	0.017516908594080456	P11712, P33261, P08684, P05177	79	134	19104	7.218590591347063	1.0	0.05996111915687487	0.043800154882408196
GOTERM_MF_FAT	GO:0043177~organic acid binding	5	6.329113924050633	0.017704051782100216	P37231, P29474, P09211, P35228, P11473	79	221	17305	4.9558966722034485	0.9999586067755811	0.09532841930865028	0.08081825282981148
GOTERM_MF_FAT	GO:0030554~adenyl nucleotide binding	15	18.9873417721519	0.01771590093346598	O96017, P35968, Q9UNQ0, P29474, O15111, P04626, P28482, P31749, P11802, P35228, P08581, Q96P20, P00533, O14920	79	1687	17305	1.9476938314587353	0.9999588879307677	0.09532841930865028	0.08081825282981148
GOTERM_BP_FAT	GO:0032660~regulation of interleukin-17 production	3	3.79746835443038	0.01776298331433059	P01579, P05231, P60568	79	50	19104	14.509367088607593	1.0	0.06053102647347602	0.044216458465242275
GOTERM_BP_FAT	GO:0010634~positive regulation of epithelial cell migration	3	3.79746835443038	0.01776298331433059	P14780, P01579, Q16665	79	50	19104	14.509367088607593	1.0	0.06053102647347602	0.044216458465242275
GOTERM_BP_FAT	GO:0042908~xenobiotic transport	3	3.79746835443038	0.01776298331433059	Q9UNQ0, O75469, P00533	79	50	19104	14.509367088607593	1.0	0.06053102647347602	0.044216458465242275
GOTERM_BP_FAT	GO:0032743~positive regulation of interleukin-2 production	3	3.79746835443038	0.01776298331433059	P01583, P08575, P01584	79	50	19104	14.509367088607593	1.0	0.06053102647347602	0.044216458465242275
GOTERM_BP_FAT	GO:1902041~regulation of extrinsic apoptotic signaling pathway via death domain receptors	3	3.79746835443038	0.01776298331433059	P29474, P05362, P09601	79	50	19104	14.509367088607593	1.0	0.06053102647347602	0.044216458465242275
GOTERM_BP_FAT	GO:1902652~secondary alcohol metabolic process	4	5.063291139240507	0.017863410261341323	P11712, P08684, P05177, P05112	79	135	19104	7.165119549929676	1.0	0.06081875490052019	0.044426637158465704
GOTERM_MF_FAT	GO:0051879~Hsp90 protein binding	3	3.79746835443038	0.018262748237791043	P35869, P35968, Q16665	79	46	17305	14.28591084204733	0.9999699857268232	0.09734389390898056	0.08252694722548971
GOTERM_BP_FAT	GO:0051129~negative regulation of cellular component organization	9	11.39240506329114	0.018278721313513945	P37231, O15392, P04637, P31749, P02778, O14920, P08246, P01584, P01375	79	818	19104	2.6606418866639845	1.0	0.06217708153425182	0.04541886208313215
GOTERM_BP_FAT	GO:0099536~synaptic signaling	7	8.860759493670885	0.018376932591294626	P08581, Q04206, P28482, P31749, P36544	79	513	19104	3.299726108520246	1.0	0.062455294588644746	0.045622090025573256
GOTERM_BP_FAT	GO:0014037~Schwann cell differentiation	3	3.79746835443038	0.01843966807441627	P04626, P28482, P31749	79	51	19104	14.22486969471333	1.0	0.06261255150625454	0.04573696242029321
GOTERM_BP_FAT	GO:0003014~renal system process	4	5.063291139240507	0.018567876310648056	Q9UNQ0, P10415, P36544	79	137	19104	7.060519264529243	1.0	0.0629355023256636	0.04597287022369011
GOTERM_BP_FAT	GO:0031644~regulation of nervous system process	4	5.063291139240507	0.018567876310648056	P29474, P36544, P01375	79	137	19104	7.060519264529243	1.0	0.0629355023256636	0.04597287022369011
GOTERM_BP_FAT	GO:0045732~positive regulation of protein catabolic process	5	6.329113924050633	0.01870670164339603	P31749, P01579, Q16236, P01584, P01375	79	248	19104	4.875459371171908	1.0	0.06334958713253348	0.046275349212247706
GOTERM_BP_FAT	GO:0007423~sensory organ development	8	10.126582278481013	0.019066857991993754	Q9NRD8, P35968, P10415, P28482, Q07812, P01106, Q16665, P00533	79	667	19104	2.9004232061184596	1.0	0.0645117979924842	0.04712431628270342
GOTERM_MF_FAT	GO:0003690~double-stranded DNA binding	15	18.9873417721519	0.019086127065580813	P35869, P27695, O75469, P04637, P11473, P37231, P42224, Q07869, Q04206, P01106, P00533, Q16236, Q16665, P06400, P01375	79	1703	17305	1.9293948876517244	0.9999813170538606	0.10078188590703886	0.08544163424685243
GOTERM_BP_FAT	GO:0048546~digestive tract morphogenesis	3	3.79746835443038	0.019127133336256187	P10415, Q16665, P00533	79	52	19104	13.951314508276534	1.0	0.06465821162469536	0.04723126791832861
GOTERM_CC_FAT	GO:0044853~plasma membrane raft	4	5.063291139240507	0.019148577051530533	P29474, P28482, P36544	73	132	16775	6.963470319634703	0.9979439556999634	0.16125117517078344	0.143614327886479
GOTERM_BP_FAT	GO:0033036~macromolecule localization	18	22.78481012658228	0.01943076486384901	O15392, Q9UNQ0, P29474, P04626, P04637, P31749, P38936, P35354, P35228, P37231, Q07812, P00533, Q16665, O14920, O14746, P25963, P06400, P01375	79	2461	19104	1.7687160205535468	1.0	0.06562628665827511	0.04793842343851914
GOTERM_BP_FAT	GO:0034101~erythrocyte homeostasis	4	5.063291139240507	0.019653271817892507	P17706, P42574, P09601, P06400	79	140	19104	6.909222423146473	1.0	0.06631889327723621	0.04844435590958774
GOTERM_BP_FAT	GO:1903426~regulation of reactive oxygen species biosynthetic process	3	3.79746835443038	0.01982528218264184	P09917, Q07869, Q16665	79	53	19104	13.68808215906377	1.0	0.06660384111359267	0.048652503448214694
GOTERM_BP_FAT	GO:0030225~macrophage differentiation	3	3.79746835443038	0.01982528218264184	P14780, P01579, Q14790	79	53	19104	13.68808215906377	1.0	0.06660384111359267	0.048652503448214694
GOTERM_BP_FAT	GO:1905562~regulation of vascular endothelial cell proliferation	3	3.79746835443038	0.01982528218264184	P37231, P01344, P13500	79	53	19104	13.68808215906377	1.0	0.06660384111359267	0.048652503448214694
GOTERM_BP_FAT	GO:0071470~cellular response to osmotic stress	3	3.79746835443038	0.01982528218264184	Q96P20, P35354, P42574	79	53	19104	13.68808215906377	1.0	0.06660384111359267	0.048652503448214694
GOTERM_BP_FAT	GO:0071902~positive regulation of protein serine/threonine kinase activity	3	3.79746835443038	0.01982528218264184	P04626, P08246, P01375	79	53	19104	13.68808215906377	1.0	0.06660384111359267	0.048652503448214694
GOTERM_BP_FAT	GO:0002248~connective tissue replacement involved in inflammatory response wound healing	2	2.5316455696202533	0.02025065303381951	P01583, Q16665	79	5	19104	96.72911392405064	1.0	0.0676741946288362	0.04943437093844516
GOTERM_BP_FAT	GO:1904999~positive regulation of leukocyte adhesion to arterial endothelial cell	2	2.5316455696202533	0.02025065303381951	P09917, P01375	79	5	19104	96.72911392405064	1.0	0.0676741946288362	0.04943437093844516
GOTERM_BP_FAT	GO:1904880~response to hydrogen sulfide	2	2.5316455696202533	0.02025065303381951	P35968, P01375	79	5	19104	96.72911392405064	1.0	0.0676741946288362	0.04943437093844516
GOTERM_BP_FAT	GO:0060084~synaptic transmission involved in micturition	2	2.5316455696202533	0.02025065303381951	P36544	79	5	19104	96.72911392405064	1.0	0.0676741946288362	0.04943437093844516
GOTERM_BP_FAT	GO:0032310~prostaglandin secretion	2	2.5316455696202533	0.02025065303381951	P35354, P35228	79	5	19104	96.72911392405064	1.0	0.0676741946288362	0.04943437093844516
GOTERM_BP_FAT	GO:0050893~sensory processing	2	2.5316455696202533	0.02025065303381951	P36544	79	5	19104	96.72911392405064	1.0	0.0676741946288362	0.04943437093844516
GOTERM_BP_FAT	GO:0061844~antimicrobial humoral immune response mediated by antimicrobial peptide	4	5.063291139240507	0.020396025152019298	P02778, P13500, P08246, P10145	79	142	19104	6.811909431271171	1.0	0.0681001612406755	0.049745529299657254
GOTERM_BP_FAT	GO:0009299~mRNA transcription	3	3.79746835443038	0.020534018288542538	P37231, P04637, P11473	79	54	19104	13.434599156118143	1.0	0.06850076451870814	0.05003816035576418
GOTERM_BP_FAT	GO:0032649~regulation of type II interferon production	4	5.063291139240507	0.02077315386218812	P60568, P01584, P22301, P01375	79	143	19104	6.764273700982562	1.0	0.06923777750911606	0.05057653061275951
GOTERM_BP_FAT	GO:0002920~regulation of humoral immune response	3	3.79746835443038	0.021253245919999924	P08575, P01584, P01375	79	55	19104	13.190333716915996	1.0	0.07071399320538908	0.051654870661207164
GOTERM_BP_FAT	GO:2000648~positive regulation of stem cell proliferation	3	3.79746835443038	0.021253245919999924	P35968, P08575, O14746	79	55	19104	13.190333716915996	1.0	0.07071399320538908	0.051654870661207164
GOTERM_CC_FAT	GO:0031021~interphase microtubule organizing center	2	2.5316455696202533	0.021279589800080292	O15392, Q96P20	73	5	16775	91.91780821917807	0.998974899475118	0.17460176246219725	0.15550469469289444
GOTERM_BP_FAT	GO:0016125~sterol metabolic process	4	5.063291139240507	0.021538921695833376	P11712, P08684, P05177, P05112	79	145	19104	6.6709733740724575	1.0	0.07141457646839959	0.0521666298788362
GOTERM_BP_FAT	GO:0050830~defense response to Gram-positive bacterium	4	5.063291139240507	0.021538921695833376	Q96P20, P05231, P01584, P01375	79	145	19104	6.6709733740724575	1.0	0.07141457646839959	0.0521666298788362
GOTERM_BP_FAT	GO:0000018~regulation of DNA recombination	4	5.063291139240507	0.021538921695833376	P08575, P05112, P60568, P22301	79	145	19104	6.6709733740724575	1.0	0.07141457646839959	0.0521666298788362
GOTERM_BP_FAT	GO:0050792~regulation of viral process	4	5.063291139240507	0.021538921695833376	P42224, P10415, P01375, P10145	79	145	19104	6.6709733740724575	1.0	0.07141457646839959	0.0521666298788362
GOTERM_BP_FAT	GO:0030001~metal ion transport	8	10.126582278481013	0.021700636104277575	P31645, P29474, P10415, Q07812, P36544, P08575, P11473	79	685	19104	2.8242077058116974	1.0	0.07188808284370002	0.052512514893452183
GOTERM_BP_FAT	GO:0042177~negative regulation of protein catabolic process	4	5.063291139240507	0.02192756268496015	Q04206, P00533, P35228, P22301	79	146	19104	6.625281775619906	1.0	0.07257018607575247	0.05301077489309502
GOTERM_BP_FAT	GO:0000086~G2/M transition of mitotic cell cycle	3	3.79746835443038	0.02198286993406964	O96017, O15392, P11802	79	56	19104	12.954792043399639	1.0	0.07257018607575247	0.05301077489309502
GOTERM_BP_FAT	GO:0042149~cellular response to glucose starvation	3	3.79746835443038	0.02198286993406964	P10415, P04637, Q16236	79	56	19104	12.954792043399639	1.0	0.07257018607575247	0.05301077489309502
GOTERM_BP_FAT	GO:0001885~endothelial cell development	3	3.79746835443038	0.02198286993406964	P08581, P05362	79	56	19104	12.954792043399639	1.0	0.07257018607575247	0.05301077489309502
GOTERM_CC_FAT	GO:0005741~mitochondrial outer membrane	5	6.329113924050633	0.022207058289982737	P10415, Q07812, Q14790, P09601, Q9HC97	73	249	16775	4.614347802167574	0.9992431543101917	0.1776564663198619	0.158225290316127
GOTERM_BP_FAT	GO:0044089~positive regulation of cellular component biogenesis	7	8.860759493670885	0.02243403776701788	P35968, P04637, Q07812, P03956, P01579, P08254, P01375	79	537	19104	3.152252315960682	1.0	0.07399535613874154	0.054051827334584274
KEGG_PATHWAY	hsa05020:Prion disease	7	8.860759493670885	0.022442909558062586	P01583, P28482, Q07812, P05231, P42574, P01584, P01375	76	275	9375	3.139952153110048	0.9940827297814627	0.03949256178046672	0.022442909558062586
GOTERM_CC_FAT	GO:0030141~secretory granule	10	12.658227848101266	0.02277752043638538	P00749, P14780, P09917, P28482, P08575, P05164, P09211, P01344, P08246, P01584	73	972	16775	2.3641411579006704	0.9993720810486942	0.1777757692595932	0.1583315444968252
GOTERM_MF_FAT	GO:0031072~heat shock protein binding	4	5.063291139240507	0.023100828209876804	P35869, P35968, Q07812, Q16665	79	135	17305	6.490389123300516	0.9999981587875745	0.12004414436187671	0.10177193831741406
GOTERM_BP_FAT	GO:0045727~positive regulation of translation	4	5.063291139240507	0.02311652058258269	P04626, P01106, P05231, P01375	79	149	19104	6.491886840540311	1.0	0.07618035335837259	0.05564791523259507
GOTERM_MF_FAT	GO:0042277~peptide binding	5	6.329113924050633	0.023158958823795685	P37231, Q04206, P36544, P25963	79	240	17305	4.563554852320675	0.9999982196627298	0.12004414436187671	0.10177193831741406
GOTERM_BP_FAT	GO:0033044~regulation of chromosome organization	5	6.329113924050633	0.023201583161360697	O15392, P04637, P28482, P01106, P06400	79	265	19104	4.562694053021256	1.0	0.07639447685078332	0.055804327292000015
GOTERM_BP_FAT	GO:2000107~negative regulation of leukocyte apoptotic process	3	3.79746835443038	0.023472929439610293	P10415, Q16665, P60568	79	58	19104	12.508075076385857	1.0	0.07708769486946282	0.05631070637585267
GOTERM_BP_FAT	GO:0002686~negative regulation of leukocyte migration	3	3.79746835443038	0.023472929439610293	P31749, P09601, P13500	79	58	19104	12.508075076385857	1.0	0.07708769486946282	0.05631070637585267
GOTERM_BP_FAT	GO:0098926~postsynaptic signal transduction	3	3.79746835443038	0.023472929439610293	Q04206, P36544	79	58	19104	12.508075076385857	1.0	0.07708769486946282	0.05631070637585267
GOTERM_BP_FAT	GO:0009057~macromolecule catabolic process	11	13.924050632911392	0.02352960218022459	O96017, P27695, Q04206, P31749, Q14790, P08253, P00533, P08254, Q16236, P42574, P08246	79	1198	19104	2.220409543331713	1.0	0.07720714158015023	0.05639795932412761
GOTERM_MF_FAT	GO:0042826~histone deacetylase binding	4	5.063291139240507	0.023546976057158622	P24385, Q04206, P04637, Q16665	79	136	17305	6.442665673864481	0.9999985776207452	0.12094583156631475	0.10253637755799072
GOTERM_MF_FAT	GO:0008009~chemokine activity	3	3.79746835443038	0.023828607142131725	P02778, P13500, P10145	79	53	17305	12.39909242894674	0.999998791537673	0.12128975707481464	0.10282795334307293
KEGG_PATHWAY	hsa05415:Diabetic cardiomyopathy	6	7.59493670886076	0.02390554710754791	P14780, P29474, Q07869, Q04206, P31749, P08253	76	205	9375	3.6103979460847238	0.9957815111808983	0.041742763026256735	0.02390554710754791
GOTERM_MF_FAT	GO:0003677~DNA binding	20	25.31645569620253	0.024214016493861044	P35869, P27695, O75469, P10415, P04637, P28482, P11473, P37231, P42224, P08581, Q96P20, Q07869, Q04206, P01106, P00533, Q16236, Q16665, O14746, P06400, P01375	79	2650	17305	1.6532123238595653	0.9999990332033295	0.12215106534849543	0.10355815982642358
GOTERM_BP_FAT	GO:0010665~regulation of cardiac muscle cell apoptotic process	3	3.79746835443038	0.02423317755115672	P04637, Q16236, Q9HC97	79	59	19104	12.296073803904742	1.0	0.07849370365043078	0.05733776196184504
GOTERM_BP_FAT	GO:0034605~cellular response to heat	3	3.79746835443038	0.02423317755115672	P01583, P02778, P09601	79	59	19104	12.296073803904742	1.0	0.07849370365043078	0.05733776196184504
GOTERM_BP_FAT	GO:0051926~negative regulation of calcium ion transport	3	3.79746835443038	0.02423317755115672	P29474, P10415, Q9HC97	79	59	19104	12.296073803904742	1.0	0.07849370365043078	0.05733776196184504
GOTERM_BP_FAT	GO:0048678~response to axon injury	3	3.79746835443038	0.02423317755115672	P10415, Q07812, P08253	79	59	19104	12.296073803904742	1.0	0.07849370365043078	0.05733776196184504
GOTERM_BP_FAT	GO:0002925~positive regulation of humoral immune response mediated by circulating immunoglobulin	2	2.5316455696202533	0.024251933155208037	P08575, P01375	79	6	19104	80.60759493670886	1.0	0.07849370365043078	0.05733776196184504
GOTERM_BP_FAT	GO:0033092~positive regulation of immature T cell proliferation in thymus	2	2.5316455696202533	0.024251933155208037	P01583, P01584	79	6	19104	80.60759493670886	1.0	0.07849370365043078	0.05733776196184504
GOTERM_BP_FAT	GO:0002326~B cell lineage commitment	2	2.5316455696202533	0.024251933155208037	P10415, P04637	79	6	19104	80.60759493670886	1.0	0.07849370365043078	0.05733776196184504
GOTERM_BP_FAT	GO:1900098~regulation of plasma cell differentiation	2	2.5316455696202533	0.024251933155208037	P60568, P22301	79	6	19104	80.60759493670886	1.0	0.07849370365043078	0.05733776196184504
GOTERM_BP_FAT	GO:0022614~membrane to membrane docking	2	2.5316455696202533	0.024251933155208037	P19320, P05362	79	6	19104	80.60759493670886	1.0	0.07849370365043078	0.05733776196184504
GOTERM_BP_FAT	GO:0038183~bile acid signaling pathway	2	2.5316455696202533	0.024251933155208037	Q8TDU6, P11473	79	6	19104	80.60759493670886	1.0	0.07849370365043078	0.05733776196184504
GOTERM_BP_FAT	GO:1902214~regulation of interleukin-4-mediated signaling pathway	2	2.5316455696202533	0.024251933155208037	P17706, P08575	79	6	19104	80.60759493670886	1.0	0.07849370365043078	0.05733776196184504
GOTERM_BP_FAT	GO:0033091~positive regulation of immature T cell proliferation	2	2.5316455696202533	0.024251933155208037	P01583, P01584	79	6	19104	80.60759493670886	1.0	0.07849370365043078	0.05733776196184504
GOTERM_BP_FAT	GO:1903412~response to bile acid	2	2.5316455696202533	0.024251933155208037	Q8TDU6, P11473	79	6	19104	80.60759493670886	1.0	0.07849370365043078	0.05733776196184504
GOTERM_BP_FAT	GO:0072347~response to anesthetic	2	2.5316455696202533	0.024251933155208037	Q14790, P42574	79	6	19104	80.60759493670886	1.0	0.07849370365043078	0.05733776196184504
GOTERM_BP_FAT	GO:0060556~regulation of vitamin D biosynthetic process	2	2.5316455696202533	0.024251933155208037	P01579, P01375	79	6	19104	80.60759493670886	1.0	0.07849370365043078	0.05733776196184504
GOTERM_BP_FAT	GO:1990418~response to insulin-like growth factor stimulus	2	2.5316455696202533	0.024251933155208037	P31749, P42574	79	6	19104	80.60759493670886	1.0	0.07849370365043078	0.05733776196184504
GOTERM_MF_FAT	GO:0140296~general transcription initiation factor binding	3	3.79746835443038	0.02467385631686314	P35869, Q04206, P04637	79	54	17305	12.169479606188467	0.9999992592458375	0.1233692815843157	0.10459094845820747
GOTERM_BP_FAT	GO:0046328~regulation of JNK cascade	4	5.063291139240507	0.024755546845119554	P04626, P09211, P01584, P01375	79	153	19104	6.322164308761479	1.0	0.08005556518026333	0.05847866423107323
GOTERM_BP_FAT	GO:2001238~positive regulation of extrinsic apoptotic signaling pathway	3	3.79746835443038	0.0250034472732807	P08575, P29965, P01375	79	60	19104	12.09113924050633	1.0	0.0806514927737799	0.0589139750001474
GOTERM_BP_FAT	GO:0046902~regulation of mitochondrial membrane permeability	3	3.79746835443038	0.0250034472732807	P10415, P04637, Q07812	79	60	19104	12.09113924050633	1.0	0.0806514927737799	0.0589139750001474
GOTERM_BP_FAT	GO:0038093~Fc receptor signaling pathway	3	3.79746835443038	0.0250034472732807	P01579, O14920, P35228	79	60	19104	12.09113924050633	1.0	0.0806514927737799	0.0589139750001474
GOTERM_MF_FAT	GO:0043169~cation binding	31	39.24050632911392	0.025038308088658853	Q9NRD8, P01583, P27695, O75469, P29474, P04637, P36544, P35354, P14780, Q07869, P33261, P08684, P05177, O14746, P31645, O96017, P35968, O15392, P09917, P11712, P03956, P38936, P35228, P11473, P37231, P23219, P05164, P08253, P08254, P09601	79	4791	17305	1.4173595533820005	0.9999994002548329	0.12409336903589693	0.10520482082866309
GOTERM_BP_FAT	GO:0009755~hormone-mediated signaling pathway	4	5.063291139240507	0.025598086418808865	P37231, Q07869, Q04206, P11473	79	155	19104	6.240587995100041	1.0	0.0824297397550636	0.06021294163543694
GOTERM_BP_FAT	GO:0043086~negative regulation of catalytic activity	4	5.063291139240507	0.025598086418808865	P04637, P08575, P08253, P06400	79	155	19104	6.240587995100041	1.0	0.0824297397550636	0.06021294163543694
KEGG_PATHWAY	hsa04371:Apelin signaling pathway	5	6.329113924050633	0.0256028371580147	P24385, P29474, P28482, P31749, P35228	76	140	9375	4.4055451127819545	0.9971533214420032	0.04436522164022395	0.0256028371580147
GOTERM_BP_FAT	GO:0060135~maternal process involved in female pregnancy	3	3.79746835443038	0.025783646353610936	P31749, P35354, P11473	79	61	19104	11.89292384312098	1.0	0.08288690370480337	0.060546888901378854
GOTERM_BP_FAT	GO:0044839~cell cycle G2/M phase transition	3	3.79746835443038	0.025783646353610936	O96017, O15392, P11802	79	61	19104	11.89292384312098	1.0	0.08288690370480337	0.060546888901378854
GOTERM_CC_FAT	GO:0005789~endoplasmic reticulum membrane	12	15.18987341772152	0.025961711293344826	P10415, P11712, P23219, P33261, Q07812, P08684, P36544, P00533, P35354, P05177, P09601	73	1332	16775	2.070220905837344	0.9997790320531939	0.19780351461596057	0.17616875520483988
GOTERM_MF_FAT	GO:0051087~protein-folding chaperone binding	4	5.063291139240507	0.026322129699302	O15392, P04637, Q07812, O14746	79	142	17305	6.170440363701194	0.9999997151316399	0.1285895828554292	0.10901665519955857
GOTERM_MF_FAT	GO:0140693~molecular condensate scaffold activity	3	3.79746835443038	0.026400693117220864	Q96P20, P04637, Q16236	79	56	17305	11.73485533453888	0.9999997278272358	0.1285895828554292	0.10901665519955857
GOTERM_BP_FAT	GO:0042770~signal transduction in response to DNA damage	4	5.063291139240507	0.026455965792667846	O96017, P24385, P04637, P38936	79	157	19104	6.161090058856728	1.0	0.0849763833695235	0.06207320352367506
GOTERM_CC_FAT	GO:0098827~endoplasmic reticulum subcompartment	12	15.18987341772152	0.026727377503340387	P10415, P11712, P23219, P33261, Q07812, P08684, P36544, P00533, P35354, P05177, P09601	73	1338	16775	2.0609374040174457	0.9998281924346818	0.19890141397834707	0.17714657182446536
GOTERM_MF_FAT	GO:0051434~BH3 domain binding	2	2.5316455696202533	0.026745107228855064	P10415, Q07812	79	6	17305	73.0168776371308	0.9999997771428533	0.12915372294276162	0.10949492617625277
GOTERM_MF_FAT	GO:0016248~channel inhibitor activity	3	3.79746835443038	0.027282034149110547	P10415, P36544	79	57	17305	11.528980679546969	0.9999998368378008	0.12954443943662095	0.10982617077901138
GOTERM_MF_FAT	GO:0016922~nuclear receptor binding	4	5.063291139240507	0.027284581049482996	P37231, O75469, Q16665, P11473	79	144	17305	6.084739803094233	0.9999998370789981	0.12954443943662095	0.10982617077901138
GOTERM_BP_FAT	GO:1903169~regulation of calcium ion transmembrane transport	4	5.063291139240507	0.02732917267625664	P10415, Q07812, P02778, Q9HC97	79	159	19104	6.083592070695008	1.0	0.08740662701470002	0.06384843803492944
GOTERM_BP_FAT	GO:0043030~regulation of macrophage activation	3	3.79746835443038	0.02737346641454318	P08575, P05231, P22301	79	63	19104	11.515370705244123	1.0	0.08740662701470002	0.06384843803492944
GOTERM_BP_FAT	GO:0006110~regulation of glycolytic process	3	3.79746835443038	0.02737346641454318	Q07869, P01579, Q16665	79	63	19104	11.515370705244123	1.0	0.08740662701470002	0.06384843803492944
GOTERM_BP_FAT	GO:0010662~regulation of striated muscle cell apoptotic process	3	3.79746835443038	0.02737346641454318	P04637, Q16236, Q9HC97	79	63	19104	11.515370705244123	1.0	0.08740662701470002	0.06384843803492944
GOTERM_BP_FAT	GO:0071622~regulation of granulocyte chemotaxis	3	3.79746835443038	0.02737346641454318	P28482, P13500, P10145	79	63	19104	11.515370705244123	1.0	0.08740662701470002	0.06384843803492944
GOTERM_BP_FAT	GO:0030811~regulation of nucleotide catabolic process	3	3.79746835443038	0.02737346641454318	Q07869, P01579, Q16665	79	63	19104	11.515370705244123	1.0	0.08740662701470002	0.06384843803492944
GOTERM_BP_FAT	GO:0033121~regulation of purine nucleotide catabolic process	3	3.79746835443038	0.02737346641454318	Q07869, P01579, Q16665	79	63	19104	11.515370705244123	1.0	0.08740662701470002	0.06384843803492944
KEGG_PATHWAY	hsa05322:Systemic lupus erythematosus	5	6.329113924050633	0.02740372957754845	P01579, P08246, P29965, P22301, P01375	76	143	9375	4.313121089436878	0.9981260087056525	0.047126110712905296	0.02740372957754845
GOTERM_MF_FAT	GO:0043168~anion binding	20	25.31645569620253	0.027679017759524874	O96017, P35968, Q9UNQ0, P29474, O15111, P04626, P28482, P31749, P11802, P35228, P11473, P37231, P08581, Q96P20, Q04206, P09488, P00533, P09211, O14920	79	2688	17305	1.6298410186859553	0.9999998704442727	0.13032204195109628	0.11048541255677012
KEGG_PATHWAY	hsa00983:Drug metabolism - other enzymes	4	5.063291139240507	0.027751566398227435	P08684, P09488, P05164, P09211	76	82	9375	6.017329910141206	0.9982715414067647	0.047365455431561114	0.027751566398227435
GOTERM_BP_FAT	GO:0043405~regulation of MAP kinase activity	3	3.79746835443038	0.02818290572106471	P04626, P08246, P01375	79	64	19104	11.335443037974684	1.0	0.0894880151528297	0.06536884199173308
GOTERM_BP_FAT	GO:0002762~negative regulation of myeloid leukocyte differentiation	3	3.79746835443038	0.02818290572106471	P17706, P01106, P05112	79	64	19104	11.335443037974684	1.0	0.0894880151528297	0.06536884199173308
GOTERM_BP_FAT	GO:0045058~T cell selection	3	3.79746835443038	0.02818290572106471	P10415, P08575, P05231	79	64	19104	11.335443037974684	1.0	0.0894880151528297	0.06536884199173308
GOTERM_BP_FAT	GO:1902339~positive regulation of apoptotic process involved in morphogenesis	2	2.5316455696202533	0.028237080773966774	Q07812, P11473	79	7	19104	69.09222423146474	1.0	0.0894880151528297	0.06536884199173308
GOTERM_BP_FAT	GO:1903944~negative regulation of hepatocyte apoptotic process	2	2.5316455696202533	0.028237080773966774	Q07869, P06400	79	7	19104	69.09222423146474	1.0	0.0894880151528297	0.06536884199173308
GOTERM_BP_FAT	GO:0031649~heat generation	2	2.5316455696202533	0.028237080773966774	P01583, P01584	79	7	19104	69.09222423146474	1.0	0.0894880151528297	0.06536884199173308
GOTERM_BP_FAT	GO:0006527~L-arginine catabolic process	2	2.5316455696202533	0.028237080773966774	P29474, P35228	79	7	19104	69.09222423146474	1.0	0.0894880151528297	0.06536884199173308
GOTERM_BP_FAT	GO:1903347~negative regulation of bicellular tight junction assembly	2	2.5316455696202533	0.028237080773966774	O14920, P01375	79	7	19104	69.09222423146474	1.0	0.0894880151528297	0.06536884199173308
GOTERM_BP_FAT	GO:1904997~regulation of leukocyte adhesion to arterial endothelial cell	2	2.5316455696202533	0.028237080773966774	P09917, P01375	79	7	19104	69.09222423146474	1.0	0.0894880151528297	0.06536884199173308
GOTERM_CC_FAT	GO:0030312~external encapsulating structure	7	8.860759493670885	0.02847415834441986	P14780, P03956, P31749, P05362, P08253, P08254, P08246	73	541	16775	2.9733117261286806	0.9999033071836627	0.20708478795941715	0.18443488927635593
GOTERM_BP_FAT	GO:0050804~modulation of chemical synaptic transmission	7	8.860759493670885	0.02894742276098553	P31645, P28482, P36544, P13500, P01584, P01375	79	570	19104	2.969753497668221	1.0	0.09166282161534385	0.06695748578685912
GOTERM_BP_FAT	GO:1901224~positive regulation of non-canonical NF-kappaB signal transduction	3	3.79746835443038	0.02900191102862282	Q96P20, P01584, P01375	79	65	19104	11.161051606621227	1.0	0.09175895810470265	0.06702771117929635
GOTERM_BP_FAT	GO:0099177~regulation of trans-synaptic signaling	7	8.860759493670885	0.02916237966455075	P31645, P28482, P36544, P13500, P01584, P01375	79	571	19104	2.964552528320291	1.0	0.09218996663697963	0.06734255254207978
GOTERM_CC_FAT	GO:0042175~nuclear outer membrane-endoplasmic reticulum membrane network	12	15.18987341772152	0.029261379449711567	P10415, P11712, P23219, P33261, Q07812, P08684, P36544, P00533, P35354, P05177, P09601	73	1357	16775	2.0320812428705546	0.9999254000324244	0.20808092053128224	0.18532206984817326
GOTERM_BP_FAT	GO:0060485~mesenchyme development	5	6.329113924050633	0.029267781030292952	P42224, P29474, P10415, P28482, Q16665	79	285	19104	4.242504996668887	1.0	0.09244632164302666	0.06752981370610782
GOTERM_BP_FAT	GO:1904375~regulation of protein localization to cell periphery	4	5.063291139240507	0.029579139722061318	P31749, P01579, P00533, P01375	79	164	19104	5.898116702686014	1.0	0.09335225590290389	0.06819157688621273
GOTERM_BP_FAT	GO:0140888~interferon-mediated signaling pathway	3	3.79746835443038	0.029830392901768976	P42224, P04637, P01579	79	66	19104	10.991944764096662	1.0	0.09398921640880482	0.06865686121053373
GOTERM_BP_FAT	GO:0042698~ovulation cycle	3	3.79746835443038	0.029830392901768976	P29474, P08253, P42574	79	66	19104	10.991944764096662	1.0	0.09398921640880482	0.06865686121053373
GOTERM_MF_FAT	GO:0141110~transporter inhibitor activity	3	3.79746835443038	0.029996285808494994	P10415, P36544	79	60	17305	10.952531645569621	0.9999999663512125	0.14006530150247662	0.11874562729148018
GOTERM_BP_FAT	GO:0015718~monocarboxylic acid transport	4	5.063291139240507	0.030040590095742666	P37231, Q9UNQ0, P35354, P35228	79	165	19104	5.862370540851554	1.0	0.0945731491176402	0.06908341000494464
GOTERM_MF_FAT	GO:0008289~lipid binding	9	11.39240506329114	0.030302477598932676	P37231, Q96P20, Q07869, Q07812, P31749, P08684, P09211, P11473, P60568	79	816	17305	2.415999627699181	0.9999999718484975	0.1403352446180079	0.11897448172039961
GOTERM_BP_FAT	GO:0043627~response to estrogen	3	3.79746835443038	0.030668262455523343	P37231, P24385, P08253	79	67	19104	10.827885887020594	1.0	0.0964693152343716	0.07046851373154991
GOTERM_MF_FAT	GO:0030295~protein kinase activator activity	4	5.063291139240507	0.030800015645448642	P24385, P00533, P01344, P29965	79	151	17305	5.802665772487216	0.9999999789345798	0.14147974666405272	0.11994477637536505
GOTERM_BP_FAT	GO:0003018~vascular process in circulatory system	5	6.329113924050633	0.03091835684977988	P31645, Q9UNQ0, P29474, P08253, P01375	79	290	19104	4.169358358795286	1.0	0.09717562900802718	0.07098445894932934
GOTERM_BP_FAT	GO:0097746~blood vessel diameter maintenance	4	5.063291139240507	0.03144780092092032	P31645, P29474, P08253, P01375	79	168	19104	5.757685352622062	1.0	0.09864459707336132	0.07205750477775381
GOTERM_BP_FAT	GO:0035296~regulation of tube diameter	4	5.063291139240507	0.03144780092092032	P31645, P29474, P08253, P01375	79	168	19104	5.757685352622062	1.0	0.09864459707336132	0.07205750477775381
GOTERM_BP_FAT	GO:0060261~positive regulation of transcription initiation by RNA polymerase II	3	3.79746835443038	0.03151543135528109	P04637, P01106, P25963	79	68	19104	10.668652271034997	1.0	0.09864459707336132	0.07205750477775381
GOTERM_BP_FAT	GO:0072676~lymphocyte migration	3	3.79746835443038	0.03151543135528109	P02778, P05362, P13500	79	68	19104	10.668652271034997	1.0	0.09864459707336132	0.07205750477775381
GOTERM_BP_FAT	GO:0090303~positive regulation of wound healing	3	3.79746835443038	0.03151543135528109	Q9NRD8, P00749, Q16236	79	68	19104	10.668652271034997	1.0	0.09864459707336132	0.07205750477775381
GOTERM_BP_FAT	GO:0035150~regulation of tube size	4	5.063291139240507	0.031924479603524826	P31645, P29474, P08253, P01375	79	169	19104	5.723616208523707	1.0	0.09965828056946502	0.07279797618248063
GOTERM_BP_FAT	GO:0018193~peptidyl-amino acid modification	5	6.329113924050633	0.031934687147193656	P35968, P04626, P31749, O14920, P35228	79	293	19104	4.126668682766666	1.0	0.09965828056946502	0.07279797618248063
GOTERM_BP_FAT	GO:0072683~T cell extravasation	2	2.5316455696202533	0.03220616008936958	P05362, P13500	79	8	19104	60.45569620253164	1.0	0.09965828056946502	0.07279797618248063
GOTERM_BP_FAT	GO:0090400~stress-induced premature senescence	2	2.5316455696202533	0.03220616008936958	P04637, P38936	79	8	19104	60.45569620253164	1.0	0.09965828056946502	0.07279797618248063
GOTERM_BP_FAT	GO:0060331~negative regulation of response to type II interferon	2	2.5316455696202533	0.03220616008936958	P37231, P17706	79	8	19104	60.45569620253164	1.0	0.09965828056946502	0.07279797618248063
GOTERM_BP_FAT	GO:0061044~negative regulation of vascular wound healing	2	2.5316455696202533	0.03220616008936958	P09917, P01375	79	8	19104	60.45569620253164	1.0	0.09965828056946502	0.07279797618248063
GOTERM_BP_FAT	GO:0071316~cellular response to nicotine	2	2.5316455696202533	0.03220616008936958	Q04206, P01375	79	8	19104	60.45569620253164	1.0	0.09965828056946502	0.07279797618248063
GOTERM_BP_FAT	GO:0071224~cellular response to peptidoglycan	2	2.5316455696202533	0.03220616008936958	Q96P20, Q04206	79	8	19104	60.45569620253164	1.0	0.09965828056946502	0.07279797618248063
GOTERM_BP_FAT	GO:0031077~post-embryonic camera-type eye development	2	2.5316455696202533	0.03220616008936958	P35968, Q07812	79	8	19104	60.45569620253164	1.0	0.09965828056946502	0.07279797618248063
GOTERM_BP_FAT	GO:0070163~regulation of adiponectin secretion	2	2.5316455696202533	0.03220616008936958	P37231, P01584	79	8	19104	60.45569620253164	1.0	0.09965828056946502	0.07279797618248063
GOTERM_BP_FAT	GO:0051122~hepoxilin biosynthetic process	2	2.5316455696202533	0.03220616008936958	P09488, P09211	79	8	19104	60.45569620253164	1.0	0.09965828056946502	0.07279797618248063
GOTERM_BP_FAT	GO:0060336~negative regulation of type II interferon-mediated signaling pathway	2	2.5316455696202533	0.03220616008936958	P37231, P17706	79	8	19104	60.45569620253164	1.0	0.09965828056946502	0.07279797618248063
GOTERM_BP_FAT	GO:0048050~post-embryonic eye morphogenesis	2	2.5316455696202533	0.03220616008936958	P35968, Q07812	79	8	19104	60.45569620253164	1.0	0.09965828056946502	0.07279797618248063
GOTERM_BP_FAT	GO:1904747~positive regulation of apoptotic process involved in development	2	2.5316455696202533	0.03220616008936958	Q07812, P11473	79	8	19104	60.45569620253164	1.0	0.09965828056946502	0.07279797618248063
GOTERM_BP_FAT	GO:0030193~regulation of blood coagulation	3	3.79746835443038	0.03237181181979025	P00749, P29474, Q16236	79	69	19104	10.514034122179417	1.0	0.10000812376170783	0.07305352821720333
GOTERM_BP_FAT	GO:0045581~negative regulation of T cell differentiation	3	3.79746835443038	0.03237181181979025	P04626, P17706, P60568	79	69	19104	10.514034122179417	1.0	0.10000812376170783	0.07305352821720333
GOTERM_BP_FAT	GO:0046903~secretion	7	8.860759493670885	0.03251448698195207	P24385, Q07869, P05231, Q16665, P35354, P35228, P11473	79	586	19104	2.8886680779366656	1.0	0.10036736525354198	0.0733159454836549
GOTERM_BP_FAT	GO:0043588~skin development	5	6.329113924050633	0.03262309738050259	P10415, Q04206, P38936, P00533, P42574	79	295	19104	4.098691267968247	1.0	0.10062095647854936	0.07350118777212993
GOTERM_BP_FAT	GO:0098916~anterograde trans-synaptic signaling	6	7.59493670886076	0.033433028185699716	P08581, P28482, P31749, P36544	79	438	19104	3.3126408878099536	1.0	0.10295206978964859	0.075204009959412
GOTERM_BP_FAT	GO:0007268~chemical synaptic transmission	6	7.59493670886076	0.033433028185699716	P08581, P28482, P31749, P36544	79	438	19104	3.3126408878099536	1.0	0.10295206978964859	0.075204009959412
GOTERM_CC_FAT	GO:0008385~IkappaB kinase complex	2	2.5316455696202533	0.03383234893005952	O15111, O14920	73	8	16775	57.448630136986296	0.9999835260557017	0.23535547081780536	0.2096134661971079
GOTERM_BP_FAT	GO:1901888~regulation of cell junction assembly	5	6.329113924050633	0.034026030380499644	P35968, Q8TDU6, O14920, P01584, P01375	79	299	19104	4.043859277761314	1.0	0.10469336046686097	0.07647598090374436
GOTERM_BP_FAT	GO:0032653~regulation of interleukin-10 production	3	3.79746835443038	0.03411185902518957	P05231, P05112, P29965	79	71	19104	10.217864146906757	1.0	0.1047878835806106	0.07654502776411681
GOTERM_BP_FAT	GO:1900046~regulation of hemostasis	3	3.79746835443038	0.03411185902518957	P00749, P29474, Q16236	79	71	19104	10.217864146906757	1.0	0.1047878835806106	0.07654502776411681
GOTERM_MF_FAT	GO:0008233~peptidase activity	8	10.126582278481013	0.03457735594081694	P00749, P14780, P03956, Q14790, P08253, P08254, P42574, P08246	79	685	17305	2.5582555668483784	0.999999997680594	0.15670915773716187	0.13285608240017796
GOTERM_MF_FAT	GO:0000978~RNA polymerase II cis-regulatory region sequence-specific DNA binding	11	13.924050632911392	0.03467765857341132	P37231, P42224, P35869, O75469, Q07869, Q04206, P04637, P01106, Q16665, Q16236, P11473	79	1158	17305	2.080791849762795	0.9999999978128324	0.15670915773716187	0.13285608240017796
GOTERM_BP_FAT	GO:0030101~natural killer cell activation	3	3.79746835443038	0.03499535291270207	Q14790, P08575, P60568	79	72	19104	10.075949367088608	1.0	0.1074151147110621	0.078464156893855
GOTERM_MF_FAT	GO:0034618~arginine binding	2	2.5316455696202533	0.03550225166434818	P29474, P35228	79	8	17305	54.7626582278481	0.9999999986504523	0.15670915773716187	0.13285608240017796
GOTERM_MF_FAT	GO:0051400~BH domain binding	2	2.5316455696202533	0.03550225166434818	P10415, Q07812	79	8	17305	54.7626582278481	0.9999999986504523	0.15670915773716187	0.13285608240017796
GOTERM_MF_FAT	GO:0101020~estrogen 16-alpha-hydroxylase activity	2	2.5316455696202533	0.03550225166434818	P08684, P05177	79	8	17305	54.7626582278481	0.9999999986504523	0.15670915773716187	0.13285608240017796
GOTERM_BP_FAT	GO:0002275~myeloid cell activation involved in immune response	3	3.79746835443038	0.03588771265361399	P01579, P01584, P01375	79	73	19104	9.93792266342986	1.0	0.10983512053506009	0.08023191292305992
GOTERM_BP_FAT	GO:0060056~mammary gland involution	2	2.5316455696202533	0.03615923505387726	Q07812, P11473	79	9	19104	53.73839662447258	1.0	0.10983512053506009	0.08023191292305992
GOTERM_BP_FAT	GO:0038134~ERBB2-EGFR signaling pathway	2	2.5316455696202533	0.03615923505387726	P04626, P00533	79	9	19104	53.73839662447258	1.0	0.10983512053506009	0.08023191292305992
GOTERM_BP_FAT	GO:0038133~ERBB2-ERBB3 signaling pathway	2	2.5316455696202533	0.03615923505387726	P04626, P28482	79	9	19104	53.73839662447258	1.0	0.10983512053506009	0.08023191292305992
GOTERM_BP_FAT	GO:0038129~ERBB3 signaling pathway	2	2.5316455696202533	0.03615923505387726	P04626, P28482	79	9	19104	53.73839662447258	1.0	0.10983512053506009	0.08023191292305992
GOTERM_BP_FAT	GO:0048539~bone marrow development	2	2.5316455696202533	0.03615923505387726	P04637, P08575	79	9	19104	53.73839662447258	1.0	0.10983512053506009	0.08023191292305992
GOTERM_BP_FAT	GO:0033197~response to vitamin E	2	2.5316455696202533	0.03615923505387726	P37231, P24385	79	9	19104	53.73839662447258	1.0	0.10983512053506009	0.08023191292305992
GOTERM_BP_FAT	GO:0002676~regulation of chronic inflammatory response	2	2.5316455696202533	0.03615923505387726	P22301, P01375	79	9	19104	53.73839662447258	1.0	0.10983512053506009	0.08023191292305992
GOTERM_BP_FAT	GO:0048087~positive regulation of developmental pigmentation	2	2.5316455696202533	0.03615923505387726	P10415, Q07812	79	9	19104	53.73839662447258	1.0	0.10983512053506009	0.08023191292305992
GOTERM_BP_FAT	GO:1903943~regulation of hepatocyte apoptotic process	2	2.5316455696202533	0.03615923505387726	Q07869, P06400	79	9	19104	53.73839662447258	1.0	0.10983512053506009	0.08023191292305992
GOTERM_BP_FAT	GO:0031394~positive regulation of prostaglandin biosynthetic process	2	2.5316455696202533	0.03615923505387726	P35354, P01584	79	9	19104	53.73839662447258	1.0	0.10983512053506009	0.08023191292305992
GOTERM_BP_FAT	GO:0032873~negative regulation of stress-activated MAPK cascade	2	2.5316455696202533	0.03615923505387726	P01106, P09211	79	9	19104	53.73839662447258	1.0	0.10983512053506009	0.08023191292305992
GOTERM_BP_FAT	GO:0048012~hepatocyte growth factor receptor signaling pathway	2	2.5316455696202533	0.03615923505387726	P08581	79	9	19104	53.73839662447258	1.0	0.10983512053506009	0.08023191292305992
GOTERM_BP_FAT	GO:0031175~neuron projection development	8	10.126582278481013	0.036277977870141725	P10415, P04626, P36544, P08253, P05231, P42574, P06400	79	764	19104	2.5321757571741004	1.0	0.11010786100570549	0.08043114327474359
GOTERM_BP_FAT	GO:0019318~hexose metabolic process	4	5.063291139240507	0.036384990188201044	Q07869, P31749, P01344, P01375	79	178	19104	5.434219883373631	1.0	0.1103445914559239	0.0806040691729047
GOTERM_MF_FAT	GO:0043175~RNA polymerase core enzyme binding	3	3.79746835443038	0.036723915267720925	P35869, P04626, P04637	79	67	17305	9.808237294539959	0.9999999993405382	0.16084505524234358	0.13636244506386297
GOTERM_BP_FAT	GO:0070301~cellular response to hydrogen peroxide	3	3.79746835443038	0.03678885315715863	Q04206, P05231, Q16236	79	74	19104	9.803626411221348	1.0	0.11121463319290482	0.08123961372860626
GOTERM_BP_FAT	GO:2000401~regulation of lymphocyte migration	3	3.79746835443038	0.03678885315715863	P31749, P02778, P13500	79	74	19104	9.803626411221348	1.0	0.11121463319290482	0.08123961372860626
GOTERM_BP_FAT	GO:0002823~negative regulation of adaptive immune response based on somatic recombination of immune receptors built from immunoglobulin superfamily domains	3	3.79746835443038	0.03678885315715863	P35869, P08575, P60568	79	74	19104	9.803626411221348	1.0	0.11121463319290482	0.08123961372860626
GOTERM_BP_FAT	GO:0071300~cellular response to retinoic acid	3	3.79746835443038	0.03678885315715863	P31645, P37231, P01375	79	74	19104	9.803626411221348	1.0	0.11121463319290482	0.08123961372860626
GOTERM_BP_FAT	GO:0048592~eye morphogenesis	4	5.063291139240507	0.03689945174670233	P35968, P10415, Q07812, Q16665	79	179	19104	5.403861113075455	1.0	0.11146037727776724	0.08141912387000722
KEGG_PATHWAY	hsa04150:mTOR signaling pathway	5	6.329113924050633	0.03753157422884393	O15111, P28482, P31749, O14920, P01375	76	158	9375	3.903647568287808	0.999824067122221	0.06357960708916098	0.03753157422884393
GOTERM_CC_FAT	GO:0098590~plasma membrane region	12	15.18987341772152	0.03774425426736275	P31645, Q9NRD8, Q9UNQ0, P08581, P29474, P04626, P28482, P36544, P00533, P14410	73	1413	16775	1.9515458220632287	0.9999955025726366	0.2532081133110613	0.22551347591766394
GOTERM_CC_FAT	GO:0031264~death-inducing signaling complex	2	2.5316455696202533	0.03798121699665919	Q14790, P42574	73	9	16775	51.06544901065449	0.9999958434166771	0.2532081133110613	0.22551347591766394
KEGG_PATHWAY	hsa04520:Adherens junction	4	5.063291139240507	0.038226915279500326	P08581, P04626, P28482, P00533	76	93	9375	5.305602716468591	0.9998505789004799	0.06427785013664129	0.038226915279500326
GOTERM_BP_FAT	GO:0045620~negative regulation of lymphocyte differentiation	3	3.79746835443038	0.03861713877612506	P04626, P17706, P60568	79	76	19104	9.545636242504997	1.0	0.1163626271096132	0.08500009942427177
GOTERM_BP_FAT	GO:0045600~positive regulation of fat cell differentiation	3	3.79746835443038	0.03861713877612506	P37231, P31749, P35354	79	76	19104	9.545636242504997	1.0	0.1163626271096132	0.08500009942427177
GOTERM_BP_FAT	GO:0140374~antiviral innate immune response	3	3.79746835443038	0.03861713877612506	Q04206, P02778, P01375	79	76	19104	9.545636242504997	1.0	0.1163626271096132	0.08500009942427177
GOTERM_BP_FAT	GO:0060627~regulation of vesicle-mediated transport	7	8.860759493670885	0.038644753625937805	P37231, P28482, P01579, P08575, P42574, P13500, P05112	79	611	19104	2.7704738030620066	1.0	0.1163626271096132	0.08500009942427177
GOTERM_BP_FAT	GO:0007292~female gamete generation	4	5.063291139240507	0.03899475472420637	P29474, P10415, P31749, P08253	79	183	19104	5.2857439302759905	1.0	0.11723087131712001	0.08563433092794095
GOTERM_BP_FAT	GO:0048762~mesenchymal cell differentiation	4	5.063291139240507	0.03899475472420637	P42224, P10415, P28482, Q16665	79	183	19104	5.2857439302759905	1.0	0.11723087131712001	0.08563433092794095
GOTERM_MF_FAT	GO:0000987~cis-regulatory region sequence-specific DNA binding	11	13.924050632911392	0.03907025991304222	P37231, P42224, P35869, O75469, Q07869, Q04206, P04637, P01106, Q16665, Q16236, P11473	79	1182	17305	2.038542269056951	0.9999999998337454	0.16980536039129887	0.1439588807565171
GOTERM_BP_FAT	GO:0048639~positive regulation of developmental growth	4	5.063291139240507	0.0395279159483172	P10415, P28482, P31749, P01344	79	184	19104	5.257017061089709	1.0	0.11850770253782678	0.08656702541416848
GOTERM_BP_FAT	GO:0002820~negative regulation of adaptive immune response	3	3.79746835443038	0.03954411636089986	P35869, P08575, P60568	79	77	19104	9.421666940654283	1.0	0.11850770253782678	0.08656702541416848
GOTERM_BP_FAT	GO:0090559~regulation of membrane permeability	3	3.79746835443038	0.03954411636089986	P10415, P04637, Q07812	79	77	19104	9.421666940654283	1.0	0.11850770253782678	0.08656702541416848
GOTERM_BP_FAT	GO:2000144~positive regulation of DNA-templated transcription initiation	3	3.79746835443038	0.03954411636089986	P04637, P01106, P25963	79	77	19104	9.421666940654283	1.0	0.11850770253782678	0.08656702541416848
GOTERM_BP_FAT	GO:1903844~regulation of cellular response to transforming growth factor beta stimulus	4	5.063291139240507	0.04006479938040207	P37231, Q07869, P04637, P05112	79	185	19104	5.228600752651386	1.0	0.11931650445409832	0.08715783575426903
GOTERM_BP_FAT	GO:0060073~micturition	2	2.5316455696202533	0.04009636936427495	P36544	79	10	19104	48.36455696202532	1.0	0.11931650445409832	0.08715783575426903
GOTERM_BP_FAT	GO:1903799~negative regulation of miRNA processing	2	2.5316455696202533	0.04009636936427495	P04637, P05231	79	10	19104	48.36455696202532	1.0	0.11931650445409832	0.08715783575426903
GOTERM_BP_FAT	GO:0030656~regulation of vitamin metabolic process	2	2.5316455696202533	0.04009636936427495	P01579, P01375	79	10	19104	48.36455696202532	1.0	0.11931650445409832	0.08715783575426903
GOTERM_BP_FAT	GO:0009750~response to fructose	2	2.5316455696202533	0.04009636936427495	Q07869, P01375	79	10	19104	48.36455696202532	1.0	0.11931650445409832	0.08715783575426903
GOTERM_BP_FAT	GO:0001542~ovulation from ovarian follicle	2	2.5316455696202533	0.04009636936427495	P29474, P08253	79	10	19104	48.36455696202532	1.0	0.11931650445409832	0.08715783575426903
GOTERM_BP_FAT	GO:0032025~response to cobalt ion	2	2.5316455696202533	0.04009636936427495	Q14790, P42574	79	10	19104	48.36455696202532	1.0	0.11931650445409832	0.08715783575426903
GOTERM_BP_FAT	GO:0070303~negative regulation of stress-activated protein kinase signaling cascade	2	2.5316455696202533	0.04009636936427495	P01106, P09211	79	10	19104	48.36455696202532	1.0	0.11931650445409832	0.08715783575426903
GOTERM_BP_FAT	GO:0035357~peroxisome proliferator activated receptor signaling pathway	2	2.5316455696202533	0.04009636936427495	P37231, Q07869	79	10	19104	48.36455696202532	1.0	0.11931650445409832	0.08715783575426903
GOTERM_BP_FAT	GO:0050818~regulation of coagulation	3	3.79746835443038	0.04047953965315485	P00749, P29474, Q16236	79	78	19104	9.300876338851022	1.0	0.12026850726636555	0.08785325090348764
GOTERM_BP_FAT	GO:0002444~myeloid leukocyte mediated immunity	3	3.79746835443038	0.04047953965315485	P05164, P05231, P08246	79	78	19104	9.300876338851022	1.0	0.12026850726636555	0.08785325090348764
GOTERM_MF_FAT	GO:0000976~transcription cis-regulatory region binding	13	16.455696202531644	0.04073628010247615	P35869, O75469, P04637, P11473, P37231, P42224, Q07869, Q04206, P01106, Q16236, Q16665, P06400, P01375	79	1531	17305	1.859998842487329	0.9999999999376292	0.17510295400512024	0.14845011498841168
GOTERM_BP_FAT	GO:0001822~kidney development	5	6.329113924050633	0.040771928116897865	P11926, P42224, P10415, Q07812, P01106	79	317	19104	3.8142395080461604	1.0	0.12104265622838609	0.08841874809425627
GOTERM_MF_FAT	GO:0001067~transcription regulatory region nucleic acid binding	13	16.455696202531644	0.04090900872332013	P35869, O75469, P04637, P11473, P37231, P42224, Q07869, Q04206, P01106, Q16236, Q16665, P06400, P01375	79	1532	17305	1.8587847440261756	0.9999999999436631	0.17510295400512024	0.14845011498841168
GOTERM_CC_FAT	GO:0005925~focal adhesion	6	7.59493670886076	0.04122075279682108	P31645, P00749, P28482, P08575, P05362, P00533	73	442	16775	3.119382631872559	0.9999985875923926	0.2686464048861905	0.2392632043517634
GOTERM_BP_FAT	GO:0007265~Ras protein signal transduction	3	3.79746835443038	0.04142332619121644	P04637, P38936, P06400	79	79	19104	9.183143726966833	1.0	0.12268918185762938	0.08962149545108977
GOTERM_BP_FAT	GO:0046626~regulation of insulin receptor signaling pathway	3	3.79746835443038	0.04142332619121644	P17706, P01344, P01584	79	79	19104	9.183143726966833	1.0	0.12268918185762938	0.08962149545108977
GOTERM_BP_FAT	GO:0045911~positive regulation of DNA recombination	3	3.79746835443038	0.04142332619121644	P08575, P05112, P60568	79	79	19104	9.183143726966833	1.0	0.12268918185762938	0.08962149545108977
GOTERM_CC_FAT	GO:0097136~Bcl-2 family protein complex	2	2.5316455696202533	0.04211251559918413	P10415, Q07812	73	10	16775	45.958904109589035	0.9999989513280769	0.2686464048861905	0.2392632043517634
GOTERM_BP_FAT	GO:0007420~brain development	8	10.126582278481013	0.04223229696576328	P31645, Q9NRD8, P10415, P04637, Q07812, Q16665, P00533, P42574	79	790	19104	2.448838327191155	1.0	0.12494134986906803	0.09126664999638995
GOTERM_BP_FAT	GO:0001906~cell killing	4	5.063291139240507	0.04224942832806245	P02778, P05164, P08246, P10145	79	189	19104	5.117942535664055	1.0	0.12494134986906803	0.09126664999638995
GOTERM_BP_FAT	GO:0051881~regulation of mitochondrial membrane potential	3	3.79746835443038	0.04237539403800747	P35968, P10415, Q07812	79	80	19104	9.068354430379747	1.0	0.12502220599421443	0.09132571345041485
GOTERM_BP_FAT	GO:0032663~regulation of interleukin-2 production	3	3.79746835443038	0.04237539403800747	P01583, P08575, P01584	79	80	19104	9.068354430379747	1.0	0.12502220599421443	0.09132571345041485
GOTERM_BP_FAT	GO:0006879~intracellular iron ion homeostasis	3	3.79746835443038	0.04237539403800747	P01106, Q16665, P09601	79	80	19104	9.068354430379747	1.0	0.12502220599421443	0.09132571345041485
GOTERM_BP_FAT	GO:0099537~trans-synaptic signaling	6	7.59493670886076	0.04249393690686683	P08581, P28482, P31749, P36544	79	468	19104	3.100292112950341	1.0	0.12527476128435236	0.09151019901339229
GOTERM_BP_FAT	GO:0006066~alcohol metabolic process	5	6.329113924050633	0.04277182740338327	P29474, P11712, P08684, P05177, P05112	79	322	19104	3.7550121864926487	1.0	0.12599632812940867	0.09203728623284177
GOTERM_CC_FAT	GO:0030054~cell junction	18	22.78481012658228	0.04281552077873661	P31645, Q9NRD8, P35968, P24385, P04626, P28482, P31749, P11802, P36544, P00749, P08581, Q04206, P08575, P05362, P00533, P42574	73	2576	16775	1.6057070535182505	0.9999991708992125	0.2686464048861905	0.2392632043517634
GOTERM_BP_FAT	GO:1903036~positive regulation of response to wounding	3	3.79746835443038	0.04333566176097446	Q9NRD8, P00749, Q16236	79	81	19104	8.956399437412095	1.0	0.12734589930949777	0.09302311550927816
GOTERM_BP_FAT	GO:0042130~negative regulation of T cell proliferation	3	3.79746835443038	0.04333566176097446	P04626, P42574, P22301	79	81	19104	8.956399437412095	1.0	0.12734589930949777	0.09302311550927816
GOTERM_BP_FAT	GO:1904063~negative regulation of cation transmembrane transport	3	3.79746835443038	0.04333566176097446	P14780, P10415, Q9HC97	79	81	19104	8.956399437412095	1.0	0.12734589930949777	0.09302311550927816
GOTERM_BP_FAT	GO:0019730~antimicrobial humoral response	4	5.063291139240507	0.04336390733783845	P02778, P13500, P08246, P10145	79	191	19104	5.064351514348201	1.0	0.12734589930949777	0.09302311550927816
GOTERM_MF_FAT	GO:0005524~ATP binding	13	16.455696202531644	0.04338225428459609	O96017, P35968, Q9UNQ0, P08581, O15111, Q96P20, P04626, P28482, P31749, P11802, P00533, O14920	79	1546	17305	1.8419522819198586	0.9999999999869017	0.18429303511877287	0.15624135189715435
GOTERM_MF_FAT	GO:0000977~RNA polymerase II transcription regulatory region sequence-specific DNA binding	12	15.18987341772152	0.04391068867687125	P37231, P42224, P35869, O75469, Q07869, Q04206, P04637, P01106, Q16665, Q16236, P11473, P06400	79	1376	17305	1.910325287017957	0.9999999999904141	0.1849081876343878	0.15676287057853408
GOTERM_BP_FAT	GO:0019372~lipoxygenase pathway	2	2.5316455696202533	0.044017626471178364	P09917, P35354	79	11	19104	43.96777905638665	1.0	0.1284720134074377	0.09384571476357137
GOTERM_BP_FAT	GO:0033085~negative regulation of T cell differentiation in thymus	2	2.5316455696202533	0.044017626471178364	P04626, P17706	79	11	19104	43.96777905638665	1.0	0.1284720134074377	0.09384571476357137
GOTERM_BP_FAT	GO:0010887~negative regulation of cholesterol storage	2	2.5316455696202533	0.044017626471178364	P37231, Q07869	79	11	19104	43.96777905638665	1.0	0.1284720134074377	0.09384571476357137
GOTERM_BP_FAT	GO:0097709~connective tissue replacement	2	2.5316455696202533	0.044017626471178364	P01583, Q16665	79	11	19104	43.96777905638665	1.0	0.1284720134074377	0.09384571476357137
GOTERM_BP_FAT	GO:0044346~fibroblast apoptotic process	2	2.5316455696202533	0.044017626471178364	P01106, P42574	79	11	19104	43.96777905638665	1.0	0.1284720134074377	0.09384571476357137
GOTERM_BP_FAT	GO:2001280~positive regulation of unsaturated fatty acid biosynthetic process	2	2.5316455696202533	0.044017626471178364	P35354, P01584	79	11	19104	43.96777905638665	1.0	0.1284720134074377	0.09384571476357137
GOTERM_BP_FAT	GO:0070431~nucleotide-binding oligomerization domain containing 2 signaling pathway	2	2.5316455696202533	0.044017626471178364	Q04206, P25963	79	11	19104	43.96777905638665	1.0	0.1284720134074377	0.09384571476357137
GOTERM_BP_FAT	GO:0019371~cyclooxygenase pathway	2	2.5316455696202533	0.044017626471178364	P23219, P35354	79	11	19104	43.96777905638665	1.0	0.1284720134074377	0.09384571476357137
GOTERM_MF_FAT	GO:0001094~TFIID-class transcription factor complex binding	2	2.5316455696202533	0.044181602355119205	P35869, P04637	79	10	17305	43.81012658227848	0.9999999999918324	0.1849081876343878	0.15676287057853408
GOTERM_BP_FAT	GO:0032374~regulation of cholesterol transport	3	3.79746835443038	0.04430404844911249	P37231, P05164, P25963	79	82	19104	8.847175054029021	1.0	0.1290109465941614	0.09423939248976607
GOTERM_BP_FAT	GO:0090049~regulation of cell migration involved in sprouting angiogenesis	3	3.79746835443038	0.04430404844911249	P35968, P35354, P09601	79	82	19104	8.847175054029021	1.0	0.1290109465941614	0.09423939248976607
GOTERM_BP_FAT	GO:0032371~regulation of sterol transport	3	3.79746835443038	0.04430404844911249	P37231, P05164, P25963	79	82	19104	8.847175054029021	1.0	0.1290109465941614	0.09423939248976607
GOTERM_BP_FAT	GO:1905475~regulation of protein localization to membrane	4	5.063291139240507	0.044493088975291126	P31749, P01579, P00533, P01375	79	193	19104	5.011871187774644	1.0	0.1294622933229014	0.09456909041572972
GOTERM_BP_FAT	GO:0044057~regulation of system process	7	8.860759493670885	0.044616428119594695	P37231, P29474, Q07869, P36544, P08253, P01375	79	633	19104	2.674185614014038	1.0	0.12972192365353105	0.0947587441255612
KEGG_PATHWAY	hsa05231:Choline metabolism in cancer	4	5.063291139240507	0.04467816269278058	P28482, P31749, Q16665, P00533	76	99	9375	4.984051036682615	0.9999673537442072	0.07457310978868524	0.04467816269278058
GOTERM_CC_FAT	GO:0030055~cell-substrate junction	6	7.59493670886076	0.045005374176864066	P31645, P00749, P28482, P08575, P05362, P00533	73	453	16775	3.0436360337476187	0.9999996016206308	0.27386433629568213	0.24391042451334188
GOTERM_BP_FAT	GO:0072001~renal system development	5	6.329113924050633	0.04524412556417713	P11926, P42224, P10415, Q07812, P01106	79	328	19104	3.6863229391787593	1.0	0.13135136648797738	0.09594901291180677
GOTERM_BP_FAT	GO:0045069~regulation of viral genome replication	3	3.79746835443038	0.045280473695960645	P10415, P01375, P10145	79	83	19104	8.74058258349855	1.0	0.13135136648797738	0.09594901291180677
GOTERM_BP_FAT	GO:2000278~regulation of DNA biosynthetic process	3	3.79746835443038	0.045280473695960645	P04637, P38936, P01375	79	83	19104	8.74058258349855	1.0	0.13135136648797738	0.09594901291180677
GOTERM_CC_FAT	GO:0031252~cell leading edge	6	7.59493670886076	0.04535949071508176	Q9NRD8, P04626, P31749, P36544, Q14790, P00533	73	454	16775	3.0369319896204208	0.9999996462023226	0.27386433629568213	0.24391042451334188
GOTERM_BP_FAT	GO:0007596~blood coagulation	4	5.063291139240507	0.04621430170351069	P31645, P00749, P05231, P29965	79	196	19104	4.935158873676053	1.0	0.13395807117259997	0.09785314796673224
GOTERM_CC_FAT	GO:0035631~CD40 receptor complex	2	2.5316455696202533	0.0462263180992502	O15111, O14920	73	11	16775	41.78082191780822	0.9999997354504436	0.27386433629568213	0.24391042451334188
GOTERM_BP_FAT	GO:0030500~regulation of bone mineralization	3	3.79746835443038	0.04626485760241326	P09917, Q16665, P11473	79	84	19104	8.636528028933093	1.0	0.13400247788421754	0.09788558600114548
GOTERM_CC_FAT	GO:0101002~ficolin-1-rich granule	4	5.063291139240507	0.047070432800820364	P14780, P09917, P28482, P09211	73	188	16775	4.889245118041387	0.9999998007232007	0.27386433629568213	0.24391042451334188
GOTERM_BP_FAT	GO:0034620~cellular response to unfolded protein	3	3.79746835443038	0.04725712076800929	P24385, Q07812, Q16236	79	85	19104	8.534921816827998	1.0	0.13677232137042566	0.09990889002551737
GOTERM_BP_FAT	GO:0050817~coagulation	4	5.063291139240507	0.047379982333463036	P31645, P00749, P05231, P29965	79	198	19104	4.885308784042961	1.0	0.13702362951647143	0.10009246457974168
GOTERM_BP_FAT	GO:1900222~negative regulation of amyloid-beta clearance	2	2.5316455696202533	0.04792306957264216	P01579, P01375	79	12	19104	40.30379746835443	1.0	0.13827878117204714	0.10100932266525033
GOTERM_BP_FAT	GO:1900451~positive regulation of glutamate receptor signaling pathway	2	2.5316455696202533	0.04792306957264216	P01579, P13500	79	12	19104	40.30379746835443	1.0	0.13827878117204714	0.10100932266525033
GOTERM_BP_FAT	GO:0071362~cellular response to ether	2	2.5316455696202533	0.04792306957264216	P11802, P31749	79	12	19104	40.30379746835443	1.0	0.13827878117204714	0.10100932266525033
GOTERM_BP_FAT	GO:0023061~signal release	4	5.063291139240507	0.04796826092550832	P05231, Q16665, P35354, P35228	79	199	19104	4.860759493670886	1.0	0.13830424283526016	0.10102792179762102
GOTERM_BP_FAT	GO:0070373~negative regulation of ERK1 and ERK2 cascade	3	3.79746835443038	0.048257184300259326	P17706, P08575, P09211	79	86	19104	8.435678539888137	1.0	0.1390318726468835	0.10155943786827304
GOTERM_MF_FAT	GO:0042166~acetylcholine binding	2	2.5316455696202533	0.048492318456890976	P36544	79	11	17305	39.82738780207134	0.9999999999993647	0.19853739078364782	0.16831754015109257
GOTERM_MF_FAT	GO:0070513~death domain binding	2	2.5316455696202533	0.048492318456890976	P10415, Q07812	79	11	17305	39.82738780207134	0.9999999999993647	0.19853739078364782	0.16831754015109257
GOTERM_MF_FAT	GO:0016175~superoxide-generating NAD(P)H oxidase activity	2	2.5316455696202533	0.048492318456890976	Q9NRD8, P29474	79	11	17305	39.82738780207134	0.9999999999993647	0.19853739078364782	0.16831754015109257
GOTERM_BP_FAT	GO:0030324~lung development	4	5.063291139240507	0.04856015437365191	P35968, P29474, P28482, P05177	79	200	19104	4.836455696202531	1.0	0.13979883957834838	0.10211968875852005
GOTERM_BP_FAT	GO:0030100~regulation of endocytosis	5	6.329113924050633	0.04910058227371774	P37231, P01579, P08575, P13500, P05112	79	337	19104	3.5878751455508393	1.0	0.14124774159375839	0.10317807682026316
GOTERM_BP_FAT	GO:0045670~regulation of osteoclast differentiation	3	3.79746835443038	0.049264969802502785	P01579, P05112, P01375	79	87	19104	8.338716717590572	1.0	0.1416135148593485	0.1034452653902893
GOTERM_BP_FAT	GO:0007599~hemostasis	4	5.063291139240507	0.04975475315866974	P31645, P00749, P05231, P29965	79	202	19104	4.78856999624013	1.0	0.14280552925465737	0.10431600322625248
GOTERM_BP_FAT	GO:0005996~monosaccharide metabolic process	4	5.063291139240507	0.04975475315866974	Q07869, P31749, P01344, P01375	79	202	19104	4.78856999624013	1.0	0.14280552925465737	0.10431600322625248
GOTERM_MF_FAT	GO:0001227~DNA-binding transcription repressor activity, RNA polymerase II-specific	5	6.329113924050633	0.05039606369628582	P37231, Q07869, Q04206, P04637, P01106	79	308	17305	3.5560167680420847	0.9999999999997952	0.20287666964232967	0.17199632700650602
GOTERM_MF_FAT	GO:0004888~transmembrane signaling receptor activity	12	15.18987341772152	0.05061606535504141	P37231, P35968, P08581, P04626, P36544, P08575, P05362, P00533, Q8TDU6, Q9HC97	79	1409	17305	1.8655838147173236	0.9999999999998203	0.20287666964232967	0.17199632700650602
GOTERM_BP_FAT	GO:0030323~respiratory tube development	4	5.063291139240507	0.05096371219897441	P35968, P29474, P28482, P05177	79	204	19104	4.7416232315711095	1.0	0.14616515648016568	0.10677013008201426
GOTERM_BP_FAT	GO:0001942~hair follicle development	3	3.79746835443038	0.05130339559064674	P10415, Q04206, P00533	79	89	19104	8.151329825060447	1.0	0.147028495426699	0.10740077841056267
GOTERM_MF_FAT	GO:0001664~G protein-coupled receptor binding	5	6.329113924050633	0.05138360258726992	P42224, P02778, P13500, P60568, P10145	79	310	17305	3.5330747243772973	0.9999999999998862	0.20287666964232967	0.17199632700650602
GOTERM_MF_FAT	GO:0033293~monocarboxylic acid binding	3	3.79746835443038	0.05170130210707828	P37231, P09211, P11473	79	81	17305	8.112986404125644	0.9999999999999059	0.20287666964232967	0.17199632700650602
GOTERM_MF_FAT	GO:0043539~protein serine/threonine kinase activator activity	3	3.79746835443038	0.05170130210707828	P24385, P01344, P29965	79	81	17305	8.112986404125644	0.9999999999999059	0.20287666964232967	0.17199632700650602
GOTERM_BP_FAT	GO:0070944~neutrophil-mediated killing of bacterium	2	2.5316455696202533	0.051812761619394875	P05164, P08246	79	13	19104	37.20350535540409	1.0	0.14804202286893967	0.10814113582169718
GOTERM_BP_FAT	GO:0140059~dendrite arborization	2	2.5316455696202533	0.051812761619394875	P36544	79	13	19104	37.20350535540409	1.0	0.14804202286893967	0.10814113582169718
GOTERM_BP_FAT	GO:0140353~lipid export from cell	2	2.5316455696202533	0.051812761619394875	P35354, P35228	79	13	19104	37.20350535540409	1.0	0.14804202286893967	0.10814113582169718
GOTERM_BP_FAT	GO:0072577~endothelial cell apoptotic process	2	2.5316455696202533	0.051812761619394875	P22301, P01375	79	13	19104	37.20350535540409	1.0	0.14804202286893967	0.10814113582169718
GOTERM_MF_FAT	GO:0032559~adenyl ribonucleotide binding	13	16.455696202531644	0.051841055393582795	O96017, P35968, Q9UNQ0, P08581, O15111, Q96P20, P04626, P28482, P31749, P11802, P00533, O14920	79	1590	17305	1.790980017514529	0.9999999999999133	0.20287666964232967	0.17199632700650602
GOTERM_BP_FAT	GO:0002443~leukocyte mediated immunity	5	6.329113924050633	0.05267731390515308	P05164, P05362, P05231, P08246, P29965	79	345	19104	3.5046780407264726	1.0	0.1503992678538267	0.10986304656795438
GOTERM_MF_FAT	GO:1990459~transferrin receptor binding	2	2.5316455696202533	0.05278384148216365	O15111, O14920	79	12	17305	36.5084388185654	0.9999999999999506	0.20287666964232967	0.17199632700650602
GOTERM_MF_FAT	GO:0097677~STAT family protein binding	2	2.5316455696202533	0.05278384148216365	P37231, P17706	79	12	17305	36.5084388185654	0.9999999999999506	0.20287666964232967	0.17199632700650602
GOTERM_MF_FAT	GO:0097371~MDM2/MDM4 family protein binding	2	2.5316455696202533	0.05278384148216365	Q07869, P04637	79	12	17305	36.5084388185654	0.9999999999999506	0.20287666964232967	0.17199632700650602
GOTERM_CC_FAT	GO:0031984~organelle subcompartment	13	16.455696202531644	0.05349167477602018	P23219, P10415, Q96P20, P11712, Q07812, P33261, P08684, P36544, P00533, P35354, P05177, P09601	73	1682	16775	1.7760575309888749	0.9999999771008037	0.3056667130058296	0.272234416270817
GOTERM_MF_FAT	GO:1990837~sequence-specific double-stranded DNA binding	13	16.455696202531644	0.05391247695018342	P35869, O75469, P04637, P11473, P37231, P42224, Q07869, Q04206, P01106, Q16236, Q16665, P06400, P01375	79	1600	17305	1.7797863924050632	0.9999999999999748	0.2047393772479681	0.17357550743677294
GOTERM_MF_FAT	GO:0030971~receptor tyrosine kinase binding	3	3.79746835443038	0.05399321630079158	P04626, P04637, P17706	79	83	17305	7.91749275583346	0.999999999999976	0.2047393772479681	0.17357550743677294
KEGG_PATHWAY	hsa04930:Type II diabetes mellitus	3	3.79746835443038	0.054175034476110495	P28482, O14920, P01375	76	47	9375	7.873740201567749	0.9999965862260914	0.0897644731830444	0.054175034476110495
GOTERM_BP_FAT	GO:0022404~molting cycle process	3	3.79746835443038	0.05441701743845195	P10415, Q04206, P00533	79	92	19104	7.885525591634563	1.0	0.15501716653066128	0.11323631044495844
GOTERM_BP_FAT	GO:0022405~hair cycle process	3	3.79746835443038	0.05441701743845195	P10415, Q04206, P00533	79	92	19104	7.885525591634563	1.0	0.15501716653066128	0.11323631044495844
GOTERM_BP_FAT	GO:0050810~regulation of steroid biosynthetic process	3	3.79746835443038	0.05441701743845195	P28482, P01579, P01375	79	92	19104	7.885525591634563	1.0	0.15501716653066128	0.11323631044495844
GOTERM_BP_FAT	GO:0050954~sensory perception of mechanical stimulus	4	5.063291139240507	0.05467605946200534	O15392, P01106, P42574, P01375	79	210	19104	4.6061482820976485	1.0	0.155638513573358	0.113690189510068
GOTERM_MF_FAT	GO:0046872~metal ion binding	29	36.708860759493675	0.05479143250719144	Q9NRD8, P01583, P27695, O75469, P29474, P04637, P35354, P14780, Q07869, P33261, P08684, P05177, O14746, P31645, O96017, P35968, O15392, P09917, P11712, P03956, P38936, P35228, P11473, P37231, P23219, P05164, P08253, P08254, P09601	79	4688	17305	1.3550487104160367	0.9999999999999851	0.20617531005535378	0.17479287348055658
GOTERM_MF_FAT	GO:0008237~metallopeptidase activity	4	5.063291139240507	0.055177986626064476	P14780, P03956, P08253, P08254	79	191	17305	4.5874478096626685	0.9999999999999882	0.20617531005535378	0.17479287348055658
GOTERM_BP_FAT	GO:0021543~pallium development	4	5.063291139240507	0.05530715458977229	Q07812, Q16665, P00533, P42574	79	211	19104	4.584318195452636	1.0	0.1572210605033408	0.11484620196641618
GOTERM_BP_FAT	GO:0032729~positive regulation of type II interferon production	3	3.79746835443038	0.05546951595470675	P60568, P01584, P01375	79	93	19104	7.800734993875051	1.0	0.1572210605033408	0.11484620196641618
GOTERM_BP_FAT	GO:0061326~renal tubule development	3	3.79746835443038	0.05546951595470675	P42224, P10415, P01106	79	93	19104	7.800734993875051	1.0	0.1572210605033408	0.11484620196641618
GOTERM_BP_FAT	GO:0070942~neutrophil mediated cytotoxicity	2	2.5316455696202533	0.05568676531632923	P05164, P08246	79	14	19104	34.54611211573237	1.0	0.1572210605033408	0.11484620196641618
GOTERM_BP_FAT	GO:0060402~calcium ion transport into cytosol	2	2.5316455696202533	0.05568676531632923	P10415, Q07812	79	14	19104	34.54611211573237	1.0	0.1572210605033408	0.11484620196641618
GOTERM_BP_FAT	GO:1900103~positive regulation of endoplasmic reticulum unfolded protein response	2	2.5316455696202533	0.05568676531632923	Q07812, P17706	79	14	19104	34.54611211573237	1.0	0.1572210605033408	0.11484620196641618
GOTERM_BP_FAT	GO:0030728~ovulation	2	2.5316455696202533	0.05568676531632923	P29474, P08253	79	14	19104	34.54611211573237	1.0	0.1572210605033408	0.11484620196641618
GOTERM_BP_FAT	GO:0090091~positive regulation of extracellular matrix disassembly	2	2.5316455696202533	0.05568676531632923	P00749, P05231	79	14	19104	34.54611211573237	1.0	0.1572210605033408	0.11484620196641618
GOTERM_BP_FAT	GO:0050665~hydrogen peroxide biosynthetic process	2	2.5316455696202533	0.05568676531632923	Q9NRD8, P05177	79	14	19104	34.54611211573237	1.0	0.1572210605033408	0.11484620196641618
GOTERM_BP_FAT	GO:0070943~neutrophil-mediated killing of symbiont cell	2	2.5316455696202533	0.05568676531632923	P05164, P08246	79	14	19104	34.54611211573237	1.0	0.1572210605033408	0.11484620196641618
GOTERM_BP_FAT	GO:1903845~negative regulation of cellular response to transforming growth factor beta stimulus	2	2.5316455696202533	0.05568676531632923	P37231, P05112	79	14	19104	34.54611211573237	1.0	0.1572210605033408	0.11484620196641618
GOTERM_BP_FAT	GO:0010496~intercellular transport	8	10.126582278481013	0.05597996161383177	P29474, P04637, Q07812, P31749, P08575, P38936, O14746, P25963	79	842	19104	2.2976036561532216	1.0	0.1579315979357583	0.11536523246530019
GOTERM_MF_FAT	GO:0070063~RNA polymerase binding	3	3.79746835443038	0.05632069562254416	P35869, P04626, P04637	79	85	17305	7.731198808637379	0.999999999999994	0.20617531005535378	0.17479287348055658
GOTERM_BP_FAT	GO:0003012~muscle system process	5	6.329113924050633	0.05639350536838921	O15111, P29474, P09601, P01584, P01375	79	353	19104	3.4252519094918785	1.0	0.15898035649813505	0.11613132536203502
GOTERM_BP_FAT	GO:0051591~response to cAMP	3	3.79746835443038	0.05652920138104599	Q9NRD8, P42224, P35869	79	94	19104	7.717748451387019	1.0	0.15912698212592	0.11623843185532624
GOTERM_BP_FAT	GO:0032370~positive regulation of lipid transport	3	3.79746835443038	0.05652920138104599	P37231, P05164, P01584	79	94	19104	7.717748451387019	1.0	0.15912698212592	0.11623843185532624
GOTERM_MF_FAT	GO:0046914~transition metal ion binding	18	22.78481012658228	0.056956456076385664	P01583, O15392, P29474, P09917, O75469, P11712, P04637, P03956, P38936, P11473, P37231, P14780, Q07869, P33261, P08684, P08253, P08254, P05177	79	2534	17305	1.556002917286923	0.9999999999999959	0.20617531005535378	0.17479287348055658
GOTERM_MF_FAT	GO:0004861~cyclin-dependent protein serine/threonine kinase inhibitor activity	2	2.5316455696202533	0.057056255774562414	P38936, P42574	79	13	17305	33.70009737098344	0.9999999999999961	0.20617531005535378	0.17479287348055658
GOTERM_MF_FAT	GO:0140537~transcription regulator activator activity	2	2.5316455696202533	0.057056255774562414	P01106, Q16665	79	13	17305	33.70009737098344	0.9999999999999961	0.20617531005535378	0.17479287348055658
GOTERM_MF_FAT	GO:0032553~ribonucleotide binding	15	18.9873417721519	0.05724969624263078	O96017, P35968, Q9UNQ0, P29474, O15111, P04626, P28482, P31749, P11802, P35228, P08581, Q96P20, P00533, O14920	79	1977	17305	1.66199266245366	0.9999999999999966	0.20617531005535378	0.17479287348055658
GOTERM_MF_FAT	GO:0016247~channel regulator activity	4	5.063291139240507	0.05729119235166468	P10415, P31749, P36544	79	194	17305	4.516507895080256	0.9999999999999967	0.20617531005535378	0.17479287348055658
KEGG_PATHWAY	hsa04350:TGF-beta signaling pathway	4	5.063291139240507	0.05781413862789137	P28482, P01106, P01579, P01375	76	110	9375	4.485645933014354	0.9999985715411888	0.09510006861254595	0.05781413862789137
GOTERM_BP_FAT	GO:0070588~calcium ion transmembrane transport	4	5.063291139240507	0.05916710114231314	P10415, Q07812, P36544, P08575	79	217	19104	4.457562853642886	1.0	0.16517153850781224	0.1206538348605581
GOTERM_CC_FAT	GO:0035578~azurophil granule lumen	3	3.79746835443038	0.05938869924276538	P28482, P05164, P08246	73	92	16775	7.493299583085169	0.9999999969007152	0.3334102413628933	0.2969434962138269
GOTERM_BP_FAT	GO:0035729~cellular response to hepatocyte growth factor stimulus	2	2.5316455696202533	0.05954514312232727	Q04206, P22301	79	15	19104	32.243037974683546	1.0	0.16517153850781224	0.1206538348605581
GOTERM_BP_FAT	GO:0034138~toll-like receptor 3 signaling pathway	2	2.5316455696202533	0.05954514312232727	O14920, P01375	79	15	19104	32.243037974683546	1.0	0.16517153850781224	0.1206538348605581
GOTERM_BP_FAT	GO:0060330~regulation of response to type II interferon	2	2.5316455696202533	0.05954514312232727	P37231, P17706	79	15	19104	32.243037974683546	1.0	0.16517153850781224	0.1206538348605581
GOTERM_BP_FAT	GO:0031392~regulation of prostaglandin biosynthetic process	2	2.5316455696202533	0.05954514312232727	P35354, P01584	79	15	19104	32.243037974683546	1.0	0.16517153850781224	0.1206538348605581
GOTERM_BP_FAT	GO:0097049~motor neuron apoptotic process	2	2.5316455696202533	0.05954514312232727	P10415, Q07812	79	15	19104	32.243037974683546	1.0	0.16517153850781224	0.1206538348605581
GOTERM_BP_FAT	GO:0019430~removal of superoxide radicals	2	2.5316455696202533	0.05954514312232727	P29474, P05164	79	15	19104	32.243037974683546	1.0	0.16517153850781224	0.1206538348605581
GOTERM_BP_FAT	GO:0046633~alpha-beta T cell proliferation	2	2.5316455696202533	0.05954514312232727	P01106, P08575	79	15	19104	32.243037974683546	1.0	0.16517153850781224	0.1206538348605581
GOTERM_BP_FAT	GO:0014745~negative regulation of muscle adaptation	2	2.5316455696202533	0.05954514312232727	P37231, P29474	79	15	19104	32.243037974683546	1.0	0.16517153850781224	0.1206538348605581
GOTERM_BP_FAT	GO:2000671~regulation of motor neuron apoptotic process	2	2.5316455696202533	0.05954514312232727	P10415, Q07812	79	15	19104	32.243037974683546	1.0	0.16517153850781224	0.1206538348605581
GOTERM_BP_FAT	GO:0070243~regulation of thymocyte apoptotic process	2	2.5316455696202533	0.05954514312232727	P04637, Q16665	79	15	19104	32.243037974683546	1.0	0.16517153850781224	0.1206538348605581
GOTERM_BP_FAT	GO:0007614~short-term memory	2	2.5316455696202533	0.05954514312232727	P36544	79	15	19104	32.243037974683546	1.0	0.16517153850781224	0.1206538348605581
GOTERM_BP_FAT	GO:0001878~response to yeast	2	2.5316455696202533	0.05954514312232727	P05164, P08246	79	15	19104	32.243037974683546	1.0	0.16517153850781224	0.1206538348605581
GOTERM_BP_FAT	GO:0002903~negative regulation of B cell apoptotic process	2	2.5316455696202533	0.05954514312232727	P10415, P60568	79	15	19104	32.243037974683546	1.0	0.16517153850781224	0.1206538348605581
GOTERM_BP_FAT	GO:0060334~regulation of type II interferon-mediated signaling pathway	2	2.5316455696202533	0.05954514312232727	P37231, P17706	79	15	19104	32.243037974683546	1.0	0.16517153850781224	0.1206538348605581
GOTERM_BP_FAT	GO:0061043~regulation of vascular wound healing	2	2.5316455696202533	0.05954514312232727	P09917, P01375	79	15	19104	32.243037974683546	1.0	0.16517153850781224	0.1206538348605581
GOTERM_BP_FAT	GO:1900449~regulation of glutamate receptor signaling pathway	2	2.5316455696202533	0.05954514312232727	P01579, P13500	79	15	19104	32.243037974683546	1.0	0.16517153850781224	0.1206538348605581
GOTERM_BP_FAT	GO:1904748~regulation of apoptotic process involved in development	2	2.5316455696202533	0.05954514312232727	Q07812, P11473	79	15	19104	32.243037974683546	1.0	0.16517153850781224	0.1206538348605581
GOTERM_BP_FAT	GO:0014909~smooth muscle cell migration	2	2.5316455696202533	0.05954514312232727	P00749, P10415	79	15	19104	32.243037974683546	1.0	0.16517153850781224	0.1206538348605581
GOTERM_BP_FAT	GO:0048070~regulation of developmental pigmentation	2	2.5316455696202533	0.05954514312232727	P10415, Q07812	79	15	19104	32.243037974683546	1.0	0.16517153850781224	0.1206538348605581
GOTERM_BP_FAT	GO:0051098~regulation of binding	3	3.79746835443038	0.05975063640295641	P14780, Q07812, P06400	79	97	19104	7.479055200313194	1.0	0.16550012399158281	0.1208938586507013
GOTERM_BP_FAT	GO:0015908~fatty acid transport	3	3.79746835443038	0.05975063640295641	P37231, P35354, P35228	79	97	19104	7.479055200313194	1.0	0.16550012399158281	0.1208938586507013
KEGG_PATHWAY	hsa00330:Arginine and proline metabolism	3	3.79746835443038	0.06046618063963576	P11926, P29474, P35228	76	50	9375	7.401315789473684	0.9999992445488908	0.09874692809494474	0.06046618063963576
GOTERM_BP_FAT	GO:0040029~epigenetic regulation of gene expression	5	6.329113924050633	0.060739977899333226	P27695, P04637, P01106, P01344, P06400	79	362	19104	3.3400937128470525	1.0	0.1681180028756654	0.12280615618948158
GOTERM_BP_FAT	GO:0071331~cellular response to hexose stimulus	3	3.79746835443038	0.06083832912053382	Q07869, P05362, Q16665	79	98	19104	7.402738310514079	1.0	0.16814546921903353	0.1228262196924731
GOTERM_BP_FAT	GO:0097553~calcium ion transmembrane import into cytosol	3	3.79746835443038	0.06083832912053382	P10415, Q07812, P08575	79	98	19104	7.402738310514079	1.0	0.16814546921903353	0.1228262196924731
GOTERM_BP_FAT	GO:0006812~monoatomic cation transport	8	10.126582278481013	0.061325776683896806	P31645, P29474, P10415, Q07812, P36544, P08575, P11473	79	860	19104	2.249514277303503	1.0	0.16936959239568594	0.12372041222067197
GOTERM_BP_FAT	GO:0006914~autophagy	5	6.329113924050633	0.061729569356986966	O15111, P10415, P04637, P09601, O14920	79	364	19104	3.321741549589651	1.0	0.1702375288358386	0.12435441890769383
GOTERM_BP_FAT	GO:0061919~process utilizing autophagic mechanism	5	6.329113924050633	0.061729569356986966	O15111, P10415, P04637, P09601, O14920	79	364	19104	3.321741549589651	1.0	0.1702375288358386	0.12435441890769383
GOTERM_BP_FAT	GO:0035967~cellular response to topologically incorrect protein	3	3.79746835443038	0.06303409966511536	P24385, Q07812, Q16236	79	100	19104	7.254683544303797	1.0	0.1721888581519102	0.12577981802419314
GOTERM_BP_FAT	GO:0051928~positive regulation of calcium ion transport	3	3.79746835443038	0.06303409966511536	Q07812, P02778, P13500	79	100	19104	7.254683544303797	1.0	0.1721888581519102	0.12577981802419314
GOTERM_BP_FAT	GO:0071326~cellular response to monosaccharide stimulus	3	3.79746835443038	0.06303409966511536	Q07869, P05362, Q16665	79	100	19104	7.254683544303797	1.0	0.1721888581519102	0.12577981802419314
GOTERM_BP_FAT	GO:2000402~negative regulation of lymphocyte migration	2	2.5316455696202533	0.06338795724761354	P31749, P13500	79	16	19104	30.22784810126582	1.0	0.1721888581519102	0.12577981802419314
GOTERM_BP_FAT	GO:0045651~positive regulation of macrophage differentiation	2	2.5316455696202533	0.06338795724761354	Q14790, P06400	79	16	19104	30.22784810126582	1.0	0.1721888581519102	0.12577981802419314
GOTERM_BP_FAT	GO:0046321~positive regulation of fatty acid oxidation	2	2.5316455696202533	0.06338795724761354	P37231, Q07869	79	16	19104	30.22784810126582	1.0	0.1721888581519102	0.12577981802419314
GOTERM_BP_FAT	GO:0071450~cellular response to oxygen radical	2	2.5316455696202533	0.06338795724761354	P29474, P05164	79	16	19104	30.22784810126582	1.0	0.1721888581519102	0.12577981802419314
GOTERM_BP_FAT	GO:0071451~cellular response to superoxide	2	2.5316455696202533	0.06338795724761354	P29474, P05164	79	16	19104	30.22784810126582	1.0	0.1721888581519102	0.12577981802419314
GOTERM_BP_FAT	GO:0032661~regulation of interleukin-18 production	2	2.5316455696202533	0.06338795724761354	P22301, P01375	79	16	19104	30.22784810126582	1.0	0.1721888581519102	0.12577981802419314
GOTERM_BP_FAT	GO:0001886~endothelial cell morphogenesis	2	2.5316455696202533	0.06338795724761354	P08581	79	16	19104	30.22784810126582	1.0	0.1721888581519102	0.12577981802419314
GOTERM_BP_FAT	GO:1903897~regulation of PERK-mediated unfolded protein response	2	2.5316455696202533	0.06338795724761354	P17706, P31749	79	16	19104	30.22784810126582	1.0	0.1721888581519102	0.12577981802419314
GOTERM_BP_FAT	GO:0015732~prostaglandin transport	2	2.5316455696202533	0.06338795724761354	P35354, P35228	79	16	19104	30.22784810126582	1.0	0.1721888581519102	0.12577981802419314
GOTERM_BP_FAT	GO:0090394~negative regulation of excitatory postsynaptic potential	2	2.5316455696202533	0.06338795724761354	P36544	79	16	19104	30.22784810126582	1.0	0.1721888581519102	0.12577981802419314
GOTERM_BP_FAT	GO:1903798~regulation of miRNA processing	2	2.5316455696202533	0.06338795724761354	P04637, P05231	79	16	19104	30.22784810126582	1.0	0.1721888581519102	0.12577981802419314
GOTERM_BP_FAT	GO:0033598~mammary gland epithelial cell proliferation	2	2.5316455696202533	0.06338795724761354	P24385, P28482	79	16	19104	30.22784810126582	1.0	0.1721888581519102	0.12577981802419314
GOTERM_BP_FAT	GO:2001171~positive regulation of ATP biosynthetic process	2	2.5316455696202533	0.06338795724761354	Q07869, P05112	79	16	19104	30.22784810126582	1.0	0.1721888581519102	0.12577981802419314
GOTERM_BP_FAT	GO:0002923~regulation of humoral immune response mediated by circulating immunoglobulin	2	2.5316455696202533	0.06338795724761354	P08575, P01375	79	16	19104	30.22784810126582	1.0	0.1721888581519102	0.12577981802419314
GOTERM_BP_FAT	GO:1901857~positive regulation of cellular respiration	2	2.5316455696202533	0.06338795724761354	P01579, P05112	79	16	19104	30.22784810126582	1.0	0.1721888581519102	0.12577981802419314
GOTERM_BP_FAT	GO:0061469~regulation of type B pancreatic cell proliferation	2	2.5316455696202533	0.06338795724761354	O15392, P11802	79	16	19104	30.22784810126582	1.0	0.1721888581519102	0.12577981802419314
GOTERM_BP_FAT	GO:0035728~response to hepatocyte growth factor	2	2.5316455696202533	0.06338795724761354	Q04206, P22301	79	16	19104	30.22784810126582	1.0	0.1721888581519102	0.12577981802419314
GOTERM_BP_FAT	GO:0033599~regulation of mammary gland epithelial cell proliferation	2	2.5316455696202533	0.06338795724761354	P24385, Q07812	79	16	19104	30.22784810126582	1.0	0.1721888581519102	0.12577981802419314
GOTERM_BP_FAT	GO:0048640~negative regulation of developmental growth	3	3.79746835443038	0.06414203363438448	P31645, Q07869, P38936	79	101	19104	7.182854994360196	1.0	0.1741128864465126	0.1271852744013705
GOTERM_CC_FAT	GO:0098794~postsynapse	8	10.126582278481013	0.06415187435524586	P31645, P08581, P04626, P31749, P36544, P42574	73	828	16775	2.220236913506717	0.9999999993894518	0.3539413757530806	0.31522903778008743
GOTERM_BP_FAT	GO:0042445~hormone metabolic process	4	5.063291139240507	0.06450661700002161	Q9NRD8, P11712, P08684, P05177	79	225	19104	4.299071729957806	1.0	0.17497764939449514	0.12781696292871614
GOTERM_BP_FAT	GO:0016485~protein processing	4	5.063291139240507	0.06518933012539868	P00749, P01106, Q14790, P42574	79	226	19104	4.280049288674807	1.0	0.17670350852950192	0.1290776615027495
GOTERM_BP_FAT	GO:0046632~alpha-beta T cell differentiation	3	3.79746835443038	0.0652565715967511	P10415, P05231, P22301	79	102	19104	7.112434847356665	1.0	0.17675978759433364	0.12911877200553745
GOTERM_MF_FAT	GO:0010181~FMN binding	2	2.5316455696202533	0.06554409374394916	P29474, P35228	79	15	17305	29.20675105485232	1.0	0.23227781858269755	0.19692225681612766
GOTERM_MF_FAT	GO:0017081~chloride channel regulator activity	2	2.5316455696202533	0.06554409374394916	P36544	79	15	17305	29.20675105485232	1.0	0.23227781858269755	0.19692225681612766
KEGG_PATHWAY	hsa04670:Leukocyte transendothelial migration	4	5.063291139240507	0.06566764108900303	P14780, P19320, P05362, P08253	76	116	9375	4.2536297640653356	0.9999997845660397	0.10647538948002634	0.06566764108900303
GOTERM_MF_FAT	GO:0140110~transcription regulator activity	15	18.9873417721519	0.06577778933315329	P35869, P24385, P27695, O75469, P04637, P11473, P37231, P42224, Q07869, Q04206, P01106, Q16236, Q16665, P08246, P06400	79	2018	17305	1.6282257153968713	1.0	0.23227781858269755	0.19692225681612766
GOTERM_BP_FAT	GO:0006897~endocytosis	6	7.59493670886076	0.06596452774907911	P28482, P01579, P00533, P35228, P08246, P10145	79	531	19104	2.732460845312165	1.0	0.17855024841974937	0.1304266605601009
GOTERM_BP_FAT	GO:0030168~platelet activation	3	3.79746835443038	0.06637764277163852	P31645, P05231, P29965	79	103	19104	7.043382081848347	1.0	0.179413060028814	0.13105692368131613
GOTERM_BP_FAT	GO:0001910~regulation of leukocyte mediated cytotoxicity	3	3.79746835443038	0.06637764277163852	P08575, P05362, P35228	79	103	19104	7.043382081848347	1.0	0.179413060028814	0.13105692368131613
GOTERM_CC_FAT	GO:0099503~secretory vesicle	10	12.658227848101266	0.06641847216571621	P00749, P14780, P09917, P28482, P08575, P05164, P09211, P01344, P08246, P01584	73	1186	16775	1.9375591951766038	0.9999999997189911	0.3602357812377828	0.3208349926649003
GOTERM_BP_FAT	GO:0120305~regulation of pigmentation	2	2.5316455696202533	0.06721526965934356	P10415, Q07812	79	17	19104	28.449739389426657	1.0	0.18076366137395844	0.1320435054685397
GOTERM_BP_FAT	GO:0045725~positive regulation of glycogen biosynthetic process	2	2.5316455696202533	0.06721526965934356	P31749, P01344	79	17	19104	28.449739389426657	1.0	0.18076366137395844	0.1320435054685397
GOTERM_BP_FAT	GO:0070920~regulation of regulatory ncRNA processing	2	2.5316455696202533	0.06721526965934356	P04637, P05231	79	17	19104	28.449739389426657	1.0	0.18076366137395844	0.1320435054685397
GOTERM_BP_FAT	GO:2000696~regulation of epithelial cell differentiation involved in kidney development	2	2.5316455696202533	0.06721526965934356	P42224, P14780	79	17	19104	28.449739389426657	1.0	0.18076366137395844	0.1320435054685397
GOTERM_BP_FAT	GO:0070234~positive regulation of T cell apoptotic process	2	2.5316455696202533	0.06721526965934356	P04637, P05362	79	17	19104	28.449739389426657	1.0	0.18076366137395844	0.1320435054685397
GOTERM_BP_FAT	GO:2001279~regulation of unsaturated fatty acid biosynthetic process	2	2.5316455696202533	0.06721526965934356	P35354, P01584	79	17	19104	28.449739389426657	1.0	0.18076366137395844	0.1320435054685397
GOTERM_BP_FAT	GO:0042359~vitamin D metabolic process	2	2.5316455696202533	0.06721526965934356	P08684, P11473	79	17	19104	28.449739389426657	1.0	0.18076366137395844	0.1320435054685397
GOTERM_BP_FAT	GO:0060541~respiratory system development	4	5.063291139240507	0.06725758107918779	P35968, P29474, P28482, P05177	79	229	19104	4.22397877397601	1.0	0.18076366137395844	0.1320435054685397
GOTERM_MF_FAT	GO:0141108~transporter regulator activity	4	5.063291139240507	0.06765188640358583	P10415, P31749, P36544	79	208	17305	4.21251217137293	1.0	0.23741189949084465	0.20127486700197272
GOTERM_BP_FAT	GO:0043502~regulation of muscle adaptation	3	3.79746835443038	0.06863910389340223	P37231, P29474, Q07869	79	105	19104	6.909222423146473	1.0	0.18421631059040838	0.1345655826505797
GOTERM_BP_FAT	GO:0046330~positive regulation of JNK cascade	3	3.79746835443038	0.06863910389340223	P04626, P01584, P01375	79	105	19104	6.909222423146473	1.0	0.18421631059040838	0.1345655826505797
GOTERM_MF_FAT	GO:0005149~interleukin-1 receptor binding	2	2.5316455696202533	0.06975968429732905	P01583, P01584	79	16	17305	27.38132911392405	1.0	0.2417779482079706	0.20497634901171313
GOTERM_MF_FAT	GO:0017154~semaphorin receptor activity	2	2.5316455696202533	0.06975968429732905	P08581	79	16	17305	27.38132911392405	1.0	0.2417779482079706	0.20497634901171313
GOTERM_MF_FAT	GO:0004857~enzyme inhibitor activity	6	7.59493670886076	0.0701797938161189	O15392, P31749, P08575, P38936, P09211, P42574	79	490	17305	2.6822526478946007	1.0	0.2417779482079706	0.20497634901171313
KEGG_PATHWAY	hsa04613:Neutrophil extracellular trap formation	5	6.329113924050633	0.07060556809476189	Q04206, P28482, P31749, P05164, P08246	76	195	9375	3.1629554655870447	0.9999999349548421	0.11366995714546772	0.07060556809476189
GOTERM_BP_FAT	GO:2000177~regulation of neural precursor cell proliferation	3	3.79746835443038	0.07092585979467075	P31645, P04637, Q16665	79	107	19104	6.780078078788597	1.0	0.1886286461991327	0.1377886876521669
GOTERM_BP_FAT	GO:0033555~multicellular organismal response to stress	3	3.79746835443038	0.07092585979467075	P10415, P31749, P01375	79	107	19104	6.780078078788597	1.0	0.1886286461991327	0.1377886876521669
GOTERM_BP_FAT	GO:0060253~negative regulation of glial cell proliferation	2	2.5316455696202533	0.07102714208707811	P04637, P06400	79	18	19104	26.86919831223629	1.0	0.1886286461991327	0.1377886876521669
GOTERM_BP_FAT	GO:0033631~cell-cell adhesion mediated by integrin	2	2.5316455696202533	0.07102714208707811	P19320, P05362	79	18	19104	26.86919831223629	1.0	0.1886286461991327	0.1377886876521669
GOTERM_BP_FAT	GO:0030889~negative regulation of B cell proliferation	2	2.5316455696202533	0.07102714208707811	P42574, P22301	79	18	19104	26.86919831223629	1.0	0.1886286461991327	0.1377886876521669
GOTERM_BP_FAT	GO:0032966~negative regulation of collagen biosynthetic process	2	2.5316455696202533	0.07102714208707811	P37231, P05231	79	18	19104	26.86919831223629	1.0	0.1886286461991327	0.1377886876521669
GOTERM_BP_FAT	GO:0048643~positive regulation of skeletal muscle tissue development	2	2.5316455696202533	0.07102714208707811	P10415, P01344	79	18	19104	26.86919831223629	1.0	0.1886286461991327	0.1377886876521669
GOTERM_BP_FAT	GO:0033028~myeloid cell apoptotic process	2	2.5316455696202533	0.07102714208707811	P10415, P05231	79	18	19104	26.86919831223629	1.0	0.1886286461991327	0.1377886876521669
GOTERM_BP_FAT	GO:0035872~nucleotide-binding domain, leucine rich repeat containing receptor signaling pathway	2	2.5316455696202533	0.07102714208707811	Q04206, P25963	79	18	19104	26.86919831223629	1.0	0.1886286461991327	0.1377886876521669
GOTERM_BP_FAT	GO:0048246~macrophage chemotaxis	2	2.5316455696202533	0.07102714208707811	P08253, P13500	79	18	19104	26.86919831223629	1.0	0.1886286461991327	0.1377886876521669
GOTERM_BP_FAT	GO:0042092~type 2 immune response	2	2.5316455696202533	0.07102714208707811	P05112, P22301	79	18	19104	26.86919831223629	1.0	0.1886286461991327	0.1377886876521669
GOTERM_BP_FAT	GO:1900373~positive regulation of purine nucleotide biosynthetic process	2	2.5316455696202533	0.07102714208707811	Q07869, P05112	79	18	19104	26.86919831223629	1.0	0.1886286461991327	0.1377886876521669
GOTERM_BP_FAT	GO:0060644~mammary gland epithelial cell differentiation	2	2.5316455696202533	0.07102714208707811	P31749, Q16665	79	18	19104	26.86919831223629	1.0	0.1886286461991327	0.1377886876521669
GOTERM_BP_FAT	GO:0030810~positive regulation of nucleotide biosynthetic process	2	2.5316455696202533	0.07102714208707811	Q07869, P05112	79	18	19104	26.86919831223629	1.0	0.1886286461991327	0.1377886876521669
GOTERM_BP_FAT	GO:0031998~regulation of fatty acid beta-oxidation	2	2.5316455696202533	0.07102714208707811	Q07869, P31749	79	18	19104	26.86919831223629	1.0	0.1886286461991327	0.1377886876521669
GOTERM_BP_FAT	GO:0002244~hematopoietic progenitor cell differentiation	3	3.79746835443038	0.0720785511211592	P10415, P04637, P08575	79	108	19104	6.717299578059071	1.0	0.1912873202468726	0.13973078507646913
GOTERM_CC_FAT	GO:0031012~extracellular matrix	6	7.59493670886076	0.07293496803964372	P14780, P03956, P05362, P08253, P08254, P08246	73	521	16775	2.6463860331817104	0.999999999970128	0.38868590926053354	0.34617338793516267
GOTERM_BP_FAT	GO:0071322~cellular response to carbohydrate stimulus	3	3.79746835443038	0.0732373604242865	Q07869, P05362, Q16665	79	109	19104	6.655672976425502	1.0	0.19422711415171656	0.14187823379265543
GOTERM_MF_FAT	GO:0051213~dioxygenase activity	3	3.79746835443038	0.07354252843430706	P09917, P23219, P35354	79	99	17305	6.637897967011891	1.0	0.25171941224983746	0.2134045990578268
GOTERM_MF_FAT	GO:0045236~CXCR chemokine receptor binding	2	2.5316455696202533	0.07395649988225313	P02778, P10145	79	17	17305	25.770662695457926	1.0	0.25171941224983746	0.2134045990578268
GOTERM_BP_FAT	GO:0050829~defense response to Gram-negative bacterium	3	3.79746835443038	0.0744022200577621	P05231, P35228, P08246	79	110	19104	6.595166858457998	1.0	0.19651539207474175	0.14354976575956682
GOTERM_BP_FAT	GO:0031214~biomineral tissue development	3	3.79746835443038	0.0744022200577621	Q9NRD8, Q07869, Q16665	79	110	19104	6.595166858457998	1.0	0.19651539207474175	0.14354976575956682
GOTERM_BP_FAT	GO:0008593~regulation of Notch signaling pathway	3	3.79746835443038	0.0744022200577621	P29474, P31749, P25963	79	110	19104	6.595166858457998	1.0	0.19651539207474175	0.14354976575956682
GOTERM_BP_FAT	GO:0042633~hair cycle	3	3.79746835443038	0.0744022200577621	P10415, Q04206, P00533	79	110	19104	6.595166858457998	1.0	0.19651539207474175	0.14354976575956682
GOTERM_BP_FAT	GO:0042303~molting cycle	3	3.79746835443038	0.0744022200577621	P10415, Q04206, P00533	79	110	19104	6.595166858457998	1.0	0.19651539207474175	0.14354976575956682
GOTERM_CC_FAT	GO:0005892~acetylcholine-gated channel complex	2	2.5316455696202533	0.0745391436939886	P36544	73	18	16775	25.532724505327245	0.9999999999828376	0.38868590926053354	0.34617338793516267
GOTERM_BP_FAT	GO:0034393~positive regulation of smooth muscle cell apoptotic process	2	2.5316455696202533	0.07482363600426666	P37231, P01579	79	19	19104	25.45502998001332	1.0	0.19651539207474175	0.14354976575956682
GOTERM_BP_FAT	GO:0030949~positive regulation of vascular endothelial growth factor receptor signaling pathway	2	2.5316455696202533	0.07482363600426666	Q16665, P01584	79	19	19104	25.45502998001332	1.0	0.19651539207474175	0.14354976575956682
GOTERM_BP_FAT	GO:0010885~regulation of cholesterol storage	2	2.5316455696202533	0.07482363600426666	P37231, Q07869	79	19	19104	25.45502998001332	1.0	0.19651539207474175	0.14354976575956682
GOTERM_BP_FAT	GO:0010713~negative regulation of collagen metabolic process	2	2.5316455696202533	0.07482363600426666	P37231, P05231	79	19	19104	25.45502998001332	1.0	0.19651539207474175	0.14354976575956682
GOTERM_BP_FAT	GO:0000303~response to superoxide	2	2.5316455696202533	0.07482363600426666	P29474, P05164	79	19	19104	25.45502998001332	1.0	0.19651539207474175	0.14354976575956682
GOTERM_BP_FAT	GO:0045579~positive regulation of B cell differentiation	2	2.5316455696202533	0.07482363600426666	P60568, P22301	79	19	19104	25.45502998001332	1.0	0.19651539207474175	0.14354976575956682
GOTERM_BP_FAT	GO:0070266~necroptotic process	2	2.5316455696202533	0.07482363600426666	P04637, P01375	79	19	19104	25.45502998001332	1.0	0.19651539207474175	0.14354976575956682
GOTERM_BP_FAT	GO:1903978~regulation of microglial cell activation	2	2.5316455696202533	0.07482363600426666	P08575, P05231	79	19	19104	25.45502998001332	1.0	0.19651539207474175	0.14354976575956682
GOTERM_BP_FAT	GO:0060353~regulation of cell adhesion molecule production	2	2.5316455696202533	0.07482363600426666	P01584, P10145	79	19	19104	25.45502998001332	1.0	0.19651539207474175	0.14354976575956682
GOTERM_MF_FAT	GO:0017076~purine nucleotide binding	15	18.9873417721519	0.07489816224060467	O96017, P35968, Q9UNQ0, P29474, O15111, P04626, P28482, P31749, P11802, P35228, P08581, Q96P20, P00533, O14920	79	2058	17305	1.5965789570801197	1.0	0.2533979740475547	0.21482766295359063
GOTERM_BP_FAT	GO:0007186~G protein-coupled receptor signaling pathway	10	12.658227848101266	0.0751490119011298	P37231, Q04206, P28482, P31749, P02778, Q8TDU6, Q9HC97, P13500, P60568, P10145	79	1276	19104	1.8951628903614937	1.0	0.19723374207039104	0.14407450314792172
GOTERM_CC_FAT	GO:0005815~microtubule organizing center	9	11.39240506329114	0.07530789491922837	P24385, P27695, O15392, Q96P20, P04637, P28482, P31749, P00533, Q16236	73	1036	16775	1.9962844449145818	0.9999999999868451	0.38868590926053354	0.34617338793516267
GOTERM_BP_FAT	GO:0141193~nuclear receptor-mediated signaling pathway	3	3.79746835443038	0.07557306280185702	P37231, Q07869, P11473	79	111	19104	6.535750940814232	1.0	0.19820990195549124	0.14478756445762678
GOTERM_BP_FAT	GO:1905954~positive regulation of lipid localization	3	3.79746835443038	0.07674982188709777	P37231, P05164, P01584	79	112	19104	6.477396021699819	1.0	0.2011575276613596	0.14694073411602865
GOTERM_MF_FAT	GO:0046965~nuclear retinoid X receptor binding	2	2.5316455696202533	0.07813462302954052	P37231, P11473	79	18	17305	24.33895921237693	1.0	0.26121930184432185	0.2214584877582835
GOTERM_MF_FAT	GO:0022848~acetylcholine-gated monoatomic cation-selective channel activity	2	2.5316455696202533	0.07813462302954052	P36544	79	18	17305	24.33895921237693	1.0	0.26121930184432185	0.2214584877582835
GOTERM_BP_FAT	GO:0060749~mammary gland alveolus development	2	2.5316455696202533	0.0786048126542264	P24385, Q16665	79	20	19104	24.18227848101266	1.0	0.20474938529042672	0.14956449969413765
GOTERM_BP_FAT	GO:0002363~alpha-beta T cell lineage commitment	2	2.5316455696202533	0.0786048126542264	P10415, P05231	79	20	19104	24.18227848101266	1.0	0.20474938529042672	0.14956449969413765
GOTERM_BP_FAT	GO:0150079~negative regulation of neuroinflammatory response	2	2.5316455696202533	0.0786048126542264	P08575, P05112	79	20	19104	24.18227848101266	1.0	0.20474938529042672	0.14956449969413765
GOTERM_BP_FAT	GO:0050901~leukocyte tethering or rolling	2	2.5316455696202533	0.0786048126542264	P19320, P01375	79	20	19104	24.18227848101266	1.0	0.20474938529042672	0.14956449969413765
GOTERM_BP_FAT	GO:0060571~morphogenesis of an epithelial fold	2	2.5316455696202533	0.0786048126542264	Q16665, P00533	79	20	19104	24.18227848101266	1.0	0.20474938529042672	0.14956449969413765
GOTERM_BP_FAT	GO:0000305~response to oxygen radical	2	2.5316455696202533	0.0786048126542264	P29474, P05164	79	20	19104	24.18227848101266	1.0	0.20474938529042672	0.14956449969413765
GOTERM_BP_FAT	GO:1900119~positive regulation of execution phase of apoptosis	2	2.5316455696202533	0.0786048126542264	P04637, Q14790	79	20	19104	24.18227848101266	1.0	0.20474938529042672	0.14956449969413765
GOTERM_BP_FAT	GO:1905906~regulation of amyloid fibril formation	2	2.5316455696202533	0.0786048126542264	P36544	79	20	19104	24.18227848101266	1.0	0.20474938529042672	0.14956449969413765
GOTERM_BP_FAT	GO:0061377~mammary gland lobule development	2	2.5316455696202533	0.0786048126542264	P24385, Q16665	79	20	19104	24.18227848101266	1.0	0.20474938529042672	0.14956449969413765
GOTERM_BP_FAT	GO:0051641~cellular localization	14	17.72151898734177	0.07883618509762001	P31645, P29474, P04626, P04637, P31749, P38936, Q07812, P08575, P00533, Q16665, O14920, O14746, P25963, P01375	79	2084	19104	1.6245292645593916	1.0	0.20521150713637845	0.14990206858397565
GOTERM_BP_FAT	GO:0010389~regulation of G2/M transition of mitotic cell cycle	3	3.79746835443038	0.07912082411035286	P24385, P11802, P38936	79	114	19104	6.363757495003331	1.0	0.20581155546625987	0.1503403894518196
KEGG_PATHWAY	hsa04611:Platelet activation	4	5.063291139240507	0.07978136154031905	P29474, P23219, P28482, P31749	76	126	9375	3.916040100250626	0.9999999930916913	0.12722546799866657	0.07978136154031905
GOTERM_MF_FAT	GO:0003714~transcription corepressor activity	4	5.063291139240507	0.08046143917869725	P24385, P27695, P08246, P06400	79	224	17305	3.911618444846293	1.0	0.2674159596233173	0.22671193745056462
KEGG_PATHWAY	hsa04923:Regulation of lipolysis in adipocytes	3	3.79746835443038	0.08070690480972681	P23219, P31749, P35354	76	59	9375	6.272301516503122	0.9999999944969484	0.12722546799866657	0.08070690480972681
KEGG_PATHWAY	hsa00480:Glutathione metabolism	3	3.79746835443038	0.08070690480972681	P11926, P09488, P09211	76	59	9375	6.272301516503122	0.9999999944969484	0.12722546799866657	0.08070690480972681
GOTERM_MF_FAT	GO:0050664~oxidoreductase activity, acting on NAD(P)H, oxygen as acceptor	2	2.5316455696202533	0.08229413592439101	Q9NRD8, P29474	79	19	17305	23.057961359093934	1.0	0.2719075251302978	0.2305198310396684
GOTERM_BP_FAT	GO:1901863~positive regulation of muscle tissue development	2	2.5316455696202533	0.08237073303801516	P10415, P01344	79	21	19104	23.030741410488247	1.0	0.2122329930512003	0.15503109510813423
GOTERM_BP_FAT	GO:0060218~hematopoietic stem cell differentiation	2	2.5316455696202533	0.08237073303801516	P10415, P04637	79	21	19104	23.030741410488247	1.0	0.2122329930512003	0.15503109510813423
GOTERM_BP_FAT	GO:0042744~hydrogen peroxide catabolic process	2	2.5316455696202533	0.08237073303801516	Q9NRD8, P05164	79	21	19104	23.030741410488247	1.0	0.2122329930512003	0.15503109510813423
GOTERM_BP_FAT	GO:0060965~negative regulation of miRNA-mediated gene silencing	2	2.5316455696202533	0.08237073303801516	P04637, P05231	79	21	19104	23.030741410488247	1.0	0.2122329930512003	0.15503109510813423
GOTERM_BP_FAT	GO:0032495~response to muramyl dipeptide	2	2.5316455696202533	0.08237073303801516	Q04206, P25963	79	21	19104	23.030741410488247	1.0	0.2122329930512003	0.15503109510813423
GOTERM_BP_FAT	GO:0007263~nitric oxide mediated signal transduction	2	2.5316455696202533	0.08237073303801516	P29474, P35228	79	21	19104	23.030741410488247	1.0	0.2122329930512003	0.15503109510813423
GOTERM_BP_FAT	GO:0060716~labyrinthine layer blood vessel development	2	2.5316455696202533	0.08237073303801516	P28482, P31749	79	21	19104	23.030741410488247	1.0	0.2122329930512003	0.15503109510813423
GOTERM_BP_FAT	GO:0045844~positive regulation of striated muscle tissue development	2	2.5316455696202533	0.08237073303801516	P10415, P01344	79	21	19104	23.030741410488247	1.0	0.2122329930512003	0.15503109510813423
GOTERM_BP_FAT	GO:0032736~positive regulation of interleukin-13 production	2	2.5316455696202533	0.08237073303801516	Q96P20, P05112	79	21	19104	23.030741410488247	1.0	0.2122329930512003	0.15503109510813423
GOTERM_BP_FAT	GO:0010522~regulation of calcium ion transport into cytosol	2	2.5316455696202533	0.08237073303801516	P10415, Q07812	79	21	19104	23.030741410488247	1.0	0.2122329930512003	0.15503109510813423
GOTERM_BP_FAT	GO:0071380~cellular response to prostaglandin E stimulus	2	2.5316455696202533	0.08237073303801516	P37231, P31749	79	21	19104	23.030741410488247	1.0	0.2122329930512003	0.15503109510813423
GOTERM_BP_FAT	GO:0048636~positive regulation of muscle organ development	2	2.5316455696202533	0.08237073303801516	P10415, P01344	79	21	19104	23.030741410488247	1.0	0.2122329930512003	0.15503109510813423
GOTERM_BP_FAT	GO:0055093~response to hyperoxia	2	2.5316455696202533	0.08237073303801516	P37231, P08253	79	21	19104	23.030741410488247	1.0	0.2122329930512003	0.15503109510813423
GOTERM_BP_FAT	GO:0070875~positive regulation of glycogen metabolic process	2	2.5316455696202533	0.08237073303801516	P31749, P01344	79	21	19104	23.030741410488247	1.0	0.2122329930512003	0.15503109510813423
GOTERM_BP_FAT	GO:0071900~regulation of protein serine/threonine kinase activity	3	3.79746835443038	0.0827200552666785	P04626, P08246, P01375	79	117	19104	6.200584225900682	1.0	0.21298874081190136	0.155583150664071
GOTERM_MF_FAT	GO:0106310~protein serine kinase activity	5	6.329113924050633	0.08392548530657687	O96017, P28482, P11802, P31749, O14920	79	367	17305	2.9843410478391337	1.0	0.2745519732436809	0.23276176138712062
GOTERM_BP_FAT	GO:0046777~protein autophosphorylation	3	3.79746835443038	0.08393093409845481	O96017, P35968, P31749	79	118	19104	6.148036901952371	1.0	0.21566847457866462	0.15754063170642396
GOTERM_BP_FAT	GO:0007229~integrin-mediated signaling pathway	3	3.79746835443038	0.08393093409845481	O15111, O14920, P29965	79	118	19104	6.148036901952371	1.0	0.21566847457866462	0.15754063170642396
GOTERM_BP_FAT	GO:1903900~regulation of viral life cycle	3	3.79746835443038	0.08393093409845481	P10415, P01375, P10145	79	118	19104	6.148036901952371	1.0	0.21566847457866462	0.15754063170642396
GOTERM_MF_FAT	GO:0000981~DNA-binding transcription factor activity, RNA polymerase II-specific	11	13.924050632911392	0.08406635640912707	P37231, P42224, P35869, O75469, Q07869, Q04206, P04637, P01106, Q16665, Q16236, P11473	79	1360	17305	1.7717330603127326	1.0	0.2745519732436809	0.23276176138712062
GOTERM_BP_FAT	GO:0043583~ear development	4	5.063291139240507	0.08408624442551832	Q9NRD8, P10415, P28482, P01106	79	252	19104	3.838456901748041	1.0	0.21592166613791097	0.15772558204867648
GOTERM_CC_FAT	GO:0031253~cell projection membrane	5	6.329113924050633	0.08413265715739435	Q9UNQ0, P04626, P36544, P00533, P14410	73	386	16775	2.9766129604656113	0.9999999999993885	0.42734048079946335	0.380600115712022
GOTERM_BP_FAT	GO:0032204~regulation of telomere maintenance	3	3.79746835443038	0.085147273805014	P04637, P28482, P01106	79	119	19104	6.096372726305712	1.0	0.2184987059922188	0.1596080476587914
GOTERM_BP_FAT	GO:0060149~negative regulation of post-transcriptional gene silencing	2	2.5316455696202533	0.08612145791726933	P04637, P05231	79	22	19104	21.983889528193323	1.0	0.21951736223818719	0.16035215153765026
GOTERM_BP_FAT	GO:0010744~positive regulation of macrophage derived foam cell differentiation	2	2.5316455696202533	0.08612145791726933	P01584, P01375	79	22	19104	21.983889528193323	1.0	0.21951736223818719	0.16035215153765026
GOTERM_BP_FAT	GO:0071637~regulation of monocyte chemotactic protein-1 production	2	2.5316455696202533	0.08612145791726933	P09211, P01584	79	22	19104	21.983889528193323	1.0	0.21951736223818719	0.16035215153765026
GOTERM_BP_FAT	GO:0043369~CD4-positive or CD8-positive, alpha-beta T cell lineage commitment	2	2.5316455696202533	0.08612145791726933	P10415, P05231	79	22	19104	21.983889528193323	1.0	0.21951736223818719	0.16035215153765026
GOTERM_BP_FAT	GO:0043388~positive regulation of DNA binding	2	2.5316455696202533	0.08612145791726933	P14780, P06400	79	22	19104	21.983889528193323	1.0	0.21951736223818719	0.16035215153765026
GOTERM_BP_FAT	GO:0002523~leukocyte migration involved in inflammatory response	2	2.5316455696202533	0.08612145791726933	P09917, P08246	79	22	19104	21.983889528193323	1.0	0.21951736223818719	0.16035215153765026
GOTERM_BP_FAT	GO:1900369~negative regulation of post-transcriptional gene silencing by regulatory ncRNA	2	2.5316455696202533	0.08612145791726933	P04637, P05231	79	22	19104	21.983889528193323	1.0	0.21951736223818719	0.16035215153765026
GOTERM_BP_FAT	GO:0038084~vascular endothelial growth factor signaling pathway	2	2.5316455696202533	0.08612145791726933	P35968, Q04206	79	22	19104	21.983889528193323	1.0	0.21951736223818719	0.16035215153765026
GOTERM_BP_FAT	GO:0140058~neuron projection arborization	2	2.5316455696202533	0.08612145791726933	P36544	79	22	19104	21.983889528193323	1.0	0.21951736223818719	0.16035215153765026
GOTERM_BP_FAT	GO:1901970~positive regulation of mitotic sister chromatid separation	2	2.5316455696202533	0.08612145791726933	O15392, P06400	79	22	19104	21.983889528193323	1.0	0.21951736223818719	0.16035215153765026
GOTERM_BP_FAT	GO:0019218~regulation of steroid metabolic process	3	3.79746835443038	0.08636901100527848	P28482, P01579, P01375	79	120	19104	6.045569620253165	1.0	0.22000090345148968	0.16070536675998903
GOTERM_MF_FAT	GO:0003682~chromatin binding	7	8.860759493670885	0.08698561758154129	P37231, P42224, P27695, Q04206, P04637, P05164, P00533	79	682	17305	2.2483202791491887	1.0	0.28245329846879785	0.23946040702044985
GOTERM_BP_FAT	GO:0098657~import into cell	7	8.860759493670885	0.08749625736022706	P31645, P28482, P01579, P00533, P35228, P08246, P10145	79	754	19104	2.2450391162743846	1.0	0.2227230701077266	0.1626938440071692
GOTERM_BP_FAT	GO:1904064~positive regulation of cation transmembrane transport	3	3.79746835443038	0.08759608274119973	Q07812, P01579, P02778	79	121	19104	5.995606234961817	1.0	0.22282802853831613	0.16277051361541997
GOTERM_CC_FAT	GO:0045177~apical part of cell	6	7.59493670886076	0.08876466417099643	Q9NRD8, Q9UNQ0, P04626, P36544, P19320, P14410	73	553	16775	2.4932497708637817	0.9999999999998793	0.44382332085498216	0.3952801451364685
GOTERM_BP_FAT	GO:0007586~digestion	3	3.79746835443038	0.08882842644763662	O75469, P11473, P14410	79	122	19104	5.94646192156049	1.0	0.22581183541468053	0.16495011274835197
KEGG_PATHWAY	hsa04015:Rap1 signaling pathway	5	6.329113924050633	0.08956456710811794	P35968, P08581, P28482, P31749, P00533	76	212	9375	2.90932224428997	0.9999999993829672	0.14021487402443292	0.08956456710811794
GOTERM_BP_FAT	GO:0001516~prostaglandin biosynthetic process	2	2.5316455696202533	0.08985704780259714	P23219, P35354	79	23	19104	21.028068244358835	1.0	0.2272116707402107	0.1659726587736801
GOTERM_BP_FAT	GO:0038096~Fc-gamma receptor signaling pathway involved in phagocytosis	2	2.5316455696202533	0.08985704780259714	P01579, P35228	79	23	19104	21.028068244358835	1.0	0.2272116707402107	0.1659726587736801
GOTERM_BP_FAT	GO:0060561~apoptotic process involved in morphogenesis	2	2.5316455696202533	0.08985704780259714	Q07812, P11473	79	23	19104	21.028068244358835	1.0	0.2272116707402107	0.1659726587736801
GOTERM_BP_FAT	GO:0009820~alkaloid metabolic process	2	2.5316455696202533	0.08985704780259714	P08684, P05177	79	23	19104	21.028068244358835	1.0	0.2272116707402107	0.1659726587736801
GOTERM_BP_FAT	GO:2001169~regulation of ATP biosynthetic process	2	2.5316455696202533	0.08985704780259714	Q07869, P05112	79	23	19104	21.028068244358835	1.0	0.2272116707402107	0.1659726587736801
GOTERM_BP_FAT	GO:0051900~regulation of mitochondrial depolarization	2	2.5316455696202533	0.08985704780259714	P35968, P10415	79	23	19104	21.028068244358835	1.0	0.2272116707402107	0.1659726587736801
GOTERM_BP_FAT	GO:0046628~positive regulation of insulin receptor signaling pathway	2	2.5316455696202533	0.08985704780259714	P17706, P01344	79	23	19104	21.028068244358835	1.0	0.2272116707402107	0.1659726587736801
GOTERM_BP_FAT	GO:0010829~negative regulation of D-glucose transmembrane transport	2	2.5316455696202533	0.08985704780259714	P01584, P01375	79	23	19104	21.028068244358835	1.0	0.2272116707402107	0.1659726587736801
GOTERM_BP_FAT	GO:0042752~regulation of circadian rhythm	3	3.79746835443038	0.09006597998655623	P37231, Q07869, P04637	79	123	19104	5.898116702686014	1.0	0.22758865241785603	0.16624803481903866
KEGG_PATHWAY	hsa05217:Basal cell carcinoma	3	3.79746835443038	0.0902894341675608	P04637, Q07812, P38936	76	63	9375	5.874060150375939	0.9999999994846147	0.14038151750709796	0.0902894341675608
GOTERM_MF_FAT	GO:0005123~death receptor binding	2	2.5316455696202533	0.09055765788021632	Q14790, P42574	79	21	17305	20.861965039180227	1.0	0.2907106630813763	0.24646089843536145
GOTERM_MF_FAT	GO:0015464~acetylcholine receptor activity	2	2.5316455696202533	0.09055765788021632	P36544	79	21	17305	20.861965039180227	1.0	0.2907106630813763	0.24646089843536145
GOTERM_BP_FAT	GO:0045833~negative regulation of lipid metabolic process	3	3.79746835443038	0.09130868162113684	P31749, P01584, P01375	79	124	19104	5.8505512454062885	1.0	0.2305756415705069	0.16842995852823248
GOTERM_BP_FAT	GO:0006886~intracellular protein transport	6	7.59493670886076	0.0913834665657134	P29474, P04637, P31749, P38936, O14746, P25963	79	586	19104	2.4760012096599993	1.0	0.23061136254108033	0.16845605183779153
GOTERM_BP_FAT	GO:0034767~positive regulation of monoatomic ion transmembrane transport	3	3.79746835443038	0.09255647002910258	Q07812, P01579, P02778	79	125	19104	5.803746835443038	1.0	0.23341661506676203	0.17050522131355902
GOTERM_BP_FAT	GO:0048666~neuron development	8	10.126582278481013	0.09346420494089891	P10415, P04626, P36544, P08253, P05231, P42574, P06400	79	952	19104	2.032124242101904	1.0	0.23428273341342482	0.17113789992702974
GOTERM_BP_FAT	GO:0032891~negative regulation of organic acid transport	2	2.5316455696202533	0.09357756299105766	P31749, P01375	79	24	19104	20.151898734177216	1.0	0.23428273341342482	0.17113789992702974
GOTERM_BP_FAT	GO:0097398~cellular response to interleukin-17	2	2.5316455696202533	0.09357756299105766	P02778, P01584	79	24	19104	20.151898734177216	1.0	0.23428273341342482	0.17113789992702974
GOTERM_BP_FAT	GO:1903318~negative regulation of protein maturation	2	2.5316455696202533	0.09357756299105766	P00749, P31749	79	24	19104	20.151898734177216	1.0	0.23428273341342482	0.17113789992702974
GOTERM_BP_FAT	GO:2000010~positive regulation of protein localization to cell surface	2	2.5316455696202533	0.09357756299105766	P31749, P01375	79	24	19104	20.151898734177216	1.0	0.23428273341342482	0.17113789992702974
GOTERM_BP_FAT	GO:0045472~response to ether	2	2.5316455696202533	0.09357756299105766	P11802, P31749	79	24	19104	20.151898734177216	1.0	0.23428273341342482	0.17113789992702974
GOTERM_BP_FAT	GO:0048641~regulation of skeletal muscle tissue development	2	2.5316455696202533	0.09357756299105766	P10415, P01344	79	24	19104	20.151898734177216	1.0	0.23428273341342482	0.17113789992702974
GOTERM_BP_FAT	GO:1900407~regulation of cellular response to oxidative stress	2	2.5316455696202533	0.09357756299105766	P09917, Q16236	79	24	19104	20.151898734177216	1.0	0.23428273341342482	0.17113789992702974
GOTERM_BP_FAT	GO:1903427~negative regulation of reactive oxygen species biosynthetic process	2	2.5316455696202533	0.09357756299105766	Q07869, Q16665	79	24	19104	20.151898734177216	1.0	0.23428273341342482	0.17113789992702974
GOTERM_BP_FAT	GO:1905517~macrophage migration	2	2.5316455696202533	0.09357756299105766	P08253, P13500	79	24	19104	20.151898734177216	1.0	0.23428273341342482	0.17113789992702974
GOTERM_BP_FAT	GO:0048384~retinoic acid receptor signaling pathway	2	2.5316455696202533	0.09357756299105766	P37231, P11473	79	24	19104	20.151898734177216	1.0	0.23428273341342482	0.17113789992702974
GOTERM_BP_FAT	GO:0046822~regulation of nucleocytoplasmic transport	3	3.79746835443038	0.0938092842666414	P31749, P25963, P01584	79	126	19104	5.757685352622062	1.0	0.23455404869561947	0.1713360892128401
GOTERM_BP_FAT	GO:0046634~regulation of alpha-beta T cell activation	3	3.79746835443038	0.0938092842666414	Q96P20, P08575, P60568	79	126	19104	5.757685352622062	1.0	0.23455404869561947	0.1713360892128401
GOTERM_MF_FAT	GO:0000979~RNA polymerase II core promoter sequence-specific DNA binding	2	2.5316455696202533	0.09466182952471695	P42224, Q04206	79	22	17305	19.91369390103567	1.0	0.3021691168444354	0.25617523357253913
GOTERM_BP_FAT	GO:0050852~T cell receptor signaling pathway	3	3.79746835443038	0.09506706382038653	P28482, P08575, O14920	79	127	19104	5.7123492474833055	1.0	0.23754273568260836	0.17351925314916805
GOTERM_BP_FAT	GO:0006275~regulation of DNA replication	3	3.79746835443038	0.09632974855296783	P04637, P38936, P00533	79	128	19104	5.667721518987342	1.0	0.24038191190743877	0.17559320307096105
GOTERM_BP_FAT	GO:0098773~skin epidermis development	3	3.79746835443038	0.09632974855296783	P10415, Q04206, P00533	79	128	19104	5.667721518987342	1.0	0.24038191190743877	0.17559320307096105
GOTERM_BP_FAT	GO:0035162~embryonic hemopoiesis	2	2.5316455696202533	0.0972830635207352	P35968, Q16665	79	25	19104	19.345822784810125	1.0	0.2408642516727578	0.17594554066445467
GOTERM_BP_FAT	GO:1905563~negative regulation of vascular endothelial cell proliferation	2	2.5316455696202533	0.0972830635207352	P37231, P13500	79	25	19104	19.345822784810125	1.0	0.2408642516727578	0.17594554066445467
GOTERM_BP_FAT	GO:0046457~prostanoid biosynthetic process	2	2.5316455696202533	0.0972830635207352	P23219, P35354	79	25	19104	19.345822784810125	1.0	0.2408642516727578	0.17594554066445467
GOTERM_BP_FAT	GO:0002070~epithelial cell maturation	2	2.5316455696202533	0.0972830635207352	P35968, Q16665	79	25	19104	19.345822784810125	1.0	0.2408642516727578	0.17594554066445467
GOTERM_BP_FAT	GO:2000209~regulation of anoikis	2	2.5316455696202533	0.0972830635207352	O96017, P10415	79	25	19104	19.345822784810125	1.0	0.2408642516727578	0.17594554066445467
GOTERM_BP_FAT	GO:1900273~positive regulation of long-term synaptic potentiation	2	2.5316455696202533	0.0972830635207352	P36544	79	25	19104	19.345822784810125	1.0	0.2408642516727578	0.17594554066445467
GOTERM_BP_FAT	GO:0002431~Fc receptor mediated stimulatory signaling pathway	2	2.5316455696202533	0.0972830635207352	P01579, P35228	79	25	19104	19.345822784810125	1.0	0.2408642516727578	0.17594554066445467
GOTERM_BP_FAT	GO:0060967~negative regulation of gene silencing by regulatory ncRNA	2	2.5316455696202533	0.0972830635207352	P04637, P05231	79	25	19104	19.345822784810125	1.0	0.2408642516727578	0.17594554066445467
GOTERM_BP_FAT	GO:0032986~protein-DNA complex disassembly	2	2.5316455696202533	0.0972830635207352	P01106, P05164	79	25	19104	19.345822784810125	1.0	0.2408642516727578	0.17594554066445467
GOTERM_BP_FAT	GO:0097396~response to interleukin-17	2	2.5316455696202533	0.0972830635207352	P02778, P01584	79	25	19104	19.345822784810125	1.0	0.2408642516727578	0.17594554066445467
GOTERM_BP_FAT	GO:1900078~positive regulation of cellular response to insulin stimulus	2	2.5316455696202533	0.0972830635207352	P17706, P01344	79	25	19104	19.345822784810125	1.0	0.2408642516727578	0.17594554066445467
GOTERM_BP_FAT	GO:0070233~negative regulation of T cell apoptotic process	2	2.5316455696202533	0.0972830635207352	P10415, Q16665	79	25	19104	19.345822784810125	1.0	0.2408642516727578	0.17594554066445467
