input_rank,herb_a,herb_b,pair_name,strict_reported_hit_count,broad_reported_hit_count,retrieved_unique_candidate_count,candidate_pmids,candidate_dois,strict_query,broad_query,both_query_layers_retrieval_complete,manual_full_text_review_required,pending_candidate_count,known_multiherb_formula_exclusion_count,automatic_scoring_forbidden,automatic_pair_evidence_points,scoring_status,interpretation
1,蒲公英,鱼腥草,蒲公英＋鱼腥草,0,0,0,,,"(""Pu Gong Ying""[Title/Abstract] OR ""Dandelion""[Title/Abstract] OR ""Herba Taraxaci""[Title/Abstract] OR ""Taraxaci Herba""[Title/Abstract] OR ""Taraxacum mongolicum""[Title/Abstract] OR ""Taraxacum sinicum""[Title/Abstract]) AND (""Yuxingcao""[Title/Abstract] OR ""Houttuyniae Herba""[Title/Abstract] OR ""Houttuynia cordata""[Title/Abstract]) AND (""Colitis, Ulcerative""[MeSH Terms] OR ""ulcerative colitis""[Title/Abstract] OR ""colitis""[Title/Abstract] OR ""intestinal barrier""[Title/Abstract] OR ""gut barrier""[Title/Abstract] OR ""intestinal mucosa""[Title/Abstract] OR ""intestinal mucosal barrier""[Title/Abstract] OR ""mucosal barrier""[Title/Abstract])","(""Pu Gong Ying""[All Fields] OR ""Dandelion""[All Fields] OR ""Herba Taraxaci""[All Fields] OR ""Taraxaci Herba""[All Fields] OR ""Taraxacum mongolicum""[All Fields] OR ""Taraxacum sinicum""[All Fields]) AND (""Yuxingcao""[All Fields] OR ""Houttuyniae Herba""[All Fields] OR ""Houttuynia cordata""[All Fields]) AND (""Colitis, Ulcerative""[MeSH Terms] OR ""ulcerative colitis""[All Fields] OR ""colitis""[All Fields] OR ""intestinal barrier""[All Fields] OR ""gut barrier""[All Fields] OR ""intestinal mucosa""[All Fields] OR ""intestinal mucosal barrier""[All Fields] OR ""mucosal barrier""[All Fields])",True,False,0,0,True,,not_assigned_manual_full_text_review_required,本次检索未检出候选；不能据此证明无证据
2,蒲公英,大枣,蒲公英＋大枣,0,0,0,,,"(""Pu Gong Ying""[Title/Abstract] OR ""Dandelion""[Title/Abstract] OR ""Herba Taraxaci""[Title/Abstract] OR ""Taraxaci Herba""[Title/Abstract] OR ""Taraxacum mongolicum""[Title/Abstract] OR ""Taraxacum sinicum""[Title/Abstract]) AND (""Dazao""[Title/Abstract] OR ""Jujubae Fructus""[Title/Abstract] OR ""Ziziphus jujuba""[Title/Abstract]) AND (""Colitis, Ulcerative""[MeSH Terms] OR ""ulcerative colitis""[Title/Abstract] OR ""colitis""[Title/Abstract] OR ""intestinal barrier""[Title/Abstract] OR ""gut barrier""[Title/Abstract] OR ""intestinal mucosa""[Title/Abstract] OR ""intestinal mucosal barrier""[Title/Abstract] OR ""mucosal barrier""[Title/Abstract])","(""Pu Gong Ying""[All Fields] OR ""Dandelion""[All Fields] OR ""Herba Taraxaci""[All Fields] OR ""Taraxaci Herba""[All Fields] OR ""Taraxacum mongolicum""[All Fields] OR ""Taraxacum sinicum""[All Fields]) AND (""Dazao""[All Fields] OR ""Jujubae Fructus""[All Fields] OR ""Ziziphus jujuba""[All Fields]) AND (""Colitis, Ulcerative""[MeSH Terms] OR ""ulcerative colitis""[All Fields] OR ""colitis""[All Fields] OR ""intestinal barrier""[All Fields] OR ""gut barrier""[All Fields] OR ""intestinal mucosa""[All Fields] OR ""intestinal mucosal barrier""[All Fields] OR ""mucosal barrier""[All Fields])",True,False,0,0,True,,not_assigned_manual_full_text_review_required,本次检索未检出候选；不能据此证明无证据
3,蒲公英,栀子,蒲公英＋栀子,0,0,0,,,"(""Pu Gong Ying""[Title/Abstract] OR ""Dandelion""[Title/Abstract] OR ""Herba Taraxaci""[Title/Abstract] OR ""Taraxaci Herba""[Title/Abstract] OR ""Taraxacum mongolicum""[Title/Abstract] OR ""Taraxacum sinicum""[Title/Abstract]) AND (""Zhizi""[Title/Abstract] OR ""Gardeniae Fructus""[Title/Abstract] OR ""Gardenia jasminoides""[Title/Abstract]) AND (""Colitis, Ulcerative""[MeSH Terms] OR ""ulcerative colitis""[Title/Abstract] OR ""colitis""[Title/Abstract] OR ""intestinal barrier""[Title/Abstract] OR ""gut barrier""[Title/Abstract] OR ""intestinal mucosa""[Title/Abstract] OR ""intestinal mucosal barrier""[Title/Abstract] OR ""mucosal barrier""[Title/Abstract])","(""Pu Gong Ying""[All Fields] OR ""Dandelion""[All Fields] OR ""Herba Taraxaci""[All Fields] OR ""Taraxaci Herba""[All Fields] OR ""Taraxacum mongolicum""[All Fields] OR ""Taraxacum sinicum""[All Fields]) AND (""Zhizi""[All Fields] OR ""Gardeniae Fructus""[All Fields] OR ""Gardenia jasminoides""[All Fields]) AND (""Colitis, Ulcerative""[MeSH Terms] OR ""ulcerative colitis""[All Fields] OR ""colitis""[All Fields] OR ""intestinal barrier""[All Fields] OR ""gut barrier""[All Fields] OR ""intestinal mucosa""[All Fields] OR ""intestinal mucosal barrier""[All Fields] OR ""mucosal barrier""[All Fields])",True,False,0,0,True,,not_assigned_manual_full_text_review_required,本次检索未检出候选；不能据此证明无证据
4,蒲公英,乌梅,蒲公英＋乌梅,1,1,1,40775561,10.1007/s12011-025-04753-4,"(""Pu Gong Ying""[Title/Abstract] OR ""Dandelion""[Title/Abstract] OR ""Herba Taraxaci""[Title/Abstract] OR ""Taraxaci Herba""[Title/Abstract] OR ""Taraxacum mongolicum""[Title/Abstract] OR ""Taraxacum sinicum""[Title/Abstract]) AND (""Wumei""[Title/Abstract] OR ""Mume Fructus""[Title/Abstract] OR ""Prunus mume""[Title/Abstract]) AND (""Colitis, Ulcerative""[MeSH Terms] OR ""ulcerative colitis""[Title/Abstract] OR ""colitis""[Title/Abstract] OR ""intestinal barrier""[Title/Abstract] OR ""gut barrier""[Title/Abstract] OR ""intestinal mucosa""[Title/Abstract] OR ""intestinal mucosal barrier""[Title/Abstract] OR ""mucosal barrier""[Title/Abstract])","(""Pu Gong Ying""[All Fields] OR ""Dandelion""[All Fields] OR ""Herba Taraxaci""[All Fields] OR ""Taraxaci Herba""[All Fields] OR ""Taraxacum mongolicum""[All Fields] OR ""Taraxacum sinicum""[All Fields]) AND (""Wumei""[All Fields] OR ""Mume Fructus""[All Fields] OR ""Prunus mume""[All Fields]) AND (""Colitis, Ulcerative""[MeSH Terms] OR ""ulcerative colitis""[All Fields] OR ""colitis""[All Fields] OR ""intestinal barrier""[All Fields] OR ""gut barrier""[All Fields] OR ""intestinal mucosa""[All Fields] OR ""intestinal mucosal barrier""[All Fields] OR ""mucosal barrier""[All Fields])",True,True,0,1,True,,not_assigned_manual_full_text_review_required,仅为候选记录；人工全文核验前不得计入配伍证据分
5,蒲公英,金银花,蒲公英＋金银花,0,0,0,,,"(""Pu Gong Ying""[Title/Abstract] OR ""Dandelion""[Title/Abstract] OR ""Herba Taraxaci""[Title/Abstract] OR ""Taraxaci Herba""[Title/Abstract] OR ""Taraxacum mongolicum""[Title/Abstract] OR ""Taraxacum sinicum""[Title/Abstract]) AND (""Jinyinhua""[Title/Abstract] OR ""Lonicerae Japonicae Flos""[Title/Abstract] OR ""Lonicera japonica""[Title/Abstract]) AND (""Colitis, Ulcerative""[MeSH Terms] OR ""ulcerative colitis""[Title/Abstract] OR ""colitis""[Title/Abstract] OR ""intestinal barrier""[Title/Abstract] OR ""gut barrier""[Title/Abstract] OR ""intestinal mucosa""[Title/Abstract] OR ""intestinal mucosal barrier""[Title/Abstract] OR ""mucosal barrier""[Title/Abstract])","(""Pu Gong Ying""[All Fields] OR ""Dandelion""[All Fields] OR ""Herba Taraxaci""[All Fields] OR ""Taraxaci Herba""[All Fields] OR ""Taraxacum mongolicum""[All Fields] OR ""Taraxacum sinicum""[All Fields]) AND (""Jinyinhua""[All Fields] OR ""Lonicerae Japonicae Flos""[All Fields] OR ""Lonicera japonica""[All Fields]) AND (""Colitis, Ulcerative""[MeSH Terms] OR ""ulcerative colitis""[All Fields] OR ""colitis""[All Fields] OR ""intestinal barrier""[All Fields] OR ""gut barrier""[All Fields] OR ""intestinal mucosa""[All Fields] OR ""intestinal mucosal barrier""[All Fields] OR ""mucosal barrier""[All Fields])",True,False,0,0,True,,not_assigned_manual_full_text_review_required,本次检索未检出候选；不能据此证明无证据
6,马齿苋,蒲公英,马齿苋＋蒲公英,0,0,0,,,"(""Machixian""[Title/Abstract] OR ""Portulacae Herba""[Title/Abstract] OR ""Portulaca oleracea""[Title/Abstract]) AND (""Pu Gong Ying""[Title/Abstract] OR ""Dandelion""[Title/Abstract] OR ""Herba Taraxaci""[Title/Abstract] OR ""Taraxaci Herba""[Title/Abstract] OR ""Taraxacum mongolicum""[Title/Abstract] OR ""Taraxacum sinicum""[Title/Abstract]) AND (""Colitis, Ulcerative""[MeSH Terms] OR ""ulcerative colitis""[Title/Abstract] OR ""colitis""[Title/Abstract] OR ""intestinal barrier""[Title/Abstract] OR ""gut barrier""[Title/Abstract] OR ""intestinal mucosa""[Title/Abstract] OR ""intestinal mucosal barrier""[Title/Abstract] OR ""mucosal barrier""[Title/Abstract])","(""Machixian""[All Fields] OR ""Portulacae Herba""[All Fields] OR ""Portulaca oleracea""[All Fields]) AND (""Pu Gong Ying""[All Fields] OR ""Dandelion""[All Fields] OR ""Herba Taraxaci""[All Fields] OR ""Taraxaci Herba""[All Fields] OR ""Taraxacum mongolicum""[All Fields] OR ""Taraxacum sinicum""[All Fields]) AND (""Colitis, Ulcerative""[MeSH Terms] OR ""ulcerative colitis""[All Fields] OR ""colitis""[All Fields] OR ""intestinal barrier""[All Fields] OR ""gut barrier""[All Fields] OR ""intestinal mucosa""[All Fields] OR ""intestinal mucosal barrier""[All Fields] OR ""mucosal barrier""[All Fields])",True,False,0,0,True,,not_assigned_manual_full_text_review_required,本次检索未检出候选；不能据此证明无证据
7,蒲公英,甘草,蒲公英＋甘草,1,1,1,41693711,10.3389/fimmu.2025.1735021,"(""Pu Gong Ying""[Title/Abstract] OR ""Dandelion""[Title/Abstract] OR ""Herba Taraxaci""[Title/Abstract] OR ""Taraxaci Herba""[Title/Abstract] OR ""Taraxacum mongolicum""[Title/Abstract] OR ""Taraxacum sinicum""[Title/Abstract]) AND (""Gancao""[Title/Abstract] OR ""licorice""[Title/Abstract] OR ""Glycyrrhiza uralensis""[Title/Abstract] OR ""Glycyrrhiza inflata""[Title/Abstract] OR ""Glycyrrhiza glabra""[Title/Abstract]) AND (""Colitis, Ulcerative""[MeSH Terms] OR ""ulcerative colitis""[Title/Abstract] OR ""colitis""[Title/Abstract] OR ""intestinal barrier""[Title/Abstract] OR ""gut barrier""[Title/Abstract] OR ""intestinal mucosa""[Title/Abstract] OR ""intestinal mucosal barrier""[Title/Abstract] OR ""mucosal barrier""[Title/Abstract])","(""Pu Gong Ying""[All Fields] OR ""Dandelion""[All Fields] OR ""Herba Taraxaci""[All Fields] OR ""Taraxaci Herba""[All Fields] OR ""Taraxacum mongolicum""[All Fields] OR ""Taraxacum sinicum""[All Fields]) AND (""Gancao""[All Fields] OR ""licorice""[All Fields] OR ""Glycyrrhiza uralensis""[All Fields] OR ""Glycyrrhiza inflata""[All Fields] OR ""Glycyrrhiza glabra""[All Fields]) AND (""Colitis, Ulcerative""[MeSH Terms] OR ""ulcerative colitis""[All Fields] OR ""colitis""[All Fields] OR ""intestinal barrier""[All Fields] OR ""gut barrier""[All Fields] OR ""intestinal mucosa""[All Fields] OR ""intestinal mucosal barrier""[All Fields] OR ""mucosal barrier""[All Fields])",True,True,0,1,True,,not_assigned_manual_full_text_review_required,仅为候选记录；人工全文核验前不得计入配伍证据分
8,莲子,陈皮,莲子＋陈皮,0,0,0,,,"(""LianZi""[Title/Abstract] OR ""Nelumbo nucifera Gaertn.""[Title/Abstract] OR ""Nelumbo nucifera""[Title/Abstract]) AND (""Chenpi""[Title/Abstract] OR ""Citrus Reticulata""[Title/Abstract]) AND (""Colitis, Ulcerative""[MeSH Terms] OR ""ulcerative colitis""[Title/Abstract] OR ""colitis""[Title/Abstract] OR ""intestinal barrier""[Title/Abstract] OR ""gut barrier""[Title/Abstract] OR ""intestinal mucosa""[Title/Abstract] OR ""intestinal mucosal barrier""[Title/Abstract] OR ""mucosal barrier""[Title/Abstract])","(""LianZi""[All Fields] OR ""Nelumbo nucifera Gaertn.""[All Fields] OR ""Nelumbo nucifera""[All Fields]) AND (""Chenpi""[All Fields] OR ""Citrus Reticulata""[All Fields]) AND (""Colitis, Ulcerative""[MeSH Terms] OR ""ulcerative colitis""[All Fields] OR ""colitis""[All Fields] OR ""intestinal barrier""[All Fields] OR ""gut barrier""[All Fields] OR ""intestinal mucosa""[All Fields] OR ""intestinal mucosal barrier""[All Fields] OR ""mucosal barrier""[All Fields])",True,False,0,0,True,,not_assigned_manual_full_text_review_required,本次检索未检出候选；不能据此证明无证据
9,蒲公英,莲子,蒲公英＋莲子,0,0,0,,,"(""Pu Gong Ying""[Title/Abstract] OR ""Dandelion""[Title/Abstract] OR ""Herba Taraxaci""[Title/Abstract] OR ""Taraxaci Herba""[Title/Abstract] OR ""Taraxacum mongolicum""[Title/Abstract] OR ""Taraxacum sinicum""[Title/Abstract]) AND (""LianZi""[Title/Abstract] OR ""Nelumbo nucifera Gaertn.""[Title/Abstract] OR ""Nelumbo nucifera""[Title/Abstract]) AND (""Colitis, Ulcerative""[MeSH Terms] OR ""ulcerative colitis""[Title/Abstract] OR ""colitis""[Title/Abstract] OR ""intestinal barrier""[Title/Abstract] OR ""gut barrier""[Title/Abstract] OR ""intestinal mucosa""[Title/Abstract] OR ""intestinal mucosal barrier""[Title/Abstract] OR ""mucosal barrier""[Title/Abstract])","(""Pu Gong Ying""[All Fields] OR ""Dandelion""[All Fields] OR ""Herba Taraxaci""[All Fields] OR ""Taraxaci Herba""[All Fields] OR ""Taraxacum mongolicum""[All Fields] OR ""Taraxacum sinicum""[All Fields]) AND (""LianZi""[All Fields] OR ""Nelumbo nucifera Gaertn.""[All Fields] OR ""Nelumbo nucifera""[All Fields]) AND (""Colitis, Ulcerative""[MeSH Terms] OR ""ulcerative colitis""[All Fields] OR ""colitis""[All Fields] OR ""intestinal barrier""[All Fields] OR ""gut barrier""[All Fields] OR ""intestinal mucosa""[All Fields] OR ""intestinal mucosal barrier""[All Fields] OR ""mucosal barrier""[All Fields])",True,False,0,0,True,,not_assigned_manual_full_text_review_required,本次检索未检出候选；不能据此证明无证据
10,金银花,槐米,金银花＋槐米,0,0,0,,,"(""Jinyinhua""[Title/Abstract] OR ""Lonicerae Japonicae Flos""[Title/Abstract] OR ""Lonicera japonica""[Title/Abstract]) AND (""Sophora japonica""[Title/Abstract]) AND (""Colitis, Ulcerative""[MeSH Terms] OR ""ulcerative colitis""[Title/Abstract] OR ""colitis""[Title/Abstract] OR ""intestinal barrier""[Title/Abstract] OR ""gut barrier""[Title/Abstract] OR ""intestinal mucosa""[Title/Abstract] OR ""intestinal mucosal barrier""[Title/Abstract] OR ""mucosal barrier""[Title/Abstract])","(""Jinyinhua""[All Fields] OR ""Lonicerae Japonicae Flos""[All Fields] OR ""Lonicera japonica""[All Fields]) AND (""Sophora japonica""[All Fields]) AND (""Colitis, Ulcerative""[MeSH Terms] OR ""ulcerative colitis""[All Fields] OR ""colitis""[All Fields] OR ""intestinal barrier""[All Fields] OR ""gut barrier""[All Fields] OR ""intestinal mucosa""[All Fields] OR ""intestinal mucosal barrier""[All Fields] OR ""mucosal barrier""[All Fields])",True,False,0,0,True,,not_assigned_manual_full_text_review_required,本次检索未检出候选；不能据此证明无证据
11,马齿苋,槐米,马齿苋＋槐米,0,0,0,,,"(""Machixian""[Title/Abstract] OR ""Portulacae Herba""[Title/Abstract] OR ""Portulaca oleracea""[Title/Abstract]) AND (""Sophora japonica""[Title/Abstract]) AND (""Colitis, Ulcerative""[MeSH Terms] OR ""ulcerative colitis""[Title/Abstract] OR ""colitis""[Title/Abstract] OR ""intestinal barrier""[Title/Abstract] OR ""gut barrier""[Title/Abstract] OR ""intestinal mucosa""[Title/Abstract] OR ""intestinal mucosal barrier""[Title/Abstract] OR ""mucosal barrier""[Title/Abstract])","(""Machixian""[All Fields] OR ""Portulacae Herba""[All Fields] OR ""Portulaca oleracea""[All Fields]) AND (""Sophora japonica""[All Fields]) AND (""Colitis, Ulcerative""[MeSH Terms] OR ""ulcerative colitis""[All Fields] OR ""colitis""[All Fields] OR ""intestinal barrier""[All Fields] OR ""gut barrier""[All Fields] OR ""intestinal mucosa""[All Fields] OR ""intestinal mucosal barrier""[All Fields] OR ""mucosal barrier""[All Fields])",True,False,0,0,True,,not_assigned_manual_full_text_review_required,本次检索未检出候选；不能据此证明无证据
12,藿香,乌梅,藿香＋乌梅,0,0,0,,,"(""HuoXiang""[Title/Abstract] OR ""Pogostemon cablin(Blanco)Benth.""[Title/Abstract] OR ""Pogostemon cablin""[Title/Abstract]) AND (""Wumei""[Title/Abstract] OR ""Mume Fructus""[Title/Abstract] OR ""Prunus mume""[Title/Abstract]) AND (""Colitis, Ulcerative""[MeSH Terms] OR ""ulcerative colitis""[Title/Abstract] OR ""colitis""[Title/Abstract] OR ""intestinal barrier""[Title/Abstract] OR ""gut barrier""[Title/Abstract] OR ""intestinal mucosa""[Title/Abstract] OR ""intestinal mucosal barrier""[Title/Abstract] OR ""mucosal barrier""[Title/Abstract])","(""HuoXiang""[All Fields] OR ""Pogostemon cablin(Blanco)Benth.""[All Fields] OR ""Pogostemon cablin""[All Fields]) AND (""Wumei""[All Fields] OR ""Mume Fructus""[All Fields] OR ""Prunus mume""[All Fields]) AND (""Colitis, Ulcerative""[MeSH Terms] OR ""ulcerative colitis""[All Fields] OR ""colitis""[All Fields] OR ""intestinal barrier""[All Fields] OR ""gut barrier""[All Fields] OR ""intestinal mucosa""[All Fields] OR ""intestinal mucosal barrier""[All Fields] OR ""mucosal barrier""[All Fields])",True,False,0,0,True,,not_assigned_manual_full_text_review_required,本次检索未检出候选；不能据此证明无证据
13,栀子,藿香,栀子＋藿香,0,0,0,,,"(""Zhizi""[Title/Abstract] OR ""Gardeniae Fructus""[Title/Abstract] OR ""Gardenia jasminoides""[Title/Abstract]) AND (""HuoXiang""[Title/Abstract] OR ""Pogostemon cablin(Blanco)Benth.""[Title/Abstract] OR ""Pogostemon cablin""[Title/Abstract]) AND (""Colitis, Ulcerative""[MeSH Terms] OR ""ulcerative colitis""[Title/Abstract] OR ""colitis""[Title/Abstract] OR ""intestinal barrier""[Title/Abstract] OR ""gut barrier""[Title/Abstract] OR ""intestinal mucosa""[Title/Abstract] OR ""intestinal mucosal barrier""[Title/Abstract] OR ""mucosal barrier""[Title/Abstract])","(""Zhizi""[All Fields] OR ""Gardeniae Fructus""[All Fields] OR ""Gardenia jasminoides""[All Fields]) AND (""HuoXiang""[All Fields] OR ""Pogostemon cablin(Blanco)Benth.""[All Fields] OR ""Pogostemon cablin""[All Fields]) AND (""Colitis, Ulcerative""[MeSH Terms] OR ""ulcerative colitis""[All Fields] OR ""colitis""[All Fields] OR ""intestinal barrier""[All Fields] OR ""gut barrier""[All Fields] OR ""intestinal mucosa""[All Fields] OR ""intestinal mucosal barrier""[All Fields] OR ""mucosal barrier""[All Fields])",True,False,0,0,True,,not_assigned_manual_full_text_review_required,本次检索未检出候选；不能据此证明无证据
14,鱼腥草,藿香,鱼腥草＋藿香,0,0,0,,,"(""Yuxingcao""[Title/Abstract] OR ""Houttuyniae Herba""[Title/Abstract] OR ""Houttuynia cordata""[Title/Abstract]) AND (""HuoXiang""[Title/Abstract] OR ""Pogostemon cablin(Blanco)Benth.""[Title/Abstract] OR ""Pogostemon cablin""[Title/Abstract]) AND (""Colitis, Ulcerative""[MeSH Terms] OR ""ulcerative colitis""[Title/Abstract] OR ""colitis""[Title/Abstract] OR ""intestinal barrier""[Title/Abstract] OR ""gut barrier""[Title/Abstract] OR ""intestinal mucosa""[Title/Abstract] OR ""intestinal mucosal barrier""[Title/Abstract] OR ""mucosal barrier""[Title/Abstract])","(""Yuxingcao""[All Fields] OR ""Houttuyniae Herba""[All Fields] OR ""Houttuynia cordata""[All Fields]) AND (""HuoXiang""[All Fields] OR ""Pogostemon cablin(Blanco)Benth.""[All Fields] OR ""Pogostemon cablin""[All Fields]) AND (""Colitis, Ulcerative""[MeSH Terms] OR ""ulcerative colitis""[All Fields] OR ""colitis""[All Fields] OR ""intestinal barrier""[All Fields] OR ""gut barrier""[All Fields] OR ""intestinal mucosa""[All Fields] OR ""intestinal mucosal barrier""[All Fields] OR ""mucosal barrier""[All Fields])",True,False,0,0,True,,not_assigned_manual_full_text_review_required,本次检索未检出候选；不能据此证明无证据
15,槐米,甘草,槐米＋甘草,0,0,0,,,"(""Sophora japonica""[Title/Abstract]) AND (""Gancao""[Title/Abstract] OR ""licorice""[Title/Abstract] OR ""Glycyrrhiza uralensis""[Title/Abstract] OR ""Glycyrrhiza inflata""[Title/Abstract] OR ""Glycyrrhiza glabra""[Title/Abstract]) AND (""Colitis, Ulcerative""[MeSH Terms] OR ""ulcerative colitis""[Title/Abstract] OR ""colitis""[Title/Abstract] OR ""intestinal barrier""[Title/Abstract] OR ""gut barrier""[Title/Abstract] OR ""intestinal mucosa""[Title/Abstract] OR ""intestinal mucosal barrier""[Title/Abstract] OR ""mucosal barrier""[Title/Abstract])","(""Sophora japonica""[All Fields]) AND (""Gancao""[All Fields] OR ""licorice""[All Fields] OR ""Glycyrrhiza uralensis""[All Fields] OR ""Glycyrrhiza inflata""[All Fields] OR ""Glycyrrhiza glabra""[All Fields]) AND (""Colitis, Ulcerative""[MeSH Terms] OR ""ulcerative colitis""[All Fields] OR ""colitis""[All Fields] OR ""intestinal barrier""[All Fields] OR ""gut barrier""[All Fields] OR ""intestinal mucosa""[All Fields] OR ""intestinal mucosal barrier""[All Fields] OR ""mucosal barrier""[All Fields])",True,False,0,0,True,,not_assigned_manual_full_text_review_required,本次检索未检出候选；不能据此证明无证据
16,藿香,甘草,藿香＋甘草,0,0,0,,,"(""HuoXiang""[Title/Abstract] OR ""Pogostemon cablin(Blanco)Benth.""[Title/Abstract] OR ""Pogostemon cablin""[Title/Abstract]) AND (""Gancao""[Title/Abstract] OR ""licorice""[Title/Abstract] OR ""Glycyrrhiza uralensis""[Title/Abstract] OR ""Glycyrrhiza inflata""[Title/Abstract] OR ""Glycyrrhiza glabra""[Title/Abstract]) AND (""Colitis, Ulcerative""[MeSH Terms] OR ""ulcerative colitis""[Title/Abstract] OR ""colitis""[Title/Abstract] OR ""intestinal barrier""[Title/Abstract] OR ""gut barrier""[Title/Abstract] OR ""intestinal mucosa""[Title/Abstract] OR ""intestinal mucosal barrier""[Title/Abstract] OR ""mucosal barrier""[Title/Abstract])","(""HuoXiang""[All Fields] OR ""Pogostemon cablin(Blanco)Benth.""[All Fields] OR ""Pogostemon cablin""[All Fields]) AND (""Gancao""[All Fields] OR ""licorice""[All Fields] OR ""Glycyrrhiza uralensis""[All Fields] OR ""Glycyrrhiza inflata""[All Fields] OR ""Glycyrrhiza glabra""[All Fields]) AND (""Colitis, Ulcerative""[MeSH Terms] OR ""ulcerative colitis""[All Fields] OR ""colitis""[All Fields] OR ""intestinal barrier""[All Fields] OR ""gut barrier""[All Fields] OR ""intestinal mucosa""[All Fields] OR ""intestinal mucosal barrier""[All Fields] OR ""mucosal barrier""[All Fields])",True,False,0,0,True,,not_assigned_manual_full_text_review_required,本次检索未检出候选；不能据此证明无证据
17,金银花,藿香,金银花＋藿香,0,0,0,,,"(""Jinyinhua""[Title/Abstract] OR ""Lonicerae Japonicae Flos""[Title/Abstract] OR ""Lonicera japonica""[Title/Abstract]) AND (""HuoXiang""[Title/Abstract] OR ""Pogostemon cablin(Blanco)Benth.""[Title/Abstract] OR ""Pogostemon cablin""[Title/Abstract]) AND (""Colitis, Ulcerative""[MeSH Terms] OR ""ulcerative colitis""[Title/Abstract] OR ""colitis""[Title/Abstract] OR ""intestinal barrier""[Title/Abstract] OR ""gut barrier""[Title/Abstract] OR ""intestinal mucosa""[Title/Abstract] OR ""intestinal mucosal barrier""[Title/Abstract] OR ""mucosal barrier""[Title/Abstract])","(""Jinyinhua""[All Fields] OR ""Lonicerae Japonicae Flos""[All Fields] OR ""Lonicera japonica""[All Fields]) AND (""HuoXiang""[All Fields] OR ""Pogostemon cablin(Blanco)Benth.""[All Fields] OR ""Pogostemon cablin""[All Fields]) AND (""Colitis, Ulcerative""[MeSH Terms] OR ""ulcerative colitis""[All Fields] OR ""colitis""[All Fields] OR ""intestinal barrier""[All Fields] OR ""gut barrier""[All Fields] OR ""intestinal mucosa""[All Fields] OR ""intestinal mucosal barrier""[All Fields] OR ""mucosal barrier""[All Fields])",True,False,0,0,True,,not_assigned_manual_full_text_review_required,本次检索未检出候选；不能据此证明无证据
18,马齿苋,藿香,马齿苋＋藿香,0,0,0,,,"(""Machixian""[Title/Abstract] OR ""Portulacae Herba""[Title/Abstract] OR ""Portulaca oleracea""[Title/Abstract]) AND (""HuoXiang""[Title/Abstract] OR ""Pogostemon cablin(Blanco)Benth.""[Title/Abstract] OR ""Pogostemon cablin""[Title/Abstract]) AND (""Colitis, Ulcerative""[MeSH Terms] OR ""ulcerative colitis""[Title/Abstract] OR ""colitis""[Title/Abstract] OR ""intestinal barrier""[Title/Abstract] OR ""gut barrier""[Title/Abstract] OR ""intestinal mucosa""[Title/Abstract] OR ""intestinal mucosal barrier""[Title/Abstract] OR ""mucosal barrier""[Title/Abstract])","(""Machixian""[All Fields] OR ""Portulacae Herba""[All Fields] OR ""Portulaca oleracea""[All Fields]) AND (""HuoXiang""[All Fields] OR ""Pogostemon cablin(Blanco)Benth.""[All Fields] OR ""Pogostemon cablin""[All Fields]) AND (""Colitis, Ulcerative""[MeSH Terms] OR ""ulcerative colitis""[All Fields] OR ""colitis""[All Fields] OR ""intestinal barrier""[All Fields] OR ""gut barrier""[All Fields] OR ""intestinal mucosa""[All Fields] OR ""intestinal mucosal barrier""[All Fields] OR ""mucosal barrier""[All Fields])",True,False,0,0,True,,not_assigned_manual_full_text_review_required,本次检索未检出候选；不能据此证明无证据
19,藿香,大枣,藿香＋大枣,0,0,0,,,"(""HuoXiang""[Title/Abstract] OR ""Pogostemon cablin(Blanco)Benth.""[Title/Abstract] OR ""Pogostemon cablin""[Title/Abstract]) AND (""Dazao""[Title/Abstract] OR ""Jujubae Fructus""[Title/Abstract] OR ""Ziziphus jujuba""[Title/Abstract]) AND (""Colitis, Ulcerative""[MeSH Terms] OR ""ulcerative colitis""[Title/Abstract] OR ""colitis""[Title/Abstract] OR ""intestinal barrier""[Title/Abstract] OR ""gut barrier""[Title/Abstract] OR ""intestinal mucosa""[Title/Abstract] OR ""intestinal mucosal barrier""[Title/Abstract] OR ""mucosal barrier""[Title/Abstract])","(""HuoXiang""[All Fields] OR ""Pogostemon cablin(Blanco)Benth.""[All Fields] OR ""Pogostemon cablin""[All Fields]) AND (""Dazao""[All Fields] OR ""Jujubae Fructus""[All Fields] OR ""Ziziphus jujuba""[All Fields]) AND (""Colitis, Ulcerative""[MeSH Terms] OR ""ulcerative colitis""[All Fields] OR ""colitis""[All Fields] OR ""intestinal barrier""[All Fields] OR ""gut barrier""[All Fields] OR ""intestinal mucosa""[All Fields] OR ""intestinal mucosal barrier""[All Fields] OR ""mucosal barrier""[All Fields])",True,False,0,0,True,,not_assigned_manual_full_text_review_required,本次检索未检出候选；不能据此证明无证据
20,槐米,薏苡仁,槐米＋薏苡仁,0,0,0,,,"(""Sophora japonica""[Title/Abstract]) AND (""Yiyiren""[Title/Abstract] OR ""Coicis Semen""[Title/Abstract] OR ""Coix lacryma-jobi""[Title/Abstract]) AND (""Colitis, Ulcerative""[MeSH Terms] OR ""ulcerative colitis""[Title/Abstract] OR ""colitis""[Title/Abstract] OR ""intestinal barrier""[Title/Abstract] OR ""gut barrier""[Title/Abstract] OR ""intestinal mucosa""[Title/Abstract] OR ""intestinal mucosal barrier""[Title/Abstract] OR ""mucosal barrier""[Title/Abstract])","(""Sophora japonica""[All Fields]) AND (""Yiyiren""[All Fields] OR ""Coicis Semen""[All Fields] OR ""Coix lacryma-jobi""[All Fields]) AND (""Colitis, Ulcerative""[MeSH Terms] OR ""ulcerative colitis""[All Fields] OR ""colitis""[All Fields] OR ""intestinal barrier""[All Fields] OR ""gut barrier""[All Fields] OR ""intestinal mucosa""[All Fields] OR ""intestinal mucosal barrier""[All Fields] OR ""mucosal barrier""[All Fields])",True,False,0,0,True,,not_assigned_manual_full_text_review_required,本次检索未检出候选；不能据此证明无证据
21,槐米,乌梅,槐米＋乌梅,0,0,0,,,"(""Sophora japonica""[Title/Abstract]) AND (""Wumei""[Title/Abstract] OR ""Mume Fructus""[Title/Abstract] OR ""Prunus mume""[Title/Abstract]) AND (""Colitis, Ulcerative""[MeSH Terms] OR ""ulcerative colitis""[Title/Abstract] OR ""colitis""[Title/Abstract] OR ""intestinal barrier""[Title/Abstract] OR ""gut barrier""[Title/Abstract] OR ""intestinal mucosa""[Title/Abstract] OR ""intestinal mucosal barrier""[Title/Abstract] OR ""mucosal barrier""[Title/Abstract])","(""Sophora japonica""[All Fields]) AND (""Wumei""[All Fields] OR ""Mume Fructus""[All Fields] OR ""Prunus mume""[All Fields]) AND (""Colitis, Ulcerative""[MeSH Terms] OR ""ulcerative colitis""[All Fields] OR ""colitis""[All Fields] OR ""intestinal barrier""[All Fields] OR ""gut barrier""[All Fields] OR ""intestinal mucosa""[All Fields] OR ""intestinal mucosal barrier""[All Fields] OR ""mucosal barrier""[All Fields])",True,False,0,0,True,,not_assigned_manual_full_text_review_required,本次检索未检出候选；不能据此证明无证据
22,槐米,大枣,槐米＋大枣,0,0,0,,,"(""Sophora japonica""[Title/Abstract]) AND (""Dazao""[Title/Abstract] OR ""Jujubae Fructus""[Title/Abstract] OR ""Ziziphus jujuba""[Title/Abstract]) AND (""Colitis, Ulcerative""[MeSH Terms] OR ""ulcerative colitis""[Title/Abstract] OR ""colitis""[Title/Abstract] OR ""intestinal barrier""[Title/Abstract] OR ""gut barrier""[Title/Abstract] OR ""intestinal mucosa""[Title/Abstract] OR ""intestinal mucosal barrier""[Title/Abstract] OR ""mucosal barrier""[Title/Abstract])","(""Sophora japonica""[All Fields]) AND (""Dazao""[All Fields] OR ""Jujubae Fructus""[All Fields] OR ""Ziziphus jujuba""[All Fields]) AND (""Colitis, Ulcerative""[MeSH Terms] OR ""ulcerative colitis""[All Fields] OR ""colitis""[All Fields] OR ""intestinal barrier""[All Fields] OR ""gut barrier""[All Fields] OR ""intestinal mucosa""[All Fields] OR ""intestinal mucosal barrier""[All Fields] OR ""mucosal barrier""[All Fields])",True,False,0,0,True,,not_assigned_manual_full_text_review_required,本次检索未检出候选；不能据此证明无证据
23,槐米,生姜,槐米＋生姜,0,0,0,,,"(""Sophora japonica""[Title/Abstract]) AND (""Shengjiang""[Title/Abstract] OR ""Zingiber Officinale Roscoe""[Title/Abstract] OR ""Zingiber officinale""[Title/Abstract]) AND (""Colitis, Ulcerative""[MeSH Terms] OR ""ulcerative colitis""[Title/Abstract] OR ""colitis""[Title/Abstract] OR ""intestinal barrier""[Title/Abstract] OR ""gut barrier""[Title/Abstract] OR ""intestinal mucosa""[Title/Abstract] OR ""intestinal mucosal barrier""[Title/Abstract] OR ""mucosal barrier""[Title/Abstract])","(""Sophora japonica""[All Fields]) AND (""Shengjiang""[All Fields] OR ""Zingiber Officinale Roscoe""[All Fields] OR ""Zingiber officinale""[All Fields]) AND (""Colitis, Ulcerative""[MeSH Terms] OR ""ulcerative colitis""[All Fields] OR ""colitis""[All Fields] OR ""intestinal barrier""[All Fields] OR ""gut barrier""[All Fields] OR ""intestinal mucosa""[All Fields] OR ""intestinal mucosal barrier""[All Fields] OR ""mucosal barrier""[All Fields])",True,False,0,0,True,,not_assigned_manual_full_text_review_required,本次检索未检出候选；不能据此证明无证据
24,槐米,砂仁,槐米＋砂仁,0,0,0,,,"(""Sophora japonica""[Title/Abstract]) AND (""Sharen""[Title/Abstract] OR ""Amomum Aurantiacum H. T. Tsai Et S. W. Zhao""[Title/Abstract] OR ""Amomum villosum""[Title/Abstract]) AND (""Colitis, Ulcerative""[MeSH Terms] OR ""ulcerative colitis""[Title/Abstract] OR ""colitis""[Title/Abstract] OR ""intestinal barrier""[Title/Abstract] OR ""gut barrier""[Title/Abstract] OR ""intestinal mucosa""[Title/Abstract] OR ""intestinal mucosal barrier""[Title/Abstract] OR ""mucosal barrier""[Title/Abstract])","(""Sophora japonica""[All Fields]) AND (""Sharen""[All Fields] OR ""Amomum Aurantiacum H. T. Tsai Et S. W. Zhao""[All Fields] OR ""Amomum villosum""[All Fields]) AND (""Colitis, Ulcerative""[MeSH Terms] OR ""ulcerative colitis""[All Fields] OR ""colitis""[All Fields] OR ""intestinal barrier""[All Fields] OR ""gut barrier""[All Fields] OR ""intestinal mucosa""[All Fields] OR ""intestinal mucosal barrier""[All Fields] OR ""mucosal barrier""[All Fields])",True,False,0,0,True,,not_assigned_manual_full_text_review_required,本次检索未检出候选；不能据此证明无证据
25,栀子,槐米,栀子＋槐米,0,0,0,,,"(""Zhizi""[Title/Abstract] OR ""Gardeniae Fructus""[Title/Abstract] OR ""Gardenia jasminoides""[Title/Abstract]) AND (""Sophora japonica""[Title/Abstract]) AND (""Colitis, Ulcerative""[MeSH Terms] OR ""ulcerative colitis""[Title/Abstract] OR ""colitis""[Title/Abstract] OR ""intestinal barrier""[Title/Abstract] OR ""gut barrier""[Title/Abstract] OR ""intestinal mucosa""[Title/Abstract] OR ""intestinal mucosal barrier""[Title/Abstract] OR ""mucosal barrier""[Title/Abstract])","(""Zhizi""[All Fields] OR ""Gardeniae Fructus""[All Fields] OR ""Gardenia jasminoides""[All Fields]) AND (""Sophora japonica""[All Fields]) AND (""Colitis, Ulcerative""[MeSH Terms] OR ""ulcerative colitis""[All Fields] OR ""colitis""[All Fields] OR ""intestinal barrier""[All Fields] OR ""gut barrier""[All Fields] OR ""intestinal mucosa""[All Fields] OR ""intestinal mucosal barrier""[All Fields] OR ""mucosal barrier""[All Fields])",True,False,0,0,True,,not_assigned_manual_full_text_review_required,本次检索未检出候选；不能据此证明无证据
26,鱼腥草,槐米,鱼腥草＋槐米,0,0,0,,,"(""Yuxingcao""[Title/Abstract] OR ""Houttuyniae Herba""[Title/Abstract] OR ""Houttuynia cordata""[Title/Abstract]) AND (""Sophora japonica""[Title/Abstract]) AND (""Colitis, Ulcerative""[MeSH Terms] OR ""ulcerative colitis""[Title/Abstract] OR ""colitis""[Title/Abstract] OR ""intestinal barrier""[Title/Abstract] OR ""gut barrier""[Title/Abstract] OR ""intestinal mucosa""[Title/Abstract] OR ""intestinal mucosal barrier""[Title/Abstract] OR ""mucosal barrier""[Title/Abstract])","(""Yuxingcao""[All Fields] OR ""Houttuyniae Herba""[All Fields] OR ""Houttuynia cordata""[All Fields]) AND (""Sophora japonica""[All Fields]) AND (""Colitis, Ulcerative""[MeSH Terms] OR ""ulcerative colitis""[All Fields] OR ""colitis""[All Fields] OR ""intestinal barrier""[All Fields] OR ""gut barrier""[All Fields] OR ""intestinal mucosa""[All Fields] OR ""intestinal mucosal barrier""[All Fields] OR ""mucosal barrier""[All Fields])",True,False,0,0,True,,not_assigned_manual_full_text_review_required,本次检索未检出候选；不能据此证明无证据
27,槐米,山药,槐米＋山药,0,0,0,,,"(""Sophora japonica""[Title/Abstract]) AND (""Shanyao""[Title/Abstract] OR ""Rhizoma Dioscoreae""[Title/Abstract] OR ""Dioscorea opposita""[Title/Abstract]) AND (""Colitis, Ulcerative""[MeSH Terms] OR ""ulcerative colitis""[Title/Abstract] OR ""colitis""[Title/Abstract] OR ""intestinal barrier""[Title/Abstract] OR ""gut barrier""[Title/Abstract] OR ""intestinal mucosa""[Title/Abstract] OR ""intestinal mucosal barrier""[Title/Abstract] OR ""mucosal barrier""[Title/Abstract])","(""Sophora japonica""[All Fields]) AND (""Shanyao""[All Fields] OR ""Rhizoma Dioscoreae""[All Fields] OR ""Dioscorea opposita""[All Fields]) AND (""Colitis, Ulcerative""[MeSH Terms] OR ""ulcerative colitis""[All Fields] OR ""colitis""[All Fields] OR ""intestinal barrier""[All Fields] OR ""gut barrier""[All Fields] OR ""intestinal mucosa""[All Fields] OR ""intestinal mucosal barrier""[All Fields] OR ""mucosal barrier""[All Fields])",True,False,0,0,True,,not_assigned_manual_full_text_review_required,本次检索未检出候选；不能据此证明无证据
28,槐米,莲子,槐米＋莲子,0,0,0,,,"(""Sophora japonica""[Title/Abstract]) AND (""LianZi""[Title/Abstract] OR ""Nelumbo nucifera Gaertn.""[Title/Abstract] OR ""Nelumbo nucifera""[Title/Abstract]) AND (""Colitis, Ulcerative""[MeSH Terms] OR ""ulcerative colitis""[Title/Abstract] OR ""colitis""[Title/Abstract] OR ""intestinal barrier""[Title/Abstract] OR ""gut barrier""[Title/Abstract] OR ""intestinal mucosa""[Title/Abstract] OR ""intestinal mucosal barrier""[Title/Abstract] OR ""mucosal barrier""[Title/Abstract])","(""Sophora japonica""[All Fields]) AND (""LianZi""[All Fields] OR ""Nelumbo nucifera Gaertn.""[All Fields] OR ""Nelumbo nucifera""[All Fields]) AND (""Colitis, Ulcerative""[MeSH Terms] OR ""ulcerative colitis""[All Fields] OR ""colitis""[All Fields] OR ""intestinal barrier""[All Fields] OR ""gut barrier""[All Fields] OR ""intestinal mucosa""[All Fields] OR ""intestinal mucosal barrier""[All Fields] OR ""mucosal barrier""[All Fields])",True,False,0,0,True,,not_assigned_manual_full_text_review_required,本次检索未检出候选；不能据此证明无证据
29,槐米,藿香,槐米＋藿香,0,0,0,,,"(""Sophora japonica""[Title/Abstract]) AND (""HuoXiang""[Title/Abstract] OR ""Pogostemon cablin(Blanco)Benth.""[Title/Abstract] OR ""Pogostemon cablin""[Title/Abstract]) AND (""Colitis, Ulcerative""[MeSH Terms] OR ""ulcerative colitis""[Title/Abstract] OR ""colitis""[Title/Abstract] OR ""intestinal barrier""[Title/Abstract] OR ""gut barrier""[Title/Abstract] OR ""intestinal mucosa""[Title/Abstract] OR ""intestinal mucosal barrier""[Title/Abstract] OR ""mucosal barrier""[Title/Abstract])","(""Sophora japonica""[All Fields]) AND (""HuoXiang""[All Fields] OR ""Pogostemon cablin(Blanco)Benth.""[All Fields] OR ""Pogostemon cablin""[All Fields]) AND (""Colitis, Ulcerative""[MeSH Terms] OR ""ulcerative colitis""[All Fields] OR ""colitis""[All Fields] OR ""intestinal barrier""[All Fields] OR ""gut barrier""[All Fields] OR ""intestinal mucosa""[All Fields] OR ""intestinal mucosal barrier""[All Fields] OR ""mucosal barrier""[All Fields])",True,False,0,0,True,,not_assigned_manual_full_text_review_required,本次检索未检出候选；不能据此证明无证据
30,山药,陈皮,山药＋陈皮,0,0,0,,,"(""Shanyao""[Title/Abstract] OR ""Rhizoma Dioscoreae""[Title/Abstract] OR ""Dioscorea opposita""[Title/Abstract]) AND (""Chenpi""[Title/Abstract] OR ""Citrus Reticulata""[Title/Abstract]) AND (""Colitis, Ulcerative""[MeSH Terms] OR ""ulcerative colitis""[Title/Abstract] OR ""colitis""[Title/Abstract] OR ""intestinal barrier""[Title/Abstract] OR ""gut barrier""[Title/Abstract] OR ""intestinal mucosa""[Title/Abstract] OR ""intestinal mucosal barrier""[Title/Abstract] OR ""mucosal barrier""[Title/Abstract])","(""Shanyao""[All Fields] OR ""Rhizoma Dioscoreae""[All Fields] OR ""Dioscorea opposita""[All Fields]) AND (""Chenpi""[All Fields] OR ""Citrus Reticulata""[All Fields]) AND (""Colitis, Ulcerative""[MeSH Terms] OR ""ulcerative colitis""[All Fields] OR ""colitis""[All Fields] OR ""intestinal barrier""[All Fields] OR ""gut barrier""[All Fields] OR ""intestinal mucosa""[All Fields] OR ""intestinal mucosal barrier""[All Fields] OR ""mucosal barrier""[All Fields])",True,False,0,0,True,,not_assigned_manual_full_text_review_required,本次检索未检出候选；不能据此证明无证据
31,蒲公英,山药,蒲公英＋山药,0,0,0,,,"(""Pu Gong Ying""[Title/Abstract] OR ""Dandelion""[Title/Abstract] OR ""Herba Taraxaci""[Title/Abstract] OR ""Taraxaci Herba""[Title/Abstract] OR ""Taraxacum mongolicum""[Title/Abstract] OR ""Taraxacum sinicum""[Title/Abstract]) AND (""Shanyao""[Title/Abstract] OR ""Rhizoma Dioscoreae""[Title/Abstract] OR ""Dioscorea opposita""[Title/Abstract]) AND (""Colitis, Ulcerative""[MeSH Terms] OR ""ulcerative colitis""[Title/Abstract] OR ""colitis""[Title/Abstract] OR ""intestinal barrier""[Title/Abstract] OR ""gut barrier""[Title/Abstract] OR ""intestinal mucosa""[Title/Abstract] OR ""intestinal mucosal barrier""[Title/Abstract] OR ""mucosal barrier""[Title/Abstract])","(""Pu Gong Ying""[All Fields] OR ""Dandelion""[All Fields] OR ""Herba Taraxaci""[All Fields] OR ""Taraxaci Herba""[All Fields] OR ""Taraxacum mongolicum""[All Fields] OR ""Taraxacum sinicum""[All Fields]) AND (""Shanyao""[All Fields] OR ""Rhizoma Dioscoreae""[All Fields] OR ""Dioscorea opposita""[All Fields]) AND (""Colitis, Ulcerative""[MeSH Terms] OR ""ulcerative colitis""[All Fields] OR ""colitis""[All Fields] OR ""intestinal barrier""[All Fields] OR ""gut barrier""[All Fields] OR ""intestinal mucosa""[All Fields] OR ""intestinal mucosal barrier""[All Fields] OR ""mucosal barrier""[All Fields])",True,False,0,0,True,,not_assigned_manual_full_text_review_required,本次检索未检出候选；不能据此证明无证据
32,金银花,陈皮,金银花＋陈皮,0,0,0,,,"(""Jinyinhua""[Title/Abstract] OR ""Lonicerae Japonicae Flos""[Title/Abstract] OR ""Lonicera japonica""[Title/Abstract]) AND (""Chenpi""[Title/Abstract] OR ""Citrus Reticulata""[Title/Abstract]) AND (""Colitis, Ulcerative""[MeSH Terms] OR ""ulcerative colitis""[Title/Abstract] OR ""colitis""[Title/Abstract] OR ""intestinal barrier""[Title/Abstract] OR ""gut barrier""[Title/Abstract] OR ""intestinal mucosa""[Title/Abstract] OR ""intestinal mucosal barrier""[Title/Abstract] OR ""mucosal barrier""[Title/Abstract])","(""Jinyinhua""[All Fields] OR ""Lonicerae Japonicae Flos""[All Fields] OR ""Lonicera japonica""[All Fields]) AND (""Chenpi""[All Fields] OR ""Citrus Reticulata""[All Fields]) AND (""Colitis, Ulcerative""[MeSH Terms] OR ""ulcerative colitis""[All Fields] OR ""colitis""[All Fields] OR ""intestinal barrier""[All Fields] OR ""gut barrier""[All Fields] OR ""intestinal mucosa""[All Fields] OR ""intestinal mucosal barrier""[All Fields] OR ""mucosal barrier""[All Fields])",True,False,0,0,True,,not_assigned_manual_full_text_review_required,本次检索未检出候选；不能据此证明无证据
33,马齿苋,陈皮,马齿苋＋陈皮,0,0,0,,,"(""Machixian""[Title/Abstract] OR ""Portulacae Herba""[Title/Abstract] OR ""Portulaca oleracea""[Title/Abstract]) AND (""Chenpi""[Title/Abstract] OR ""Citrus Reticulata""[Title/Abstract]) AND (""Colitis, Ulcerative""[MeSH Terms] OR ""ulcerative colitis""[Title/Abstract] OR ""colitis""[Title/Abstract] OR ""intestinal barrier""[Title/Abstract] OR ""gut barrier""[Title/Abstract] OR ""intestinal mucosa""[Title/Abstract] OR ""intestinal mucosal barrier""[Title/Abstract] OR ""mucosal barrier""[Title/Abstract])","(""Machixian""[All Fields] OR ""Portulacae Herba""[All Fields] OR ""Portulaca oleracea""[All Fields]) AND (""Chenpi""[All Fields] OR ""Citrus Reticulata""[All Fields]) AND (""Colitis, Ulcerative""[MeSH Terms] OR ""ulcerative colitis""[All Fields] OR ""colitis""[All Fields] OR ""intestinal barrier""[All Fields] OR ""gut barrier""[All Fields] OR ""intestinal mucosa""[All Fields] OR ""intestinal mucosal barrier""[All Fields] OR ""mucosal barrier""[All Fields])",True,False,0,0,True,,not_assigned_manual_full_text_review_required,本次检索未检出候选；不能据此证明无证据
34,陈皮,乌梅,陈皮＋乌梅,0,0,0,,,"(""Chenpi""[Title/Abstract] OR ""Citrus Reticulata""[Title/Abstract]) AND (""Wumei""[Title/Abstract] OR ""Mume Fructus""[Title/Abstract] OR ""Prunus mume""[Title/Abstract]) AND (""Colitis, Ulcerative""[MeSH Terms] OR ""ulcerative colitis""[Title/Abstract] OR ""colitis""[Title/Abstract] OR ""intestinal barrier""[Title/Abstract] OR ""gut barrier""[Title/Abstract] OR ""intestinal mucosa""[Title/Abstract] OR ""intestinal mucosal barrier""[Title/Abstract] OR ""mucosal barrier""[Title/Abstract])","(""Chenpi""[All Fields] OR ""Citrus Reticulata""[All Fields]) AND (""Wumei""[All Fields] OR ""Mume Fructus""[All Fields] OR ""Prunus mume""[All Fields]) AND (""Colitis, Ulcerative""[MeSH Terms] OR ""ulcerative colitis""[All Fields] OR ""colitis""[All Fields] OR ""intestinal barrier""[All Fields] OR ""gut barrier""[All Fields] OR ""intestinal mucosa""[All Fields] OR ""intestinal mucosal barrier""[All Fields] OR ""mucosal barrier""[All Fields])",True,False,0,0,True,,not_assigned_manual_full_text_review_required,本次检索未检出候选；不能据此证明无证据
35,陈皮,大枣,陈皮＋大枣,0,0,0,,,"(""Chenpi""[Title/Abstract] OR ""Citrus Reticulata""[Title/Abstract]) AND (""Dazao""[Title/Abstract] OR ""Jujubae Fructus""[Title/Abstract] OR ""Ziziphus jujuba""[Title/Abstract]) AND (""Colitis, Ulcerative""[MeSH Terms] OR ""ulcerative colitis""[Title/Abstract] OR ""colitis""[Title/Abstract] OR ""intestinal barrier""[Title/Abstract] OR ""gut barrier""[Title/Abstract] OR ""intestinal mucosa""[Title/Abstract] OR ""intestinal mucosal barrier""[Title/Abstract] OR ""mucosal barrier""[Title/Abstract])","(""Chenpi""[All Fields] OR ""Citrus Reticulata""[All Fields]) AND (""Dazao""[All Fields] OR ""Jujubae Fructus""[All Fields] OR ""Ziziphus jujuba""[All Fields]) AND (""Colitis, Ulcerative""[MeSH Terms] OR ""ulcerative colitis""[All Fields] OR ""colitis""[All Fields] OR ""intestinal barrier""[All Fields] OR ""gut barrier""[All Fields] OR ""intestinal mucosa""[All Fields] OR ""intestinal mucosal barrier""[All Fields] OR ""mucosal barrier""[All Fields])",True,False,0,0,True,,not_assigned_manual_full_text_review_required,本次检索未检出候选；不能据此证明无证据
36,栀子,陈皮,栀子＋陈皮,0,0,0,,,"(""Zhizi""[Title/Abstract] OR ""Gardeniae Fructus""[Title/Abstract] OR ""Gardenia jasminoides""[Title/Abstract]) AND (""Chenpi""[Title/Abstract] OR ""Citrus Reticulata""[Title/Abstract]) AND (""Colitis, Ulcerative""[MeSH Terms] OR ""ulcerative colitis""[Title/Abstract] OR ""colitis""[Title/Abstract] OR ""intestinal barrier""[Title/Abstract] OR ""gut barrier""[Title/Abstract] OR ""intestinal mucosa""[Title/Abstract] OR ""intestinal mucosal barrier""[Title/Abstract] OR ""mucosal barrier""[Title/Abstract])","(""Zhizi""[All Fields] OR ""Gardeniae Fructus""[All Fields] OR ""Gardenia jasminoides""[All Fields]) AND (""Chenpi""[All Fields] OR ""Citrus Reticulata""[All Fields]) AND (""Colitis, Ulcerative""[MeSH Terms] OR ""ulcerative colitis""[All Fields] OR ""colitis""[All Fields] OR ""intestinal barrier""[All Fields] OR ""gut barrier""[All Fields] OR ""intestinal mucosa""[All Fields] OR ""intestinal mucosal barrier""[All Fields] OR ""mucosal barrier""[All Fields])",True,False,0,0,True,,not_assigned_manual_full_text_review_required,本次检索未检出候选；不能据此证明无证据
37,槐米,陈皮,槐米＋陈皮,0,0,0,,,"(""Sophora japonica""[Title/Abstract]) AND (""Chenpi""[Title/Abstract] OR ""Citrus Reticulata""[Title/Abstract]) AND (""Colitis, Ulcerative""[MeSH Terms] OR ""ulcerative colitis""[Title/Abstract] OR ""colitis""[Title/Abstract] OR ""intestinal barrier""[Title/Abstract] OR ""gut barrier""[Title/Abstract] OR ""intestinal mucosa""[Title/Abstract] OR ""intestinal mucosal barrier""[Title/Abstract] OR ""mucosal barrier""[Title/Abstract])","(""Sophora japonica""[All Fields]) AND (""Chenpi""[All Fields] OR ""Citrus Reticulata""[All Fields]) AND (""Colitis, Ulcerative""[MeSH Terms] OR ""ulcerative colitis""[All Fields] OR ""colitis""[All Fields] OR ""intestinal barrier""[All Fields] OR ""gut barrier""[All Fields] OR ""intestinal mucosa""[All Fields] OR ""intestinal mucosal barrier""[All Fields] OR ""mucosal barrier""[All Fields])",True,False,0,0,True,,not_assigned_manual_full_text_review_required,本次检索未检出候选；不能据此证明无证据
38,鱼腥草,陈皮,鱼腥草＋陈皮,0,0,0,,,"(""Yuxingcao""[Title/Abstract] OR ""Houttuyniae Herba""[Title/Abstract] OR ""Houttuynia cordata""[Title/Abstract]) AND (""Chenpi""[Title/Abstract] OR ""Citrus Reticulata""[Title/Abstract]) AND (""Colitis, Ulcerative""[MeSH Terms] OR ""ulcerative colitis""[Title/Abstract] OR ""colitis""[Title/Abstract] OR ""intestinal barrier""[Title/Abstract] OR ""gut barrier""[Title/Abstract] OR ""intestinal mucosa""[Title/Abstract] OR ""intestinal mucosal barrier""[Title/Abstract] OR ""mucosal barrier""[Title/Abstract])","(""Yuxingcao""[All Fields] OR ""Houttuyniae Herba""[All Fields] OR ""Houttuynia cordata""[All Fields]) AND (""Chenpi""[All Fields] OR ""Citrus Reticulata""[All Fields]) AND (""Colitis, Ulcerative""[MeSH Terms] OR ""ulcerative colitis""[All Fields] OR ""colitis""[All Fields] OR ""intestinal barrier""[All Fields] OR ""gut barrier""[All Fields] OR ""intestinal mucosa""[All Fields] OR ""intestinal mucosal barrier""[All Fields] OR ""mucosal barrier""[All Fields])",True,False,0,0,True,,not_assigned_manual_full_text_review_required,本次检索未检出候选；不能据此证明无证据
39,陈皮,甘草,陈皮＋甘草,0,0,0,,,"(""Chenpi""[Title/Abstract] OR ""Citrus Reticulata""[Title/Abstract]) AND (""Gancao""[Title/Abstract] OR ""licorice""[Title/Abstract] OR ""Glycyrrhiza uralensis""[Title/Abstract] OR ""Glycyrrhiza inflata""[Title/Abstract] OR ""Glycyrrhiza glabra""[Title/Abstract]) AND (""Colitis, Ulcerative""[MeSH Terms] OR ""ulcerative colitis""[Title/Abstract] OR ""colitis""[Title/Abstract] OR ""intestinal barrier""[Title/Abstract] OR ""gut barrier""[Title/Abstract] OR ""intestinal mucosa""[Title/Abstract] OR ""intestinal mucosal barrier""[Title/Abstract] OR ""mucosal barrier""[Title/Abstract])","(""Chenpi""[All Fields] OR ""Citrus Reticulata""[All Fields]) AND (""Gancao""[All Fields] OR ""licorice""[All Fields] OR ""Glycyrrhiza uralensis""[All Fields] OR ""Glycyrrhiza inflata""[All Fields] OR ""Glycyrrhiza glabra""[All Fields]) AND (""Colitis, Ulcerative""[MeSH Terms] OR ""ulcerative colitis""[All Fields] OR ""colitis""[All Fields] OR ""intestinal barrier""[All Fields] OR ""gut barrier""[All Fields] OR ""intestinal mucosa""[All Fields] OR ""intestinal mucosal barrier""[All Fields] OR ""mucosal barrier""[All Fields])",True,False,0,0,True,,not_assigned_manual_full_text_review_required,本次检索未检出候选；不能据此证明无证据
40,白扁豆,山药,白扁豆＋山药,0,0,0,,,"(""Baibiandou""[Title/Abstract] OR ""Lablab Semen Album""[Title/Abstract] OR ""Dolichos lablab""[Title/Abstract]) AND (""Shanyao""[Title/Abstract] OR ""Rhizoma Dioscoreae""[Title/Abstract] OR ""Dioscorea opposita""[Title/Abstract]) AND (""Colitis, Ulcerative""[MeSH Terms] OR ""ulcerative colitis""[Title/Abstract] OR ""colitis""[Title/Abstract] OR ""intestinal barrier""[Title/Abstract] OR ""gut barrier""[Title/Abstract] OR ""intestinal mucosa""[Title/Abstract] OR ""intestinal mucosal barrier""[Title/Abstract] OR ""mucosal barrier""[Title/Abstract])","(""Baibiandou""[All Fields] OR ""Lablab Semen Album""[All Fields] OR ""Dolichos lablab""[All Fields]) AND (""Shanyao""[All Fields] OR ""Rhizoma Dioscoreae""[All Fields] OR ""Dioscorea opposita""[All Fields]) AND (""Colitis, Ulcerative""[MeSH Terms] OR ""ulcerative colitis""[All Fields] OR ""colitis""[All Fields] OR ""intestinal barrier""[All Fields] OR ""gut barrier""[All Fields] OR ""intestinal mucosa""[All Fields] OR ""intestinal mucosal barrier""[All Fields] OR ""mucosal barrier""[All Fields])",True,False,0,0,True,,not_assigned_manual_full_text_review_required,本次检索未检出候选；不能据此证明无证据
41,山药,芡实,山药＋芡实,0,0,0,,,"(""Shanyao""[Title/Abstract] OR ""Rhizoma Dioscoreae""[Title/Abstract] OR ""Dioscorea opposita""[Title/Abstract]) AND (""Qianshi""[Title/Abstract] OR ""Euryales Semen""[Title/Abstract] OR ""Euryale ferox""[Title/Abstract]) AND (""Colitis, Ulcerative""[MeSH Terms] OR ""ulcerative colitis""[Title/Abstract] OR ""colitis""[Title/Abstract] OR ""intestinal barrier""[Title/Abstract] OR ""gut barrier""[Title/Abstract] OR ""intestinal mucosa""[Title/Abstract] OR ""intestinal mucosal barrier""[Title/Abstract] OR ""mucosal barrier""[Title/Abstract])","(""Shanyao""[All Fields] OR ""Rhizoma Dioscoreae""[All Fields] OR ""Dioscorea opposita""[All Fields]) AND (""Qianshi""[All Fields] OR ""Euryales Semen""[All Fields] OR ""Euryale ferox""[All Fields]) AND (""Colitis, Ulcerative""[MeSH Terms] OR ""ulcerative colitis""[All Fields] OR ""colitis""[All Fields] OR ""intestinal barrier""[All Fields] OR ""gut barrier""[All Fields] OR ""intestinal mucosa""[All Fields] OR ""intestinal mucosal barrier""[All Fields] OR ""mucosal barrier""[All Fields])",True,False,0,0,True,,not_assigned_manual_full_text_review_required,本次检索未检出候选；不能据此证明无证据
42,蒲公英,藿香,蒲公英＋藿香,0,0,0,,,"(""Pu Gong Ying""[Title/Abstract] OR ""Dandelion""[Title/Abstract] OR ""Herba Taraxaci""[Title/Abstract] OR ""Taraxaci Herba""[Title/Abstract] OR ""Taraxacum mongolicum""[Title/Abstract] OR ""Taraxacum sinicum""[Title/Abstract]) AND (""HuoXiang""[Title/Abstract] OR ""Pogostemon cablin(Blanco)Benth.""[Title/Abstract] OR ""Pogostemon cablin""[Title/Abstract]) AND (""Colitis, Ulcerative""[MeSH Terms] OR ""ulcerative colitis""[Title/Abstract] OR ""colitis""[Title/Abstract] OR ""intestinal barrier""[Title/Abstract] OR ""gut barrier""[Title/Abstract] OR ""intestinal mucosa""[Title/Abstract] OR ""intestinal mucosal barrier""[Title/Abstract] OR ""mucosal barrier""[Title/Abstract])","(""Pu Gong Ying""[All Fields] OR ""Dandelion""[All Fields] OR ""Herba Taraxaci""[All Fields] OR ""Taraxaci Herba""[All Fields] OR ""Taraxacum mongolicum""[All Fields] OR ""Taraxacum sinicum""[All Fields]) AND (""HuoXiang""[All Fields] OR ""Pogostemon cablin(Blanco)Benth.""[All Fields] OR ""Pogostemon cablin""[All Fields]) AND (""Colitis, Ulcerative""[MeSH Terms] OR ""ulcerative colitis""[All Fields] OR ""colitis""[All Fields] OR ""intestinal barrier""[All Fields] OR ""gut barrier""[All Fields] OR ""intestinal mucosa""[All Fields] OR ""intestinal mucosal barrier""[All Fields] OR ""mucosal barrier""[All Fields])",True,False,0,0,True,,not_assigned_manual_full_text_review_required,本次检索未检出候选；不能据此证明无证据
43,莲子,乌梅,莲子＋乌梅,0,0,0,,,"(""LianZi""[Title/Abstract] OR ""Nelumbo nucifera Gaertn.""[Title/Abstract] OR ""Nelumbo nucifera""[Title/Abstract]) AND (""Wumei""[Title/Abstract] OR ""Mume Fructus""[Title/Abstract] OR ""Prunus mume""[Title/Abstract]) AND (""Colitis, Ulcerative""[MeSH Terms] OR ""ulcerative colitis""[Title/Abstract] OR ""colitis""[Title/Abstract] OR ""intestinal barrier""[Title/Abstract] OR ""gut barrier""[Title/Abstract] OR ""intestinal mucosa""[Title/Abstract] OR ""intestinal mucosal barrier""[Title/Abstract] OR ""mucosal barrier""[Title/Abstract])","(""LianZi""[All Fields] OR ""Nelumbo nucifera Gaertn.""[All Fields] OR ""Nelumbo nucifera""[All Fields]) AND (""Wumei""[All Fields] OR ""Mume Fructus""[All Fields] OR ""Prunus mume""[All Fields]) AND (""Colitis, Ulcerative""[MeSH Terms] OR ""ulcerative colitis""[All Fields] OR ""colitis""[All Fields] OR ""intestinal barrier""[All Fields] OR ""gut barrier""[All Fields] OR ""intestinal mucosa""[All Fields] OR ""intestinal mucosal barrier""[All Fields] OR ""mucosal barrier""[All Fields])",True,False,0,0,True,,not_assigned_manual_full_text_review_required,本次检索未检出候选；不能据此证明无证据
44,鱼腥草,莲子,鱼腥草＋莲子,0,0,0,,,"(""Yuxingcao""[Title/Abstract] OR ""Houttuyniae Herba""[Title/Abstract] OR ""Houttuynia cordata""[Title/Abstract]) AND (""LianZi""[Title/Abstract] OR ""Nelumbo nucifera Gaertn.""[Title/Abstract] OR ""Nelumbo nucifera""[Title/Abstract]) AND (""Colitis, Ulcerative""[MeSH Terms] OR ""ulcerative colitis""[Title/Abstract] OR ""colitis""[Title/Abstract] OR ""intestinal barrier""[Title/Abstract] OR ""gut barrier""[Title/Abstract] OR ""intestinal mucosa""[Title/Abstract] OR ""intestinal mucosal barrier""[Title/Abstract] OR ""mucosal barrier""[Title/Abstract])","(""Yuxingcao""[All Fields] OR ""Houttuyniae Herba""[All Fields] OR ""Houttuynia cordata""[All Fields]) AND (""LianZi""[All Fields] OR ""Nelumbo nucifera Gaertn.""[All Fields] OR ""Nelumbo nucifera""[All Fields]) AND (""Colitis, Ulcerative""[MeSH Terms] OR ""ulcerative colitis""[All Fields] OR ""colitis""[All Fields] OR ""intestinal barrier""[All Fields] OR ""gut barrier""[All Fields] OR ""intestinal mucosa""[All Fields] OR ""intestinal mucosal barrier""[All Fields] OR ""mucosal barrier""[All Fields])",True,False,0,0,True,,not_assigned_manual_full_text_review_required,本次检索未检出候选；不能据此证明无证据
45,栀子,莲子,栀子＋莲子,0,0,0,,,"(""Zhizi""[Title/Abstract] OR ""Gardeniae Fructus""[Title/Abstract] OR ""Gardenia jasminoides""[Title/Abstract]) AND (""LianZi""[Title/Abstract] OR ""Nelumbo nucifera Gaertn.""[Title/Abstract] OR ""Nelumbo nucifera""[Title/Abstract]) AND (""Colitis, Ulcerative""[MeSH Terms] OR ""ulcerative colitis""[Title/Abstract] OR ""colitis""[Title/Abstract] OR ""intestinal barrier""[Title/Abstract] OR ""gut barrier""[Title/Abstract] OR ""intestinal mucosa""[Title/Abstract] OR ""intestinal mucosal barrier""[Title/Abstract] OR ""mucosal barrier""[Title/Abstract])","(""Zhizi""[All Fields] OR ""Gardeniae Fructus""[All Fields] OR ""Gardenia jasminoides""[All Fields]) AND (""LianZi""[All Fields] OR ""Nelumbo nucifera Gaertn.""[All Fields] OR ""Nelumbo nucifera""[All Fields]) AND (""Colitis, Ulcerative""[MeSH Terms] OR ""ulcerative colitis""[All Fields] OR ""colitis""[All Fields] OR ""intestinal barrier""[All Fields] OR ""gut barrier""[All Fields] OR ""intestinal mucosa""[All Fields] OR ""intestinal mucosal barrier""[All Fields] OR ""mucosal barrier""[All Fields])",True,False,0,0,True,,not_assigned_manual_full_text_review_required,本次检索未检出候选；不能据此证明无证据
46,莲子,甘草,莲子＋甘草,0,0,0,,,"(""LianZi""[Title/Abstract] OR ""Nelumbo nucifera Gaertn.""[Title/Abstract] OR ""Nelumbo nucifera""[Title/Abstract]) AND (""Gancao""[Title/Abstract] OR ""licorice""[Title/Abstract] OR ""Glycyrrhiza uralensis""[Title/Abstract] OR ""Glycyrrhiza inflata""[Title/Abstract] OR ""Glycyrrhiza glabra""[Title/Abstract]) AND (""Colitis, Ulcerative""[MeSH Terms] OR ""ulcerative colitis""[Title/Abstract] OR ""colitis""[Title/Abstract] OR ""intestinal barrier""[Title/Abstract] OR ""gut barrier""[Title/Abstract] OR ""intestinal mucosa""[Title/Abstract] OR ""intestinal mucosal barrier""[Title/Abstract] OR ""mucosal barrier""[Title/Abstract])","(""LianZi""[All Fields] OR ""Nelumbo nucifera Gaertn.""[All Fields] OR ""Nelumbo nucifera""[All Fields]) AND (""Gancao""[All Fields] OR ""licorice""[All Fields] OR ""Glycyrrhiza uralensis""[All Fields] OR ""Glycyrrhiza inflata""[All Fields] OR ""Glycyrrhiza glabra""[All Fields]) AND (""Colitis, Ulcerative""[MeSH Terms] OR ""ulcerative colitis""[All Fields] OR ""colitis""[All Fields] OR ""intestinal barrier""[All Fields] OR ""gut barrier""[All Fields] OR ""intestinal mucosa""[All Fields] OR ""intestinal mucosal barrier""[All Fields] OR ""mucosal barrier""[All Fields])",True,False,0,0,True,,not_assigned_manual_full_text_review_required,本次检索未检出候选；不能据此证明无证据
47,金银花,莲子,金银花＋莲子,0,0,0,,,"(""Jinyinhua""[Title/Abstract] OR ""Lonicerae Japonicae Flos""[Title/Abstract] OR ""Lonicera japonica""[Title/Abstract]) AND (""LianZi""[Title/Abstract] OR ""Nelumbo nucifera Gaertn.""[Title/Abstract] OR ""Nelumbo nucifera""[Title/Abstract]) AND (""Colitis, Ulcerative""[MeSH Terms] OR ""ulcerative colitis""[Title/Abstract] OR ""colitis""[Title/Abstract] OR ""intestinal barrier""[Title/Abstract] OR ""gut barrier""[Title/Abstract] OR ""intestinal mucosa""[Title/Abstract] OR ""intestinal mucosal barrier""[Title/Abstract] OR ""mucosal barrier""[Title/Abstract])","(""Jinyinhua""[All Fields] OR ""Lonicerae Japonicae Flos""[All Fields] OR ""Lonicera japonica""[All Fields]) AND (""LianZi""[All Fields] OR ""Nelumbo nucifera Gaertn.""[All Fields] OR ""Nelumbo nucifera""[All Fields]) AND (""Colitis, Ulcerative""[MeSH Terms] OR ""ulcerative colitis""[All Fields] OR ""colitis""[All Fields] OR ""intestinal barrier""[All Fields] OR ""gut barrier""[All Fields] OR ""intestinal mucosa""[All Fields] OR ""intestinal mucosal barrier""[All Fields] OR ""mucosal barrier""[All Fields])",True,False,0,0,True,,not_assigned_manual_full_text_review_required,本次检索未检出候选；不能据此证明无证据
48,马齿苋,莲子,马齿苋＋莲子,0,0,0,,,"(""Machixian""[Title/Abstract] OR ""Portulacae Herba""[Title/Abstract] OR ""Portulaca oleracea""[Title/Abstract]) AND (""LianZi""[Title/Abstract] OR ""Nelumbo nucifera Gaertn.""[Title/Abstract] OR ""Nelumbo nucifera""[Title/Abstract]) AND (""Colitis, Ulcerative""[MeSH Terms] OR ""ulcerative colitis""[Title/Abstract] OR ""colitis""[Title/Abstract] OR ""intestinal barrier""[Title/Abstract] OR ""gut barrier""[Title/Abstract] OR ""intestinal mucosa""[Title/Abstract] OR ""intestinal mucosal barrier""[Title/Abstract] OR ""mucosal barrier""[Title/Abstract])","(""Machixian""[All Fields] OR ""Portulacae Herba""[All Fields] OR ""Portulaca oleracea""[All Fields]) AND (""LianZi""[All Fields] OR ""Nelumbo nucifera Gaertn.""[All Fields] OR ""Nelumbo nucifera""[All Fields]) AND (""Colitis, Ulcerative""[MeSH Terms] OR ""ulcerative colitis""[All Fields] OR ""colitis""[All Fields] OR ""intestinal barrier""[All Fields] OR ""gut barrier""[All Fields] OR ""intestinal mucosa""[All Fields] OR ""intestinal mucosal barrier""[All Fields] OR ""mucosal barrier""[All Fields])",True,False,0,0,True,,not_assigned_manual_full_text_review_required,本次检索未检出候选；不能据此证明无证据
49,山药,藿香,山药＋藿香,0,0,0,,,"(""Shanyao""[Title/Abstract] OR ""Rhizoma Dioscoreae""[Title/Abstract] OR ""Dioscorea opposita""[Title/Abstract]) AND (""HuoXiang""[Title/Abstract] OR ""Pogostemon cablin(Blanco)Benth.""[Title/Abstract] OR ""Pogostemon cablin""[Title/Abstract]) AND (""Colitis, Ulcerative""[MeSH Terms] OR ""ulcerative colitis""[Title/Abstract] OR ""colitis""[Title/Abstract] OR ""intestinal barrier""[Title/Abstract] OR ""gut barrier""[Title/Abstract] OR ""intestinal mucosa""[Title/Abstract] OR ""intestinal mucosal barrier""[Title/Abstract] OR ""mucosal barrier""[Title/Abstract])","(""Shanyao""[All Fields] OR ""Rhizoma Dioscoreae""[All Fields] OR ""Dioscorea opposita""[All Fields]) AND (""HuoXiang""[All Fields] OR ""Pogostemon cablin(Blanco)Benth.""[All Fields] OR ""Pogostemon cablin""[All Fields]) AND (""Colitis, Ulcerative""[MeSH Terms] OR ""ulcerative colitis""[All Fields] OR ""colitis""[All Fields] OR ""intestinal barrier""[All Fields] OR ""gut barrier""[All Fields] OR ""intestinal mucosa""[All Fields] OR ""intestinal mucosal barrier""[All Fields] OR ""mucosal barrier""[All Fields])",True,False,0,0,True,,not_assigned_manual_full_text_review_required,本次检索未检出候选；不能据此证明无证据
50,莲子,大枣,莲子＋大枣,0,0,0,,,"(""LianZi""[Title/Abstract] OR ""Nelumbo nucifera Gaertn.""[Title/Abstract] OR ""Nelumbo nucifera""[Title/Abstract]) AND (""Dazao""[Title/Abstract] OR ""Jujubae Fructus""[Title/Abstract] OR ""Ziziphus jujuba""[Title/Abstract]) AND (""Colitis, Ulcerative""[MeSH Terms] OR ""ulcerative colitis""[Title/Abstract] OR ""colitis""[Title/Abstract] OR ""intestinal barrier""[Title/Abstract] OR ""gut barrier""[Title/Abstract] OR ""intestinal mucosa""[Title/Abstract] OR ""intestinal mucosal barrier""[Title/Abstract] OR ""mucosal barrier""[Title/Abstract])","(""LianZi""[All Fields] OR ""Nelumbo nucifera Gaertn.""[All Fields] OR ""Nelumbo nucifera""[All Fields]) AND (""Dazao""[All Fields] OR ""Jujubae Fructus""[All Fields] OR ""Ziziphus jujuba""[All Fields]) AND (""Colitis, Ulcerative""[MeSH Terms] OR ""ulcerative colitis""[All Fields] OR ""colitis""[All Fields] OR ""intestinal barrier""[All Fields] OR ""gut barrier""[All Fields] OR ""intestinal mucosa""[All Fields] OR ""intestinal mucosal barrier""[All Fields] OR ""mucosal barrier""[All Fields])",True,False,0,0,True,,not_assigned_manual_full_text_review_required,本次检索未检出候选；不能据此证明无证据
51,白扁豆,莲子,白扁豆＋莲子,0,0,0,,,"(""Baibiandou""[Title/Abstract] OR ""Lablab Semen Album""[Title/Abstract] OR ""Dolichos lablab""[Title/Abstract]) AND (""LianZi""[Title/Abstract] OR ""Nelumbo nucifera Gaertn.""[Title/Abstract] OR ""Nelumbo nucifera""[Title/Abstract]) AND (""Colitis, Ulcerative""[MeSH Terms] OR ""ulcerative colitis""[Title/Abstract] OR ""colitis""[Title/Abstract] OR ""intestinal barrier""[Title/Abstract] OR ""gut barrier""[Title/Abstract] OR ""intestinal mucosa""[Title/Abstract] OR ""intestinal mucosal barrier""[Title/Abstract] OR ""mucosal barrier""[Title/Abstract])","(""Baibiandou""[All Fields] OR ""Lablab Semen Album""[All Fields] OR ""Dolichos lablab""[All Fields]) AND (""LianZi""[All Fields] OR ""Nelumbo nucifera Gaertn.""[All Fields] OR ""Nelumbo nucifera""[All Fields]) AND (""Colitis, Ulcerative""[MeSH Terms] OR ""ulcerative colitis""[All Fields] OR ""colitis""[All Fields] OR ""intestinal barrier""[All Fields] OR ""gut barrier""[All Fields] OR ""intestinal mucosa""[All Fields] OR ""intestinal mucosal barrier""[All Fields] OR ""mucosal barrier""[All Fields])",True,False,0,0,True,,not_assigned_manual_full_text_review_required,本次检索未检出候选；不能据此证明无证据
52,莲子,芡实,莲子＋芡实,0,0,0,,,"(""LianZi""[Title/Abstract] OR ""Nelumbo nucifera Gaertn.""[Title/Abstract] OR ""Nelumbo nucifera""[Title/Abstract]) AND (""Qianshi""[Title/Abstract] OR ""Euryales Semen""[Title/Abstract] OR ""Euryale ferox""[Title/Abstract]) AND (""Colitis, Ulcerative""[MeSH Terms] OR ""ulcerative colitis""[Title/Abstract] OR ""colitis""[Title/Abstract] OR ""intestinal barrier""[Title/Abstract] OR ""gut barrier""[Title/Abstract] OR ""intestinal mucosa""[Title/Abstract] OR ""intestinal mucosal barrier""[Title/Abstract] OR ""mucosal barrier""[Title/Abstract])","(""LianZi""[All Fields] OR ""Nelumbo nucifera Gaertn.""[All Fields] OR ""Nelumbo nucifera""[All Fields]) AND (""Qianshi""[All Fields] OR ""Euryales Semen""[All Fields] OR ""Euryale ferox""[All Fields]) AND (""Colitis, Ulcerative""[MeSH Terms] OR ""ulcerative colitis""[All Fields] OR ""colitis""[All Fields] OR ""intestinal barrier""[All Fields] OR ""gut barrier""[All Fields] OR ""intestinal mucosa""[All Fields] OR ""intestinal mucosal barrier""[All Fields] OR ""mucosal barrier""[All Fields])",True,False,0,0,True,,not_assigned_manual_full_text_review_required,本次检索未检出候选；不能据此证明无证据
53,山药,甘草,山药＋甘草,0,0,0,,,"(""Shanyao""[Title/Abstract] OR ""Rhizoma Dioscoreae""[Title/Abstract] OR ""Dioscorea opposita""[Title/Abstract]) AND (""Gancao""[Title/Abstract] OR ""licorice""[Title/Abstract] OR ""Glycyrrhiza uralensis""[Title/Abstract] OR ""Glycyrrhiza inflata""[Title/Abstract] OR ""Glycyrrhiza glabra""[Title/Abstract]) AND (""Colitis, Ulcerative""[MeSH Terms] OR ""ulcerative colitis""[Title/Abstract] OR ""colitis""[Title/Abstract] OR ""intestinal barrier""[Title/Abstract] OR ""gut barrier""[Title/Abstract] OR ""intestinal mucosa""[Title/Abstract] OR ""intestinal mucosal barrier""[Title/Abstract] OR ""mucosal barrier""[Title/Abstract])","(""Shanyao""[All Fields] OR ""Rhizoma Dioscoreae""[All Fields] OR ""Dioscorea opposita""[All Fields]) AND (""Gancao""[All Fields] OR ""licorice""[All Fields] OR ""Glycyrrhiza uralensis""[All Fields] OR ""Glycyrrhiza inflata""[All Fields] OR ""Glycyrrhiza glabra""[All Fields]) AND (""Colitis, Ulcerative""[MeSH Terms] OR ""ulcerative colitis""[All Fields] OR ""colitis""[All Fields] OR ""intestinal barrier""[All Fields] OR ""gut barrier""[All Fields] OR ""intestinal mucosa""[All Fields] OR ""intestinal mucosal barrier""[All Fields] OR ""mucosal barrier""[All Fields])",True,False,0,0,True,,not_assigned_manual_full_text_review_required,本次检索未检出候选；不能据此证明无证据
54,金银花,山药,金银花＋山药,0,0,0,,,"(""Jinyinhua""[Title/Abstract] OR ""Lonicerae Japonicae Flos""[Title/Abstract] OR ""Lonicera japonica""[Title/Abstract]) AND (""Shanyao""[Title/Abstract] OR ""Rhizoma Dioscoreae""[Title/Abstract] OR ""Dioscorea opposita""[Title/Abstract]) AND (""Colitis, Ulcerative""[MeSH Terms] OR ""ulcerative colitis""[Title/Abstract] OR ""colitis""[Title/Abstract] OR ""intestinal barrier""[Title/Abstract] OR ""gut barrier""[Title/Abstract] OR ""intestinal mucosa""[Title/Abstract] OR ""intestinal mucosal barrier""[Title/Abstract] OR ""mucosal barrier""[Title/Abstract])","(""Jinyinhua""[All Fields] OR ""Lonicerae Japonicae Flos""[All Fields] OR ""Lonicera japonica""[All Fields]) AND (""Shanyao""[All Fields] OR ""Rhizoma Dioscoreae""[All Fields] OR ""Dioscorea opposita""[All Fields]) AND (""Colitis, Ulcerative""[MeSH Terms] OR ""ulcerative colitis""[All Fields] OR ""colitis""[All Fields] OR ""intestinal barrier""[All Fields] OR ""gut barrier""[All Fields] OR ""intestinal mucosa""[All Fields] OR ""intestinal mucosal barrier""[All Fields] OR ""mucosal barrier""[All Fields])",True,False,0,0,True,,not_assigned_manual_full_text_review_required,本次检索未检出候选；不能据此证明无证据
55,马齿苋,山药,马齿苋＋山药,0,0,0,,,"(""Machixian""[Title/Abstract] OR ""Portulacae Herba""[Title/Abstract] OR ""Portulaca oleracea""[Title/Abstract]) AND (""Shanyao""[Title/Abstract] OR ""Rhizoma Dioscoreae""[Title/Abstract] OR ""Dioscorea opposita""[Title/Abstract]) AND (""Colitis, Ulcerative""[MeSH Terms] OR ""ulcerative colitis""[Title/Abstract] OR ""colitis""[Title/Abstract] OR ""intestinal barrier""[Title/Abstract] OR ""gut barrier""[Title/Abstract] OR ""intestinal mucosa""[Title/Abstract] OR ""intestinal mucosal barrier""[Title/Abstract] OR ""mucosal barrier""[Title/Abstract])","(""Machixian""[All Fields] OR ""Portulacae Herba""[All Fields] OR ""Portulaca oleracea""[All Fields]) AND (""Shanyao""[All Fields] OR ""Rhizoma Dioscoreae""[All Fields] OR ""Dioscorea opposita""[All Fields]) AND (""Colitis, Ulcerative""[MeSH Terms] OR ""ulcerative colitis""[All Fields] OR ""colitis""[All Fields] OR ""intestinal barrier""[All Fields] OR ""gut barrier""[All Fields] OR ""intestinal mucosa""[All Fields] OR ""intestinal mucosal barrier""[All Fields] OR ""mucosal barrier""[All Fields])",True,False,0,0,True,,not_assigned_manual_full_text_review_required,本次检索未检出候选；不能据此证明无证据
56,鱼腥草,山药,鱼腥草＋山药,0,0,0,,,"(""Yuxingcao""[Title/Abstract] OR ""Houttuyniae Herba""[Title/Abstract] OR ""Houttuynia cordata""[Title/Abstract]) AND (""Shanyao""[Title/Abstract] OR ""Rhizoma Dioscoreae""[Title/Abstract] OR ""Dioscorea opposita""[Title/Abstract]) AND (""Colitis, Ulcerative""[MeSH Terms] OR ""ulcerative colitis""[Title/Abstract] OR ""colitis""[Title/Abstract] OR ""intestinal barrier""[Title/Abstract] OR ""gut barrier""[Title/Abstract] OR ""intestinal mucosa""[Title/Abstract] OR ""intestinal mucosal barrier""[Title/Abstract] OR ""mucosal barrier""[Title/Abstract])","(""Yuxingcao""[All Fields] OR ""Houttuyniae Herba""[All Fields] OR ""Houttuynia cordata""[All Fields]) AND (""Shanyao""[All Fields] OR ""Rhizoma Dioscoreae""[All Fields] OR ""Dioscorea opposita""[All Fields]) AND (""Colitis, Ulcerative""[MeSH Terms] OR ""ulcerative colitis""[All Fields] OR ""colitis""[All Fields] OR ""intestinal barrier""[All Fields] OR ""gut barrier""[All Fields] OR ""intestinal mucosa""[All Fields] OR ""intestinal mucosal barrier""[All Fields] OR ""mucosal barrier""[All Fields])",True,False,0,0,True,,not_assigned_manual_full_text_review_required,本次检索未检出候选；不能据此证明无证据
57,栀子,山药,栀子＋山药,0,0,0,,,"(""Zhizi""[Title/Abstract] OR ""Gardeniae Fructus""[Title/Abstract] OR ""Gardenia jasminoides""[Title/Abstract]) AND (""Shanyao""[Title/Abstract] OR ""Rhizoma Dioscoreae""[Title/Abstract] OR ""Dioscorea opposita""[Title/Abstract]) AND (""Colitis, Ulcerative""[MeSH Terms] OR ""ulcerative colitis""[Title/Abstract] OR ""colitis""[Title/Abstract] OR ""intestinal barrier""[Title/Abstract] OR ""gut barrier""[Title/Abstract] OR ""intestinal mucosa""[Title/Abstract] OR ""intestinal mucosal barrier""[Title/Abstract] OR ""mucosal barrier""[Title/Abstract])","(""Zhizi""[All Fields] OR ""Gardeniae Fructus""[All Fields] OR ""Gardenia jasminoides""[All Fields]) AND (""Shanyao""[All Fields] OR ""Rhizoma Dioscoreae""[All Fields] OR ""Dioscorea opposita""[All Fields]) AND (""Colitis, Ulcerative""[MeSH Terms] OR ""ulcerative colitis""[All Fields] OR ""colitis""[All Fields] OR ""intestinal barrier""[All Fields] OR ""gut barrier""[All Fields] OR ""intestinal mucosa""[All Fields] OR ""intestinal mucosal barrier""[All Fields] OR ""mucosal barrier""[All Fields])",True,False,0,0,True,,not_assigned_manual_full_text_review_required,本次检索未检出候选；不能据此证明无证据
58,山药,大枣,山药＋大枣,0,0,0,,,"(""Shanyao""[Title/Abstract] OR ""Rhizoma Dioscoreae""[Title/Abstract] OR ""Dioscorea opposita""[Title/Abstract]) AND (""Dazao""[Title/Abstract] OR ""Jujubae Fructus""[Title/Abstract] OR ""Ziziphus jujuba""[Title/Abstract]) AND (""Colitis, Ulcerative""[MeSH Terms] OR ""ulcerative colitis""[Title/Abstract] OR ""colitis""[Title/Abstract] OR ""intestinal barrier""[Title/Abstract] OR ""gut barrier""[Title/Abstract] OR ""intestinal mucosa""[Title/Abstract] OR ""intestinal mucosal barrier""[Title/Abstract] OR ""mucosal barrier""[Title/Abstract])","(""Shanyao""[All Fields] OR ""Rhizoma Dioscoreae""[All Fields] OR ""Dioscorea opposita""[All Fields]) AND (""Dazao""[All Fields] OR ""Jujubae Fructus""[All Fields] OR ""Ziziphus jujuba""[All Fields]) AND (""Colitis, Ulcerative""[MeSH Terms] OR ""ulcerative colitis""[All Fields] OR ""colitis""[All Fields] OR ""intestinal barrier""[All Fields] OR ""gut barrier""[All Fields] OR ""intestinal mucosa""[All Fields] OR ""intestinal mucosal barrier""[All Fields] OR ""mucosal barrier""[All Fields])",True,False,0,0,True,,not_assigned_manual_full_text_review_required,本次检索未检出候选；不能据此证明无证据
59,山药,乌梅,山药＋乌梅,0,0,0,,,"(""Shanyao""[Title/Abstract] OR ""Rhizoma Dioscoreae""[Title/Abstract] OR ""Dioscorea opposita""[Title/Abstract]) AND (""Wumei""[Title/Abstract] OR ""Mume Fructus""[Title/Abstract] OR ""Prunus mume""[Title/Abstract]) AND (""Colitis, Ulcerative""[MeSH Terms] OR ""ulcerative colitis""[Title/Abstract] OR ""colitis""[Title/Abstract] OR ""intestinal barrier""[Title/Abstract] OR ""gut barrier""[Title/Abstract] OR ""intestinal mucosa""[Title/Abstract] OR ""intestinal mucosal barrier""[Title/Abstract] OR ""mucosal barrier""[Title/Abstract])","(""Shanyao""[All Fields] OR ""Rhizoma Dioscoreae""[All Fields] OR ""Dioscorea opposita""[All Fields]) AND (""Wumei""[All Fields] OR ""Mume Fructus""[All Fields] OR ""Prunus mume""[All Fields]) AND (""Colitis, Ulcerative""[MeSH Terms] OR ""ulcerative colitis""[All Fields] OR ""colitis""[All Fields] OR ""intestinal barrier""[All Fields] OR ""gut barrier""[All Fields] OR ""intestinal mucosa""[All Fields] OR ""intestinal mucosal barrier""[All Fields] OR ""mucosal barrier""[All Fields])",True,False,0,0,True,,not_assigned_manual_full_text_review_required,本次检索未检出候选；不能据此证明无证据
60,乌梅,大枣,乌梅＋大枣,0,0,0,,,"(""Wumei""[Title/Abstract] OR ""Mume Fructus""[Title/Abstract] OR ""Prunus mume""[Title/Abstract]) AND (""Dazao""[Title/Abstract] OR ""Jujubae Fructus""[Title/Abstract] OR ""Ziziphus jujuba""[Title/Abstract]) AND (""Colitis, Ulcerative""[MeSH Terms] OR ""ulcerative colitis""[Title/Abstract] OR ""colitis""[Title/Abstract] OR ""intestinal barrier""[Title/Abstract] OR ""gut barrier""[Title/Abstract] OR ""intestinal mucosa""[Title/Abstract] OR ""intestinal mucosal barrier""[Title/Abstract] OR ""mucosal barrier""[Title/Abstract])","(""Wumei""[All Fields] OR ""Mume Fructus""[All Fields] OR ""Prunus mume""[All Fields]) AND (""Dazao""[All Fields] OR ""Jujubae Fructus""[All Fields] OR ""Ziziphus jujuba""[All Fields]) AND (""Colitis, Ulcerative""[MeSH Terms] OR ""ulcerative colitis""[All Fields] OR ""colitis""[All Fields] OR ""intestinal barrier""[All Fields] OR ""gut barrier""[All Fields] OR ""intestinal mucosa""[All Fields] OR ""intestinal mucosal barrier""[All Fields] OR ""mucosal barrier""[All Fields])",True,False,0,0,True,,not_assigned_manual_full_text_review_required,本次检索未检出候选；不能据此证明无证据
61,山药,莲子,山药＋莲子,0,0,0,,,"(""Shanyao""[Title/Abstract] OR ""Rhizoma Dioscoreae""[Title/Abstract] OR ""Dioscorea opposita""[Title/Abstract]) AND (""LianZi""[Title/Abstract] OR ""Nelumbo nucifera Gaertn.""[Title/Abstract] OR ""Nelumbo nucifera""[Title/Abstract]) AND (""Colitis, Ulcerative""[MeSH Terms] OR ""ulcerative colitis""[Title/Abstract] OR ""colitis""[Title/Abstract] OR ""intestinal barrier""[Title/Abstract] OR ""gut barrier""[Title/Abstract] OR ""intestinal mucosa""[Title/Abstract] OR ""intestinal mucosal barrier""[Title/Abstract] OR ""mucosal barrier""[Title/Abstract])","(""Shanyao""[All Fields] OR ""Rhizoma Dioscoreae""[All Fields] OR ""Dioscorea opposita""[All Fields]) AND (""LianZi""[All Fields] OR ""Nelumbo nucifera Gaertn.""[All Fields] OR ""Nelumbo nucifera""[All Fields]) AND (""Colitis, Ulcerative""[MeSH Terms] OR ""ulcerative colitis""[All Fields] OR ""colitis""[All Fields] OR ""intestinal barrier""[All Fields] OR ""gut barrier""[All Fields] OR ""intestinal mucosa""[All Fields] OR ""intestinal mucosal barrier""[All Fields] OR ""mucosal barrier""[All Fields])",True,False,0,0,True,,not_assigned_manual_full_text_review_required,本次检索未检出候选；不能据此证明无证据
62,鱼腥草,生姜,鱼腥草＋生姜,0,0,0,,,"(""Yuxingcao""[Title/Abstract] OR ""Houttuyniae Herba""[Title/Abstract] OR ""Houttuynia cordata""[Title/Abstract]) AND (""Shengjiang""[Title/Abstract] OR ""Zingiber Officinale Roscoe""[Title/Abstract] OR ""Zingiber officinale""[Title/Abstract]) AND (""Colitis, Ulcerative""[MeSH Terms] OR ""ulcerative colitis""[Title/Abstract] OR ""colitis""[Title/Abstract] OR ""intestinal barrier""[Title/Abstract] OR ""gut barrier""[Title/Abstract] OR ""intestinal mucosa""[Title/Abstract] OR ""intestinal mucosal barrier""[Title/Abstract] OR ""mucosal barrier""[Title/Abstract])","(""Yuxingcao""[All Fields] OR ""Houttuyniae Herba""[All Fields] OR ""Houttuynia cordata""[All Fields]) AND (""Shengjiang""[All Fields] OR ""Zingiber Officinale Roscoe""[All Fields] OR ""Zingiber officinale""[All Fields]) AND (""Colitis, Ulcerative""[MeSH Terms] OR ""ulcerative colitis""[All Fields] OR ""colitis""[All Fields] OR ""intestinal barrier""[All Fields] OR ""gut barrier""[All Fields] OR ""intestinal mucosa""[All Fields] OR ""intestinal mucosal barrier""[All Fields] OR ""mucosal barrier""[All Fields])",True,False,0,0,True,,not_assigned_manual_full_text_review_required,本次检索未检出候选；不能据此证明无证据
63,鱼腥草,砂仁,鱼腥草＋砂仁,0,0,0,,,"(""Yuxingcao""[Title/Abstract] OR ""Houttuyniae Herba""[Title/Abstract] OR ""Houttuynia cordata""[Title/Abstract]) AND (""Sharen""[Title/Abstract] OR ""Amomum Aurantiacum H. T. Tsai Et S. W. Zhao""[Title/Abstract] OR ""Amomum villosum""[Title/Abstract]) AND (""Colitis, Ulcerative""[MeSH Terms] OR ""ulcerative colitis""[Title/Abstract] OR ""colitis""[Title/Abstract] OR ""intestinal barrier""[Title/Abstract] OR ""gut barrier""[Title/Abstract] OR ""intestinal mucosa""[Title/Abstract] OR ""intestinal mucosal barrier""[Title/Abstract] OR ""mucosal barrier""[Title/Abstract])","(""Yuxingcao""[All Fields] OR ""Houttuyniae Herba""[All Fields] OR ""Houttuynia cordata""[All Fields]) AND (""Sharen""[All Fields] OR ""Amomum Aurantiacum H. T. Tsai Et S. W. Zhao""[All Fields] OR ""Amomum villosum""[All Fields]) AND (""Colitis, Ulcerative""[MeSH Terms] OR ""ulcerative colitis""[All Fields] OR ""colitis""[All Fields] OR ""intestinal barrier""[All Fields] OR ""gut barrier""[All Fields] OR ""intestinal mucosa""[All Fields] OR ""intestinal mucosal barrier""[All Fields] OR ""mucosal barrier""[All Fields])",True,False,0,0,True,,not_assigned_manual_full_text_review_required,本次检索未检出候选；不能据此证明无证据
64,蒲公英,陈皮,蒲公英＋陈皮,0,0,0,,,"(""Pu Gong Ying""[Title/Abstract] OR ""Dandelion""[Title/Abstract] OR ""Herba Taraxaci""[Title/Abstract] OR ""Taraxaci Herba""[Title/Abstract] OR ""Taraxacum mongolicum""[Title/Abstract] OR ""Taraxacum sinicum""[Title/Abstract]) AND (""Chenpi""[Title/Abstract] OR ""Citrus Reticulata""[Title/Abstract]) AND (""Colitis, Ulcerative""[MeSH Terms] OR ""ulcerative colitis""[Title/Abstract] OR ""colitis""[Title/Abstract] OR ""intestinal barrier""[Title/Abstract] OR ""gut barrier""[Title/Abstract] OR ""intestinal mucosa""[Title/Abstract] OR ""intestinal mucosal barrier""[Title/Abstract] OR ""mucosal barrier""[Title/Abstract])","(""Pu Gong Ying""[All Fields] OR ""Dandelion""[All Fields] OR ""Herba Taraxaci""[All Fields] OR ""Taraxaci Herba""[All Fields] OR ""Taraxacum mongolicum""[All Fields] OR ""Taraxacum sinicum""[All Fields]) AND (""Chenpi""[All Fields] OR ""Citrus Reticulata""[All Fields]) AND (""Colitis, Ulcerative""[MeSH Terms] OR ""ulcerative colitis""[All Fields] OR ""colitis""[All Fields] OR ""intestinal barrier""[All Fields] OR ""gut barrier""[All Fields] OR ""intestinal mucosa""[All Fields] OR ""intestinal mucosal barrier""[All Fields] OR ""mucosal barrier""[All Fields])",True,False,0,0,True,,not_assigned_manual_full_text_review_required,本次检索未检出候选；不能据此证明无证据
65,蒲公英,槐米,蒲公英＋槐米,0,0,0,,,"(""Pu Gong Ying""[Title/Abstract] OR ""Dandelion""[Title/Abstract] OR ""Herba Taraxaci""[Title/Abstract] OR ""Taraxaci Herba""[Title/Abstract] OR ""Taraxacum mongolicum""[Title/Abstract] OR ""Taraxacum sinicum""[Title/Abstract]) AND (""Sophora japonica""[Title/Abstract]) AND (""Colitis, Ulcerative""[MeSH Terms] OR ""ulcerative colitis""[Title/Abstract] OR ""colitis""[Title/Abstract] OR ""intestinal barrier""[Title/Abstract] OR ""gut barrier""[Title/Abstract] OR ""intestinal mucosa""[Title/Abstract] OR ""intestinal mucosal barrier""[Title/Abstract] OR ""mucosal barrier""[Title/Abstract])","(""Pu Gong Ying""[All Fields] OR ""Dandelion""[All Fields] OR ""Herba Taraxaci""[All Fields] OR ""Taraxaci Herba""[All Fields] OR ""Taraxacum mongolicum""[All Fields] OR ""Taraxacum sinicum""[All Fields]) AND (""Sophora japonica""[All Fields]) AND (""Colitis, Ulcerative""[MeSH Terms] OR ""ulcerative colitis""[All Fields] OR ""colitis""[All Fields] OR ""intestinal barrier""[All Fields] OR ""gut barrier""[All Fields] OR ""intestinal mucosa""[All Fields] OR ""intestinal mucosal barrier""[All Fields] OR ""mucosal barrier""[All Fields])",True,False,0,0,True,,not_assigned_manual_full_text_review_required,本次检索未检出候选；不能据此证明无证据
66,莲子,藿香,莲子＋藿香,0,0,0,,,"(""LianZi""[Title/Abstract] OR ""Nelumbo nucifera Gaertn.""[Title/Abstract] OR ""Nelumbo nucifera""[Title/Abstract]) AND (""HuoXiang""[Title/Abstract] OR ""Pogostemon cablin(Blanco)Benth.""[Title/Abstract] OR ""Pogostemon cablin""[Title/Abstract]) AND (""Colitis, Ulcerative""[MeSH Terms] OR ""ulcerative colitis""[Title/Abstract] OR ""colitis""[Title/Abstract] OR ""intestinal barrier""[Title/Abstract] OR ""gut barrier""[Title/Abstract] OR ""intestinal mucosa""[Title/Abstract] OR ""intestinal mucosal barrier""[Title/Abstract] OR ""mucosal barrier""[Title/Abstract])","(""LianZi""[All Fields] OR ""Nelumbo nucifera Gaertn.""[All Fields] OR ""Nelumbo nucifera""[All Fields]) AND (""HuoXiang""[All Fields] OR ""Pogostemon cablin(Blanco)Benth.""[All Fields] OR ""Pogostemon cablin""[All Fields]) AND (""Colitis, Ulcerative""[MeSH Terms] OR ""ulcerative colitis""[All Fields] OR ""colitis""[All Fields] OR ""intestinal barrier""[All Fields] OR ""gut barrier""[All Fields] OR ""intestinal mucosa""[All Fields] OR ""intestinal mucosal barrier""[All Fields] OR ""mucosal barrier""[All Fields])",True,False,0,0,True,,not_assigned_manual_full_text_review_required,本次检索未检出候选；不能据此证明无证据
67,蒲公英,薏苡仁,蒲公英＋薏苡仁,0,0,0,,,"(""Pu Gong Ying""[Title/Abstract] OR ""Dandelion""[Title/Abstract] OR ""Herba Taraxaci""[Title/Abstract] OR ""Taraxaci Herba""[Title/Abstract] OR ""Taraxacum mongolicum""[Title/Abstract] OR ""Taraxacum sinicum""[Title/Abstract]) AND (""Yiyiren""[Title/Abstract] OR ""Coicis Semen""[Title/Abstract] OR ""Coix lacryma-jobi""[Title/Abstract]) AND (""Colitis, Ulcerative""[MeSH Terms] OR ""ulcerative colitis""[Title/Abstract] OR ""colitis""[Title/Abstract] OR ""intestinal barrier""[Title/Abstract] OR ""gut barrier""[Title/Abstract] OR ""intestinal mucosa""[Title/Abstract] OR ""intestinal mucosal barrier""[Title/Abstract] OR ""mucosal barrier""[Title/Abstract])","(""Pu Gong Ying""[All Fields] OR ""Dandelion""[All Fields] OR ""Herba Taraxaci""[All Fields] OR ""Taraxaci Herba""[All Fields] OR ""Taraxacum mongolicum""[All Fields] OR ""Taraxacum sinicum""[All Fields]) AND (""Yiyiren""[All Fields] OR ""Coicis Semen""[All Fields] OR ""Coix lacryma-jobi""[All Fields]) AND (""Colitis, Ulcerative""[MeSH Terms] OR ""ulcerative colitis""[All Fields] OR ""colitis""[All Fields] OR ""intestinal barrier""[All Fields] OR ""gut barrier""[All Fields] OR ""intestinal mucosa""[All Fields] OR ""intestinal mucosal barrier""[All Fields] OR ""mucosal barrier""[All Fields])",True,False,0,0,True,,not_assigned_manual_full_text_review_required,本次检索未检出候选；不能据此证明无证据
68,蒲公英,生姜,蒲公英＋生姜,0,0,0,,,"(""Pu Gong Ying""[Title/Abstract] OR ""Dandelion""[Title/Abstract] OR ""Herba Taraxaci""[Title/Abstract] OR ""Taraxaci Herba""[Title/Abstract] OR ""Taraxacum mongolicum""[Title/Abstract] OR ""Taraxacum sinicum""[Title/Abstract]) AND (""Shengjiang""[Title/Abstract] OR ""Zingiber Officinale Roscoe""[Title/Abstract] OR ""Zingiber officinale""[Title/Abstract]) AND (""Colitis, Ulcerative""[MeSH Terms] OR ""ulcerative colitis""[Title/Abstract] OR ""colitis""[Title/Abstract] OR ""intestinal barrier""[Title/Abstract] OR ""gut barrier""[Title/Abstract] OR ""intestinal mucosa""[Title/Abstract] OR ""intestinal mucosal barrier""[Title/Abstract] OR ""mucosal barrier""[Title/Abstract])","(""Pu Gong Ying""[All Fields] OR ""Dandelion""[All Fields] OR ""Herba Taraxaci""[All Fields] OR ""Taraxaci Herba""[All Fields] OR ""Taraxacum mongolicum""[All Fields] OR ""Taraxacum sinicum""[All Fields]) AND (""Shengjiang""[All Fields] OR ""Zingiber Officinale Roscoe""[All Fields] OR ""Zingiber officinale""[All Fields]) AND (""Colitis, Ulcerative""[MeSH Terms] OR ""ulcerative colitis""[All Fields] OR ""colitis""[All Fields] OR ""intestinal barrier""[All Fields] OR ""gut barrier""[All Fields] OR ""intestinal mucosa""[All Fields] OR ""intestinal mucosal barrier""[All Fields] OR ""mucosal barrier""[All Fields])",True,False,0,0,True,,not_assigned_manual_full_text_review_required,本次检索未检出候选；不能据此证明无证据
69,蒲公英,砂仁,蒲公英＋砂仁,0,0,0,,,"(""Pu Gong Ying""[Title/Abstract] OR ""Dandelion""[Title/Abstract] OR ""Herba Taraxaci""[Title/Abstract] OR ""Taraxaci Herba""[Title/Abstract] OR ""Taraxacum mongolicum""[Title/Abstract] OR ""Taraxacum sinicum""[Title/Abstract]) AND (""Sharen""[Title/Abstract] OR ""Amomum Aurantiacum H. T. Tsai Et S. W. Zhao""[Title/Abstract] OR ""Amomum villosum""[Title/Abstract]) AND (""Colitis, Ulcerative""[MeSH Terms] OR ""ulcerative colitis""[Title/Abstract] OR ""colitis""[Title/Abstract] OR ""intestinal barrier""[Title/Abstract] OR ""gut barrier""[Title/Abstract] OR ""intestinal mucosa""[Title/Abstract] OR ""intestinal mucosal barrier""[Title/Abstract] OR ""mucosal barrier""[Title/Abstract])","(""Pu Gong Ying""[All Fields] OR ""Dandelion""[All Fields] OR ""Herba Taraxaci""[All Fields] OR ""Taraxaci Herba""[All Fields] OR ""Taraxacum mongolicum""[All Fields] OR ""Taraxacum sinicum""[All Fields]) AND (""Sharen""[All Fields] OR ""Amomum Aurantiacum H. T. Tsai Et S. W. Zhao""[All Fields] OR ""Amomum villosum""[All Fields]) AND (""Colitis, Ulcerative""[MeSH Terms] OR ""ulcerative colitis""[All Fields] OR ""colitis""[All Fields] OR ""intestinal barrier""[All Fields] OR ""gut barrier""[All Fields] OR ""intestinal mucosa""[All Fields] OR ""intestinal mucosal barrier""[All Fields] OR ""mucosal barrier""[All Fields])",True,False,0,0,True,,not_assigned_manual_full_text_review_required,本次检索未检出候选；不能据此证明无证据
70,蒲公英,白扁豆,蒲公英＋白扁豆,0,0,0,,,"(""Pu Gong Ying""[Title/Abstract] OR ""Dandelion""[Title/Abstract] OR ""Herba Taraxaci""[Title/Abstract] OR ""Taraxaci Herba""[Title/Abstract] OR ""Taraxacum mongolicum""[Title/Abstract] OR ""Taraxacum sinicum""[Title/Abstract]) AND (""Baibiandou""[Title/Abstract] OR ""Lablab Semen Album""[Title/Abstract] OR ""Dolichos lablab""[Title/Abstract]) AND (""Colitis, Ulcerative""[MeSH Terms] OR ""ulcerative colitis""[Title/Abstract] OR ""colitis""[Title/Abstract] OR ""intestinal barrier""[Title/Abstract] OR ""gut barrier""[Title/Abstract] OR ""intestinal mucosa""[Title/Abstract] OR ""intestinal mucosal barrier""[Title/Abstract] OR ""mucosal barrier""[Title/Abstract])","(""Pu Gong Ying""[All Fields] OR ""Dandelion""[All Fields] OR ""Herba Taraxaci""[All Fields] OR ""Taraxaci Herba""[All Fields] OR ""Taraxacum mongolicum""[All Fields] OR ""Taraxacum sinicum""[All Fields]) AND (""Baibiandou""[All Fields] OR ""Lablab Semen Album""[All Fields] OR ""Dolichos lablab""[All Fields]) AND (""Colitis, Ulcerative""[MeSH Terms] OR ""ulcerative colitis""[All Fields] OR ""colitis""[All Fields] OR ""intestinal barrier""[All Fields] OR ""gut barrier""[All Fields] OR ""intestinal mucosa""[All Fields] OR ""intestinal mucosal barrier""[All Fields] OR ""mucosal barrier""[All Fields])",True,False,0,0,True,,not_assigned_manual_full_text_review_required,本次检索未检出候选；不能据此证明无证据
71,蒲公英,芡实,蒲公英＋芡实,0,0,0,,,"(""Pu Gong Ying""[Title/Abstract] OR ""Dandelion""[Title/Abstract] OR ""Herba Taraxaci""[Title/Abstract] OR ""Taraxaci Herba""[Title/Abstract] OR ""Taraxacum mongolicum""[Title/Abstract] OR ""Taraxacum sinicum""[Title/Abstract]) AND (""Qianshi""[Title/Abstract] OR ""Euryales Semen""[Title/Abstract] OR ""Euryale ferox""[Title/Abstract]) AND (""Colitis, Ulcerative""[MeSH Terms] OR ""ulcerative colitis""[Title/Abstract] OR ""colitis""[Title/Abstract] OR ""intestinal barrier""[Title/Abstract] OR ""gut barrier""[Title/Abstract] OR ""intestinal mucosa""[Title/Abstract] OR ""intestinal mucosal barrier""[Title/Abstract] OR ""mucosal barrier""[Title/Abstract])","(""Pu Gong Ying""[All Fields] OR ""Dandelion""[All Fields] OR ""Herba Taraxaci""[All Fields] OR ""Taraxaci Herba""[All Fields] OR ""Taraxacum mongolicum""[All Fields] OR ""Taraxacum sinicum""[All Fields]) AND (""Qianshi""[All Fields] OR ""Euryales Semen""[All Fields] OR ""Euryale ferox""[All Fields]) AND (""Colitis, Ulcerative""[MeSH Terms] OR ""ulcerative colitis""[All Fields] OR ""colitis""[All Fields] OR ""intestinal barrier""[All Fields] OR ""gut barrier""[All Fields] OR ""intestinal mucosa""[All Fields] OR ""intestinal mucosal barrier""[All Fields] OR ""mucosal barrier""[All Fields])",True,False,0,0,True,,not_assigned_manual_full_text_review_required,本次检索未检出候选；不能据此证明无证据
72,陈皮,藿香,陈皮＋藿香,0,0,0,,,"(""Chenpi""[Title/Abstract] OR ""Citrus Reticulata""[Title/Abstract]) AND (""HuoXiang""[Title/Abstract] OR ""Pogostemon cablin(Blanco)Benth.""[Title/Abstract] OR ""Pogostemon cablin""[Title/Abstract]) AND (""Colitis, Ulcerative""[MeSH Terms] OR ""ulcerative colitis""[Title/Abstract] OR ""colitis""[Title/Abstract] OR ""intestinal barrier""[Title/Abstract] OR ""gut barrier""[Title/Abstract] OR ""intestinal mucosa""[Title/Abstract] OR ""intestinal mucosal barrier""[Title/Abstract] OR ""mucosal barrier""[Title/Abstract])","(""Chenpi""[All Fields] OR ""Citrus Reticulata""[All Fields]) AND (""HuoXiang""[All Fields] OR ""Pogostemon cablin(Blanco)Benth.""[All Fields] OR ""Pogostemon cablin""[All Fields]) AND (""Colitis, Ulcerative""[MeSH Terms] OR ""ulcerative colitis""[All Fields] OR ""colitis""[All Fields] OR ""intestinal barrier""[All Fields] OR ""gut barrier""[All Fields] OR ""intestinal mucosa""[All Fields] OR ""intestinal mucosal barrier""[All Fields] OR ""mucosal barrier""[All Fields])",True,False,0,0,True,,not_assigned_manual_full_text_review_required,本次检索未检出候选；不能据此证明无证据
73,金银花,大枣,金银花＋大枣,0,0,0,,,"(""Jinyinhua""[Title/Abstract] OR ""Lonicerae Japonicae Flos""[Title/Abstract] OR ""Lonicera japonica""[Title/Abstract]) AND (""Dazao""[Title/Abstract] OR ""Jujubae Fructus""[Title/Abstract] OR ""Ziziphus jujuba""[Title/Abstract]) AND (""Colitis, Ulcerative""[MeSH Terms] OR ""ulcerative colitis""[Title/Abstract] OR ""colitis""[Title/Abstract] OR ""intestinal barrier""[Title/Abstract] OR ""gut barrier""[Title/Abstract] OR ""intestinal mucosa""[Title/Abstract] OR ""intestinal mucosal barrier""[Title/Abstract] OR ""mucosal barrier""[Title/Abstract])","(""Jinyinhua""[All Fields] OR ""Lonicerae Japonicae Flos""[All Fields] OR ""Lonicera japonica""[All Fields]) AND (""Dazao""[All Fields] OR ""Jujubae Fructus""[All Fields] OR ""Ziziphus jujuba""[All Fields]) AND (""Colitis, Ulcerative""[MeSH Terms] OR ""ulcerative colitis""[All Fields] OR ""colitis""[All Fields] OR ""intestinal barrier""[All Fields] OR ""gut barrier""[All Fields] OR ""intestinal mucosa""[All Fields] OR ""intestinal mucosal barrier""[All Fields] OR ""mucosal barrier""[All Fields])",True,False,0,0,True,,not_assigned_manual_full_text_review_required,本次检索未检出候选；不能据此证明无证据
74,马齿苋,大枣,马齿苋＋大枣,0,0,0,,,"(""Machixian""[Title/Abstract] OR ""Portulacae Herba""[Title/Abstract] OR ""Portulaca oleracea""[Title/Abstract]) AND (""Dazao""[Title/Abstract] OR ""Jujubae Fructus""[Title/Abstract] OR ""Ziziphus jujuba""[Title/Abstract]) AND (""Colitis, Ulcerative""[MeSH Terms] OR ""ulcerative colitis""[Title/Abstract] OR ""colitis""[Title/Abstract] OR ""intestinal barrier""[Title/Abstract] OR ""gut barrier""[Title/Abstract] OR ""intestinal mucosa""[Title/Abstract] OR ""intestinal mucosal barrier""[Title/Abstract] OR ""mucosal barrier""[Title/Abstract])","(""Machixian""[All Fields] OR ""Portulacae Herba""[All Fields] OR ""Portulaca oleracea""[All Fields]) AND (""Dazao""[All Fields] OR ""Jujubae Fructus""[All Fields] OR ""Ziziphus jujuba""[All Fields]) AND (""Colitis, Ulcerative""[MeSH Terms] OR ""ulcerative colitis""[All Fields] OR ""colitis""[All Fields] OR ""intestinal barrier""[All Fields] OR ""gut barrier""[All Fields] OR ""intestinal mucosa""[All Fields] OR ""intestinal mucosal barrier""[All Fields] OR ""mucosal barrier""[All Fields])",True,False,0,0,True,,not_assigned_manual_full_text_review_required,本次检索未检出候选；不能据此证明无证据
75,莲子,生姜,莲子＋生姜,0,0,0,,,"(""LianZi""[Title/Abstract] OR ""Nelumbo nucifera Gaertn.""[Title/Abstract] OR ""Nelumbo nucifera""[Title/Abstract]) AND (""Shengjiang""[Title/Abstract] OR ""Zingiber Officinale Roscoe""[Title/Abstract] OR ""Zingiber officinale""[Title/Abstract]) AND (""Colitis, Ulcerative""[MeSH Terms] OR ""ulcerative colitis""[Title/Abstract] OR ""colitis""[Title/Abstract] OR ""intestinal barrier""[Title/Abstract] OR ""gut barrier""[Title/Abstract] OR ""intestinal mucosa""[Title/Abstract] OR ""intestinal mucosal barrier""[Title/Abstract] OR ""mucosal barrier""[Title/Abstract])","(""LianZi""[All Fields] OR ""Nelumbo nucifera Gaertn.""[All Fields] OR ""Nelumbo nucifera""[All Fields]) AND (""Shengjiang""[All Fields] OR ""Zingiber Officinale Roscoe""[All Fields] OR ""Zingiber officinale""[All Fields]) AND (""Colitis, Ulcerative""[MeSH Terms] OR ""ulcerative colitis""[All Fields] OR ""colitis""[All Fields] OR ""intestinal barrier""[All Fields] OR ""gut barrier""[All Fields] OR ""intestinal mucosa""[All Fields] OR ""intestinal mucosal barrier""[All Fields] OR ""mucosal barrier""[All Fields])",True,False,0,0,True,,not_assigned_manual_full_text_review_required,本次检索未检出候选；不能据此证明无证据
76,莲子,砂仁,莲子＋砂仁,0,0,0,,,"(""LianZi""[Title/Abstract] OR ""Nelumbo nucifera Gaertn.""[Title/Abstract] OR ""Nelumbo nucifera""[Title/Abstract]) AND (""Sharen""[Title/Abstract] OR ""Amomum Aurantiacum H. T. Tsai Et S. W. Zhao""[Title/Abstract] OR ""Amomum villosum""[Title/Abstract]) AND (""Colitis, Ulcerative""[MeSH Terms] OR ""ulcerative colitis""[Title/Abstract] OR ""colitis""[Title/Abstract] OR ""intestinal barrier""[Title/Abstract] OR ""gut barrier""[Title/Abstract] OR ""intestinal mucosa""[Title/Abstract] OR ""intestinal mucosal barrier""[Title/Abstract] OR ""mucosal barrier""[Title/Abstract])","(""LianZi""[All Fields] OR ""Nelumbo nucifera Gaertn.""[All Fields] OR ""Nelumbo nucifera""[All Fields]) AND (""Sharen""[All Fields] OR ""Amomum Aurantiacum H. T. Tsai Et S. W. Zhao""[All Fields] OR ""Amomum villosum""[All Fields]) AND (""Colitis, Ulcerative""[MeSH Terms] OR ""ulcerative colitis""[All Fields] OR ""colitis""[All Fields] OR ""intestinal barrier""[All Fields] OR ""gut barrier""[All Fields] OR ""intestinal mucosa""[All Fields] OR ""intestinal mucosal barrier""[All Fields] OR ""mucosal barrier""[All Fields])",True,False,0,0,True,,not_assigned_manual_full_text_review_required,本次检索未检出候选；不能据此证明无证据
77,山药,生姜,山药＋生姜,0,0,0,,,"(""Shanyao""[Title/Abstract] OR ""Rhizoma Dioscoreae""[Title/Abstract] OR ""Dioscorea opposita""[Title/Abstract]) AND (""Shengjiang""[Title/Abstract] OR ""Zingiber Officinale Roscoe""[Title/Abstract] OR ""Zingiber officinale""[Title/Abstract]) AND (""Colitis, Ulcerative""[MeSH Terms] OR ""ulcerative colitis""[Title/Abstract] OR ""colitis""[Title/Abstract] OR ""intestinal barrier""[Title/Abstract] OR ""gut barrier""[Title/Abstract] OR ""intestinal mucosa""[Title/Abstract] OR ""intestinal mucosal barrier""[Title/Abstract] OR ""mucosal barrier""[Title/Abstract])","(""Shanyao""[All Fields] OR ""Rhizoma Dioscoreae""[All Fields] OR ""Dioscorea opposita""[All Fields]) AND (""Shengjiang""[All Fields] OR ""Zingiber Officinale Roscoe""[All Fields] OR ""Zingiber officinale""[All Fields]) AND (""Colitis, Ulcerative""[MeSH Terms] OR ""ulcerative colitis""[All Fields] OR ""colitis""[All Fields] OR ""intestinal barrier""[All Fields] OR ""gut barrier""[All Fields] OR ""intestinal mucosa""[All Fields] OR ""intestinal mucosal barrier""[All Fields] OR ""mucosal barrier""[All Fields])",True,False,0,0,True,,not_assigned_manual_full_text_review_required,本次检索未检出候选；不能据此证明无证据
78,山药,砂仁,山药＋砂仁,0,0,0,,,"(""Shanyao""[Title/Abstract] OR ""Rhizoma Dioscoreae""[Title/Abstract] OR ""Dioscorea opposita""[Title/Abstract]) AND (""Sharen""[Title/Abstract] OR ""Amomum Aurantiacum H. T. Tsai Et S. W. Zhao""[Title/Abstract] OR ""Amomum villosum""[Title/Abstract]) AND (""Colitis, Ulcerative""[MeSH Terms] OR ""ulcerative colitis""[Title/Abstract] OR ""colitis""[Title/Abstract] OR ""intestinal barrier""[Title/Abstract] OR ""gut barrier""[Title/Abstract] OR ""intestinal mucosa""[Title/Abstract] OR ""intestinal mucosal barrier""[Title/Abstract] OR ""mucosal barrier""[Title/Abstract])","(""Shanyao""[All Fields] OR ""Rhizoma Dioscoreae""[All Fields] OR ""Dioscorea opposita""[All Fields]) AND (""Sharen""[All Fields] OR ""Amomum Aurantiacum H. T. Tsai Et S. W. Zhao""[All Fields] OR ""Amomum villosum""[All Fields]) AND (""Colitis, Ulcerative""[MeSH Terms] OR ""ulcerative colitis""[All Fields] OR ""colitis""[All Fields] OR ""intestinal barrier""[All Fields] OR ""gut barrier""[All Fields] OR ""intestinal mucosa""[All Fields] OR ""intestinal mucosal barrier""[All Fields] OR ""mucosal barrier""[All Fields])",True,False,0,0,True,,not_assigned_manual_full_text_review_required,本次检索未检出候选；不能据此证明无证据
79,茯苓,莲子,茯苓＋莲子,0,0,0,,,"(""Fuling""[Title/Abstract] OR ""Poria Cocos(Schw.) Wolf.""[Title/Abstract] OR ""Poria cocos""[Title/Abstract]) AND (""LianZi""[Title/Abstract] OR ""Nelumbo nucifera Gaertn.""[Title/Abstract] OR ""Nelumbo nucifera""[Title/Abstract]) AND (""Colitis, Ulcerative""[MeSH Terms] OR ""ulcerative colitis""[Title/Abstract] OR ""colitis""[Title/Abstract] OR ""intestinal barrier""[Title/Abstract] OR ""gut barrier""[Title/Abstract] OR ""intestinal mucosa""[Title/Abstract] OR ""intestinal mucosal barrier""[Title/Abstract] OR ""mucosal barrier""[Title/Abstract])","(""Fuling""[All Fields] OR ""Poria Cocos(Schw.) Wolf.""[All Fields] OR ""Poria cocos""[All Fields]) AND (""LianZi""[All Fields] OR ""Nelumbo nucifera Gaertn.""[All Fields] OR ""Nelumbo nucifera""[All Fields]) AND (""Colitis, Ulcerative""[MeSH Terms] OR ""ulcerative colitis""[All Fields] OR ""colitis""[All Fields] OR ""intestinal barrier""[All Fields] OR ""gut barrier""[All Fields] OR ""intestinal mucosa""[All Fields] OR ""intestinal mucosal barrier""[All Fields] OR ""mucosal barrier""[All Fields])",True,False,0,0,True,,not_assigned_manual_full_text_review_required,本次检索未检出候选；不能据此证明无证据
80,白扁豆,陈皮,白扁豆＋陈皮,0,0,0,,,"(""Baibiandou""[Title/Abstract] OR ""Lablab Semen Album""[Title/Abstract] OR ""Dolichos lablab""[Title/Abstract]) AND (""Chenpi""[Title/Abstract] OR ""Citrus Reticulata""[Title/Abstract]) AND (""Colitis, Ulcerative""[MeSH Terms] OR ""ulcerative colitis""[Title/Abstract] OR ""colitis""[Title/Abstract] OR ""intestinal barrier""[Title/Abstract] OR ""gut barrier""[Title/Abstract] OR ""intestinal mucosa""[Title/Abstract] OR ""intestinal mucosal barrier""[Title/Abstract] OR ""mucosal barrier""[Title/Abstract])","(""Baibiandou""[All Fields] OR ""Lablab Semen Album""[All Fields] OR ""Dolichos lablab""[All Fields]) AND (""Chenpi""[All Fields] OR ""Citrus Reticulata""[All Fields]) AND (""Colitis, Ulcerative""[MeSH Terms] OR ""ulcerative colitis""[All Fields] OR ""colitis""[All Fields] OR ""intestinal barrier""[All Fields] OR ""gut barrier""[All Fields] OR ""intestinal mucosa""[All Fields] OR ""intestinal mucosal barrier""[All Fields] OR ""mucosal barrier""[All Fields])",True,False,0,0,True,,not_assigned_manual_full_text_review_required,本次检索未检出候选；不能据此证明无证据
81,芡实,陈皮,芡实＋陈皮,0,0,0,,,"(""Qianshi""[Title/Abstract] OR ""Euryales Semen""[Title/Abstract] OR ""Euryale ferox""[Title/Abstract]) AND (""Chenpi""[Title/Abstract] OR ""Citrus Reticulata""[Title/Abstract]) AND (""Colitis, Ulcerative""[MeSH Terms] OR ""ulcerative colitis""[Title/Abstract] OR ""colitis""[Title/Abstract] OR ""intestinal barrier""[Title/Abstract] OR ""gut barrier""[Title/Abstract] OR ""intestinal mucosa""[Title/Abstract] OR ""intestinal mucosal barrier""[Title/Abstract] OR ""mucosal barrier""[Title/Abstract])","(""Qianshi""[All Fields] OR ""Euryales Semen""[All Fields] OR ""Euryale ferox""[All Fields]) AND (""Chenpi""[All Fields] OR ""Citrus Reticulata""[All Fields]) AND (""Colitis, Ulcerative""[MeSH Terms] OR ""ulcerative colitis""[All Fields] OR ""colitis""[All Fields] OR ""intestinal barrier""[All Fields] OR ""gut barrier""[All Fields] OR ""intestinal mucosa""[All Fields] OR ""intestinal mucosal barrier""[All Fields] OR ""mucosal barrier""[All Fields])",True,False,0,0,True,,not_assigned_manual_full_text_review_required,本次检索未检出候选；不能据此证明无证据
82,金银花,甘草,金银花＋甘草,0,0,0,,,"(""Jinyinhua""[Title/Abstract] OR ""Lonicerae Japonicae Flos""[Title/Abstract] OR ""Lonicera japonica""[Title/Abstract]) AND (""Gancao""[Title/Abstract] OR ""licorice""[Title/Abstract] OR ""Glycyrrhiza uralensis""[Title/Abstract] OR ""Glycyrrhiza inflata""[Title/Abstract] OR ""Glycyrrhiza glabra""[Title/Abstract]) AND (""Colitis, Ulcerative""[MeSH Terms] OR ""ulcerative colitis""[Title/Abstract] OR ""colitis""[Title/Abstract] OR ""intestinal barrier""[Title/Abstract] OR ""gut barrier""[Title/Abstract] OR ""intestinal mucosa""[Title/Abstract] OR ""intestinal mucosal barrier""[Title/Abstract] OR ""mucosal barrier""[Title/Abstract])","(""Jinyinhua""[All Fields] OR ""Lonicerae Japonicae Flos""[All Fields] OR ""Lonicera japonica""[All Fields]) AND (""Gancao""[All Fields] OR ""licorice""[All Fields] OR ""Glycyrrhiza uralensis""[All Fields] OR ""Glycyrrhiza inflata""[All Fields] OR ""Glycyrrhiza glabra""[All Fields]) AND (""Colitis, Ulcerative""[MeSH Terms] OR ""ulcerative colitis""[All Fields] OR ""colitis""[All Fields] OR ""intestinal barrier""[All Fields] OR ""gut barrier""[All Fields] OR ""intestinal mucosa""[All Fields] OR ""intestinal mucosal barrier""[All Fields] OR ""mucosal barrier""[All Fields])",True,False,0,0,True,,not_assigned_manual_full_text_review_required,本次检索未检出候选；不能据此证明无证据
83,马齿苋,甘草,马齿苋＋甘草,0,0,0,,,"(""Machixian""[Title/Abstract] OR ""Portulacae Herba""[Title/Abstract] OR ""Portulaca oleracea""[Title/Abstract]) AND (""Gancao""[Title/Abstract] OR ""licorice""[Title/Abstract] OR ""Glycyrrhiza uralensis""[Title/Abstract] OR ""Glycyrrhiza inflata""[Title/Abstract] OR ""Glycyrrhiza glabra""[Title/Abstract]) AND (""Colitis, Ulcerative""[MeSH Terms] OR ""ulcerative colitis""[Title/Abstract] OR ""colitis""[Title/Abstract] OR ""intestinal barrier""[Title/Abstract] OR ""gut barrier""[Title/Abstract] OR ""intestinal mucosa""[Title/Abstract] OR ""intestinal mucosal barrier""[Title/Abstract] OR ""mucosal barrier""[Title/Abstract])","(""Machixian""[All Fields] OR ""Portulacae Herba""[All Fields] OR ""Portulaca oleracea""[All Fields]) AND (""Gancao""[All Fields] OR ""licorice""[All Fields] OR ""Glycyrrhiza uralensis""[All Fields] OR ""Glycyrrhiza inflata""[All Fields] OR ""Glycyrrhiza glabra""[All Fields]) AND (""Colitis, Ulcerative""[MeSH Terms] OR ""ulcerative colitis""[All Fields] OR ""colitis""[All Fields] OR ""intestinal barrier""[All Fields] OR ""gut barrier""[All Fields] OR ""intestinal mucosa""[All Fields] OR ""intestinal mucosal barrier""[All Fields] OR ""mucosal barrier""[All Fields])",True,False,0,0,True,,not_assigned_manual_full_text_review_required,本次检索未检出候选；不能据此证明无证据
84,薏苡仁,莲子,薏苡仁＋莲子,0,0,0,,,"(""Yiyiren""[Title/Abstract] OR ""Coicis Semen""[Title/Abstract] OR ""Coix lacryma-jobi""[Title/Abstract]) AND (""LianZi""[Title/Abstract] OR ""Nelumbo nucifera Gaertn.""[Title/Abstract] OR ""Nelumbo nucifera""[Title/Abstract]) AND (""Colitis, Ulcerative""[MeSH Terms] OR ""ulcerative colitis""[Title/Abstract] OR ""colitis""[Title/Abstract] OR ""intestinal barrier""[Title/Abstract] OR ""gut barrier""[Title/Abstract] OR ""intestinal mucosa""[Title/Abstract] OR ""intestinal mucosal barrier""[Title/Abstract] OR ""mucosal barrier""[Title/Abstract])","(""Yiyiren""[All Fields] OR ""Coicis Semen""[All Fields] OR ""Coix lacryma-jobi""[All Fields]) AND (""LianZi""[All Fields] OR ""Nelumbo nucifera Gaertn.""[All Fields] OR ""Nelumbo nucifera""[All Fields]) AND (""Colitis, Ulcerative""[MeSH Terms] OR ""ulcerative colitis""[All Fields] OR ""colitis""[All Fields] OR ""intestinal barrier""[All Fields] OR ""gut barrier""[All Fields] OR ""intestinal mucosa""[All Fields] OR ""intestinal mucosal barrier""[All Fields] OR ""mucosal barrier""[All Fields])",True,False,0,0,True,,not_assigned_manual_full_text_review_required,本次检索未检出候选；不能据此证明无证据
85,陈皮,生姜,陈皮＋生姜,0,0,0,,,"(""Chenpi""[Title/Abstract] OR ""Citrus Reticulata""[Title/Abstract]) AND (""Shengjiang""[Title/Abstract] OR ""Zingiber Officinale Roscoe""[Title/Abstract] OR ""Zingiber officinale""[Title/Abstract]) AND (""Colitis, Ulcerative""[MeSH Terms] OR ""ulcerative colitis""[Title/Abstract] OR ""colitis""[Title/Abstract] OR ""intestinal barrier""[Title/Abstract] OR ""gut barrier""[Title/Abstract] OR ""intestinal mucosa""[Title/Abstract] OR ""intestinal mucosal barrier""[Title/Abstract] OR ""mucosal barrier""[Title/Abstract])","(""Chenpi""[All Fields] OR ""Citrus Reticulata""[All Fields]) AND (""Shengjiang""[All Fields] OR ""Zingiber Officinale Roscoe""[All Fields] OR ""Zingiber officinale""[All Fields]) AND (""Colitis, Ulcerative""[MeSH Terms] OR ""ulcerative colitis""[All Fields] OR ""colitis""[All Fields] OR ""intestinal barrier""[All Fields] OR ""gut barrier""[All Fields] OR ""intestinal mucosa""[All Fields] OR ""intestinal mucosal barrier""[All Fields] OR ""mucosal barrier""[All Fields])",True,False,0,0,True,,not_assigned_manual_full_text_review_required,本次检索未检出候选；不能据此证明无证据
86,陈皮,砂仁,陈皮＋砂仁,0,0,0,,,"(""Chenpi""[Title/Abstract] OR ""Citrus Reticulata""[Title/Abstract]) AND (""Sharen""[Title/Abstract] OR ""Amomum Aurantiacum H. T. Tsai Et S. W. Zhao""[Title/Abstract] OR ""Amomum villosum""[Title/Abstract]) AND (""Colitis, Ulcerative""[MeSH Terms] OR ""ulcerative colitis""[Title/Abstract] OR ""colitis""[Title/Abstract] OR ""intestinal barrier""[Title/Abstract] OR ""gut barrier""[Title/Abstract] OR ""intestinal mucosa""[Title/Abstract] OR ""intestinal mucosal barrier""[Title/Abstract] OR ""mucosal barrier""[Title/Abstract])","(""Chenpi""[All Fields] OR ""Citrus Reticulata""[All Fields]) AND (""Sharen""[All Fields] OR ""Amomum Aurantiacum H. T. Tsai Et S. W. Zhao""[All Fields] OR ""Amomum villosum""[All Fields]) AND (""Colitis, Ulcerative""[MeSH Terms] OR ""ulcerative colitis""[All Fields] OR ""colitis""[All Fields] OR ""intestinal barrier""[All Fields] OR ""gut barrier""[All Fields] OR ""intestinal mucosa""[All Fields] OR ""intestinal mucosal barrier""[All Fields] OR ""mucosal barrier""[All Fields])",True,False,0,0,True,,not_assigned_manual_full_text_review_required,本次检索未检出候选；不能据此证明无证据
87,栀子,大枣,栀子＋大枣,0,0,0,,,"(""Zhizi""[Title/Abstract] OR ""Gardeniae Fructus""[Title/Abstract] OR ""Gardenia jasminoides""[Title/Abstract]) AND (""Dazao""[Title/Abstract] OR ""Jujubae Fructus""[Title/Abstract] OR ""Ziziphus jujuba""[Title/Abstract]) AND (""Colitis, Ulcerative""[MeSH Terms] OR ""ulcerative colitis""[Title/Abstract] OR ""colitis""[Title/Abstract] OR ""intestinal barrier""[Title/Abstract] OR ""gut barrier""[Title/Abstract] OR ""intestinal mucosa""[Title/Abstract] OR ""intestinal mucosal barrier""[Title/Abstract] OR ""mucosal barrier""[Title/Abstract])","(""Zhizi""[All Fields] OR ""Gardeniae Fructus""[All Fields] OR ""Gardenia jasminoides""[All Fields]) AND (""Dazao""[All Fields] OR ""Jujubae Fructus""[All Fields] OR ""Ziziphus jujuba""[All Fields]) AND (""Colitis, Ulcerative""[MeSH Terms] OR ""ulcerative colitis""[All Fields] OR ""colitis""[All Fields] OR ""intestinal barrier""[All Fields] OR ""gut barrier""[All Fields] OR ""intestinal mucosa""[All Fields] OR ""intestinal mucosal barrier""[All Fields] OR ""mucosal barrier""[All Fields])",True,False,0,0,True,,not_assigned_manual_full_text_review_required,本次检索未检出候选；不能据此证明无证据
88,白扁豆,生姜,白扁豆＋生姜,0,0,0,,,"(""Baibiandou""[Title/Abstract] OR ""Lablab Semen Album""[Title/Abstract] OR ""Dolichos lablab""[Title/Abstract]) AND (""Shengjiang""[Title/Abstract] OR ""Zingiber Officinale Roscoe""[Title/Abstract] OR ""Zingiber officinale""[Title/Abstract]) AND (""Colitis, Ulcerative""[MeSH Terms] OR ""ulcerative colitis""[Title/Abstract] OR ""colitis""[Title/Abstract] OR ""intestinal barrier""[Title/Abstract] OR ""gut barrier""[Title/Abstract] OR ""intestinal mucosa""[Title/Abstract] OR ""intestinal mucosal barrier""[Title/Abstract] OR ""mucosal barrier""[Title/Abstract])","(""Baibiandou""[All Fields] OR ""Lablab Semen Album""[All Fields] OR ""Dolichos lablab""[All Fields]) AND (""Shengjiang""[All Fields] OR ""Zingiber Officinale Roscoe""[All Fields] OR ""Zingiber officinale""[All Fields]) AND (""Colitis, Ulcerative""[MeSH Terms] OR ""ulcerative colitis""[All Fields] OR ""colitis""[All Fields] OR ""intestinal barrier""[All Fields] OR ""gut barrier""[All Fields] OR ""intestinal mucosa""[All Fields] OR ""intestinal mucosal barrier""[All Fields] OR ""mucosal barrier""[All Fields])",True,False,0,0,True,,not_assigned_manual_full_text_review_required,本次检索未检出候选；不能据此证明无证据
89,芡实,生姜,芡实＋生姜,0,0,0,,,"(""Qianshi""[Title/Abstract] OR ""Euryales Semen""[Title/Abstract] OR ""Euryale ferox""[Title/Abstract]) AND (""Shengjiang""[Title/Abstract] OR ""Zingiber Officinale Roscoe""[Title/Abstract] OR ""Zingiber officinale""[Title/Abstract]) AND (""Colitis, Ulcerative""[MeSH Terms] OR ""ulcerative colitis""[Title/Abstract] OR ""colitis""[Title/Abstract] OR ""intestinal barrier""[Title/Abstract] OR ""gut barrier""[Title/Abstract] OR ""intestinal mucosa""[Title/Abstract] OR ""intestinal mucosal barrier""[Title/Abstract] OR ""mucosal barrier""[Title/Abstract])","(""Qianshi""[All Fields] OR ""Euryales Semen""[All Fields] OR ""Euryale ferox""[All Fields]) AND (""Shengjiang""[All Fields] OR ""Zingiber Officinale Roscoe""[All Fields] OR ""Zingiber officinale""[All Fields]) AND (""Colitis, Ulcerative""[MeSH Terms] OR ""ulcerative colitis""[All Fields] OR ""colitis""[All Fields] OR ""intestinal barrier""[All Fields] OR ""gut barrier""[All Fields] OR ""intestinal mucosa""[All Fields] OR ""intestinal mucosal barrier""[All Fields] OR ""mucosal barrier""[All Fields])",True,False,0,0,True,,not_assigned_manual_full_text_review_required,本次检索未检出候选；不能据此证明无证据
90,白扁豆,砂仁,白扁豆＋砂仁,0,0,0,,,"(""Baibiandou""[Title/Abstract] OR ""Lablab Semen Album""[Title/Abstract] OR ""Dolichos lablab""[Title/Abstract]) AND (""Sharen""[Title/Abstract] OR ""Amomum Aurantiacum H. T. Tsai Et S. W. Zhao""[Title/Abstract] OR ""Amomum villosum""[Title/Abstract]) AND (""Colitis, Ulcerative""[MeSH Terms] OR ""ulcerative colitis""[Title/Abstract] OR ""colitis""[Title/Abstract] OR ""intestinal barrier""[Title/Abstract] OR ""gut barrier""[Title/Abstract] OR ""intestinal mucosa""[Title/Abstract] OR ""intestinal mucosal barrier""[Title/Abstract] OR ""mucosal barrier""[Title/Abstract])","(""Baibiandou""[All Fields] OR ""Lablab Semen Album""[All Fields] OR ""Dolichos lablab""[All Fields]) AND (""Sharen""[All Fields] OR ""Amomum Aurantiacum H. T. Tsai Et S. W. Zhao""[All Fields] OR ""Amomum villosum""[All Fields]) AND (""Colitis, Ulcerative""[MeSH Terms] OR ""ulcerative colitis""[All Fields] OR ""colitis""[All Fields] OR ""intestinal barrier""[All Fields] OR ""gut barrier""[All Fields] OR ""intestinal mucosa""[All Fields] OR ""intestinal mucosal barrier""[All Fields] OR ""mucosal barrier""[All Fields])",True,False,0,0,True,,not_assigned_manual_full_text_review_required,本次检索未检出候选；不能据此证明无证据
91,芡实,砂仁,芡实＋砂仁,0,0,0,,,"(""Qianshi""[Title/Abstract] OR ""Euryales Semen""[Title/Abstract] OR ""Euryale ferox""[Title/Abstract]) AND (""Sharen""[Title/Abstract] OR ""Amomum Aurantiacum H. T. Tsai Et S. W. Zhao""[Title/Abstract] OR ""Amomum villosum""[Title/Abstract]) AND (""Colitis, Ulcerative""[MeSH Terms] OR ""ulcerative colitis""[Title/Abstract] OR ""colitis""[Title/Abstract] OR ""intestinal barrier""[Title/Abstract] OR ""gut barrier""[Title/Abstract] OR ""intestinal mucosa""[Title/Abstract] OR ""intestinal mucosal barrier""[Title/Abstract] OR ""mucosal barrier""[Title/Abstract])","(""Qianshi""[All Fields] OR ""Euryales Semen""[All Fields] OR ""Euryale ferox""[All Fields]) AND (""Sharen""[All Fields] OR ""Amomum Aurantiacum H. T. Tsai Et S. W. Zhao""[All Fields] OR ""Amomum villosum""[All Fields]) AND (""Colitis, Ulcerative""[MeSH Terms] OR ""ulcerative colitis""[All Fields] OR ""colitis""[All Fields] OR ""intestinal barrier""[All Fields] OR ""gut barrier""[All Fields] OR ""intestinal mucosa""[All Fields] OR ""intestinal mucosal barrier""[All Fields] OR ""mucosal barrier""[All Fields])",True,False,0,0,True,,not_assigned_manual_full_text_review_required,本次检索未检出候选；不能据此证明无证据
92,乌梅,甘草,乌梅＋甘草,0,0,0,,,"(""Wumei""[Title/Abstract] OR ""Mume Fructus""[Title/Abstract] OR ""Prunus mume""[Title/Abstract]) AND (""Gancao""[Title/Abstract] OR ""licorice""[Title/Abstract] OR ""Glycyrrhiza uralensis""[Title/Abstract] OR ""Glycyrrhiza inflata""[Title/Abstract] OR ""Glycyrrhiza glabra""[Title/Abstract]) AND (""Colitis, Ulcerative""[MeSH Terms] OR ""ulcerative colitis""[Title/Abstract] OR ""colitis""[Title/Abstract] OR ""intestinal barrier""[Title/Abstract] OR ""gut barrier""[Title/Abstract] OR ""intestinal mucosa""[Title/Abstract] OR ""intestinal mucosal barrier""[Title/Abstract] OR ""mucosal barrier""[Title/Abstract])","(""Wumei""[All Fields] OR ""Mume Fructus""[All Fields] OR ""Prunus mume""[All Fields]) AND (""Gancao""[All Fields] OR ""licorice""[All Fields] OR ""Glycyrrhiza uralensis""[All Fields] OR ""Glycyrrhiza inflata""[All Fields] OR ""Glycyrrhiza glabra""[All Fields]) AND (""Colitis, Ulcerative""[MeSH Terms] OR ""ulcerative colitis""[All Fields] OR ""colitis""[All Fields] OR ""intestinal barrier""[All Fields] OR ""gut barrier""[All Fields] OR ""intestinal mucosa""[All Fields] OR ""intestinal mucosal barrier""[All Fields] OR ""mucosal barrier""[All Fields])",True,False,0,0,True,,not_assigned_manual_full_text_review_required,本次检索未检出候选；不能据此证明无证据
93,藿香,生姜,藿香＋生姜,0,0,0,,,"(""HuoXiang""[Title/Abstract] OR ""Pogostemon cablin(Blanco)Benth.""[Title/Abstract] OR ""Pogostemon cablin""[Title/Abstract]) AND (""Shengjiang""[Title/Abstract] OR ""Zingiber Officinale Roscoe""[Title/Abstract] OR ""Zingiber officinale""[Title/Abstract]) AND (""Colitis, Ulcerative""[MeSH Terms] OR ""ulcerative colitis""[Title/Abstract] OR ""colitis""[Title/Abstract] OR ""intestinal barrier""[Title/Abstract] OR ""gut barrier""[Title/Abstract] OR ""intestinal mucosa""[Title/Abstract] OR ""intestinal mucosal barrier""[Title/Abstract] OR ""mucosal barrier""[Title/Abstract])","(""HuoXiang""[All Fields] OR ""Pogostemon cablin(Blanco)Benth.""[All Fields] OR ""Pogostemon cablin""[All Fields]) AND (""Shengjiang""[All Fields] OR ""Zingiber Officinale Roscoe""[All Fields] OR ""Zingiber officinale""[All Fields]) AND (""Colitis, Ulcerative""[MeSH Terms] OR ""ulcerative colitis""[All Fields] OR ""colitis""[All Fields] OR ""intestinal barrier""[All Fields] OR ""gut barrier""[All Fields] OR ""intestinal mucosa""[All Fields] OR ""intestinal mucosal barrier""[All Fields] OR ""mucosal barrier""[All Fields])",True,False,0,0,True,,not_assigned_manual_full_text_review_required,本次检索未检出候选；不能据此证明无证据
94,砂仁,藿香,砂仁＋藿香,0,0,0,,,"(""Sharen""[Title/Abstract] OR ""Amomum Aurantiacum H. T. Tsai Et S. W. Zhao""[Title/Abstract] OR ""Amomum villosum""[Title/Abstract]) AND (""HuoXiang""[Title/Abstract] OR ""Pogostemon cablin(Blanco)Benth.""[Title/Abstract] OR ""Pogostemon cablin""[Title/Abstract]) AND (""Colitis, Ulcerative""[MeSH Terms] OR ""ulcerative colitis""[Title/Abstract] OR ""colitis""[Title/Abstract] OR ""intestinal barrier""[Title/Abstract] OR ""gut barrier""[Title/Abstract] OR ""intestinal mucosa""[Title/Abstract] OR ""intestinal mucosal barrier""[Title/Abstract] OR ""mucosal barrier""[Title/Abstract])","(""Sharen""[All Fields] OR ""Amomum Aurantiacum H. T. Tsai Et S. W. Zhao""[All Fields] OR ""Amomum villosum""[All Fields]) AND (""HuoXiang""[All Fields] OR ""Pogostemon cablin(Blanco)Benth.""[All Fields] OR ""Pogostemon cablin""[All Fields]) AND (""Colitis, Ulcerative""[MeSH Terms] OR ""ulcerative colitis""[All Fields] OR ""colitis""[All Fields] OR ""intestinal barrier""[All Fields] OR ""gut barrier""[All Fields] OR ""intestinal mucosa""[All Fields] OR ""intestinal mucosal barrier""[All Fields] OR ""mucosal barrier""[All Fields])",True,False,0,0,True,,not_assigned_manual_full_text_review_required,本次检索未检出候选；不能据此证明无证据
95,金银花,乌梅,金银花＋乌梅,0,0,0,,,"(""Jinyinhua""[Title/Abstract] OR ""Lonicerae Japonicae Flos""[Title/Abstract] OR ""Lonicera japonica""[Title/Abstract]) AND (""Wumei""[Title/Abstract] OR ""Mume Fructus""[Title/Abstract] OR ""Prunus mume""[Title/Abstract]) AND (""Colitis, Ulcerative""[MeSH Terms] OR ""ulcerative colitis""[Title/Abstract] OR ""colitis""[Title/Abstract] OR ""intestinal barrier""[Title/Abstract] OR ""gut barrier""[Title/Abstract] OR ""intestinal mucosa""[Title/Abstract] OR ""intestinal mucosal barrier""[Title/Abstract] OR ""mucosal barrier""[Title/Abstract])","(""Jinyinhua""[All Fields] OR ""Lonicerae Japonicae Flos""[All Fields] OR ""Lonicera japonica""[All Fields]) AND (""Wumei""[All Fields] OR ""Mume Fructus""[All Fields] OR ""Prunus mume""[All Fields]) AND (""Colitis, Ulcerative""[MeSH Terms] OR ""ulcerative colitis""[All Fields] OR ""colitis""[All Fields] OR ""intestinal barrier""[All Fields] OR ""gut barrier""[All Fields] OR ""intestinal mucosa""[All Fields] OR ""intestinal mucosal barrier""[All Fields] OR ""mucosal barrier""[All Fields])",True,False,0,0,True,,not_assigned_manual_full_text_review_required,本次检索未检出候选；不能据此证明无证据
96,马齿苋,乌梅,马齿苋＋乌梅,0,0,0,,,"(""Machixian""[Title/Abstract] OR ""Portulacae Herba""[Title/Abstract] OR ""Portulaca oleracea""[Title/Abstract]) AND (""Wumei""[Title/Abstract] OR ""Mume Fructus""[Title/Abstract] OR ""Prunus mume""[Title/Abstract]) AND (""Colitis, Ulcerative""[MeSH Terms] OR ""ulcerative colitis""[Title/Abstract] OR ""colitis""[Title/Abstract] OR ""intestinal barrier""[Title/Abstract] OR ""gut barrier""[Title/Abstract] OR ""intestinal mucosa""[Title/Abstract] OR ""intestinal mucosal barrier""[Title/Abstract] OR ""mucosal barrier""[Title/Abstract])","(""Machixian""[All Fields] OR ""Portulacae Herba""[All Fields] OR ""Portulaca oleracea""[All Fields]) AND (""Wumei""[All Fields] OR ""Mume Fructus""[All Fields] OR ""Prunus mume""[All Fields]) AND (""Colitis, Ulcerative""[MeSH Terms] OR ""ulcerative colitis""[All Fields] OR ""colitis""[All Fields] OR ""intestinal barrier""[All Fields] OR ""gut barrier""[All Fields] OR ""intestinal mucosa""[All Fields] OR ""intestinal mucosal barrier""[All Fields] OR ""mucosal barrier""[All Fields])",True,False,0,0,True,,not_assigned_manual_full_text_review_required,本次检索未检出候选；不能据此证明无证据
97,鱼腥草,大枣,鱼腥草＋大枣,0,0,0,,,"(""Yuxingcao""[Title/Abstract] OR ""Houttuyniae Herba""[Title/Abstract] OR ""Houttuynia cordata""[Title/Abstract]) AND (""Dazao""[Title/Abstract] OR ""Jujubae Fructus""[Title/Abstract] OR ""Ziziphus jujuba""[Title/Abstract]) AND (""Colitis, Ulcerative""[MeSH Terms] OR ""ulcerative colitis""[Title/Abstract] OR ""colitis""[Title/Abstract] OR ""intestinal barrier""[Title/Abstract] OR ""gut barrier""[Title/Abstract] OR ""intestinal mucosa""[Title/Abstract] OR ""intestinal mucosal barrier""[Title/Abstract] OR ""mucosal barrier""[Title/Abstract])","(""Yuxingcao""[All Fields] OR ""Houttuyniae Herba""[All Fields] OR ""Houttuynia cordata""[All Fields]) AND (""Dazao""[All Fields] OR ""Jujubae Fructus""[All Fields] OR ""Ziziphus jujuba""[All Fields]) AND (""Colitis, Ulcerative""[MeSH Terms] OR ""ulcerative colitis""[All Fields] OR ""colitis""[All Fields] OR ""intestinal barrier""[All Fields] OR ""gut barrier""[All Fields] OR ""intestinal mucosa""[All Fields] OR ""intestinal mucosal barrier""[All Fields] OR ""mucosal barrier""[All Fields])",True,False,0,0,True,,not_assigned_manual_full_text_review_required,本次检索未检出候选；不能据此证明无证据
98,薏苡仁,陈皮,薏苡仁＋陈皮,0,0,0,,,"(""Yiyiren""[Title/Abstract] OR ""Coicis Semen""[Title/Abstract] OR ""Coix lacryma-jobi""[Title/Abstract]) AND (""Chenpi""[Title/Abstract] OR ""Citrus Reticulata""[Title/Abstract]) AND (""Colitis, Ulcerative""[MeSH Terms] OR ""ulcerative colitis""[Title/Abstract] OR ""colitis""[Title/Abstract] OR ""intestinal barrier""[Title/Abstract] OR ""gut barrier""[Title/Abstract] OR ""intestinal mucosa""[Title/Abstract] OR ""intestinal mucosal barrier""[Title/Abstract] OR ""mucosal barrier""[Title/Abstract])","(""Yiyiren""[All Fields] OR ""Coicis Semen""[All Fields] OR ""Coix lacryma-jobi""[All Fields]) AND (""Chenpi""[All Fields] OR ""Citrus Reticulata""[All Fields]) AND (""Colitis, Ulcerative""[MeSH Terms] OR ""ulcerative colitis""[All Fields] OR ""colitis""[All Fields] OR ""intestinal barrier""[All Fields] OR ""gut barrier""[All Fields] OR ""intestinal mucosa""[All Fields] OR ""intestinal mucosal barrier""[All Fields] OR ""mucosal barrier""[All Fields])",True,False,0,0,True,,not_assigned_manual_full_text_review_required,本次检索未检出候选；不能据此证明无证据
99,薏苡仁,藿香,薏苡仁＋藿香,0,0,0,,,"(""Yiyiren""[Title/Abstract] OR ""Coicis Semen""[Title/Abstract] OR ""Coix lacryma-jobi""[Title/Abstract]) AND (""HuoXiang""[Title/Abstract] OR ""Pogostemon cablin(Blanco)Benth.""[Title/Abstract] OR ""Pogostemon cablin""[Title/Abstract]) AND (""Colitis, Ulcerative""[MeSH Terms] OR ""ulcerative colitis""[Title/Abstract] OR ""colitis""[Title/Abstract] OR ""intestinal barrier""[Title/Abstract] OR ""gut barrier""[Title/Abstract] OR ""intestinal mucosa""[Title/Abstract] OR ""intestinal mucosal barrier""[Title/Abstract] OR ""mucosal barrier""[Title/Abstract])","(""Yiyiren""[All Fields] OR ""Coicis Semen""[All Fields] OR ""Coix lacryma-jobi""[All Fields]) AND (""HuoXiang""[All Fields] OR ""Pogostemon cablin(Blanco)Benth.""[All Fields] OR ""Pogostemon cablin""[All Fields]) AND (""Colitis, Ulcerative""[MeSH Terms] OR ""ulcerative colitis""[All Fields] OR ""colitis""[All Fields] OR ""intestinal barrier""[All Fields] OR ""gut barrier""[All Fields] OR ""intestinal mucosa""[All Fields] OR ""intestinal mucosal barrier""[All Fields] OR ""mucosal barrier""[All Fields])",True,False,0,0,True,,not_assigned_manual_full_text_review_required,本次检索未检出候选；不能据此证明无证据
100,薏苡仁,白扁豆,薏苡仁＋白扁豆,0,0,0,,,"(""Yiyiren""[Title/Abstract] OR ""Coicis Semen""[Title/Abstract] OR ""Coix lacryma-jobi""[Title/Abstract]) AND (""Baibiandou""[Title/Abstract] OR ""Lablab Semen Album""[Title/Abstract] OR ""Dolichos lablab""[Title/Abstract]) AND (""Colitis, Ulcerative""[MeSH Terms] OR ""ulcerative colitis""[Title/Abstract] OR ""colitis""[Title/Abstract] OR ""intestinal barrier""[Title/Abstract] OR ""gut barrier""[Title/Abstract] OR ""intestinal mucosa""[Title/Abstract] OR ""intestinal mucosal barrier""[Title/Abstract] OR ""mucosal barrier""[Title/Abstract])","(""Yiyiren""[All Fields] OR ""Coicis Semen""[All Fields] OR ""Coix lacryma-jobi""[All Fields]) AND (""Baibiandou""[All Fields] OR ""Lablab Semen Album""[All Fields] OR ""Dolichos lablab""[All Fields]) AND (""Colitis, Ulcerative""[MeSH Terms] OR ""ulcerative colitis""[All Fields] OR ""colitis""[All Fields] OR ""intestinal barrier""[All Fields] OR ""gut barrier""[All Fields] OR ""intestinal mucosa""[All Fields] OR ""intestinal mucosal barrier""[All Fields] OR ""mucosal barrier""[All Fields])",True,False,0,0,True,,not_assigned_manual_full_text_review_required,本次检索未检出候选；不能据此证明无证据
101,薏苡仁,芡实,薏苡仁＋芡实,0,0,0,,,"(""Yiyiren""[Title/Abstract] OR ""Coicis Semen""[Title/Abstract] OR ""Coix lacryma-jobi""[Title/Abstract]) AND (""Qianshi""[Title/Abstract] OR ""Euryales Semen""[Title/Abstract] OR ""Euryale ferox""[Title/Abstract]) AND (""Colitis, Ulcerative""[MeSH Terms] OR ""ulcerative colitis""[Title/Abstract] OR ""colitis""[Title/Abstract] OR ""intestinal barrier""[Title/Abstract] OR ""gut barrier""[Title/Abstract] OR ""intestinal mucosa""[Title/Abstract] OR ""intestinal mucosal barrier""[Title/Abstract] OR ""mucosal barrier""[Title/Abstract])","(""Yiyiren""[All Fields] OR ""Coicis Semen""[All Fields] OR ""Coix lacryma-jobi""[All Fields]) AND (""Qianshi""[All Fields] OR ""Euryales Semen""[All Fields] OR ""Euryale ferox""[All Fields]) AND (""Colitis, Ulcerative""[MeSH Terms] OR ""ulcerative colitis""[All Fields] OR ""colitis""[All Fields] OR ""intestinal barrier""[All Fields] OR ""gut barrier""[All Fields] OR ""intestinal mucosa""[All Fields] OR ""intestinal mucosal barrier""[All Fields] OR ""mucosal barrier""[All Fields])",True,False,0,0,True,,not_assigned_manual_full_text_review_required,本次检索未检出候选；不能据此证明无证据
102,白扁豆,藿香,白扁豆＋藿香,0,0,0,,,"(""Baibiandou""[Title/Abstract] OR ""Lablab Semen Album""[Title/Abstract] OR ""Dolichos lablab""[Title/Abstract]) AND (""HuoXiang""[Title/Abstract] OR ""Pogostemon cablin(Blanco)Benth.""[Title/Abstract] OR ""Pogostemon cablin""[Title/Abstract]) AND (""Colitis, Ulcerative""[MeSH Terms] OR ""ulcerative colitis""[Title/Abstract] OR ""colitis""[Title/Abstract] OR ""intestinal barrier""[Title/Abstract] OR ""gut barrier""[Title/Abstract] OR ""intestinal mucosa""[Title/Abstract] OR ""intestinal mucosal barrier""[Title/Abstract] OR ""mucosal barrier""[Title/Abstract])","(""Baibiandou""[All Fields] OR ""Lablab Semen Album""[All Fields] OR ""Dolichos lablab""[All Fields]) AND (""HuoXiang""[All Fields] OR ""Pogostemon cablin(Blanco)Benth.""[All Fields] OR ""Pogostemon cablin""[All Fields]) AND (""Colitis, Ulcerative""[MeSH Terms] OR ""ulcerative colitis""[All Fields] OR ""colitis""[All Fields] OR ""intestinal barrier""[All Fields] OR ""gut barrier""[All Fields] OR ""intestinal mucosa""[All Fields] OR ""intestinal mucosal barrier""[All Fields] OR ""mucosal barrier""[All Fields])",True,False,0,0,True,,not_assigned_manual_full_text_review_required,本次检索未检出候选；不能据此证明无证据
103,芡实,藿香,芡实＋藿香,0,0,0,,,"(""Qianshi""[Title/Abstract] OR ""Euryales Semen""[Title/Abstract] OR ""Euryale ferox""[Title/Abstract]) AND (""HuoXiang""[Title/Abstract] OR ""Pogostemon cablin(Blanco)Benth.""[Title/Abstract] OR ""Pogostemon cablin""[Title/Abstract]) AND (""Colitis, Ulcerative""[MeSH Terms] OR ""ulcerative colitis""[Title/Abstract] OR ""colitis""[Title/Abstract] OR ""intestinal barrier""[Title/Abstract] OR ""gut barrier""[Title/Abstract] OR ""intestinal mucosa""[Title/Abstract] OR ""intestinal mucosal barrier""[Title/Abstract] OR ""mucosal barrier""[Title/Abstract])","(""Qianshi""[All Fields] OR ""Euryales Semen""[All Fields] OR ""Euryale ferox""[All Fields]) AND (""HuoXiang""[All Fields] OR ""Pogostemon cablin(Blanco)Benth.""[All Fields] OR ""Pogostemon cablin""[All Fields]) AND (""Colitis, Ulcerative""[MeSH Terms] OR ""ulcerative colitis""[All Fields] OR ""colitis""[All Fields] OR ""intestinal barrier""[All Fields] OR ""gut barrier""[All Fields] OR ""intestinal mucosa""[All Fields] OR ""intestinal mucosal barrier""[All Fields] OR ""mucosal barrier""[All Fields])",True,False,0,0,True,,not_assigned_manual_full_text_review_required,本次检索未检出候选；不能据此证明无证据
104,茯苓,藿香,茯苓＋藿香,0,0,0,,,"(""Fuling""[Title/Abstract] OR ""Poria Cocos(Schw.) Wolf.""[Title/Abstract] OR ""Poria cocos""[Title/Abstract]) AND (""HuoXiang""[Title/Abstract] OR ""Pogostemon cablin(Blanco)Benth.""[Title/Abstract] OR ""Pogostemon cablin""[Title/Abstract]) AND (""Colitis, Ulcerative""[MeSH Terms] OR ""ulcerative colitis""[Title/Abstract] OR ""colitis""[Title/Abstract] OR ""intestinal barrier""[Title/Abstract] OR ""gut barrier""[Title/Abstract] OR ""intestinal mucosa""[Title/Abstract] OR ""intestinal mucosal barrier""[Title/Abstract] OR ""mucosal barrier""[Title/Abstract])","(""Fuling""[All Fields] OR ""Poria Cocos(Schw.) Wolf.""[All Fields] OR ""Poria cocos""[All Fields]) AND (""HuoXiang""[All Fields] OR ""Pogostemon cablin(Blanco)Benth.""[All Fields] OR ""Pogostemon cablin""[All Fields]) AND (""Colitis, Ulcerative""[MeSH Terms] OR ""ulcerative colitis""[All Fields] OR ""colitis""[All Fields] OR ""intestinal barrier""[All Fields] OR ""gut barrier""[All Fields] OR ""intestinal mucosa""[All Fields] OR ""intestinal mucosal barrier""[All Fields] OR ""mucosal barrier""[All Fields])",True,False,0,0,True,,not_assigned_manual_full_text_review_required,本次检索未检出候选；不能据此证明无证据
105,茯苓,白扁豆,茯苓＋白扁豆,0,0,0,,,"(""Fuling""[Title/Abstract] OR ""Poria Cocos(Schw.) Wolf.""[Title/Abstract] OR ""Poria cocos""[Title/Abstract]) AND (""Baibiandou""[Title/Abstract] OR ""Lablab Semen Album""[Title/Abstract] OR ""Dolichos lablab""[Title/Abstract]) AND (""Colitis, Ulcerative""[MeSH Terms] OR ""ulcerative colitis""[Title/Abstract] OR ""colitis""[Title/Abstract] OR ""intestinal barrier""[Title/Abstract] OR ""gut barrier""[Title/Abstract] OR ""intestinal mucosa""[Title/Abstract] OR ""intestinal mucosal barrier""[Title/Abstract] OR ""mucosal barrier""[Title/Abstract])","(""Fuling""[All Fields] OR ""Poria Cocos(Schw.) Wolf.""[All Fields] OR ""Poria cocos""[All Fields]) AND (""Baibiandou""[All Fields] OR ""Lablab Semen Album""[All Fields] OR ""Dolichos lablab""[All Fields]) AND (""Colitis, Ulcerative""[MeSH Terms] OR ""ulcerative colitis""[All Fields] OR ""colitis""[All Fields] OR ""intestinal barrier""[All Fields] OR ""gut barrier""[All Fields] OR ""intestinal mucosa""[All Fields] OR ""intestinal mucosal barrier""[All Fields] OR ""mucosal barrier""[All Fields])",True,False,0,0,True,,not_assigned_manual_full_text_review_required,本次检索未检出候选；不能据此证明无证据
106,茯苓,芡实,茯苓＋芡实,0,0,0,,,"(""Fuling""[Title/Abstract] OR ""Poria Cocos(Schw.) Wolf.""[Title/Abstract] OR ""Poria cocos""[Title/Abstract]) AND (""Qianshi""[Title/Abstract] OR ""Euryales Semen""[Title/Abstract] OR ""Euryale ferox""[Title/Abstract]) AND (""Colitis, Ulcerative""[MeSH Terms] OR ""ulcerative colitis""[Title/Abstract] OR ""colitis""[Title/Abstract] OR ""intestinal barrier""[Title/Abstract] OR ""gut barrier""[Title/Abstract] OR ""intestinal mucosa""[Title/Abstract] OR ""intestinal mucosal barrier""[Title/Abstract] OR ""mucosal barrier""[Title/Abstract])","(""Fuling""[All Fields] OR ""Poria Cocos(Schw.) Wolf.""[All Fields] OR ""Poria cocos""[All Fields]) AND (""Qianshi""[All Fields] OR ""Euryales Semen""[All Fields] OR ""Euryale ferox""[All Fields]) AND (""Colitis, Ulcerative""[MeSH Terms] OR ""ulcerative colitis""[All Fields] OR ""colitis""[All Fields] OR ""intestinal barrier""[All Fields] OR ""gut barrier""[All Fields] OR ""intestinal mucosa""[All Fields] OR ""intestinal mucosal barrier""[All Fields] OR ""mucosal barrier""[All Fields])",True,False,0,0,True,,not_assigned_manual_full_text_review_required,本次检索未检出候选；不能据此证明无证据
