herb_a,herb_b,targets_a,targets_b,union_targets,shared_targets,unique_targets_a,unique_targets_b,eligible_both_herbs_contribute,target_complementarity_score,barrier_targets,barrier_pathways,pathway_synergy_score,safety_score,pair_evidence_score,provisional_total_score,ppi_edges_within_union,cross_herb_ppi_edges,cross_herb_ppi_mean_score,union_gene_symbols,shared_gene_symbols,scope_note,raw_formula_rank,provisional_rank
槐米,薏苡仁,96,3,97,2,94,1,True,90.6797,5,4,100.0,60.0,0.0,75.2719,1014,9,0.7709,ABCB1;AGER;AHR;AKT1;ALB;ALOX5;BAX;BCL2;BRCA1;CASP1;CASP3;CASP8;CAT;CCL11;CCL2;CCND1;CD274;CD44;CD86;CDH1;CDKN2A;CFTR;CHRNA7;CXCL8;CYP1A2;CYP2C19;CYP2C9;CYP2D6;CYP3A4;EGFR;FGFR2;GLS;GSTM1;GSTP1;HIF1A;HMOX1;HNF4A;HSD17B10;ICAM1;IFNG;IKBKB;IL10;IL13;IL17A;IL18;IL1A;IL1B;IL2;IL4;IL5;IL6;JAK2;JUN;KDR;KEAP1;LCN2;MAPK1;MAPK3;MIR21;MMP1;MMP2;MMP9;MYC;NFATC1;NFE2L2;NFKB1;NFKBIA;NLRP3;NOS2;NOS3;NR1I2;NR3C1;PIK3CA;PLAU;POLD1;PPARA;PPARG;PRKCQ;PTEN;PTGS1;PTGS2;RELA;RORC;SIRT1;SLC6A4;SOD2;SRC;STAT1;STAT3;TERT;TGFB1;TJP1;TNF;TP53;TYK2;VCAM1;VEGFA,PTGS1;PTGS2,"Disease targets for Ulcerative Colitis; exact medicinal-material matches from TCMSP, HERB 2.0, and ETCM 2.0; provisional because database screening definitions are heterogeneous and safety/pair evidence remain incomplete",1,1
槐米,生姜,96,8,97,7,89,1,True,88.6178,5,4,100.0,60.0,0.0,74.4471,1014,9,0.7709,ABCB1;AGER;AHR;AKT1;ALB;ALOX5;BAX;BCL2;BRCA1;CASP1;CASP3;CASP8;CAT;CCL11;CCL2;CCND1;CD274;CD44;CD86;CDH1;CDKN2A;CFTR;CHRNA7;CXCL8;CYP1A2;CYP2C19;CYP2C9;CYP2D6;CYP3A4;EGFR;FGFR2;GLS;GSTM1;GSTP1;HIF1A;HMOX1;HNF4A;HSD17B10;ICAM1;IFNG;IKBKB;IL10;IL13;IL17A;IL18;IL1A;IL1B;IL2;IL4;IL5;IL6;JAK2;JUN;KDR;KEAP1;LCN2;MAPK1;MAPK3;MIR21;MMP1;MMP2;MMP9;MYC;NFATC1;NFE2L2;NFKB1;NFKBIA;NLRP3;NOS2;NOS3;NR1I2;NR3C1;PIK3CA;PLAU;POLD1;PPARA;PPARG;PRKCQ;PTEN;PTGS1;PTGS2;RELA;RORC;SIRT1;SLC6A4;SOD2;SRC;STAT1;STAT3;TERT;TGFB1;TJP1;TNF;TP53;TYK2;VCAM1;VEGFA,BAX;BCL2;CASP3;CASP8;PTGS1;PTGS2;SLC6A4,"Disease targets for Ulcerative Colitis; exact medicinal-material matches from TCMSP, HERB 2.0, and ETCM 2.0; provisional because database screening definitions are heterogeneous and safety/pair evidence remain incomplete",2,2
槐米,砂仁,96,8,97,7,89,1,True,88.6178,5,4,100.0,60.0,0.0,74.4471,1014,9,0.7709,ABCB1;AGER;AHR;AKT1;ALB;ALOX5;BAX;BCL2;BRCA1;CASP1;CASP3;CASP8;CAT;CCL11;CCL2;CCND1;CD274;CD44;CD86;CDH1;CDKN2A;CFTR;CHRNA7;CXCL8;CYP1A2;CYP2C19;CYP2C9;CYP2D6;CYP3A4;EGFR;FGFR2;GLS;GSTM1;GSTP1;HIF1A;HMOX1;HNF4A;HSD17B10;ICAM1;IFNG;IKBKB;IL10;IL13;IL17A;IL18;IL1A;IL1B;IL2;IL4;IL5;IL6;JAK2;JUN;KDR;KEAP1;LCN2;MAPK1;MAPK3;MIR21;MMP1;MMP2;MMP9;MYC;NFATC1;NFE2L2;NFKB1;NFKBIA;NLRP3;NOS2;NOS3;NR1I2;NR3C1;PIK3CA;PLAU;POLD1;PPARA;PPARG;PRKCQ;PTEN;PTGS1;PTGS2;RELA;RORC;SIRT1;SLC6A4;SOD2;SRC;STAT1;STAT3;TERT;TGFB1;TJP1;TNF;TP53;TYK2;VCAM1;VEGFA,BAX;BCL2;CASP3;CASP8;PTGS1;PTGS2;SLC6A4,"Disease targets for Ulcerative Colitis; exact medicinal-material matches from TCMSP, HERB 2.0, and ETCM 2.0; provisional because database screening definitions are heterogeneous and safety/pair evidence remain incomplete",3,3
槐米,莲子,96,20,103,13,83,7,True,89.6417,5,4,90.0,60.0,0.0,71.8567,1061,46,0.8085,ABCB1;ABCG2;AGER;AHR;AKT1;ALB;ALOX5;APEX1;BAX;BCL2;BRCA1;CASP1;CASP3;CASP8;CAT;CCL11;CCL2;CCND1;CD274;CD44;CD86;CDH1;CDKN2A;CFTR;CHRNA7;CXCL8;CYP1A2;CYP2C19;CYP2C9;CYP2D6;CYP3A4;EGFR;FGFR2;GLS;GPR35;GSTM1;GSTP1;HIF1A;HMOX1;HNF4A;HSD17B10;ICAM1;IFNG;IKBKB;IL10;IL13;IL17A;IL18;IL1A;IL1B;IL2;IL4;IL5;IL6;JAK2;JUN;KDR;KEAP1;LCN2;MAPK1;MAPK3;MET;MIR21;MMP1;MMP2;MMP9;MPO;MYC;NFATC1;NFE2L2;NFKB1;NFKBIA;NLRP3;NOD2;NOS2;NOS3;NR1I2;NR3C1;PIK3CA;PLAU;POLD1;PPARA;PPARG;PRKCQ;PTEN;PTGS1;PTGS2;RELA;RORC;SIRT1;SLC6A4;SOD2;SRC;STAT1;STAT3;TERT;TGFB1;TJP1;TNF;TP53;TYK2;VCAM1;VEGFA,AHR;ALOX5;CASP3;CHRNA7;CYP2C9;CYP3A4;EGFR;HIF1A;KDR;MMP9;SIRT1;SLC6A4;VEGFA,"Disease targets for Ulcerative Colitis; exact medicinal-material matches from TCMSP, HERB 2.0, and ETCM 2.0; provisional because database screening definitions are heterogeneous and safety/pair evidence remain incomplete",4,4
槐米,山药,96,15,100,11,85,4,True,88.6973,5,4,90.0,60.0,0.0,71.4789,1059,47,0.8078,ABCB1;ABCC2;AGER;AHR;AKT1;ALB;ALOX5;BAX;BCL2;BRCA1;CASP1;CASP3;CASP8;CAT;CCL11;CCL2;CCND1;CD274;CD44;CD86;CDH1;CDKN1A;CDKN2A;CFTR;CHRNA7;CXCL8;CYP1A2;CYP2C19;CYP2C9;CYP2D6;CYP3A4;EGFR;FGFR2;GLS;GSTM1;GSTP1;HIF1A;HMOX1;HNF4A;HSD17B10;ICAM1;IFNG;IKBKB;IL10;IL13;IL17A;IL18;IL1A;IL1B;IL2;IL4;IL5;IL6;JAK2;JUN;KDR;KEAP1;LCN2;MAPK1;MAPK3;MIR21;MMP1;MMP2;MMP9;MTOR;MYC;NFATC1;NFE2L2;NFKB1;NFKBIA;NLRP3;NOS2;NOS3;NR1I2;NR3C1;PIK3CA;PLAU;POLD1;PPARA;PPARG;PRKCQ;PTEN;PTGS1;PTGS2;RELA;RORC;SIRT1;SLC6A4;SOD2;SRC;STAT1;STAT3;TERT;TGFB1;TJP1;TNF;TP53;TYK2;VCAM1;VEGFA,AKT1;CAT;HIF1A;NOS2;NR1I2;NR3C1;PTGS1;PTGS2;RELA;SLC6A4;TP53,"Disease targets for Ulcerative Colitis; exact medicinal-material matches from TCMSP, HERB 2.0, and ETCM 2.0; provisional because database screening definitions are heterogeneous and safety/pair evidence remain incomplete",5,5
槐米,莱菔子,96,0,96,0,96,0,False,90.9735,4,3,83.0,60.0,0.0,70.2894,1005,0,0,ABCB1;AGER;AHR;AKT1;ALB;ALOX5;BAX;BCL2;BRCA1;CASP1;CASP3;CASP8;CAT;CCL11;CCL2;CCND1;CD274;CD44;CD86;CDH1;CDKN2A;CFTR;CHRNA7;CXCL8;CYP1A2;CYP2C19;CYP2C9;CYP2D6;CYP3A4;EGFR;FGFR2;GLS;GSTM1;GSTP1;HIF1A;HMOX1;HNF4A;HSD17B10;ICAM1;IFNG;IKBKB;IL10;IL13;IL17A;IL18;IL1A;IL1B;IL2;IL4;IL5;IL6;JAK2;JUN;KDR;KEAP1;LCN2;MAPK1;MAPK3;MIR21;MMP1;MMP2;MMP9;MYC;NFATC1;NFE2L2;NFKB1;NFKBIA;NLRP3;NOS2;NOS3;NR1I2;NR3C1;PIK3CA;POLD1;PPARA;PPARG;PRKCQ;PTEN;PTGS1;PTGS2;RELA;RORC;SIRT1;SLC6A4;SOD2;SRC;STAT1;STAT3;TERT;TGFB1;TJP1;TNF;TP53;TYK2;VCAM1;VEGFA,,"Disease targets for Ulcerative Colitis; exact medicinal-material matches from TCMSP, HERB 2.0, and ETCM 2.0; provisional because database screening definitions are heterogeneous and safety/pair evidence remain incomplete",6,
槐米,藿香,96,27,107,16,80,11,True,90.8329,4,3,83.0,60.0,0.0,70.2331,1074,56,0.8201,ABCB1;ABCG2;AGER;AHR;AKT1;ALB;ALOX5;APEX1;BAX;BCL2;BRCA1;CASP1;CASP3;CASP8;CAT;CCL11;CCL2;CCND1;CD274;CD44;CD86;CDH1;CDKN2A;CFTR;CHRNA7;CXCL8;CYP1A2;CYP2C19;CYP2C9;CYP2D6;CYP3A4;EGFR;ELANE;FGFR2;GLS;GPBAR1;GPR35;GSTM1;GSTP1;HIF1A;HMOX1;HNF4A;HSD17B10;ICAM1;IFNG;IKBKB;IL10;IL13;IL17A;IL18;IL1A;IL1B;IL2;IL4;IL5;IL6;JAK2;JUN;KDR;KEAP1;LCN2;MAPK1;MAPK3;MET;MIR21;MMP1;MMP2;MMP9;MPO;MYC;NFATC1;NFE2L2;NFKB1;NFKBIA;NLRP3;NOS2;NOS3;NR1I2;NR3C1;PIK3CA;POLD1;PPARA;PPARG;PRKCQ;PTEN;PTGS1;PTGS2;PTPN2;PTPRC;RELA;RORC;SI;SIRT1;SLC6A4;SOD2;SRC;STAT1;STAT3;TERT;TGFB1;TJP1;TNF;TP53;TYK2;VCAM1;VDR;VEGFA,AHR;ALOX5;CHRNA7;CYP2C19;CYP2C9;CYP3A4;EGFR;GSTM1;KDR;MMP9;NLRP3;NOS2;PPARG;PTGS2;TERT;TNF,"Disease targets for Ulcerative Colitis; exact medicinal-material matches from TCMSP, HERB 2.0, and ETCM 2.0; provisional because database screening definitions are heterogeneous and safety/pair evidence remain incomplete",7,6
槐米,茯苓,96,2,96,2,94,0,False,90.1401,4,3,83.0,60.0,0.0,69.956,1005,0,0,ABCB1;AGER;AHR;AKT1;ALB;ALOX5;BAX;BCL2;BRCA1;CASP1;CASP3;CASP8;CAT;CCL11;CCL2;CCND1;CD274;CD44;CD86;CDH1;CDKN2A;CFTR;CHRNA7;CXCL8;CYP1A2;CYP2C19;CYP2C9;CYP2D6;CYP3A4;EGFR;FGFR2;GLS;GSTM1;GSTP1;HIF1A;HMOX1;HNF4A;HSD17B10;ICAM1;IFNG;IKBKB;IL10;IL13;IL17A;IL18;IL1A;IL1B;IL2;IL4;IL5;IL6;JAK2;JUN;KDR;KEAP1;LCN2;MAPK1;MAPK3;MIR21;MMP1;MMP2;MMP9;MYC;NFATC1;NFE2L2;NFKB1;NFKBIA;NLRP3;NOS2;NOS3;NR1I2;NR3C1;PIK3CA;POLD1;PPARA;PPARG;PRKCQ;PTEN;PTGS1;PTGS2;RELA;RORC;SIRT1;SLC6A4;SOD2;SRC;STAT1;STAT3;TERT;TGFB1;TJP1;TNF;TP53;TYK2;VCAM1;VEGFA,PTGS1;PTGS2,"Disease targets for Ulcerative Colitis; exact medicinal-material matches from TCMSP, HERB 2.0, and ETCM 2.0; provisional because database screening definitions are heterogeneous and safety/pair evidence remain incomplete",8,
槐米,陈皮,96,18,98,16,80,2,True,85.5048,5,3,88.3333,60.0,0.0,69.7019,1037,28,0.8222,ABCB1;ADIPOQ;AGER;AHR;AKT1;ALB;ALOX5;BAX;BCL2;BRCA1;CASP1;CASP3;CASP8;CAT;CCL11;CCL2;CCND1;CD274;CD44;CD86;CDH1;CDKN2A;CFTR;CHRNA7;CXCL8;CYP1A2;CYP2C19;CYP2C9;CYP2D6;CYP3A4;EGFR;FGFR2;GLS;GSTM1;GSTP1;HIF1A;HMOX1;HNF4A;HSD17B10;ICAM1;IFNG;IKBKB;IL10;IL13;IL17A;IL18;IL1A;IL1B;IL2;IL4;IL5;IL6;JAK2;JUN;KDR;KEAP1;LCN2;MAPK1;MAPK3;MIR21;MMP1;MMP2;MMP9;MYC;NFATC1;NFE2L2;NFKB1;NFKBIA;NLRP3;NOS2;NOS3;NR1I2;NR3C1;PIK3CA;POLD1;PPARA;PPARG;PRKCQ;PTEN;PTGS1;PTGS2;RELA;RORC;SIRT1;SLC6A4;SOD2;SRC;STAT1;STAT3;TERT;TGFB1;TIMP1;TJP1;TNF;TP53;TYK2;VCAM1;VEGFA,AKT1;BAX;BCL2;CASP3;CAT;GSTP1;MAPK1;MAPK3;MMP9;NOS2;PPARA;PPARG;PTGS1;PTGS2;RELA;TP53,"Disease targets for Ulcerative Colitis; exact medicinal-material matches from TCMSP, HERB 2.0, and ETCM 2.0; provisional because database screening definitions are heterogeneous and safety/pair evidence remain incomplete",9,7
槐米,白扁豆,96,11,96,11,85,0,False,86.3901,4,3,83.0,60.0,0.0,68.456,1005,0,0,ABCB1;AGER;AHR;AKT1;ALB;ALOX5;BAX;BCL2;BRCA1;CASP1;CASP3;CASP8;CAT;CCL11;CCL2;CCND1;CD274;CD44;CD86;CDH1;CDKN2A;CFTR;CHRNA7;CXCL8;CYP1A2;CYP2C19;CYP2C9;CYP2D6;CYP3A4;EGFR;FGFR2;GLS;GSTM1;GSTP1;HIF1A;HMOX1;HNF4A;HSD17B10;ICAM1;IFNG;IKBKB;IL10;IL13;IL17A;IL18;IL1A;IL1B;IL2;IL4;IL5;IL6;JAK2;JUN;KDR;KEAP1;LCN2;MAPK1;MAPK3;MIR21;MMP1;MMP2;MMP9;MYC;NFATC1;NFE2L2;NFKB1;NFKBIA;NLRP3;NOS2;NOS3;NR1I2;NR3C1;PIK3CA;POLD1;PPARA;PPARG;PRKCQ;PTEN;PTGS1;PTGS2;RELA;RORC;SIRT1;SLC6A4;SOD2;SRC;STAT1;STAT3;TERT;TGFB1;TJP1;TNF;TP53;TYK2;VCAM1;VEGFA,AKT1;BCL2;CASP3;CASP8;CYP1A2;CYP3A4;HMOX1;MMP1;MMP2;MYC;PTGS2,"Disease targets for Ulcerative Colitis; exact medicinal-material matches from TCMSP, HERB 2.0, and ETCM 2.0; provisional because database screening definitions are heterogeneous and safety/pair evidence remain incomplete",10,
槐米,芡实,96,11,96,11,85,0,False,86.3901,4,3,83.0,60.0,0.0,68.456,1005,0,0,ABCB1;AGER;AHR;AKT1;ALB;ALOX5;BAX;BCL2;BRCA1;CASP1;CASP3;CASP8;CAT;CCL11;CCL2;CCND1;CD274;CD44;CD86;CDH1;CDKN2A;CFTR;CHRNA7;CXCL8;CYP1A2;CYP2C19;CYP2C9;CYP2D6;CYP3A4;EGFR;FGFR2;GLS;GSTM1;GSTP1;HIF1A;HMOX1;HNF4A;HSD17B10;ICAM1;IFNG;IKBKB;IL10;IL13;IL17A;IL18;IL1A;IL1B;IL2;IL4;IL5;IL6;JAK2;JUN;KDR;KEAP1;LCN2;MAPK1;MAPK3;MIR21;MMP1;MMP2;MMP9;MYC;NFATC1;NFE2L2;NFKB1;NFKBIA;NLRP3;NOS2;NOS3;NR1I2;NR3C1;PIK3CA;POLD1;PPARA;PPARG;PRKCQ;PTEN;PTGS1;PTGS2;RELA;RORC;SIRT1;SLC6A4;SOD2;SRC;STAT1;STAT3;TERT;TGFB1;TJP1;TNF;TP53;TYK2;VCAM1;VEGFA,AKT1;BCL2;CASP3;CASP8;CYP1A2;CYP3A4;HMOX1;MMP1;MMP2;MYC;PTGS2,"Disease targets for Ulcerative Colitis; exact medicinal-material matches from TCMSP, HERB 2.0, and ETCM 2.0; provisional because database screening definitions are heterogeneous and safety/pair evidence remain incomplete",11,
金银花,槐米,63,96,113,46,17,50,True,83.7168,5,4,85.0,60.0,0.0,67.9867,1213,82,0.8346,ABCB1;ABCG2;AGER;AHR;AKT1;ALB;ALOX5;BAX;BCL2;BIRC5;BRCA1;CASP1;CASP3;CASP8;CAT;CCL11;CCL2;CCND1;CD274;CD40LG;CD44;CD86;CDH1;CDK4;CDKN1A;CDKN2A;CFTR;CHEK2;CHRNA7;CHUK;CXCL10;CXCL8;CYP1A2;CYP2C19;CYP2C9;CYP2D6;CYP3A4;DUOX2;EGFR;ERBB2;FGFR2;GLS;GSTM1;GSTP1;HIF1A;HMOX1;HNF4A;HSD17B10;ICAM1;IFNG;IGF2;IKBKB;IL10;IL13;IL17A;IL18;IL1A;IL1B;IL2;IL4;IL5;IL6;JAK2;JUN;KDR;KEAP1;LCN2;MAPK1;MAPK3;MET;MIR21;MMP1;MMP2;MMP3;MMP9;MPO;MYC;NFATC1;NFE2L2;NFKB1;NFKBIA;NLRP3;NOS2;NOS3;NR1I2;NR3C1;ODC1;PIK3CA;PLAU;POLD1;PPARA;PPARG;PRKCQ;PTEN;PTGS1;PTGS2;RB1;RELA;RORC;SIRT1;SLC6A4;SOD2;SRC;STAT1;STAT3;TERT;TGFB1;TJP1;TNF;TP53;TYK2;VCAM1;VEGFA,AHR;AKT1;ALOX5;BAX;BCL2;CASP3;CASP8;CCL2;CCND1;CXCL8;CYP1A2;CYP3A4;EGFR;GSTM1;GSTP1;HIF1A;HMOX1;ICAM1;IFNG;IKBKB;IL10;IL1A;IL1B;IL2;IL4;IL6;MAPK1;MMP1;MMP2;MMP9;MYC;NFE2L2;NFKBIA;NOS2;NOS3;NR1I2;PPARA;PPARG;PTGS1;PTGS2;RELA;SLC6A4;STAT1;TNF;TP53;VCAM1,"Disease targets for Ulcerative Colitis; exact medicinal-material matches from TCMSP, HERB 2.0, and ETCM 2.0; provisional because database screening definitions are heterogeneous and safety/pair evidence remain incomplete",12,8
马齿苋,槐米,63,96,113,46,17,50,True,83.7168,5,4,85.0,60.0,0.0,67.9867,1213,82,0.8346,ABCB1;ABCG2;AGER;AHR;AKT1;ALB;ALOX5;BAX;BCL2;BIRC5;BRCA1;CASP1;CASP3;CASP8;CAT;CCL11;CCL2;CCND1;CD274;CD40LG;CD44;CD86;CDH1;CDK4;CDKN1A;CDKN2A;CFTR;CHEK2;CHRNA7;CHUK;CXCL10;CXCL8;CYP1A2;CYP2C19;CYP2C9;CYP2D6;CYP3A4;DUOX2;EGFR;ERBB2;FGFR2;GLS;GSTM1;GSTP1;HIF1A;HMOX1;HNF4A;HSD17B10;ICAM1;IFNG;IGF2;IKBKB;IL10;IL13;IL17A;IL18;IL1A;IL1B;IL2;IL4;IL5;IL6;JAK2;JUN;KDR;KEAP1;LCN2;MAPK1;MAPK3;MET;MIR21;MMP1;MMP2;MMP3;MMP9;MPO;MYC;NFATC1;NFE2L2;NFKB1;NFKBIA;NLRP3;NOS2;NOS3;NR1I2;NR3C1;ODC1;PIK3CA;PLAU;POLD1;PPARA;PPARG;PRKCQ;PTEN;PTGS1;PTGS2;RB1;RELA;RORC;SIRT1;SLC6A4;SOD2;SRC;STAT1;STAT3;TERT;TGFB1;TJP1;TNF;TP53;TYK2;VCAM1;VEGFA,AHR;AKT1;ALOX5;BAX;BCL2;CASP3;CASP8;CCL2;CCND1;CXCL8;CYP1A2;CYP3A4;EGFR;GSTM1;GSTP1;HIF1A;HMOX1;ICAM1;IFNG;IKBKB;IL10;IL1A;IL1B;IL2;IL4;IL6;MAPK1;MMP1;MMP2;MMP9;MYC;NFE2L2;NFKBIA;NOS2;NOS3;NR1I2;PPARA;PPARG;PTGS1;PTGS2;RELA;SLC6A4;STAT1;TNF;TP53;VCAM1,"Disease targets for Ulcerative Colitis; exact medicinal-material matches from TCMSP, HERB 2.0, and ETCM 2.0; provisional because database screening definitions are heterogeneous and safety/pair evidence remain incomplete",13,9
鱼腥草,槐米,59,96,111,44,15,52,True,83.0822,5,4,85.0,60.0,0.0,67.7329,1178,66,0.8311,ABCB1;ABCG2;AGER;AHR;AKT1;ALB;ALOX5;BAX;BCL2;BIRC5;BRCA1;CASP1;CASP3;CASP8;CAT;CCL11;CCL2;CCND1;CD274;CD40LG;CD44;CD86;CDH1;CDKN1A;CDKN2A;CFTR;CHEK2;CHRNA7;CHUK;CXCL10;CXCL8;CYP1A2;CYP2C19;CYP2C9;CYP2D6;CYP3A4;DUOX2;EGFR;ERBB2;FGFR2;GLS;GSTM1;GSTP1;HIF1A;HMOX1;HNF4A;HSD17B10;ICAM1;IFNG;IGF2;IKBKB;IL10;IL13;IL17A;IL18;IL1A;IL1B;IL2;IL4;IL5;IL6;JAK2;JUN;KDR;KEAP1;LCN2;MAPK1;MAPK3;MIR21;MMP1;MMP2;MMP3;MMP9;MPO;MYC;NFATC1;NFE2L2;NFKB1;NFKBIA;NLRP3;NOS2;NOS3;NR1I2;NR3C1;ODC1;PIK3CA;PLAU;POLD1;PPARA;PPARG;PRKCQ;PTEN;PTGS1;PTGS2;RB1;RELA;RORC;SIRT1;SLC6A4;SOD2;SRC;STAT1;STAT3;TERT;TGFB1;TJP1;TNF;TP53;TYK2;VCAM1;VEGFA,AHR;AKT1;ALOX5;BAX;BCL2;CASP3;CASP8;CCL2;CCND1;CXCL8;CYP1A2;CYP3A4;EGFR;GSTM1;GSTP1;HIF1A;HMOX1;ICAM1;IFNG;IKBKB;IL10;IL1A;IL1B;IL2;IL6;MAPK1;MMP1;MMP2;MMP9;MYC;NFE2L2;NFKBIA;NOS2;NOS3;NR1I2;PPARA;PPARG;PTGS1;PTGS2;RELA;STAT1;TNF;TP53;VCAM1,"Disease targets for Ulcerative Colitis; exact medicinal-material matches from TCMSP, HERB 2.0, and ETCM 2.0; provisional because database screening definitions are heterogeneous and safety/pair evidence remain incomplete",14,10
栀子,槐米,60,96,111,45,15,51,True,82.7218,5,4,85.0,60.0,0.0,67.5887,1178,66,0.8311,ABCB1;ABCG2;AGER;AHR;AKT1;ALB;ALOX5;BAX;BCL2;BIRC5;BRCA1;CASP1;CASP3;CASP8;CAT;CCL11;CCL2;CCND1;CD274;CD40LG;CD44;CD86;CDH1;CDKN1A;CDKN2A;CFTR;CHEK2;CHRNA7;CHUK;CXCL10;CXCL8;CYP1A2;CYP2C19;CYP2C9;CYP2D6;CYP3A4;DUOX2;EGFR;ERBB2;FGFR2;GLS;GSTM1;GSTP1;HIF1A;HMOX1;HNF4A;HSD17B10;ICAM1;IFNG;IGF2;IKBKB;IL10;IL13;IL17A;IL18;IL1A;IL1B;IL2;IL4;IL5;IL6;JAK2;JUN;KDR;KEAP1;LCN2;MAPK1;MAPK3;MIR21;MMP1;MMP2;MMP3;MMP9;MPO;MYC;NFATC1;NFE2L2;NFKB1;NFKBIA;NLRP3;NOS2;NOS3;NR1I2;NR3C1;ODC1;PIK3CA;PLAU;POLD1;PPARA;PPARG;PRKCQ;PTEN;PTGS1;PTGS2;RB1;RELA;RORC;SIRT1;SLC6A4;SOD2;SRC;STAT1;STAT3;TERT;TGFB1;TJP1;TNF;TP53;TYK2;VCAM1;VEGFA,AHR;AKT1;ALOX5;BAX;BCL2;CASP3;CASP8;CCL2;CCND1;CXCL8;CYP1A2;CYP3A4;EGFR;GSTM1;GSTP1;HIF1A;HMOX1;ICAM1;IFNG;IKBKB;IL10;IL1A;IL1B;IL2;IL6;MAPK1;MMP1;MMP2;MMP9;MYC;NFE2L2;NFKBIA;NOS2;NOS3;NR1I2;PPARA;PPARG;PTGS1;PTGS2;RELA;SLC6A4;STAT1;TNF;TP53;VCAM1,"Disease targets for Ulcerative Colitis; exact medicinal-material matches from TCMSP, HERB 2.0, and ETCM 2.0; provisional because database screening definitions are heterogeneous and safety/pair evidence remain incomplete",15,11
槐米,乌梅,96,61,111,46,50,15,True,82.3615,5,4,85.0,60.0,0.0,67.4446,1178,66,0.8311,ABCB1;ABCG2;AGER;AHR;AKT1;ALB;ALOX5;BAX;BCL2;BIRC5;BRCA1;CASP1;CASP3;CASP8;CAT;CCL11;CCL2;CCND1;CD274;CD40LG;CD44;CD86;CDH1;CDKN1A;CDKN2A;CFTR;CHEK2;CHRNA7;CHUK;CXCL10;CXCL8;CYP1A2;CYP2C19;CYP2C9;CYP2D6;CYP3A4;DUOX2;EGFR;ERBB2;FGFR2;GLS;GSTM1;GSTP1;HIF1A;HMOX1;HNF4A;HSD17B10;ICAM1;IFNG;IGF2;IKBKB;IL10;IL13;IL17A;IL18;IL1A;IL1B;IL2;IL4;IL5;IL6;JAK2;JUN;KDR;KEAP1;LCN2;MAPK1;MAPK3;MIR21;MMP1;MMP2;MMP3;MMP9;MPO;MYC;NFATC1;NFE2L2;NFKB1;NFKBIA;NLRP3;NOS2;NOS3;NR1I2;NR3C1;ODC1;PIK3CA;PLAU;POLD1;PPARA;PPARG;PRKCQ;PTEN;PTGS1;PTGS2;RB1;RELA;RORC;SIRT1;SLC6A4;SOD2;SRC;STAT1;STAT3;TERT;TGFB1;TJP1;TNF;TP53;TYK2;VCAM1;VEGFA,AHR;AKT1;ALOX5;BAX;BCL2;CASP3;CASP8;CCL2;CCND1;CXCL8;CYP1A2;CYP3A4;EGFR;GSTM1;GSTP1;HIF1A;HMOX1;ICAM1;IFNG;IKBKB;IL10;IL1A;IL1B;IL2;IL6;MAPK1;MMP1;MMP2;MMP9;MYC;NFE2L2;NFKBIA;NOS2;NOS3;NR1I2;NR3C1;PPARA;PPARG;PTGS1;PTGS2;RELA;SLC6A4;STAT1;TNF;TP53;VCAM1,"Disease targets for Ulcerative Colitis; exact medicinal-material matches from TCMSP, HERB 2.0, and ETCM 2.0; provisional because database screening definitions are heterogeneous and safety/pair evidence remain incomplete",16,12
槐米,大枣,96,61,111,46,50,15,True,82.3615,5,4,85.0,60.0,0.0,67.4446,1178,66,0.8332,ABCB1;ABCG2;AGER;AHR;AKT1;ALB;ALOX5;BAX;BCL2;BIRC5;BRCA1;CASP1;CASP3;CASP8;CAT;CCL11;CCL2;CCND1;CD274;CD40LG;CD44;CD86;CDH1;CDKN1A;CDKN2A;CFTR;CHEK2;CHRNA7;CHUK;CXCL10;CXCL8;CYP1A2;CYP2C19;CYP2C9;CYP2D6;CYP3A4;DUOX2;EGFR;ERBB2;FGFR2;GLS;GSTM1;GSTP1;HIF1A;HMOX1;HNF4A;HSD17B10;ICAM1;IFNG;IGF2;IKBKB;IL10;IL13;IL17A;IL18;IL1A;IL1B;IL2;IL4;IL5;IL6;JAK2;JUN;KDR;KEAP1;LCN2;MAPK1;MAPK3;MIR21;MMP1;MMP2;MMP3;MMP9;MPO;MYC;NFATC1;NFE2L2;NFKB1;NFKBIA;NLRP3;NOS2;NOS3;NR1I2;NR3C1;ODC1;PIK3CA;PLAU;POLD1;PPARA;PPARG;PRKCQ;PTEN;PTGS1;PTGS2;RB1;RELA;RORC;SIRT1;SLC6A4;SOD2;SRC;STAT1;STAT3;TERT;TGFB1;TJP1;TNF;TP53;TYK2;VCAM1;VEGFA,AHR;AKT1;ALOX5;BAX;BCL2;CASP3;CASP8;CAT;CCL2;CCND1;CXCL8;CYP1A2;CYP3A4;EGFR;GSTM1;GSTP1;HIF1A;HMOX1;ICAM1;IFNG;IL10;IL1A;IL1B;IL2;IL6;KDR;MAPK1;MMP1;MMP2;MMP9;MYC;NFE2L2;NFKBIA;NOS2;NOS3;NR1I2;PPARA;PPARG;PTGS1;PTGS2;RELA;SLC6A4;STAT1;TNF;TP53;VCAM1,"Disease targets for Ulcerative Colitis; exact medicinal-material matches from TCMSP, HERB 2.0, and ETCM 2.0; provisional because database screening definitions are heterogeneous and safety/pair evidence remain incomplete",17,13
槐米,甘草,96,67,113,50,46,17,True,82.3009,5,4,85.0,60.0,0.0,67.4204,1204,68,0.8228,ABCB1;ABCG2;ADIPOQ;AGER;AHR;AKT1;ALB;ALOX5;BAX;BCL2;BIRC5;BRCA1;CASP1;CASP3;CASP8;CAT;CCL11;CCL2;CCND1;CD274;CD40LG;CD44;CD86;CDH1;CDK4;CDKN1A;CDKN2A;CFTR;CHEK2;CHRNA7;CHUK;CXCL10;CXCL8;CYP1A2;CYP2C19;CYP2C9;CYP2D6;CYP3A4;DUOX2;EGFR;ERBB2;FGFR2;GLS;GSTM1;GSTP1;HIF1A;HMOX1;HNF4A;HSD17B10;ICAM1;IFNG;IGF2;IKBKB;IL10;IL13;IL17A;IL18;IL1A;IL1B;IL2;IL4;IL5;IL6;JAK2;JUN;KDR;KEAP1;LCN2;MAPK1;MAPK3;MIR21;MMP1;MMP2;MMP3;MMP9;MPO;MYC;NFATC1;NFE2L2;NFKB1;NFKBIA;NLRP3;NOS2;NOS3;NR1I2;NR3C1;ODC1;PIK3CA;PLAU;POLD1;PPARA;PPARG;PRKCQ;PTEN;PTGS1;PTGS2;RB1;RELA;RORC;SIRT1;SLC6A4;SOD2;SRC;STAT1;STAT3;TERT;TGFB1;TJP1;TNF;TP53;TYK2;VCAM1;VEGFA,AHR;AKT1;ALOX5;BAX;BCL2;CASP3;CASP8;CAT;CCL2;CCND1;CXCL8;CYP1A2;CYP3A4;EGFR;GSTM1;GSTP1;HIF1A;HMOX1;ICAM1;IFNG;IKBKB;IL10;IL1A;IL1B;IL2;IL4;IL6;KDR;MAPK1;MAPK3;MMP1;MMP2;MMP9;MYC;NFE2L2;NFKBIA;NOS2;NOS3;NR1I2;PPARA;PPARG;PTGS1;PTGS2;RELA;SLC6A4;STAT1;STAT3;TNF;TP53;VCAM1,"Disease targets for Ulcerative Colitis; exact medicinal-material matches from TCMSP, HERB 2.0, and ETCM 2.0; provisional because database screening definitions are heterogeneous and safety/pair evidence remain incomplete",18,14
藿香,甘草,27,67,81,13,14,54,True,76.5891,4,4,88.0,60.0,0.0,66.0356,641,46,0.844,ABCG2;ADIPOQ;AHR;AKT1;ALOX5;APEX1;BAX;BCL2;BIRC5;CASP3;CASP8;CAT;CCL2;CCND1;CD40LG;CDK4;CDKN1A;CHEK2;CHRNA7;CHUK;CXCL10;CXCL8;CYP1A2;CYP2C19;CYP2C9;CYP3A4;DUOX2;EGFR;ELANE;ERBB2;GPBAR1;GPR35;GSTM1;GSTP1;HIF1A;HMOX1;ICAM1;IFNG;IGF2;IKBKB;IL10;IL1A;IL1B;IL2;IL4;IL6;KDR;MAPK1;MAPK3;MET;MMP1;MMP2;MMP3;MMP9;MPO;MYC;NFE2L2;NFKBIA;NLRP3;NOS2;NOS3;NR1I2;ODC1;PLAU;PPARA;PPARG;PTGS1;PTGS2;PTPN2;PTPRC;RB1;RELA;SI;SLC6A4;STAT1;STAT3;TERT;TNF;TP53;VCAM1;VDR,ABCG2;AHR;ALOX5;CYP3A4;EGFR;GSTM1;KDR;MMP9;MPO;NOS2;PPARG;PTGS2;TNF,"Disease targets for Ulcerative Colitis; exact medicinal-material matches from TCMSP, HERB 2.0, and ETCM 2.0; provisional because database screening definitions are heterogeneous and safety/pair evidence remain incomplete",19,15
莱菔子,甘草,0,67,67,0,0,67,False,75.5752,4,4,88.0,60.0,0.0,65.6301,574,0,0,ABCG2;ADIPOQ;AHR;AKT1;ALOX5;BAX;BCL2;BIRC5;CASP3;CASP8;CAT;CCL2;CCND1;CD40LG;CDK4;CDKN1A;CHEK2;CHUK;CXCL10;CXCL8;CYP1A2;CYP3A4;DUOX2;EGFR;ERBB2;GSTM1;GSTP1;HIF1A;HMOX1;ICAM1;IFNG;IGF2;IKBKB;IL10;IL1A;IL1B;IL2;IL4;IL6;KDR;MAPK1;MAPK3;MMP1;MMP2;MMP3;MMP9;MPO;MYC;NFE2L2;NFKBIA;NOS2;NOS3;NR1I2;ODC1;PLAU;PPARA;PPARG;PTGS1;PTGS2;RB1;RELA;SLC6A4;STAT1;STAT3;TNF;TP53;VCAM1,,"Disease targets for Ulcerative Colitis; exact medicinal-material matches from TCMSP, HERB 2.0, and ETCM 2.0; provisional because database screening definitions are heterogeneous and safety/pair evidence remain incomplete",20,
茯苓,甘草,2,67,67,2,0,65,False,74.3812,4,4,88.0,60.0,0.0,65.1525,574,0,0,ABCG2;ADIPOQ;AHR;AKT1;ALOX5;BAX;BCL2;BIRC5;CASP3;CASP8;CAT;CCL2;CCND1;CD40LG;CDK4;CDKN1A;CHEK2;CHUK;CXCL10;CXCL8;CYP1A2;CYP3A4;DUOX2;EGFR;ERBB2;GSTM1;GSTP1;HIF1A;HMOX1;ICAM1;IFNG;IGF2;IKBKB;IL10;IL1A;IL1B;IL2;IL4;IL6;KDR;MAPK1;MAPK3;MMP1;MMP2;MMP3;MMP9;MPO;MYC;NFE2L2;NFKBIA;NOS2;NOS3;NR1I2;ODC1;PLAU;PPARA;PPARG;PTGS1;PTGS2;RB1;RELA;SLC6A4;STAT1;STAT3;TNF;TP53;VCAM1,PTGS1;PTGS2,"Disease targets for Ulcerative Colitis; exact medicinal-material matches from TCMSP, HERB 2.0, and ETCM 2.0; provisional because database screening definitions are heterogeneous and safety/pair evidence remain incomplete",21,
蒲公英,甘草,37,67,82,22,15,45,True,72.8081,5,4,90.0,60.0,0.0,65.1232,796,120,0.8412,ABCG2;ADIPOQ;AHR;AKT1;ALB;ALOX5;BAX;BCL2;BIRC5;CASP1;CASP3;CASP8;CAT;CCL2;CCND1;CD40LG;CDK4;CDKN1A;CHEK2;CHRNA7;CHUK;CXCL10;CXCL8;CYP1A2;CYP3A4;DUOX2;EGFR;ERBB2;GLS;GSTM1;GSTP1;HIF1A;HMOX1;HNF4A;ICAM1;IFNG;IGF2;IKBKB;IL10;IL13;IL1A;IL1B;IL2;IL4;IL5;IL6;JUN;KDR;MAPK1;MAPK3;MMP1;MMP2;MMP3;MMP9;MPO;MYC;NFE2L2;NFKB1;NFKBIA;NOS2;NOS3;NR1I2;NR3C1;ODC1;PLAU;PPARA;PPARG;PTGS1;PTGS2;RB1;RELA;RORC;SIRT1;SLC6A4;STAT1;STAT3;TCF7L2;TGFB1;TNF;TP53;VCAM1;XIST,BAX;BCL2;CASP3;CASP8;CCL2;IL1B;IL4;IL6;MAPK1;MAPK3;MMP1;MYC;NFKBIA;NOS2;ODC1;PPARG;PTGS1;PTGS2;RELA;SLC6A4;TNF;TP53,"Disease targets for Ulcerative Colitis; exact medicinal-material matches from TCMSP, HERB 2.0, and ETCM 2.0; provisional because database screening definitions are heterogeneous and safety/pair evidence remain incomplete",22,16
金银花,藿香,63,27,77,13,50,14,True,74.1317,4,4,88.0,60.0,0.0,65.0527,571,44,0.8338,ABCG2;AHR;AKT1;ALOX5;APEX1;BAX;BCL2;BIRC5;CASP3;CASP8;CCL2;CCND1;CD40LG;CDK4;CDKN1A;CHEK2;CHRNA7;CHUK;CXCL10;CXCL8;CYP1A2;CYP2C19;CYP2C9;CYP3A4;DUOX2;EGFR;ELANE;ERBB2;GPBAR1;GPR35;GSTM1;GSTP1;HIF1A;HMOX1;ICAM1;IFNG;IGF2;IKBKB;IL10;IL1A;IL1B;IL2;IL4;IL6;KDR;MAPK1;MET;MMP1;MMP2;MMP3;MMP9;MPO;MYC;NFE2L2;NFKBIA;NLRP3;NOS2;NOS3;NR1I2;ODC1;PLAU;PPARA;PPARG;PTGS1;PTGS2;PTPN2;PTPRC;RB1;RELA;SI;SLC6A4;STAT1;TERT;TNF;TP53;VCAM1;VDR,ABCG2;AHR;ALOX5;CYP3A4;EGFR;GSTM1;MET;MMP9;MPO;NOS2;PPARG;PTGS2;TNF,"Disease targets for Ulcerative Colitis; exact medicinal-material matches from TCMSP, HERB 2.0, and ETCM 2.0; provisional because database screening definitions are heterogeneous and safety/pair evidence remain incomplete",23,17
马齿苋,藿香,63,27,77,13,50,14,True,74.1317,4,4,88.0,60.0,0.0,65.0527,571,44,0.8338,ABCG2;AHR;AKT1;ALOX5;APEX1;BAX;BCL2;BIRC5;CASP3;CASP8;CCL2;CCND1;CD40LG;CDK4;CDKN1A;CHEK2;CHRNA7;CHUK;CXCL10;CXCL8;CYP1A2;CYP2C19;CYP2C9;CYP3A4;DUOX2;EGFR;ELANE;ERBB2;GPBAR1;GPR35;GSTM1;GSTP1;HIF1A;HMOX1;ICAM1;IFNG;IGF2;IKBKB;IL10;IL1A;IL1B;IL2;IL4;IL6;KDR;MAPK1;MET;MMP1;MMP2;MMP3;MMP9;MPO;MYC;NFE2L2;NFKBIA;NLRP3;NOS2;NOS3;NR1I2;ODC1;PLAU;PPARA;PPARG;PTGS1;PTGS2;PTPN2;PTPRC;RB1;RELA;SI;SLC6A4;STAT1;TERT;TNF;TP53;VCAM1;VDR,ABCG2;AHR;ALOX5;CYP3A4;EGFR;GSTM1;MET;MMP9;MPO;NOS2;PPARG;PTGS2;TNF,"Disease targets for Ulcerative Colitis; exact medicinal-material matches from TCMSP, HERB 2.0, and ETCM 2.0; provisional because database screening definitions are heterogeneous and safety/pair evidence remain incomplete",24,18
藿香,乌梅,27,61,76,12,15,49,True,74.0382,4,4,88.0,60.0,0.0,65.0153,552,49,0.8289,ABCG2;AHR;AKT1;ALOX5;APEX1;BAX;BCL2;BIRC5;CASP3;CASP8;CCL2;CCND1;CD40LG;CDKN1A;CHEK2;CHRNA7;CHUK;CXCL10;CXCL8;CYP1A2;CYP2C19;CYP2C9;CYP3A4;DUOX2;EGFR;ELANE;ERBB2;GPBAR1;GPR35;GSTM1;GSTP1;HIF1A;HMOX1;ICAM1;IFNG;IGF2;IKBKB;IL10;IL1A;IL1B;IL2;IL6;KDR;MAPK1;MET;MMP1;MMP2;MMP3;MMP9;MPO;MYC;NFE2L2;NFKBIA;NLRP3;NOS2;NOS3;NR1I2;NR3C1;ODC1;PLAU;PPARA;PPARG;PTGS1;PTGS2;PTPN2;PTPRC;RB1;RELA;SI;SLC6A4;STAT1;TERT;TNF;TP53;VCAM1;VDR,ABCG2;AHR;ALOX5;CYP3A4;EGFR;GSTM1;MMP9;MPO;NOS2;PPARG;PTGS2;TNF,"Disease targets for Ulcerative Colitis; exact medicinal-material matches from TCMSP, HERB 2.0, and ETCM 2.0; provisional because database screening definitions are heterogeneous and safety/pair evidence remain incomplete",25,19
金银花,莱菔子,63,0,63,0,63,0,False,73.4513,4,4,88.0,60.0,0.0,64.7805,506,0,0,ABCG2;AHR;AKT1;ALOX5;BAX;BCL2;BIRC5;CASP3;CASP8;CCL2;CCND1;CD40LG;CDK4;CDKN1A;CHEK2;CHUK;CXCL10;CXCL8;CYP1A2;CYP3A4;DUOX2;EGFR;ERBB2;GSTM1;GSTP1;HIF1A;HMOX1;ICAM1;IFNG;IGF2;IKBKB;IL10;IL1A;IL1B;IL2;IL4;IL6;MAPK1;MET;MMP1;MMP2;MMP3;MMP9;MPO;MYC;NFE2L2;NFKBIA;NOS2;NOS3;NR1I2;ODC1;PLAU;PPARA;PPARG;PTGS1;PTGS2;RB1;RELA;SLC6A4;STAT1;TNF;TP53;VCAM1,,"Disease targets for Ulcerative Colitis; exact medicinal-material matches from TCMSP, HERB 2.0, and ETCM 2.0; provisional because database screening definitions are heterogeneous and safety/pair evidence remain incomplete",26,
马齿苋,莱菔子,63,0,63,0,63,0,False,73.4513,4,4,88.0,60.0,0.0,64.7805,506,0,0,ABCG2;AHR;AKT1;ALOX5;BAX;BCL2;BIRC5;CASP3;CASP8;CCL2;CCND1;CD40LG;CDK4;CDKN1A;CHEK2;CHUK;CXCL10;CXCL8;CYP1A2;CYP3A4;DUOX2;EGFR;ERBB2;GSTM1;GSTP1;HIF1A;HMOX1;ICAM1;IFNG;IGF2;IKBKB;IL10;IL1A;IL1B;IL2;IL4;IL6;MAPK1;MET;MMP1;MMP2;MMP3;MMP9;MPO;MYC;NFE2L2;NFKBIA;NOS2;NOS3;NR1I2;ODC1;PLAU;PPARA;PPARG;PTGS1;PTGS2;RB1;RELA;SLC6A4;STAT1;TNF;TP53;VCAM1,,"Disease targets for Ulcerative Colitis; exact medicinal-material matches from TCMSP, HERB 2.0, and ETCM 2.0; provisional because database screening definitions are heterogeneous and safety/pair evidence remain incomplete",27,
栀子,藿香,60,27,75,12,48,15,True,73.423,4,4,88.0,60.0,0.0,64.7692,544,49,0.8289,ABCG2;AHR;AKT1;ALOX5;APEX1;BAX;BCL2;BIRC5;CASP3;CASP8;CCL2;CCND1;CD40LG;CDKN1A;CHEK2;CHRNA7;CHUK;CXCL10;CXCL8;CYP1A2;CYP2C19;CYP2C9;CYP3A4;DUOX2;EGFR;ELANE;ERBB2;GPBAR1;GPR35;GSTM1;GSTP1;HIF1A;HMOX1;ICAM1;IFNG;IGF2;IKBKB;IL10;IL1A;IL1B;IL2;IL6;KDR;MAPK1;MET;MMP1;MMP2;MMP3;MMP9;MPO;MYC;NFE2L2;NFKBIA;NLRP3;NOS2;NOS3;NR1I2;ODC1;PLAU;PPARA;PPARG;PTGS1;PTGS2;PTPN2;PTPRC;RB1;RELA;SI;SLC6A4;STAT1;TERT;TNF;TP53;VCAM1;VDR,ABCG2;AHR;ALOX5;CYP3A4;EGFR;GSTM1;MMP9;MPO;NOS2;PPARG;PTGS2;TNF,"Disease targets for Ulcerative Colitis; exact medicinal-material matches from TCMSP, HERB 2.0, and ETCM 2.0; provisional because database screening definitions are heterogeneous and safety/pair evidence remain incomplete",28,20
藿香,大枣,27,61,75,13,14,48,True,72.8897,4,4,88.0,60.0,0.0,64.5559,532,41,0.8438,ABCG2;AHR;AKT1;ALOX5;APEX1;BAX;BCL2;BIRC5;CASP3;CASP8;CAT;CCL2;CCND1;CD40LG;CDKN1A;CHEK2;CHRNA7;CHUK;CXCL10;CXCL8;CYP1A2;CYP2C19;CYP2C9;CYP3A4;DUOX2;EGFR;ELANE;ERBB2;GPBAR1;GPR35;GSTM1;GSTP1;HIF1A;HMOX1;ICAM1;IFNG;IGF2;IL10;IL1A;IL1B;IL2;IL6;KDR;MAPK1;MET;MMP1;MMP2;MMP3;MMP9;MPO;MYC;NFE2L2;NFKBIA;NLRP3;NOS2;NOS3;NR1I2;ODC1;PLAU;PPARA;PPARG;PTGS1;PTGS2;PTPN2;PTPRC;RB1;RELA;SI;SLC6A4;STAT1;TERT;TNF;TP53;VCAM1;VDR,ABCG2;AHR;ALOX5;CYP3A4;EGFR;GSTM1;KDR;MMP9;MPO;NOS2;PPARG;PTGS2;TNF,"Disease targets for Ulcerative Colitis; exact medicinal-material matches from TCMSP, HERB 2.0, and ETCM 2.0; provisional because database screening definitions are heterogeneous and safety/pair evidence remain incomplete",29,21
蒲公英,金银花,37,63,79,21,16,42,True,71.314,5,4,90.0,60.0,0.0,64.5256,739,119,0.8364,ABCG2;AHR;AKT1;ALB;ALOX5;BAX;BCL2;BIRC5;CASP1;CASP3;CASP8;CCL2;CCND1;CD40LG;CDK4;CDKN1A;CHEK2;CHRNA7;CHUK;CXCL10;CXCL8;CYP1A2;CYP3A4;DUOX2;EGFR;ERBB2;GLS;GSTM1;GSTP1;HIF1A;HMOX1;HNF4A;ICAM1;IFNG;IGF2;IKBKB;IL10;IL13;IL1A;IL1B;IL2;IL4;IL5;IL6;JUN;MAPK1;MAPK3;MET;MMP1;MMP2;MMP3;MMP9;MPO;MYC;NFE2L2;NFKB1;NFKBIA;NOS2;NOS3;NR1I2;NR3C1;ODC1;PLAU;PPARA;PPARG;PTGS1;PTGS2;RB1;RELA;RORC;SIRT1;SLC6A4;STAT1;TCF7L2;TGFB1;TNF;TP53;VCAM1;XIST,BAX;BCL2;CASP3;CASP8;CCL2;IL1B;IL4;IL6;MAPK1;MMP1;MYC;NFKBIA;NOS2;ODC1;PPARG;PTGS1;PTGS2;RELA;SLC6A4;TNF;TP53,"Disease targets for Ulcerative Colitis; exact medicinal-material matches from TCMSP, HERB 2.0, and ETCM 2.0; provisional because database screening definitions are heterogeneous and safety/pair evidence remain incomplete",30,22
马齿苋,蒲公英,63,37,79,21,42,16,True,71.314,5,4,90.0,60.0,0.0,64.5256,739,119,0.8364,ABCG2;AHR;AKT1;ALB;ALOX5;BAX;BCL2;BIRC5;CASP1;CASP3;CASP8;CCL2;CCND1;CD40LG;CDK4;CDKN1A;CHEK2;CHRNA7;CHUK;CXCL10;CXCL8;CYP1A2;CYP3A4;DUOX2;EGFR;ERBB2;GLS;GSTM1;GSTP1;HIF1A;HMOX1;HNF4A;ICAM1;IFNG;IGF2;IKBKB;IL10;IL13;IL1A;IL1B;IL2;IL4;IL5;IL6;JUN;MAPK1;MAPK3;MET;MMP1;MMP2;MMP3;MMP9;MPO;MYC;NFE2L2;NFKB1;NFKBIA;NOS2;NOS3;NR1I2;NR3C1;ODC1;PLAU;PPARA;PPARG;PTGS1;PTGS2;RB1;RELA;RORC;SIRT1;SLC6A4;STAT1;TCF7L2;TGFB1;TNF;TP53;VCAM1;XIST,BAX;BCL2;CASP3;CASP8;CCL2;IL1B;IL4;IL6;MAPK1;MMP1;MYC;NFKBIA;NOS2;ODC1;PPARG;PTGS1;PTGS2;RELA;SLC6A4;TNF;TP53,"Disease targets for Ulcerative Colitis; exact medicinal-material matches from TCMSP, HERB 2.0, and ETCM 2.0; provisional because database screening definitions are heterogeneous and safety/pair evidence remain incomplete",31,23
鱼腥草,藿香,59,27,74,12,47,15,True,72.8055,4,4,88.0,60.0,0.0,64.5222,544,49,0.8289,ABCG2;AHR;AKT1;ALOX5;APEX1;BAX;BCL2;BIRC5;CASP3;CASP8;CCL2;CCND1;CD40LG;CDKN1A;CHEK2;CHRNA7;CHUK;CXCL10;CXCL8;CYP1A2;CYP2C19;CYP2C9;CYP3A4;DUOX2;EGFR;ELANE;ERBB2;GPBAR1;GPR35;GSTM1;GSTP1;HIF1A;HMOX1;ICAM1;IFNG;IGF2;IKBKB;IL10;IL1A;IL1B;IL2;IL6;KDR;MAPK1;MET;MMP1;MMP2;MMP3;MMP9;MPO;MYC;NFE2L2;NFKBIA;NLRP3;NOS2;NOS3;NR1I2;ODC1;PLAU;PPARA;PPARG;PTGS1;PTGS2;PTPN2;PTPRC;RB1;RELA;SI;STAT1;TERT;TNF;TP53;VCAM1;VDR,ABCG2;AHR;ALOX5;CYP3A4;EGFR;GSTM1;MMP9;MPO;NOS2;PPARG;PTGS2;TNF,"Disease targets for Ulcerative Colitis; exact medicinal-material matches from TCMSP, HERB 2.0, and ETCM 2.0; provisional because database screening definitions are heterogeneous and safety/pair evidence remain incomplete",32,24
蒲公英,大枣,37,61,78,20,17,41,True,71.1595,5,4,90.0,60.0,0.0,64.4638,716,126,0.8447,ABCG2;AHR;AKT1;ALB;ALOX5;BAX;BCL2;BIRC5;CASP1;CASP3;CASP8;CAT;CCL2;CCND1;CD40LG;CDKN1A;CHEK2;CHRNA7;CHUK;CXCL10;CXCL8;CYP1A2;CYP3A4;DUOX2;EGFR;ERBB2;GLS;GSTM1;GSTP1;HIF1A;HMOX1;HNF4A;ICAM1;IFNG;IGF2;IL10;IL13;IL1A;IL1B;IL2;IL4;IL5;IL6;JUN;KDR;MAPK1;MAPK3;MMP1;MMP2;MMP3;MMP9;MPO;MYC;NFE2L2;NFKB1;NFKBIA;NOS2;NOS3;NR1I2;NR3C1;ODC1;PLAU;PPARA;PPARG;PTGS1;PTGS2;RB1;RELA;RORC;SIRT1;SLC6A4;STAT1;TCF7L2;TGFB1;TNF;TP53;VCAM1;XIST,BAX;BCL2;CASP3;CASP8;CCL2;IL1B;IL6;MAPK1;MMP1;MYC;NFKBIA;NOS2;ODC1;PPARG;PTGS1;PTGS2;RELA;SLC6A4;TNF;TP53,"Disease targets for Ulcerative Colitis; exact medicinal-material matches from TCMSP, HERB 2.0, and ETCM 2.0; provisional because database screening definitions are heterogeneous and safety/pair evidence remain incomplete",33,25
蒲公英,鱼腥草,37,59,77,19,18,40,True,71.0148,5,4,90.0,60.0,0.0,64.4059,719,127,0.8463,ABCG2;AHR;AKT1;ALB;ALOX5;BAX;BCL2;BIRC5;CASP1;CASP3;CASP8;CCL2;CCND1;CD40LG;CDKN1A;CHEK2;CHRNA7;CHUK;CXCL10;CXCL8;CYP1A2;CYP3A4;DUOX2;EGFR;ERBB2;GLS;GSTM1;GSTP1;HIF1A;HMOX1;HNF4A;ICAM1;IFNG;IGF2;IKBKB;IL10;IL13;IL1A;IL1B;IL2;IL4;IL5;IL6;JUN;MAPK1;MAPK3;MMP1;MMP2;MMP3;MMP9;MPO;MYC;NFE2L2;NFKB1;NFKBIA;NOS2;NOS3;NR1I2;NR3C1;ODC1;PLAU;PPARA;PPARG;PTGS1;PTGS2;RB1;RELA;RORC;SIRT1;SLC6A4;STAT1;TCF7L2;TGFB1;TNF;TP53;VCAM1;XIST,BAX;BCL2;CASP3;CASP8;CCL2;IL1B;IL6;MAPK1;MMP1;MYC;NFKBIA;NOS2;ODC1;PPARG;PTGS1;PTGS2;RELA;TNF;TP53,"Disease targets for Ulcerative Colitis; exact medicinal-material matches from TCMSP, HERB 2.0, and ETCM 2.0; provisional because database screening definitions are heterogeneous and safety/pair evidence remain incomplete",34,26
金银花,陈皮,63,18,67,14,49,4,True,67.217,5,4,95.0,60.0,0.0,64.3868,548,31,0.8421,ABCG2;ADIPOQ;AHR;AKT1;ALOX5;BAX;BCL2;BIRC5;CASP3;CASP8;CAT;CCL2;CCND1;CD40LG;CDK4;CDKN1A;CHEK2;CHUK;CXCL10;CXCL8;CYP1A2;CYP3A4;DUOX2;EGFR;ERBB2;GSTM1;GSTP1;HIF1A;HMOX1;ICAM1;IFNG;IGF2;IKBKB;IL10;IL1A;IL1B;IL2;IL4;IL6;MAPK1;MAPK3;MET;MMP1;MMP2;MMP3;MMP9;MPO;MYC;NFE2L2;NFKBIA;NOS2;NOS3;NR1I2;ODC1;PLAU;PPARA;PPARG;PTGS1;PTGS2;RB1;RELA;SLC6A4;STAT1;TIMP1;TNF;TP53;VCAM1,AKT1;BAX;BCL2;CASP3;GSTP1;MAPK1;MMP9;NOS2;PPARA;PPARG;PTGS1;PTGS2;RELA;TP53,"Disease targets for Ulcerative Colitis; exact medicinal-material matches from TCMSP, HERB 2.0, and ETCM 2.0; provisional because database screening definitions are heterogeneous and safety/pair evidence remain incomplete",35,27
马齿苋,陈皮,63,18,67,14,49,4,True,67.217,5,4,95.0,60.0,0.0,64.3868,548,31,0.8421,ABCG2;ADIPOQ;AHR;AKT1;ALOX5;BAX;BCL2;BIRC5;CASP3;CASP8;CAT;CCL2;CCND1;CD40LG;CDK4;CDKN1A;CHEK2;CHUK;CXCL10;CXCL8;CYP1A2;CYP3A4;DUOX2;EGFR;ERBB2;GSTM1;GSTP1;HIF1A;HMOX1;ICAM1;IFNG;IGF2;IKBKB;IL10;IL1A;IL1B;IL2;IL4;IL6;MAPK1;MAPK3;MET;MMP1;MMP2;MMP3;MMP9;MPO;MYC;NFE2L2;NFKBIA;NOS2;NOS3;NR1I2;ODC1;PLAU;PPARA;PPARG;PTGS1;PTGS2;RB1;RELA;SLC6A4;STAT1;TIMP1;TNF;TP53;VCAM1,AKT1;BAX;BCL2;CASP3;GSTP1;MAPK1;MMP9;NOS2;PPARA;PPARG;PTGS1;PTGS2;RELA;TP53,"Disease targets for Ulcerative Colitis; exact medicinal-material matches from TCMSP, HERB 2.0, and ETCM 2.0; provisional because database screening definitions are heterogeneous and safety/pair evidence remain incomplete",36,28
莱菔子,乌梅,0,61,61,0,0,61,False,72.3894,4,4,88.0,60.0,0.0,64.3558,480,0,0,ABCG2;AHR;AKT1;ALOX5;BAX;BCL2;BIRC5;CASP3;CASP8;CCL2;CCND1;CD40LG;CDKN1A;CHEK2;CHUK;CXCL10;CXCL8;CYP1A2;CYP3A4;DUOX2;EGFR;ERBB2;GSTM1;GSTP1;HIF1A;HMOX1;ICAM1;IFNG;IGF2;IKBKB;IL10;IL1A;IL1B;IL2;IL6;MAPK1;MMP1;MMP2;MMP3;MMP9;MPO;MYC;NFE2L2;NFKBIA;NOS2;NOS3;NR1I2;NR3C1;ODC1;PLAU;PPARA;PPARG;PTGS1;PTGS2;RB1;RELA;SLC6A4;STAT1;TNF;TP53;VCAM1,,"Disease targets for Ulcerative Colitis; exact medicinal-material matches from TCMSP, HERB 2.0, and ETCM 2.0; provisional because database screening definitions are heterogeneous and safety/pair evidence remain incomplete",37,
莱菔子,大枣,0,61,61,0,0,61,False,72.3894,4,4,88.0,60.0,0.0,64.3558,470,0,0,ABCG2;AHR;AKT1;ALOX5;BAX;BCL2;BIRC5;CASP3;CASP8;CAT;CCL2;CCND1;CD40LG;CDKN1A;CHEK2;CHUK;CXCL10;CXCL8;CYP1A2;CYP3A4;DUOX2;EGFR;ERBB2;GSTM1;GSTP1;HIF1A;HMOX1;ICAM1;IFNG;IGF2;IL10;IL1A;IL1B;IL2;IL6;KDR;MAPK1;MMP1;MMP2;MMP3;MMP9;MPO;MYC;NFE2L2;NFKBIA;NOS2;NOS3;NR1I2;ODC1;PLAU;PPARA;PPARG;PTGS1;PTGS2;RB1;RELA;SLC6A4;STAT1;TNF;TP53;VCAM1,,"Disease targets for Ulcerative Colitis; exact medicinal-material matches from TCMSP, HERB 2.0, and ETCM 2.0; provisional because database screening definitions are heterogeneous and safety/pair evidence remain incomplete",38,
金银花,茯苓,63,2,63,2,61,0,False,72.1815,4,4,88.0,60.0,0.0,64.2726,506,0,0,ABCG2;AHR;AKT1;ALOX5;BAX;BCL2;BIRC5;CASP3;CASP8;CCL2;CCND1;CD40LG;CDK4;CDKN1A;CHEK2;CHUK;CXCL10;CXCL8;CYP1A2;CYP3A4;DUOX2;EGFR;ERBB2;GSTM1;GSTP1;HIF1A;HMOX1;ICAM1;IFNG;IGF2;IKBKB;IL10;IL1A;IL1B;IL2;IL4;IL6;MAPK1;MET;MMP1;MMP2;MMP3;MMP9;MPO;MYC;NFE2L2;NFKBIA;NOS2;NOS3;NR1I2;ODC1;PLAU;PPARA;PPARG;PTGS1;PTGS2;RB1;RELA;SLC6A4;STAT1;TNF;TP53;VCAM1,PTGS1;PTGS2,"Disease targets for Ulcerative Colitis; exact medicinal-material matches from TCMSP, HERB 2.0, and ETCM 2.0; provisional because database screening definitions are heterogeneous and safety/pair evidence remain incomplete",39,
马齿苋,茯苓,63,2,63,2,61,0,False,72.1815,4,4,88.0,60.0,0.0,64.2726,506,0,0,ABCG2;AHR;AKT1;ALOX5;BAX;BCL2;BIRC5;CASP3;CASP8;CCL2;CCND1;CD40LG;CDK4;CDKN1A;CHEK2;CHUK;CXCL10;CXCL8;CYP1A2;CYP3A4;DUOX2;EGFR;ERBB2;GSTM1;GSTP1;HIF1A;HMOX1;ICAM1;IFNG;IGF2;IKBKB;IL10;IL1A;IL1B;IL2;IL4;IL6;MAPK1;MET;MMP1;MMP2;MMP3;MMP9;MPO;MYC;NFE2L2;NFKBIA;NOS2;NOS3;NR1I2;ODC1;PLAU;PPARA;PPARG;PTGS1;PTGS2;RB1;RELA;SLC6A4;STAT1;TNF;TP53;VCAM1,PTGS1;PTGS2,"Disease targets for Ulcerative Colitis; exact medicinal-material matches from TCMSP, HERB 2.0, and ETCM 2.0; provisional because database screening definitions are heterogeneous and safety/pair evidence remain incomplete",40,
蒲公英,栀子,37,60,77,20,17,40,True,70.4953,5,4,90.0,60.0,0.0,64.1981,719,127,0.8463,ABCG2;AHR;AKT1;ALB;ALOX5;BAX;BCL2;BIRC5;CASP1;CASP3;CASP8;CCL2;CCND1;CD40LG;CDKN1A;CHEK2;CHRNA7;CHUK;CXCL10;CXCL8;CYP1A2;CYP3A4;DUOX2;EGFR;ERBB2;GLS;GSTM1;GSTP1;HIF1A;HMOX1;HNF4A;ICAM1;IFNG;IGF2;IKBKB;IL10;IL13;IL1A;IL1B;IL2;IL4;IL5;IL6;JUN;MAPK1;MAPK3;MMP1;MMP2;MMP3;MMP9;MPO;MYC;NFE2L2;NFKB1;NFKBIA;NOS2;NOS3;NR1I2;NR3C1;ODC1;PLAU;PPARA;PPARG;PTGS1;PTGS2;RB1;RELA;RORC;SIRT1;SLC6A4;STAT1;TCF7L2;TGFB1;TNF;TP53;VCAM1;XIST,BAX;BCL2;CASP3;CASP8;CCL2;IL1B;IL6;MAPK1;MMP1;MYC;NFKBIA;NOS2;ODC1;PPARG;PTGS1;PTGS2;RELA;SLC6A4;TNF;TP53,"Disease targets for Ulcerative Colitis; exact medicinal-material matches from TCMSP, HERB 2.0, and ETCM 2.0; provisional because database screening definitions are heterogeneous and safety/pair evidence remain incomplete",41,29
栀子,莱菔子,60,0,60,0,60,0,False,71.8584,4,4,88.0,60.0,0.0,64.1434,472,0,0,ABCG2;AHR;AKT1;ALOX5;BAX;BCL2;BIRC5;CASP3;CASP8;CCL2;CCND1;CD40LG;CDKN1A;CHEK2;CHUK;CXCL10;CXCL8;CYP1A2;CYP3A4;DUOX2;EGFR;ERBB2;GSTM1;GSTP1;HIF1A;HMOX1;ICAM1;IFNG;IGF2;IKBKB;IL10;IL1A;IL1B;IL2;IL6;MAPK1;MMP1;MMP2;MMP3;MMP9;MPO;MYC;NFE2L2;NFKBIA;NOS2;NOS3;NR1I2;ODC1;PLAU;PPARA;PPARG;PTGS1;PTGS2;RB1;RELA;SLC6A4;STAT1;TNF;TP53;VCAM1,,"Disease targets for Ulcerative Colitis; exact medicinal-material matches from TCMSP, HERB 2.0, and ETCM 2.0; provisional because database screening definitions are heterogeneous and safety/pair evidence remain incomplete",42,
蒲公英,乌梅,37,61,77,21,16,40,True,69.9759,5,4,90.0,60.0,0.0,63.9903,719,123,0.8477,ABCG2;AHR;AKT1;ALB;ALOX5;BAX;BCL2;BIRC5;CASP1;CASP3;CASP8;CCL2;CCND1;CD40LG;CDKN1A;CHEK2;CHRNA7;CHUK;CXCL10;CXCL8;CYP1A2;CYP3A4;DUOX2;EGFR;ERBB2;GLS;GSTM1;GSTP1;HIF1A;HMOX1;HNF4A;ICAM1;IFNG;IGF2;IKBKB;IL10;IL13;IL1A;IL1B;IL2;IL4;IL5;IL6;JUN;MAPK1;MAPK3;MMP1;MMP2;MMP3;MMP9;MPO;MYC;NFE2L2;NFKB1;NFKBIA;NOS2;NOS3;NR1I2;NR3C1;ODC1;PLAU;PPARA;PPARG;PTGS1;PTGS2;RB1;RELA;RORC;SIRT1;SLC6A4;STAT1;TCF7L2;TGFB1;TNF;TP53;VCAM1;XIST,BAX;BCL2;CASP3;CASP8;CCL2;IL1B;IL6;MAPK1;MMP1;MYC;NFKBIA;NOS2;NR3C1;ODC1;PPARG;PTGS1;PTGS2;RELA;SLC6A4;TNF;TP53,"Disease targets for Ulcerative Colitis; exact medicinal-material matches from TCMSP, HERB 2.0, and ETCM 2.0; provisional because database screening definitions are heterogeneous and safety/pair evidence remain incomplete",43,30
陈皮,甘草,18,67,68,17,1,50,True,66.1062,5,4,95.0,60.0,0.0,63.9425,589,14,0.8481,ABCG2;ADIPOQ;AHR;AKT1;ALOX5;BAX;BCL2;BIRC5;CASP3;CASP8;CAT;CCL2;CCND1;CD40LG;CDK4;CDKN1A;CHEK2;CHUK;CXCL10;CXCL8;CYP1A2;CYP3A4;DUOX2;EGFR;ERBB2;GSTM1;GSTP1;HIF1A;HMOX1;ICAM1;IFNG;IGF2;IKBKB;IL10;IL1A;IL1B;IL2;IL4;IL6;KDR;MAPK1;MAPK3;MMP1;MMP2;MMP3;MMP9;MPO;MYC;NFE2L2;NFKBIA;NOS2;NOS3;NR1I2;ODC1;PLAU;PPARA;PPARG;PTGS1;PTGS2;RB1;RELA;SLC6A4;STAT1;STAT3;TIMP1;TNF;TP53;VCAM1,ADIPOQ;AKT1;BAX;BCL2;CASP3;CAT;GSTP1;MAPK1;MAPK3;MMP9;NOS2;PPARA;PPARG;PTGS1;PTGS2;RELA;TP53,"Disease targets for Ulcerative Colitis; exact medicinal-material matches from TCMSP, HERB 2.0, and ETCM 2.0; provisional because database screening definitions are heterogeneous and safety/pair evidence remain incomplete",44,31
鱼腥草,莱菔子,59,0,59,0,59,0,False,71.3274,4,4,88.0,60.0,0.0,63.931,472,0,0,ABCG2;AHR;AKT1;ALOX5;BAX;BCL2;BIRC5;CASP3;CASP8;CCL2;CCND1;CD40LG;CDKN1A;CHEK2;CHUK;CXCL10;CXCL8;CYP1A2;CYP3A4;DUOX2;EGFR;ERBB2;GSTM1;GSTP1;HIF1A;HMOX1;ICAM1;IFNG;IGF2;IKBKB;IL10;IL1A;IL1B;IL2;IL6;MAPK1;MMP1;MMP2;MMP3;MMP9;MPO;MYC;NFE2L2;NFKBIA;NOS2;NOS3;NR1I2;ODC1;PLAU;PPARA;PPARG;PTGS1;PTGS2;RB1;RELA;STAT1;TNF;TP53;VCAM1,,"Disease targets for Ulcerative Colitis; exact medicinal-material matches from TCMSP, HERB 2.0, and ETCM 2.0; provisional because database screening definitions are heterogeneous and safety/pair evidence remain incomplete",45,
陈皮,乌梅,18,61,65,14,4,47,True,65.8979,5,4,95.0,60.0,0.0,63.8592,521,30,0.8462,ABCG2;ADIPOQ;AHR;AKT1;ALOX5;BAX;BCL2;BIRC5;CASP3;CASP8;CAT;CCL2;CCND1;CD40LG;CDKN1A;CHEK2;CHUK;CXCL10;CXCL8;CYP1A2;CYP3A4;DUOX2;EGFR;ERBB2;GSTM1;GSTP1;HIF1A;HMOX1;ICAM1;IFNG;IGF2;IKBKB;IL10;IL1A;IL1B;IL2;IL6;MAPK1;MAPK3;MMP1;MMP2;MMP3;MMP9;MPO;MYC;NFE2L2;NFKBIA;NOS2;NOS3;NR1I2;NR3C1;ODC1;PLAU;PPARA;PPARG;PTGS1;PTGS2;RB1;RELA;SLC6A4;STAT1;TIMP1;TNF;TP53;VCAM1,AKT1;BAX;BCL2;CASP3;GSTP1;MAPK1;MMP9;NOS2;PPARA;PPARG;PTGS1;PTGS2;RELA;TP53,"Disease targets for Ulcerative Colitis; exact medicinal-material matches from TCMSP, HERB 2.0, and ETCM 2.0; provisional because database screening definitions are heterogeneous and safety/pair evidence remain incomplete",46,32
茯苓,乌梅,2,61,61,2,0,59,False,71.0779,4,4,88.0,60.0,0.0,63.8312,480,0,0,ABCG2;AHR;AKT1;ALOX5;BAX;BCL2;BIRC5;CASP3;CASP8;CCL2;CCND1;CD40LG;CDKN1A;CHEK2;CHUK;CXCL10;CXCL8;CYP1A2;CYP3A4;DUOX2;EGFR;ERBB2;GSTM1;GSTP1;HIF1A;HMOX1;ICAM1;IFNG;IGF2;IKBKB;IL10;IL1A;IL1B;IL2;IL6;MAPK1;MMP1;MMP2;MMP3;MMP9;MPO;MYC;NFE2L2;NFKBIA;NOS2;NOS3;NR1I2;NR3C1;ODC1;PLAU;PPARA;PPARG;PTGS1;PTGS2;RB1;RELA;SLC6A4;STAT1;TNF;TP53;VCAM1,PTGS1;PTGS2,"Disease targets for Ulcerative Colitis; exact medicinal-material matches from TCMSP, HERB 2.0, and ETCM 2.0; provisional because database screening definitions are heterogeneous and safety/pair evidence remain incomplete",47,
茯苓,大枣,2,61,61,2,0,59,False,71.0779,4,4,88.0,60.0,0.0,63.8312,470,0,0,ABCG2;AHR;AKT1;ALOX5;BAX;BCL2;BIRC5;CASP3;CASP8;CAT;CCL2;CCND1;CD40LG;CDKN1A;CHEK2;CHUK;CXCL10;CXCL8;CYP1A2;CYP3A4;DUOX2;EGFR;ERBB2;GSTM1;GSTP1;HIF1A;HMOX1;ICAM1;IFNG;IGF2;IL10;IL1A;IL1B;IL2;IL6;KDR;MAPK1;MMP1;MMP2;MMP3;MMP9;MPO;MYC;NFE2L2;NFKBIA;NOS2;NOS3;NR1I2;ODC1;PLAU;PPARA;PPARG;PTGS1;PTGS2;RB1;RELA;SLC6A4;STAT1;TNF;TP53;VCAM1,PTGS1;PTGS2,"Disease targets for Ulcerative Colitis; exact medicinal-material matches from TCMSP, HERB 2.0, and ETCM 2.0; provisional because database screening definitions are heterogeneous and safety/pair evidence remain incomplete",48,
栀子,茯苓,60,2,60,2,58,0,False,70.5251,4,4,88.0,60.0,0.0,63.61,472,0,0,ABCG2;AHR;AKT1;ALOX5;BAX;BCL2;BIRC5;CASP3;CASP8;CCL2;CCND1;CD40LG;CDKN1A;CHEK2;CHUK;CXCL10;CXCL8;CYP1A2;CYP3A4;DUOX2;EGFR;ERBB2;GSTM1;GSTP1;HIF1A;HMOX1;ICAM1;IFNG;IGF2;IKBKB;IL10;IL1A;IL1B;IL2;IL6;MAPK1;MMP1;MMP2;MMP3;MMP9;MPO;MYC;NFE2L2;NFKBIA;NOS2;NOS3;NR1I2;ODC1;PLAU;PPARA;PPARG;PTGS1;PTGS2;RB1;RELA;SLC6A4;STAT1;TNF;TP53;VCAM1,PTGS1;PTGS2,"Disease targets for Ulcerative Colitis; exact medicinal-material matches from TCMSP, HERB 2.0, and ETCM 2.0; provisional because database screening definitions are heterogeneous and safety/pair evidence remain incomplete",49,
栀子,陈皮,60,18,64,14,46,4,True,65.2323,5,4,95.0,60.0,0.0,63.5929,513,30,0.8462,ABCG2;ADIPOQ;AHR;AKT1;ALOX5;BAX;BCL2;BIRC5;CASP3;CASP8;CAT;CCL2;CCND1;CD40LG;CDKN1A;CHEK2;CHUK;CXCL10;CXCL8;CYP1A2;CYP3A4;DUOX2;EGFR;ERBB2;GSTM1;GSTP1;HIF1A;HMOX1;ICAM1;IFNG;IGF2;IKBKB;IL10;IL1A;IL1B;IL2;IL6;MAPK1;MAPK3;MMP1;MMP2;MMP3;MMP9;MPO;MYC;NFE2L2;NFKBIA;NOS2;NOS3;NR1I2;ODC1;PLAU;PPARA;PPARG;PTGS1;PTGS2;RB1;RELA;SLC6A4;STAT1;TIMP1;TNF;TP53;VCAM1,AKT1;BAX;BCL2;CASP3;GSTP1;MAPK1;MMP9;NOS2;PPARA;PPARG;PTGS1;PTGS2;RELA;TP53,"Disease targets for Ulcerative Colitis; exact medicinal-material matches from TCMSP, HERB 2.0, and ETCM 2.0; provisional because database screening definitions are heterogeneous and safety/pair evidence remain incomplete",50,33
薏苡仁,甘草,3,67,67,3,0,64,False,73.7842,4,4,83.0,60.0,0.0,63.4137,574,0,0,ABCG2;ADIPOQ;AHR;AKT1;ALOX5;BAX;BCL2;BIRC5;CASP3;CASP8;CAT;CCL2;CCND1;CD40LG;CDK4;CDKN1A;CHEK2;CHUK;CXCL10;CXCL8;CYP1A2;CYP3A4;DUOX2;EGFR;ERBB2;GSTM1;GSTP1;HIF1A;HMOX1;ICAM1;IFNG;IGF2;IKBKB;IL10;IL1A;IL1B;IL2;IL4;IL6;KDR;MAPK1;MAPK3;MMP1;MMP2;MMP3;MMP9;MPO;MYC;NFE2L2;NFKBIA;NOS2;NOS3;NR1I2;ODC1;PLAU;PPARA;PPARG;PTGS1;PTGS2;RB1;RELA;SLC6A4;STAT1;STAT3;TNF;TP53;VCAM1,PLAU;PTGS1;PTGS2,"Disease targets for Ulcerative Colitis; exact medicinal-material matches from TCMSP, HERB 2.0, and ETCM 2.0; provisional because database screening definitions are heterogeneous and safety/pair evidence remain incomplete",51,
鱼腥草,茯苓,59,2,59,2,57,0,False,69.9715,4,4,88.0,60.0,0.0,63.3886,472,0,0,ABCG2;AHR;AKT1;ALOX5;BAX;BCL2;BIRC5;CASP3;CASP8;CCL2;CCND1;CD40LG;CDKN1A;CHEK2;CHUK;CXCL10;CXCL8;CYP1A2;CYP3A4;DUOX2;EGFR;ERBB2;GSTM1;GSTP1;HIF1A;HMOX1;ICAM1;IFNG;IGF2;IKBKB;IL10;IL1A;IL1B;IL2;IL6;MAPK1;MMP1;MMP2;MMP3;MMP9;MPO;MYC;NFE2L2;NFKBIA;NOS2;NOS3;NR1I2;ODC1;PLAU;PPARA;PPARG;PTGS1;PTGS2;RB1;RELA;STAT1;TNF;TP53;VCAM1,PTGS1;PTGS2,"Disease targets for Ulcerative Colitis; exact medicinal-material matches from TCMSP, HERB 2.0, and ETCM 2.0; provisional because database screening definitions are heterogeneous and safety/pair evidence remain incomplete",52,
陈皮,大枣,18,61,64,15,3,46,True,64.6073,5,4,95.0,60.0,0.0,63.3429,511,30,0.8462,ABCG2;ADIPOQ;AHR;AKT1;ALOX5;BAX;BCL2;BIRC5;CASP3;CASP8;CAT;CCL2;CCND1;CD40LG;CDKN1A;CHEK2;CHUK;CXCL10;CXCL8;CYP1A2;CYP3A4;DUOX2;EGFR;ERBB2;GSTM1;GSTP1;HIF1A;HMOX1;ICAM1;IFNG;IGF2;IL10;IL1A;IL1B;IL2;IL6;KDR;MAPK1;MAPK3;MMP1;MMP2;MMP3;MMP9;MPO;MYC;NFE2L2;NFKBIA;NOS2;NOS3;NR1I2;ODC1;PLAU;PPARA;PPARG;PTGS1;PTGS2;RB1;RELA;SLC6A4;STAT1;TIMP1;TNF;TP53;VCAM1,AKT1;BAX;BCL2;CASP3;CAT;GSTP1;MAPK1;MMP9;NOS2;PPARA;PPARG;PTGS1;PTGS2;RELA;TP53,"Disease targets for Ulcerative Colitis; exact medicinal-material matches from TCMSP, HERB 2.0, and ETCM 2.0; provisional because database screening definitions are heterogeneous and safety/pair evidence remain incomplete",53,34
鱼腥草,陈皮,59,18,63,14,45,4,True,64.5624,5,4,95.0,60.0,0.0,63.325,513,30,0.8462,ABCG2;ADIPOQ;AHR;AKT1;ALOX5;BAX;BCL2;BIRC5;CASP3;CASP8;CAT;CCL2;CCND1;CD40LG;CDKN1A;CHEK2;CHUK;CXCL10;CXCL8;CYP1A2;CYP3A4;DUOX2;EGFR;ERBB2;GSTM1;GSTP1;HIF1A;HMOX1;ICAM1;IFNG;IGF2;IKBKB;IL10;IL1A;IL1B;IL2;IL6;MAPK1;MAPK3;MMP1;MMP2;MMP3;MMP9;MPO;MYC;NFE2L2;NFKBIA;NOS2;NOS3;NR1I2;ODC1;PLAU;PPARA;PPARG;PTGS1;PTGS2;RB1;RELA;STAT1;TIMP1;TNF;TP53;VCAM1,AKT1;BAX;BCL2;CASP3;GSTP1;MAPK1;MMP9;NOS2;PPARA;PPARG;PTGS1;PTGS2;RELA;TP53,"Disease targets for Ulcerative Colitis; exact medicinal-material matches from TCMSP, HERB 2.0, and ETCM 2.0; provisional because database screening definitions are heterogeneous and safety/pair evidence remain incomplete",54,35
白扁豆,甘草,11,67,67,11,0,56,False,69.0081,4,4,88.0,60.0,0.0,63.0032,574,0,0,ABCG2;ADIPOQ;AHR;AKT1;ALOX5;BAX;BCL2;BIRC5;CASP3;CASP8;CAT;CCL2;CCND1;CD40LG;CDK4;CDKN1A;CHEK2;CHUK;CXCL10;CXCL8;CYP1A2;CYP3A4;DUOX2;EGFR;ERBB2;GSTM1;GSTP1;HIF1A;HMOX1;ICAM1;IFNG;IGF2;IKBKB;IL10;IL1A;IL1B;IL2;IL4;IL6;KDR;MAPK1;MAPK3;MMP1;MMP2;MMP3;MMP9;MPO;MYC;NFE2L2;NFKBIA;NOS2;NOS3;NR1I2;ODC1;PLAU;PPARA;PPARG;PTGS1;PTGS2;RB1;RELA;SLC6A4;STAT1;STAT3;TNF;TP53;VCAM1,AKT1;BCL2;CASP3;CASP8;CYP1A2;CYP3A4;HMOX1;MMP1;MMP2;MYC;PTGS2,"Disease targets for Ulcerative Colitis; exact medicinal-material matches from TCMSP, HERB 2.0, and ETCM 2.0; provisional because database screening definitions are heterogeneous and safety/pair evidence remain incomplete",55,
芡实,甘草,11,67,67,11,0,56,False,69.0081,4,4,88.0,60.0,0.0,63.0032,574,0,0,ABCG2;ADIPOQ;AHR;AKT1;ALOX5;BAX;BCL2;BIRC5;CASP3;CASP8;CAT;CCL2;CCND1;CD40LG;CDK4;CDKN1A;CHEK2;CHUK;CXCL10;CXCL8;CYP1A2;CYP3A4;DUOX2;EGFR;ERBB2;GSTM1;GSTP1;HIF1A;HMOX1;ICAM1;IFNG;IGF2;IKBKB;IL10;IL1A;IL1B;IL2;IL4;IL6;KDR;MAPK1;MAPK3;MMP1;MMP2;MMP3;MMP9;MPO;MYC;NFE2L2;NFKBIA;NOS2;NOS3;NR1I2;ODC1;PLAU;PPARA;PPARG;PTGS1;PTGS2;RB1;RELA;SLC6A4;STAT1;STAT3;TNF;TP53;VCAM1,AKT1;BCL2;CASP3;CASP8;CYP1A2;CYP3A4;HMOX1;MMP1;MMP2;MYC;PTGS2,"Disease targets for Ulcerative Colitis; exact medicinal-material matches from TCMSP, HERB 2.0, and ETCM 2.0; provisional because database screening definitions are heterogeneous and safety/pair evidence remain incomplete",56,
金银花,薏苡仁,63,3,63,3,60,0,False,71.5466,4,4,83.0,60.0,0.0,62.5186,506,0,0,ABCG2;AHR;AKT1;ALOX5;BAX;BCL2;BIRC5;CASP3;CASP8;CCL2;CCND1;CD40LG;CDK4;CDKN1A;CHEK2;CHUK;CXCL10;CXCL8;CYP1A2;CYP3A4;DUOX2;EGFR;ERBB2;GSTM1;GSTP1;HIF1A;HMOX1;ICAM1;IFNG;IGF2;IKBKB;IL10;IL1A;IL1B;IL2;IL4;IL6;MAPK1;MET;MMP1;MMP2;MMP3;MMP9;MPO;MYC;NFE2L2;NFKBIA;NOS2;NOS3;NR1I2;ODC1;PLAU;PPARA;PPARG;PTGS1;PTGS2;RB1;RELA;SLC6A4;STAT1;TNF;TP53;VCAM1,PLAU;PTGS1;PTGS2,"Disease targets for Ulcerative Colitis; exact medicinal-material matches from TCMSP, HERB 2.0, and ETCM 2.0; provisional because database screening definitions are heterogeneous and safety/pair evidence remain incomplete",57,
马齿苋,薏苡仁,63,3,63,3,60,0,False,71.5466,4,4,83.0,60.0,0.0,62.5186,506,0,0,ABCG2;AHR;AKT1;ALOX5;BAX;BCL2;BIRC5;CASP3;CASP8;CCL2;CCND1;CD40LG;CDK4;CDKN1A;CHEK2;CHUK;CXCL10;CXCL8;CYP1A2;CYP3A4;DUOX2;EGFR;ERBB2;GSTM1;GSTP1;HIF1A;HMOX1;ICAM1;IFNG;IGF2;IKBKB;IL10;IL1A;IL1B;IL2;IL4;IL6;MAPK1;MET;MMP1;MMP2;MMP3;MMP9;MPO;MYC;NFE2L2;NFKBIA;NOS2;NOS3;NR1I2;ODC1;PLAU;PPARA;PPARG;PTGS1;PTGS2;RB1;RELA;SLC6A4;STAT1;TNF;TP53;VCAM1,PLAU;PTGS1;PTGS2,"Disease targets for Ulcerative Colitis; exact medicinal-material matches from TCMSP, HERB 2.0, and ETCM 2.0; provisional because database screening definitions are heterogeneous and safety/pair evidence remain incomplete",58,
生姜,甘草,8,67,67,8,0,59,False,70.7991,4,4,83.0,60.0,0.0,62.2196,574,0,0,ABCG2;ADIPOQ;AHR;AKT1;ALOX5;BAX;BCL2;BIRC5;CASP3;CASP8;CAT;CCL2;CCND1;CD40LG;CDK4;CDKN1A;CHEK2;CHUK;CXCL10;CXCL8;CYP1A2;CYP3A4;DUOX2;EGFR;ERBB2;GSTM1;GSTP1;HIF1A;HMOX1;ICAM1;IFNG;IGF2;IKBKB;IL10;IL1A;IL1B;IL2;IL4;IL6;KDR;MAPK1;MAPK3;MMP1;MMP2;MMP3;MMP9;MPO;MYC;NFE2L2;NFKBIA;NOS2;NOS3;NR1I2;ODC1;PLAU;PPARA;PPARG;PTGS1;PTGS2;RB1;RELA;SLC6A4;STAT1;STAT3;TNF;TP53;VCAM1,BAX;BCL2;CASP3;CASP8;PLAU;PTGS1;PTGS2;SLC6A4,"Disease targets for Ulcerative Colitis; exact medicinal-material matches from TCMSP, HERB 2.0, and ETCM 2.0; provisional because database screening definitions are heterogeneous and safety/pair evidence remain incomplete",59,
砂仁,甘草,8,67,67,8,0,59,False,70.7991,4,4,83.0,60.0,0.0,62.2196,574,0,0,ABCG2;ADIPOQ;AHR;AKT1;ALOX5;BAX;BCL2;BIRC5;CASP3;CASP8;CAT;CCL2;CCND1;CD40LG;CDK4;CDKN1A;CHEK2;CHUK;CXCL10;CXCL8;CYP1A2;CYP3A4;DUOX2;EGFR;ERBB2;GSTM1;GSTP1;HIF1A;HMOX1;ICAM1;IFNG;IGF2;IKBKB;IL10;IL1A;IL1B;IL2;IL4;IL6;KDR;MAPK1;MAPK3;MMP1;MMP2;MMP3;MMP9;MPO;MYC;NFE2L2;NFKBIA;NOS2;NOS3;NR1I2;ODC1;PLAU;PPARA;PPARG;PTGS1;PTGS2;RB1;RELA;SLC6A4;STAT1;STAT3;TNF;TP53;VCAM1,BAX;BCL2;CASP3;CASP8;PLAU;PTGS1;PTGS2;SLC6A4,"Disease targets for Ulcerative Colitis; exact medicinal-material matches from TCMSP, HERB 2.0, and ETCM 2.0; provisional because database screening definitions are heterogeneous and safety/pair evidence remain incomplete",60,
薏苡仁,乌梅,3,61,61,3,0,58,False,70.4222,4,4,83.0,60.0,0.0,62.0689,480,0,0,ABCG2;AHR;AKT1;ALOX5;BAX;BCL2;BIRC5;CASP3;CASP8;CCL2;CCND1;CD40LG;CDKN1A;CHEK2;CHUK;CXCL10;CXCL8;CYP1A2;CYP3A4;DUOX2;EGFR;ERBB2;GSTM1;GSTP1;HIF1A;HMOX1;ICAM1;IFNG;IGF2;IKBKB;IL10;IL1A;IL1B;IL2;IL6;MAPK1;MMP1;MMP2;MMP3;MMP9;MPO;MYC;NFE2L2;NFKBIA;NOS2;NOS3;NR1I2;NR3C1;ODC1;PLAU;PPARA;PPARG;PTGS1;PTGS2;RB1;RELA;SLC6A4;STAT1;TNF;TP53;VCAM1,PLAU;PTGS1;PTGS2,"Disease targets for Ulcerative Colitis; exact medicinal-material matches from TCMSP, HERB 2.0, and ETCM 2.0; provisional because database screening definitions are heterogeneous and safety/pair evidence remain incomplete",61,
薏苡仁,大枣,3,61,61,3,0,58,False,70.4222,4,4,83.0,60.0,0.0,62.0689,470,0,0,ABCG2;AHR;AKT1;ALOX5;BAX;BCL2;BIRC5;CASP3;CASP8;CAT;CCL2;CCND1;CD40LG;CDKN1A;CHEK2;CHUK;CXCL10;CXCL8;CYP1A2;CYP3A4;DUOX2;EGFR;ERBB2;GSTM1;GSTP1;HIF1A;HMOX1;ICAM1;IFNG;IGF2;IL10;IL1A;IL1B;IL2;IL6;KDR;MAPK1;MMP1;MMP2;MMP3;MMP9;MPO;MYC;NFE2L2;NFKBIA;NOS2;NOS3;NR1I2;ODC1;PLAU;PPARA;PPARG;PTGS1;PTGS2;RB1;RELA;SLC6A4;STAT1;TNF;TP53;VCAM1,PLAU;PTGS1;PTGS2,"Disease targets for Ulcerative Colitis; exact medicinal-material matches from TCMSP, HERB 2.0, and ETCM 2.0; provisional because database screening definitions are heterogeneous and safety/pair evidence remain incomplete",62,
金银花,白扁豆,63,11,63,11,52,0,False,66.4672,4,4,88.0,60.0,0.0,61.9869,506,0,0,ABCG2;AHR;AKT1;ALOX5;BAX;BCL2;BIRC5;CASP3;CASP8;CCL2;CCND1;CD40LG;CDK4;CDKN1A;CHEK2;CHUK;CXCL10;CXCL8;CYP1A2;CYP3A4;DUOX2;EGFR;ERBB2;GSTM1;GSTP1;HIF1A;HMOX1;ICAM1;IFNG;IGF2;IKBKB;IL10;IL1A;IL1B;IL2;IL4;IL6;MAPK1;MET;MMP1;MMP2;MMP3;MMP9;MPO;MYC;NFE2L2;NFKBIA;NOS2;NOS3;NR1I2;ODC1;PLAU;PPARA;PPARG;PTGS1;PTGS2;RB1;RELA;SLC6A4;STAT1;TNF;TP53;VCAM1,AKT1;BCL2;CASP3;CASP8;CYP1A2;CYP3A4;HMOX1;MMP1;MMP2;MYC;PTGS2,"Disease targets for Ulcerative Colitis; exact medicinal-material matches from TCMSP, HERB 2.0, and ETCM 2.0; provisional because database screening definitions are heterogeneous and safety/pair evidence remain incomplete",63,
金银花,芡实,63,11,63,11,52,0,False,66.4672,4,4,88.0,60.0,0.0,61.9869,506,0,0,ABCG2;AHR;AKT1;ALOX5;BAX;BCL2;BIRC5;CASP3;CASP8;CCL2;CCND1;CD40LG;CDK4;CDKN1A;CHEK2;CHUK;CXCL10;CXCL8;CYP1A2;CYP3A4;DUOX2;EGFR;ERBB2;GSTM1;GSTP1;HIF1A;HMOX1;ICAM1;IFNG;IGF2;IKBKB;IL10;IL1A;IL1B;IL2;IL4;IL6;MAPK1;MET;MMP1;MMP2;MMP3;MMP9;MPO;MYC;NFE2L2;NFKBIA;NOS2;NOS3;NR1I2;ODC1;PLAU;PPARA;PPARG;PTGS1;PTGS2;RB1;RELA;SLC6A4;STAT1;TNF;TP53;VCAM1,AKT1;BCL2;CASP3;CASP8;CYP1A2;CYP3A4;HMOX1;MMP1;MMP2;MYC;PTGS2,"Disease targets for Ulcerative Colitis; exact medicinal-material matches from TCMSP, HERB 2.0, and ETCM 2.0; provisional because database screening definitions are heterogeneous and safety/pair evidence remain incomplete",64,
马齿苋,白扁豆,63,11,63,11,52,0,False,66.4672,4,4,88.0,60.0,0.0,61.9869,506,0,0,ABCG2;AHR;AKT1;ALOX5;BAX;BCL2;BIRC5;CASP3;CASP8;CCL2;CCND1;CD40LG;CDK4;CDKN1A;CHEK2;CHUK;CXCL10;CXCL8;CYP1A2;CYP3A4;DUOX2;EGFR;ERBB2;GSTM1;GSTP1;HIF1A;HMOX1;ICAM1;IFNG;IGF2;IKBKB;IL10;IL1A;IL1B;IL2;IL4;IL6;MAPK1;MET;MMP1;MMP2;MMP3;MMP9;MPO;MYC;NFE2L2;NFKBIA;NOS2;NOS3;NR1I2;ODC1;PLAU;PPARA;PPARG;PTGS1;PTGS2;RB1;RELA;SLC6A4;STAT1;TNF;TP53;VCAM1,AKT1;BCL2;CASP3;CASP8;CYP1A2;CYP3A4;HMOX1;MMP1;MMP2;MYC;PTGS2,"Disease targets for Ulcerative Colitis; exact medicinal-material matches from TCMSP, HERB 2.0, and ETCM 2.0; provisional because database screening definitions are heterogeneous and safety/pair evidence remain incomplete",65,
马齿苋,芡实,63,11,63,11,52,0,False,66.4672,4,4,88.0,60.0,0.0,61.9869,506,0,0,ABCG2;AHR;AKT1;ALOX5;BAX;BCL2;BIRC5;CASP3;CASP8;CCL2;CCND1;CD40LG;CDK4;CDKN1A;CHEK2;CHUK;CXCL10;CXCL8;CYP1A2;CYP3A4;DUOX2;EGFR;ERBB2;GSTM1;GSTP1;HIF1A;HMOX1;ICAM1;IFNG;IGF2;IKBKB;IL10;IL1A;IL1B;IL2;IL4;IL6;MAPK1;MET;MMP1;MMP2;MMP3;MMP9;MPO;MYC;NFE2L2;NFKBIA;NOS2;NOS3;NR1I2;ODC1;PLAU;PPARA;PPARG;PTGS1;PTGS2;RB1;RELA;SLC6A4;STAT1;TNF;TP53;VCAM1,AKT1;BCL2;CASP3;CASP8;CYP1A2;CYP3A4;HMOX1;MMP1;MMP2;MYC;PTGS2,"Disease targets for Ulcerative Colitis; exact medicinal-material matches from TCMSP, HERB 2.0, and ETCM 2.0; provisional because database screening definitions are heterogeneous and safety/pair evidence remain incomplete",66,
栀子,薏苡仁,60,3,60,3,57,0,False,69.8584,4,4,83.0,60.0,0.0,61.8434,472,0,0,ABCG2;AHR;AKT1;ALOX5;BAX;BCL2;BIRC5;CASP3;CASP8;CCL2;CCND1;CD40LG;CDKN1A;CHEK2;CHUK;CXCL10;CXCL8;CYP1A2;CYP3A4;DUOX2;EGFR;ERBB2;GSTM1;GSTP1;HIF1A;HMOX1;ICAM1;IFNG;IGF2;IKBKB;IL10;IL1A;IL1B;IL2;IL6;MAPK1;MMP1;MMP2;MMP3;MMP9;MPO;MYC;NFE2L2;NFKBIA;NOS2;NOS3;NR1I2;ODC1;PLAU;PPARA;PPARG;PTGS1;PTGS2;RB1;RELA;SLC6A4;STAT1;TNF;TP53;VCAM1,PLAU;PTGS1;PTGS2,"Disease targets for Ulcerative Colitis; exact medicinal-material matches from TCMSP, HERB 2.0, and ETCM 2.0; provisional because database screening definitions are heterogeneous and safety/pair evidence remain incomplete",67,
鱼腥草,薏苡仁,59,3,59,3,56,0,False,69.2935,4,4,83.0,60.0,0.0,61.6174,472,0,0,ABCG2;AHR;AKT1;ALOX5;BAX;BCL2;BIRC5;CASP3;CASP8;CCL2;CCND1;CD40LG;CDKN1A;CHEK2;CHUK;CXCL10;CXCL8;CYP1A2;CYP3A4;DUOX2;EGFR;ERBB2;GSTM1;GSTP1;HIF1A;HMOX1;ICAM1;IFNG;IGF2;IKBKB;IL10;IL1A;IL1B;IL2;IL6;MAPK1;MMP1;MMP2;MMP3;MMP9;MPO;MYC;NFE2L2;NFKBIA;NOS2;NOS3;NR1I2;ODC1;PLAU;PPARA;PPARG;PTGS1;PTGS2;RB1;RELA;STAT1;TNF;TP53;VCAM1,PLAU;PTGS1;PTGS2,"Disease targets for Ulcerative Colitis; exact medicinal-material matches from TCMSP, HERB 2.0, and ETCM 2.0; provisional because database screening definitions are heterogeneous and safety/pair evidence remain incomplete",68,
白扁豆,乌梅,11,61,61,11,0,50,False,65.1763,4,4,88.0,60.0,0.0,61.4705,480,0,0,ABCG2;AHR;AKT1;ALOX5;BAX;BCL2;BIRC5;CASP3;CASP8;CCL2;CCND1;CD40LG;CDKN1A;CHEK2;CHUK;CXCL10;CXCL8;CYP1A2;CYP3A4;DUOX2;EGFR;ERBB2;GSTM1;GSTP1;HIF1A;HMOX1;ICAM1;IFNG;IGF2;IKBKB;IL10;IL1A;IL1B;IL2;IL6;MAPK1;MMP1;MMP2;MMP3;MMP9;MPO;MYC;NFE2L2;NFKBIA;NOS2;NOS3;NR1I2;NR3C1;ODC1;PLAU;PPARA;PPARG;PTGS1;PTGS2;RB1;RELA;SLC6A4;STAT1;TNF;TP53;VCAM1,AKT1;BCL2;CASP3;CASP8;CYP1A2;CYP3A4;HMOX1;MMP1;MMP2;MYC;PTGS2,"Disease targets for Ulcerative Colitis; exact medicinal-material matches from TCMSP, HERB 2.0, and ETCM 2.0; provisional because database screening definitions are heterogeneous and safety/pair evidence remain incomplete",69,
白扁豆,大枣,11,61,61,11,0,50,False,65.1763,4,4,88.0,60.0,0.0,61.4705,470,0,0,ABCG2;AHR;AKT1;ALOX5;BAX;BCL2;BIRC5;CASP3;CASP8;CAT;CCL2;CCND1;CD40LG;CDKN1A;CHEK2;CHUK;CXCL10;CXCL8;CYP1A2;CYP3A4;DUOX2;EGFR;ERBB2;GSTM1;GSTP1;HIF1A;HMOX1;ICAM1;IFNG;IGF2;IL10;IL1A;IL1B;IL2;IL6;KDR;MAPK1;MMP1;MMP2;MMP3;MMP9;MPO;MYC;NFE2L2;NFKBIA;NOS2;NOS3;NR1I2;ODC1;PLAU;PPARA;PPARG;PTGS1;PTGS2;RB1;RELA;SLC6A4;STAT1;TNF;TP53;VCAM1,AKT1;BCL2;CASP3;CASP8;CYP1A2;CYP3A4;HMOX1;MMP1;MMP2;MYC;PTGS2,"Disease targets for Ulcerative Colitis; exact medicinal-material matches from TCMSP, HERB 2.0, and ETCM 2.0; provisional because database screening definitions are heterogeneous and safety/pair evidence remain incomplete",70,
芡实,乌梅,11,61,61,11,0,50,False,65.1763,4,4,88.0,60.0,0.0,61.4705,480,0,0,ABCG2;AHR;AKT1;ALOX5;BAX;BCL2;BIRC5;CASP3;CASP8;CCL2;CCND1;CD40LG;CDKN1A;CHEK2;CHUK;CXCL10;CXCL8;CYP1A2;CYP3A4;DUOX2;EGFR;ERBB2;GSTM1;GSTP1;HIF1A;HMOX1;ICAM1;IFNG;IGF2;IKBKB;IL10;IL1A;IL1B;IL2;IL6;MAPK1;MMP1;MMP2;MMP3;MMP9;MPO;MYC;NFE2L2;NFKBIA;NOS2;NOS3;NR1I2;NR3C1;ODC1;PLAU;PPARA;PPARG;PTGS1;PTGS2;RB1;RELA;SLC6A4;STAT1;TNF;TP53;VCAM1,AKT1;BCL2;CASP3;CASP8;CYP1A2;CYP3A4;HMOX1;MMP1;MMP2;MYC;PTGS2,"Disease targets for Ulcerative Colitis; exact medicinal-material matches from TCMSP, HERB 2.0, and ETCM 2.0; provisional because database screening definitions are heterogeneous and safety/pair evidence remain incomplete",71,
芡实,大枣,11,61,61,11,0,50,False,65.1763,4,4,88.0,60.0,0.0,61.4705,470,0,0,ABCG2;AHR;AKT1;ALOX5;BAX;BCL2;BIRC5;CASP3;CASP8;CAT;CCL2;CCND1;CD40LG;CDKN1A;CHEK2;CHUK;CXCL10;CXCL8;CYP1A2;CYP3A4;DUOX2;EGFR;ERBB2;GSTM1;GSTP1;HIF1A;HMOX1;ICAM1;IFNG;IGF2;IL10;IL1A;IL1B;IL2;IL6;KDR;MAPK1;MMP1;MMP2;MMP3;MMP9;MPO;MYC;NFE2L2;NFKBIA;NOS2;NOS3;NR1I2;ODC1;PLAU;PPARA;PPARG;PTGS1;PTGS2;RB1;RELA;SLC6A4;STAT1;TNF;TP53;VCAM1,AKT1;BCL2;CASP3;CASP8;CYP1A2;CYP3A4;HMOX1;MMP1;MMP2;MYC;PTGS2,"Disease targets for Ulcerative Colitis; exact medicinal-material matches from TCMSP, HERB 2.0, and ETCM 2.0; provisional because database screening definitions are heterogeneous and safety/pair evidence remain incomplete",72,
蒲公英,槐米,37,96,99,34,3,62,True,78.829,4,3,69.6667,60.0,0.0,61.4316,1011,3,0.839,ABCB1;AGER;AHR;AKT1;ALB;ALOX5;BAX;BCL2;BRCA1;CASP1;CASP3;CASP8;CAT;CCL11;CCL2;CCND1;CD274;CD44;CD86;CDH1;CDKN2A;CFTR;CHRNA7;CXCL8;CYP1A2;CYP2C19;CYP2C9;CYP2D6;CYP3A4;EGFR;FGFR2;GLS;GSTM1;GSTP1;HIF1A;HMOX1;HNF4A;HSD17B10;ICAM1;IFNG;IKBKB;IL10;IL13;IL17A;IL18;IL1A;IL1B;IL2;IL4;IL5;IL6;JAK2;JUN;KDR;KEAP1;LCN2;MAPK1;MAPK3;MIR21;MMP1;MMP2;MMP9;MYC;NFATC1;NFE2L2;NFKB1;NFKBIA;NLRP3;NOS2;NOS3;NR1I2;NR3C1;ODC1;PIK3CA;POLD1;PPARA;PPARG;PRKCQ;PTEN;PTGS1;PTGS2;RELA;RORC;SIRT1;SLC6A4;SOD2;SRC;STAT1;STAT3;TCF7L2;TERT;TGFB1;TJP1;TNF;TP53;TYK2;VCAM1;VEGFA;XIST,ALB;BAX;BCL2;CASP1;CASP3;CASP8;CCL2;CHRNA7;GLS;HNF4A;IL13;IL1B;IL4;IL5;IL6;JUN;MAPK1;MAPK3;MMP1;MYC;NFKB1;NFKBIA;NOS2;NR3C1;PPARG;PTGS1;PTGS2;RELA;RORC;SIRT1;SLC6A4;TGFB1;TNF;TP53,"Disease targets for Ulcerative Colitis; exact medicinal-material matches from TCMSP, HERB 2.0, and ETCM 2.0; provisional because database screening definitions are heterogeneous and safety/pair evidence remain incomplete",73,36
金银花,生姜,63,8,63,8,55,0,False,68.372,4,4,83.0,60.0,0.0,61.2488,506,0,0,ABCG2;AHR;AKT1;ALOX5;BAX;BCL2;BIRC5;CASP3;CASP8;CCL2;CCND1;CD40LG;CDK4;CDKN1A;CHEK2;CHUK;CXCL10;CXCL8;CYP1A2;CYP3A4;DUOX2;EGFR;ERBB2;GSTM1;GSTP1;HIF1A;HMOX1;ICAM1;IFNG;IGF2;IKBKB;IL10;IL1A;IL1B;IL2;IL4;IL6;MAPK1;MET;MMP1;MMP2;MMP3;MMP9;MPO;MYC;NFE2L2;NFKBIA;NOS2;NOS3;NR1I2;ODC1;PLAU;PPARA;PPARG;PTGS1;PTGS2;RB1;RELA;SLC6A4;STAT1;TNF;TP53;VCAM1,BAX;BCL2;CASP3;CASP8;PLAU;PTGS1;PTGS2;SLC6A4,"Disease targets for Ulcerative Colitis; exact medicinal-material matches from TCMSP, HERB 2.0, and ETCM 2.0; provisional because database screening definitions are heterogeneous and safety/pair evidence remain incomplete",74,
金银花,砂仁,63,8,63,8,55,0,False,68.372,4,4,83.0,60.0,0.0,61.2488,506,0,0,ABCG2;AHR;AKT1;ALOX5;BAX;BCL2;BIRC5;CASP3;CASP8;CCL2;CCND1;CD40LG;CDK4;CDKN1A;CHEK2;CHUK;CXCL10;CXCL8;CYP1A2;CYP3A4;DUOX2;EGFR;ERBB2;GSTM1;GSTP1;HIF1A;HMOX1;ICAM1;IFNG;IGF2;IKBKB;IL10;IL1A;IL1B;IL2;IL4;IL6;MAPK1;MET;MMP1;MMP2;MMP3;MMP9;MPO;MYC;NFE2L2;NFKBIA;NOS2;NOS3;NR1I2;ODC1;PLAU;PPARA;PPARG;PTGS1;PTGS2;RB1;RELA;SLC6A4;STAT1;TNF;TP53;VCAM1,BAX;BCL2;CASP3;CASP8;PLAU;PTGS1;PTGS2;SLC6A4,"Disease targets for Ulcerative Colitis; exact medicinal-material matches from TCMSP, HERB 2.0, and ETCM 2.0; provisional because database screening definitions are heterogeneous and safety/pair evidence remain incomplete",75,
马齿苋,生姜,63,8,63,8,55,0,False,68.372,4,4,83.0,60.0,0.0,61.2488,506,0,0,ABCG2;AHR;AKT1;ALOX5;BAX;BCL2;BIRC5;CASP3;CASP8;CCL2;CCND1;CD40LG;CDK4;CDKN1A;CHEK2;CHUK;CXCL10;CXCL8;CYP1A2;CYP3A4;DUOX2;EGFR;ERBB2;GSTM1;GSTP1;HIF1A;HMOX1;ICAM1;IFNG;IGF2;IKBKB;IL10;IL1A;IL1B;IL2;IL4;IL6;MAPK1;MET;MMP1;MMP2;MMP3;MMP9;MPO;MYC;NFE2L2;NFKBIA;NOS2;NOS3;NR1I2;ODC1;PLAU;PPARA;PPARG;PTGS1;PTGS2;RB1;RELA;SLC6A4;STAT1;TNF;TP53;VCAM1,BAX;BCL2;CASP3;CASP8;PLAU;PTGS1;PTGS2;SLC6A4,"Disease targets for Ulcerative Colitis; exact medicinal-material matches from TCMSP, HERB 2.0, and ETCM 2.0; provisional because database screening definitions are heterogeneous and safety/pair evidence remain incomplete",76,
马齿苋,砂仁,63,8,63,8,55,0,False,68.372,4,4,83.0,60.0,0.0,61.2488,506,0,0,ABCG2;AHR;AKT1;ALOX5;BAX;BCL2;BIRC5;CASP3;CASP8;CCL2;CCND1;CD40LG;CDK4;CDKN1A;CHEK2;CHUK;CXCL10;CXCL8;CYP1A2;CYP3A4;DUOX2;EGFR;ERBB2;GSTM1;GSTP1;HIF1A;HMOX1;ICAM1;IFNG;IGF2;IKBKB;IL10;IL1A;IL1B;IL2;IL4;IL6;MAPK1;MET;MMP1;MMP2;MMP3;MMP9;MPO;MYC;NFE2L2;NFKBIA;NOS2;NOS3;NR1I2;ODC1;PLAU;PPARA;PPARG;PTGS1;PTGS2;RB1;RELA;SLC6A4;STAT1;TNF;TP53;VCAM1,BAX;BCL2;CASP3;CASP8;PLAU;PTGS1;PTGS2;SLC6A4,"Disease targets for Ulcerative Colitis; exact medicinal-material matches from TCMSP, HERB 2.0, and ETCM 2.0; provisional because database screening definitions are heterogeneous and safety/pair evidence remain incomplete",77,
栀子,白扁豆,60,11,60,11,49,0,False,64.5251,4,4,88.0,60.0,0.0,61.21,472,0,0,ABCG2;AHR;AKT1;ALOX5;BAX;BCL2;BIRC5;CASP3;CASP8;CCL2;CCND1;CD40LG;CDKN1A;CHEK2;CHUK;CXCL10;CXCL8;CYP1A2;CYP3A4;DUOX2;EGFR;ERBB2;GSTM1;GSTP1;HIF1A;HMOX1;ICAM1;IFNG;IGF2;IKBKB;IL10;IL1A;IL1B;IL2;IL6;MAPK1;MMP1;MMP2;MMP3;MMP9;MPO;MYC;NFE2L2;NFKBIA;NOS2;NOS3;NR1I2;ODC1;PLAU;PPARA;PPARG;PTGS1;PTGS2;RB1;RELA;SLC6A4;STAT1;TNF;TP53;VCAM1,AKT1;BCL2;CASP3;CASP8;CYP1A2;CYP3A4;HMOX1;MMP1;MMP2;MYC;PTGS2,"Disease targets for Ulcerative Colitis; exact medicinal-material matches from TCMSP, HERB 2.0, and ETCM 2.0; provisional because database screening definitions are heterogeneous and safety/pair evidence remain incomplete",78,
栀子,芡实,60,11,60,11,49,0,False,64.5251,4,4,88.0,60.0,0.0,61.21,472,0,0,ABCG2;AHR;AKT1;ALOX5;BAX;BCL2;BIRC5;CASP3;CASP8;CCL2;CCND1;CD40LG;CDKN1A;CHEK2;CHUK;CXCL10;CXCL8;CYP1A2;CYP3A4;DUOX2;EGFR;ERBB2;GSTM1;GSTP1;HIF1A;HMOX1;ICAM1;IFNG;IGF2;IKBKB;IL10;IL1A;IL1B;IL2;IL6;MAPK1;MMP1;MMP2;MMP3;MMP9;MPO;MYC;NFE2L2;NFKBIA;NOS2;NOS3;NR1I2;ODC1;PLAU;PPARA;PPARG;PTGS1;PTGS2;RB1;RELA;SLC6A4;STAT1;TNF;TP53;VCAM1,AKT1;BCL2;CASP3;CASP8;CYP1A2;CYP3A4;HMOX1;MMP1;MMP2;MYC;PTGS2,"Disease targets for Ulcerative Colitis; exact medicinal-material matches from TCMSP, HERB 2.0, and ETCM 2.0; provisional because database screening definitions are heterogeneous and safety/pair evidence remain incomplete",79,
鱼腥草,白扁豆,59,11,59,11,48,0,False,63.8698,4,4,88.0,60.0,0.0,60.9479,472,0,0,ABCG2;AHR;AKT1;ALOX5;BAX;BCL2;BIRC5;CASP3;CASP8;CCL2;CCND1;CD40LG;CDKN1A;CHEK2;CHUK;CXCL10;CXCL8;CYP1A2;CYP3A4;DUOX2;EGFR;ERBB2;GSTM1;GSTP1;HIF1A;HMOX1;ICAM1;IFNG;IGF2;IKBKB;IL10;IL1A;IL1B;IL2;IL6;MAPK1;MMP1;MMP2;MMP3;MMP9;MPO;MYC;NFE2L2;NFKBIA;NOS2;NOS3;NR1I2;ODC1;PLAU;PPARA;PPARG;PTGS1;PTGS2;RB1;RELA;STAT1;TNF;TP53;VCAM1,AKT1;BCL2;CASP3;CASP8;CYP1A2;CYP3A4;HMOX1;MMP1;MMP2;MYC;PTGS2,"Disease targets for Ulcerative Colitis; exact medicinal-material matches from TCMSP, HERB 2.0, and ETCM 2.0; provisional because database screening definitions are heterogeneous and safety/pair evidence remain incomplete",80,
鱼腥草,芡实,59,11,59,11,48,0,False,63.8698,4,4,88.0,60.0,0.0,60.9479,472,0,0,ABCG2;AHR;AKT1;ALOX5;BAX;BCL2;BIRC5;CASP3;CASP8;CCL2;CCND1;CD40LG;CDKN1A;CHEK2;CHUK;CXCL10;CXCL8;CYP1A2;CYP3A4;DUOX2;EGFR;ERBB2;GSTM1;GSTP1;HIF1A;HMOX1;ICAM1;IFNG;IGF2;IKBKB;IL10;IL1A;IL1B;IL2;IL6;MAPK1;MMP1;MMP2;MMP3;MMP9;MPO;MYC;NFE2L2;NFKBIA;NOS2;NOS3;NR1I2;ODC1;PLAU;PPARA;PPARG;PTGS1;PTGS2;RB1;RELA;STAT1;TNF;TP53;VCAM1,AKT1;BCL2;CASP3;CASP8;CYP1A2;CYP3A4;HMOX1;MMP1;MMP2;MYC;PTGS2,"Disease targets for Ulcerative Colitis; exact medicinal-material matches from TCMSP, HERB 2.0, and ETCM 2.0; provisional because database screening definitions are heterogeneous and safety/pair evidence remain incomplete",81,
鱼腥草,生姜,59,8,60,7,52,1,True,67.1917,4,4,83.0,60.0,0.0,60.7767,472,0,0,ABCG2;AHR;AKT1;ALOX5;BAX;BCL2;BIRC5;CASP3;CASP8;CCL2;CCND1;CD40LG;CDKN1A;CHEK2;CHUK;CXCL10;CXCL8;CYP1A2;CYP3A4;DUOX2;EGFR;ERBB2;GSTM1;GSTP1;HIF1A;HMOX1;ICAM1;IFNG;IGF2;IKBKB;IL10;IL1A;IL1B;IL2;IL6;MAPK1;MMP1;MMP2;MMP3;MMP9;MPO;MYC;NFE2L2;NFKBIA;NOS2;NOS3;NR1I2;ODC1;PLAU;PPARA;PPARG;PTGS1;PTGS2;RB1;RELA;SLC6A4;STAT1;TNF;TP53;VCAM1,BAX;BCL2;CASP3;CASP8;PLAU;PTGS1;PTGS2,"Disease targets for Ulcerative Colitis; exact medicinal-material matches from TCMSP, HERB 2.0, and ETCM 2.0; provisional because database screening definitions are heterogeneous and safety/pair evidence remain incomplete",82,37
鱼腥草,砂仁,59,8,60,7,52,1,True,67.1917,4,4,83.0,60.0,0.0,60.7767,472,0,0,ABCG2;AHR;AKT1;ALOX5;BAX;BCL2;BIRC5;CASP3;CASP8;CCL2;CCND1;CD40LG;CDKN1A;CHEK2;CHUK;CXCL10;CXCL8;CYP1A2;CYP3A4;DUOX2;EGFR;ERBB2;GSTM1;GSTP1;HIF1A;HMOX1;ICAM1;IFNG;IGF2;IKBKB;IL10;IL1A;IL1B;IL2;IL6;MAPK1;MMP1;MMP2;MMP3;MMP9;MPO;MYC;NFE2L2;NFKBIA;NOS2;NOS3;NR1I2;ODC1;PLAU;PPARA;PPARG;PTGS1;PTGS2;RB1;RELA;SLC6A4;STAT1;TNF;TP53;VCAM1,BAX;BCL2;CASP3;CASP8;PLAU;PTGS1;PTGS2,"Disease targets for Ulcerative Colitis; exact medicinal-material matches from TCMSP, HERB 2.0, and ETCM 2.0; provisional because database screening definitions are heterogeneous and safety/pair evidence remain incomplete",83,38
乌梅,生姜,61,8,61,8,53,0,False,67.1435,4,4,83.0,60.0,0.0,60.7574,480,0,0,ABCG2;AHR;AKT1;ALOX5;BAX;BCL2;BIRC5;CASP3;CASP8;CCL2;CCND1;CD40LG;CDKN1A;CHEK2;CHUK;CXCL10;CXCL8;CYP1A2;CYP3A4;DUOX2;EGFR;ERBB2;GSTM1;GSTP1;HIF1A;HMOX1;ICAM1;IFNG;IGF2;IKBKB;IL10;IL1A;IL1B;IL2;IL6;MAPK1;MMP1;MMP2;MMP3;MMP9;MPO;MYC;NFE2L2;NFKBIA;NOS2;NOS3;NR1I2;NR3C1;ODC1;PLAU;PPARA;PPARG;PTGS1;PTGS2;RB1;RELA;SLC6A4;STAT1;TNF;TP53;VCAM1,BAX;BCL2;CASP3;CASP8;PLAU;PTGS1;PTGS2;SLC6A4,"Disease targets for Ulcerative Colitis; exact medicinal-material matches from TCMSP, HERB 2.0, and ETCM 2.0; provisional because database screening definitions are heterogeneous and safety/pair evidence remain incomplete",84,
生姜,大枣,8,61,61,8,0,53,False,67.1435,4,4,83.0,60.0,0.0,60.7574,470,0,0,ABCG2;AHR;AKT1;ALOX5;BAX;BCL2;BIRC5;CASP3;CASP8;CAT;CCL2;CCND1;CD40LG;CDKN1A;CHEK2;CHUK;CXCL10;CXCL8;CYP1A2;CYP3A4;DUOX2;EGFR;ERBB2;GSTM1;GSTP1;HIF1A;HMOX1;ICAM1;IFNG;IGF2;IL10;IL1A;IL1B;IL2;IL6;KDR;MAPK1;MMP1;MMP2;MMP3;MMP9;MPO;MYC;NFE2L2;NFKBIA;NOS2;NOS3;NR1I2;ODC1;PLAU;PPARA;PPARG;PTGS1;PTGS2;RB1;RELA;SLC6A4;STAT1;TNF;TP53;VCAM1,BAX;BCL2;CASP3;CASP8;PLAU;PTGS1;PTGS2;SLC6A4,"Disease targets for Ulcerative Colitis; exact medicinal-material matches from TCMSP, HERB 2.0, and ETCM 2.0; provisional because database screening definitions are heterogeneous and safety/pair evidence remain incomplete",85,
砂仁,乌梅,8,61,61,8,0,53,False,67.1435,4,4,83.0,60.0,0.0,60.7574,480,0,0,ABCG2;AHR;AKT1;ALOX5;BAX;BCL2;BIRC5;CASP3;CASP8;CCL2;CCND1;CD40LG;CDKN1A;CHEK2;CHUK;CXCL10;CXCL8;CYP1A2;CYP3A4;DUOX2;EGFR;ERBB2;GSTM1;GSTP1;HIF1A;HMOX1;ICAM1;IFNG;IGF2;IKBKB;IL10;IL1A;IL1B;IL2;IL6;MAPK1;MMP1;MMP2;MMP3;MMP9;MPO;MYC;NFE2L2;NFKBIA;NOS2;NOS3;NR1I2;NR3C1;ODC1;PLAU;PPARA;PPARG;PTGS1;PTGS2;RB1;RELA;SLC6A4;STAT1;TNF;TP53;VCAM1,BAX;BCL2;CASP3;CASP8;PLAU;PTGS1;PTGS2;SLC6A4,"Disease targets for Ulcerative Colitis; exact medicinal-material matches from TCMSP, HERB 2.0, and ETCM 2.0; provisional because database screening definitions are heterogeneous and safety/pair evidence remain incomplete",86,
砂仁,大枣,8,61,61,8,0,53,False,67.1435,4,4,83.0,60.0,0.0,60.7574,470,0,0,ABCG2;AHR;AKT1;ALOX5;BAX;BCL2;BIRC5;CASP3;CASP8;CAT;CCL2;CCND1;CD40LG;CDKN1A;CHEK2;CHUK;CXCL10;CXCL8;CYP1A2;CYP3A4;DUOX2;EGFR;ERBB2;GSTM1;GSTP1;HIF1A;HMOX1;ICAM1;IFNG;IGF2;IL10;IL1A;IL1B;IL2;IL6;KDR;MAPK1;MMP1;MMP2;MMP3;MMP9;MPO;MYC;NFE2L2;NFKBIA;NOS2;NOS3;NR1I2;ODC1;PLAU;PPARA;PPARG;PTGS1;PTGS2;RB1;RELA;SLC6A4;STAT1;TNF;TP53;VCAM1,BAX;BCL2;CASP3;CASP8;PLAU;PTGS1;PTGS2;SLC6A4,"Disease targets for Ulcerative Colitis; exact medicinal-material matches from TCMSP, HERB 2.0, and ETCM 2.0; provisional because database screening definitions are heterogeneous and safety/pair evidence remain incomplete",87,
栀子,生姜,60,8,60,8,52,0,False,66.5251,4,4,83.0,60.0,0.0,60.51,472,0,0,ABCG2;AHR;AKT1;ALOX5;BAX;BCL2;BIRC5;CASP3;CASP8;CCL2;CCND1;CD40LG;CDKN1A;CHEK2;CHUK;CXCL10;CXCL8;CYP1A2;CYP3A4;DUOX2;EGFR;ERBB2;GSTM1;GSTP1;HIF1A;HMOX1;ICAM1;IFNG;IGF2;IKBKB;IL10;IL1A;IL1B;IL2;IL6;MAPK1;MMP1;MMP2;MMP3;MMP9;MPO;MYC;NFE2L2;NFKBIA;NOS2;NOS3;NR1I2;ODC1;PLAU;PPARA;PPARG;PTGS1;PTGS2;RB1;RELA;SLC6A4;STAT1;TNF;TP53;VCAM1,BAX;BCL2;CASP3;CASP8;PLAU;PTGS1;PTGS2;SLC6A4,"Disease targets for Ulcerative Colitis; exact medicinal-material matches from TCMSP, HERB 2.0, and ETCM 2.0; provisional because database screening definitions are heterogeneous and safety/pair evidence remain incomplete",88,
栀子,砂仁,60,8,60,8,52,0,False,66.5251,4,4,83.0,60.0,0.0,60.51,472,0,0,ABCG2;AHR;AKT1;ALOX5;BAX;BCL2;BIRC5;CASP3;CASP8;CCL2;CCND1;CD40LG;CDKN1A;CHEK2;CHUK;CXCL10;CXCL8;CYP1A2;CYP3A4;DUOX2;EGFR;ERBB2;GSTM1;GSTP1;HIF1A;HMOX1;ICAM1;IFNG;IGF2;IKBKB;IL10;IL1A;IL1B;IL2;IL6;MAPK1;MMP1;MMP2;MMP3;MMP9;MPO;MYC;NFE2L2;NFKBIA;NOS2;NOS3;NR1I2;ODC1;PLAU;PPARA;PPARG;PTGS1;PTGS2;RB1;RELA;SLC6A4;STAT1;TNF;TP53;VCAM1,BAX;BCL2;CASP3;CASP8;PLAU;PTGS1;PTGS2;SLC6A4,"Disease targets for Ulcerative Colitis; exact medicinal-material matches from TCMSP, HERB 2.0, and ETCM 2.0; provisional because database screening definitions are heterogeneous and safety/pair evidence remain incomplete",89,
莲子,甘草,20,67,75,12,8,55,True,73.423,4,4,73.0,60.0,0.0,60.2692,628,43,0.8315,ABCG2;ADIPOQ;AHR;AKT1;ALOX5;APEX1;BAX;BCL2;BIRC5;CASP3;CASP8;CAT;CCL2;CCND1;CD40LG;CDK4;CDKN1A;CHEK2;CHRNA7;CHUK;CXCL10;CXCL8;CYP1A2;CYP2C9;CYP3A4;DUOX2;EGFR;ERBB2;GPR35;GSTM1;GSTP1;HIF1A;HMOX1;ICAM1;IFNG;IGF2;IKBKB;IL10;IL1A;IL1B;IL2;IL4;IL6;KDR;MAPK1;MAPK3;MET;MMP1;MMP2;MMP3;MMP9;MPO;MYC;NFE2L2;NFKBIA;NOD2;NOS2;NOS3;NR1I2;ODC1;PLAU;PPARA;PPARG;PTGS1;PTGS2;RB1;RELA;SIRT1;SLC6A4;STAT1;STAT3;TNF;TP53;VCAM1;VEGFA,ABCG2;AHR;ALOX5;CASP3;CYP3A4;EGFR;HIF1A;KDR;MMP9;MPO;PLAU;SLC6A4,"Disease targets for Ulcerative Colitis; exact medicinal-material matches from TCMSP, HERB 2.0, and ETCM 2.0; provisional because database screening definitions are heterogeneous and safety/pair evidence remain incomplete",90,39
蒲公英,莲子,37,20,53,4,33,16,True,65.1227,4,4,83.0,60.0,0.0,59.9491,318,84,0.8383,ABCG2;AHR;ALB;ALOX5;APEX1;BAX;BCL2;CASP1;CASP3;CASP8;CCL2;CHRNA7;CYP2C9;CYP3A4;EGFR;GLS;GPR35;HIF1A;HNF4A;IL13;IL1B;IL4;IL5;IL6;JUN;KDR;MAPK1;MAPK3;MET;MMP1;MMP9;MPO;MYC;NFKB1;NFKBIA;NOD2;NOS2;NR3C1;ODC1;PLAU;PPARG;PTGS1;PTGS2;RELA;RORC;SIRT1;SLC6A4;TCF7L2;TGFB1;TNF;TP53;VEGFA;XIST,CASP3;CHRNA7;SIRT1;SLC6A4,"Disease targets for Ulcerative Colitis; exact medicinal-material matches from TCMSP, HERB 2.0, and ETCM 2.0; provisional because database screening definitions are heterogeneous and safety/pair evidence remain incomplete",91,40
金银花,莲子,63,20,71,12,51,8,True,70.9386,4,4,73.0,60.0,0.0,59.2754,557,41,0.82,ABCG2;AHR;AKT1;ALOX5;APEX1;BAX;BCL2;BIRC5;CASP3;CASP8;CCL2;CCND1;CD40LG;CDK4;CDKN1A;CHEK2;CHRNA7;CHUK;CXCL10;CXCL8;CYP1A2;CYP2C9;CYP3A4;DUOX2;EGFR;ERBB2;GPR35;GSTM1;GSTP1;HIF1A;HMOX1;ICAM1;IFNG;IGF2;IKBKB;IL10;IL1A;IL1B;IL2;IL4;IL6;KDR;MAPK1;MET;MMP1;MMP2;MMP3;MMP9;MPO;MYC;NFE2L2;NFKBIA;NOD2;NOS2;NOS3;NR1I2;ODC1;PLAU;PPARA;PPARG;PTGS1;PTGS2;RB1;RELA;SIRT1;SLC6A4;STAT1;TNF;TP53;VCAM1;VEGFA,ABCG2;AHR;ALOX5;CASP3;CYP3A4;EGFR;HIF1A;MET;MMP9;MPO;PLAU;SLC6A4,"Disease targets for Ulcerative Colitis; exact medicinal-material matches from TCMSP, HERB 2.0, and ETCM 2.0; provisional because database screening definitions are heterogeneous and safety/pair evidence remain incomplete",92,41
马齿苋,莲子,63,20,71,12,51,8,True,70.9386,4,4,73.0,60.0,0.0,59.2754,557,41,0.82,ABCG2;AHR;AKT1;ALOX5;APEX1;BAX;BCL2;BIRC5;CASP3;CASP8;CCL2;CCND1;CD40LG;CDK4;CDKN1A;CHEK2;CHRNA7;CHUK;CXCL10;CXCL8;CYP1A2;CYP2C9;CYP3A4;DUOX2;EGFR;ERBB2;GPR35;GSTM1;GSTP1;HIF1A;HMOX1;ICAM1;IFNG;IGF2;IKBKB;IL10;IL1A;IL1B;IL2;IL4;IL6;KDR;MAPK1;MET;MMP1;MMP2;MMP3;MMP9;MPO;MYC;NFE2L2;NFKBIA;NOD2;NOS2;NOS3;NR1I2;ODC1;PLAU;PPARA;PPARG;PTGS1;PTGS2;RB1;RELA;SIRT1;SLC6A4;STAT1;TNF;TP53;VCAM1;VEGFA,ABCG2;AHR;ALOX5;CASP3;CYP3A4;EGFR;HIF1A;MET;MMP9;MPO;PLAU;SLC6A4,"Disease targets for Ulcerative Colitis; exact medicinal-material matches from TCMSP, HERB 2.0, and ETCM 2.0; provisional because database screening definitions are heterogeneous and safety/pair evidence remain incomplete",93,42
莲子,乌梅,20,61,70,11,9,50,True,70.8824,4,4,73.0,60.0,0.0,59.253,540,46,0.8178,ABCG2;AHR;AKT1;ALOX5;APEX1;BAX;BCL2;BIRC5;CASP3;CASP8;CCL2;CCND1;CD40LG;CDKN1A;CHEK2;CHRNA7;CHUK;CXCL10;CXCL8;CYP1A2;CYP2C9;CYP3A4;DUOX2;EGFR;ERBB2;GPR35;GSTM1;GSTP1;HIF1A;HMOX1;ICAM1;IFNG;IGF2;IKBKB;IL10;IL1A;IL1B;IL2;IL6;KDR;MAPK1;MET;MMP1;MMP2;MMP3;MMP9;MPO;MYC;NFE2L2;NFKBIA;NOD2;NOS2;NOS3;NR1I2;NR3C1;ODC1;PLAU;PPARA;PPARG;PTGS1;PTGS2;RB1;RELA;SIRT1;SLC6A4;STAT1;TNF;TP53;VCAM1;VEGFA,ABCG2;AHR;ALOX5;CASP3;CYP3A4;EGFR;HIF1A;MMP9;MPO;PLAU;SLC6A4,"Disease targets for Ulcerative Colitis; exact medicinal-material matches from TCMSP, HERB 2.0, and ETCM 2.0; provisional because database screening definitions are heterogeneous and safety/pair evidence remain incomplete",94,43
鱼腥草,莲子,59,20,69,10,49,10,True,70.8401,4,4,73.0,60.0,0.0,59.236,532,46,0.8178,ABCG2;AHR;AKT1;ALOX5;APEX1;BAX;BCL2;BIRC5;CASP3;CASP8;CCL2;CCND1;CD40LG;CDKN1A;CHEK2;CHRNA7;CHUK;CXCL10;CXCL8;CYP1A2;CYP2C9;CYP3A4;DUOX2;EGFR;ERBB2;GPR35;GSTM1;GSTP1;HIF1A;HMOX1;ICAM1;IFNG;IGF2;IKBKB;IL10;IL1A;IL1B;IL2;IL6;KDR;MAPK1;MET;MMP1;MMP2;MMP3;MMP9;MPO;MYC;NFE2L2;NFKBIA;NOD2;NOS2;NOS3;NR1I2;ODC1;PLAU;PPARA;PPARG;PTGS1;PTGS2;RB1;RELA;SIRT1;SLC6A4;STAT1;TNF;TP53;VCAM1;VEGFA,ABCG2;AHR;ALOX5;CASP3;CYP3A4;EGFR;HIF1A;MMP9;MPO;PLAU,"Disease targets for Ulcerative Colitis; exact medicinal-material matches from TCMSP, HERB 2.0, and ETCM 2.0; provisional because database screening definitions are heterogeneous and safety/pair evidence remain incomplete",95,44
山药,甘草,15,67,70,12,3,55,True,70.311,4,4,73.0,60.0,0.0,59.0244,605,23,0.8055,ABCC2;ABCG2;ADIPOQ;AHR;AKT1;ALOX5;BAX;BCL2;BIRC5;CASP3;CASP8;CAT;CCL2;CCND1;CD40LG;CDK4;CDKN1A;CHEK2;CHUK;CXCL10;CXCL8;CYP1A2;CYP3A4;DUOX2;EGFR;ERBB2;GSTM1;GSTP1;HIF1A;HMOX1;ICAM1;IFNG;IGF2;IKBKB;IL10;IL1A;IL1B;IL2;IL4;IL6;KDR;MAPK1;MAPK3;MMP1;MMP2;MMP3;MMP9;MPO;MTOR;MYC;NFE2L2;NFKBIA;NOS2;NOS3;NR1I2;NR3C1;ODC1;PLAU;PPARA;PPARG;PTGS1;PTGS2;RB1;RELA;SLC6A4;STAT1;STAT3;TNF;TP53;VCAM1,AKT1;CAT;CDKN1A;HIF1A;NOS2;NR1I2;PLAU;PTGS1;PTGS2;RELA;SLC6A4;TP53,"Disease targets for Ulcerative Colitis; exact medicinal-material matches from TCMSP, HERB 2.0, and ETCM 2.0; provisional because database screening definitions are heterogeneous and safety/pair evidence remain incomplete",96,45
栀子,莲子,60,20,69,11,49,9,True,70.2604,4,4,73.0,60.0,0.0,59.0041,532,46,0.8178,ABCG2;AHR;AKT1;ALOX5;APEX1;BAX;BCL2;BIRC5;CASP3;CASP8;CCL2;CCND1;CD40LG;CDKN1A;CHEK2;CHRNA7;CHUK;CXCL10;CXCL8;CYP1A2;CYP2C9;CYP3A4;DUOX2;EGFR;ERBB2;GPR35;GSTM1;GSTP1;HIF1A;HMOX1;ICAM1;IFNG;IGF2;IKBKB;IL10;IL1A;IL1B;IL2;IL6;KDR;MAPK1;MET;MMP1;MMP2;MMP3;MMP9;MPO;MYC;NFE2L2;NFKBIA;NOD2;NOS2;NOS3;NR1I2;ODC1;PLAU;PPARA;PPARG;PTGS1;PTGS2;RB1;RELA;SIRT1;SLC6A4;STAT1;TNF;TP53;VCAM1;VEGFA,ABCG2;AHR;ALOX5;CASP3;CYP3A4;EGFR;HIF1A;MMP9;MPO;PLAU;SLC6A4,"Disease targets for Ulcerative Colitis; exact medicinal-material matches from TCMSP, HERB 2.0, and ETCM 2.0; provisional because database screening definitions are heterogeneous and safety/pair evidence remain incomplete",97,46
莲子,大枣,20,61,69,12,8,49,True,69.6806,4,4,73.0,60.0,0.0,58.7723,519,38,0.831,ABCG2;AHR;AKT1;ALOX5;APEX1;BAX;BCL2;BIRC5;CASP3;CASP8;CAT;CCL2;CCND1;CD40LG;CDKN1A;CHEK2;CHRNA7;CHUK;CXCL10;CXCL8;CYP1A2;CYP2C9;CYP3A4;DUOX2;EGFR;ERBB2;GPR35;GSTM1;GSTP1;HIF1A;HMOX1;ICAM1;IFNG;IGF2;IL10;IL1A;IL1B;IL2;IL6;KDR;MAPK1;MET;MMP1;MMP2;MMP3;MMP9;MPO;MYC;NFE2L2;NFKBIA;NOD2;NOS2;NOS3;NR1I2;ODC1;PLAU;PPARA;PPARG;PTGS1;PTGS2;RB1;RELA;SIRT1;SLC6A4;STAT1;TNF;TP53;VCAM1;VEGFA,ABCG2;AHR;ALOX5;CASP3;CYP3A4;EGFR;HIF1A;KDR;MMP9;MPO;PLAU;SLC6A4,"Disease targets for Ulcerative Colitis; exact medicinal-material matches from TCMSP, HERB 2.0, and ETCM 2.0; provisional because database screening definitions are heterogeneous and safety/pair evidence remain incomplete",98,47
金银花,山药,63,15,67,11,52,4,True,69.0081,4,4,73.0,60.0,0.0,58.5032,534,20,0.7928,ABCC2;ABCG2;AHR;AKT1;ALOX5;BAX;BCL2;BIRC5;CASP3;CASP8;CAT;CCL2;CCND1;CD40LG;CDK4;CDKN1A;CHEK2;CHUK;CXCL10;CXCL8;CYP1A2;CYP3A4;DUOX2;EGFR;ERBB2;GSTM1;GSTP1;HIF1A;HMOX1;ICAM1;IFNG;IGF2;IKBKB;IL10;IL1A;IL1B;IL2;IL4;IL6;MAPK1;MET;MMP1;MMP2;MMP3;MMP9;MPO;MTOR;MYC;NFE2L2;NFKBIA;NOS2;NOS3;NR1I2;NR3C1;ODC1;PLAU;PPARA;PPARG;PTGS1;PTGS2;RB1;RELA;SLC6A4;STAT1;TNF;TP53;VCAM1,AKT1;CDKN1A;HIF1A;NOS2;NR1I2;PLAU;PTGS1;PTGS2;RELA;SLC6A4;TP53,"Disease targets for Ulcerative Colitis; exact medicinal-material matches from TCMSP, HERB 2.0, and ETCM 2.0; provisional because database screening definitions are heterogeneous and safety/pair evidence remain incomplete",99,48
马齿苋,山药,63,15,67,11,52,4,True,69.0081,4,4,73.0,60.0,0.0,58.5032,534,20,0.7928,ABCC2;ABCG2;AHR;AKT1;ALOX5;BAX;BCL2;BIRC5;CASP3;CASP8;CAT;CCL2;CCND1;CD40LG;CDK4;CDKN1A;CHEK2;CHUK;CXCL10;CXCL8;CYP1A2;CYP3A4;DUOX2;EGFR;ERBB2;GSTM1;GSTP1;HIF1A;HMOX1;ICAM1;IFNG;IGF2;IKBKB;IL10;IL1A;IL1B;IL2;IL4;IL6;MAPK1;MET;MMP1;MMP2;MMP3;MMP9;MPO;MTOR;MYC;NFE2L2;NFKBIA;NOS2;NOS3;NR1I2;NR3C1;ODC1;PLAU;PPARA;PPARG;PTGS1;PTGS2;RB1;RELA;SLC6A4;STAT1;TNF;TP53;VCAM1,AKT1;CDKN1A;HIF1A;NOS2;NR1I2;PLAU;PTGS1;PTGS2;RELA;SLC6A4;TP53,"Disease targets for Ulcerative Colitis; exact medicinal-material matches from TCMSP, HERB 2.0, and ETCM 2.0; provisional because database screening definitions are heterogeneous and safety/pair evidence remain incomplete",100,49
鱼腥草,山药,59,15,64,10,49,5,True,67.7323,4,4,73.0,60.0,0.0,57.9929,499,19,0.7954,ABCC2;ABCG2;AHR;AKT1;ALOX5;BAX;BCL2;BIRC5;CASP3;CASP8;CAT;CCL2;CCND1;CD40LG;CDKN1A;CHEK2;CHUK;CXCL10;CXCL8;CYP1A2;CYP3A4;DUOX2;EGFR;ERBB2;GSTM1;GSTP1;HIF1A;HMOX1;ICAM1;IFNG;IGF2;IKBKB;IL10;IL1A;IL1B;IL2;IL6;MAPK1;MMP1;MMP2;MMP3;MMP9;MPO;MTOR;MYC;NFE2L2;NFKBIA;NOS2;NOS3;NR1I2;NR3C1;ODC1;PLAU;PPARA;PPARG;PTGS1;PTGS2;RB1;RELA;SLC6A4;STAT1;TNF;TP53;VCAM1,AKT1;CDKN1A;HIF1A;NOS2;NR1I2;PLAU;PTGS1;PTGS2;RELA;TP53,"Disease targets for Ulcerative Colitis; exact medicinal-material matches from TCMSP, HERB 2.0, and ETCM 2.0; provisional because database screening definitions are heterogeneous and safety/pair evidence remain incomplete",101,50
栀子,山药,60,15,64,11,49,4,True,67.1073,4,4,73.0,60.0,0.0,57.7429,499,19,0.7954,ABCC2;ABCG2;AHR;AKT1;ALOX5;BAX;BCL2;BIRC5;CASP3;CASP8;CAT;CCL2;CCND1;CD40LG;CDKN1A;CHEK2;CHUK;CXCL10;CXCL8;CYP1A2;CYP3A4;DUOX2;EGFR;ERBB2;GSTM1;GSTP1;HIF1A;HMOX1;ICAM1;IFNG;IGF2;IKBKB;IL10;IL1A;IL1B;IL2;IL6;MAPK1;MMP1;MMP2;MMP3;MMP9;MPO;MTOR;MYC;NFE2L2;NFKBIA;NOS2;NOS3;NR1I2;NR3C1;ODC1;PLAU;PPARA;PPARG;PTGS1;PTGS2;RB1;RELA;SLC6A4;STAT1;TNF;TP53;VCAM1,AKT1;CDKN1A;HIF1A;NOS2;NR1I2;PLAU;PTGS1;PTGS2;RELA;SLC6A4;TP53,"Disease targets for Ulcerative Colitis; exact medicinal-material matches from TCMSP, HERB 2.0, and ETCM 2.0; provisional because database screening definitions are heterogeneous and safety/pair evidence remain incomplete",102,51
山药,乌梅,15,61,64,12,3,49,True,66.4823,4,4,73.0,60.0,0.0,57.4929,499,15,0.802,ABCC2;ABCG2;AHR;AKT1;ALOX5;BAX;BCL2;BIRC5;CASP3;CASP8;CAT;CCL2;CCND1;CD40LG;CDKN1A;CHEK2;CHUK;CXCL10;CXCL8;CYP1A2;CYP3A4;DUOX2;EGFR;ERBB2;GSTM1;GSTP1;HIF1A;HMOX1;ICAM1;IFNG;IGF2;IKBKB;IL10;IL1A;IL1B;IL2;IL6;MAPK1;MMP1;MMP2;MMP3;MMP9;MPO;MTOR;MYC;NFE2L2;NFKBIA;NOS2;NOS3;NR1I2;NR3C1;ODC1;PLAU;PPARA;PPARG;PTGS1;PTGS2;RB1;RELA;SLC6A4;STAT1;TNF;TP53;VCAM1,AKT1;CDKN1A;HIF1A;NOS2;NR1I2;NR3C1;PLAU;PTGS1;PTGS2;RELA;SLC6A4;TP53,"Disease targets for Ulcerative Colitis; exact medicinal-material matches from TCMSP, HERB 2.0, and ETCM 2.0; provisional because database screening definitions are heterogeneous and safety/pair evidence remain incomplete",103,52
山药,大枣,15,61,64,12,3,49,True,66.4823,4,4,73.0,60.0,0.0,57.4929,496,18,0.7969,ABCC2;ABCG2;AHR;AKT1;ALOX5;BAX;BCL2;BIRC5;CASP3;CASP8;CAT;CCL2;CCND1;CD40LG;CDKN1A;CHEK2;CHUK;CXCL10;CXCL8;CYP1A2;CYP3A4;DUOX2;EGFR;ERBB2;GSTM1;GSTP1;HIF1A;HMOX1;ICAM1;IFNG;IGF2;IL10;IL1A;IL1B;IL2;IL6;KDR;MAPK1;MMP1;MMP2;MMP3;MMP9;MPO;MTOR;MYC;NFE2L2;NFKBIA;NOS2;NOS3;NR1I2;NR3C1;ODC1;PLAU;PPARA;PPARG;PTGS1;PTGS2;RB1;RELA;SLC6A4;STAT1;TNF;TP53;VCAM1,AKT1;CAT;CDKN1A;HIF1A;NOS2;NR1I2;PLAU;PTGS1;PTGS2;RELA;SLC6A4;TP53,"Disease targets for Ulcerative Colitis; exact medicinal-material matches from TCMSP, HERB 2.0, and ETCM 2.0; provisional because database screening definitions are heterogeneous and safety/pair evidence remain incomplete",104,53
蒲公英,山药,37,15,45,7,30,8,True,57.6716,4,4,83.0,60.0,0.0,56.9686,286,57,0.8401,ABCC2;AKT1;ALB;BAX;BCL2;CASP1;CASP3;CASP8;CAT;CCL2;CDKN1A;CHRNA7;GLS;HIF1A;HNF4A;IL13;IL1B;IL4;IL5;IL6;JUN;MAPK1;MAPK3;MMP1;MTOR;MYC;NFKB1;NFKBIA;NOS2;NR1I2;NR3C1;ODC1;PLAU;PPARG;PTGS1;PTGS2;RELA;RORC;SIRT1;SLC6A4;TCF7L2;TGFB1;TNF;TP53;XIST,NOS2;NR3C1;PTGS1;PTGS2;RELA;SLC6A4;TP53,"Disease targets for Ulcerative Colitis; exact medicinal-material matches from TCMSP, HERB 2.0, and ETCM 2.0; provisional because database screening definitions are heterogeneous and safety/pair evidence remain incomplete",105,54
莲子,陈皮,20,18,36,2,18,16,True,56.8928,3,4,76.0,60.0,0.0,54.5571,107,34,0.8879,ABCG2;ADIPOQ;AHR;AKT1;ALOX5;APEX1;BAX;BCL2;CASP3;CAT;CHRNA7;CYP2C9;CYP3A4;EGFR;GPR35;GSTP1;HIF1A;KDR;MAPK1;MAPK3;MET;MMP9;MPO;NOD2;NOS2;PLAU;PPARA;PPARG;PTGS1;PTGS2;RELA;SIRT1;SLC6A4;TIMP1;TP53;VEGFA,CASP3;MMP9,"Disease targets for Ulcerative Colitis; exact medicinal-material matches from TCMSP, HERB 2.0, and ETCM 2.0; provisional because database screening definitions are heterogeneous and safety/pair evidence remain incomplete",106,55
蒲公英,薏苡仁,37,3,38,2,35,1,True,58.0717,3,3,71.0,60.0,0.0,53.5287,218,6,0.7578,ALB;BAX;BCL2;CASP1;CASP3;CASP8;CCL2;CHRNA7;GLS;HNF4A;IL13;IL1B;IL4;IL5;IL6;JUN;MAPK1;MAPK3;MMP1;MYC;NFKB1;NFKBIA;NOS2;NR3C1;ODC1;PLAU;PPARG;PTGS1;PTGS2;RELA;RORC;SIRT1;SLC6A4;TCF7L2;TGFB1;TNF;TP53;XIST,PTGS1;PTGS2,"Disease targets for Ulcerative Colitis; exact medicinal-material matches from TCMSP, HERB 2.0, and ETCM 2.0; provisional because database screening definitions are heterogeneous and safety/pair evidence remain incomplete",107,56
蒲公英,藿香,37,27,59,5,32,22,True,67.9376,2,2,54.0,60.0,0.0,52.375,313,66,0.837,ABCG2;AHR;ALB;ALOX5;APEX1;BAX;BCL2;CASP1;CASP3;CASP8;CCL2;CHRNA7;CYP2C19;CYP2C9;CYP3A4;EGFR;ELANE;GLS;GPBAR1;GPR35;GSTM1;HNF4A;IL13;IL1B;IL4;IL5;IL6;JUN;KDR;MAPK1;MAPK3;MET;MMP1;MMP9;MPO;MYC;NFKB1;NFKBIA;NLRP3;NOS2;NR3C1;ODC1;PPARG;PTGS1;PTGS2;PTPN2;PTPRC;RELA;RORC;SI;SIRT1;SLC6A4;TCF7L2;TERT;TGFB1;TNF;TP53;VDR;XIST,CHRNA7;NOS2;PPARG;PTGS2;TNF,"Disease targets for Ulcerative Colitis; exact medicinal-material matches from TCMSP, HERB 2.0, and ETCM 2.0; provisional because database screening definitions are heterogeneous and safety/pair evidence remain incomplete",108,57
蒲公英,生姜,37,8,38,7,30,1,True,52.8086,3,3,71.0,60.0,0.0,51.4234,218,6,0.7578,ALB;BAX;BCL2;CASP1;CASP3;CASP8;CCL2;CHRNA7;GLS;HNF4A;IL13;IL1B;IL4;IL5;IL6;JUN;MAPK1;MAPK3;MMP1;MYC;NFKB1;NFKBIA;NOS2;NR3C1;ODC1;PLAU;PPARG;PTGS1;PTGS2;RELA;RORC;SIRT1;SLC6A4;TCF7L2;TGFB1;TNF;TP53;XIST,BAX;BCL2;CASP3;CASP8;PTGS1;PTGS2;SLC6A4,"Disease targets for Ulcerative Colitis; exact medicinal-material matches from TCMSP, HERB 2.0, and ETCM 2.0; provisional because database screening definitions are heterogeneous and safety/pair evidence remain incomplete",109,58
蒲公英,砂仁,37,8,38,7,30,1,True,52.8086,3,3,71.0,60.0,0.0,51.4234,218,6,0.7578,ALB;BAX;BCL2;CASP1;CASP3;CASP8;CCL2;CHRNA7;GLS;HNF4A;IL13;IL1B;IL4;IL5;IL6;JUN;MAPK1;MAPK3;MMP1;MYC;NFKB1;NFKBIA;NOS2;NR3C1;ODC1;PLAU;PPARG;PTGS1;PTGS2;RELA;RORC;SIRT1;SLC6A4;TCF7L2;TGFB1;TNF;TP53;XIST,BAX;BCL2;CASP3;CASP8;PTGS1;PTGS2;SLC6A4,"Disease targets for Ulcerative Colitis; exact medicinal-material matches from TCMSP, HERB 2.0, and ETCM 2.0; provisional because database screening definitions are heterogeneous and safety/pair evidence remain incomplete",110,59
山药,藿香,15,27,40,2,13,25,True,59.2389,2,3,59.0,60.0,0.0,50.3956,107,44,0.8435,ABCC2;ABCG2;AHR;AKT1;ALOX5;APEX1;CAT;CDKN1A;CHRNA7;CYP2C19;CYP2C9;CYP3A4;EGFR;ELANE;GPBAR1;GPR35;GSTM1;HIF1A;KDR;MET;MMP9;MPO;MTOR;NLRP3;NOS2;NR1I2;NR3C1;PLAU;PPARG;PTGS1;PTGS2;PTPN2;PTPRC;RELA;SI;SLC6A4;TERT;TNF;TP53;VDR,NOS2;PTGS2,"Disease targets for Ulcerative Colitis; exact medicinal-material matches from TCMSP, HERB 2.0, and ETCM 2.0; provisional because database screening definitions are heterogeneous and safety/pair evidence remain incomplete",111,60
蒲公英,莱菔子,37,0,37,0,37,0,False,59.646,2,2,54.0,60.0,0.0,49.0584,212,0,0,ALB;BAX;BCL2;CASP1;CASP3;CASP8;CCL2;CHRNA7;GLS;HNF4A;IL13;IL1B;IL4;IL5;IL6;JUN;MAPK1;MAPK3;MMP1;MYC;NFKB1;NFKBIA;NOS2;NR3C1;ODC1;PPARG;PTGS1;PTGS2;RELA;RORC;SIRT1;SLC6A4;TCF7L2;TGFB1;TNF;TP53;XIST,,"Disease targets for Ulcerative Colitis; exact medicinal-material matches from TCMSP, HERB 2.0, and ETCM 2.0; provisional because database screening definitions are heterogeneous and safety/pair evidence remain incomplete",112,
山药,陈皮,15,18,26,7,8,11,True,43.0361,3,4,76.0,60.0,0.0,49.0144,82,16,0.8441,ABCC2;ADIPOQ;AKT1;BAX;BCL2;CASP3;CAT;CDKN1A;GSTP1;HIF1A;MAPK1;MAPK3;MMP9;MTOR;NOS2;NR1I2;NR3C1;PLAU;PPARA;PPARG;PTGS1;PTGS2;RELA;SLC6A4;TIMP1;TP53,AKT1;CAT;NOS2;PTGS1;PTGS2;RELA;TP53,"Disease targets for Ulcerative Colitis; exact medicinal-material matches from TCMSP, HERB 2.0, and ETCM 2.0; provisional because database screening definitions are heterogeneous and safety/pair evidence remain incomplete",113,61
蒲公英,茯苓,37,2,37,2,35,0,False,57.4839,2,2,54.0,60.0,0.0,48.1935,212,0,0,ALB;BAX;BCL2;CASP1;CASP3;CASP8;CCL2;CHRNA7;GLS;HNF4A;IL13;IL1B;IL4;IL5;IL6;JUN;MAPK1;MAPK3;MMP1;MYC;NFKB1;NFKBIA;NOS2;NR3C1;ODC1;PPARG;PTGS1;PTGS2;RELA;RORC;SIRT1;SLC6A4;TCF7L2;TGFB1;TNF;TP53;XIST,PTGS1;PTGS2,"Disease targets for Ulcerative Colitis; exact medicinal-material matches from TCMSP, HERB 2.0, and ETCM 2.0; provisional because database screening definitions are heterogeneous and safety/pair evidence remain incomplete",114,
蒲公英,白扁豆,37,11,42,6,31,5,True,56.5866,2,2,54.0,60.0,0.0,47.8346,261,34,0.8328,AKT1;ALB;BAX;BCL2;CASP1;CASP3;CASP8;CCL2;CHRNA7;CYP1A2;CYP3A4;GLS;HMOX1;HNF4A;IL13;IL1B;IL4;IL5;IL6;JUN;MAPK1;MAPK3;MMP1;MMP2;MYC;NFKB1;NFKBIA;NOS2;NR3C1;ODC1;PPARG;PTGS1;PTGS2;RELA;RORC;SIRT1;SLC6A4;TCF7L2;TGFB1;TNF;TP53;XIST,BCL2;CASP3;CASP8;MMP1;MYC;PTGS2,"Disease targets for Ulcerative Colitis; exact medicinal-material matches from TCMSP, HERB 2.0, and ETCM 2.0; provisional because database screening definitions are heterogeneous and safety/pair evidence remain incomplete",115,62
蒲公英,芡实,37,11,42,6,31,5,True,56.5866,2,2,54.0,60.0,0.0,47.8346,261,34,0.8328,AKT1;ALB;BAX;BCL2;CASP1;CASP3;CASP8;CCL2;CHRNA7;CYP1A2;CYP3A4;GLS;HMOX1;HNF4A;IL13;IL1B;IL4;IL5;IL6;JUN;MAPK1;MAPK3;MMP1;MMP2;MYC;NFKB1;NFKBIA;NOS2;NR3C1;ODC1;PPARG;PTGS1;PTGS2;RELA;RORC;SIRT1;SLC6A4;TCF7L2;TGFB1;TNF;TP53;XIST,BCL2;CASP3;CASP8;MMP1;MYC;PTGS2,"Disease targets for Ulcerative Colitis; exact medicinal-material matches from TCMSP, HERB 2.0, and ETCM 2.0; provisional because database screening definitions are heterogeneous and safety/pair evidence remain incomplete",116,63
白扁豆,莲子,11,20,29,2,9,18,True,52.6396,2,3,59.0,60.0,0.0,47.7558,81,32,0.8236,ABCG2;AHR;AKT1;ALOX5;APEX1;BCL2;CASP3;CASP8;CHRNA7;CYP1A2;CYP2C9;CYP3A4;EGFR;GPR35;HIF1A;HMOX1;KDR;MET;MMP1;MMP2;MMP9;MPO;MYC;NOD2;PLAU;PTGS2;SIRT1;SLC6A4;VEGFA,CASP3;CYP3A4,"Disease targets for Ulcerative Colitis; exact medicinal-material matches from TCMSP, HERB 2.0, and ETCM 2.0; provisional because database screening definitions are heterogeneous and safety/pair evidence remain incomplete",117,64
莲子,芡实,20,11,29,2,18,9,True,52.6396,2,3,59.0,60.0,0.0,47.7558,81,32,0.8236,ABCG2;AHR;AKT1;ALOX5;APEX1;BCL2;CASP3;CASP8;CHRNA7;CYP1A2;CYP2C9;CYP3A4;EGFR;GPR35;HIF1A;HMOX1;KDR;MET;MMP1;MMP2;MMP9;MPO;MYC;NOD2;PLAU;PTGS2;SIRT1;SLC6A4;VEGFA,CASP3;CYP3A4,"Disease targets for Ulcerative Colitis; exact medicinal-material matches from TCMSP, HERB 2.0, and ETCM 2.0; provisional because database screening definitions are heterogeneous and safety/pair evidence remain incomplete",118,65
茯苓,莲子,2,20,22,0,2,20,True,51.6814,2,3,59.0,60.0,0.0,47.3726,32,8,0.8952,ABCG2;AHR;ALOX5;APEX1;CASP3;CHRNA7;CYP2C9;CYP3A4;EGFR;GPR35;HIF1A;KDR;MET;MMP9;MPO;NOD2;PLAU;PTGS1;PTGS2;SIRT1;SLC6A4;VEGFA,,"Disease targets for Ulcerative Colitis; exact medicinal-material matches from TCMSP, HERB 2.0, and ETCM 2.0; provisional because database screening definitions are heterogeneous and safety/pair evidence remain incomplete",119,66
蒲公英,陈皮,37,18,44,11,26,7,True,53.3628,3,2,56.0,60.0,0.0,47.1451,285,50,0.8337,ADIPOQ;AKT1;ALB;BAX;BCL2;CASP1;CASP3;CASP8;CAT;CCL2;CHRNA7;GLS;GSTP1;HNF4A;IL13;IL1B;IL4;IL5;IL6;JUN;MAPK1;MAPK3;MMP1;MMP9;MYC;NFKB1;NFKBIA;NOS2;NR3C1;ODC1;PPARA;PPARG;PTGS1;PTGS2;RELA;RORC;SIRT1;SLC6A4;TCF7L2;TGFB1;TIMP1;TNF;TP53;XIST,BAX;BCL2;CASP3;MAPK1;MAPK3;NOS2;PPARG;PTGS1;PTGS2;RELA;TP53,"Disease targets for Ulcerative Colitis; exact medicinal-material matches from TCMSP, HERB 2.0, and ETCM 2.0; provisional because database screening definitions are heterogeneous and safety/pair evidence remain incomplete",120,67
莲子,莱菔子,20,0,20,0,20,0,False,50.6195,2,3,59.0,60.0,0.0,46.9478,23,0,0,ABCG2;AHR;ALOX5;APEX1;CASP3;CHRNA7;CYP2C9;CYP3A4;EGFR;GPR35;HIF1A;KDR;MET;MMP9;MPO;NOD2;PLAU;SIRT1;SLC6A4;VEGFA,,"Disease targets for Ulcerative Colitis; exact medicinal-material matches from TCMSP, HERB 2.0, and ETCM 2.0; provisional because database screening definitions are heterogeneous and safety/pair evidence remain incomplete",121,
山药,芡实,15,11,24,2,13,9,True,49.41,2,3,59.0,60.0,0.0,46.464,75,26,0.8422,ABCC2;AKT1;BCL2;CASP3;CASP8;CAT;CDKN1A;CYP1A2;CYP3A4;HIF1A;HMOX1;MMP1;MMP2;MTOR;MYC;NOS2;NR1I2;NR3C1;PLAU;PTGS1;PTGS2;RELA;SLC6A4;TP53,AKT1;PTGS2,"Disease targets for Ulcerative Colitis; exact medicinal-material matches from TCMSP, HERB 2.0, and ETCM 2.0; provisional because database screening definitions are heterogeneous and safety/pair evidence remain incomplete",122,68
白扁豆,山药,11,15,24,2,9,13,True,49.41,2,3,59.0,60.0,0.0,46.464,75,26,0.8422,ABCC2;AKT1;BCL2;CASP3;CASP8;CAT;CDKN1A;CYP1A2;CYP3A4;HIF1A;HMOX1;MMP1;MMP2;MTOR;MYC;NOS2;NR1I2;NR3C1;PLAU;PTGS1;PTGS2;RELA;SLC6A4;TP53,AKT1;PTGS2,"Disease targets for Ulcerative Colitis; exact medicinal-material matches from TCMSP, HERB 2.0, and ETCM 2.0; provisional because database screening definitions are heterogeneous and safety/pair evidence remain incomplete",123,69
山药,莱菔子,15,0,15,0,15,0,False,47.9646,2,3,59.0,60.0,0.0,45.8858,24,0,0,ABCC2;AKT1;CAT;CDKN1A;HIF1A;MTOR;NOS2;NR1I2;NR3C1;PLAU;PTGS1;PTGS2;RELA;SLC6A4;TP53,,"Disease targets for Ulcerative Colitis; exact medicinal-material matches from TCMSP, HERB 2.0, and ETCM 2.0; provisional because database screening definitions are heterogeneous and safety/pair evidence remain incomplete",124,
乌梅,甘草,61,67,68,60,1,7,True,40.8121,4,4,68.0,60.0,0.0,45.7248,583,1,0.981,ABCG2;ADIPOQ;AHR;AKT1;ALOX5;BAX;BCL2;BIRC5;CASP3;CASP8;CAT;CCL2;CCND1;CD40LG;CDK4;CDKN1A;CHEK2;CHUK;CXCL10;CXCL8;CYP1A2;CYP3A4;DUOX2;EGFR;ERBB2;GSTM1;GSTP1;HIF1A;HMOX1;ICAM1;IFNG;IGF2;IKBKB;IL10;IL1A;IL1B;IL2;IL4;IL6;KDR;MAPK1;MAPK3;MMP1;MMP2;MMP3;MMP9;MPO;MYC;NFE2L2;NFKBIA;NOS2;NOS3;NR1I2;NR3C1;ODC1;PLAU;PPARA;PPARG;PTGS1;PTGS2;RB1;RELA;SLC6A4;STAT1;STAT3;TNF;TP53;VCAM1,ABCG2;AHR;AKT1;ALOX5;BAX;BCL2;BIRC5;CASP3;CASP8;CCL2;CCND1;CD40LG;CDKN1A;CHEK2;CHUK;CXCL10;CXCL8;CYP1A2;CYP3A4;DUOX2;EGFR;ERBB2;GSTM1;GSTP1;HIF1A;HMOX1;ICAM1;IFNG;IGF2;IKBKB;IL10;IL1A;IL1B;IL2;IL6;MAPK1;MMP1;MMP2;MMP3;MMP9;MPO;MYC;NFE2L2;NFKBIA;NOS2;NOS3;NR1I2;ODC1;PLAU;PPARA;PPARG;PTGS1;PTGS2;RB1;RELA;SLC6A4;STAT1;TNF;TP53;VCAM1,"Disease targets for Ulcerative Colitis; exact medicinal-material matches from TCMSP, HERB 2.0, and ETCM 2.0; provisional because database screening definitions are heterogeneous and safety/pair evidence remain incomplete",125,70
鱼腥草,甘草,59,67,67,59,0,8,False,40.3513,4,4,68.0,60.0,0.0,45.5405,574,0,0,ABCG2;ADIPOQ;AHR;AKT1;ALOX5;BAX;BCL2;BIRC5;CASP3;CASP8;CAT;CCL2;CCND1;CD40LG;CDK4;CDKN1A;CHEK2;CHUK;CXCL10;CXCL8;CYP1A2;CYP3A4;DUOX2;EGFR;ERBB2;GSTM1;GSTP1;HIF1A;HMOX1;ICAM1;IFNG;IGF2;IKBKB;IL10;IL1A;IL1B;IL2;IL4;IL6;KDR;MAPK1;MAPK3;MMP1;MMP2;MMP3;MMP9;MPO;MYC;NFE2L2;NFKBIA;NOS2;NOS3;NR1I2;ODC1;PLAU;PPARA;PPARG;PTGS1;PTGS2;RB1;RELA;SLC6A4;STAT1;STAT3;TNF;TP53;VCAM1,ABCG2;AHR;AKT1;ALOX5;BAX;BCL2;BIRC5;CASP3;CASP8;CCL2;CCND1;CD40LG;CDKN1A;CHEK2;CHUK;CXCL10;CXCL8;CYP1A2;CYP3A4;DUOX2;EGFR;ERBB2;GSTM1;GSTP1;HIF1A;HMOX1;ICAM1;IFNG;IGF2;IKBKB;IL10;IL1A;IL1B;IL2;IL6;MAPK1;MMP1;MMP2;MMP3;MMP9;MPO;MYC;NFE2L2;NFKBIA;NOS2;NOS3;NR1I2;ODC1;PLAU;PPARA;PPARG;PTGS1;PTGS2;RB1;RELA;STAT1;TNF;TP53;VCAM1,"Disease targets for Ulcerative Colitis; exact medicinal-material matches from TCMSP, HERB 2.0, and ETCM 2.0; provisional because database screening definitions are heterogeneous and safety/pair evidence remain incomplete",126,
栀子,甘草,60,67,67,60,0,7,False,39.7543,4,4,68.0,60.0,0.0,45.3017,574,0,0,ABCG2;ADIPOQ;AHR;AKT1;ALOX5;BAX;BCL2;BIRC5;CASP3;CASP8;CAT;CCL2;CCND1;CD40LG;CDK4;CDKN1A;CHEK2;CHUK;CXCL10;CXCL8;CYP1A2;CYP3A4;DUOX2;EGFR;ERBB2;GSTM1;GSTP1;HIF1A;HMOX1;ICAM1;IFNG;IGF2;IKBKB;IL10;IL1A;IL1B;IL2;IL4;IL6;KDR;MAPK1;MAPK3;MMP1;MMP2;MMP3;MMP9;MPO;MYC;NFE2L2;NFKBIA;NOS2;NOS3;NR1I2;ODC1;PLAU;PPARA;PPARG;PTGS1;PTGS2;RB1;RELA;SLC6A4;STAT1;STAT3;TNF;TP53;VCAM1,ABCG2;AHR;AKT1;ALOX5;BAX;BCL2;BIRC5;CASP3;CASP8;CCL2;CCND1;CD40LG;CDKN1A;CHEK2;CHUK;CXCL10;CXCL8;CYP1A2;CYP3A4;DUOX2;EGFR;ERBB2;GSTM1;GSTP1;HIF1A;HMOX1;ICAM1;IFNG;IGF2;IKBKB;IL10;IL1A;IL1B;IL2;IL6;MAPK1;MMP1;MMP2;MMP3;MMP9;MPO;MYC;NFE2L2;NFKBIA;NOS2;NOS3;NR1I2;ODC1;PLAU;PPARA;PPARG;PTGS1;PTGS2;RB1;RELA;SLC6A4;STAT1;TNF;TP53;VCAM1,"Disease targets for Ulcerative Colitis; exact medicinal-material matches from TCMSP, HERB 2.0, and ETCM 2.0; provisional because database screening definitions are heterogeneous and safety/pair evidence remain incomplete",127,
金银花,甘草,63,67,68,62,1,5,True,39.6356,4,4,68.0,60.0,0.0,45.2542,585,2,0.916,ABCG2;ADIPOQ;AHR;AKT1;ALOX5;BAX;BCL2;BIRC5;CASP3;CASP8;CAT;CCL2;CCND1;CD40LG;CDK4;CDKN1A;CHEK2;CHUK;CXCL10;CXCL8;CYP1A2;CYP3A4;DUOX2;EGFR;ERBB2;GSTM1;GSTP1;HIF1A;HMOX1;ICAM1;IFNG;IGF2;IKBKB;IL10;IL1A;IL1B;IL2;IL4;IL6;KDR;MAPK1;MAPK3;MET;MMP1;MMP2;MMP3;MMP9;MPO;MYC;NFE2L2;NFKBIA;NOS2;NOS3;NR1I2;ODC1;PLAU;PPARA;PPARG;PTGS1;PTGS2;RB1;RELA;SLC6A4;STAT1;STAT3;TNF;TP53;VCAM1,ABCG2;AHR;AKT1;ALOX5;BAX;BCL2;BIRC5;CASP3;CASP8;CCL2;CCND1;CD40LG;CDK4;CDKN1A;CHEK2;CHUK;CXCL10;CXCL8;CYP1A2;CYP3A4;DUOX2;EGFR;ERBB2;GSTM1;GSTP1;HIF1A;HMOX1;ICAM1;IFNG;IGF2;IKBKB;IL10;IL1A;IL1B;IL2;IL4;IL6;MAPK1;MMP1;MMP2;MMP3;MMP9;MPO;MYC;NFE2L2;NFKBIA;NOS2;NOS3;NR1I2;ODC1;PLAU;PPARA;PPARG;PTGS1;PTGS2;RB1;RELA;SLC6A4;STAT1;TNF;TP53;VCAM1,"Disease targets for Ulcerative Colitis; exact medicinal-material matches from TCMSP, HERB 2.0, and ETCM 2.0; provisional because database screening definitions are heterogeneous and safety/pair evidence remain incomplete",128,71
马齿苋,甘草,63,67,68,62,1,5,True,39.6356,4,4,68.0,60.0,0.0,45.2542,585,2,0.916,ABCG2;ADIPOQ;AHR;AKT1;ALOX5;BAX;BCL2;BIRC5;CASP3;CASP8;CAT;CCL2;CCND1;CD40LG;CDK4;CDKN1A;CHEK2;CHUK;CXCL10;CXCL8;CYP1A2;CYP3A4;DUOX2;EGFR;ERBB2;GSTM1;GSTP1;HIF1A;HMOX1;ICAM1;IFNG;IGF2;IKBKB;IL10;IL1A;IL1B;IL2;IL4;IL6;KDR;MAPK1;MAPK3;MET;MMP1;MMP2;MMP3;MMP9;MPO;MYC;NFE2L2;NFKBIA;NOS2;NOS3;NR1I2;ODC1;PLAU;PPARA;PPARG;PTGS1;PTGS2;RB1;RELA;SLC6A4;STAT1;STAT3;TNF;TP53;VCAM1,ABCG2;AHR;AKT1;ALOX5;BAX;BCL2;BIRC5;CASP3;CASP8;CCL2;CCND1;CD40LG;CDK4;CDKN1A;CHEK2;CHUK;CXCL10;CXCL8;CYP1A2;CYP3A4;DUOX2;EGFR;ERBB2;GSTM1;GSTP1;HIF1A;HMOX1;ICAM1;IFNG;IGF2;IKBKB;IL10;IL1A;IL1B;IL2;IL4;IL6;MAPK1;MMP1;MMP2;MMP3;MMP9;MPO;MYC;NFE2L2;NFKBIA;NOS2;NOS3;NR1I2;ODC1;PLAU;PPARA;PPARG;PTGS1;PTGS2;RB1;RELA;SLC6A4;STAT1;TNF;TP53;VCAM1,"Disease targets for Ulcerative Colitis; exact medicinal-material matches from TCMSP, HERB 2.0, and ETCM 2.0; provisional because database screening definitions are heterogeneous and safety/pair evidence remain incomplete",129,72
大枣,甘草,61,67,67,61,0,6,False,39.1573,4,4,68.0,60.0,0.0,45.0629,574,0,0,ABCG2;ADIPOQ;AHR;AKT1;ALOX5;BAX;BCL2;BIRC5;CASP3;CASP8;CAT;CCL2;CCND1;CD40LG;CDK4;CDKN1A;CHEK2;CHUK;CXCL10;CXCL8;CYP1A2;CYP3A4;DUOX2;EGFR;ERBB2;GSTM1;GSTP1;HIF1A;HMOX1;ICAM1;IFNG;IGF2;IKBKB;IL10;IL1A;IL1B;IL2;IL4;IL6;KDR;MAPK1;MAPK3;MMP1;MMP2;MMP3;MMP9;MPO;MYC;NFE2L2;NFKBIA;NOS2;NOS3;NR1I2;ODC1;PLAU;PPARA;PPARG;PTGS1;PTGS2;RB1;RELA;SLC6A4;STAT1;STAT3;TNF;TP53;VCAM1,ABCG2;AHR;AKT1;ALOX5;BAX;BCL2;BIRC5;CASP3;CASP8;CAT;CCL2;CCND1;CD40LG;CDKN1A;CHEK2;CHUK;CXCL10;CXCL8;CYP1A2;CYP3A4;DUOX2;EGFR;ERBB2;GSTM1;GSTP1;HIF1A;HMOX1;ICAM1;IFNG;IGF2;IL10;IL1A;IL1B;IL2;IL6;KDR;MAPK1;MMP1;MMP2;MMP3;MMP9;MPO;MYC;NFE2L2;NFKBIA;NOS2;NOS3;NR1I2;ODC1;PLAU;PPARA;PPARG;PTGS1;PTGS2;RB1;RELA;SLC6A4;STAT1;TNF;TP53;VCAM1,"Disease targets for Ulcerative Colitis; exact medicinal-material matches from TCMSP, HERB 2.0, and ETCM 2.0; provisional because database screening definitions are heterogeneous and safety/pair evidence remain incomplete",130,
金银花,大枣,63,61,65,59,4,2,True,38.2056,4,4,68.0,60.0,0.0,44.6822,517,1,0.851,ABCG2;AHR;AKT1;ALOX5;BAX;BCL2;BIRC5;CASP3;CASP8;CAT;CCL2;CCND1;CD40LG;CDK4;CDKN1A;CHEK2;CHUK;CXCL10;CXCL8;CYP1A2;CYP3A4;DUOX2;EGFR;ERBB2;GSTM1;GSTP1;HIF1A;HMOX1;ICAM1;IFNG;IGF2;IKBKB;IL10;IL1A;IL1B;IL2;IL4;IL6;KDR;MAPK1;MET;MMP1;MMP2;MMP3;MMP9;MPO;MYC;NFE2L2;NFKBIA;NOS2;NOS3;NR1I2;ODC1;PLAU;PPARA;PPARG;PTGS1;PTGS2;RB1;RELA;SLC6A4;STAT1;TNF;TP53;VCAM1,ABCG2;AHR;AKT1;ALOX5;BAX;BCL2;BIRC5;CASP3;CASP8;CCL2;CCND1;CD40LG;CDKN1A;CHEK2;CHUK;CXCL10;CXCL8;CYP1A2;CYP3A4;DUOX2;EGFR;ERBB2;GSTM1;GSTP1;HIF1A;HMOX1;ICAM1;IFNG;IGF2;IL10;IL1A;IL1B;IL2;IL6;MAPK1;MMP1;MMP2;MMP3;MMP9;MPO;MYC;NFE2L2;NFKBIA;NOS2;NOS3;NR1I2;ODC1;PLAU;PPARA;PPARG;PTGS1;PTGS2;RB1;RELA;SLC6A4;STAT1;TNF;TP53;VCAM1,"Disease targets for Ulcerative Colitis; exact medicinal-material matches from TCMSP, HERB 2.0, and ETCM 2.0; provisional because database screening definitions are heterogeneous and safety/pair evidence remain incomplete",131,73
马齿苋,大枣,63,61,65,59,4,2,True,38.2056,4,4,68.0,60.0,0.0,44.6822,517,1,0.851,ABCG2;AHR;AKT1;ALOX5;BAX;BCL2;BIRC5;CASP3;CASP8;CAT;CCL2;CCND1;CD40LG;CDK4;CDKN1A;CHEK2;CHUK;CXCL10;CXCL8;CYP1A2;CYP3A4;DUOX2;EGFR;ERBB2;GSTM1;GSTP1;HIF1A;HMOX1;ICAM1;IFNG;IGF2;IKBKB;IL10;IL1A;IL1B;IL2;IL4;IL6;KDR;MAPK1;MET;MMP1;MMP2;MMP3;MMP9;MPO;MYC;NFE2L2;NFKBIA;NOS2;NOS3;NR1I2;ODC1;PLAU;PPARA;PPARG;PTGS1;PTGS2;RB1;RELA;SLC6A4;STAT1;TNF;TP53;VCAM1,ABCG2;AHR;AKT1;ALOX5;BAX;BCL2;BIRC5;CASP3;CASP8;CCL2;CCND1;CD40LG;CDKN1A;CHEK2;CHUK;CXCL10;CXCL8;CYP1A2;CYP3A4;DUOX2;EGFR;ERBB2;GSTM1;GSTP1;HIF1A;HMOX1;ICAM1;IFNG;IGF2;IL10;IL1A;IL1B;IL2;IL6;MAPK1;MMP1;MMP2;MMP3;MMP9;MPO;MYC;NFE2L2;NFKBIA;NOS2;NOS3;NR1I2;ODC1;PLAU;PPARA;PPARG;PTGS1;PTGS2;RB1;RELA;SLC6A4;STAT1;TNF;TP53;VCAM1,"Disease targets for Ulcerative Colitis; exact medicinal-material matches from TCMSP, HERB 2.0, and ETCM 2.0; provisional because database screening definitions are heterogeneous and safety/pair evidence remain incomplete",132,74
薏苡仁,莲子,3,20,22,1,2,19,True,49.8632,2,3,52.3333,60.0,0.0,44.6453,32,8,0.8952,ABCG2;AHR;ALOX5;APEX1;CASP3;CHRNA7;CYP2C9;CYP3A4;EGFR;GPR35;HIF1A;KDR;MET;MMP9;MPO;NOD2;PLAU;PTGS1;PTGS2;SIRT1;SLC6A4;VEGFA,PLAU,"Disease targets for Ulcerative Colitis; exact medicinal-material matches from TCMSP, HERB 2.0, and ETCM 2.0; provisional because database screening definitions are heterogeneous and safety/pair evidence remain incomplete",133,75
莲子,生姜,20,8,25,3,17,5,True,48.4743,2,3,52.3333,60.0,0.0,44.0897,47,14,0.8586,ABCG2;AHR;ALOX5;APEX1;BAX;BCL2;CASP3;CASP8;CHRNA7;CYP2C9;CYP3A4;EGFR;GPR35;HIF1A;KDR;MET;MMP9;MPO;NOD2;PLAU;PTGS1;PTGS2;SIRT1;SLC6A4;VEGFA,CASP3;PLAU;SLC6A4,"Disease targets for Ulcerative Colitis; exact medicinal-material matches from TCMSP, HERB 2.0, and ETCM 2.0; provisional because database screening definitions are heterogeneous and safety/pair evidence remain incomplete",134,76
莲子,砂仁,20,8,25,3,17,5,True,48.4743,2,3,52.3333,60.0,0.0,44.0897,47,14,0.8586,ABCG2;AHR;ALOX5;APEX1;BAX;BCL2;CASP3;CASP8;CHRNA7;CYP2C9;CYP3A4;EGFR;GPR35;HIF1A;KDR;MET;MMP9;MPO;NOD2;PLAU;PTGS1;PTGS2;SIRT1;SLC6A4;VEGFA,CASP3;PLAU;SLC6A4,"Disease targets for Ulcerative Colitis; exact medicinal-material matches from TCMSP, HERB 2.0, and ETCM 2.0; provisional because database screening definitions are heterogeneous and safety/pair evidence remain incomplete",135,77
金银花,乌梅,63,61,64,60,3,1,True,36.4823,4,4,68.0,60.0,0.0,43.9929,514,0,0,ABCG2;AHR;AKT1;ALOX5;BAX;BCL2;BIRC5;CASP3;CASP8;CCL2;CCND1;CD40LG;CDK4;CDKN1A;CHEK2;CHUK;CXCL10;CXCL8;CYP1A2;CYP3A4;DUOX2;EGFR;ERBB2;GSTM1;GSTP1;HIF1A;HMOX1;ICAM1;IFNG;IGF2;IKBKB;IL10;IL1A;IL1B;IL2;IL4;IL6;MAPK1;MET;MMP1;MMP2;MMP3;MMP9;MPO;MYC;NFE2L2;NFKBIA;NOS2;NOS3;NR1I2;NR3C1;ODC1;PLAU;PPARA;PPARG;PTGS1;PTGS2;RB1;RELA;SLC6A4;STAT1;TNF;TP53;VCAM1,ABCG2;AHR;AKT1;ALOX5;BAX;BCL2;BIRC5;CASP3;CASP8;CCL2;CCND1;CD40LG;CDKN1A;CHEK2;CHUK;CXCL10;CXCL8;CYP1A2;CYP3A4;DUOX2;EGFR;ERBB2;GSTM1;GSTP1;HIF1A;HMOX1;ICAM1;IFNG;IGF2;IKBKB;IL10;IL1A;IL1B;IL2;IL6;MAPK1;MMP1;MMP2;MMP3;MMP9;MPO;MYC;NFE2L2;NFKBIA;NOS2;NOS3;NR1I2;ODC1;PLAU;PPARA;PPARG;PTGS1;PTGS2;RB1;RELA;SLC6A4;STAT1;TNF;TP53;VCAM1,"Disease targets for Ulcerative Colitis; exact medicinal-material matches from TCMSP, HERB 2.0, and ETCM 2.0; provisional because database screening definitions are heterogeneous and safety/pair evidence remain incomplete",136,78
马齿苋,乌梅,63,61,64,60,3,1,True,36.4823,4,4,68.0,60.0,0.0,43.9929,514,0,0,ABCG2;AHR;AKT1;ALOX5;BAX;BCL2;BIRC5;CASP3;CASP8;CCL2;CCND1;CD40LG;CDK4;CDKN1A;CHEK2;CHUK;CXCL10;CXCL8;CYP1A2;CYP3A4;DUOX2;EGFR;ERBB2;GSTM1;GSTP1;HIF1A;HMOX1;ICAM1;IFNG;IGF2;IKBKB;IL10;IL1A;IL1B;IL2;IL4;IL6;MAPK1;MET;MMP1;MMP2;MMP3;MMP9;MPO;MYC;NFE2L2;NFKBIA;NOS2;NOS3;NR1I2;NR3C1;ODC1;PLAU;PPARA;PPARG;PTGS1;PTGS2;RB1;RELA;SLC6A4;STAT1;TNF;TP53;VCAM1,ABCG2;AHR;AKT1;ALOX5;BAX;BCL2;BIRC5;CASP3;CASP8;CCL2;CCND1;CD40LG;CDKN1A;CHEK2;CHUK;CXCL10;CXCL8;CYP1A2;CYP3A4;DUOX2;EGFR;ERBB2;GSTM1;GSTP1;HIF1A;HMOX1;ICAM1;IFNG;IGF2;IKBKB;IL10;IL1A;IL1B;IL2;IL6;MAPK1;MMP1;MMP2;MMP3;MMP9;MPO;MYC;NFE2L2;NFKBIA;NOS2;NOS3;NR1I2;ODC1;PLAU;PPARA;PPARG;PTGS1;PTGS2;RB1;RELA;SLC6A4;STAT1;TNF;TP53;VCAM1,"Disease targets for Ulcerative Colitis; exact medicinal-material matches from TCMSP, HERB 2.0, and ETCM 2.0; provisional because database screening definitions are heterogeneous and safety/pair evidence remain incomplete",137,79
莲子,藿香,20,27,34,13,7,14,True,42.759,2,3,59.0,60.0,0.0,43.8036,63,10,0.8316,ABCG2;AHR;ALOX5;APEX1;CASP3;CHRNA7;CYP2C19;CYP2C9;CYP3A4;EGFR;ELANE;GPBAR1;GPR35;GSTM1;HIF1A;KDR;MET;MMP9;MPO;NLRP3;NOD2;NOS2;PLAU;PPARG;PTGS2;PTPN2;PTPRC;SI;SIRT1;SLC6A4;TERT;TNF;VDR;VEGFA,ABCG2;AHR;ALOX5;APEX1;CHRNA7;CYP2C9;CYP3A4;EGFR;GPR35;KDR;MET;MMP9;MPO,"Disease targets for Ulcerative Colitis; exact medicinal-material matches from TCMSP, HERB 2.0, and ETCM 2.0; provisional because database screening definitions are heterogeneous and safety/pair evidence remain incomplete",138,80
乌梅,大枣,61,61,63,59,2,2,True,35.991,4,4,68.0,60.0,0.0,43.7964,490,0,0,ABCG2;AHR;AKT1;ALOX5;BAX;BCL2;BIRC5;CASP3;CASP8;CAT;CCL2;CCND1;CD40LG;CDKN1A;CHEK2;CHUK;CXCL10;CXCL8;CYP1A2;CYP3A4;DUOX2;EGFR;ERBB2;GSTM1;GSTP1;HIF1A;HMOX1;ICAM1;IFNG;IGF2;IKBKB;IL10;IL1A;IL1B;IL2;IL6;KDR;MAPK1;MMP1;MMP2;MMP3;MMP9;MPO;MYC;NFE2L2;NFKBIA;NOS2;NOS3;NR1I2;NR3C1;ODC1;PLAU;PPARA;PPARG;PTGS1;PTGS2;RB1;RELA;SLC6A4;STAT1;TNF;TP53;VCAM1,ABCG2;AHR;AKT1;ALOX5;BAX;BCL2;BIRC5;CASP3;CASP8;CCL2;CCND1;CD40LG;CDKN1A;CHEK2;CHUK;CXCL10;CXCL8;CYP1A2;CYP3A4;DUOX2;EGFR;ERBB2;GSTM1;GSTP1;HIF1A;HMOX1;ICAM1;IFNG;IGF2;IL10;IL1A;IL1B;IL2;IL6;MAPK1;MMP1;MMP2;MMP3;MMP9;MPO;MYC;NFE2L2;NFKBIA;NOS2;NOS3;NR1I2;ODC1;PLAU;PPARA;PPARG;PTGS1;PTGS2;RB1;RELA;SLC6A4;STAT1;TNF;TP53;VCAM1,"Disease targets for Ulcerative Colitis; exact medicinal-material matches from TCMSP, HERB 2.0, and ETCM 2.0; provisional because database screening definitions are heterogeneous and safety/pair evidence remain incomplete",139,81
金银花,鱼腥草,63,59,63,59,4,0,False,35.991,4,4,68.0,60.0,0.0,43.7964,506,0,0,ABCG2;AHR;AKT1;ALOX5;BAX;BCL2;BIRC5;CASP3;CASP8;CCL2;CCND1;CD40LG;CDK4;CDKN1A;CHEK2;CHUK;CXCL10;CXCL8;CYP1A2;CYP3A4;DUOX2;EGFR;ERBB2;GSTM1;GSTP1;HIF1A;HMOX1;ICAM1;IFNG;IGF2;IKBKB;IL10;IL1A;IL1B;IL2;IL4;IL6;MAPK1;MET;MMP1;MMP2;MMP3;MMP9;MPO;MYC;NFE2L2;NFKBIA;NOS2;NOS3;NR1I2;ODC1;PLAU;PPARA;PPARG;PTGS1;PTGS2;RB1;RELA;SLC6A4;STAT1;TNF;TP53;VCAM1,ABCG2;AHR;AKT1;ALOX5;BAX;BCL2;BIRC5;CASP3;CASP8;CCL2;CCND1;CD40LG;CDKN1A;CHEK2;CHUK;CXCL10;CXCL8;CYP1A2;CYP3A4;DUOX2;EGFR;ERBB2;GSTM1;GSTP1;HIF1A;HMOX1;ICAM1;IFNG;IGF2;IKBKB;IL10;IL1A;IL1B;IL2;IL6;MAPK1;MMP1;MMP2;MMP3;MMP9;MPO;MYC;NFE2L2;NFKBIA;NOS2;NOS3;NR1I2;ODC1;PLAU;PPARA;PPARG;PTGS1;PTGS2;RB1;RELA;STAT1;TNF;TP53;VCAM1,"Disease targets for Ulcerative Colitis; exact medicinal-material matches from TCMSP, HERB 2.0, and ETCM 2.0; provisional because database screening definitions are heterogeneous and safety/pair evidence remain incomplete",140,
马齿苋,鱼腥草,63,59,63,59,4,0,False,35.991,4,4,68.0,60.0,0.0,43.7964,506,0,0,ABCG2;AHR;AKT1;ALOX5;BAX;BCL2;BIRC5;CASP3;CASP8;CCL2;CCND1;CD40LG;CDK4;CDKN1A;CHEK2;CHUK;CXCL10;CXCL8;CYP1A2;CYP3A4;DUOX2;EGFR;ERBB2;GSTM1;GSTP1;HIF1A;HMOX1;ICAM1;IFNG;IGF2;IKBKB;IL10;IL1A;IL1B;IL2;IL4;IL6;MAPK1;MET;MMP1;MMP2;MMP3;MMP9;MPO;MYC;NFE2L2;NFKBIA;NOS2;NOS3;NR1I2;ODC1;PLAU;PPARA;PPARG;PTGS1;PTGS2;RB1;RELA;SLC6A4;STAT1;TNF;TP53;VCAM1,ABCG2;AHR;AKT1;ALOX5;BAX;BCL2;BIRC5;CASP3;CASP8;CCL2;CCND1;CD40LG;CDKN1A;CHEK2;CHUK;CXCL10;CXCL8;CYP1A2;CYP3A4;DUOX2;EGFR;ERBB2;GSTM1;GSTP1;HIF1A;HMOX1;ICAM1;IFNG;IGF2;IKBKB;IL10;IL1A;IL1B;IL2;IL6;MAPK1;MMP1;MMP2;MMP3;MMP9;MPO;MYC;NFE2L2;NFKBIA;NOS2;NOS3;NR1I2;ODC1;PLAU;PPARA;PPARG;PTGS1;PTGS2;RB1;RELA;STAT1;TNF;TP53;VCAM1,"Disease targets for Ulcerative Colitis; exact medicinal-material matches from TCMSP, HERB 2.0, and ETCM 2.0; provisional because database screening definitions are heterogeneous and safety/pair evidence remain incomplete",141,
茯苓,山药,2,15,15,2,0,13,False,42.6313,2,3,59.0,60.0,0.0,43.7525,24,0,0,ABCC2;AKT1;CAT;CDKN1A;HIF1A;MTOR;NOS2;NR1I2;NR3C1;PLAU;PTGS1;PTGS2;RELA;SLC6A4;TP53,PTGS1;PTGS2,"Disease targets for Ulcerative Colitis; exact medicinal-material matches from TCMSP, HERB 2.0, and ETCM 2.0; provisional because database screening definitions are heterogeneous and safety/pair evidence remain incomplete",142,
鱼腥草,大枣,59,61,62,58,1,3,True,35.501,4,4,68.0,60.0,0.0,43.6004,482,0,0,ABCG2;AHR;AKT1;ALOX5;BAX;BCL2;BIRC5;CASP3;CASP8;CAT;CCL2;CCND1;CD40LG;CDKN1A;CHEK2;CHUK;CXCL10;CXCL8;CYP1A2;CYP3A4;DUOX2;EGFR;ERBB2;GSTM1;GSTP1;HIF1A;HMOX1;ICAM1;IFNG;IGF2;IKBKB;IL10;IL1A;IL1B;IL2;IL6;KDR;MAPK1;MMP1;MMP2;MMP3;MMP9;MPO;MYC;NFE2L2;NFKBIA;NOS2;NOS3;NR1I2;ODC1;PLAU;PPARA;PPARG;PTGS1;PTGS2;RB1;RELA;SLC6A4;STAT1;TNF;TP53;VCAM1,ABCG2;AHR;AKT1;ALOX5;BAX;BCL2;BIRC5;CASP3;CASP8;CCL2;CCND1;CD40LG;CDKN1A;CHEK2;CHUK;CXCL10;CXCL8;CYP1A2;CYP3A4;DUOX2;EGFR;ERBB2;GSTM1;GSTP1;HIF1A;HMOX1;ICAM1;IFNG;IGF2;IL10;IL1A;IL1B;IL2;IL6;MAPK1;MMP1;MMP2;MMP3;MMP9;MPO;MYC;NFE2L2;NFKBIA;NOS2;NOS3;NR1I2;ODC1;PLAU;PPARA;PPARG;PTGS1;PTGS2;RB1;RELA;STAT1;TNF;TP53;VCAM1,"Disease targets for Ulcerative Colitis; exact medicinal-material matches from TCMSP, HERB 2.0, and ETCM 2.0; provisional because database screening definitions are heterogeneous and safety/pair evidence remain incomplete",143,82
薏苡仁,陈皮,3,18,19,2,1,16,True,45.878,2,2,54.0,60.0,0.0,43.5512,52,1,0.871,ADIPOQ;AKT1;BAX;BCL2;CASP3;CAT;GSTP1;MAPK1;MAPK3;MMP9;NOS2;PLAU;PPARA;PPARG;PTGS1;PTGS2;RELA;TIMP1;TP53,PTGS1;PTGS2,"Disease targets for Ulcerative Colitis; exact medicinal-material matches from TCMSP, HERB 2.0, and ETCM 2.0; provisional because database screening definitions are heterogeneous and safety/pair evidence remain incomplete",144,83
栀子,金银花,60,63,63,60,0,3,False,35.3561,4,4,68.0,60.0,0.0,43.5424,506,0,0,ABCG2;AHR;AKT1;ALOX5;BAX;BCL2;BIRC5;CASP3;CASP8;CCL2;CCND1;CD40LG;CDK4;CDKN1A;CHEK2;CHUK;CXCL10;CXCL8;CYP1A2;CYP3A4;DUOX2;EGFR;ERBB2;GSTM1;GSTP1;HIF1A;HMOX1;ICAM1;IFNG;IGF2;IKBKB;IL10;IL1A;IL1B;IL2;IL4;IL6;MAPK1;MET;MMP1;MMP2;MMP3;MMP9;MPO;MYC;NFE2L2;NFKBIA;NOS2;NOS3;NR1I2;ODC1;PLAU;PPARA;PPARG;PTGS1;PTGS2;RB1;RELA;SLC6A4;STAT1;TNF;TP53;VCAM1,ABCG2;AHR;AKT1;ALOX5;BAX;BCL2;BIRC5;CASP3;CASP8;CCL2;CCND1;CD40LG;CDKN1A;CHEK2;CHUK;CXCL10;CXCL8;CYP1A2;CYP3A4;DUOX2;EGFR;ERBB2;GSTM1;GSTP1;HIF1A;HMOX1;ICAM1;IFNG;IGF2;IKBKB;IL10;IL1A;IL1B;IL2;IL6;MAPK1;MMP1;MMP2;MMP3;MMP9;MPO;MYC;NFE2L2;NFKBIA;NOS2;NOS3;NR1I2;ODC1;PLAU;PPARA;PPARG;PTGS1;PTGS2;RB1;RELA;SLC6A4;STAT1;TNF;TP53;VCAM1,"Disease targets for Ulcerative Colitis; exact medicinal-material matches from TCMSP, HERB 2.0, and ETCM 2.0; provisional because database screening definitions are heterogeneous and safety/pair evidence remain incomplete",145,
马齿苋,栀子,63,60,63,60,3,0,False,35.3561,4,4,68.0,60.0,0.0,43.5424,506,0,0,ABCG2;AHR;AKT1;ALOX5;BAX;BCL2;BIRC5;CASP3;CASP8;CCL2;CCND1;CD40LG;CDK4;CDKN1A;CHEK2;CHUK;CXCL10;CXCL8;CYP1A2;CYP3A4;DUOX2;EGFR;ERBB2;GSTM1;GSTP1;HIF1A;HMOX1;ICAM1;IFNG;IGF2;IKBKB;IL10;IL1A;IL1B;IL2;IL4;IL6;MAPK1;MET;MMP1;MMP2;MMP3;MMP9;MPO;MYC;NFE2L2;NFKBIA;NOS2;NOS3;NR1I2;ODC1;PLAU;PPARA;PPARG;PTGS1;PTGS2;RB1;RELA;SLC6A4;STAT1;TNF;TP53;VCAM1,ABCG2;AHR;AKT1;ALOX5;BAX;BCL2;BIRC5;CASP3;CASP8;CCL2;CCND1;CD40LG;CDKN1A;CHEK2;CHUK;CXCL10;CXCL8;CYP1A2;CYP3A4;DUOX2;EGFR;ERBB2;GSTM1;GSTP1;HIF1A;HMOX1;ICAM1;IFNG;IGF2;IKBKB;IL10;IL1A;IL1B;IL2;IL6;MAPK1;MMP1;MMP2;MMP3;MMP9;MPO;MYC;NFE2L2;NFKBIA;NOS2;NOS3;NR1I2;ODC1;PLAU;PPARA;PPARG;PTGS1;PTGS2;RB1;RELA;SLC6A4;STAT1;TNF;TP53;VCAM1,"Disease targets for Ulcerative Colitis; exact medicinal-material matches from TCMSP, HERB 2.0, and ETCM 2.0; provisional because database screening definitions are heterogeneous and safety/pair evidence remain incomplete",146,
栀子,大枣,60,61,62,59,1,2,True,34.8558,4,4,68.0,60.0,0.0,43.3423,482,0,0,ABCG2;AHR;AKT1;ALOX5;BAX;BCL2;BIRC5;CASP3;CASP8;CAT;CCL2;CCND1;CD40LG;CDKN1A;CHEK2;CHUK;CXCL10;CXCL8;CYP1A2;CYP3A4;DUOX2;EGFR;ERBB2;GSTM1;GSTP1;HIF1A;HMOX1;ICAM1;IFNG;IGF2;IKBKB;IL10;IL1A;IL1B;IL2;IL6;KDR;MAPK1;MMP1;MMP2;MMP3;MMP9;MPO;MYC;NFE2L2;NFKBIA;NOS2;NOS3;NR1I2;ODC1;PLAU;PPARA;PPARG;PTGS1;PTGS2;RB1;RELA;SLC6A4;STAT1;TNF;TP53;VCAM1,ABCG2;AHR;AKT1;ALOX5;BAX;BCL2;BIRC5;CASP3;CASP8;CCL2;CCND1;CD40LG;CDKN1A;CHEK2;CHUK;CXCL10;CXCL8;CYP1A2;CYP3A4;DUOX2;EGFR;ERBB2;GSTM1;GSTP1;HIF1A;HMOX1;ICAM1;IFNG;IGF2;IL10;IL1A;IL1B;IL2;IL6;MAPK1;MMP1;MMP2;MMP3;MMP9;MPO;MYC;NFE2L2;NFKBIA;NOS2;NOS3;NR1I2;ODC1;PLAU;PPARA;PPARG;PTGS1;PTGS2;RB1;RELA;SLC6A4;STAT1;TNF;TP53;VCAM1,"Disease targets for Ulcerative Colitis; exact medicinal-material matches from TCMSP, HERB 2.0, and ETCM 2.0; provisional because database screening definitions are heterogeneous and safety/pair evidence remain incomplete",147,84
陈皮,藿香,18,27,41,4,14,23,True,57.8675,1,1,37.0,60.0,0.0,43.247,118,31,0.8533,ABCG2;ADIPOQ;AHR;AKT1;ALOX5;APEX1;BAX;BCL2;CASP3;CAT;CHRNA7;CYP2C19;CYP2C9;CYP3A4;EGFR;ELANE;GPBAR1;GPR35;GSTM1;GSTP1;KDR;MAPK1;MAPK3;MET;MMP9;MPO;NLRP3;NOS2;PPARA;PPARG;PTGS1;PTGS2;PTPN2;PTPRC;RELA;SI;TERT;TIMP1;TNF;TP53;VDR,MMP9;NOS2;PPARG;PTGS2,"Disease targets for Ulcerative Colitis; exact medicinal-material matches from TCMSP, HERB 2.0, and ETCM 2.0; provisional because database screening definitions are heterogeneous and safety/pair evidence remain incomplete",148,85
鱼腥草,乌梅,59,61,61,59,0,2,False,33.7009,4,4,68.0,60.0,0.0,42.8803,480,0,0,ABCG2;AHR;AKT1;ALOX5;BAX;BCL2;BIRC5;CASP3;CASP8;CCL2;CCND1;CD40LG;CDKN1A;CHEK2;CHUK;CXCL10;CXCL8;CYP1A2;CYP3A4;DUOX2;EGFR;ERBB2;GSTM1;GSTP1;HIF1A;HMOX1;ICAM1;IFNG;IGF2;IKBKB;IL10;IL1A;IL1B;IL2;IL6;MAPK1;MMP1;MMP2;MMP3;MMP9;MPO;MYC;NFE2L2;NFKBIA;NOS2;NOS3;NR1I2;NR3C1;ODC1;PLAU;PPARA;PPARG;PTGS1;PTGS2;RB1;RELA;SLC6A4;STAT1;TNF;TP53;VCAM1,ABCG2;AHR;AKT1;ALOX5;BAX;BCL2;BIRC5;CASP3;CASP8;CCL2;CCND1;CD40LG;CDKN1A;CHEK2;CHUK;CXCL10;CXCL8;CYP1A2;CYP3A4;DUOX2;EGFR;ERBB2;GSTM1;GSTP1;HIF1A;HMOX1;ICAM1;IFNG;IGF2;IKBKB;IL10;IL1A;IL1B;IL2;IL6;MAPK1;MMP1;MMP2;MMP3;MMP9;MPO;MYC;NFE2L2;NFKBIA;NOS2;NOS3;NR1I2;ODC1;PLAU;PPARA;PPARG;PTGS1;PTGS2;RB1;RELA;STAT1;TNF;TP53;VCAM1,"Disease targets for Ulcerative Colitis; exact medicinal-material matches from TCMSP, HERB 2.0, and ETCM 2.0; provisional because database screening definitions are heterogeneous and safety/pair evidence remain incomplete",149,
砂仁,藿香,8,27,34,1,7,26,True,56.8766,1,1,37.0,60.0,0.0,42.8507,67,17,0.8442,ABCG2;AHR;ALOX5;APEX1;BAX;BCL2;CASP3;CASP8;CHRNA7;CYP2C19;CYP2C9;CYP3A4;EGFR;ELANE;GPBAR1;GPR35;GSTM1;KDR;MET;MMP9;MPO;NLRP3;NOS2;PLAU;PPARG;PTGS1;PTGS2;PTPN2;PTPRC;SI;SLC6A4;TERT;TNF;VDR,PTGS2,"Disease targets for Ulcerative Colitis; exact medicinal-material matches from TCMSP, HERB 2.0, and ETCM 2.0; provisional because database screening definitions are heterogeneous and safety/pair evidence remain incomplete",150,86
藿香,生姜,27,8,34,1,26,7,True,56.8766,1,1,37.0,60.0,0.0,42.8507,67,17,0.8442,ABCG2;AHR;ALOX5;APEX1;BAX;BCL2;CASP3;CASP8;CHRNA7;CYP2C19;CYP2C9;CYP3A4;EGFR;ELANE;GPBAR1;GPR35;GSTM1;KDR;MET;MMP9;MPO;NLRP3;NOS2;PLAU;PPARG;PTGS1;PTGS2;PTPN2;PTPRC;SI;SLC6A4;TERT;TNF;VDR,PTGS2,"Disease targets for Ulcerative Colitis; exact medicinal-material matches from TCMSP, HERB 2.0, and ETCM 2.0; provisional because database screening definitions are heterogeneous and safety/pair evidence remain incomplete",151,87
马齿苋,金银花,63,63,63,63,0,0,False,33.4513,4,4,68.0,60.0,0.0,42.7805,506,0,0,ABCG2;AHR;AKT1;ALOX5;BAX;BCL2;BIRC5;CASP3;CASP8;CCL2;CCND1;CD40LG;CDK4;CDKN1A;CHEK2;CHUK;CXCL10;CXCL8;CYP1A2;CYP3A4;DUOX2;EGFR;ERBB2;GSTM1;GSTP1;HIF1A;HMOX1;ICAM1;IFNG;IGF2;IKBKB;IL10;IL1A;IL1B;IL2;IL4;IL6;MAPK1;MET;MMP1;MMP2;MMP3;MMP9;MPO;MYC;NFE2L2;NFKBIA;NOS2;NOS3;NR1I2;ODC1;PLAU;PPARA;PPARG;PTGS1;PTGS2;RB1;RELA;SLC6A4;STAT1;TNF;TP53;VCAM1,ABCG2;AHR;AKT1;ALOX5;BAX;BCL2;BIRC5;CASP3;CASP8;CCL2;CCND1;CD40LG;CDK4;CDKN1A;CHEK2;CHUK;CXCL10;CXCL8;CYP1A2;CYP3A4;DUOX2;EGFR;ERBB2;GSTM1;GSTP1;HIF1A;HMOX1;ICAM1;IFNG;IGF2;IKBKB;IL10;IL1A;IL1B;IL2;IL4;IL6;MAPK1;MET;MMP1;MMP2;MMP3;MMP9;MPO;MYC;NFE2L2;NFKBIA;NOS2;NOS3;NR1I2;ODC1;PLAU;PPARA;PPARG;PTGS1;PTGS2;RB1;RELA;SLC6A4;STAT1;TNF;TP53;VCAM1,"Disease targets for Ulcerative Colitis; exact medicinal-material matches from TCMSP, HERB 2.0, and ETCM 2.0; provisional because database screening definitions are heterogeneous and safety/pair evidence remain incomplete",152,
栀子,乌梅,60,61,61,60,0,1,False,33.0451,4,4,68.0,60.0,0.0,42.618,480,0,0,ABCG2;AHR;AKT1;ALOX5;BAX;BCL2;BIRC5;CASP3;CASP8;CCL2;CCND1;CD40LG;CDKN1A;CHEK2;CHUK;CXCL10;CXCL8;CYP1A2;CYP3A4;DUOX2;EGFR;ERBB2;GSTM1;GSTP1;HIF1A;HMOX1;ICAM1;IFNG;IGF2;IKBKB;IL10;IL1A;IL1B;IL2;IL6;MAPK1;MMP1;MMP2;MMP3;MMP9;MPO;MYC;NFE2L2;NFKBIA;NOS2;NOS3;NR1I2;NR3C1;ODC1;PLAU;PPARA;PPARG;PTGS1;PTGS2;RB1;RELA;SLC6A4;STAT1;TNF;TP53;VCAM1,ABCG2;AHR;AKT1;ALOX5;BAX;BCL2;BIRC5;CASP3;CASP8;CCL2;CCND1;CD40LG;CDKN1A;CHEK2;CHUK;CXCL10;CXCL8;CYP1A2;CYP3A4;DUOX2;EGFR;ERBB2;GSTM1;GSTP1;HIF1A;HMOX1;ICAM1;IFNG;IGF2;IKBKB;IL10;IL1A;IL1B;IL2;IL6;MAPK1;MMP1;MMP2;MMP3;MMP9;MPO;MYC;NFE2L2;NFKBIA;NOS2;NOS3;NR1I2;ODC1;PLAU;PPARA;PPARG;PTGS1;PTGS2;RB1;RELA;SLC6A4;STAT1;TNF;TP53;VCAM1,"Disease targets for Ulcerative Colitis; exact medicinal-material matches from TCMSP, HERB 2.0, and ETCM 2.0; provisional because database screening definitions are heterogeneous and safety/pair evidence remain incomplete",153,
栀子,鱼腥草,60,59,60,59,1,0,False,32.5251,4,4,68.0,60.0,0.0,42.41,472,0,0,ABCG2;AHR;AKT1;ALOX5;BAX;BCL2;BIRC5;CASP3;CASP8;CCL2;CCND1;CD40LG;CDKN1A;CHEK2;CHUK;CXCL10;CXCL8;CYP1A2;CYP3A4;DUOX2;EGFR;ERBB2;GSTM1;GSTP1;HIF1A;HMOX1;ICAM1;IFNG;IGF2;IKBKB;IL10;IL1A;IL1B;IL2;IL6;MAPK1;MMP1;MMP2;MMP3;MMP9;MPO;MYC;NFE2L2;NFKBIA;NOS2;NOS3;NR1I2;ODC1;PLAU;PPARA;PPARG;PTGS1;PTGS2;RB1;RELA;SLC6A4;STAT1;TNF;TP53;VCAM1,ABCG2;AHR;AKT1;ALOX5;BAX;BCL2;BIRC5;CASP3;CASP8;CCL2;CCND1;CD40LG;CDKN1A;CHEK2;CHUK;CXCL10;CXCL8;CYP1A2;CYP3A4;DUOX2;EGFR;ERBB2;GSTM1;GSTP1;HIF1A;HMOX1;ICAM1;IFNG;IGF2;IKBKB;IL10;IL1A;IL1B;IL2;IL6;MAPK1;MMP1;MMP2;MMP3;MMP9;MPO;MYC;NFE2L2;NFKBIA;NOS2;NOS3;NR1I2;ODC1;PLAU;PPARA;PPARG;PTGS1;PTGS2;RB1;RELA;STAT1;TNF;TP53;VCAM1,"Disease targets for Ulcerative Colitis; exact medicinal-material matches from TCMSP, HERB 2.0, and ETCM 2.0; provisional because database screening definitions are heterogeneous and safety/pair evidence remain incomplete",154,
山药,莲子,15,20,32,3,12,17,True,53.2412,2,3,39.0,60.0,0.0,41.9965,80,33,0.8635,ABCC2;ABCG2;AHR;AKT1;ALOX5;APEX1;CASP3;CAT;CDKN1A;CHRNA7;CYP2C9;CYP3A4;EGFR;GPR35;HIF1A;KDR;MET;MMP9;MPO;MTOR;NOD2;NOS2;NR1I2;NR3C1;PLAU;PTGS1;PTGS2;RELA;SIRT1;SLC6A4;TP53;VEGFA,HIF1A;PLAU;SLC6A4,"Disease targets for Ulcerative Colitis; exact medicinal-material matches from TCMSP, HERB 2.0, and ETCM 2.0; provisional because database screening definitions are heterogeneous and safety/pair evidence remain incomplete",155,88
陈皮,生姜,18,8,21,5,13,3,True,41.6266,2,2,54.0,60.0,0.0,41.8507,62,7,0.8023,ADIPOQ;AKT1;BAX;BCL2;CASP3;CASP8;CAT;GSTP1;MAPK1;MAPK3;MMP9;NOS2;PLAU;PPARA;PPARG;PTGS1;PTGS2;RELA;SLC6A4;TIMP1;TP53,BAX;BCL2;CASP3;PTGS1;PTGS2,"Disease targets for Ulcerative Colitis; exact medicinal-material matches from TCMSP, HERB 2.0, and ETCM 2.0; provisional because database screening definitions are heterogeneous and safety/pair evidence remain incomplete",156,89
陈皮,砂仁,18,8,21,5,13,3,True,41.6266,2,2,54.0,60.0,0.0,41.8507,62,7,0.8023,ADIPOQ;AKT1;BAX;BCL2;CASP3;CASP8;CAT;GSTP1;MAPK1;MAPK3;MMP9;NOS2;PLAU;PPARA;PPARG;PTGS1;PTGS2;RELA;SLC6A4;TIMP1;TP53,BAX;BCL2;CASP3;PTGS1;PTGS2,"Disease targets for Ulcerative Colitis; exact medicinal-material matches from TCMSP, HERB 2.0, and ETCM 2.0; provisional because database screening definitions are heterogeneous and safety/pair evidence remain incomplete",157,90
薏苡仁,藿香,3,27,29,1,2,26,True,54.0189,1,1,37.0,60.0,0.0,41.7076,47,6,0.8713,ABCG2;AHR;ALOX5;APEX1;CHRNA7;CYP2C19;CYP2C9;CYP3A4;EGFR;ELANE;GPBAR1;GPR35;GSTM1;KDR;MET;MMP9;MPO;NLRP3;NOS2;PLAU;PPARG;PTGS1;PTGS2;PTPN2;PTPRC;SI;TERT;TNF;VDR,PTGS2,"Disease targets for Ulcerative Colitis; exact medicinal-material matches from TCMSP, HERB 2.0, and ETCM 2.0; provisional because database screening definitions are heterogeneous and safety/pair evidence remain incomplete",158,91
山药,生姜,15,8,19,4,11,4,True,41.6674,2,3,52.3333,60.0,0.0,41.367,50,17,0.8714,ABCC2;AKT1;BAX;BCL2;CASP3;CASP8;CAT;CDKN1A;HIF1A;MTOR;NOS2;NR1I2;NR3C1;PLAU;PTGS1;PTGS2;RELA;SLC6A4;TP53,PLAU;PTGS1;PTGS2;SLC6A4,"Disease targets for Ulcerative Colitis; exact medicinal-material matches from TCMSP, HERB 2.0, and ETCM 2.0; provisional because database screening definitions are heterogeneous and safety/pair evidence remain incomplete",159,92
山药,砂仁,15,8,19,4,11,4,True,41.6674,2,3,52.3333,60.0,0.0,41.367,50,17,0.8714,ABCC2;AKT1;BAX;BCL2;CASP3;CASP8;CAT;CDKN1A;HIF1A;MTOR;NOS2;NR1I2;NR3C1;PLAU;PTGS1;PTGS2;RELA;SLC6A4;TP53,PLAU;PTGS1;PTGS2;SLC6A4,"Disease targets for Ulcerative Colitis; exact medicinal-material matches from TCMSP, HERB 2.0, and ETCM 2.0; provisional because database screening definitions are heterogeneous and safety/pair evidence remain incomplete",160,93
薏苡仁,山药,3,15,15,3,0,12,False,39.9646,2,3,52.3333,60.0,0.0,40.6858,24,0,0,ABCC2;AKT1;CAT;CDKN1A;HIF1A;MTOR;NOS2;NR1I2;NR3C1;PLAU;PTGS1;PTGS2;RELA;SLC6A4;TP53,PLAU;PTGS1;PTGS2,"Disease targets for Ulcerative Colitis; exact medicinal-material matches from TCMSP, HERB 2.0, and ETCM 2.0; provisional because database screening definitions are heterogeneous and safety/pair evidence remain incomplete",161,
陈皮,莱菔子,18,0,18,0,18,0,False,49.5575,1,1,37.0,60.0,0.0,39.923,51,0,0,ADIPOQ;AKT1;BAX;BCL2;CASP3;CAT;GSTP1;MAPK1;MAPK3;MMP9;NOS2;PPARA;PPARG;PTGS1;PTGS2;RELA;TIMP1;TP53,,"Disease targets for Ulcerative Colitis; exact medicinal-material matches from TCMSP, HERB 2.0, and ETCM 2.0; provisional because database screening definitions are heterogeneous and safety/pair evidence remain incomplete",162,
白扁豆,陈皮,11,18,25,4,7,14,True,46.8743,1,1,37.0,60.0,0.0,38.8497,91,20,0.8691,ADIPOQ;AKT1;BAX;BCL2;CASP3;CASP8;CAT;CYP1A2;CYP3A4;GSTP1;HMOX1;MAPK1;MAPK3;MMP1;MMP2;MMP9;MYC;NOS2;PPARA;PPARG;PTGS1;PTGS2;RELA;TIMP1;TP53,AKT1;BCL2;CASP3;PTGS2,"Disease targets for Ulcerative Colitis; exact medicinal-material matches from TCMSP, HERB 2.0, and ETCM 2.0; provisional because database screening definitions are heterogeneous and safety/pair evidence remain incomplete",163,94
芡实,陈皮,11,18,25,4,7,14,True,46.8743,1,1,37.0,60.0,0.0,38.8497,91,20,0.8691,ADIPOQ;AKT1;BAX;BCL2;CASP3;CASP8;CAT;CYP1A2;CYP3A4;GSTP1;HMOX1;MAPK1;MAPK3;MMP1;MMP2;MMP9;MYC;NOS2;PPARA;PPARG;PTGS1;PTGS2;RELA;TIMP1;TP53,AKT1;BCL2;CASP3;PTGS2,"Disease targets for Ulcerative Colitis; exact medicinal-material matches from TCMSP, HERB 2.0, and ETCM 2.0; provisional because database screening definitions are heterogeneous and safety/pair evidence remain incomplete",164,95
茯苓,陈皮,2,18,18,2,0,16,False,45.1131,1,1,37.0,60.0,0.0,38.1452,51,0,0,ADIPOQ;AKT1;BAX;BCL2;CASP3;CAT;GSTP1;MAPK1;MAPK3;MMP9;NOS2;PPARA;PPARG;PTGS1;PTGS2;RELA;TIMP1;TP53,PTGS1;PTGS2,"Disease targets for Ulcerative Colitis; exact medicinal-material matches from TCMSP, HERB 2.0, and ETCM 2.0; provisional because database screening definitions are heterogeneous and safety/pair evidence remain incomplete",165,
砂仁,莱菔子,8,0,8,0,8,0,False,44.2478,1,1,37.0,60.0,0.0,37.7991,10,0,0,BAX;BCL2;CASP3;CASP8;PLAU;PTGS1;PTGS2;SLC6A4,,"Disease targets for Ulcerative Colitis; exact medicinal-material matches from TCMSP, HERB 2.0, and ETCM 2.0; provisional because database screening definitions are heterogeneous and safety/pair evidence remain incomplete",166,
莱菔子,生姜,0,8,8,0,0,8,False,44.2478,1,1,37.0,60.0,0.0,37.7991,10,0,0,BAX;BCL2;CASP3;CASP8;PLAU;PTGS1;PTGS2;SLC6A4,,"Disease targets for Ulcerative Colitis; exact medicinal-material matches from TCMSP, HERB 2.0, and ETCM 2.0; provisional because database screening definitions are heterogeneous and safety/pair evidence remain incomplete",167,
薏苡仁,白扁豆,3,11,13,1,2,10,True,43.8257,1,1,37.0,60.0,0.0,37.6303,30,3,0.7717,AKT1;BCL2;CASP3;CASP8;CYP1A2;CYP3A4;HMOX1;MMP1;MMP2;MYC;PLAU;PTGS1;PTGS2,PTGS2,"Disease targets for Ulcerative Colitis; exact medicinal-material matches from TCMSP, HERB 2.0, and ETCM 2.0; provisional because database screening definitions are heterogeneous and safety/pair evidence remain incomplete",168,96
薏苡仁,芡实,3,11,13,1,2,10,True,43.8257,1,1,37.0,60.0,0.0,37.6303,30,3,0.7717,AKT1;BCL2;CASP3;CASP8;CYP1A2;CYP3A4;HMOX1;MMP1;MMP2;MYC;PLAU;PTGS1;PTGS2,PTGS2,"Disease targets for Ulcerative Colitis; exact medicinal-material matches from TCMSP, HERB 2.0, and ETCM 2.0; provisional because database screening definitions are heterogeneous and safety/pair evidence remain incomplete",169,97
薏苡仁,莱菔子,3,0,3,0,3,0,False,41.5929,1,1,37.0,60.0,0.0,36.7372,1,0,0,PLAU;PTGS1;PTGS2,,"Disease targets for Ulcerative Colitis; exact medicinal-material matches from TCMSP, HERB 2.0, and ETCM 2.0; provisional because database screening definitions are heterogeneous and safety/pair evidence remain incomplete",170,
白扁豆,生姜,11,8,15,4,7,4,True,37.2979,1,1,37.0,60.0,0.0,35.0192,35,5,0.761,AKT1;BAX;BCL2;CASP3;CASP8;CYP1A2;CYP3A4;HMOX1;MMP1;MMP2;MYC;PLAU;PTGS1;PTGS2;SLC6A4,BCL2;CASP3;CASP8;PTGS2,"Disease targets for Ulcerative Colitis; exact medicinal-material matches from TCMSP, HERB 2.0, and ETCM 2.0; provisional because database screening definitions are heterogeneous and safety/pair evidence remain incomplete",171,98
白扁豆,砂仁,11,8,15,4,7,4,True,37.2979,1,1,37.0,60.0,0.0,35.0192,35,5,0.761,AKT1;BAX;BCL2;CASP3;CASP8;CYP1A2;CYP3A4;HMOX1;MMP1;MMP2;MYC;PLAU;PTGS1;PTGS2;SLC6A4,BCL2;CASP3;CASP8;PTGS2,"Disease targets for Ulcerative Colitis; exact medicinal-material matches from TCMSP, HERB 2.0, and ETCM 2.0; provisional because database screening definitions are heterogeneous and safety/pair evidence remain incomplete",172,99
芡实,生姜,11,8,15,4,7,4,True,37.2979,1,1,37.0,60.0,0.0,35.0192,35,5,0.761,AKT1;BAX;BCL2;CASP3;CASP8;CYP1A2;CYP3A4;HMOX1;MMP1;MMP2;MYC;PLAU;PTGS1;PTGS2;SLC6A4,BCL2;CASP3;CASP8;PTGS2,"Disease targets for Ulcerative Colitis; exact medicinal-material matches from TCMSP, HERB 2.0, and ETCM 2.0; provisional because database screening definitions are heterogeneous and safety/pair evidence remain incomplete",173,100
芡实,砂仁,11,8,15,4,7,4,True,37.2979,1,1,37.0,60.0,0.0,35.0192,35,5,0.761,AKT1;BAX;BCL2;CASP3;CASP8;CYP1A2;CYP3A4;HMOX1;MMP1;MMP2;MYC;PLAU;PTGS1;PTGS2;SLC6A4,BCL2;CASP3;CASP8;PTGS2,"Disease targets for Ulcerative Colitis; exact medicinal-material matches from TCMSP, HERB 2.0, and ETCM 2.0; provisional because database screening definitions are heterogeneous and safety/pair evidence remain incomplete",174,101
茯苓,生姜,2,8,8,2,0,6,False,34.2478,1,1,37.0,60.0,0.0,33.7991,10,0,0,BAX;BCL2;CASP3;CASP8;PLAU;PTGS1;PTGS2;SLC6A4,PTGS1;PTGS2,"Disease targets for Ulcerative Colitis; exact medicinal-material matches from TCMSP, HERB 2.0, and ETCM 2.0; provisional because database screening definitions are heterogeneous and safety/pair evidence remain incomplete",175,
茯苓,砂仁,2,8,8,2,0,6,False,34.2478,1,1,37.0,60.0,0.0,33.7991,10,0,0,BAX;BCL2;CASP3;CASP8;PLAU;PTGS1;PTGS2;SLC6A4,PTGS1;PTGS2,"Disease targets for Ulcerative Colitis; exact medicinal-material matches from TCMSP, HERB 2.0, and ETCM 2.0; provisional because database screening definitions are heterogeneous and safety/pair evidence remain incomplete",176,
白扁豆,藿香,11,27,36,2,9,25,True,56.8928,0,0,0.0,60.0,0.0,31.7571,102,36,0.8309,ABCG2;AHR;AKT1;ALOX5;APEX1;BCL2;CASP3;CASP8;CHRNA7;CYP1A2;CYP2C19;CYP2C9;CYP3A4;EGFR;ELANE;GPBAR1;GPR35;GSTM1;HMOX1;KDR;MET;MMP1;MMP2;MMP9;MPO;MYC;NLRP3;NOS2;PPARG;PTGS2;PTPN2;PTPRC;SI;TERT;TNF;VDR,CYP3A4;PTGS2,"Disease targets for Ulcerative Colitis; exact medicinal-material matches from TCMSP, HERB 2.0, and ETCM 2.0; provisional because database screening definitions are heterogeneous and safety/pair evidence remain incomplete",177,102
芡实,藿香,11,27,36,2,9,25,True,56.8928,0,0,0.0,60.0,0.0,31.7571,102,36,0.8309,ABCG2;AHR;AKT1;ALOX5;APEX1;BCL2;CASP3;CASP8;CHRNA7;CYP1A2;CYP2C19;CYP2C9;CYP3A4;EGFR;ELANE;GPBAR1;GPR35;GSTM1;HMOX1;KDR;MET;MMP1;MMP2;MMP9;MPO;MYC;NLRP3;NOS2;PPARG;PTGS2;PTPN2;PTPRC;SI;TERT;TNF;VDR,CYP3A4;PTGS2,"Disease targets for Ulcerative Colitis; exact medicinal-material matches from TCMSP, HERB 2.0, and ETCM 2.0; provisional because database screening definitions are heterogeneous and safety/pair evidence remain incomplete",178,103
藿香,莱菔子,27,0,27,0,27,0,False,54.3363,0,0,0.0,60.0,0.0,30.7345,40,0,0,ABCG2;AHR;ALOX5;APEX1;CHRNA7;CYP2C19;CYP2C9;CYP3A4;EGFR;ELANE;GPBAR1;GPR35;GSTM1;KDR;MET;MMP9;MPO;NLRP3;NOS2;PPARG;PTGS2;PTPN2;PTPRC;SI;TERT;TNF;VDR,,"Disease targets for Ulcerative Colitis; exact medicinal-material matches from TCMSP, HERB 2.0, and ETCM 2.0; provisional because database screening definitions are heterogeneous and safety/pair evidence remain incomplete",179,
茯苓,藿香,2,27,28,1,1,26,True,53.4387,0,0,0.0,60.0,0.0,30.3755,44,3,0.947,ABCG2;AHR;ALOX5;APEX1;CHRNA7;CYP2C19;CYP2C9;CYP3A4;EGFR;ELANE;GPBAR1;GPR35;GSTM1;KDR;MET;MMP9;MPO;NLRP3;NOS2;PPARG;PTGS1;PTGS2;PTPN2;PTPRC;SI;TERT;TNF;VDR,PTGS2,"Disease targets for Ulcerative Colitis; exact medicinal-material matches from TCMSP, HERB 2.0, and ETCM 2.0; provisional because database screening definitions are heterogeneous and safety/pair evidence remain incomplete",180,104
白扁豆,莱菔子,11,0,11,0,11,0,False,45.8407,0,0,0.0,60.0,0.0,27.3363,26,0,0,AKT1;BCL2;CASP3;CASP8;CYP1A2;CYP3A4;HMOX1;MMP1;MMP2;MYC;PTGS2,,"Disease targets for Ulcerative Colitis; exact medicinal-material matches from TCMSP, HERB 2.0, and ETCM 2.0; provisional because database screening definitions are heterogeneous and safety/pair evidence remain incomplete",181,
芡实,莱菔子,11,0,11,0,11,0,False,45.8407,0,0,0.0,60.0,0.0,27.3363,26,0,0,AKT1;BCL2;CASP3;CASP8;CYP1A2;CYP3A4;HMOX1;MMP1;MMP2;MYC;PTGS2,,"Disease targets for Ulcerative Colitis; exact medicinal-material matches from TCMSP, HERB 2.0, and ETCM 2.0; provisional because database screening definitions are heterogeneous and safety/pair evidence remain incomplete",182,
茯苓,白扁豆,2,11,12,1,1,10,True,43.0383,0,0,0.0,60.0,0.0,26.2153,27,0,0,AKT1;BCL2;CASP3;CASP8;CYP1A2;CYP3A4;HMOX1;MMP1;MMP2;MYC;PTGS1;PTGS2,PTGS2,"Disease targets for Ulcerative Colitis; exact medicinal-material matches from TCMSP, HERB 2.0, and ETCM 2.0; provisional because database screening definitions are heterogeneous and safety/pair evidence remain incomplete",183,105
茯苓,芡实,2,11,12,1,1,10,True,43.0383,0,0,0.0,60.0,0.0,26.2153,27,0,0,AKT1;BCL2;CASP3;CASP8;CYP1A2;CYP3A4;HMOX1;MMP1;MMP2;MYC;PTGS1;PTGS2,PTGS2,"Disease targets for Ulcerative Colitis; exact medicinal-material matches from TCMSP, HERB 2.0, and ETCM 2.0; provisional because database screening definitions are heterogeneous and safety/pair evidence remain incomplete",184,106
茯苓,薏苡仁,2,3,3,2,0,1,False,14.9263,1,1,37.0,60.0,0.0,26.0705,1,0,0,PLAU;PTGS1;PTGS2,PTGS1;PTGS2,"Disease targets for Ulcerative Colitis; exact medicinal-material matches from TCMSP, HERB 2.0, and ETCM 2.0; provisional because database screening definitions are heterogeneous and safety/pair evidence remain incomplete",185,
薏苡仁,生姜,3,8,8,3,0,5,False,29.2478,1,1,17.0,60.0,0.0,25.7991,10,0,0,BAX;BCL2;CASP3;CASP8;PLAU;PTGS1;PTGS2;SLC6A4,PLAU;PTGS1;PTGS2,"Disease targets for Ulcerative Colitis; exact medicinal-material matches from TCMSP, HERB 2.0, and ETCM 2.0; provisional because database screening definitions are heterogeneous and safety/pair evidence remain incomplete",186,
薏苡仁,砂仁,3,8,8,3,0,5,False,29.2478,1,1,17.0,60.0,0.0,25.7991,10,0,0,BAX;BCL2;CASP3;CASP8;PLAU;PTGS1;PTGS2;SLC6A4,PLAU;PTGS1;PTGS2,"Disease targets for Ulcerative Colitis; exact medicinal-material matches from TCMSP, HERB 2.0, and ETCM 2.0; provisional because database screening definitions are heterogeneous and safety/pair evidence remain incomplete",187,
茯苓,莱菔子,2,0,2,0,2,0,False,41.0619,0,0,0.0,60.0,0.0,25.4248,1,0,0,PTGS1;PTGS2,,"Disease targets for Ulcerative Colitis; exact medicinal-material matches from TCMSP, HERB 2.0, and ETCM 2.0; provisional because database screening definitions are heterogeneous and safety/pair evidence remain incomplete",188,
砂仁,生姜,8,8,8,8,0,0,False,4.2478,1,1,17.0,60.0,0.0,15.7991,10,0,0,BAX;BCL2;CASP3;CASP8;PLAU;PTGS1;PTGS2;SLC6A4,BAX;BCL2;CASP3;CASP8;PLAU;PTGS1;PTGS2;SLC6A4,"Disease targets for Ulcerative Colitis; exact medicinal-material matches from TCMSP, HERB 2.0, and ETCM 2.0; provisional because database screening definitions are heterogeneous and safety/pair evidence remain incomplete",189,
白扁豆,芡实,11,11,11,11,0,0,False,5.8407,0,0,0.0,60.0,0.0,11.3363,26,0,0,AKT1;BCL2;CASP3;CASP8;CYP1A2;CYP3A4;HMOX1;MMP1;MMP2;MYC;PTGS2,AKT1;BCL2;CASP3;CASP8;CYP1A2;CYP3A4;HMOX1;MMP1;MMP2;MYC;PTGS2,"Disease targets for Ulcerative Colitis; exact medicinal-material matches from TCMSP, HERB 2.0, and ETCM 2.0; provisional because database screening definitions are heterogeneous and safety/pair evidence remain incomplete",190,
