rank,pair_key,herb_a,herb_b,n_a,n_b,n_union,n_inter,weighted_common,complement,core_common_count,score_initial,selected,cutoff_tie,common_target_weights
1,甘草__马齿苋,甘草,马齿苋,67,63,68,62,133,0.09523809523809523,14,139.33333333333334,True,False,"[{""gene"": ""ABCG2"", ""grade"": ""normal"", ""weight"": 1}, {""gene"": ""AHR"", ""grade"": ""normal"", ""weight"": 1}, {""gene"": ""AKT1"", ""grade"": ""important"", ""weight"": 2}, {""gene"": ""ALOX5"", ""grade"": ""normal"", ""weight"": 1}, {""gene"": ""BAX"", ""grade"": ""important"", ""weight"": 2}, {""gene"": ""BCL2"", ""grade"": ""normal"", ""weight"": 1}, {""gene"": ""BIRC5"", ""grade"": ""normal"", ""weight"": 1}, {""gene"": ""CASP3"", ""grade"": ""important"", ""weight"": 2}, {""gene"": ""CASP8"", ""grade"": ""important"", ""weight"": 2}, {""gene"": ""CCL2"", ""grade"": ""normal"", ""weight"": 1}, {""gene"": ""CCND1"", ""grade"": ""important"", ""weight"": 2}, {""gene"": ""CD40LG"", ""grade"": ""normal"", ""weight"": 1}, {""gene"": ""CDK4"", ""grade"": ""normal"", ""weight"": 1}, {""gene"": ""CDKN1A"", ""grade"": ""normal"", ""weight"": 1}, {""gene"": ""CHEK2"", ""grade"": ""normal"", ""weight"": 1}, {""gene"": ""CHUK"", ""grade"": ""normal"", ""weight"": 1}, {""gene"": ""CXCL10"", ""grade"": ""core"", ""weight"": 5}, {""gene"": ""CXCL8"", ""grade"": ""core"", ""weight"": 5}, {""gene"": ""CYP1A2"", ""grade"": ""normal"", ""weight"": 1}, {""gene"": ""CYP3A4"", ""grade"": ""important"", ""weight"": 2}, {""gene"": ""DUOX2"", ""grade"": ""normal"", ""weight"": 1}, {""gene"": ""EGFR"", ""grade"": ""important"", ""weight"": 2}, {""gene"": ""ERBB2"", ""grade"": ""normal"", ""weight"": 1}, {""gene"": ""GSTM1"", ""grade"": ""normal"", ""weight"": 1}, {""gene"": ""GSTP1"", ""grade"": ""normal"", ""weight"": 1}, {""gene"": ""HIF1A"", ""grade"": ""important"", ""weight"": 2}, {""gene"": ""HMOX1"", ""grade"": ""normal"", ""weight"": 1}, {""gene"": ""ICAM1"", ""grade"": ""important"", ""weight"": 2}, {""gene"": ""IFNG"", ""grade"": ""core"", ""weight"": 5}, {""gene"": ""IGF2"", ""grade"": ""normal"", ""weight"": 1}, {""gene"": ""IKBKB"", ""grade"": ""normal"", ""weight"": 1}, {""gene"": ""IL10"", ""grade"": ""core"", ""weight"": 5}, {""gene"": ""IL1A"", ""grade"": ""normal"", ""weight"": 1}, {""gene"": ""IL1B"", ""grade"": ""core"", ""weight"": 5}, {""gene"": ""IL2"", ""grade"": ""core"", ""weight"": 5}, {""gene"": ""IL4"", ""grade"": ""core"", ""weight"": 5}, {""gene"": ""IL6"", ""grade"": ""core"", ""weight"": 5}, {""gene"": ""MAPK1"", ""grade"": ""normal"", ""weight"": 1}, {""gene"": ""MMP1"", ""grade"": ""normal"", ""weight"": 1}, {""gene"": ""MMP2"", ""grade"": ""normal"", ""weight"": 1}, {""gene"": ""MMP3"", ""grade"": ""normal"", ""weight"": 1}, {""gene"": ""MMP9"", ""grade"": ""important"", ""weight"": 2}, {""gene"": ""MPO"", ""grade"": ""important"", ""weight"": 2}, {""gene"": ""MYC"", ""grade"": ""important"", ""weight"": 2}, {""gene"": ""NFE2L2"", ""grade"": ""core"", ""weight"": 5}, {""gene"": ""NFKBIA"", ""grade"": ""important"", ""weight"": 2}, {""gene"": ""NOS2"", ""grade"": ""core"", ""weight"": 5}, {""gene"": ""NOS3"", ""grade"": ""normal"", ""weight"": 1}, {""gene"": ""NR1I2"", ""grade"": ""important"", ""weight"": 2}, {""gene"": ""ODC1"", ""grade"": ""normal"", ""weight"": 1}, {""gene"": ""PLAU"", ""grade"": ""normal"", ""weight"": 1}, {""gene"": ""PPARA"", ""grade"": ""normal"", ""weight"": 1}, {""gene"": ""PPARG"", ""grade"": ""core"", ""weight"": 5}, {""gene"": ""PTGS1"", ""grade"": ""important"", ""weight"": 2}, {""gene"": ""PTGS2"", ""grade"": ""core"", ""weight"": 5}, {""gene"": ""RB1"", ""grade"": ""normal"", ""weight"": 1}, {""gene"": ""RELA"", ""grade"": ""normal"", ""weight"": 1}, {""gene"": ""SLC6A4"", ""grade"": ""normal"", ""weight"": 1}, {""gene"": ""STAT1"", ""grade"": ""normal"", ""weight"": 1}, {""gene"": ""TNF"", ""grade"": ""core"", ""weight"": 5}, {""gene"": ""TP53"", ""grade"": ""core"", ""weight"": 5}, {""gene"": ""VCAM1"", ""grade"": ""normal"", ""weight"": 1}]"
2,甘草__黄芪,甘草,黄芪,67,63,68,62,133,0.09523809523809523,14,139.33333333333334,True,False,"[{""gene"": ""ABCG2"", ""grade"": ""normal"", ""weight"": 1}, {""gene"": ""AHR"", ""grade"": ""normal"", ""weight"": 1}, {""gene"": ""AKT1"", ""grade"": ""important"", ""weight"": 2}, {""gene"": ""ALOX5"", ""grade"": ""normal"", ""weight"": 1}, {""gene"": ""BAX"", ""grade"": ""important"", ""weight"": 2}, {""gene"": ""BCL2"", ""grade"": ""normal"", ""weight"": 1}, {""gene"": ""BIRC5"", ""grade"": ""normal"", ""weight"": 1}, {""gene"": ""CASP3"", ""grade"": ""important"", ""weight"": 2}, {""gene"": ""CASP8"", ""grade"": ""important"", ""weight"": 2}, {""gene"": ""CCL2"", ""grade"": ""normal"", ""weight"": 1}, {""gene"": ""CCND1"", ""grade"": ""important"", ""weight"": 2}, {""gene"": ""CD40LG"", ""grade"": ""normal"", ""weight"": 1}, {""gene"": ""CDKN1A"", ""grade"": ""normal"", ""weight"": 1}, {""gene"": ""CHEK2"", ""grade"": ""normal"", ""weight"": 1}, {""gene"": ""CHUK"", ""grade"": ""normal"", ""weight"": 1}, {""gene"": ""CXCL10"", ""grade"": ""core"", ""weight"": 5}, {""gene"": ""CXCL8"", ""grade"": ""core"", ""weight"": 5}, {""gene"": ""CYP1A2"", ""grade"": ""normal"", ""weight"": 1}, {""gene"": ""CYP3A4"", ""grade"": ""important"", ""weight"": 2}, {""gene"": ""DUOX2"", ""grade"": ""normal"", ""weight"": 1}, {""gene"": ""EGFR"", ""grade"": ""important"", ""weight"": 2}, {""gene"": ""ERBB2"", ""grade"": ""normal"", ""weight"": 1}, {""gene"": ""GSTM1"", ""grade"": ""normal"", ""weight"": 1}, {""gene"": ""GSTP1"", ""grade"": ""normal"", ""weight"": 1}, {""gene"": ""HIF1A"", ""grade"": ""important"", ""weight"": 2}, {""gene"": ""HMOX1"", ""grade"": ""normal"", ""weight"": 1}, {""gene"": ""ICAM1"", ""grade"": ""important"", ""weight"": 2}, {""gene"": ""IFNG"", ""grade"": ""core"", ""weight"": 5}, {""gene"": ""IGF2"", ""grade"": ""normal"", ""weight"": 1}, {""gene"": ""IKBKB"", ""grade"": ""normal"", ""weight"": 1}, {""gene"": ""IL10"", ""grade"": ""core"", ""weight"": 5}, {""gene"": ""IL1A"", ""grade"": ""normal"", ""weight"": 1}, {""gene"": ""IL1B"", ""grade"": ""core"", ""weight"": 5}, {""gene"": ""IL2"", ""grade"": ""core"", ""weight"": 5}, {""gene"": ""IL4"", ""grade"": ""core"", ""weight"": 5}, {""gene"": ""IL6"", ""grade"": ""core"", ""weight"": 5}, {""gene"": ""KDR"", ""grade"": ""normal"", ""weight"": 1}, {""gene"": ""MAPK1"", ""grade"": ""normal"", ""weight"": 1}, {""gene"": ""MMP1"", ""grade"": ""normal"", ""weight"": 1}, {""gene"": ""MMP2"", ""grade"": ""normal"", ""weight"": 1}, {""gene"": ""MMP3"", ""grade"": ""normal"", ""weight"": 1}, {""gene"": ""MMP9"", ""grade"": ""important"", ""weight"": 2}, {""gene"": ""MPO"", ""grade"": ""important"", ""weight"": 2}, {""gene"": ""MYC"", ""grade"": ""important"", ""weight"": 2}, {""gene"": ""NFE2L2"", ""grade"": ""core"", ""weight"": 5}, {""gene"": ""NFKBIA"", ""grade"": ""important"", ""weight"": 2}, {""gene"": ""NOS2"", ""grade"": ""core"", ""weight"": 5}, {""gene"": ""NOS3"", ""grade"": ""normal"", ""weight"": 1}, {""gene"": ""NR1I2"", ""grade"": ""important"", ""weight"": 2}, {""gene"": ""ODC1"", ""grade"": ""normal"", ""weight"": 1}, {""gene"": ""PLAU"", ""grade"": ""normal"", ""weight"": 1}, {""gene"": ""PPARA"", ""grade"": ""normal"", ""weight"": 1}, {""gene"": ""PPARG"", ""grade"": ""core"", ""weight"": 5}, {""gene"": ""PTGS1"", ""grade"": ""important"", ""weight"": 2}, {""gene"": ""PTGS2"", ""grade"": ""core"", ""weight"": 5}, {""gene"": ""RB1"", ""grade"": ""normal"", ""weight"": 1}, {""gene"": ""RELA"", ""grade"": ""normal"", ""weight"": 1}, {""gene"": ""SLC6A4"", ""grade"": ""normal"", ""weight"": 1}, {""gene"": ""STAT1"", ""grade"": ""normal"", ""weight"": 1}, {""gene"": ""TNF"", ""grade"": ""core"", ""weight"": 5}, {""gene"": ""TP53"", ""grade"": ""core"", ""weight"": 5}, {""gene"": ""VCAM1"", ""grade"": ""normal"", ""weight"": 1}]"
3,甘草__石榴皮,甘草,石榴皮,67,64,68,63,134,0.078125,14,139.234375,True,False,"[{""gene"": ""ABCG2"", ""grade"": ""normal"", ""weight"": 1}, {""gene"": ""AHR"", ""grade"": ""normal"", ""weight"": 1}, {""gene"": ""AKT1"", ""grade"": ""important"", ""weight"": 2}, {""gene"": ""ALOX5"", ""grade"": ""normal"", ""weight"": 1}, {""gene"": ""BAX"", ""grade"": ""important"", ""weight"": 2}, {""gene"": ""BCL2"", ""grade"": ""normal"", ""weight"": 1}, {""gene"": ""BIRC5"", ""grade"": ""normal"", ""weight"": 1}, {""gene"": ""CASP3"", ""grade"": ""important"", ""weight"": 2}, {""gene"": ""CASP8"", ""grade"": ""important"", ""weight"": 2}, {""gene"": ""CAT"", ""grade"": ""normal"", ""weight"": 1}, {""gene"": ""CCL2"", ""grade"": ""normal"", ""weight"": 1}, {""gene"": ""CCND1"", ""grade"": ""important"", ""weight"": 2}, {""gene"": ""CD40LG"", ""grade"": ""normal"", ""weight"": 1}, {""gene"": ""CDK4"", ""grade"": ""normal"", ""weight"": 1}, {""gene"": ""CDKN1A"", ""grade"": ""normal"", ""weight"": 1}, {""gene"": ""CHEK2"", ""grade"": ""normal"", ""weight"": 1}, {""gene"": ""CHUK"", ""grade"": ""normal"", ""weight"": 1}, {""gene"": ""CXCL10"", ""grade"": ""core"", ""weight"": 5}, {""gene"": ""CXCL8"", ""grade"": ""core"", ""weight"": 5}, {""gene"": ""CYP1A2"", ""grade"": ""normal"", ""weight"": 1}, {""gene"": ""CYP3A4"", ""grade"": ""important"", ""weight"": 2}, {""gene"": ""DUOX2"", ""grade"": ""normal"", ""weight"": 1}, {""gene"": ""EGFR"", ""grade"": ""important"", ""weight"": 2}, {""gene"": ""ERBB2"", ""grade"": ""normal"", ""weight"": 1}, {""gene"": ""GSTM1"", ""grade"": ""normal"", ""weight"": 1}, {""gene"": ""GSTP1"", ""grade"": ""normal"", ""weight"": 1}, {""gene"": ""HIF1A"", ""grade"": ""important"", ""weight"": 2}, {""gene"": ""HMOX1"", ""grade"": ""normal"", ""weight"": 1}, {""gene"": ""ICAM1"", ""grade"": ""important"", ""weight"": 2}, {""gene"": ""IFNG"", ""grade"": ""core"", ""weight"": 5}, {""gene"": ""IGF2"", ""grade"": ""normal"", ""weight"": 1}, {""gene"": ""IKBKB"", ""grade"": ""normal"", ""weight"": 1}, {""gene"": ""IL10"", ""grade"": ""core"", ""weight"": 5}, {""gene"": ""IL1A"", ""grade"": ""normal"", ""weight"": 1}, {""gene"": ""IL1B"", ""grade"": ""core"", ""weight"": 5}, {""gene"": ""IL2"", ""grade"": ""core"", ""weight"": 5}, {""gene"": ""IL4"", ""grade"": ""core"", ""weight"": 5}, {""gene"": ""IL6"", ""grade"": ""core"", ""weight"": 5}, {""gene"": ""MAPK1"", ""grade"": ""normal"", ""weight"": 1}, {""gene"": ""MMP1"", ""grade"": ""normal"", ""weight"": 1}, {""gene"": ""MMP2"", ""grade"": ""normal"", ""weight"": 1}, {""gene"": ""MMP3"", ""grade"": ""normal"", ""weight"": 1}, {""gene"": ""MMP9"", ""grade"": ""important"", ""weight"": 2}, {""gene"": ""MPO"", ""grade"": ""important"", ""weight"": 2}, {""gene"": ""MYC"", ""grade"": ""important"", ""weight"": 2}, {""gene"": ""NFE2L2"", ""grade"": ""core"", ""weight"": 5}, {""gene"": ""NFKBIA"", ""grade"": ""important"", ""weight"": 2}, {""gene"": ""NOS2"", ""grade"": ""core"", ""weight"": 5}, {""gene"": ""NOS3"", ""grade"": ""normal"", ""weight"": 1}, {""gene"": ""NR1I2"", ""grade"": ""important"", ""weight"": 2}, {""gene"": ""ODC1"", ""grade"": ""normal"", ""weight"": 1}, {""gene"": ""PLAU"", ""grade"": ""normal"", ""weight"": 1}, {""gene"": ""PPARA"", ""grade"": ""normal"", ""weight"": 1}, {""gene"": ""PPARG"", ""grade"": ""core"", ""weight"": 5}, {""gene"": ""PTGS1"", ""grade"": ""important"", ""weight"": 2}, {""gene"": ""PTGS2"", ""grade"": ""core"", ""weight"": 5}, {""gene"": ""RB1"", ""grade"": ""normal"", ""weight"": 1}, {""gene"": ""RELA"", ""grade"": ""normal"", ""weight"": 1}, {""gene"": ""SLC6A4"", ""grade"": ""normal"", ""weight"": 1}, {""gene"": ""STAT1"", ""grade"": ""normal"", ""weight"": 1}, {""gene"": ""TNF"", ""grade"": ""core"", ""weight"": 5}, {""gene"": ""TP53"", ""grade"": ""core"", ""weight"": 5}, {""gene"": ""VCAM1"", ""grade"": ""normal"", ""weight"": 1}]"
4,石榴皮__黄芪,石榴皮,黄芪,64,63,65,62,133,0.047619047619047616,14,136.16666666666666,True,False,"[{""gene"": ""ABCG2"", ""grade"": ""normal"", ""weight"": 1}, {""gene"": ""AHR"", ""grade"": ""normal"", ""weight"": 1}, {""gene"": ""AKT1"", ""grade"": ""important"", ""weight"": 2}, {""gene"": ""ALOX5"", ""grade"": ""normal"", ""weight"": 1}, {""gene"": ""BAX"", ""grade"": ""important"", ""weight"": 2}, {""gene"": ""BCL2"", ""grade"": ""normal"", ""weight"": 1}, {""gene"": ""BIRC5"", ""grade"": ""normal"", ""weight"": 1}, {""gene"": ""CASP3"", ""grade"": ""important"", ""weight"": 2}, {""gene"": ""CASP8"", ""grade"": ""important"", ""weight"": 2}, {""gene"": ""CCL2"", ""grade"": ""normal"", ""weight"": 1}, {""gene"": ""CCND1"", ""grade"": ""important"", ""weight"": 2}, {""gene"": ""CD40LG"", ""grade"": ""normal"", ""weight"": 1}, {""gene"": ""CDKN1A"", ""grade"": ""normal"", ""weight"": 1}, {""gene"": ""CHEK2"", ""grade"": ""normal"", ""weight"": 1}, {""gene"": ""CHUK"", ""grade"": ""normal"", ""weight"": 1}, {""gene"": ""CXCL10"", ""grade"": ""core"", ""weight"": 5}, {""gene"": ""CXCL8"", ""grade"": ""core"", ""weight"": 5}, {""gene"": ""CYP1A2"", ""grade"": ""normal"", ""weight"": 1}, {""gene"": ""CYP3A4"", ""grade"": ""important"", ""weight"": 2}, {""gene"": ""DUOX2"", ""grade"": ""normal"", ""weight"": 1}, {""gene"": ""EGFR"", ""grade"": ""important"", ""weight"": 2}, {""gene"": ""ERBB2"", ""grade"": ""normal"", ""weight"": 1}, {""gene"": ""GSTM1"", ""grade"": ""normal"", ""weight"": 1}, {""gene"": ""GSTP1"", ""grade"": ""normal"", ""weight"": 1}, {""gene"": ""HIF1A"", ""grade"": ""important"", ""weight"": 2}, {""gene"": ""HMOX1"", ""grade"": ""normal"", ""weight"": 1}, {""gene"": ""ICAM1"", ""grade"": ""important"", ""weight"": 2}, {""gene"": ""IFNG"", ""grade"": ""core"", ""weight"": 5}, {""gene"": ""IGF2"", ""grade"": ""normal"", ""weight"": 1}, {""gene"": ""IKBKB"", ""grade"": ""normal"", ""weight"": 1}, {""gene"": ""IL10"", ""grade"": ""core"", ""weight"": 5}, {""gene"": ""IL1A"", ""grade"": ""normal"", ""weight"": 1}, {""gene"": ""IL1B"", ""grade"": ""core"", ""weight"": 5}, {""gene"": ""IL2"", ""grade"": ""core"", ""weight"": 5}, {""gene"": ""IL4"", ""grade"": ""core"", ""weight"": 5}, {""gene"": ""IL6"", ""grade"": ""core"", ""weight"": 5}, {""gene"": ""MAPK1"", ""grade"": ""normal"", ""weight"": 1}, {""gene"": ""MET"", ""grade"": ""normal"", ""weight"": 1}, {""gene"": ""MMP1"", ""grade"": ""normal"", ""weight"": 1}, {""gene"": ""MMP2"", ""grade"": ""normal"", ""weight"": 1}, {""gene"": ""MMP3"", ""grade"": ""normal"", ""weight"": 1}, {""gene"": ""MMP9"", ""grade"": ""important"", ""weight"": 2}, {""gene"": ""MPO"", ""grade"": ""important"", ""weight"": 2}, {""gene"": ""MYC"", ""grade"": ""important"", ""weight"": 2}, {""gene"": ""NFE2L2"", ""grade"": ""core"", ""weight"": 5}, {""gene"": ""NFKBIA"", ""grade"": ""important"", ""weight"": 2}, {""gene"": ""NOS2"", ""grade"": ""core"", ""weight"": 5}, {""gene"": ""NOS3"", ""grade"": ""normal"", ""weight"": 1}, {""gene"": ""NR1I2"", ""grade"": ""important"", ""weight"": 2}, {""gene"": ""ODC1"", ""grade"": ""normal"", ""weight"": 1}, {""gene"": ""PLAU"", ""grade"": ""normal"", ""weight"": 1}, {""gene"": ""PPARA"", ""grade"": ""normal"", ""weight"": 1}, {""gene"": ""PPARG"", ""grade"": ""core"", ""weight"": 5}, {""gene"": ""PTGS1"", ""grade"": ""important"", ""weight"": 2}, {""gene"": ""PTGS2"", ""grade"": ""core"", ""weight"": 5}, {""gene"": ""RB1"", ""grade"": ""normal"", ""weight"": 1}, {""gene"": ""RELA"", ""grade"": ""normal"", ""weight"": 1}, {""gene"": ""SLC6A4"", ""grade"": ""normal"", ""weight"": 1}, {""gene"": ""STAT1"", ""grade"": ""normal"", ""weight"": 1}, {""gene"": ""TNF"", ""grade"": ""core"", ""weight"": 5}, {""gene"": ""TP53"", ""grade"": ""core"", ""weight"": 5}, {""gene"": ""VCAM1"", ""grade"": ""normal"", ""weight"": 1}]"
5,乌梅__甘草,乌梅,甘草,61,67,68,60,127,0.13114754098360656,13,135.32786885245903,True,False,"[{""gene"": ""ABCG2"", ""grade"": ""normal"", ""weight"": 1}, {""gene"": ""AHR"", ""grade"": ""normal"", ""weight"": 1}, {""gene"": ""AKT1"", ""grade"": ""important"", ""weight"": 2}, {""gene"": ""ALOX5"", ""grade"": ""normal"", ""weight"": 1}, {""gene"": ""BAX"", ""grade"": ""important"", ""weight"": 2}, {""gene"": ""BCL2"", ""grade"": ""normal"", ""weight"": 1}, {""gene"": ""BIRC5"", ""grade"": ""normal"", ""weight"": 1}, {""gene"": ""CASP3"", ""grade"": ""important"", ""weight"": 2}, {""gene"": ""CASP8"", ""grade"": ""important"", ""weight"": 2}, {""gene"": ""CCL2"", ""grade"": ""normal"", ""weight"": 1}, {""gene"": ""CCND1"", ""grade"": ""important"", ""weight"": 2}, {""gene"": ""CD40LG"", ""grade"": ""normal"", ""weight"": 1}, {""gene"": ""CDKN1A"", ""grade"": ""normal"", ""weight"": 1}, {""gene"": ""CHEK2"", ""grade"": ""normal"", ""weight"": 1}, {""gene"": ""CHUK"", ""grade"": ""normal"", ""weight"": 1}, {""gene"": ""CXCL10"", ""grade"": ""core"", ""weight"": 5}, {""gene"": ""CXCL8"", ""grade"": ""core"", ""weight"": 5}, {""gene"": ""CYP1A2"", ""grade"": ""normal"", ""weight"": 1}, {""gene"": ""CYP3A4"", ""grade"": ""important"", ""weight"": 2}, {""gene"": ""DUOX2"", ""grade"": ""normal"", ""weight"": 1}, {""gene"": ""EGFR"", ""grade"": ""important"", ""weight"": 2}, {""gene"": ""ERBB2"", ""grade"": ""normal"", ""weight"": 1}, {""gene"": ""GSTM1"", ""grade"": ""normal"", ""weight"": 1}, {""gene"": ""GSTP1"", ""grade"": ""normal"", ""weight"": 1}, {""gene"": ""HIF1A"", ""grade"": ""important"", ""weight"": 2}, {""gene"": ""HMOX1"", ""grade"": ""normal"", ""weight"": 1}, {""gene"": ""ICAM1"", ""grade"": ""important"", ""weight"": 2}, {""gene"": ""IFNG"", ""grade"": ""core"", ""weight"": 5}, {""gene"": ""IGF2"", ""grade"": ""normal"", ""weight"": 1}, {""gene"": ""IKBKB"", ""grade"": ""normal"", ""weight"": 1}, {""gene"": ""IL10"", ""grade"": ""core"", ""weight"": 5}, {""gene"": ""IL1A"", ""grade"": ""normal"", ""weight"": 1}, {""gene"": ""IL1B"", ""grade"": ""core"", ""weight"": 5}, {""gene"": ""IL2"", ""grade"": ""core"", ""weight"": 5}, {""gene"": ""IL6"", ""grade"": ""core"", ""weight"": 5}, {""gene"": ""MAPK1"", ""grade"": ""normal"", ""weight"": 1}, {""gene"": ""MMP1"", ""grade"": ""normal"", ""weight"": 1}, {""gene"": ""MMP2"", ""grade"": ""normal"", ""weight"": 1}, {""gene"": ""MMP3"", ""grade"": ""normal"", ""weight"": 1}, {""gene"": ""MMP9"", ""grade"": ""important"", ""weight"": 2}, {""gene"": ""MPO"", ""grade"": ""important"", ""weight"": 2}, {""gene"": ""MYC"", ""grade"": ""important"", ""weight"": 2}, {""gene"": ""NFE2L2"", ""grade"": ""core"", ""weight"": 5}, {""gene"": ""NFKBIA"", ""grade"": ""important"", ""weight"": 2}, {""gene"": ""NOS2"", ""grade"": ""core"", ""weight"": 5}, {""gene"": ""NOS3"", ""grade"": ""normal"", ""weight"": 1}, {""gene"": ""NR1I2"", ""grade"": ""important"", ""weight"": 2}, {""gene"": ""ODC1"", ""grade"": ""normal"", ""weight"": 1}, {""gene"": ""PLAU"", ""grade"": ""normal"", ""weight"": 1}, {""gene"": ""PPARA"", ""grade"": ""normal"", ""weight"": 1}, {""gene"": ""PPARG"", ""grade"": ""core"", ""weight"": 5}, {""gene"": ""PTGS1"", ""grade"": ""important"", ""weight"": 2}, {""gene"": ""PTGS2"", ""grade"": ""core"", ""weight"": 5}, {""gene"": ""RB1"", ""grade"": ""normal"", ""weight"": 1}, {""gene"": ""RELA"", ""grade"": ""normal"", ""weight"": 1}, {""gene"": ""SLC6A4"", ""grade"": ""normal"", ""weight"": 1}, {""gene"": ""STAT1"", ""grade"": ""normal"", ""weight"": 1}, {""gene"": ""TNF"", ""grade"": ""core"", ""weight"": 5}, {""gene"": ""TP53"", ""grade"": ""core"", ""weight"": 5}, {""gene"": ""VCAM1"", ""grade"": ""normal"", ""weight"": 1}]"
6,马齿苋__黄芪,马齿苋,黄芪,63,63,64,62,133,0.031746031746031744,14,135.11111111111111,True,False,"[{""gene"": ""ABCG2"", ""grade"": ""normal"", ""weight"": 1}, {""gene"": ""AHR"", ""grade"": ""normal"", ""weight"": 1}, {""gene"": ""AKT1"", ""grade"": ""important"", ""weight"": 2}, {""gene"": ""ALOX5"", ""grade"": ""normal"", ""weight"": 1}, {""gene"": ""BAX"", ""grade"": ""important"", ""weight"": 2}, {""gene"": ""BCL2"", ""grade"": ""normal"", ""weight"": 1}, {""gene"": ""BIRC5"", ""grade"": ""normal"", ""weight"": 1}, {""gene"": ""CASP3"", ""grade"": ""important"", ""weight"": 2}, {""gene"": ""CASP8"", ""grade"": ""important"", ""weight"": 2}, {""gene"": ""CCL2"", ""grade"": ""normal"", ""weight"": 1}, {""gene"": ""CCND1"", ""grade"": ""important"", ""weight"": 2}, {""gene"": ""CD40LG"", ""grade"": ""normal"", ""weight"": 1}, {""gene"": ""CDKN1A"", ""grade"": ""normal"", ""weight"": 1}, {""gene"": ""CHEK2"", ""grade"": ""normal"", ""weight"": 1}, {""gene"": ""CHUK"", ""grade"": ""normal"", ""weight"": 1}, {""gene"": ""CXCL10"", ""grade"": ""core"", ""weight"": 5}, {""gene"": ""CXCL8"", ""grade"": ""core"", ""weight"": 5}, {""gene"": ""CYP1A2"", ""grade"": ""normal"", ""weight"": 1}, {""gene"": ""CYP3A4"", ""grade"": ""important"", ""weight"": 2}, {""gene"": ""DUOX2"", ""grade"": ""normal"", ""weight"": 1}, {""gene"": ""EGFR"", ""grade"": ""important"", ""weight"": 2}, {""gene"": ""ERBB2"", ""grade"": ""normal"", ""weight"": 1}, {""gene"": ""GSTM1"", ""grade"": ""normal"", ""weight"": 1}, {""gene"": ""GSTP1"", ""grade"": ""normal"", ""weight"": 1}, {""gene"": ""HIF1A"", ""grade"": ""important"", ""weight"": 2}, {""gene"": ""HMOX1"", ""grade"": ""normal"", ""weight"": 1}, {""gene"": ""ICAM1"", ""grade"": ""important"", ""weight"": 2}, {""gene"": ""IFNG"", ""grade"": ""core"", ""weight"": 5}, {""gene"": ""IGF2"", ""grade"": ""normal"", ""weight"": 1}, {""gene"": ""IKBKB"", ""grade"": ""normal"", ""weight"": 1}, {""gene"": ""IL10"", ""grade"": ""core"", ""weight"": 5}, {""gene"": ""IL1A"", ""grade"": ""normal"", ""weight"": 1}, {""gene"": ""IL1B"", ""grade"": ""core"", ""weight"": 5}, {""gene"": ""IL2"", ""grade"": ""core"", ""weight"": 5}, {""gene"": ""IL4"", ""grade"": ""core"", ""weight"": 5}, {""gene"": ""IL6"", ""grade"": ""core"", ""weight"": 5}, {""gene"": ""MAPK1"", ""grade"": ""normal"", ""weight"": 1}, {""gene"": ""MET"", ""grade"": ""normal"", ""weight"": 1}, {""gene"": ""MMP1"", ""grade"": ""normal"", ""weight"": 1}, {""gene"": ""MMP2"", ""grade"": ""normal"", ""weight"": 1}, {""gene"": ""MMP3"", ""grade"": ""normal"", ""weight"": 1}, {""gene"": ""MMP9"", ""grade"": ""important"", ""weight"": 2}, {""gene"": ""MPO"", ""grade"": ""important"", ""weight"": 2}, {""gene"": ""MYC"", ""grade"": ""important"", ""weight"": 2}, {""gene"": ""NFE2L2"", ""grade"": ""core"", ""weight"": 5}, {""gene"": ""NFKBIA"", ""grade"": ""important"", ""weight"": 2}, {""gene"": ""NOS2"", ""grade"": ""core"", ""weight"": 5}, {""gene"": ""NOS3"", ""grade"": ""normal"", ""weight"": 1}, {""gene"": ""NR1I2"", ""grade"": ""important"", ""weight"": 2}, {""gene"": ""ODC1"", ""grade"": ""normal"", ""weight"": 1}, {""gene"": ""PLAU"", ""grade"": ""normal"", ""weight"": 1}, {""gene"": ""PPARA"", ""grade"": ""normal"", ""weight"": 1}, {""gene"": ""PPARG"", ""grade"": ""core"", ""weight"": 5}, {""gene"": ""PTGS1"", ""grade"": ""important"", ""weight"": 2}, {""gene"": ""PTGS2"", ""grade"": ""core"", ""weight"": 5}, {""gene"": ""RB1"", ""grade"": ""normal"", ""weight"": 1}, {""gene"": ""RELA"", ""grade"": ""normal"", ""weight"": 1}, {""gene"": ""SLC6A4"", ""grade"": ""normal"", ""weight"": 1}, {""gene"": ""STAT1"", ""grade"": ""normal"", ""weight"": 1}, {""gene"": ""TNF"", ""grade"": ""core"", ""weight"": 5}, {""gene"": ""TP53"", ""grade"": ""core"", ""weight"": 5}, {""gene"": ""VCAM1"", ""grade"": ""normal"", ""weight"": 1}]"
7,石榴皮__马齿苋,石榴皮,马齿苋,64,63,64,63,134,0.015873015873015872,14,135.06349206349205,True,False,"[{""gene"": ""ABCG2"", ""grade"": ""normal"", ""weight"": 1}, {""gene"": ""AHR"", ""grade"": ""normal"", ""weight"": 1}, {""gene"": ""AKT1"", ""grade"": ""important"", ""weight"": 2}, {""gene"": ""ALOX5"", ""grade"": ""normal"", ""weight"": 1}, {""gene"": ""BAX"", ""grade"": ""important"", ""weight"": 2}, {""gene"": ""BCL2"", ""grade"": ""normal"", ""weight"": 1}, {""gene"": ""BIRC5"", ""grade"": ""normal"", ""weight"": 1}, {""gene"": ""CASP3"", ""grade"": ""important"", ""weight"": 2}, {""gene"": ""CASP8"", ""grade"": ""important"", ""weight"": 2}, {""gene"": ""CCL2"", ""grade"": ""normal"", ""weight"": 1}, {""gene"": ""CCND1"", ""grade"": ""important"", ""weight"": 2}, {""gene"": ""CD40LG"", ""grade"": ""normal"", ""weight"": 1}, {""gene"": ""CDK4"", ""grade"": ""normal"", ""weight"": 1}, {""gene"": ""CDKN1A"", ""grade"": ""normal"", ""weight"": 1}, {""gene"": ""CHEK2"", ""grade"": ""normal"", ""weight"": 1}, {""gene"": ""CHUK"", ""grade"": ""normal"", ""weight"": 1}, {""gene"": ""CXCL10"", ""grade"": ""core"", ""weight"": 5}, {""gene"": ""CXCL8"", ""grade"": ""core"", ""weight"": 5}, {""gene"": ""CYP1A2"", ""grade"": ""normal"", ""weight"": 1}, {""gene"": ""CYP3A4"", ""grade"": ""important"", ""weight"": 2}, {""gene"": ""DUOX2"", ""grade"": ""normal"", ""weight"": 1}, {""gene"": ""EGFR"", ""grade"": ""important"", ""weight"": 2}, {""gene"": ""ERBB2"", ""grade"": ""normal"", ""weight"": 1}, {""gene"": ""GSTM1"", ""grade"": ""normal"", ""weight"": 1}, {""gene"": ""GSTP1"", ""grade"": ""normal"", ""weight"": 1}, {""gene"": ""HIF1A"", ""grade"": ""important"", ""weight"": 2}, {""gene"": ""HMOX1"", ""grade"": ""normal"", ""weight"": 1}, {""gene"": ""ICAM1"", ""grade"": ""important"", ""weight"": 2}, {""gene"": ""IFNG"", ""grade"": ""core"", ""weight"": 5}, {""gene"": ""IGF2"", ""grade"": ""normal"", ""weight"": 1}, {""gene"": ""IKBKB"", ""grade"": ""normal"", ""weight"": 1}, {""gene"": ""IL10"", ""grade"": ""core"", ""weight"": 5}, {""gene"": ""IL1A"", ""grade"": ""normal"", ""weight"": 1}, {""gene"": ""IL1B"", ""grade"": ""core"", ""weight"": 5}, {""gene"": ""IL2"", ""grade"": ""core"", ""weight"": 5}, {""gene"": ""IL4"", ""grade"": ""core"", ""weight"": 5}, {""gene"": ""IL6"", ""grade"": ""core"", ""weight"": 5}, {""gene"": ""MAPK1"", ""grade"": ""normal"", ""weight"": 1}, {""gene"": ""MET"", ""grade"": ""normal"", ""weight"": 1}, {""gene"": ""MMP1"", ""grade"": ""normal"", ""weight"": 1}, {""gene"": ""MMP2"", ""grade"": ""normal"", ""weight"": 1}, {""gene"": ""MMP3"", ""grade"": ""normal"", ""weight"": 1}, {""gene"": ""MMP9"", ""grade"": ""important"", ""weight"": 2}, {""gene"": ""MPO"", ""grade"": ""important"", ""weight"": 2}, {""gene"": ""MYC"", ""grade"": ""important"", ""weight"": 2}, {""gene"": ""NFE2L2"", ""grade"": ""core"", ""weight"": 5}, {""gene"": ""NFKBIA"", ""grade"": ""important"", ""weight"": 2}, {""gene"": ""NOS2"", ""grade"": ""core"", ""weight"": 5}, {""gene"": ""NOS3"", ""grade"": ""normal"", ""weight"": 1}, {""gene"": ""NR1I2"", ""grade"": ""important"", ""weight"": 2}, {""gene"": ""ODC1"", ""grade"": ""normal"", ""weight"": 1}, {""gene"": ""PLAU"", ""grade"": ""normal"", ""weight"": 1}, {""gene"": ""PPARA"", ""grade"": ""normal"", ""weight"": 1}, {""gene"": ""PPARG"", ""grade"": ""core"", ""weight"": 5}, {""gene"": ""PTGS1"", ""grade"": ""important"", ""weight"": 2}, {""gene"": ""PTGS2"", ""grade"": ""core"", ""weight"": 5}, {""gene"": ""RB1"", ""grade"": ""normal"", ""weight"": 1}, {""gene"": ""RELA"", ""grade"": ""normal"", ""weight"": 1}, {""gene"": ""SLC6A4"", ""grade"": ""normal"", ""weight"": 1}, {""gene"": ""STAT1"", ""grade"": ""normal"", ""weight"": 1}, {""gene"": ""TNF"", ""grade"": ""core"", ""weight"": 5}, {""gene"": ""TP53"", ""grade"": ""core"", ""weight"": 5}, {""gene"": ""VCAM1"", ""grade"": ""normal"", ""weight"": 1}]"
8,甘草__鱼腥草,甘草,鱼腥草,67,59,67,59,126,0.13559322033898305,13,134.54237288135593,True,False,"[{""gene"": ""ABCG2"", ""grade"": ""normal"", ""weight"": 1}, {""gene"": ""AHR"", ""grade"": ""normal"", ""weight"": 1}, {""gene"": ""AKT1"", ""grade"": ""important"", ""weight"": 2}, {""gene"": ""ALOX5"", ""grade"": ""normal"", ""weight"": 1}, {""gene"": ""BAX"", ""grade"": ""important"", ""weight"": 2}, {""gene"": ""BCL2"", ""grade"": ""normal"", ""weight"": 1}, {""gene"": ""BIRC5"", ""grade"": ""normal"", ""weight"": 1}, {""gene"": ""CASP3"", ""grade"": ""important"", ""weight"": 2}, {""gene"": ""CASP8"", ""grade"": ""important"", ""weight"": 2}, {""gene"": ""CCL2"", ""grade"": ""normal"", ""weight"": 1}, {""gene"": ""CCND1"", ""grade"": ""important"", ""weight"": 2}, {""gene"": ""CD40LG"", ""grade"": ""normal"", ""weight"": 1}, {""gene"": ""CDKN1A"", ""grade"": ""normal"", ""weight"": 1}, {""gene"": ""CHEK2"", ""grade"": ""normal"", ""weight"": 1}, {""gene"": ""CHUK"", ""grade"": ""normal"", ""weight"": 1}, {""gene"": ""CXCL10"", ""grade"": ""core"", ""weight"": 5}, {""gene"": ""CXCL8"", ""grade"": ""core"", ""weight"": 5}, {""gene"": ""CYP1A2"", ""grade"": ""normal"", ""weight"": 1}, {""gene"": ""CYP3A4"", ""grade"": ""important"", ""weight"": 2}, {""gene"": ""DUOX2"", ""grade"": ""normal"", ""weight"": 1}, {""gene"": ""EGFR"", ""grade"": ""important"", ""weight"": 2}, {""gene"": ""ERBB2"", ""grade"": ""normal"", ""weight"": 1}, {""gene"": ""GSTM1"", ""grade"": ""normal"", ""weight"": 1}, {""gene"": ""GSTP1"", ""grade"": ""normal"", ""weight"": 1}, {""gene"": ""HIF1A"", ""grade"": ""important"", ""weight"": 2}, {""gene"": ""HMOX1"", ""grade"": ""normal"", ""weight"": 1}, {""gene"": ""ICAM1"", ""grade"": ""important"", ""weight"": 2}, {""gene"": ""IFNG"", ""grade"": ""core"", ""weight"": 5}, {""gene"": ""IGF2"", ""grade"": ""normal"", ""weight"": 1}, {""gene"": ""IKBKB"", ""grade"": ""normal"", ""weight"": 1}, {""gene"": ""IL10"", ""grade"": ""core"", ""weight"": 5}, {""gene"": ""IL1A"", ""grade"": ""normal"", ""weight"": 1}, {""gene"": ""IL1B"", ""grade"": ""core"", ""weight"": 5}, {""gene"": ""IL2"", ""grade"": ""core"", ""weight"": 5}, {""gene"": ""IL6"", ""grade"": ""core"", ""weight"": 5}, {""gene"": ""MAPK1"", ""grade"": ""normal"", ""weight"": 1}, {""gene"": ""MMP1"", ""grade"": ""normal"", ""weight"": 1}, {""gene"": ""MMP2"", ""grade"": ""normal"", ""weight"": 1}, {""gene"": ""MMP3"", ""grade"": ""normal"", ""weight"": 1}, {""gene"": ""MMP9"", ""grade"": ""important"", ""weight"": 2}, {""gene"": ""MPO"", ""grade"": ""important"", ""weight"": 2}, {""gene"": ""MYC"", ""grade"": ""important"", ""weight"": 2}, {""gene"": ""NFE2L2"", ""grade"": ""core"", ""weight"": 5}, {""gene"": ""NFKBIA"", ""grade"": ""important"", ""weight"": 2}, {""gene"": ""NOS2"", ""grade"": ""core"", ""weight"": 5}, {""gene"": ""NOS3"", ""grade"": ""normal"", ""weight"": 1}, {""gene"": ""NR1I2"", ""grade"": ""important"", ""weight"": 2}, {""gene"": ""ODC1"", ""grade"": ""normal"", ""weight"": 1}, {""gene"": ""PLAU"", ""grade"": ""normal"", ""weight"": 1}, {""gene"": ""PPARA"", ""grade"": ""normal"", ""weight"": 1}, {""gene"": ""PPARG"", ""grade"": ""core"", ""weight"": 5}, {""gene"": ""PTGS1"", ""grade"": ""important"", ""weight"": 2}, {""gene"": ""PTGS2"", ""grade"": ""core"", ""weight"": 5}, {""gene"": ""RB1"", ""grade"": ""normal"", ""weight"": 1}, {""gene"": ""RELA"", ""grade"": ""normal"", ""weight"": 1}, {""gene"": ""STAT1"", ""grade"": ""normal"", ""weight"": 1}, {""gene"": ""TNF"", ""grade"": ""core"", ""weight"": 5}, {""gene"": ""TP53"", ""grade"": ""core"", ""weight"": 5}, {""gene"": ""VCAM1"", ""grade"": ""normal"", ""weight"": 1}]"
9,栀子__甘草,栀子,甘草,60,67,67,60,127,0.11666666666666667,13,134.40833333333333,True,False,"[{""gene"": ""ABCG2"", ""grade"": ""normal"", ""weight"": 1}, {""gene"": ""AHR"", ""grade"": ""normal"", ""weight"": 1}, {""gene"": ""AKT1"", ""grade"": ""important"", ""weight"": 2}, {""gene"": ""ALOX5"", ""grade"": ""normal"", ""weight"": 1}, {""gene"": ""BAX"", ""grade"": ""important"", ""weight"": 2}, {""gene"": ""BCL2"", ""grade"": ""normal"", ""weight"": 1}, {""gene"": ""BIRC5"", ""grade"": ""normal"", ""weight"": 1}, {""gene"": ""CASP3"", ""grade"": ""important"", ""weight"": 2}, {""gene"": ""CASP8"", ""grade"": ""important"", ""weight"": 2}, {""gene"": ""CCL2"", ""grade"": ""normal"", ""weight"": 1}, {""gene"": ""CCND1"", ""grade"": ""important"", ""weight"": 2}, {""gene"": ""CD40LG"", ""grade"": ""normal"", ""weight"": 1}, {""gene"": ""CDKN1A"", ""grade"": ""normal"", ""weight"": 1}, {""gene"": ""CHEK2"", ""grade"": ""normal"", ""weight"": 1}, {""gene"": ""CHUK"", ""grade"": ""normal"", ""weight"": 1}, {""gene"": ""CXCL10"", ""grade"": ""core"", ""weight"": 5}, {""gene"": ""CXCL8"", ""grade"": ""core"", ""weight"": 5}, {""gene"": ""CYP1A2"", ""grade"": ""normal"", ""weight"": 1}, {""gene"": ""CYP3A4"", ""grade"": ""important"", ""weight"": 2}, {""gene"": ""DUOX2"", ""grade"": ""normal"", ""weight"": 1}, {""gene"": ""EGFR"", ""grade"": ""important"", ""weight"": 2}, {""gene"": ""ERBB2"", ""grade"": ""normal"", ""weight"": 1}, {""gene"": ""GSTM1"", ""grade"": ""normal"", ""weight"": 1}, {""gene"": ""GSTP1"", ""grade"": ""normal"", ""weight"": 1}, {""gene"": ""HIF1A"", ""grade"": ""important"", ""weight"": 2}, {""gene"": ""HMOX1"", ""grade"": ""normal"", ""weight"": 1}, {""gene"": ""ICAM1"", ""grade"": ""important"", ""weight"": 2}, {""gene"": ""IFNG"", ""grade"": ""core"", ""weight"": 5}, {""gene"": ""IGF2"", ""grade"": ""normal"", ""weight"": 1}, {""gene"": ""IKBKB"", ""grade"": ""normal"", ""weight"": 1}, {""gene"": ""IL10"", ""grade"": ""core"", ""weight"": 5}, {""gene"": ""IL1A"", ""grade"": ""normal"", ""weight"": 1}, {""gene"": ""IL1B"", ""grade"": ""core"", ""weight"": 5}, {""gene"": ""IL2"", ""grade"": ""core"", ""weight"": 5}, {""gene"": ""IL6"", ""grade"": ""core"", ""weight"": 5}, {""gene"": ""MAPK1"", ""grade"": ""normal"", ""weight"": 1}, {""gene"": ""MMP1"", ""grade"": ""normal"", ""weight"": 1}, {""gene"": ""MMP2"", ""grade"": ""normal"", ""weight"": 1}, {""gene"": ""MMP3"", ""grade"": ""normal"", ""weight"": 1}, {""gene"": ""MMP9"", ""grade"": ""important"", ""weight"": 2}, {""gene"": ""MPO"", ""grade"": ""important"", ""weight"": 2}, {""gene"": ""MYC"", ""grade"": ""important"", ""weight"": 2}, {""gene"": ""NFE2L2"", ""grade"": ""core"", ""weight"": 5}, {""gene"": ""NFKBIA"", ""grade"": ""important"", ""weight"": 2}, {""gene"": ""NOS2"", ""grade"": ""core"", ""weight"": 5}, {""gene"": ""NOS3"", ""grade"": ""normal"", ""weight"": 1}, {""gene"": ""NR1I2"", ""grade"": ""important"", ""weight"": 2}, {""gene"": ""ODC1"", ""grade"": ""normal"", ""weight"": 1}, {""gene"": ""PLAU"", ""grade"": ""normal"", ""weight"": 1}, {""gene"": ""PPARA"", ""grade"": ""normal"", ""weight"": 1}, {""gene"": ""PPARG"", ""grade"": ""core"", ""weight"": 5}, {""gene"": ""PTGS1"", ""grade"": ""important"", ""weight"": 2}, {""gene"": ""PTGS2"", ""grade"": ""core"", ""weight"": 5}, {""gene"": ""RB1"", ""grade"": ""normal"", ""weight"": 1}, {""gene"": ""RELA"", ""grade"": ""normal"", ""weight"": 1}, {""gene"": ""SLC6A4"", ""grade"": ""normal"", ""weight"": 1}, {""gene"": ""STAT1"", ""grade"": ""normal"", ""weight"": 1}, {""gene"": ""TNF"", ""grade"": ""core"", ""weight"": 5}, {""gene"": ""TP53"", ""grade"": ""core"", ""weight"": 5}, {""gene"": ""VCAM1"", ""grade"": ""normal"", ""weight"": 1}]"
10,槐花__甘草,槐花,甘草,60,67,67,60,127,0.11666666666666667,13,134.40833333333333,True,False,"[{""gene"": ""ABCG2"", ""grade"": ""normal"", ""weight"": 1}, {""gene"": ""AHR"", ""grade"": ""normal"", ""weight"": 1}, {""gene"": ""AKT1"", ""grade"": ""important"", ""weight"": 2}, {""gene"": ""ALOX5"", ""grade"": ""normal"", ""weight"": 1}, {""gene"": ""BAX"", ""grade"": ""important"", ""weight"": 2}, {""gene"": ""BCL2"", ""grade"": ""normal"", ""weight"": 1}, {""gene"": ""BIRC5"", ""grade"": ""normal"", ""weight"": 1}, {""gene"": ""CASP3"", ""grade"": ""important"", ""weight"": 2}, {""gene"": ""CASP8"", ""grade"": ""important"", ""weight"": 2}, {""gene"": ""CCL2"", ""grade"": ""normal"", ""weight"": 1}, {""gene"": ""CCND1"", ""grade"": ""important"", ""weight"": 2}, {""gene"": ""CD40LG"", ""grade"": ""normal"", ""weight"": 1}, {""gene"": ""CDKN1A"", ""grade"": ""normal"", ""weight"": 1}, {""gene"": ""CHEK2"", ""grade"": ""normal"", ""weight"": 1}, {""gene"": ""CHUK"", ""grade"": ""normal"", ""weight"": 1}, {""gene"": ""CXCL10"", ""grade"": ""core"", ""weight"": 5}, {""gene"": ""CXCL8"", ""grade"": ""core"", ""weight"": 5}, {""gene"": ""CYP1A2"", ""grade"": ""normal"", ""weight"": 1}, {""gene"": ""CYP3A4"", ""grade"": ""important"", ""weight"": 2}, {""gene"": ""DUOX2"", ""grade"": ""normal"", ""weight"": 1}, {""gene"": ""EGFR"", ""grade"": ""important"", ""weight"": 2}, {""gene"": ""ERBB2"", ""grade"": ""normal"", ""weight"": 1}, {""gene"": ""GSTM1"", ""grade"": ""normal"", ""weight"": 1}, {""gene"": ""GSTP1"", ""grade"": ""normal"", ""weight"": 1}, {""gene"": ""HIF1A"", ""grade"": ""important"", ""weight"": 2}, {""gene"": ""HMOX1"", ""grade"": ""normal"", ""weight"": 1}, {""gene"": ""ICAM1"", ""grade"": ""important"", ""weight"": 2}, {""gene"": ""IFNG"", ""grade"": ""core"", ""weight"": 5}, {""gene"": ""IGF2"", ""grade"": ""normal"", ""weight"": 1}, {""gene"": ""IKBKB"", ""grade"": ""normal"", ""weight"": 1}, {""gene"": ""IL10"", ""grade"": ""core"", ""weight"": 5}, {""gene"": ""IL1A"", ""grade"": ""normal"", ""weight"": 1}, {""gene"": ""IL1B"", ""grade"": ""core"", ""weight"": 5}, {""gene"": ""IL2"", ""grade"": ""core"", ""weight"": 5}, {""gene"": ""IL6"", ""grade"": ""core"", ""weight"": 5}, {""gene"": ""MAPK1"", ""grade"": ""normal"", ""weight"": 1}, {""gene"": ""MMP1"", ""grade"": ""normal"", ""weight"": 1}, {""gene"": ""MMP2"", ""grade"": ""normal"", ""weight"": 1}, {""gene"": ""MMP3"", ""grade"": ""normal"", ""weight"": 1}, {""gene"": ""MMP9"", ""grade"": ""important"", ""weight"": 2}, {""gene"": ""MPO"", ""grade"": ""important"", ""weight"": 2}, {""gene"": ""MYC"", ""grade"": ""important"", ""weight"": 2}, {""gene"": ""NFE2L2"", ""grade"": ""core"", ""weight"": 5}, {""gene"": ""NFKBIA"", ""grade"": ""important"", ""weight"": 2}, {""gene"": ""NOS2"", ""grade"": ""core"", ""weight"": 5}, {""gene"": ""NOS3"", ""grade"": ""normal"", ""weight"": 1}, {""gene"": ""NR1I2"", ""grade"": ""important"", ""weight"": 2}, {""gene"": ""ODC1"", ""grade"": ""normal"", ""weight"": 1}, {""gene"": ""PLAU"", ""grade"": ""normal"", ""weight"": 1}, {""gene"": ""PPARA"", ""grade"": ""normal"", ""weight"": 1}, {""gene"": ""PPARG"", ""grade"": ""core"", ""weight"": 5}, {""gene"": ""PTGS1"", ""grade"": ""important"", ""weight"": 2}, {""gene"": ""PTGS2"", ""grade"": ""core"", ""weight"": 5}, {""gene"": ""RB1"", ""grade"": ""normal"", ""weight"": 1}, {""gene"": ""RELA"", ""grade"": ""normal"", ""weight"": 1}, {""gene"": ""SLC6A4"", ""grade"": ""normal"", ""weight"": 1}, {""gene"": ""STAT1"", ""grade"": ""normal"", ""weight"": 1}, {""gene"": ""TNF"", ""grade"": ""core"", ""weight"": 5}, {""gene"": ""TP53"", ""grade"": ""core"", ""weight"": 5}, {""gene"": ""VCAM1"", ""grade"": ""normal"", ""weight"": 1}]"
11,大枣__甘草,大枣,甘草,61,67,67,61,128,0.09836065573770492,13,134.29508196721312,True,False,"[{""gene"": ""ABCG2"", ""grade"": ""normal"", ""weight"": 1}, {""gene"": ""AHR"", ""grade"": ""normal"", ""weight"": 1}, {""gene"": ""AKT1"", ""grade"": ""important"", ""weight"": 2}, {""gene"": ""ALOX5"", ""grade"": ""normal"", ""weight"": 1}, {""gene"": ""BAX"", ""grade"": ""important"", ""weight"": 2}, {""gene"": ""BCL2"", ""grade"": ""normal"", ""weight"": 1}, {""gene"": ""BIRC5"", ""grade"": ""normal"", ""weight"": 1}, {""gene"": ""CASP3"", ""grade"": ""important"", ""weight"": 2}, {""gene"": ""CASP8"", ""grade"": ""important"", ""weight"": 2}, {""gene"": ""CAT"", ""grade"": ""normal"", ""weight"": 1}, {""gene"": ""CCL2"", ""grade"": ""normal"", ""weight"": 1}, {""gene"": ""CCND1"", ""grade"": ""important"", ""weight"": 2}, {""gene"": ""CD40LG"", ""grade"": ""normal"", ""weight"": 1}, {""gene"": ""CDKN1A"", ""grade"": ""normal"", ""weight"": 1}, {""gene"": ""CHEK2"", ""grade"": ""normal"", ""weight"": 1}, {""gene"": ""CHUK"", ""grade"": ""normal"", ""weight"": 1}, {""gene"": ""CXCL10"", ""grade"": ""core"", ""weight"": 5}, {""gene"": ""CXCL8"", ""grade"": ""core"", ""weight"": 5}, {""gene"": ""CYP1A2"", ""grade"": ""normal"", ""weight"": 1}, {""gene"": ""CYP3A4"", ""grade"": ""important"", ""weight"": 2}, {""gene"": ""DUOX2"", ""grade"": ""normal"", ""weight"": 1}, {""gene"": ""EGFR"", ""grade"": ""important"", ""weight"": 2}, {""gene"": ""ERBB2"", ""grade"": ""normal"", ""weight"": 1}, {""gene"": ""GSTM1"", ""grade"": ""normal"", ""weight"": 1}, {""gene"": ""GSTP1"", ""grade"": ""normal"", ""weight"": 1}, {""gene"": ""HIF1A"", ""grade"": ""important"", ""weight"": 2}, {""gene"": ""HMOX1"", ""grade"": ""normal"", ""weight"": 1}, {""gene"": ""ICAM1"", ""grade"": ""important"", ""weight"": 2}, {""gene"": ""IFNG"", ""grade"": ""core"", ""weight"": 5}, {""gene"": ""IGF2"", ""grade"": ""normal"", ""weight"": 1}, {""gene"": ""IL10"", ""grade"": ""core"", ""weight"": 5}, {""gene"": ""IL1A"", ""grade"": ""normal"", ""weight"": 1}, {""gene"": ""IL1B"", ""grade"": ""core"", ""weight"": 5}, {""gene"": ""IL2"", ""grade"": ""core"", ""weight"": 5}, {""gene"": ""IL6"", ""grade"": ""core"", ""weight"": 5}, {""gene"": ""KDR"", ""grade"": ""normal"", ""weight"": 1}, {""gene"": ""MAPK1"", ""grade"": ""normal"", ""weight"": 1}, {""gene"": ""MMP1"", ""grade"": ""normal"", ""weight"": 1}, {""gene"": ""MMP2"", ""grade"": ""normal"", ""weight"": 1}, {""gene"": ""MMP3"", ""grade"": ""normal"", ""weight"": 1}, {""gene"": ""MMP9"", ""grade"": ""important"", ""weight"": 2}, {""gene"": ""MPO"", ""grade"": ""important"", ""weight"": 2}, {""gene"": ""MYC"", ""grade"": ""important"", ""weight"": 2}, {""gene"": ""NFE2L2"", ""grade"": ""core"", ""weight"": 5}, {""gene"": ""NFKBIA"", ""grade"": ""important"", ""weight"": 2}, {""gene"": ""NOS2"", ""grade"": ""core"", ""weight"": 5}, {""gene"": ""NOS3"", ""grade"": ""normal"", ""weight"": 1}, {""gene"": ""NR1I2"", ""grade"": ""important"", ""weight"": 2}, {""gene"": ""ODC1"", ""grade"": ""normal"", ""weight"": 1}, {""gene"": ""PLAU"", ""grade"": ""normal"", ""weight"": 1}, {""gene"": ""PPARA"", ""grade"": ""normal"", ""weight"": 1}, {""gene"": ""PPARG"", ""grade"": ""core"", ""weight"": 5}, {""gene"": ""PTGS1"", ""grade"": ""important"", ""weight"": 2}, {""gene"": ""PTGS2"", ""grade"": ""core"", ""weight"": 5}, {""gene"": ""RB1"", ""grade"": ""normal"", ""weight"": 1}, {""gene"": ""RELA"", ""grade"": ""normal"", ""weight"": 1}, {""gene"": ""SLC6A4"", ""grade"": ""normal"", ""weight"": 1}, {""gene"": ""STAT1"", ""grade"": ""normal"", ""weight"": 1}, {""gene"": ""TNF"", ""grade"": ""core"", ""weight"": 5}, {""gene"": ""TP53"", ""grade"": ""core"", ""weight"": 5}, {""gene"": ""VCAM1"", ""grade"": ""normal"", ""weight"": 1}]"
12,乌梅__石榴皮,乌梅,石榴皮,61,64,65,60,127,0.08196721311475409,13,132.20491803278688,True,False,"[{""gene"": ""ABCG2"", ""grade"": ""normal"", ""weight"": 1}, {""gene"": ""AHR"", ""grade"": ""normal"", ""weight"": 1}, {""gene"": ""AKT1"", ""grade"": ""important"", ""weight"": 2}, {""gene"": ""ALOX5"", ""grade"": ""normal"", ""weight"": 1}, {""gene"": ""BAX"", ""grade"": ""important"", ""weight"": 2}, {""gene"": ""BCL2"", ""grade"": ""normal"", ""weight"": 1}, {""gene"": ""BIRC5"", ""grade"": ""normal"", ""weight"": 1}, {""gene"": ""CASP3"", ""grade"": ""important"", ""weight"": 2}, {""gene"": ""CASP8"", ""grade"": ""important"", ""weight"": 2}, {""gene"": ""CCL2"", ""grade"": ""normal"", ""weight"": 1}, {""gene"": ""CCND1"", ""grade"": ""important"", ""weight"": 2}, {""gene"": ""CD40LG"", ""grade"": ""normal"", ""weight"": 1}, {""gene"": ""CDKN1A"", ""grade"": ""normal"", ""weight"": 1}, {""gene"": ""CHEK2"", ""grade"": ""normal"", ""weight"": 1}, {""gene"": ""CHUK"", ""grade"": ""normal"", ""weight"": 1}, {""gene"": ""CXCL10"", ""grade"": ""core"", ""weight"": 5}, {""gene"": ""CXCL8"", ""grade"": ""core"", ""weight"": 5}, {""gene"": ""CYP1A2"", ""grade"": ""normal"", ""weight"": 1}, {""gene"": ""CYP3A4"", ""grade"": ""important"", ""weight"": 2}, {""gene"": ""DUOX2"", ""grade"": ""normal"", ""weight"": 1}, {""gene"": ""EGFR"", ""grade"": ""important"", ""weight"": 2}, {""gene"": ""ERBB2"", ""grade"": ""normal"", ""weight"": 1}, {""gene"": ""GSTM1"", ""grade"": ""normal"", ""weight"": 1}, {""gene"": ""GSTP1"", ""grade"": ""normal"", ""weight"": 1}, {""gene"": ""HIF1A"", ""grade"": ""important"", ""weight"": 2}, {""gene"": ""HMOX1"", ""grade"": ""normal"", ""weight"": 1}, {""gene"": ""ICAM1"", ""grade"": ""important"", ""weight"": 2}, {""gene"": ""IFNG"", ""grade"": ""core"", ""weight"": 5}, {""gene"": ""IGF2"", ""grade"": ""normal"", ""weight"": 1}, {""gene"": ""IKBKB"", ""grade"": ""normal"", ""weight"": 1}, {""gene"": ""IL10"", ""grade"": ""core"", ""weight"": 5}, {""gene"": ""IL1A"", ""grade"": ""normal"", ""weight"": 1}, {""gene"": ""IL1B"", ""grade"": ""core"", ""weight"": 5}, {""gene"": ""IL2"", ""grade"": ""core"", ""weight"": 5}, {""gene"": ""IL6"", ""grade"": ""core"", ""weight"": 5}, {""gene"": ""MAPK1"", ""grade"": ""normal"", ""weight"": 1}, {""gene"": ""MMP1"", ""grade"": ""normal"", ""weight"": 1}, {""gene"": ""MMP2"", ""grade"": ""normal"", ""weight"": 1}, {""gene"": ""MMP3"", ""grade"": ""normal"", ""weight"": 1}, {""gene"": ""MMP9"", ""grade"": ""important"", ""weight"": 2}, {""gene"": ""MPO"", ""grade"": ""important"", ""weight"": 2}, {""gene"": ""MYC"", ""grade"": ""important"", ""weight"": 2}, {""gene"": ""NFE2L2"", ""grade"": ""core"", ""weight"": 5}, {""gene"": ""NFKBIA"", ""grade"": ""important"", ""weight"": 2}, {""gene"": ""NOS2"", ""grade"": ""core"", ""weight"": 5}, {""gene"": ""NOS3"", ""grade"": ""normal"", ""weight"": 1}, {""gene"": ""NR1I2"", ""grade"": ""important"", ""weight"": 2}, {""gene"": ""ODC1"", ""grade"": ""normal"", ""weight"": 1}, {""gene"": ""PLAU"", ""grade"": ""normal"", ""weight"": 1}, {""gene"": ""PPARA"", ""grade"": ""normal"", ""weight"": 1}, {""gene"": ""PPARG"", ""grade"": ""core"", ""weight"": 5}, {""gene"": ""PTGS1"", ""grade"": ""important"", ""weight"": 2}, {""gene"": ""PTGS2"", ""grade"": ""core"", ""weight"": 5}, {""gene"": ""RB1"", ""grade"": ""normal"", ""weight"": 1}, {""gene"": ""RELA"", ""grade"": ""normal"", ""weight"": 1}, {""gene"": ""SLC6A4"", ""grade"": ""normal"", ""weight"": 1}, {""gene"": ""STAT1"", ""grade"": ""normal"", ""weight"": 1}, {""gene"": ""TNF"", ""grade"": ""core"", ""weight"": 5}, {""gene"": ""TP53"", ""grade"": ""core"", ""weight"": 5}, {""gene"": ""VCAM1"", ""grade"": ""normal"", ""weight"": 1}]"
13,大枣__石榴皮,大枣,石榴皮,61,64,65,60,127,0.08196721311475409,13,132.20491803278688,True,False,"[{""gene"": ""ABCG2"", ""grade"": ""normal"", ""weight"": 1}, {""gene"": ""AHR"", ""grade"": ""normal"", ""weight"": 1}, {""gene"": ""AKT1"", ""grade"": ""important"", ""weight"": 2}, {""gene"": ""ALOX5"", ""grade"": ""normal"", ""weight"": 1}, {""gene"": ""BAX"", ""grade"": ""important"", ""weight"": 2}, {""gene"": ""BCL2"", ""grade"": ""normal"", ""weight"": 1}, {""gene"": ""BIRC5"", ""grade"": ""normal"", ""weight"": 1}, {""gene"": ""CASP3"", ""grade"": ""important"", ""weight"": 2}, {""gene"": ""CASP8"", ""grade"": ""important"", ""weight"": 2}, {""gene"": ""CAT"", ""grade"": ""normal"", ""weight"": 1}, {""gene"": ""CCL2"", ""grade"": ""normal"", ""weight"": 1}, {""gene"": ""CCND1"", ""grade"": ""important"", ""weight"": 2}, {""gene"": ""CD40LG"", ""grade"": ""normal"", ""weight"": 1}, {""gene"": ""CDKN1A"", ""grade"": ""normal"", ""weight"": 1}, {""gene"": ""CHEK2"", ""grade"": ""normal"", ""weight"": 1}, {""gene"": ""CHUK"", ""grade"": ""normal"", ""weight"": 1}, {""gene"": ""CXCL10"", ""grade"": ""core"", ""weight"": 5}, {""gene"": ""CXCL8"", ""grade"": ""core"", ""weight"": 5}, {""gene"": ""CYP1A2"", ""grade"": ""normal"", ""weight"": 1}, {""gene"": ""CYP3A4"", ""grade"": ""important"", ""weight"": 2}, {""gene"": ""DUOX2"", ""grade"": ""normal"", ""weight"": 1}, {""gene"": ""EGFR"", ""grade"": ""important"", ""weight"": 2}, {""gene"": ""ERBB2"", ""grade"": ""normal"", ""weight"": 1}, {""gene"": ""GSTM1"", ""grade"": ""normal"", ""weight"": 1}, {""gene"": ""GSTP1"", ""grade"": ""normal"", ""weight"": 1}, {""gene"": ""HIF1A"", ""grade"": ""important"", ""weight"": 2}, {""gene"": ""HMOX1"", ""grade"": ""normal"", ""weight"": 1}, {""gene"": ""ICAM1"", ""grade"": ""important"", ""weight"": 2}, {""gene"": ""IFNG"", ""grade"": ""core"", ""weight"": 5}, {""gene"": ""IGF2"", ""grade"": ""normal"", ""weight"": 1}, {""gene"": ""IL10"", ""grade"": ""core"", ""weight"": 5}, {""gene"": ""IL1A"", ""grade"": ""normal"", ""weight"": 1}, {""gene"": ""IL1B"", ""grade"": ""core"", ""weight"": 5}, {""gene"": ""IL2"", ""grade"": ""core"", ""weight"": 5}, {""gene"": ""IL6"", ""grade"": ""core"", ""weight"": 5}, {""gene"": ""MAPK1"", ""grade"": ""normal"", ""weight"": 1}, {""gene"": ""MMP1"", ""grade"": ""normal"", ""weight"": 1}, {""gene"": ""MMP2"", ""grade"": ""normal"", ""weight"": 1}, {""gene"": ""MMP3"", ""grade"": ""normal"", ""weight"": 1}, {""gene"": ""MMP9"", ""grade"": ""important"", ""weight"": 2}, {""gene"": ""MPO"", ""grade"": ""important"", ""weight"": 2}, {""gene"": ""MYC"", ""grade"": ""important"", ""weight"": 2}, {""gene"": ""NFE2L2"", ""grade"": ""core"", ""weight"": 5}, {""gene"": ""NFKBIA"", ""grade"": ""important"", ""weight"": 2}, {""gene"": ""NOS2"", ""grade"": ""core"", ""weight"": 5}, {""gene"": ""NOS3"", ""grade"": ""normal"", ""weight"": 1}, {""gene"": ""NR1I2"", ""grade"": ""important"", ""weight"": 2}, {""gene"": ""ODC1"", ""grade"": ""normal"", ""weight"": 1}, {""gene"": ""PLAU"", ""grade"": ""normal"", ""weight"": 1}, {""gene"": ""PPARA"", ""grade"": ""normal"", ""weight"": 1}, {""gene"": ""PPARG"", ""grade"": ""core"", ""weight"": 5}, {""gene"": ""PTGS1"", ""grade"": ""important"", ""weight"": 2}, {""gene"": ""PTGS2"", ""grade"": ""core"", ""weight"": 5}, {""gene"": ""RB1"", ""grade"": ""normal"", ""weight"": 1}, {""gene"": ""RELA"", ""grade"": ""normal"", ""weight"": 1}, {""gene"": ""SLC6A4"", ""grade"": ""normal"", ""weight"": 1}, {""gene"": ""STAT1"", ""grade"": ""normal"", ""weight"": 1}, {""gene"": ""TNF"", ""grade"": ""core"", ""weight"": 5}, {""gene"": ""TP53"", ""grade"": ""core"", ""weight"": 5}, {""gene"": ""VCAM1"", ""grade"": ""normal"", ""weight"": 1}]"
14,大枣__马齿苋,大枣,马齿苋,61,63,65,59,126,0.09836065573770492,13,132.19672131147541,True,False,"[{""gene"": ""ABCG2"", ""grade"": ""normal"", ""weight"": 1}, {""gene"": ""AHR"", ""grade"": ""normal"", ""weight"": 1}, {""gene"": ""AKT1"", ""grade"": ""important"", ""weight"": 2}, {""gene"": ""ALOX5"", ""grade"": ""normal"", ""weight"": 1}, {""gene"": ""BAX"", ""grade"": ""important"", ""weight"": 2}, {""gene"": ""BCL2"", ""grade"": ""normal"", ""weight"": 1}, {""gene"": ""BIRC5"", ""grade"": ""normal"", ""weight"": 1}, {""gene"": ""CASP3"", ""grade"": ""important"", ""weight"": 2}, {""gene"": ""CASP8"", ""grade"": ""important"", ""weight"": 2}, {""gene"": ""CCL2"", ""grade"": ""normal"", ""weight"": 1}, {""gene"": ""CCND1"", ""grade"": ""important"", ""weight"": 2}, {""gene"": ""CD40LG"", ""grade"": ""normal"", ""weight"": 1}, {""gene"": ""CDKN1A"", ""grade"": ""normal"", ""weight"": 1}, {""gene"": ""CHEK2"", ""grade"": ""normal"", ""weight"": 1}, {""gene"": ""CHUK"", ""grade"": ""normal"", ""weight"": 1}, {""gene"": ""CXCL10"", ""grade"": ""core"", ""weight"": 5}, {""gene"": ""CXCL8"", ""grade"": ""core"", ""weight"": 5}, {""gene"": ""CYP1A2"", ""grade"": ""normal"", ""weight"": 1}, {""gene"": ""CYP3A4"", ""grade"": ""important"", ""weight"": 2}, {""gene"": ""DUOX2"", ""grade"": ""normal"", ""weight"": 1}, {""gene"": ""EGFR"", ""grade"": ""important"", ""weight"": 2}, {""gene"": ""ERBB2"", ""grade"": ""normal"", ""weight"": 1}, {""gene"": ""GSTM1"", ""grade"": ""normal"", ""weight"": 1}, {""gene"": ""GSTP1"", ""grade"": ""normal"", ""weight"": 1}, {""gene"": ""HIF1A"", ""grade"": ""important"", ""weight"": 2}, {""gene"": ""HMOX1"", ""grade"": ""normal"", ""weight"": 1}, {""gene"": ""ICAM1"", ""grade"": ""important"", ""weight"": 2}, {""gene"": ""IFNG"", ""grade"": ""core"", ""weight"": 5}, {""gene"": ""IGF2"", ""grade"": ""normal"", ""weight"": 1}, {""gene"": ""IL10"", ""grade"": ""core"", ""weight"": 5}, {""gene"": ""IL1A"", ""grade"": ""normal"", ""weight"": 1}, {""gene"": ""IL1B"", ""grade"": ""core"", ""weight"": 5}, {""gene"": ""IL2"", ""grade"": ""core"", ""weight"": 5}, {""gene"": ""IL6"", ""grade"": ""core"", ""weight"": 5}, {""gene"": ""MAPK1"", ""grade"": ""normal"", ""weight"": 1}, {""gene"": ""MMP1"", ""grade"": ""normal"", ""weight"": 1}, {""gene"": ""MMP2"", ""grade"": ""normal"", ""weight"": 1}, {""gene"": ""MMP3"", ""grade"": ""normal"", ""weight"": 1}, {""gene"": ""MMP9"", ""grade"": ""important"", ""weight"": 2}, {""gene"": ""MPO"", ""grade"": ""important"", ""weight"": 2}, {""gene"": ""MYC"", ""grade"": ""important"", ""weight"": 2}, {""gene"": ""NFE2L2"", ""grade"": ""core"", ""weight"": 5}, {""gene"": ""NFKBIA"", ""grade"": ""important"", ""weight"": 2}, {""gene"": ""NOS2"", ""grade"": ""core"", ""weight"": 5}, {""gene"": ""NOS3"", ""grade"": ""normal"", ""weight"": 1}, {""gene"": ""NR1I2"", ""grade"": ""important"", ""weight"": 2}, {""gene"": ""ODC1"", ""grade"": ""normal"", ""weight"": 1}, {""gene"": ""PLAU"", ""grade"": ""normal"", ""weight"": 1}, {""gene"": ""PPARA"", ""grade"": ""normal"", ""weight"": 1}, {""gene"": ""PPARG"", ""grade"": ""core"", ""weight"": 5}, {""gene"": ""PTGS1"", ""grade"": ""important"", ""weight"": 2}, {""gene"": ""PTGS2"", ""grade"": ""core"", ""weight"": 5}, {""gene"": ""RB1"", ""grade"": ""normal"", ""weight"": 1}, {""gene"": ""RELA"", ""grade"": ""normal"", ""weight"": 1}, {""gene"": ""SLC6A4"", ""grade"": ""normal"", ""weight"": 1}, {""gene"": ""STAT1"", ""grade"": ""normal"", ""weight"": 1}, {""gene"": ""TNF"", ""grade"": ""core"", ""weight"": 5}, {""gene"": ""TP53"", ""grade"": ""core"", ""weight"": 5}, {""gene"": ""VCAM1"", ""grade"": ""normal"", ""weight"": 1}]"
15,石榴皮__鱼腥草,石榴皮,鱼腥草,64,59,64,59,126,0.0847457627118644,13,131.33898305084745,True,False,"[{""gene"": ""ABCG2"", ""grade"": ""normal"", ""weight"": 1}, {""gene"": ""AHR"", ""grade"": ""normal"", ""weight"": 1}, {""gene"": ""AKT1"", ""grade"": ""important"", ""weight"": 2}, {""gene"": ""ALOX5"", ""grade"": ""normal"", ""weight"": 1}, {""gene"": ""BAX"", ""grade"": ""important"", ""weight"": 2}, {""gene"": ""BCL2"", ""grade"": ""normal"", ""weight"": 1}, {""gene"": ""BIRC5"", ""grade"": ""normal"", ""weight"": 1}, {""gene"": ""CASP3"", ""grade"": ""important"", ""weight"": 2}, {""gene"": ""CASP8"", ""grade"": ""important"", ""weight"": 2}, {""gene"": ""CCL2"", ""grade"": ""normal"", ""weight"": 1}, {""gene"": ""CCND1"", ""grade"": ""important"", ""weight"": 2}, {""gene"": ""CD40LG"", ""grade"": ""normal"", ""weight"": 1}, {""gene"": ""CDKN1A"", ""grade"": ""normal"", ""weight"": 1}, {""gene"": ""CHEK2"", ""grade"": ""normal"", ""weight"": 1}, {""gene"": ""CHUK"", ""grade"": ""normal"", ""weight"": 1}, {""gene"": ""CXCL10"", ""grade"": ""core"", ""weight"": 5}, {""gene"": ""CXCL8"", ""grade"": ""core"", ""weight"": 5}, {""gene"": ""CYP1A2"", ""grade"": ""normal"", ""weight"": 1}, {""gene"": ""CYP3A4"", ""grade"": ""important"", ""weight"": 2}, {""gene"": ""DUOX2"", ""grade"": ""normal"", ""weight"": 1}, {""gene"": ""EGFR"", ""grade"": ""important"", ""weight"": 2}, {""gene"": ""ERBB2"", ""grade"": ""normal"", ""weight"": 1}, {""gene"": ""GSTM1"", ""grade"": ""normal"", ""weight"": 1}, {""gene"": ""GSTP1"", ""grade"": ""normal"", ""weight"": 1}, {""gene"": ""HIF1A"", ""grade"": ""important"", ""weight"": 2}, {""gene"": ""HMOX1"", ""grade"": ""normal"", ""weight"": 1}, {""gene"": ""ICAM1"", ""grade"": ""important"", ""weight"": 2}, {""gene"": ""IFNG"", ""grade"": ""core"", ""weight"": 5}, {""gene"": ""IGF2"", ""grade"": ""normal"", ""weight"": 1}, {""gene"": ""IKBKB"", ""grade"": ""normal"", ""weight"": 1}, {""gene"": ""IL10"", ""grade"": ""core"", ""weight"": 5}, {""gene"": ""IL1A"", ""grade"": ""normal"", ""weight"": 1}, {""gene"": ""IL1B"", ""grade"": ""core"", ""weight"": 5}, {""gene"": ""IL2"", ""grade"": ""core"", ""weight"": 5}, {""gene"": ""IL6"", ""grade"": ""core"", ""weight"": 5}, {""gene"": ""MAPK1"", ""grade"": ""normal"", ""weight"": 1}, {""gene"": ""MMP1"", ""grade"": ""normal"", ""weight"": 1}, {""gene"": ""MMP2"", ""grade"": ""normal"", ""weight"": 1}, {""gene"": ""MMP3"", ""grade"": ""normal"", ""weight"": 1}, {""gene"": ""MMP9"", ""grade"": ""important"", ""weight"": 2}, {""gene"": ""MPO"", ""grade"": ""important"", ""weight"": 2}, {""gene"": ""MYC"", ""grade"": ""important"", ""weight"": 2}, {""gene"": ""NFE2L2"", ""grade"": ""core"", ""weight"": 5}, {""gene"": ""NFKBIA"", ""grade"": ""important"", ""weight"": 2}, {""gene"": ""NOS2"", ""grade"": ""core"", ""weight"": 5}, {""gene"": ""NOS3"", ""grade"": ""normal"", ""weight"": 1}, {""gene"": ""NR1I2"", ""grade"": ""important"", ""weight"": 2}, {""gene"": ""ODC1"", ""grade"": ""normal"", ""weight"": 1}, {""gene"": ""PLAU"", ""grade"": ""normal"", ""weight"": 1}, {""gene"": ""PPARA"", ""grade"": ""normal"", ""weight"": 1}, {""gene"": ""PPARG"", ""grade"": ""core"", ""weight"": 5}, {""gene"": ""PTGS1"", ""grade"": ""important"", ""weight"": 2}, {""gene"": ""PTGS2"", ""grade"": ""core"", ""weight"": 5}, {""gene"": ""RB1"", ""grade"": ""normal"", ""weight"": 1}, {""gene"": ""RELA"", ""grade"": ""normal"", ""weight"": 1}, {""gene"": ""STAT1"", ""grade"": ""normal"", ""weight"": 1}, {""gene"": ""TNF"", ""grade"": ""core"", ""weight"": 5}, {""gene"": ""TP53"", ""grade"": ""core"", ""weight"": 5}, {""gene"": ""VCAM1"", ""grade"": ""normal"", ""weight"": 1}]"
16,栀子__石榴皮,栀子,石榴皮,60,64,64,60,127,0.06666666666666667,13,131.23333333333335,True,False,"[{""gene"": ""ABCG2"", ""grade"": ""normal"", ""weight"": 1}, {""gene"": ""AHR"", ""grade"": ""normal"", ""weight"": 1}, {""gene"": ""AKT1"", ""grade"": ""important"", ""weight"": 2}, {""gene"": ""ALOX5"", ""grade"": ""normal"", ""weight"": 1}, {""gene"": ""BAX"", ""grade"": ""important"", ""weight"": 2}, {""gene"": ""BCL2"", ""grade"": ""normal"", ""weight"": 1}, {""gene"": ""BIRC5"", ""grade"": ""normal"", ""weight"": 1}, {""gene"": ""CASP3"", ""grade"": ""important"", ""weight"": 2}, {""gene"": ""CASP8"", ""grade"": ""important"", ""weight"": 2}, {""gene"": ""CCL2"", ""grade"": ""normal"", ""weight"": 1}, {""gene"": ""CCND1"", ""grade"": ""important"", ""weight"": 2}, {""gene"": ""CD40LG"", ""grade"": ""normal"", ""weight"": 1}, {""gene"": ""CDKN1A"", ""grade"": ""normal"", ""weight"": 1}, {""gene"": ""CHEK2"", ""grade"": ""normal"", ""weight"": 1}, {""gene"": ""CHUK"", ""grade"": ""normal"", ""weight"": 1}, {""gene"": ""CXCL10"", ""grade"": ""core"", ""weight"": 5}, {""gene"": ""CXCL8"", ""grade"": ""core"", ""weight"": 5}, {""gene"": ""CYP1A2"", ""grade"": ""normal"", ""weight"": 1}, {""gene"": ""CYP3A4"", ""grade"": ""important"", ""weight"": 2}, {""gene"": ""DUOX2"", ""grade"": ""normal"", ""weight"": 1}, {""gene"": ""EGFR"", ""grade"": ""important"", ""weight"": 2}, {""gene"": ""ERBB2"", ""grade"": ""normal"", ""weight"": 1}, {""gene"": ""GSTM1"", ""grade"": ""normal"", ""weight"": 1}, {""gene"": ""GSTP1"", ""grade"": ""normal"", ""weight"": 1}, {""gene"": ""HIF1A"", ""grade"": ""important"", ""weight"": 2}, {""gene"": ""HMOX1"", ""grade"": ""normal"", ""weight"": 1}, {""gene"": ""ICAM1"", ""grade"": ""important"", ""weight"": 2}, {""gene"": ""IFNG"", ""grade"": ""core"", ""weight"": 5}, {""gene"": ""IGF2"", ""grade"": ""normal"", ""weight"": 1}, {""gene"": ""IKBKB"", ""grade"": ""normal"", ""weight"": 1}, {""gene"": ""IL10"", ""grade"": ""core"", ""weight"": 5}, {""gene"": ""IL1A"", ""grade"": ""normal"", ""weight"": 1}, {""gene"": ""IL1B"", ""grade"": ""core"", ""weight"": 5}, {""gene"": ""IL2"", ""grade"": ""core"", ""weight"": 5}, {""gene"": ""IL6"", ""grade"": ""core"", ""weight"": 5}, {""gene"": ""MAPK1"", ""grade"": ""normal"", ""weight"": 1}, {""gene"": ""MMP1"", ""grade"": ""normal"", ""weight"": 1}, {""gene"": ""MMP2"", ""grade"": ""normal"", ""weight"": 1}, {""gene"": ""MMP3"", ""grade"": ""normal"", ""weight"": 1}, {""gene"": ""MMP9"", ""grade"": ""important"", ""weight"": 2}, {""gene"": ""MPO"", ""grade"": ""important"", ""weight"": 2}, {""gene"": ""MYC"", ""grade"": ""important"", ""weight"": 2}, {""gene"": ""NFE2L2"", ""grade"": ""core"", ""weight"": 5}, {""gene"": ""NFKBIA"", ""grade"": ""important"", ""weight"": 2}, {""gene"": ""NOS2"", ""grade"": ""core"", ""weight"": 5}, {""gene"": ""NOS3"", ""grade"": ""normal"", ""weight"": 1}, {""gene"": ""NR1I2"", ""grade"": ""important"", ""weight"": 2}, {""gene"": ""ODC1"", ""grade"": ""normal"", ""weight"": 1}, {""gene"": ""PLAU"", ""grade"": ""normal"", ""weight"": 1}, {""gene"": ""PPARA"", ""grade"": ""normal"", ""weight"": 1}, {""gene"": ""PPARG"", ""grade"": ""core"", ""weight"": 5}, {""gene"": ""PTGS1"", ""grade"": ""important"", ""weight"": 2}, {""gene"": ""PTGS2"", ""grade"": ""core"", ""weight"": 5}, {""gene"": ""RB1"", ""grade"": ""normal"", ""weight"": 1}, {""gene"": ""RELA"", ""grade"": ""normal"", ""weight"": 1}, {""gene"": ""SLC6A4"", ""grade"": ""normal"", ""weight"": 1}, {""gene"": ""STAT1"", ""grade"": ""normal"", ""weight"": 1}, {""gene"": ""TNF"", ""grade"": ""core"", ""weight"": 5}, {""gene"": ""TP53"", ""grade"": ""core"", ""weight"": 5}, {""gene"": ""VCAM1"", ""grade"": ""normal"", ""weight"": 1}]"
17,槐花__石榴皮,槐花,石榴皮,60,64,64,60,127,0.06666666666666667,13,131.23333333333335,True,False,"[{""gene"": ""ABCG2"", ""grade"": ""normal"", ""weight"": 1}, {""gene"": ""AHR"", ""grade"": ""normal"", ""weight"": 1}, {""gene"": ""AKT1"", ""grade"": ""important"", ""weight"": 2}, {""gene"": ""ALOX5"", ""grade"": ""normal"", ""weight"": 1}, {""gene"": ""BAX"", ""grade"": ""important"", ""weight"": 2}, {""gene"": ""BCL2"", ""grade"": ""normal"", ""weight"": 1}, {""gene"": ""BIRC5"", ""grade"": ""normal"", ""weight"": 1}, {""gene"": ""CASP3"", ""grade"": ""important"", ""weight"": 2}, {""gene"": ""CASP8"", ""grade"": ""important"", ""weight"": 2}, {""gene"": ""CCL2"", ""grade"": ""normal"", ""weight"": 1}, {""gene"": ""CCND1"", ""grade"": ""important"", ""weight"": 2}, {""gene"": ""CD40LG"", ""grade"": ""normal"", ""weight"": 1}, {""gene"": ""CDKN1A"", ""grade"": ""normal"", ""weight"": 1}, {""gene"": ""CHEK2"", ""grade"": ""normal"", ""weight"": 1}, {""gene"": ""CHUK"", ""grade"": ""normal"", ""weight"": 1}, {""gene"": ""CXCL10"", ""grade"": ""core"", ""weight"": 5}, {""gene"": ""CXCL8"", ""grade"": ""core"", ""weight"": 5}, {""gene"": ""CYP1A2"", ""grade"": ""normal"", ""weight"": 1}, {""gene"": ""CYP3A4"", ""grade"": ""important"", ""weight"": 2}, {""gene"": ""DUOX2"", ""grade"": ""normal"", ""weight"": 1}, {""gene"": ""EGFR"", ""grade"": ""important"", ""weight"": 2}, {""gene"": ""ERBB2"", ""grade"": ""normal"", ""weight"": 1}, {""gene"": ""GSTM1"", ""grade"": ""normal"", ""weight"": 1}, {""gene"": ""GSTP1"", ""grade"": ""normal"", ""weight"": 1}, {""gene"": ""HIF1A"", ""grade"": ""important"", ""weight"": 2}, {""gene"": ""HMOX1"", ""grade"": ""normal"", ""weight"": 1}, {""gene"": ""ICAM1"", ""grade"": ""important"", ""weight"": 2}, {""gene"": ""IFNG"", ""grade"": ""core"", ""weight"": 5}, {""gene"": ""IGF2"", ""grade"": ""normal"", ""weight"": 1}, {""gene"": ""IKBKB"", ""grade"": ""normal"", ""weight"": 1}, {""gene"": ""IL10"", ""grade"": ""core"", ""weight"": 5}, {""gene"": ""IL1A"", ""grade"": ""normal"", ""weight"": 1}, {""gene"": ""IL1B"", ""grade"": ""core"", ""weight"": 5}, {""gene"": ""IL2"", ""grade"": ""core"", ""weight"": 5}, {""gene"": ""IL6"", ""grade"": ""core"", ""weight"": 5}, {""gene"": ""MAPK1"", ""grade"": ""normal"", ""weight"": 1}, {""gene"": ""MMP1"", ""grade"": ""normal"", ""weight"": 1}, {""gene"": ""MMP2"", ""grade"": ""normal"", ""weight"": 1}, {""gene"": ""MMP3"", ""grade"": ""normal"", ""weight"": 1}, {""gene"": ""MMP9"", ""grade"": ""important"", ""weight"": 2}, {""gene"": ""MPO"", ""grade"": ""important"", ""weight"": 2}, {""gene"": ""MYC"", ""grade"": ""important"", ""weight"": 2}, {""gene"": ""NFE2L2"", ""grade"": ""core"", ""weight"": 5}, {""gene"": ""NFKBIA"", ""grade"": ""important"", ""weight"": 2}, {""gene"": ""NOS2"", ""grade"": ""core"", ""weight"": 5}, {""gene"": ""NOS3"", ""grade"": ""normal"", ""weight"": 1}, {""gene"": ""NR1I2"", ""grade"": ""important"", ""weight"": 2}, {""gene"": ""ODC1"", ""grade"": ""normal"", ""weight"": 1}, {""gene"": ""PLAU"", ""grade"": ""normal"", ""weight"": 1}, {""gene"": ""PPARA"", ""grade"": ""normal"", ""weight"": 1}, {""gene"": ""PPARG"", ""grade"": ""core"", ""weight"": 5}, {""gene"": ""PTGS1"", ""grade"": ""important"", ""weight"": 2}, {""gene"": ""PTGS2"", ""grade"": ""core"", ""weight"": 5}, {""gene"": ""RB1"", ""grade"": ""normal"", ""weight"": 1}, {""gene"": ""RELA"", ""grade"": ""normal"", ""weight"": 1}, {""gene"": ""SLC6A4"", ""grade"": ""normal"", ""weight"": 1}, {""gene"": ""STAT1"", ""grade"": ""normal"", ""weight"": 1}, {""gene"": ""TNF"", ""grade"": ""core"", ""weight"": 5}, {""gene"": ""TP53"", ""grade"": ""core"", ""weight"": 5}, {""gene"": ""VCAM1"", ""grade"": ""normal"", ""weight"": 1}]"
18,乌梅__马齿苋,乌梅,马齿苋,61,63,64,60,127,0.06557377049180328,13,131.1639344262295,True,False,"[{""gene"": ""ABCG2"", ""grade"": ""normal"", ""weight"": 1}, {""gene"": ""AHR"", ""grade"": ""normal"", ""weight"": 1}, {""gene"": ""AKT1"", ""grade"": ""important"", ""weight"": 2}, {""gene"": ""ALOX5"", ""grade"": ""normal"", ""weight"": 1}, {""gene"": ""BAX"", ""grade"": ""important"", ""weight"": 2}, {""gene"": ""BCL2"", ""grade"": ""normal"", ""weight"": 1}, {""gene"": ""BIRC5"", ""grade"": ""normal"", ""weight"": 1}, {""gene"": ""CASP3"", ""grade"": ""important"", ""weight"": 2}, {""gene"": ""CASP8"", ""grade"": ""important"", ""weight"": 2}, {""gene"": ""CCL2"", ""grade"": ""normal"", ""weight"": 1}, {""gene"": ""CCND1"", ""grade"": ""important"", ""weight"": 2}, {""gene"": ""CD40LG"", ""grade"": ""normal"", ""weight"": 1}, {""gene"": ""CDKN1A"", ""grade"": ""normal"", ""weight"": 1}, {""gene"": ""CHEK2"", ""grade"": ""normal"", ""weight"": 1}, {""gene"": ""CHUK"", ""grade"": ""normal"", ""weight"": 1}, {""gene"": ""CXCL10"", ""grade"": ""core"", ""weight"": 5}, {""gene"": ""CXCL8"", ""grade"": ""core"", ""weight"": 5}, {""gene"": ""CYP1A2"", ""grade"": ""normal"", ""weight"": 1}, {""gene"": ""CYP3A4"", ""grade"": ""important"", ""weight"": 2}, {""gene"": ""DUOX2"", ""grade"": ""normal"", ""weight"": 1}, {""gene"": ""EGFR"", ""grade"": ""important"", ""weight"": 2}, {""gene"": ""ERBB2"", ""grade"": ""normal"", ""weight"": 1}, {""gene"": ""GSTM1"", ""grade"": ""normal"", ""weight"": 1}, {""gene"": ""GSTP1"", ""grade"": ""normal"", ""weight"": 1}, {""gene"": ""HIF1A"", ""grade"": ""important"", ""weight"": 2}, {""gene"": ""HMOX1"", ""grade"": ""normal"", ""weight"": 1}, {""gene"": ""ICAM1"", ""grade"": ""important"", ""weight"": 2}, {""gene"": ""IFNG"", ""grade"": ""core"", ""weight"": 5}, {""gene"": ""IGF2"", ""grade"": ""normal"", ""weight"": 1}, {""gene"": ""IKBKB"", ""grade"": ""normal"", ""weight"": 1}, {""gene"": ""IL10"", ""grade"": ""core"", ""weight"": 5}, {""gene"": ""IL1A"", ""grade"": ""normal"", ""weight"": 1}, {""gene"": ""IL1B"", ""grade"": ""core"", ""weight"": 5}, {""gene"": ""IL2"", ""grade"": ""core"", ""weight"": 5}, {""gene"": ""IL6"", ""grade"": ""core"", ""weight"": 5}, {""gene"": ""MAPK1"", ""grade"": ""normal"", ""weight"": 1}, {""gene"": ""MMP1"", ""grade"": ""normal"", ""weight"": 1}, {""gene"": ""MMP2"", ""grade"": ""normal"", ""weight"": 1}, {""gene"": ""MMP3"", ""grade"": ""normal"", ""weight"": 1}, {""gene"": ""MMP9"", ""grade"": ""important"", ""weight"": 2}, {""gene"": ""MPO"", ""grade"": ""important"", ""weight"": 2}, {""gene"": ""MYC"", ""grade"": ""important"", ""weight"": 2}, {""gene"": ""NFE2L2"", ""grade"": ""core"", ""weight"": 5}, {""gene"": ""NFKBIA"", ""grade"": ""important"", ""weight"": 2}, {""gene"": ""NOS2"", ""grade"": ""core"", ""weight"": 5}, {""gene"": ""NOS3"", ""grade"": ""normal"", ""weight"": 1}, {""gene"": ""NR1I2"", ""grade"": ""important"", ""weight"": 2}, {""gene"": ""ODC1"", ""grade"": ""normal"", ""weight"": 1}, {""gene"": ""PLAU"", ""grade"": ""normal"", ""weight"": 1}, {""gene"": ""PPARA"", ""grade"": ""normal"", ""weight"": 1}, {""gene"": ""PPARG"", ""grade"": ""core"", ""weight"": 5}, {""gene"": ""PTGS1"", ""grade"": ""important"", ""weight"": 2}, {""gene"": ""PTGS2"", ""grade"": ""core"", ""weight"": 5}, {""gene"": ""RB1"", ""grade"": ""normal"", ""weight"": 1}, {""gene"": ""RELA"", ""grade"": ""normal"", ""weight"": 1}, {""gene"": ""SLC6A4"", ""grade"": ""normal"", ""weight"": 1}, {""gene"": ""STAT1"", ""grade"": ""normal"", ""weight"": 1}, {""gene"": ""TNF"", ""grade"": ""core"", ""weight"": 5}, {""gene"": ""TP53"", ""grade"": ""core"", ""weight"": 5}, {""gene"": ""VCAM1"", ""grade"": ""normal"", ""weight"": 1}]"
19,乌梅__黄芪,乌梅,黄芪,61,63,64,60,127,0.06557377049180328,13,131.1639344262295,True,False,"[{""gene"": ""ABCG2"", ""grade"": ""normal"", ""weight"": 1}, {""gene"": ""AHR"", ""grade"": ""normal"", ""weight"": 1}, {""gene"": ""AKT1"", ""grade"": ""important"", ""weight"": 2}, {""gene"": ""ALOX5"", ""grade"": ""normal"", ""weight"": 1}, {""gene"": ""BAX"", ""grade"": ""important"", ""weight"": 2}, {""gene"": ""BCL2"", ""grade"": ""normal"", ""weight"": 1}, {""gene"": ""BIRC5"", ""grade"": ""normal"", ""weight"": 1}, {""gene"": ""CASP3"", ""grade"": ""important"", ""weight"": 2}, {""gene"": ""CASP8"", ""grade"": ""important"", ""weight"": 2}, {""gene"": ""CCL2"", ""grade"": ""normal"", ""weight"": 1}, {""gene"": ""CCND1"", ""grade"": ""important"", ""weight"": 2}, {""gene"": ""CD40LG"", ""grade"": ""normal"", ""weight"": 1}, {""gene"": ""CDKN1A"", ""grade"": ""normal"", ""weight"": 1}, {""gene"": ""CHEK2"", ""grade"": ""normal"", ""weight"": 1}, {""gene"": ""CHUK"", ""grade"": ""normal"", ""weight"": 1}, {""gene"": ""CXCL10"", ""grade"": ""core"", ""weight"": 5}, {""gene"": ""CXCL8"", ""grade"": ""core"", ""weight"": 5}, {""gene"": ""CYP1A2"", ""grade"": ""normal"", ""weight"": 1}, {""gene"": ""CYP3A4"", ""grade"": ""important"", ""weight"": 2}, {""gene"": ""DUOX2"", ""grade"": ""normal"", ""weight"": 1}, {""gene"": ""EGFR"", ""grade"": ""important"", ""weight"": 2}, {""gene"": ""ERBB2"", ""grade"": ""normal"", ""weight"": 1}, {""gene"": ""GSTM1"", ""grade"": ""normal"", ""weight"": 1}, {""gene"": ""GSTP1"", ""grade"": ""normal"", ""weight"": 1}, {""gene"": ""HIF1A"", ""grade"": ""important"", ""weight"": 2}, {""gene"": ""HMOX1"", ""grade"": ""normal"", ""weight"": 1}, {""gene"": ""ICAM1"", ""grade"": ""important"", ""weight"": 2}, {""gene"": ""IFNG"", ""grade"": ""core"", ""weight"": 5}, {""gene"": ""IGF2"", ""grade"": ""normal"", ""weight"": 1}, {""gene"": ""IKBKB"", ""grade"": ""normal"", ""weight"": 1}, {""gene"": ""IL10"", ""grade"": ""core"", ""weight"": 5}, {""gene"": ""IL1A"", ""grade"": ""normal"", ""weight"": 1}, {""gene"": ""IL1B"", ""grade"": ""core"", ""weight"": 5}, {""gene"": ""IL2"", ""grade"": ""core"", ""weight"": 5}, {""gene"": ""IL6"", ""grade"": ""core"", ""weight"": 5}, {""gene"": ""MAPK1"", ""grade"": ""normal"", ""weight"": 1}, {""gene"": ""MMP1"", ""grade"": ""normal"", ""weight"": 1}, {""gene"": ""MMP2"", ""grade"": ""normal"", ""weight"": 1}, {""gene"": ""MMP3"", ""grade"": ""normal"", ""weight"": 1}, {""gene"": ""MMP9"", ""grade"": ""important"", ""weight"": 2}, {""gene"": ""MPO"", ""grade"": ""important"", ""weight"": 2}, {""gene"": ""MYC"", ""grade"": ""important"", ""weight"": 2}, {""gene"": ""NFE2L2"", ""grade"": ""core"", ""weight"": 5}, {""gene"": ""NFKBIA"", ""grade"": ""important"", ""weight"": 2}, {""gene"": ""NOS2"", ""grade"": ""core"", ""weight"": 5}, {""gene"": ""NOS3"", ""grade"": ""normal"", ""weight"": 1}, {""gene"": ""NR1I2"", ""grade"": ""important"", ""weight"": 2}, {""gene"": ""ODC1"", ""grade"": ""normal"", ""weight"": 1}, {""gene"": ""PLAU"", ""grade"": ""normal"", ""weight"": 1}, {""gene"": ""PPARA"", ""grade"": ""normal"", ""weight"": 1}, {""gene"": ""PPARG"", ""grade"": ""core"", ""weight"": 5}, {""gene"": ""PTGS1"", ""grade"": ""important"", ""weight"": 2}, {""gene"": ""PTGS2"", ""grade"": ""core"", ""weight"": 5}, {""gene"": ""RB1"", ""grade"": ""normal"", ""weight"": 1}, {""gene"": ""RELA"", ""grade"": ""normal"", ""weight"": 1}, {""gene"": ""SLC6A4"", ""grade"": ""normal"", ""weight"": 1}, {""gene"": ""STAT1"", ""grade"": ""normal"", ""weight"": 1}, {""gene"": ""TNF"", ""grade"": ""core"", ""weight"": 5}, {""gene"": ""TP53"", ""grade"": ""core"", ""weight"": 5}, {""gene"": ""VCAM1"", ""grade"": ""normal"", ""weight"": 1}]"
20,大枣__黄芪,大枣,黄芪,61,63,64,60,127,0.06557377049180328,13,131.1639344262295,True,False,"[{""gene"": ""ABCG2"", ""grade"": ""normal"", ""weight"": 1}, {""gene"": ""AHR"", ""grade"": ""normal"", ""weight"": 1}, {""gene"": ""AKT1"", ""grade"": ""important"", ""weight"": 2}, {""gene"": ""ALOX5"", ""grade"": ""normal"", ""weight"": 1}, {""gene"": ""BAX"", ""grade"": ""important"", ""weight"": 2}, {""gene"": ""BCL2"", ""grade"": ""normal"", ""weight"": 1}, {""gene"": ""BIRC5"", ""grade"": ""normal"", ""weight"": 1}, {""gene"": ""CASP3"", ""grade"": ""important"", ""weight"": 2}, {""gene"": ""CASP8"", ""grade"": ""important"", ""weight"": 2}, {""gene"": ""CCL2"", ""grade"": ""normal"", ""weight"": 1}, {""gene"": ""CCND1"", ""grade"": ""important"", ""weight"": 2}, {""gene"": ""CD40LG"", ""grade"": ""normal"", ""weight"": 1}, {""gene"": ""CDKN1A"", ""grade"": ""normal"", ""weight"": 1}, {""gene"": ""CHEK2"", ""grade"": ""normal"", ""weight"": 1}, {""gene"": ""CHUK"", ""grade"": ""normal"", ""weight"": 1}, {""gene"": ""CXCL10"", ""grade"": ""core"", ""weight"": 5}, {""gene"": ""CXCL8"", ""grade"": ""core"", ""weight"": 5}, {""gene"": ""CYP1A2"", ""grade"": ""normal"", ""weight"": 1}, {""gene"": ""CYP3A4"", ""grade"": ""important"", ""weight"": 2}, {""gene"": ""DUOX2"", ""grade"": ""normal"", ""weight"": 1}, {""gene"": ""EGFR"", ""grade"": ""important"", ""weight"": 2}, {""gene"": ""ERBB2"", ""grade"": ""normal"", ""weight"": 1}, {""gene"": ""GSTM1"", ""grade"": ""normal"", ""weight"": 1}, {""gene"": ""GSTP1"", ""grade"": ""normal"", ""weight"": 1}, {""gene"": ""HIF1A"", ""grade"": ""important"", ""weight"": 2}, {""gene"": ""HMOX1"", ""grade"": ""normal"", ""weight"": 1}, {""gene"": ""ICAM1"", ""grade"": ""important"", ""weight"": 2}, {""gene"": ""IFNG"", ""grade"": ""core"", ""weight"": 5}, {""gene"": ""IGF2"", ""grade"": ""normal"", ""weight"": 1}, {""gene"": ""IL10"", ""grade"": ""core"", ""weight"": 5}, {""gene"": ""IL1A"", ""grade"": ""normal"", ""weight"": 1}, {""gene"": ""IL1B"", ""grade"": ""core"", ""weight"": 5}, {""gene"": ""IL2"", ""grade"": ""core"", ""weight"": 5}, {""gene"": ""IL6"", ""grade"": ""core"", ""weight"": 5}, {""gene"": ""KDR"", ""grade"": ""normal"", ""weight"": 1}, {""gene"": ""MAPK1"", ""grade"": ""normal"", ""weight"": 1}, {""gene"": ""MMP1"", ""grade"": ""normal"", ""weight"": 1}, {""gene"": ""MMP2"", ""grade"": ""normal"", ""weight"": 1}, {""gene"": ""MMP3"", ""grade"": ""normal"", ""weight"": 1}, {""gene"": ""MMP9"", ""grade"": ""important"", ""weight"": 2}, {""gene"": ""MPO"", ""grade"": ""important"", ""weight"": 2}, {""gene"": ""MYC"", ""grade"": ""important"", ""weight"": 2}, {""gene"": ""NFE2L2"", ""grade"": ""core"", ""weight"": 5}, {""gene"": ""NFKBIA"", ""grade"": ""important"", ""weight"": 2}, {""gene"": ""NOS2"", ""grade"": ""core"", ""weight"": 5}, {""gene"": ""NOS3"", ""grade"": ""normal"", ""weight"": 1}, {""gene"": ""NR1I2"", ""grade"": ""important"", ""weight"": 2}, {""gene"": ""ODC1"", ""grade"": ""normal"", ""weight"": 1}, {""gene"": ""PLAU"", ""grade"": ""normal"", ""weight"": 1}, {""gene"": ""PPARA"", ""grade"": ""normal"", ""weight"": 1}, {""gene"": ""PPARG"", ""grade"": ""core"", ""weight"": 5}, {""gene"": ""PTGS1"", ""grade"": ""important"", ""weight"": 2}, {""gene"": ""PTGS2"", ""grade"": ""core"", ""weight"": 5}, {""gene"": ""RB1"", ""grade"": ""normal"", ""weight"": 1}, {""gene"": ""RELA"", ""grade"": ""normal"", ""weight"": 1}, {""gene"": ""SLC6A4"", ""grade"": ""normal"", ""weight"": 1}, {""gene"": ""STAT1"", ""grade"": ""normal"", ""weight"": 1}, {""gene"": ""TNF"", ""grade"": ""core"", ""weight"": 5}, {""gene"": ""TP53"", ""grade"": ""core"", ""weight"": 5}, {""gene"": ""VCAM1"", ""grade"": ""normal"", ""weight"": 1}]"
21,马齿苋__鱼腥草,马齿苋,鱼腥草,63,59,63,59,126,0.06779661016949153,13,130.27118644067795,True,False,"[{""gene"": ""ABCG2"", ""grade"": ""normal"", ""weight"": 1}, {""gene"": ""AHR"", ""grade"": ""normal"", ""weight"": 1}, {""gene"": ""AKT1"", ""grade"": ""important"", ""weight"": 2}, {""gene"": ""ALOX5"", ""grade"": ""normal"", ""weight"": 1}, {""gene"": ""BAX"", ""grade"": ""important"", ""weight"": 2}, {""gene"": ""BCL2"", ""grade"": ""normal"", ""weight"": 1}, {""gene"": ""BIRC5"", ""grade"": ""normal"", ""weight"": 1}, {""gene"": ""CASP3"", ""grade"": ""important"", ""weight"": 2}, {""gene"": ""CASP8"", ""grade"": ""important"", ""weight"": 2}, {""gene"": ""CCL2"", ""grade"": ""normal"", ""weight"": 1}, {""gene"": ""CCND1"", ""grade"": ""important"", ""weight"": 2}, {""gene"": ""CD40LG"", ""grade"": ""normal"", ""weight"": 1}, {""gene"": ""CDKN1A"", ""grade"": ""normal"", ""weight"": 1}, {""gene"": ""CHEK2"", ""grade"": ""normal"", ""weight"": 1}, {""gene"": ""CHUK"", ""grade"": ""normal"", ""weight"": 1}, {""gene"": ""CXCL10"", ""grade"": ""core"", ""weight"": 5}, {""gene"": ""CXCL8"", ""grade"": ""core"", ""weight"": 5}, {""gene"": ""CYP1A2"", ""grade"": ""normal"", ""weight"": 1}, {""gene"": ""CYP3A4"", ""grade"": ""important"", ""weight"": 2}, {""gene"": ""DUOX2"", ""grade"": ""normal"", ""weight"": 1}, {""gene"": ""EGFR"", ""grade"": ""important"", ""weight"": 2}, {""gene"": ""ERBB2"", ""grade"": ""normal"", ""weight"": 1}, {""gene"": ""GSTM1"", ""grade"": ""normal"", ""weight"": 1}, {""gene"": ""GSTP1"", ""grade"": ""normal"", ""weight"": 1}, {""gene"": ""HIF1A"", ""grade"": ""important"", ""weight"": 2}, {""gene"": ""HMOX1"", ""grade"": ""normal"", ""weight"": 1}, {""gene"": ""ICAM1"", ""grade"": ""important"", ""weight"": 2}, {""gene"": ""IFNG"", ""grade"": ""core"", ""weight"": 5}, {""gene"": ""IGF2"", ""grade"": ""normal"", ""weight"": 1}, {""gene"": ""IKBKB"", ""grade"": ""normal"", ""weight"": 1}, {""gene"": ""IL10"", ""grade"": ""core"", ""weight"": 5}, {""gene"": ""IL1A"", ""grade"": ""normal"", ""weight"": 1}, {""gene"": ""IL1B"", ""grade"": ""core"", ""weight"": 5}, {""gene"": ""IL2"", ""grade"": ""core"", ""weight"": 5}, {""gene"": ""IL6"", ""grade"": ""core"", ""weight"": 5}, {""gene"": ""MAPK1"", ""grade"": ""normal"", ""weight"": 1}, {""gene"": ""MMP1"", ""grade"": ""normal"", ""weight"": 1}, {""gene"": ""MMP2"", ""grade"": ""normal"", ""weight"": 1}, {""gene"": ""MMP3"", ""grade"": ""normal"", ""weight"": 1}, {""gene"": ""MMP9"", ""grade"": ""important"", ""weight"": 2}, {""gene"": ""MPO"", ""grade"": ""important"", ""weight"": 2}, {""gene"": ""MYC"", ""grade"": ""important"", ""weight"": 2}, {""gene"": ""NFE2L2"", ""grade"": ""core"", ""weight"": 5}, {""gene"": ""NFKBIA"", ""grade"": ""important"", ""weight"": 2}, {""gene"": ""NOS2"", ""grade"": ""core"", ""weight"": 5}, {""gene"": ""NOS3"", ""grade"": ""normal"", ""weight"": 1}, {""gene"": ""NR1I2"", ""grade"": ""important"", ""weight"": 2}, {""gene"": ""ODC1"", ""grade"": ""normal"", ""weight"": 1}, {""gene"": ""PLAU"", ""grade"": ""normal"", ""weight"": 1}, {""gene"": ""PPARA"", ""grade"": ""normal"", ""weight"": 1}, {""gene"": ""PPARG"", ""grade"": ""core"", ""weight"": 5}, {""gene"": ""PTGS1"", ""grade"": ""important"", ""weight"": 2}, {""gene"": ""PTGS2"", ""grade"": ""core"", ""weight"": 5}, {""gene"": ""RB1"", ""grade"": ""normal"", ""weight"": 1}, {""gene"": ""RELA"", ""grade"": ""normal"", ""weight"": 1}, {""gene"": ""STAT1"", ""grade"": ""normal"", ""weight"": 1}, {""gene"": ""TNF"", ""grade"": ""core"", ""weight"": 5}, {""gene"": ""TP53"", ""grade"": ""core"", ""weight"": 5}, {""gene"": ""VCAM1"", ""grade"": ""normal"", ""weight"": 1}]"
22,鱼腥草__黄芪,鱼腥草,黄芪,59,63,63,59,126,0.06779661016949153,13,130.27118644067795,True,False,"[{""gene"": ""ABCG2"", ""grade"": ""normal"", ""weight"": 1}, {""gene"": ""AHR"", ""grade"": ""normal"", ""weight"": 1}, {""gene"": ""AKT1"", ""grade"": ""important"", ""weight"": 2}, {""gene"": ""ALOX5"", ""grade"": ""normal"", ""weight"": 1}, {""gene"": ""BAX"", ""grade"": ""important"", ""weight"": 2}, {""gene"": ""BCL2"", ""grade"": ""normal"", ""weight"": 1}, {""gene"": ""BIRC5"", ""grade"": ""normal"", ""weight"": 1}, {""gene"": ""CASP3"", ""grade"": ""important"", ""weight"": 2}, {""gene"": ""CASP8"", ""grade"": ""important"", ""weight"": 2}, {""gene"": ""CCL2"", ""grade"": ""normal"", ""weight"": 1}, {""gene"": ""CCND1"", ""grade"": ""important"", ""weight"": 2}, {""gene"": ""CD40LG"", ""grade"": ""normal"", ""weight"": 1}, {""gene"": ""CDKN1A"", ""grade"": ""normal"", ""weight"": 1}, {""gene"": ""CHEK2"", ""grade"": ""normal"", ""weight"": 1}, {""gene"": ""CHUK"", ""grade"": ""normal"", ""weight"": 1}, {""gene"": ""CXCL10"", ""grade"": ""core"", ""weight"": 5}, {""gene"": ""CXCL8"", ""grade"": ""core"", ""weight"": 5}, {""gene"": ""CYP1A2"", ""grade"": ""normal"", ""weight"": 1}, {""gene"": ""CYP3A4"", ""grade"": ""important"", ""weight"": 2}, {""gene"": ""DUOX2"", ""grade"": ""normal"", ""weight"": 1}, {""gene"": ""EGFR"", ""grade"": ""important"", ""weight"": 2}, {""gene"": ""ERBB2"", ""grade"": ""normal"", ""weight"": 1}, {""gene"": ""GSTM1"", ""grade"": ""normal"", ""weight"": 1}, {""gene"": ""GSTP1"", ""grade"": ""normal"", ""weight"": 1}, {""gene"": ""HIF1A"", ""grade"": ""important"", ""weight"": 2}, {""gene"": ""HMOX1"", ""grade"": ""normal"", ""weight"": 1}, {""gene"": ""ICAM1"", ""grade"": ""important"", ""weight"": 2}, {""gene"": ""IFNG"", ""grade"": ""core"", ""weight"": 5}, {""gene"": ""IGF2"", ""grade"": ""normal"", ""weight"": 1}, {""gene"": ""IKBKB"", ""grade"": ""normal"", ""weight"": 1}, {""gene"": ""IL10"", ""grade"": ""core"", ""weight"": 5}, {""gene"": ""IL1A"", ""grade"": ""normal"", ""weight"": 1}, {""gene"": ""IL1B"", ""grade"": ""core"", ""weight"": 5}, {""gene"": ""IL2"", ""grade"": ""core"", ""weight"": 5}, {""gene"": ""IL6"", ""grade"": ""core"", ""weight"": 5}, {""gene"": ""MAPK1"", ""grade"": ""normal"", ""weight"": 1}, {""gene"": ""MMP1"", ""grade"": ""normal"", ""weight"": 1}, {""gene"": ""MMP2"", ""grade"": ""normal"", ""weight"": 1}, {""gene"": ""MMP3"", ""grade"": ""normal"", ""weight"": 1}, {""gene"": ""MMP9"", ""grade"": ""important"", ""weight"": 2}, {""gene"": ""MPO"", ""grade"": ""important"", ""weight"": 2}, {""gene"": ""MYC"", ""grade"": ""important"", ""weight"": 2}, {""gene"": ""NFE2L2"", ""grade"": ""core"", ""weight"": 5}, {""gene"": ""NFKBIA"", ""grade"": ""important"", ""weight"": 2}, {""gene"": ""NOS2"", ""grade"": ""core"", ""weight"": 5}, {""gene"": ""NOS3"", ""grade"": ""normal"", ""weight"": 1}, {""gene"": ""NR1I2"", ""grade"": ""important"", ""weight"": 2}, {""gene"": ""ODC1"", ""grade"": ""normal"", ""weight"": 1}, {""gene"": ""PLAU"", ""grade"": ""normal"", ""weight"": 1}, {""gene"": ""PPARA"", ""grade"": ""normal"", ""weight"": 1}, {""gene"": ""PPARG"", ""grade"": ""core"", ""weight"": 5}, {""gene"": ""PTGS1"", ""grade"": ""important"", ""weight"": 2}, {""gene"": ""PTGS2"", ""grade"": ""core"", ""weight"": 5}, {""gene"": ""RB1"", ""grade"": ""normal"", ""weight"": 1}, {""gene"": ""RELA"", ""grade"": ""normal"", ""weight"": 1}, {""gene"": ""STAT1"", ""grade"": ""normal"", ""weight"": 1}, {""gene"": ""TNF"", ""grade"": ""core"", ""weight"": 5}, {""gene"": ""TP53"", ""grade"": ""core"", ""weight"": 5}, {""gene"": ""VCAM1"", ""grade"": ""normal"", ""weight"": 1}]"
23,栀子__马齿苋,栀子,马齿苋,60,63,63,60,127,0.05,13,130.17499999999998,True,False,"[{""gene"": ""ABCG2"", ""grade"": ""normal"", ""weight"": 1}, {""gene"": ""AHR"", ""grade"": ""normal"", ""weight"": 1}, {""gene"": ""AKT1"", ""grade"": ""important"", ""weight"": 2}, {""gene"": ""ALOX5"", ""grade"": ""normal"", ""weight"": 1}, {""gene"": ""BAX"", ""grade"": ""important"", ""weight"": 2}, {""gene"": ""BCL2"", ""grade"": ""normal"", ""weight"": 1}, {""gene"": ""BIRC5"", ""grade"": ""normal"", ""weight"": 1}, {""gene"": ""CASP3"", ""grade"": ""important"", ""weight"": 2}, {""gene"": ""CASP8"", ""grade"": ""important"", ""weight"": 2}, {""gene"": ""CCL2"", ""grade"": ""normal"", ""weight"": 1}, {""gene"": ""CCND1"", ""grade"": ""important"", ""weight"": 2}, {""gene"": ""CD40LG"", ""grade"": ""normal"", ""weight"": 1}, {""gene"": ""CDKN1A"", ""grade"": ""normal"", ""weight"": 1}, {""gene"": ""CHEK2"", ""grade"": ""normal"", ""weight"": 1}, {""gene"": ""CHUK"", ""grade"": ""normal"", ""weight"": 1}, {""gene"": ""CXCL10"", ""grade"": ""core"", ""weight"": 5}, {""gene"": ""CXCL8"", ""grade"": ""core"", ""weight"": 5}, {""gene"": ""CYP1A2"", ""grade"": ""normal"", ""weight"": 1}, {""gene"": ""CYP3A4"", ""grade"": ""important"", ""weight"": 2}, {""gene"": ""DUOX2"", ""grade"": ""normal"", ""weight"": 1}, {""gene"": ""EGFR"", ""grade"": ""important"", ""weight"": 2}, {""gene"": ""ERBB2"", ""grade"": ""normal"", ""weight"": 1}, {""gene"": ""GSTM1"", ""grade"": ""normal"", ""weight"": 1}, {""gene"": ""GSTP1"", ""grade"": ""normal"", ""weight"": 1}, {""gene"": ""HIF1A"", ""grade"": ""important"", ""weight"": 2}, {""gene"": ""HMOX1"", ""grade"": ""normal"", ""weight"": 1}, {""gene"": ""ICAM1"", ""grade"": ""important"", ""weight"": 2}, {""gene"": ""IFNG"", ""grade"": ""core"", ""weight"": 5}, {""gene"": ""IGF2"", ""grade"": ""normal"", ""weight"": 1}, {""gene"": ""IKBKB"", ""grade"": ""normal"", ""weight"": 1}, {""gene"": ""IL10"", ""grade"": ""core"", ""weight"": 5}, {""gene"": ""IL1A"", ""grade"": ""normal"", ""weight"": 1}, {""gene"": ""IL1B"", ""grade"": ""core"", ""weight"": 5}, {""gene"": ""IL2"", ""grade"": ""core"", ""weight"": 5}, {""gene"": ""IL6"", ""grade"": ""core"", ""weight"": 5}, {""gene"": ""MAPK1"", ""grade"": ""normal"", ""weight"": 1}, {""gene"": ""MMP1"", ""grade"": ""normal"", ""weight"": 1}, {""gene"": ""MMP2"", ""grade"": ""normal"", ""weight"": 1}, {""gene"": ""MMP3"", ""grade"": ""normal"", ""weight"": 1}, {""gene"": ""MMP9"", ""grade"": ""important"", ""weight"": 2}, {""gene"": ""MPO"", ""grade"": ""important"", ""weight"": 2}, {""gene"": ""MYC"", ""grade"": ""important"", ""weight"": 2}, {""gene"": ""NFE2L2"", ""grade"": ""core"", ""weight"": 5}, {""gene"": ""NFKBIA"", ""grade"": ""important"", ""weight"": 2}, {""gene"": ""NOS2"", ""grade"": ""core"", ""weight"": 5}, {""gene"": ""NOS3"", ""grade"": ""normal"", ""weight"": 1}, {""gene"": ""NR1I2"", ""grade"": ""important"", ""weight"": 2}, {""gene"": ""ODC1"", ""grade"": ""normal"", ""weight"": 1}, {""gene"": ""PLAU"", ""grade"": ""normal"", ""weight"": 1}, {""gene"": ""PPARA"", ""grade"": ""normal"", ""weight"": 1}, {""gene"": ""PPARG"", ""grade"": ""core"", ""weight"": 5}, {""gene"": ""PTGS1"", ""grade"": ""important"", ""weight"": 2}, {""gene"": ""PTGS2"", ""grade"": ""core"", ""weight"": 5}, {""gene"": ""RB1"", ""grade"": ""normal"", ""weight"": 1}, {""gene"": ""RELA"", ""grade"": ""normal"", ""weight"": 1}, {""gene"": ""SLC6A4"", ""grade"": ""normal"", ""weight"": 1}, {""gene"": ""STAT1"", ""grade"": ""normal"", ""weight"": 1}, {""gene"": ""TNF"", ""grade"": ""core"", ""weight"": 5}, {""gene"": ""TP53"", ""grade"": ""core"", ""weight"": 5}, {""gene"": ""VCAM1"", ""grade"": ""normal"", ""weight"": 1}]"
24,栀子__黄芪,栀子,黄芪,60,63,63,60,127,0.05,13,130.17499999999998,True,False,"[{""gene"": ""ABCG2"", ""grade"": ""normal"", ""weight"": 1}, {""gene"": ""AHR"", ""grade"": ""normal"", ""weight"": 1}, {""gene"": ""AKT1"", ""grade"": ""important"", ""weight"": 2}, {""gene"": ""ALOX5"", ""grade"": ""normal"", ""weight"": 1}, {""gene"": ""BAX"", ""grade"": ""important"", ""weight"": 2}, {""gene"": ""BCL2"", ""grade"": ""normal"", ""weight"": 1}, {""gene"": ""BIRC5"", ""grade"": ""normal"", ""weight"": 1}, {""gene"": ""CASP3"", ""grade"": ""important"", ""weight"": 2}, {""gene"": ""CASP8"", ""grade"": ""important"", ""weight"": 2}, {""gene"": ""CCL2"", ""grade"": ""normal"", ""weight"": 1}, {""gene"": ""CCND1"", ""grade"": ""important"", ""weight"": 2}, {""gene"": ""CD40LG"", ""grade"": ""normal"", ""weight"": 1}, {""gene"": ""CDKN1A"", ""grade"": ""normal"", ""weight"": 1}, {""gene"": ""CHEK2"", ""grade"": ""normal"", ""weight"": 1}, {""gene"": ""CHUK"", ""grade"": ""normal"", ""weight"": 1}, {""gene"": ""CXCL10"", ""grade"": ""core"", ""weight"": 5}, {""gene"": ""CXCL8"", ""grade"": ""core"", ""weight"": 5}, {""gene"": ""CYP1A2"", ""grade"": ""normal"", ""weight"": 1}, {""gene"": ""CYP3A4"", ""grade"": ""important"", ""weight"": 2}, {""gene"": ""DUOX2"", ""grade"": ""normal"", ""weight"": 1}, {""gene"": ""EGFR"", ""grade"": ""important"", ""weight"": 2}, {""gene"": ""ERBB2"", ""grade"": ""normal"", ""weight"": 1}, {""gene"": ""GSTM1"", ""grade"": ""normal"", ""weight"": 1}, {""gene"": ""GSTP1"", ""grade"": ""normal"", ""weight"": 1}, {""gene"": ""HIF1A"", ""grade"": ""important"", ""weight"": 2}, {""gene"": ""HMOX1"", ""grade"": ""normal"", ""weight"": 1}, {""gene"": ""ICAM1"", ""grade"": ""important"", ""weight"": 2}, {""gene"": ""IFNG"", ""grade"": ""core"", ""weight"": 5}, {""gene"": ""IGF2"", ""grade"": ""normal"", ""weight"": 1}, {""gene"": ""IKBKB"", ""grade"": ""normal"", ""weight"": 1}, {""gene"": ""IL10"", ""grade"": ""core"", ""weight"": 5}, {""gene"": ""IL1A"", ""grade"": ""normal"", ""weight"": 1}, {""gene"": ""IL1B"", ""grade"": ""core"", ""weight"": 5}, {""gene"": ""IL2"", ""grade"": ""core"", ""weight"": 5}, {""gene"": ""IL6"", ""grade"": ""core"", ""weight"": 5}, {""gene"": ""MAPK1"", ""grade"": ""normal"", ""weight"": 1}, {""gene"": ""MMP1"", ""grade"": ""normal"", ""weight"": 1}, {""gene"": ""MMP2"", ""grade"": ""normal"", ""weight"": 1}, {""gene"": ""MMP3"", ""grade"": ""normal"", ""weight"": 1}, {""gene"": ""MMP9"", ""grade"": ""important"", ""weight"": 2}, {""gene"": ""MPO"", ""grade"": ""important"", ""weight"": 2}, {""gene"": ""MYC"", ""grade"": ""important"", ""weight"": 2}, {""gene"": ""NFE2L2"", ""grade"": ""core"", ""weight"": 5}, {""gene"": ""NFKBIA"", ""grade"": ""important"", ""weight"": 2}, {""gene"": ""NOS2"", ""grade"": ""core"", ""weight"": 5}, {""gene"": ""NOS3"", ""grade"": ""normal"", ""weight"": 1}, {""gene"": ""NR1I2"", ""grade"": ""important"", ""weight"": 2}, {""gene"": ""ODC1"", ""grade"": ""normal"", ""weight"": 1}, {""gene"": ""PLAU"", ""grade"": ""normal"", ""weight"": 1}, {""gene"": ""PPARA"", ""grade"": ""normal"", ""weight"": 1}, {""gene"": ""PPARG"", ""grade"": ""core"", ""weight"": 5}, {""gene"": ""PTGS1"", ""grade"": ""important"", ""weight"": 2}, {""gene"": ""PTGS2"", ""grade"": ""core"", ""weight"": 5}, {""gene"": ""RB1"", ""grade"": ""normal"", ""weight"": 1}, {""gene"": ""RELA"", ""grade"": ""normal"", ""weight"": 1}, {""gene"": ""SLC6A4"", ""grade"": ""normal"", ""weight"": 1}, {""gene"": ""STAT1"", ""grade"": ""normal"", ""weight"": 1}, {""gene"": ""TNF"", ""grade"": ""core"", ""weight"": 5}, {""gene"": ""TP53"", ""grade"": ""core"", ""weight"": 5}, {""gene"": ""VCAM1"", ""grade"": ""normal"", ""weight"": 1}]"
25,槐花__马齿苋,槐花,马齿苋,60,63,63,60,127,0.05,13,130.17499999999998,True,False,"[{""gene"": ""ABCG2"", ""grade"": ""normal"", ""weight"": 1}, {""gene"": ""AHR"", ""grade"": ""normal"", ""weight"": 1}, {""gene"": ""AKT1"", ""grade"": ""important"", ""weight"": 2}, {""gene"": ""ALOX5"", ""grade"": ""normal"", ""weight"": 1}, {""gene"": ""BAX"", ""grade"": ""important"", ""weight"": 2}, {""gene"": ""BCL2"", ""grade"": ""normal"", ""weight"": 1}, {""gene"": ""BIRC5"", ""grade"": ""normal"", ""weight"": 1}, {""gene"": ""CASP3"", ""grade"": ""important"", ""weight"": 2}, {""gene"": ""CASP8"", ""grade"": ""important"", ""weight"": 2}, {""gene"": ""CCL2"", ""grade"": ""normal"", ""weight"": 1}, {""gene"": ""CCND1"", ""grade"": ""important"", ""weight"": 2}, {""gene"": ""CD40LG"", ""grade"": ""normal"", ""weight"": 1}, {""gene"": ""CDKN1A"", ""grade"": ""normal"", ""weight"": 1}, {""gene"": ""CHEK2"", ""grade"": ""normal"", ""weight"": 1}, {""gene"": ""CHUK"", ""grade"": ""normal"", ""weight"": 1}, {""gene"": ""CXCL10"", ""grade"": ""core"", ""weight"": 5}, {""gene"": ""CXCL8"", ""grade"": ""core"", ""weight"": 5}, {""gene"": ""CYP1A2"", ""grade"": ""normal"", ""weight"": 1}, {""gene"": ""CYP3A4"", ""grade"": ""important"", ""weight"": 2}, {""gene"": ""DUOX2"", ""grade"": ""normal"", ""weight"": 1}, {""gene"": ""EGFR"", ""grade"": ""important"", ""weight"": 2}, {""gene"": ""ERBB2"", ""grade"": ""normal"", ""weight"": 1}, {""gene"": ""GSTM1"", ""grade"": ""normal"", ""weight"": 1}, {""gene"": ""GSTP1"", ""grade"": ""normal"", ""weight"": 1}, {""gene"": ""HIF1A"", ""grade"": ""important"", ""weight"": 2}, {""gene"": ""HMOX1"", ""grade"": ""normal"", ""weight"": 1}, {""gene"": ""ICAM1"", ""grade"": ""important"", ""weight"": 2}, {""gene"": ""IFNG"", ""grade"": ""core"", ""weight"": 5}, {""gene"": ""IGF2"", ""grade"": ""normal"", ""weight"": 1}, {""gene"": ""IKBKB"", ""grade"": ""normal"", ""weight"": 1}, {""gene"": ""IL10"", ""grade"": ""core"", ""weight"": 5}, {""gene"": ""IL1A"", ""grade"": ""normal"", ""weight"": 1}, {""gene"": ""IL1B"", ""grade"": ""core"", ""weight"": 5}, {""gene"": ""IL2"", ""grade"": ""core"", ""weight"": 5}, {""gene"": ""IL6"", ""grade"": ""core"", ""weight"": 5}, {""gene"": ""MAPK1"", ""grade"": ""normal"", ""weight"": 1}, {""gene"": ""MMP1"", ""grade"": ""normal"", ""weight"": 1}, {""gene"": ""MMP2"", ""grade"": ""normal"", ""weight"": 1}, {""gene"": ""MMP3"", ""grade"": ""normal"", ""weight"": 1}, {""gene"": ""MMP9"", ""grade"": ""important"", ""weight"": 2}, {""gene"": ""MPO"", ""grade"": ""important"", ""weight"": 2}, {""gene"": ""MYC"", ""grade"": ""important"", ""weight"": 2}, {""gene"": ""NFE2L2"", ""grade"": ""core"", ""weight"": 5}, {""gene"": ""NFKBIA"", ""grade"": ""important"", ""weight"": 2}, {""gene"": ""NOS2"", ""grade"": ""core"", ""weight"": 5}, {""gene"": ""NOS3"", ""grade"": ""normal"", ""weight"": 1}, {""gene"": ""NR1I2"", ""grade"": ""important"", ""weight"": 2}, {""gene"": ""ODC1"", ""grade"": ""normal"", ""weight"": 1}, {""gene"": ""PLAU"", ""grade"": ""normal"", ""weight"": 1}, {""gene"": ""PPARA"", ""grade"": ""normal"", ""weight"": 1}, {""gene"": ""PPARG"", ""grade"": ""core"", ""weight"": 5}, {""gene"": ""PTGS1"", ""grade"": ""important"", ""weight"": 2}, {""gene"": ""PTGS2"", ""grade"": ""core"", ""weight"": 5}, {""gene"": ""RB1"", ""grade"": ""normal"", ""weight"": 1}, {""gene"": ""RELA"", ""grade"": ""normal"", ""weight"": 1}, {""gene"": ""SLC6A4"", ""grade"": ""normal"", ""weight"": 1}, {""gene"": ""STAT1"", ""grade"": ""normal"", ""weight"": 1}, {""gene"": ""TNF"", ""grade"": ""core"", ""weight"": 5}, {""gene"": ""TP53"", ""grade"": ""core"", ""weight"": 5}, {""gene"": ""VCAM1"", ""grade"": ""normal"", ""weight"": 1}]"
26,槐花__黄芪,槐花,黄芪,60,63,63,60,127,0.05,13,130.17499999999998,True,False,"[{""gene"": ""ABCG2"", ""grade"": ""normal"", ""weight"": 1}, {""gene"": ""AHR"", ""grade"": ""normal"", ""weight"": 1}, {""gene"": ""AKT1"", ""grade"": ""important"", ""weight"": 2}, {""gene"": ""ALOX5"", ""grade"": ""normal"", ""weight"": 1}, {""gene"": ""BAX"", ""grade"": ""important"", ""weight"": 2}, {""gene"": ""BCL2"", ""grade"": ""normal"", ""weight"": 1}, {""gene"": ""BIRC5"", ""grade"": ""normal"", ""weight"": 1}, {""gene"": ""CASP3"", ""grade"": ""important"", ""weight"": 2}, {""gene"": ""CASP8"", ""grade"": ""important"", ""weight"": 2}, {""gene"": ""CCL2"", ""grade"": ""normal"", ""weight"": 1}, {""gene"": ""CCND1"", ""grade"": ""important"", ""weight"": 2}, {""gene"": ""CD40LG"", ""grade"": ""normal"", ""weight"": 1}, {""gene"": ""CDKN1A"", ""grade"": ""normal"", ""weight"": 1}, {""gene"": ""CHEK2"", ""grade"": ""normal"", ""weight"": 1}, {""gene"": ""CHUK"", ""grade"": ""normal"", ""weight"": 1}, {""gene"": ""CXCL10"", ""grade"": ""core"", ""weight"": 5}, {""gene"": ""CXCL8"", ""grade"": ""core"", ""weight"": 5}, {""gene"": ""CYP1A2"", ""grade"": ""normal"", ""weight"": 1}, {""gene"": ""CYP3A4"", ""grade"": ""important"", ""weight"": 2}, {""gene"": ""DUOX2"", ""grade"": ""normal"", ""weight"": 1}, {""gene"": ""EGFR"", ""grade"": ""important"", ""weight"": 2}, {""gene"": ""ERBB2"", ""grade"": ""normal"", ""weight"": 1}, {""gene"": ""GSTM1"", ""grade"": ""normal"", ""weight"": 1}, {""gene"": ""GSTP1"", ""grade"": ""normal"", ""weight"": 1}, {""gene"": ""HIF1A"", ""grade"": ""important"", ""weight"": 2}, {""gene"": ""HMOX1"", ""grade"": ""normal"", ""weight"": 1}, {""gene"": ""ICAM1"", ""grade"": ""important"", ""weight"": 2}, {""gene"": ""IFNG"", ""grade"": ""core"", ""weight"": 5}, {""gene"": ""IGF2"", ""grade"": ""normal"", ""weight"": 1}, {""gene"": ""IKBKB"", ""grade"": ""normal"", ""weight"": 1}, {""gene"": ""IL10"", ""grade"": ""core"", ""weight"": 5}, {""gene"": ""IL1A"", ""grade"": ""normal"", ""weight"": 1}, {""gene"": ""IL1B"", ""grade"": ""core"", ""weight"": 5}, {""gene"": ""IL2"", ""grade"": ""core"", ""weight"": 5}, {""gene"": ""IL6"", ""grade"": ""core"", ""weight"": 5}, {""gene"": ""MAPK1"", ""grade"": ""normal"", ""weight"": 1}, {""gene"": ""MMP1"", ""grade"": ""normal"", ""weight"": 1}, {""gene"": ""MMP2"", ""grade"": ""normal"", ""weight"": 1}, {""gene"": ""MMP3"", ""grade"": ""normal"", ""weight"": 1}, {""gene"": ""MMP9"", ""grade"": ""important"", ""weight"": 2}, {""gene"": ""MPO"", ""grade"": ""important"", ""weight"": 2}, {""gene"": ""MYC"", ""grade"": ""important"", ""weight"": 2}, {""gene"": ""NFE2L2"", ""grade"": ""core"", ""weight"": 5}, {""gene"": ""NFKBIA"", ""grade"": ""important"", ""weight"": 2}, {""gene"": ""NOS2"", ""grade"": ""core"", ""weight"": 5}, {""gene"": ""NOS3"", ""grade"": ""normal"", ""weight"": 1}, {""gene"": ""NR1I2"", ""grade"": ""important"", ""weight"": 2}, {""gene"": ""ODC1"", ""grade"": ""normal"", ""weight"": 1}, {""gene"": ""PLAU"", ""grade"": ""normal"", ""weight"": 1}, {""gene"": ""PPARA"", ""grade"": ""normal"", ""weight"": 1}, {""gene"": ""PPARG"", ""grade"": ""core"", ""weight"": 5}, {""gene"": ""PTGS1"", ""grade"": ""important"", ""weight"": 2}, {""gene"": ""PTGS2"", ""grade"": ""core"", ""weight"": 5}, {""gene"": ""RB1"", ""grade"": ""normal"", ""weight"": 1}, {""gene"": ""RELA"", ""grade"": ""normal"", ""weight"": 1}, {""gene"": ""SLC6A4"", ""grade"": ""normal"", ""weight"": 1}, {""gene"": ""STAT1"", ""grade"": ""normal"", ""weight"": 1}, {""gene"": ""TNF"", ""grade"": ""core"", ""weight"": 5}, {""gene"": ""TP53"", ""grade"": ""core"", ""weight"": 5}, {""gene"": ""VCAM1"", ""grade"": ""normal"", ""weight"": 1}]"
27,乌梅__大枣,乌梅,大枣,61,61,63,59,126,0.06557377049180328,13,130.13114754098362,True,False,"[{""gene"": ""ABCG2"", ""grade"": ""normal"", ""weight"": 1}, {""gene"": ""AHR"", ""grade"": ""normal"", ""weight"": 1}, {""gene"": ""AKT1"", ""grade"": ""important"", ""weight"": 2}, {""gene"": ""ALOX5"", ""grade"": ""normal"", ""weight"": 1}, {""gene"": ""BAX"", ""grade"": ""important"", ""weight"": 2}, {""gene"": ""BCL2"", ""grade"": ""normal"", ""weight"": 1}, {""gene"": ""BIRC5"", ""grade"": ""normal"", ""weight"": 1}, {""gene"": ""CASP3"", ""grade"": ""important"", ""weight"": 2}, {""gene"": ""CASP8"", ""grade"": ""important"", ""weight"": 2}, {""gene"": ""CCL2"", ""grade"": ""normal"", ""weight"": 1}, {""gene"": ""CCND1"", ""grade"": ""important"", ""weight"": 2}, {""gene"": ""CD40LG"", ""grade"": ""normal"", ""weight"": 1}, {""gene"": ""CDKN1A"", ""grade"": ""normal"", ""weight"": 1}, {""gene"": ""CHEK2"", ""grade"": ""normal"", ""weight"": 1}, {""gene"": ""CHUK"", ""grade"": ""normal"", ""weight"": 1}, {""gene"": ""CXCL10"", ""grade"": ""core"", ""weight"": 5}, {""gene"": ""CXCL8"", ""grade"": ""core"", ""weight"": 5}, {""gene"": ""CYP1A2"", ""grade"": ""normal"", ""weight"": 1}, {""gene"": ""CYP3A4"", ""grade"": ""important"", ""weight"": 2}, {""gene"": ""DUOX2"", ""grade"": ""normal"", ""weight"": 1}, {""gene"": ""EGFR"", ""grade"": ""important"", ""weight"": 2}, {""gene"": ""ERBB2"", ""grade"": ""normal"", ""weight"": 1}, {""gene"": ""GSTM1"", ""grade"": ""normal"", ""weight"": 1}, {""gene"": ""GSTP1"", ""grade"": ""normal"", ""weight"": 1}, {""gene"": ""HIF1A"", ""grade"": ""important"", ""weight"": 2}, {""gene"": ""HMOX1"", ""grade"": ""normal"", ""weight"": 1}, {""gene"": ""ICAM1"", ""grade"": ""important"", ""weight"": 2}, {""gene"": ""IFNG"", ""grade"": ""core"", ""weight"": 5}, {""gene"": ""IGF2"", ""grade"": ""normal"", ""weight"": 1}, {""gene"": ""IL10"", ""grade"": ""core"", ""weight"": 5}, {""gene"": ""IL1A"", ""grade"": ""normal"", ""weight"": 1}, {""gene"": ""IL1B"", ""grade"": ""core"", ""weight"": 5}, {""gene"": ""IL2"", ""grade"": ""core"", ""weight"": 5}, {""gene"": ""IL6"", ""grade"": ""core"", ""weight"": 5}, {""gene"": ""MAPK1"", ""grade"": ""normal"", ""weight"": 1}, {""gene"": ""MMP1"", ""grade"": ""normal"", ""weight"": 1}, {""gene"": ""MMP2"", ""grade"": ""normal"", ""weight"": 1}, {""gene"": ""MMP3"", ""grade"": ""normal"", ""weight"": 1}, {""gene"": ""MMP9"", ""grade"": ""important"", ""weight"": 2}, {""gene"": ""MPO"", ""grade"": ""important"", ""weight"": 2}, {""gene"": ""MYC"", ""grade"": ""important"", ""weight"": 2}, {""gene"": ""NFE2L2"", ""grade"": ""core"", ""weight"": 5}, {""gene"": ""NFKBIA"", ""grade"": ""important"", ""weight"": 2}, {""gene"": ""NOS2"", ""grade"": ""core"", ""weight"": 5}, {""gene"": ""NOS3"", ""grade"": ""normal"", ""weight"": 1}, {""gene"": ""NR1I2"", ""grade"": ""important"", ""weight"": 2}, {""gene"": ""ODC1"", ""grade"": ""normal"", ""weight"": 1}, {""gene"": ""PLAU"", ""grade"": ""normal"", ""weight"": 1}, {""gene"": ""PPARA"", ""grade"": ""normal"", ""weight"": 1}, {""gene"": ""PPARG"", ""grade"": ""core"", ""weight"": 5}, {""gene"": ""PTGS1"", ""grade"": ""important"", ""weight"": 2}, {""gene"": ""PTGS2"", ""grade"": ""core"", ""weight"": 5}, {""gene"": ""RB1"", ""grade"": ""normal"", ""weight"": 1}, {""gene"": ""RELA"", ""grade"": ""normal"", ""weight"": 1}, {""gene"": ""SLC6A4"", ""grade"": ""normal"", ""weight"": 1}, {""gene"": ""STAT1"", ""grade"": ""normal"", ""weight"": 1}, {""gene"": ""TNF"", ""grade"": ""core"", ""weight"": 5}, {""gene"": ""TP53"", ""grade"": ""core"", ""weight"": 5}, {""gene"": ""VCAM1"", ""grade"": ""normal"", ""weight"": 1}]"
28,大枣__鱼腥草,大枣,鱼腥草,61,59,62,58,125,0.06779661016949153,13,129.23728813559322,True,False,"[{""gene"": ""ABCG2"", ""grade"": ""normal"", ""weight"": 1}, {""gene"": ""AHR"", ""grade"": ""normal"", ""weight"": 1}, {""gene"": ""AKT1"", ""grade"": ""important"", ""weight"": 2}, {""gene"": ""ALOX5"", ""grade"": ""normal"", ""weight"": 1}, {""gene"": ""BAX"", ""grade"": ""important"", ""weight"": 2}, {""gene"": ""BCL2"", ""grade"": ""normal"", ""weight"": 1}, {""gene"": ""BIRC5"", ""grade"": ""normal"", ""weight"": 1}, {""gene"": ""CASP3"", ""grade"": ""important"", ""weight"": 2}, {""gene"": ""CASP8"", ""grade"": ""important"", ""weight"": 2}, {""gene"": ""CCL2"", ""grade"": ""normal"", ""weight"": 1}, {""gene"": ""CCND1"", ""grade"": ""important"", ""weight"": 2}, {""gene"": ""CD40LG"", ""grade"": ""normal"", ""weight"": 1}, {""gene"": ""CDKN1A"", ""grade"": ""normal"", ""weight"": 1}, {""gene"": ""CHEK2"", ""grade"": ""normal"", ""weight"": 1}, {""gene"": ""CHUK"", ""grade"": ""normal"", ""weight"": 1}, {""gene"": ""CXCL10"", ""grade"": ""core"", ""weight"": 5}, {""gene"": ""CXCL8"", ""grade"": ""core"", ""weight"": 5}, {""gene"": ""CYP1A2"", ""grade"": ""normal"", ""weight"": 1}, {""gene"": ""CYP3A4"", ""grade"": ""important"", ""weight"": 2}, {""gene"": ""DUOX2"", ""grade"": ""normal"", ""weight"": 1}, {""gene"": ""EGFR"", ""grade"": ""important"", ""weight"": 2}, {""gene"": ""ERBB2"", ""grade"": ""normal"", ""weight"": 1}, {""gene"": ""GSTM1"", ""grade"": ""normal"", ""weight"": 1}, {""gene"": ""GSTP1"", ""grade"": ""normal"", ""weight"": 1}, {""gene"": ""HIF1A"", ""grade"": ""important"", ""weight"": 2}, {""gene"": ""HMOX1"", ""grade"": ""normal"", ""weight"": 1}, {""gene"": ""ICAM1"", ""grade"": ""important"", ""weight"": 2}, {""gene"": ""IFNG"", ""grade"": ""core"", ""weight"": 5}, {""gene"": ""IGF2"", ""grade"": ""normal"", ""weight"": 1}, {""gene"": ""IL10"", ""grade"": ""core"", ""weight"": 5}, {""gene"": ""IL1A"", ""grade"": ""normal"", ""weight"": 1}, {""gene"": ""IL1B"", ""grade"": ""core"", ""weight"": 5}, {""gene"": ""IL2"", ""grade"": ""core"", ""weight"": 5}, {""gene"": ""IL6"", ""grade"": ""core"", ""weight"": 5}, {""gene"": ""MAPK1"", ""grade"": ""normal"", ""weight"": 1}, {""gene"": ""MMP1"", ""grade"": ""normal"", ""weight"": 1}, {""gene"": ""MMP2"", ""grade"": ""normal"", ""weight"": 1}, {""gene"": ""MMP3"", ""grade"": ""normal"", ""weight"": 1}, {""gene"": ""MMP9"", ""grade"": ""important"", ""weight"": 2}, {""gene"": ""MPO"", ""grade"": ""important"", ""weight"": 2}, {""gene"": ""MYC"", ""grade"": ""important"", ""weight"": 2}, {""gene"": ""NFE2L2"", ""grade"": ""core"", ""weight"": 5}, {""gene"": ""NFKBIA"", ""grade"": ""important"", ""weight"": 2}, {""gene"": ""NOS2"", ""grade"": ""core"", ""weight"": 5}, {""gene"": ""NOS3"", ""grade"": ""normal"", ""weight"": 1}, {""gene"": ""NR1I2"", ""grade"": ""important"", ""weight"": 2}, {""gene"": ""ODC1"", ""grade"": ""normal"", ""weight"": 1}, {""gene"": ""PLAU"", ""grade"": ""normal"", ""weight"": 1}, {""gene"": ""PPARA"", ""grade"": ""normal"", ""weight"": 1}, {""gene"": ""PPARG"", ""grade"": ""core"", ""weight"": 5}, {""gene"": ""PTGS1"", ""grade"": ""important"", ""weight"": 2}, {""gene"": ""PTGS2"", ""grade"": ""core"", ""weight"": 5}, {""gene"": ""RB1"", ""grade"": ""normal"", ""weight"": 1}, {""gene"": ""RELA"", ""grade"": ""normal"", ""weight"": 1}, {""gene"": ""STAT1"", ""grade"": ""normal"", ""weight"": 1}, {""gene"": ""TNF"", ""grade"": ""core"", ""weight"": 5}, {""gene"": ""TP53"", ""grade"": ""core"", ""weight"": 5}, {""gene"": ""VCAM1"", ""grade"": ""normal"", ""weight"": 1}]"
29,大枣__栀子,大枣,栀子,61,60,62,59,126,0.05,13,129.14999999999998,True,False,"[{""gene"": ""ABCG2"", ""grade"": ""normal"", ""weight"": 1}, {""gene"": ""AHR"", ""grade"": ""normal"", ""weight"": 1}, {""gene"": ""AKT1"", ""grade"": ""important"", ""weight"": 2}, {""gene"": ""ALOX5"", ""grade"": ""normal"", ""weight"": 1}, {""gene"": ""BAX"", ""grade"": ""important"", ""weight"": 2}, {""gene"": ""BCL2"", ""grade"": ""normal"", ""weight"": 1}, {""gene"": ""BIRC5"", ""grade"": ""normal"", ""weight"": 1}, {""gene"": ""CASP3"", ""grade"": ""important"", ""weight"": 2}, {""gene"": ""CASP8"", ""grade"": ""important"", ""weight"": 2}, {""gene"": ""CCL2"", ""grade"": ""normal"", ""weight"": 1}, {""gene"": ""CCND1"", ""grade"": ""important"", ""weight"": 2}, {""gene"": ""CD40LG"", ""grade"": ""normal"", ""weight"": 1}, {""gene"": ""CDKN1A"", ""grade"": ""normal"", ""weight"": 1}, {""gene"": ""CHEK2"", ""grade"": ""normal"", ""weight"": 1}, {""gene"": ""CHUK"", ""grade"": ""normal"", ""weight"": 1}, {""gene"": ""CXCL10"", ""grade"": ""core"", ""weight"": 5}, {""gene"": ""CXCL8"", ""grade"": ""core"", ""weight"": 5}, {""gene"": ""CYP1A2"", ""grade"": ""normal"", ""weight"": 1}, {""gene"": ""CYP3A4"", ""grade"": ""important"", ""weight"": 2}, {""gene"": ""DUOX2"", ""grade"": ""normal"", ""weight"": 1}, {""gene"": ""EGFR"", ""grade"": ""important"", ""weight"": 2}, {""gene"": ""ERBB2"", ""grade"": ""normal"", ""weight"": 1}, {""gene"": ""GSTM1"", ""grade"": ""normal"", ""weight"": 1}, {""gene"": ""GSTP1"", ""grade"": ""normal"", ""weight"": 1}, {""gene"": ""HIF1A"", ""grade"": ""important"", ""weight"": 2}, {""gene"": ""HMOX1"", ""grade"": ""normal"", ""weight"": 1}, {""gene"": ""ICAM1"", ""grade"": ""important"", ""weight"": 2}, {""gene"": ""IFNG"", ""grade"": ""core"", ""weight"": 5}, {""gene"": ""IGF2"", ""grade"": ""normal"", ""weight"": 1}, {""gene"": ""IL10"", ""grade"": ""core"", ""weight"": 5}, {""gene"": ""IL1A"", ""grade"": ""normal"", ""weight"": 1}, {""gene"": ""IL1B"", ""grade"": ""core"", ""weight"": 5}, {""gene"": ""IL2"", ""grade"": ""core"", ""weight"": 5}, {""gene"": ""IL6"", ""grade"": ""core"", ""weight"": 5}, {""gene"": ""MAPK1"", ""grade"": ""normal"", ""weight"": 1}, {""gene"": ""MMP1"", ""grade"": ""normal"", ""weight"": 1}, {""gene"": ""MMP2"", ""grade"": ""normal"", ""weight"": 1}, {""gene"": ""MMP3"", ""grade"": ""normal"", ""weight"": 1}, {""gene"": ""MMP9"", ""grade"": ""important"", ""weight"": 2}, {""gene"": ""MPO"", ""grade"": ""important"", ""weight"": 2}, {""gene"": ""MYC"", ""grade"": ""important"", ""weight"": 2}, {""gene"": ""NFE2L2"", ""grade"": ""core"", ""weight"": 5}, {""gene"": ""NFKBIA"", ""grade"": ""important"", ""weight"": 2}, {""gene"": ""NOS2"", ""grade"": ""core"", ""weight"": 5}, {""gene"": ""NOS3"", ""grade"": ""normal"", ""weight"": 1}, {""gene"": ""NR1I2"", ""grade"": ""important"", ""weight"": 2}, {""gene"": ""ODC1"", ""grade"": ""normal"", ""weight"": 1}, {""gene"": ""PLAU"", ""grade"": ""normal"", ""weight"": 1}, {""gene"": ""PPARA"", ""grade"": ""normal"", ""weight"": 1}, {""gene"": ""PPARG"", ""grade"": ""core"", ""weight"": 5}, {""gene"": ""PTGS1"", ""grade"": ""important"", ""weight"": 2}, {""gene"": ""PTGS2"", ""grade"": ""core"", ""weight"": 5}, {""gene"": ""RB1"", ""grade"": ""normal"", ""weight"": 1}, {""gene"": ""RELA"", ""grade"": ""normal"", ""weight"": 1}, {""gene"": ""SLC6A4"", ""grade"": ""normal"", ""weight"": 1}, {""gene"": ""STAT1"", ""grade"": ""normal"", ""weight"": 1}, {""gene"": ""TNF"", ""grade"": ""core"", ""weight"": 5}, {""gene"": ""TP53"", ""grade"": ""core"", ""weight"": 5}, {""gene"": ""VCAM1"", ""grade"": ""normal"", ""weight"": 1}]"
30,大枣__槐花,大枣,槐花,61,60,62,59,126,0.05,13,129.14999999999998,True,False,"[{""gene"": ""ABCG2"", ""grade"": ""normal"", ""weight"": 1}, {""gene"": ""AHR"", ""grade"": ""normal"", ""weight"": 1}, {""gene"": ""AKT1"", ""grade"": ""important"", ""weight"": 2}, {""gene"": ""ALOX5"", ""grade"": ""normal"", ""weight"": 1}, {""gene"": ""BAX"", ""grade"": ""important"", ""weight"": 2}, {""gene"": ""BCL2"", ""grade"": ""normal"", ""weight"": 1}, {""gene"": ""BIRC5"", ""grade"": ""normal"", ""weight"": 1}, {""gene"": ""CASP3"", ""grade"": ""important"", ""weight"": 2}, {""gene"": ""CASP8"", ""grade"": ""important"", ""weight"": 2}, {""gene"": ""CCL2"", ""grade"": ""normal"", ""weight"": 1}, {""gene"": ""CCND1"", ""grade"": ""important"", ""weight"": 2}, {""gene"": ""CD40LG"", ""grade"": ""normal"", ""weight"": 1}, {""gene"": ""CDKN1A"", ""grade"": ""normal"", ""weight"": 1}, {""gene"": ""CHEK2"", ""grade"": ""normal"", ""weight"": 1}, {""gene"": ""CHUK"", ""grade"": ""normal"", ""weight"": 1}, {""gene"": ""CXCL10"", ""grade"": ""core"", ""weight"": 5}, {""gene"": ""CXCL8"", ""grade"": ""core"", ""weight"": 5}, {""gene"": ""CYP1A2"", ""grade"": ""normal"", ""weight"": 1}, {""gene"": ""CYP3A4"", ""grade"": ""important"", ""weight"": 2}, {""gene"": ""DUOX2"", ""grade"": ""normal"", ""weight"": 1}, {""gene"": ""EGFR"", ""grade"": ""important"", ""weight"": 2}, {""gene"": ""ERBB2"", ""grade"": ""normal"", ""weight"": 1}, {""gene"": ""GSTM1"", ""grade"": ""normal"", ""weight"": 1}, {""gene"": ""GSTP1"", ""grade"": ""normal"", ""weight"": 1}, {""gene"": ""HIF1A"", ""grade"": ""important"", ""weight"": 2}, {""gene"": ""HMOX1"", ""grade"": ""normal"", ""weight"": 1}, {""gene"": ""ICAM1"", ""grade"": ""important"", ""weight"": 2}, {""gene"": ""IFNG"", ""grade"": ""core"", ""weight"": 5}, {""gene"": ""IGF2"", ""grade"": ""normal"", ""weight"": 1}, {""gene"": ""IL10"", ""grade"": ""core"", ""weight"": 5}, {""gene"": ""IL1A"", ""grade"": ""normal"", ""weight"": 1}, {""gene"": ""IL1B"", ""grade"": ""core"", ""weight"": 5}, {""gene"": ""IL2"", ""grade"": ""core"", ""weight"": 5}, {""gene"": ""IL6"", ""grade"": ""core"", ""weight"": 5}, {""gene"": ""MAPK1"", ""grade"": ""normal"", ""weight"": 1}, {""gene"": ""MMP1"", ""grade"": ""normal"", ""weight"": 1}, {""gene"": ""MMP2"", ""grade"": ""normal"", ""weight"": 1}, {""gene"": ""MMP3"", ""grade"": ""normal"", ""weight"": 1}, {""gene"": ""MMP9"", ""grade"": ""important"", ""weight"": 2}, {""gene"": ""MPO"", ""grade"": ""important"", ""weight"": 2}, {""gene"": ""MYC"", ""grade"": ""important"", ""weight"": 2}, {""gene"": ""NFE2L2"", ""grade"": ""core"", ""weight"": 5}, {""gene"": ""NFKBIA"", ""grade"": ""important"", ""weight"": 2}, {""gene"": ""NOS2"", ""grade"": ""core"", ""weight"": 5}, {""gene"": ""NOS3"", ""grade"": ""normal"", ""weight"": 1}, {""gene"": ""NR1I2"", ""grade"": ""important"", ""weight"": 2}, {""gene"": ""ODC1"", ""grade"": ""normal"", ""weight"": 1}, {""gene"": ""PLAU"", ""grade"": ""normal"", ""weight"": 1}, {""gene"": ""PPARA"", ""grade"": ""normal"", ""weight"": 1}, {""gene"": ""PPARG"", ""grade"": ""core"", ""weight"": 5}, {""gene"": ""PTGS1"", ""grade"": ""important"", ""weight"": 2}, {""gene"": ""PTGS2"", ""grade"": ""core"", ""weight"": 5}, {""gene"": ""RB1"", ""grade"": ""normal"", ""weight"": 1}, {""gene"": ""RELA"", ""grade"": ""normal"", ""weight"": 1}, {""gene"": ""SLC6A4"", ""grade"": ""normal"", ""weight"": 1}, {""gene"": ""STAT1"", ""grade"": ""normal"", ""weight"": 1}, {""gene"": ""TNF"", ""grade"": ""core"", ""weight"": 5}, {""gene"": ""TP53"", ""grade"": ""core"", ""weight"": 5}, {""gene"": ""VCAM1"", ""grade"": ""normal"", ""weight"": 1}]"
31,乌梅__鱼腥草,乌梅,鱼腥草,61,59,61,59,126,0.03389830508474576,13,128.135593220339,False,False,"[{""gene"": ""ABCG2"", ""grade"": ""normal"", ""weight"": 1}, {""gene"": ""AHR"", ""grade"": ""normal"", ""weight"": 1}, {""gene"": ""AKT1"", ""grade"": ""important"", ""weight"": 2}, {""gene"": ""ALOX5"", ""grade"": ""normal"", ""weight"": 1}, {""gene"": ""BAX"", ""grade"": ""important"", ""weight"": 2}, {""gene"": ""BCL2"", ""grade"": ""normal"", ""weight"": 1}, {""gene"": ""BIRC5"", ""grade"": ""normal"", ""weight"": 1}, {""gene"": ""CASP3"", ""grade"": ""important"", ""weight"": 2}, {""gene"": ""CASP8"", ""grade"": ""important"", ""weight"": 2}, {""gene"": ""CCL2"", ""grade"": ""normal"", ""weight"": 1}, {""gene"": ""CCND1"", ""grade"": ""important"", ""weight"": 2}, {""gene"": ""CD40LG"", ""grade"": ""normal"", ""weight"": 1}, {""gene"": ""CDKN1A"", ""grade"": ""normal"", ""weight"": 1}, {""gene"": ""CHEK2"", ""grade"": ""normal"", ""weight"": 1}, {""gene"": ""CHUK"", ""grade"": ""normal"", ""weight"": 1}, {""gene"": ""CXCL10"", ""grade"": ""core"", ""weight"": 5}, {""gene"": ""CXCL8"", ""grade"": ""core"", ""weight"": 5}, {""gene"": ""CYP1A2"", ""grade"": ""normal"", ""weight"": 1}, {""gene"": ""CYP3A4"", ""grade"": ""important"", ""weight"": 2}, {""gene"": ""DUOX2"", ""grade"": ""normal"", ""weight"": 1}, {""gene"": ""EGFR"", ""grade"": ""important"", ""weight"": 2}, {""gene"": ""ERBB2"", ""grade"": ""normal"", ""weight"": 1}, {""gene"": ""GSTM1"", ""grade"": ""normal"", ""weight"": 1}, {""gene"": ""GSTP1"", ""grade"": ""normal"", ""weight"": 1}, {""gene"": ""HIF1A"", ""grade"": ""important"", ""weight"": 2}, {""gene"": ""HMOX1"", ""grade"": ""normal"", ""weight"": 1}, {""gene"": ""ICAM1"", ""grade"": ""important"", ""weight"": 2}, {""gene"": ""IFNG"", ""grade"": ""core"", ""weight"": 5}, {""gene"": ""IGF2"", ""grade"": ""normal"", ""weight"": 1}, {""gene"": ""IKBKB"", ""grade"": ""normal"", ""weight"": 1}, {""gene"": ""IL10"", ""grade"": ""core"", ""weight"": 5}, {""gene"": ""IL1A"", ""grade"": ""normal"", ""weight"": 1}, {""gene"": ""IL1B"", ""grade"": ""core"", ""weight"": 5}, {""gene"": ""IL2"", ""grade"": ""core"", ""weight"": 5}, {""gene"": ""IL6"", ""grade"": ""core"", ""weight"": 5}, {""gene"": ""MAPK1"", ""grade"": ""normal"", ""weight"": 1}, {""gene"": ""MMP1"", ""grade"": ""normal"", ""weight"": 1}, {""gene"": ""MMP2"", ""grade"": ""normal"", ""weight"": 1}, {""gene"": ""MMP3"", ""grade"": ""normal"", ""weight"": 1}, {""gene"": ""MMP9"", ""grade"": ""important"", ""weight"": 2}, {""gene"": ""MPO"", ""grade"": ""important"", ""weight"": 2}, {""gene"": ""MYC"", ""grade"": ""important"", ""weight"": 2}, {""gene"": ""NFE2L2"", ""grade"": ""core"", ""weight"": 5}, {""gene"": ""NFKBIA"", ""grade"": ""important"", ""weight"": 2}, {""gene"": ""NOS2"", ""grade"": ""core"", ""weight"": 5}, {""gene"": ""NOS3"", ""grade"": ""normal"", ""weight"": 1}, {""gene"": ""NR1I2"", ""grade"": ""important"", ""weight"": 2}, {""gene"": ""ODC1"", ""grade"": ""normal"", ""weight"": 1}, {""gene"": ""PLAU"", ""grade"": ""normal"", ""weight"": 1}, {""gene"": ""PPARA"", ""grade"": ""normal"", ""weight"": 1}, {""gene"": ""PPARG"", ""grade"": ""core"", ""weight"": 5}, {""gene"": ""PTGS1"", ""grade"": ""important"", ""weight"": 2}, {""gene"": ""PTGS2"", ""grade"": ""core"", ""weight"": 5}, {""gene"": ""RB1"", ""grade"": ""normal"", ""weight"": 1}, {""gene"": ""RELA"", ""grade"": ""normal"", ""weight"": 1}, {""gene"": ""STAT1"", ""grade"": ""normal"", ""weight"": 1}, {""gene"": ""TNF"", ""grade"": ""core"", ""weight"": 5}, {""gene"": ""TP53"", ""grade"": ""core"", ""weight"": 5}, {""gene"": ""VCAM1"", ""grade"": ""normal"", ""weight"": 1}]"
32,乌梅__栀子,乌梅,栀子,61,60,61,60,127,0.016666666666666666,13,128.05833333333334,False,False,"[{""gene"": ""ABCG2"", ""grade"": ""normal"", ""weight"": 1}, {""gene"": ""AHR"", ""grade"": ""normal"", ""weight"": 1}, {""gene"": ""AKT1"", ""grade"": ""important"", ""weight"": 2}, {""gene"": ""ALOX5"", ""grade"": ""normal"", ""weight"": 1}, {""gene"": ""BAX"", ""grade"": ""important"", ""weight"": 2}, {""gene"": ""BCL2"", ""grade"": ""normal"", ""weight"": 1}, {""gene"": ""BIRC5"", ""grade"": ""normal"", ""weight"": 1}, {""gene"": ""CASP3"", ""grade"": ""important"", ""weight"": 2}, {""gene"": ""CASP8"", ""grade"": ""important"", ""weight"": 2}, {""gene"": ""CCL2"", ""grade"": ""normal"", ""weight"": 1}, {""gene"": ""CCND1"", ""grade"": ""important"", ""weight"": 2}, {""gene"": ""CD40LG"", ""grade"": ""normal"", ""weight"": 1}, {""gene"": ""CDKN1A"", ""grade"": ""normal"", ""weight"": 1}, {""gene"": ""CHEK2"", ""grade"": ""normal"", ""weight"": 1}, {""gene"": ""CHUK"", ""grade"": ""normal"", ""weight"": 1}, {""gene"": ""CXCL10"", ""grade"": ""core"", ""weight"": 5}, {""gene"": ""CXCL8"", ""grade"": ""core"", ""weight"": 5}, {""gene"": ""CYP1A2"", ""grade"": ""normal"", ""weight"": 1}, {""gene"": ""CYP3A4"", ""grade"": ""important"", ""weight"": 2}, {""gene"": ""DUOX2"", ""grade"": ""normal"", ""weight"": 1}, {""gene"": ""EGFR"", ""grade"": ""important"", ""weight"": 2}, {""gene"": ""ERBB2"", ""grade"": ""normal"", ""weight"": 1}, {""gene"": ""GSTM1"", ""grade"": ""normal"", ""weight"": 1}, {""gene"": ""GSTP1"", ""grade"": ""normal"", ""weight"": 1}, {""gene"": ""HIF1A"", ""grade"": ""important"", ""weight"": 2}, {""gene"": ""HMOX1"", ""grade"": ""normal"", ""weight"": 1}, {""gene"": ""ICAM1"", ""grade"": ""important"", ""weight"": 2}, {""gene"": ""IFNG"", ""grade"": ""core"", ""weight"": 5}, {""gene"": ""IGF2"", ""grade"": ""normal"", ""weight"": 1}, {""gene"": ""IKBKB"", ""grade"": ""normal"", ""weight"": 1}, {""gene"": ""IL10"", ""grade"": ""core"", ""weight"": 5}, {""gene"": ""IL1A"", ""grade"": ""normal"", ""weight"": 1}, {""gene"": ""IL1B"", ""grade"": ""core"", ""weight"": 5}, {""gene"": ""IL2"", ""grade"": ""core"", ""weight"": 5}, {""gene"": ""IL6"", ""grade"": ""core"", ""weight"": 5}, {""gene"": ""MAPK1"", ""grade"": ""normal"", ""weight"": 1}, {""gene"": ""MMP1"", ""grade"": ""normal"", ""weight"": 1}, {""gene"": ""MMP2"", ""grade"": ""normal"", ""weight"": 1}, {""gene"": ""MMP3"", ""grade"": ""normal"", ""weight"": 1}, {""gene"": ""MMP9"", ""grade"": ""important"", ""weight"": 2}, {""gene"": ""MPO"", ""grade"": ""important"", ""weight"": 2}, {""gene"": ""MYC"", ""grade"": ""important"", ""weight"": 2}, {""gene"": ""NFE2L2"", ""grade"": ""core"", ""weight"": 5}, {""gene"": ""NFKBIA"", ""grade"": ""important"", ""weight"": 2}, {""gene"": ""NOS2"", ""grade"": ""core"", ""weight"": 5}, {""gene"": ""NOS3"", ""grade"": ""normal"", ""weight"": 1}, {""gene"": ""NR1I2"", ""grade"": ""important"", ""weight"": 2}, {""gene"": ""ODC1"", ""grade"": ""normal"", ""weight"": 1}, {""gene"": ""PLAU"", ""grade"": ""normal"", ""weight"": 1}, {""gene"": ""PPARA"", ""grade"": ""normal"", ""weight"": 1}, {""gene"": ""PPARG"", ""grade"": ""core"", ""weight"": 5}, {""gene"": ""PTGS1"", ""grade"": ""important"", ""weight"": 2}, {""gene"": ""PTGS2"", ""grade"": ""core"", ""weight"": 5}, {""gene"": ""RB1"", ""grade"": ""normal"", ""weight"": 1}, {""gene"": ""RELA"", ""grade"": ""normal"", ""weight"": 1}, {""gene"": ""SLC6A4"", ""grade"": ""normal"", ""weight"": 1}, {""gene"": ""STAT1"", ""grade"": ""normal"", ""weight"": 1}, {""gene"": ""TNF"", ""grade"": ""core"", ""weight"": 5}, {""gene"": ""TP53"", ""grade"": ""core"", ""weight"": 5}, {""gene"": ""VCAM1"", ""grade"": ""normal"", ""weight"": 1}]"
33,乌梅__槐花,乌梅,槐花,61,60,61,60,127,0.016666666666666666,13,128.05833333333334,False,False,"[{""gene"": ""ABCG2"", ""grade"": ""normal"", ""weight"": 1}, {""gene"": ""AHR"", ""grade"": ""normal"", ""weight"": 1}, {""gene"": ""AKT1"", ""grade"": ""important"", ""weight"": 2}, {""gene"": ""ALOX5"", ""grade"": ""normal"", ""weight"": 1}, {""gene"": ""BAX"", ""grade"": ""important"", ""weight"": 2}, {""gene"": ""BCL2"", ""grade"": ""normal"", ""weight"": 1}, {""gene"": ""BIRC5"", ""grade"": ""normal"", ""weight"": 1}, {""gene"": ""CASP3"", ""grade"": ""important"", ""weight"": 2}, {""gene"": ""CASP8"", ""grade"": ""important"", ""weight"": 2}, {""gene"": ""CCL2"", ""grade"": ""normal"", ""weight"": 1}, {""gene"": ""CCND1"", ""grade"": ""important"", ""weight"": 2}, {""gene"": ""CD40LG"", ""grade"": ""normal"", ""weight"": 1}, {""gene"": ""CDKN1A"", ""grade"": ""normal"", ""weight"": 1}, {""gene"": ""CHEK2"", ""grade"": ""normal"", ""weight"": 1}, {""gene"": ""CHUK"", ""grade"": ""normal"", ""weight"": 1}, {""gene"": ""CXCL10"", ""grade"": ""core"", ""weight"": 5}, {""gene"": ""CXCL8"", ""grade"": ""core"", ""weight"": 5}, {""gene"": ""CYP1A2"", ""grade"": ""normal"", ""weight"": 1}, {""gene"": ""CYP3A4"", ""grade"": ""important"", ""weight"": 2}, {""gene"": ""DUOX2"", ""grade"": ""normal"", ""weight"": 1}, {""gene"": ""EGFR"", ""grade"": ""important"", ""weight"": 2}, {""gene"": ""ERBB2"", ""grade"": ""normal"", ""weight"": 1}, {""gene"": ""GSTM1"", ""grade"": ""normal"", ""weight"": 1}, {""gene"": ""GSTP1"", ""grade"": ""normal"", ""weight"": 1}, {""gene"": ""HIF1A"", ""grade"": ""important"", ""weight"": 2}, {""gene"": ""HMOX1"", ""grade"": ""normal"", ""weight"": 1}, {""gene"": ""ICAM1"", ""grade"": ""important"", ""weight"": 2}, {""gene"": ""IFNG"", ""grade"": ""core"", ""weight"": 5}, {""gene"": ""IGF2"", ""grade"": ""normal"", ""weight"": 1}, {""gene"": ""IKBKB"", ""grade"": ""normal"", ""weight"": 1}, {""gene"": ""IL10"", ""grade"": ""core"", ""weight"": 5}, {""gene"": ""IL1A"", ""grade"": ""normal"", ""weight"": 1}, {""gene"": ""IL1B"", ""grade"": ""core"", ""weight"": 5}, {""gene"": ""IL2"", ""grade"": ""core"", ""weight"": 5}, {""gene"": ""IL6"", ""grade"": ""core"", ""weight"": 5}, {""gene"": ""MAPK1"", ""grade"": ""normal"", ""weight"": 1}, {""gene"": ""MMP1"", ""grade"": ""normal"", ""weight"": 1}, {""gene"": ""MMP2"", ""grade"": ""normal"", ""weight"": 1}, {""gene"": ""MMP3"", ""grade"": ""normal"", ""weight"": 1}, {""gene"": ""MMP9"", ""grade"": ""important"", ""weight"": 2}, {""gene"": ""MPO"", ""grade"": ""important"", ""weight"": 2}, {""gene"": ""MYC"", ""grade"": ""important"", ""weight"": 2}, {""gene"": ""NFE2L2"", ""grade"": ""core"", ""weight"": 5}, {""gene"": ""NFKBIA"", ""grade"": ""important"", ""weight"": 2}, {""gene"": ""NOS2"", ""grade"": ""core"", ""weight"": 5}, {""gene"": ""NOS3"", ""grade"": ""normal"", ""weight"": 1}, {""gene"": ""NR1I2"", ""grade"": ""important"", ""weight"": 2}, {""gene"": ""ODC1"", ""grade"": ""normal"", ""weight"": 1}, {""gene"": ""PLAU"", ""grade"": ""normal"", ""weight"": 1}, {""gene"": ""PPARA"", ""grade"": ""normal"", ""weight"": 1}, {""gene"": ""PPARG"", ""grade"": ""core"", ""weight"": 5}, {""gene"": ""PTGS1"", ""grade"": ""important"", ""weight"": 2}, {""gene"": ""PTGS2"", ""grade"": ""core"", ""weight"": 5}, {""gene"": ""RB1"", ""grade"": ""normal"", ""weight"": 1}, {""gene"": ""RELA"", ""grade"": ""normal"", ""weight"": 1}, {""gene"": ""SLC6A4"", ""grade"": ""normal"", ""weight"": 1}, {""gene"": ""STAT1"", ""grade"": ""normal"", ""weight"": 1}, {""gene"": ""TNF"", ""grade"": ""core"", ""weight"": 5}, {""gene"": ""TP53"", ""grade"": ""core"", ""weight"": 5}, {""gene"": ""VCAM1"", ""grade"": ""normal"", ""weight"": 1}]"
34,栀子__鱼腥草,栀子,鱼腥草,60,59,60,59,126,0.01694915254237288,13,127.0677966101695,False,False,"[{""gene"": ""ABCG2"", ""grade"": ""normal"", ""weight"": 1}, {""gene"": ""AHR"", ""grade"": ""normal"", ""weight"": 1}, {""gene"": ""AKT1"", ""grade"": ""important"", ""weight"": 2}, {""gene"": ""ALOX5"", ""grade"": ""normal"", ""weight"": 1}, {""gene"": ""BAX"", ""grade"": ""important"", ""weight"": 2}, {""gene"": ""BCL2"", ""grade"": ""normal"", ""weight"": 1}, {""gene"": ""BIRC5"", ""grade"": ""normal"", ""weight"": 1}, {""gene"": ""CASP3"", ""grade"": ""important"", ""weight"": 2}, {""gene"": ""CASP8"", ""grade"": ""important"", ""weight"": 2}, {""gene"": ""CCL2"", ""grade"": ""normal"", ""weight"": 1}, {""gene"": ""CCND1"", ""grade"": ""important"", ""weight"": 2}, {""gene"": ""CD40LG"", ""grade"": ""normal"", ""weight"": 1}, {""gene"": ""CDKN1A"", ""grade"": ""normal"", ""weight"": 1}, {""gene"": ""CHEK2"", ""grade"": ""normal"", ""weight"": 1}, {""gene"": ""CHUK"", ""grade"": ""normal"", ""weight"": 1}, {""gene"": ""CXCL10"", ""grade"": ""core"", ""weight"": 5}, {""gene"": ""CXCL8"", ""grade"": ""core"", ""weight"": 5}, {""gene"": ""CYP1A2"", ""grade"": ""normal"", ""weight"": 1}, {""gene"": ""CYP3A4"", ""grade"": ""important"", ""weight"": 2}, {""gene"": ""DUOX2"", ""grade"": ""normal"", ""weight"": 1}, {""gene"": ""EGFR"", ""grade"": ""important"", ""weight"": 2}, {""gene"": ""ERBB2"", ""grade"": ""normal"", ""weight"": 1}, {""gene"": ""GSTM1"", ""grade"": ""normal"", ""weight"": 1}, {""gene"": ""GSTP1"", ""grade"": ""normal"", ""weight"": 1}, {""gene"": ""HIF1A"", ""grade"": ""important"", ""weight"": 2}, {""gene"": ""HMOX1"", ""grade"": ""normal"", ""weight"": 1}, {""gene"": ""ICAM1"", ""grade"": ""important"", ""weight"": 2}, {""gene"": ""IFNG"", ""grade"": ""core"", ""weight"": 5}, {""gene"": ""IGF2"", ""grade"": ""normal"", ""weight"": 1}, {""gene"": ""IKBKB"", ""grade"": ""normal"", ""weight"": 1}, {""gene"": ""IL10"", ""grade"": ""core"", ""weight"": 5}, {""gene"": ""IL1A"", ""grade"": ""normal"", ""weight"": 1}, {""gene"": ""IL1B"", ""grade"": ""core"", ""weight"": 5}, {""gene"": ""IL2"", ""grade"": ""core"", ""weight"": 5}, {""gene"": ""IL6"", ""grade"": ""core"", ""weight"": 5}, {""gene"": ""MAPK1"", ""grade"": ""normal"", ""weight"": 1}, {""gene"": ""MMP1"", ""grade"": ""normal"", ""weight"": 1}, {""gene"": ""MMP2"", ""grade"": ""normal"", ""weight"": 1}, {""gene"": ""MMP3"", ""grade"": ""normal"", ""weight"": 1}, {""gene"": ""MMP9"", ""grade"": ""important"", ""weight"": 2}, {""gene"": ""MPO"", ""grade"": ""important"", ""weight"": 2}, {""gene"": ""MYC"", ""grade"": ""important"", ""weight"": 2}, {""gene"": ""NFE2L2"", ""grade"": ""core"", ""weight"": 5}, {""gene"": ""NFKBIA"", ""grade"": ""important"", ""weight"": 2}, {""gene"": ""NOS2"", ""grade"": ""core"", ""weight"": 5}, {""gene"": ""NOS3"", ""grade"": ""normal"", ""weight"": 1}, {""gene"": ""NR1I2"", ""grade"": ""important"", ""weight"": 2}, {""gene"": ""ODC1"", ""grade"": ""normal"", ""weight"": 1}, {""gene"": ""PLAU"", ""grade"": ""normal"", ""weight"": 1}, {""gene"": ""PPARA"", ""grade"": ""normal"", ""weight"": 1}, {""gene"": ""PPARG"", ""grade"": ""core"", ""weight"": 5}, {""gene"": ""PTGS1"", ""grade"": ""important"", ""weight"": 2}, {""gene"": ""PTGS2"", ""grade"": ""core"", ""weight"": 5}, {""gene"": ""RB1"", ""grade"": ""normal"", ""weight"": 1}, {""gene"": ""RELA"", ""grade"": ""normal"", ""weight"": 1}, {""gene"": ""STAT1"", ""grade"": ""normal"", ""weight"": 1}, {""gene"": ""TNF"", ""grade"": ""core"", ""weight"": 5}, {""gene"": ""TP53"", ""grade"": ""core"", ""weight"": 5}, {""gene"": ""VCAM1"", ""grade"": ""normal"", ""weight"": 1}]"
35,槐花__鱼腥草,槐花,鱼腥草,60,59,60,59,126,0.01694915254237288,13,127.0677966101695,False,False,"[{""gene"": ""ABCG2"", ""grade"": ""normal"", ""weight"": 1}, {""gene"": ""AHR"", ""grade"": ""normal"", ""weight"": 1}, {""gene"": ""AKT1"", ""grade"": ""important"", ""weight"": 2}, {""gene"": ""ALOX5"", ""grade"": ""normal"", ""weight"": 1}, {""gene"": ""BAX"", ""grade"": ""important"", ""weight"": 2}, {""gene"": ""BCL2"", ""grade"": ""normal"", ""weight"": 1}, {""gene"": ""BIRC5"", ""grade"": ""normal"", ""weight"": 1}, {""gene"": ""CASP3"", ""grade"": ""important"", ""weight"": 2}, {""gene"": ""CASP8"", ""grade"": ""important"", ""weight"": 2}, {""gene"": ""CCL2"", ""grade"": ""normal"", ""weight"": 1}, {""gene"": ""CCND1"", ""grade"": ""important"", ""weight"": 2}, {""gene"": ""CD40LG"", ""grade"": ""normal"", ""weight"": 1}, {""gene"": ""CDKN1A"", ""grade"": ""normal"", ""weight"": 1}, {""gene"": ""CHEK2"", ""grade"": ""normal"", ""weight"": 1}, {""gene"": ""CHUK"", ""grade"": ""normal"", ""weight"": 1}, {""gene"": ""CXCL10"", ""grade"": ""core"", ""weight"": 5}, {""gene"": ""CXCL8"", ""grade"": ""core"", ""weight"": 5}, {""gene"": ""CYP1A2"", ""grade"": ""normal"", ""weight"": 1}, {""gene"": ""CYP3A4"", ""grade"": ""important"", ""weight"": 2}, {""gene"": ""DUOX2"", ""grade"": ""normal"", ""weight"": 1}, {""gene"": ""EGFR"", ""grade"": ""important"", ""weight"": 2}, {""gene"": ""ERBB2"", ""grade"": ""normal"", ""weight"": 1}, {""gene"": ""GSTM1"", ""grade"": ""normal"", ""weight"": 1}, {""gene"": ""GSTP1"", ""grade"": ""normal"", ""weight"": 1}, {""gene"": ""HIF1A"", ""grade"": ""important"", ""weight"": 2}, {""gene"": ""HMOX1"", ""grade"": ""normal"", ""weight"": 1}, {""gene"": ""ICAM1"", ""grade"": ""important"", ""weight"": 2}, {""gene"": ""IFNG"", ""grade"": ""core"", ""weight"": 5}, {""gene"": ""IGF2"", ""grade"": ""normal"", ""weight"": 1}, {""gene"": ""IKBKB"", ""grade"": ""normal"", ""weight"": 1}, {""gene"": ""IL10"", ""grade"": ""core"", ""weight"": 5}, {""gene"": ""IL1A"", ""grade"": ""normal"", ""weight"": 1}, {""gene"": ""IL1B"", ""grade"": ""core"", ""weight"": 5}, {""gene"": ""IL2"", ""grade"": ""core"", ""weight"": 5}, {""gene"": ""IL6"", ""grade"": ""core"", ""weight"": 5}, {""gene"": ""MAPK1"", ""grade"": ""normal"", ""weight"": 1}, {""gene"": ""MMP1"", ""grade"": ""normal"", ""weight"": 1}, {""gene"": ""MMP2"", ""grade"": ""normal"", ""weight"": 1}, {""gene"": ""MMP3"", ""grade"": ""normal"", ""weight"": 1}, {""gene"": ""MMP9"", ""grade"": ""important"", ""weight"": 2}, {""gene"": ""MPO"", ""grade"": ""important"", ""weight"": 2}, {""gene"": ""MYC"", ""grade"": ""important"", ""weight"": 2}, {""gene"": ""NFE2L2"", ""grade"": ""core"", ""weight"": 5}, {""gene"": ""NFKBIA"", ""grade"": ""important"", ""weight"": 2}, {""gene"": ""NOS2"", ""grade"": ""core"", ""weight"": 5}, {""gene"": ""NOS3"", ""grade"": ""normal"", ""weight"": 1}, {""gene"": ""NR1I2"", ""grade"": ""important"", ""weight"": 2}, {""gene"": ""ODC1"", ""grade"": ""normal"", ""weight"": 1}, {""gene"": ""PLAU"", ""grade"": ""normal"", ""weight"": 1}, {""gene"": ""PPARA"", ""grade"": ""normal"", ""weight"": 1}, {""gene"": ""PPARG"", ""grade"": ""core"", ""weight"": 5}, {""gene"": ""PTGS1"", ""grade"": ""important"", ""weight"": 2}, {""gene"": ""PTGS2"", ""grade"": ""core"", ""weight"": 5}, {""gene"": ""RB1"", ""grade"": ""normal"", ""weight"": 1}, {""gene"": ""RELA"", ""grade"": ""normal"", ""weight"": 1}, {""gene"": ""STAT1"", ""grade"": ""normal"", ""weight"": 1}, {""gene"": ""TNF"", ""grade"": ""core"", ""weight"": 5}, {""gene"": ""TP53"", ""grade"": ""core"", ""weight"": 5}, {""gene"": ""VCAM1"", ""grade"": ""normal"", ""weight"": 1}]"
36,栀子__槐花,栀子,槐花,60,60,60,60,127,0.0,13,127.0,False,False,"[{""gene"": ""ABCG2"", ""grade"": ""normal"", ""weight"": 1}, {""gene"": ""AHR"", ""grade"": ""normal"", ""weight"": 1}, {""gene"": ""AKT1"", ""grade"": ""important"", ""weight"": 2}, {""gene"": ""ALOX5"", ""grade"": ""normal"", ""weight"": 1}, {""gene"": ""BAX"", ""grade"": ""important"", ""weight"": 2}, {""gene"": ""BCL2"", ""grade"": ""normal"", ""weight"": 1}, {""gene"": ""BIRC5"", ""grade"": ""normal"", ""weight"": 1}, {""gene"": ""CASP3"", ""grade"": ""important"", ""weight"": 2}, {""gene"": ""CASP8"", ""grade"": ""important"", ""weight"": 2}, {""gene"": ""CCL2"", ""grade"": ""normal"", ""weight"": 1}, {""gene"": ""CCND1"", ""grade"": ""important"", ""weight"": 2}, {""gene"": ""CD40LG"", ""grade"": ""normal"", ""weight"": 1}, {""gene"": ""CDKN1A"", ""grade"": ""normal"", ""weight"": 1}, {""gene"": ""CHEK2"", ""grade"": ""normal"", ""weight"": 1}, {""gene"": ""CHUK"", ""grade"": ""normal"", ""weight"": 1}, {""gene"": ""CXCL10"", ""grade"": ""core"", ""weight"": 5}, {""gene"": ""CXCL8"", ""grade"": ""core"", ""weight"": 5}, {""gene"": ""CYP1A2"", ""grade"": ""normal"", ""weight"": 1}, {""gene"": ""CYP3A4"", ""grade"": ""important"", ""weight"": 2}, {""gene"": ""DUOX2"", ""grade"": ""normal"", ""weight"": 1}, {""gene"": ""EGFR"", ""grade"": ""important"", ""weight"": 2}, {""gene"": ""ERBB2"", ""grade"": ""normal"", ""weight"": 1}, {""gene"": ""GSTM1"", ""grade"": ""normal"", ""weight"": 1}, {""gene"": ""GSTP1"", ""grade"": ""normal"", ""weight"": 1}, {""gene"": ""HIF1A"", ""grade"": ""important"", ""weight"": 2}, {""gene"": ""HMOX1"", ""grade"": ""normal"", ""weight"": 1}, {""gene"": ""ICAM1"", ""grade"": ""important"", ""weight"": 2}, {""gene"": ""IFNG"", ""grade"": ""core"", ""weight"": 5}, {""gene"": ""IGF2"", ""grade"": ""normal"", ""weight"": 1}, {""gene"": ""IKBKB"", ""grade"": ""normal"", ""weight"": 1}, {""gene"": ""IL10"", ""grade"": ""core"", ""weight"": 5}, {""gene"": ""IL1A"", ""grade"": ""normal"", ""weight"": 1}, {""gene"": ""IL1B"", ""grade"": ""core"", ""weight"": 5}, {""gene"": ""IL2"", ""grade"": ""core"", ""weight"": 5}, {""gene"": ""IL6"", ""grade"": ""core"", ""weight"": 5}, {""gene"": ""MAPK1"", ""grade"": ""normal"", ""weight"": 1}, {""gene"": ""MMP1"", ""grade"": ""normal"", ""weight"": 1}, {""gene"": ""MMP2"", ""grade"": ""normal"", ""weight"": 1}, {""gene"": ""MMP3"", ""grade"": ""normal"", ""weight"": 1}, {""gene"": ""MMP9"", ""grade"": ""important"", ""weight"": 2}, {""gene"": ""MPO"", ""grade"": ""important"", ""weight"": 2}, {""gene"": ""MYC"", ""grade"": ""important"", ""weight"": 2}, {""gene"": ""NFE2L2"", ""grade"": ""core"", ""weight"": 5}, {""gene"": ""NFKBIA"", ""grade"": ""important"", ""weight"": 2}, {""gene"": ""NOS2"", ""grade"": ""core"", ""weight"": 5}, {""gene"": ""NOS3"", ""grade"": ""normal"", ""weight"": 1}, {""gene"": ""NR1I2"", ""grade"": ""important"", ""weight"": 2}, {""gene"": ""ODC1"", ""grade"": ""normal"", ""weight"": 1}, {""gene"": ""PLAU"", ""grade"": ""normal"", ""weight"": 1}, {""gene"": ""PPARA"", ""grade"": ""normal"", ""weight"": 1}, {""gene"": ""PPARG"", ""grade"": ""core"", ""weight"": 5}, {""gene"": ""PTGS1"", ""grade"": ""important"", ""weight"": 2}, {""gene"": ""PTGS2"", ""grade"": ""core"", ""weight"": 5}, {""gene"": ""RB1"", ""grade"": ""normal"", ""weight"": 1}, {""gene"": ""RELA"", ""grade"": ""normal"", ""weight"": 1}, {""gene"": ""SLC6A4"", ""grade"": ""normal"", ""weight"": 1}, {""gene"": ""STAT1"", ""grade"": ""normal"", ""weight"": 1}, {""gene"": ""TNF"", ""grade"": ""core"", ""weight"": 5}, {""gene"": ""TP53"", ""grade"": ""core"", ""weight"": 5}, {""gene"": ""VCAM1"", ""grade"": ""normal"", ""weight"": 1}]"
37,党参__甘草,党参,甘草,35,67,70,32,80,1.0857142857142856,10,123.42857142857142,False,False,"[{""gene"": ""AKT1"", ""grade"": ""important"", ""weight"": 2}, {""gene"": ""BIRC5"", ""grade"": ""normal"", ""weight"": 1}, {""gene"": ""CASP3"", ""grade"": ""important"", ""weight"": 2}, {""gene"": ""CCND1"", ""grade"": ""important"", ""weight"": 2}, {""gene"": ""CD40LG"", ""grade"": ""normal"", ""weight"": 1}, {""gene"": ""CDK4"", ""grade"": ""normal"", ""weight"": 1}, {""gene"": ""CDKN1A"", ""grade"": ""normal"", ""weight"": 1}, {""gene"": ""EGFR"", ""grade"": ""important"", ""weight"": 2}, {""gene"": ""ERBB2"", ""grade"": ""normal"", ""weight"": 1}, {""gene"": ""GSTP1"", ""grade"": ""normal"", ""weight"": 1}, {""gene"": ""HMOX1"", ""grade"": ""normal"", ""weight"": 1}, {""gene"": ""ICAM1"", ""grade"": ""important"", ""weight"": 2}, {""gene"": ""IFNG"", ""grade"": ""core"", ""weight"": 5}, {""gene"": ""IL10"", ""grade"": ""core"", ""weight"": 5}, {""gene"": ""IL2"", ""grade"": ""core"", ""weight"": 5}, {""gene"": ""IL4"", ""grade"": ""core"", ""weight"": 5}, {""gene"": ""IL6"", ""grade"": ""core"", ""weight"": 5}, {""gene"": ""MAPK1"", ""grade"": ""normal"", ""weight"": 1}, {""gene"": ""MMP1"", ""grade"": ""normal"", ""weight"": 1}, {""gene"": ""MMP2"", ""grade"": ""normal"", ""weight"": 1}, {""gene"": ""MMP9"", ""grade"": ""important"", ""weight"": 2}, {""gene"": ""NFKBIA"", ""grade"": ""important"", ""weight"": 2}, {""gene"": ""NOS2"", ""grade"": ""core"", ""weight"": 5}, {""gene"": ""PLAU"", ""grade"": ""normal"", ""weight"": 1}, {""gene"": ""PPARG"", ""grade"": ""core"", ""weight"": 5}, {""gene"": ""PTGS1"", ""grade"": ""important"", ""weight"": 2}, {""gene"": ""PTGS2"", ""grade"": ""core"", ""weight"": 5}, {""gene"": ""RB1"", ""grade"": ""normal"", ""weight"": 1}, {""gene"": ""RELA"", ""grade"": ""normal"", ""weight"": 1}, {""gene"": ""SLC6A4"", ""grade"": ""normal"", ""weight"": 1}, {""gene"": ""TNF"", ""grade"": ""core"", ""weight"": 5}, {""gene"": ""TP53"", ""grade"": ""core"", ""weight"": 5}]"
38,甘草__茯苓,甘草,茯苓,67,2,67,2,7,32.5,1,120.75,False,False,"[{""gene"": ""PTGS1"", ""grade"": ""important"", ""weight"": 2}, {""gene"": ""PTGS2"", ""grade"": ""core"", ""weight"": 5}]"
39,党参__石榴皮,党参,石榴皮,35,64,66,33,81,0.9428571428571428,10,119.1857142857143,False,False,"[{""gene"": ""AKT1"", ""grade"": ""important"", ""weight"": 2}, {""gene"": ""BIRC5"", ""grade"": ""normal"", ""weight"": 1}, {""gene"": ""CASP3"", ""grade"": ""important"", ""weight"": 2}, {""gene"": ""CCND1"", ""grade"": ""important"", ""weight"": 2}, {""gene"": ""CD40LG"", ""grade"": ""normal"", ""weight"": 1}, {""gene"": ""CDK4"", ""grade"": ""normal"", ""weight"": 1}, {""gene"": ""CDKN1A"", ""grade"": ""normal"", ""weight"": 1}, {""gene"": ""EGFR"", ""grade"": ""important"", ""weight"": 2}, {""gene"": ""ERBB2"", ""grade"": ""normal"", ""weight"": 1}, {""gene"": ""GSTP1"", ""grade"": ""normal"", ""weight"": 1}, {""gene"": ""HMOX1"", ""grade"": ""normal"", ""weight"": 1}, {""gene"": ""ICAM1"", ""grade"": ""important"", ""weight"": 2}, {""gene"": ""IFNG"", ""grade"": ""core"", ""weight"": 5}, {""gene"": ""IL10"", ""grade"": ""core"", ""weight"": 5}, {""gene"": ""IL2"", ""grade"": ""core"", ""weight"": 5}, {""gene"": ""IL4"", ""grade"": ""core"", ""weight"": 5}, {""gene"": ""IL6"", ""grade"": ""core"", ""weight"": 5}, {""gene"": ""MAPK1"", ""grade"": ""normal"", ""weight"": 1}, {""gene"": ""MET"", ""grade"": ""normal"", ""weight"": 1}, {""gene"": ""MMP1"", ""grade"": ""normal"", ""weight"": 1}, {""gene"": ""MMP2"", ""grade"": ""normal"", ""weight"": 1}, {""gene"": ""MMP9"", ""grade"": ""important"", ""weight"": 2}, {""gene"": ""NFKBIA"", ""grade"": ""important"", ""weight"": 2}, {""gene"": ""NOS2"", ""grade"": ""core"", ""weight"": 5}, {""gene"": ""PLAU"", ""grade"": ""normal"", ""weight"": 1}, {""gene"": ""PPARG"", ""grade"": ""core"", ""weight"": 5}, {""gene"": ""PTGS1"", ""grade"": ""important"", ""weight"": 2}, {""gene"": ""PTGS2"", ""grade"": ""core"", ""weight"": 5}, {""gene"": ""RB1"", ""grade"": ""normal"", ""weight"": 1}, {""gene"": ""RELA"", ""grade"": ""normal"", ""weight"": 1}, {""gene"": ""SLC6A4"", ""grade"": ""normal"", ""weight"": 1}, {""gene"": ""TNF"", ""grade"": ""core"", ""weight"": 5}, {""gene"": ""TP53"", ""grade"": ""core"", ""weight"": 5}]"
40,党参__黄芪,党参,黄芪,35,63,66,32,80,0.9714285714285714,10,118.85714285714286,False,False,"[{""gene"": ""AKT1"", ""grade"": ""important"", ""weight"": 2}, {""gene"": ""BIRC5"", ""grade"": ""normal"", ""weight"": 1}, {""gene"": ""CASP3"", ""grade"": ""important"", ""weight"": 2}, {""gene"": ""CCND1"", ""grade"": ""important"", ""weight"": 2}, {""gene"": ""CD40LG"", ""grade"": ""normal"", ""weight"": 1}, {""gene"": ""CDKN1A"", ""grade"": ""normal"", ""weight"": 1}, {""gene"": ""EGFR"", ""grade"": ""important"", ""weight"": 2}, {""gene"": ""ERBB2"", ""grade"": ""normal"", ""weight"": 1}, {""gene"": ""GSTP1"", ""grade"": ""normal"", ""weight"": 1}, {""gene"": ""HMOX1"", ""grade"": ""normal"", ""weight"": 1}, {""gene"": ""ICAM1"", ""grade"": ""important"", ""weight"": 2}, {""gene"": ""IFNG"", ""grade"": ""core"", ""weight"": 5}, {""gene"": ""IL10"", ""grade"": ""core"", ""weight"": 5}, {""gene"": ""IL2"", ""grade"": ""core"", ""weight"": 5}, {""gene"": ""IL4"", ""grade"": ""core"", ""weight"": 5}, {""gene"": ""IL6"", ""grade"": ""core"", ""weight"": 5}, {""gene"": ""MAPK1"", ""grade"": ""normal"", ""weight"": 1}, {""gene"": ""MET"", ""grade"": ""normal"", ""weight"": 1}, {""gene"": ""MMP1"", ""grade"": ""normal"", ""weight"": 1}, {""gene"": ""MMP2"", ""grade"": ""normal"", ""weight"": 1}, {""gene"": ""MMP9"", ""grade"": ""important"", ""weight"": 2}, {""gene"": ""NFKBIA"", ""grade"": ""important"", ""weight"": 2}, {""gene"": ""NOS2"", ""grade"": ""core"", ""weight"": 5}, {""gene"": ""PLAU"", ""grade"": ""normal"", ""weight"": 1}, {""gene"": ""PPARG"", ""grade"": ""core"", ""weight"": 5}, {""gene"": ""PTGS1"", ""grade"": ""important"", ""weight"": 2}, {""gene"": ""PTGS2"", ""grade"": ""core"", ""weight"": 5}, {""gene"": ""RB1"", ""grade"": ""normal"", ""weight"": 1}, {""gene"": ""RELA"", ""grade"": ""normal"", ""weight"": 1}, {""gene"": ""SLC6A4"", ""grade"": ""normal"", ""weight"": 1}, {""gene"": ""TNF"", ""grade"": ""core"", ""weight"": 5}, {""gene"": ""TP53"", ""grade"": ""core"", ""weight"": 5}]"
41,党参__马齿苋,党参,马齿苋,35,63,65,33,81,0.9142857142857143,10,118.02857142857142,False,False,"[{""gene"": ""AKT1"", ""grade"": ""important"", ""weight"": 2}, {""gene"": ""BIRC5"", ""grade"": ""normal"", ""weight"": 1}, {""gene"": ""CASP3"", ""grade"": ""important"", ""weight"": 2}, {""gene"": ""CCND1"", ""grade"": ""important"", ""weight"": 2}, {""gene"": ""CD40LG"", ""grade"": ""normal"", ""weight"": 1}, {""gene"": ""CDK4"", ""grade"": ""normal"", ""weight"": 1}, {""gene"": ""CDKN1A"", ""grade"": ""normal"", ""weight"": 1}, {""gene"": ""EGFR"", ""grade"": ""important"", ""weight"": 2}, {""gene"": ""ERBB2"", ""grade"": ""normal"", ""weight"": 1}, {""gene"": ""GSTP1"", ""grade"": ""normal"", ""weight"": 1}, {""gene"": ""HMOX1"", ""grade"": ""normal"", ""weight"": 1}, {""gene"": ""ICAM1"", ""grade"": ""important"", ""weight"": 2}, {""gene"": ""IFNG"", ""grade"": ""core"", ""weight"": 5}, {""gene"": ""IL10"", ""grade"": ""core"", ""weight"": 5}, {""gene"": ""IL2"", ""grade"": ""core"", ""weight"": 5}, {""gene"": ""IL4"", ""grade"": ""core"", ""weight"": 5}, {""gene"": ""IL6"", ""grade"": ""core"", ""weight"": 5}, {""gene"": ""MAPK1"", ""grade"": ""normal"", ""weight"": 1}, {""gene"": ""MET"", ""grade"": ""normal"", ""weight"": 1}, {""gene"": ""MMP1"", ""grade"": ""normal"", ""weight"": 1}, {""gene"": ""MMP2"", ""grade"": ""normal"", ""weight"": 1}, {""gene"": ""MMP9"", ""grade"": ""important"", ""weight"": 2}, {""gene"": ""NFKBIA"", ""grade"": ""important"", ""weight"": 2}, {""gene"": ""NOS2"", ""grade"": ""core"", ""weight"": 5}, {""gene"": ""PLAU"", ""grade"": ""normal"", ""weight"": 1}, {""gene"": ""PPARG"", ""grade"": ""core"", ""weight"": 5}, {""gene"": ""PTGS1"", ""grade"": ""important"", ""weight"": 2}, {""gene"": ""PTGS2"", ""grade"": ""core"", ""weight"": 5}, {""gene"": ""RB1"", ""grade"": ""normal"", ""weight"": 1}, {""gene"": ""RELA"", ""grade"": ""normal"", ""weight"": 1}, {""gene"": ""SLC6A4"", ""grade"": ""normal"", ""weight"": 1}, {""gene"": ""TNF"", ""grade"": ""core"", ""weight"": 5}, {""gene"": ""TP53"", ""grade"": ""core"", ""weight"": 5}]"
42,甘草__葛根,甘草,葛根,67,10,67,10,30,5.7,4,115.5,False,False,"[{""gene"": ""BAX"", ""grade"": ""important"", ""weight"": 2}, {""gene"": ""BCL2"", ""grade"": ""normal"", ""weight"": 1}, {""gene"": ""CASP3"", ""grade"": ""important"", ""weight"": 2}, {""gene"": ""CASP8"", ""grade"": ""important"", ""weight"": 2}, {""gene"": ""IL4"", ""grade"": ""core"", ""weight"": 5}, {""gene"": ""NOS2"", ""grade"": ""core"", ""weight"": 5}, {""gene"": ""PPARG"", ""grade"": ""core"", ""weight"": 5}, {""gene"": ""PTGS1"", ""grade"": ""important"", ""weight"": 2}, {""gene"": ""PTGS2"", ""grade"": ""core"", ""weight"": 5}, {""gene"": ""SLC6A4"", ""grade"": ""normal"", ""weight"": 1}]"
43,石榴皮__茯苓,石榴皮,茯苓,64,2,64,2,7,31.0,1,115.5,False,False,"[{""gene"": ""PTGS1"", ""grade"": ""important"", ""weight"": 2}, {""gene"": ""PTGS2"", ""grade"": ""core"", ""weight"": 5}]"
44,茯苓__马齿苋,茯苓,马齿苋,2,63,63,2,7,30.5,1,113.75,False,False,"[{""gene"": ""PTGS1"", ""grade"": ""important"", ""weight"": 2}, {""gene"": ""PTGS2"", ""grade"": ""core"", ""weight"": 5}]"
45,茯苓__黄芪,茯苓,黄芪,2,63,63,2,7,30.5,1,113.75,False,False,"[{""gene"": ""PTGS1"", ""grade"": ""important"", ""weight"": 2}, {""gene"": ""PTGS2"", ""grade"": ""core"", ""weight"": 5}]"
46,党参__大枣,党参,大枣,35,61,66,30,74,1.0285714285714285,9,112.05714285714285,False,False,"[{""gene"": ""AKT1"", ""grade"": ""important"", ""weight"": 2}, {""gene"": ""BIRC5"", ""grade"": ""normal"", ""weight"": 1}, {""gene"": ""CASP3"", ""grade"": ""important"", ""weight"": 2}, {""gene"": ""CCND1"", ""grade"": ""important"", ""weight"": 2}, {""gene"": ""CD40LG"", ""grade"": ""normal"", ""weight"": 1}, {""gene"": ""CDKN1A"", ""grade"": ""normal"", ""weight"": 1}, {""gene"": ""EGFR"", ""grade"": ""important"", ""weight"": 2}, {""gene"": ""ERBB2"", ""grade"": ""normal"", ""weight"": 1}, {""gene"": ""GSTP1"", ""grade"": ""normal"", ""weight"": 1}, {""gene"": ""HMOX1"", ""grade"": ""normal"", ""weight"": 1}, {""gene"": ""ICAM1"", ""grade"": ""important"", ""weight"": 2}, {""gene"": ""IFNG"", ""grade"": ""core"", ""weight"": 5}, {""gene"": ""IL10"", ""grade"": ""core"", ""weight"": 5}, {""gene"": ""IL2"", ""grade"": ""core"", ""weight"": 5}, {""gene"": ""IL6"", ""grade"": ""core"", ""weight"": 5}, {""gene"": ""MAPK1"", ""grade"": ""normal"", ""weight"": 1}, {""gene"": ""MMP1"", ""grade"": ""normal"", ""weight"": 1}, {""gene"": ""MMP2"", ""grade"": ""normal"", ""weight"": 1}, {""gene"": ""MMP9"", ""grade"": ""important"", ""weight"": 2}, {""gene"": ""NFKBIA"", ""grade"": ""important"", ""weight"": 2}, {""gene"": ""NOS2"", ""grade"": ""core"", ""weight"": 5}, {""gene"": ""PLAU"", ""grade"": ""normal"", ""weight"": 1}, {""gene"": ""PPARG"", ""grade"": ""core"", ""weight"": 5}, {""gene"": ""PTGS1"", ""grade"": ""important"", ""weight"": 2}, {""gene"": ""PTGS2"", ""grade"": ""core"", ""weight"": 5}, {""gene"": ""RB1"", ""grade"": ""normal"", ""weight"": 1}, {""gene"": ""RELA"", ""grade"": ""normal"", ""weight"": 1}, {""gene"": ""SLC6A4"", ""grade"": ""normal"", ""weight"": 1}, {""gene"": ""TNF"", ""grade"": ""core"", ""weight"": 5}, {""gene"": ""TP53"", ""grade"": ""core"", ""weight"": 5}]"
47,乌梅__党参,乌梅,党参,61,35,65,31,75,0.9714285714285714,9,111.42857142857143,False,False,"[{""gene"": ""AKT1"", ""grade"": ""important"", ""weight"": 2}, {""gene"": ""BIRC5"", ""grade"": ""normal"", ""weight"": 1}, {""gene"": ""CASP3"", ""grade"": ""important"", ""weight"": 2}, {""gene"": ""CCND1"", ""grade"": ""important"", ""weight"": 2}, {""gene"": ""CD40LG"", ""grade"": ""normal"", ""weight"": 1}, {""gene"": ""CDKN1A"", ""grade"": ""normal"", ""weight"": 1}, {""gene"": ""EGFR"", ""grade"": ""important"", ""weight"": 2}, {""gene"": ""ERBB2"", ""grade"": ""normal"", ""weight"": 1}, {""gene"": ""GSTP1"", ""grade"": ""normal"", ""weight"": 1}, {""gene"": ""HMOX1"", ""grade"": ""normal"", ""weight"": 1}, {""gene"": ""ICAM1"", ""grade"": ""important"", ""weight"": 2}, {""gene"": ""IFNG"", ""grade"": ""core"", ""weight"": 5}, {""gene"": ""IL10"", ""grade"": ""core"", ""weight"": 5}, {""gene"": ""IL2"", ""grade"": ""core"", ""weight"": 5}, {""gene"": ""IL6"", ""grade"": ""core"", ""weight"": 5}, {""gene"": ""MAPK1"", ""grade"": ""normal"", ""weight"": 1}, {""gene"": ""MMP1"", ""grade"": ""normal"", ""weight"": 1}, {""gene"": ""MMP2"", ""grade"": ""normal"", ""weight"": 1}, {""gene"": ""MMP9"", ""grade"": ""important"", ""weight"": 2}, {""gene"": ""NFKBIA"", ""grade"": ""important"", ""weight"": 2}, {""gene"": ""NOS2"", ""grade"": ""core"", ""weight"": 5}, {""gene"": ""NR3C1"", ""grade"": ""normal"", ""weight"": 1}, {""gene"": ""PLAU"", ""grade"": ""normal"", ""weight"": 1}, {""gene"": ""PPARG"", ""grade"": ""core"", ""weight"": 5}, {""gene"": ""PTGS1"", ""grade"": ""important"", ""weight"": 2}, {""gene"": ""PTGS2"", ""grade"": ""core"", ""weight"": 5}, {""gene"": ""RB1"", ""grade"": ""normal"", ""weight"": 1}, {""gene"": ""RELA"", ""grade"": ""normal"", ""weight"": 1}, {""gene"": ""SLC6A4"", ""grade"": ""normal"", ""weight"": 1}, {""gene"": ""TNF"", ""grade"": ""core"", ""weight"": 5}, {""gene"": ""TP53"", ""grade"": ""core"", ""weight"": 5}]"
48,党参__栀子,党参,栀子,35,60,65,30,74,1.0,9,111.0,False,False,"[{""gene"": ""AKT1"", ""grade"": ""important"", ""weight"": 2}, {""gene"": ""BIRC5"", ""grade"": ""normal"", ""weight"": 1}, {""gene"": ""CASP3"", ""grade"": ""important"", ""weight"": 2}, {""gene"": ""CCND1"", ""grade"": ""important"", ""weight"": 2}, {""gene"": ""CD40LG"", ""grade"": ""normal"", ""weight"": 1}, {""gene"": ""CDKN1A"", ""grade"": ""normal"", ""weight"": 1}, {""gene"": ""EGFR"", ""grade"": ""important"", ""weight"": 2}, {""gene"": ""ERBB2"", ""grade"": ""normal"", ""weight"": 1}, {""gene"": ""GSTP1"", ""grade"": ""normal"", ""weight"": 1}, {""gene"": ""HMOX1"", ""grade"": ""normal"", ""weight"": 1}, {""gene"": ""ICAM1"", ""grade"": ""important"", ""weight"": 2}, {""gene"": ""IFNG"", ""grade"": ""core"", ""weight"": 5}, {""gene"": ""IL10"", ""grade"": ""core"", ""weight"": 5}, {""gene"": ""IL2"", ""grade"": ""core"", ""weight"": 5}, {""gene"": ""IL6"", ""grade"": ""core"", ""weight"": 5}, {""gene"": ""MAPK1"", ""grade"": ""normal"", ""weight"": 1}, {""gene"": ""MMP1"", ""grade"": ""normal"", ""weight"": 1}, {""gene"": ""MMP2"", ""grade"": ""normal"", ""weight"": 1}, {""gene"": ""MMP9"", ""grade"": ""important"", ""weight"": 2}, {""gene"": ""NFKBIA"", ""grade"": ""important"", ""weight"": 2}, {""gene"": ""NOS2"", ""grade"": ""core"", ""weight"": 5}, {""gene"": ""PLAU"", ""grade"": ""normal"", ""weight"": 1}, {""gene"": ""PPARG"", ""grade"": ""core"", ""weight"": 5}, {""gene"": ""PTGS1"", ""grade"": ""important"", ""weight"": 2}, {""gene"": ""PTGS2"", ""grade"": ""core"", ""weight"": 5}, {""gene"": ""RB1"", ""grade"": ""normal"", ""weight"": 1}, {""gene"": ""RELA"", ""grade"": ""normal"", ""weight"": 1}, {""gene"": ""SLC6A4"", ""grade"": ""normal"", ""weight"": 1}, {""gene"": ""TNF"", ""grade"": ""core"", ""weight"": 5}, {""gene"": ""TP53"", ""grade"": ""core"", ""weight"": 5}]"
49,党参__槐花,党参,槐花,35,60,65,30,74,1.0,9,111.0,False,False,"[{""gene"": ""AKT1"", ""grade"": ""important"", ""weight"": 2}, {""gene"": ""BIRC5"", ""grade"": ""normal"", ""weight"": 1}, {""gene"": ""CASP3"", ""grade"": ""important"", ""weight"": 2}, {""gene"": ""CCND1"", ""grade"": ""important"", ""weight"": 2}, {""gene"": ""CD40LG"", ""grade"": ""normal"", ""weight"": 1}, {""gene"": ""CDKN1A"", ""grade"": ""normal"", ""weight"": 1}, {""gene"": ""EGFR"", ""grade"": ""important"", ""weight"": 2}, {""gene"": ""ERBB2"", ""grade"": ""normal"", ""weight"": 1}, {""gene"": ""GSTP1"", ""grade"": ""normal"", ""weight"": 1}, {""gene"": ""HMOX1"", ""grade"": ""normal"", ""weight"": 1}, {""gene"": ""ICAM1"", ""grade"": ""important"", ""weight"": 2}, {""gene"": ""IFNG"", ""grade"": ""core"", ""weight"": 5}, {""gene"": ""IL10"", ""grade"": ""core"", ""weight"": 5}, {""gene"": ""IL2"", ""grade"": ""core"", ""weight"": 5}, {""gene"": ""IL6"", ""grade"": ""core"", ""weight"": 5}, {""gene"": ""MAPK1"", ""grade"": ""normal"", ""weight"": 1}, {""gene"": ""MMP1"", ""grade"": ""normal"", ""weight"": 1}, {""gene"": ""MMP2"", ""grade"": ""normal"", ""weight"": 1}, {""gene"": ""MMP9"", ""grade"": ""important"", ""weight"": 2}, {""gene"": ""NFKBIA"", ""grade"": ""important"", ""weight"": 2}, {""gene"": ""NOS2"", ""grade"": ""core"", ""weight"": 5}, {""gene"": ""PLAU"", ""grade"": ""normal"", ""weight"": 1}, {""gene"": ""PPARG"", ""grade"": ""core"", ""weight"": 5}, {""gene"": ""PTGS1"", ""grade"": ""important"", ""weight"": 2}, {""gene"": ""PTGS2"", ""grade"": ""core"", ""weight"": 5}, {""gene"": ""RB1"", ""grade"": ""normal"", ""weight"": 1}, {""gene"": ""RELA"", ""grade"": ""normal"", ""weight"": 1}, {""gene"": ""SLC6A4"", ""grade"": ""normal"", ""weight"": 1}, {""gene"": ""TNF"", ""grade"": ""core"", ""weight"": 5}, {""gene"": ""TP53"", ""grade"": ""core"", ""weight"": 5}]"
50,石榴皮__葛根,石榴皮,葛根,64,10,64,10,30,5.4,4,111.0,False,False,"[{""gene"": ""BAX"", ""grade"": ""important"", ""weight"": 2}, {""gene"": ""BCL2"", ""grade"": ""normal"", ""weight"": 1}, {""gene"": ""CASP3"", ""grade"": ""important"", ""weight"": 2}, {""gene"": ""CASP8"", ""grade"": ""important"", ""weight"": 2}, {""gene"": ""IL4"", ""grade"": ""core"", ""weight"": 5}, {""gene"": ""NOS2"", ""grade"": ""core"", ""weight"": 5}, {""gene"": ""PPARG"", ""grade"": ""core"", ""weight"": 5}, {""gene"": ""PTGS1"", ""grade"": ""important"", ""weight"": 2}, {""gene"": ""PTGS2"", ""grade"": ""core"", ""weight"": 5}, {""gene"": ""SLC6A4"", ""grade"": ""normal"", ""weight"": 1}]"
51,党参__鱼腥草,党参,鱼腥草,35,59,65,29,73,1.0285714285714285,9,110.54285714285714,False,False,"[{""gene"": ""AKT1"", ""grade"": ""important"", ""weight"": 2}, {""gene"": ""BIRC5"", ""grade"": ""normal"", ""weight"": 1}, {""gene"": ""CASP3"", ""grade"": ""important"", ""weight"": 2}, {""gene"": ""CCND1"", ""grade"": ""important"", ""weight"": 2}, {""gene"": ""CD40LG"", ""grade"": ""normal"", ""weight"": 1}, {""gene"": ""CDKN1A"", ""grade"": ""normal"", ""weight"": 1}, {""gene"": ""EGFR"", ""grade"": ""important"", ""weight"": 2}, {""gene"": ""ERBB2"", ""grade"": ""normal"", ""weight"": 1}, {""gene"": ""GSTP1"", ""grade"": ""normal"", ""weight"": 1}, {""gene"": ""HMOX1"", ""grade"": ""normal"", ""weight"": 1}, {""gene"": ""ICAM1"", ""grade"": ""important"", ""weight"": 2}, {""gene"": ""IFNG"", ""grade"": ""core"", ""weight"": 5}, {""gene"": ""IL10"", ""grade"": ""core"", ""weight"": 5}, {""gene"": ""IL2"", ""grade"": ""core"", ""weight"": 5}, {""gene"": ""IL6"", ""grade"": ""core"", ""weight"": 5}, {""gene"": ""MAPK1"", ""grade"": ""normal"", ""weight"": 1}, {""gene"": ""MMP1"", ""grade"": ""normal"", ""weight"": 1}, {""gene"": ""MMP2"", ""grade"": ""normal"", ""weight"": 1}, {""gene"": ""MMP9"", ""grade"": ""important"", ""weight"": 2}, {""gene"": ""NFKBIA"", ""grade"": ""important"", ""weight"": 2}, {""gene"": ""NOS2"", ""grade"": ""core"", ""weight"": 5}, {""gene"": ""PLAU"", ""grade"": ""normal"", ""weight"": 1}, {""gene"": ""PPARG"", ""grade"": ""core"", ""weight"": 5}, {""gene"": ""PTGS1"", ""grade"": ""important"", ""weight"": 2}, {""gene"": ""PTGS2"", ""grade"": ""core"", ""weight"": 5}, {""gene"": ""RB1"", ""grade"": ""normal"", ""weight"": 1}, {""gene"": ""RELA"", ""grade"": ""normal"", ""weight"": 1}, {""gene"": ""TNF"", ""grade"": ""core"", ""weight"": 5}, {""gene"": ""TP53"", ""grade"": ""core"", ""weight"": 5}]"
52,乌梅__茯苓,乌梅,茯苓,61,2,61,2,7,29.5,1,110.25,False,False,"[{""gene"": ""PTGS1"", ""grade"": ""important"", ""weight"": 2}, {""gene"": ""PTGS2"", ""grade"": ""core"", ""weight"": 5}]"
53,大枣__茯苓,大枣,茯苓,61,2,61,2,7,29.5,1,110.25,False,False,"[{""gene"": ""PTGS1"", ""grade"": ""important"", ""weight"": 2}, {""gene"": ""PTGS2"", ""grade"": ""core"", ""weight"": 5}]"
54,葛根__马齿苋,葛根,马齿苋,10,63,63,10,30,5.3,4,109.5,False,False,"[{""gene"": ""BAX"", ""grade"": ""important"", ""weight"": 2}, {""gene"": ""BCL2"", ""grade"": ""normal"", ""weight"": 1}, {""gene"": ""CASP3"", ""grade"": ""important"", ""weight"": 2}, {""gene"": ""CASP8"", ""grade"": ""important"", ""weight"": 2}, {""gene"": ""IL4"", ""grade"": ""core"", ""weight"": 5}, {""gene"": ""NOS2"", ""grade"": ""core"", ""weight"": 5}, {""gene"": ""PPARG"", ""grade"": ""core"", ""weight"": 5}, {""gene"": ""PTGS1"", ""grade"": ""important"", ""weight"": 2}, {""gene"": ""PTGS2"", ""grade"": ""core"", ""weight"": 5}, {""gene"": ""SLC6A4"", ""grade"": ""normal"", ""weight"": 1}]"
55,葛根__黄芪,葛根,黄芪,10,63,63,10,30,5.3,4,109.5,False,False,"[{""gene"": ""BAX"", ""grade"": ""important"", ""weight"": 2}, {""gene"": ""BCL2"", ""grade"": ""normal"", ""weight"": 1}, {""gene"": ""CASP3"", ""grade"": ""important"", ""weight"": 2}, {""gene"": ""CASP8"", ""grade"": ""important"", ""weight"": 2}, {""gene"": ""IL4"", ""grade"": ""core"", ""weight"": 5}, {""gene"": ""NOS2"", ""grade"": ""core"", ""weight"": 5}, {""gene"": ""PPARG"", ""grade"": ""core"", ""weight"": 5}, {""gene"": ""PTGS1"", ""grade"": ""important"", ""weight"": 2}, {""gene"": ""PTGS2"", ""grade"": ""core"", ""weight"": 5}, {""gene"": ""SLC6A4"", ""grade"": ""normal"", ""weight"": 1}]"
56,甘草__蒲公英,甘草,蒲公英,67,37,82,22,60,1.6216216216216217,8,108.64864864864866,False,False,"[{""gene"": ""BAX"", ""grade"": ""important"", ""weight"": 2}, {""gene"": ""BCL2"", ""grade"": ""normal"", ""weight"": 1}, {""gene"": ""CASP3"", ""grade"": ""important"", ""weight"": 2}, {""gene"": ""CASP8"", ""grade"": ""important"", ""weight"": 2}, {""gene"": ""CCL2"", ""grade"": ""normal"", ""weight"": 1}, {""gene"": ""IL1B"", ""grade"": ""core"", ""weight"": 5}, {""gene"": ""IL4"", ""grade"": ""core"", ""weight"": 5}, {""gene"": ""IL6"", ""grade"": ""core"", ""weight"": 5}, {""gene"": ""MAPK1"", ""grade"": ""normal"", ""weight"": 1}, {""gene"": ""MAPK3"", ""grade"": ""normal"", ""weight"": 1}, {""gene"": ""MMP1"", ""grade"": ""normal"", ""weight"": 1}, {""gene"": ""MYC"", ""grade"": ""important"", ""weight"": 2}, {""gene"": ""NFKBIA"", ""grade"": ""important"", ""weight"": 2}, {""gene"": ""NOS2"", ""grade"": ""core"", ""weight"": 5}, {""gene"": ""ODC1"", ""grade"": ""normal"", ""weight"": 1}, {""gene"": ""PPARG"", ""grade"": ""core"", ""weight"": 5}, {""gene"": ""PTGS1"", ""grade"": ""important"", ""weight"": 2}, {""gene"": ""PTGS2"", ""grade"": ""core"", ""weight"": 5}, {""gene"": ""RELA"", ""grade"": ""normal"", ""weight"": 1}, {""gene"": ""SLC6A4"", ""grade"": ""normal"", ""weight"": 1}, {""gene"": ""TNF"", ""grade"": ""core"", ""weight"": 5}, {""gene"": ""TP53"", ""grade"": ""core"", ""weight"": 5}]"
57,栀子__茯苓,栀子,茯苓,60,2,60,2,7,29.0,1,108.5,False,False,"[{""gene"": ""PTGS1"", ""grade"": ""important"", ""weight"": 2}, {""gene"": ""PTGS2"", ""grade"": ""core"", ""weight"": 5}]"
58,槐花__茯苓,槐花,茯苓,60,2,60,2,7,29.0,1,108.5,False,False,"[{""gene"": ""PTGS1"", ""grade"": ""important"", ""weight"": 2}, {""gene"": ""PTGS2"", ""grade"": ""core"", ""weight"": 5}]"
59,茯苓__鱼腥草,茯苓,鱼腥草,2,59,59,2,7,28.5,1,106.75,False,False,"[{""gene"": ""PTGS1"", ""grade"": ""important"", ""weight"": 2}, {""gene"": ""PTGS2"", ""grade"": ""core"", ""weight"": 5}]"
60,石榴皮__蒲公英,石榴皮,蒲公英,64,37,80,21,59,1.5945945945945945,8,106.04054054054055,False,False,"[{""gene"": ""BAX"", ""grade"": ""important"", ""weight"": 2}, {""gene"": ""BCL2"", ""grade"": ""normal"", ""weight"": 1}, {""gene"": ""CASP3"", ""grade"": ""important"", ""weight"": 2}, {""gene"": ""CASP8"", ""grade"": ""important"", ""weight"": 2}, {""gene"": ""CCL2"", ""grade"": ""normal"", ""weight"": 1}, {""gene"": ""IL1B"", ""grade"": ""core"", ""weight"": 5}, {""gene"": ""IL4"", ""grade"": ""core"", ""weight"": 5}, {""gene"": ""IL6"", ""grade"": ""core"", ""weight"": 5}, {""gene"": ""MAPK1"", ""grade"": ""normal"", ""weight"": 1}, {""gene"": ""MMP1"", ""grade"": ""normal"", ""weight"": 1}, {""gene"": ""MYC"", ""grade"": ""important"", ""weight"": 2}, {""gene"": ""NFKBIA"", ""grade"": ""important"", ""weight"": 2}, {""gene"": ""NOS2"", ""grade"": ""core"", ""weight"": 5}, {""gene"": ""ODC1"", ""grade"": ""normal"", ""weight"": 1}, {""gene"": ""PPARG"", ""grade"": ""core"", ""weight"": 5}, {""gene"": ""PTGS1"", ""grade"": ""important"", ""weight"": 2}, {""gene"": ""PTGS2"", ""grade"": ""core"", ""weight"": 5}, {""gene"": ""RELA"", ""grade"": ""normal"", ""weight"": 1}, {""gene"": ""SLC6A4"", ""grade"": ""normal"", ""weight"": 1}, {""gene"": ""TNF"", ""grade"": ""core"", ""weight"": 5}, {""gene"": ""TP53"", ""grade"": ""core"", ""weight"": 5}]"
61,蒲公英__马齿苋,蒲公英,马齿苋,37,63,79,21,59,1.5675675675675675,8,105.24324324324324,False,False,"[{""gene"": ""BAX"", ""grade"": ""important"", ""weight"": 2}, {""gene"": ""BCL2"", ""grade"": ""normal"", ""weight"": 1}, {""gene"": ""CASP3"", ""grade"": ""important"", ""weight"": 2}, {""gene"": ""CASP8"", ""grade"": ""important"", ""weight"": 2}, {""gene"": ""CCL2"", ""grade"": ""normal"", ""weight"": 1}, {""gene"": ""IL1B"", ""grade"": ""core"", ""weight"": 5}, {""gene"": ""IL4"", ""grade"": ""core"", ""weight"": 5}, {""gene"": ""IL6"", ""grade"": ""core"", ""weight"": 5}, {""gene"": ""MAPK1"", ""grade"": ""normal"", ""weight"": 1}, {""gene"": ""MMP1"", ""grade"": ""normal"", ""weight"": 1}, {""gene"": ""MYC"", ""grade"": ""important"", ""weight"": 2}, {""gene"": ""NFKBIA"", ""grade"": ""important"", ""weight"": 2}, {""gene"": ""NOS2"", ""grade"": ""core"", ""weight"": 5}, {""gene"": ""ODC1"", ""grade"": ""normal"", ""weight"": 1}, {""gene"": ""PPARG"", ""grade"": ""core"", ""weight"": 5}, {""gene"": ""PTGS1"", ""grade"": ""important"", ""weight"": 2}, {""gene"": ""PTGS2"", ""grade"": ""core"", ""weight"": 5}, {""gene"": ""RELA"", ""grade"": ""normal"", ""weight"": 1}, {""gene"": ""SLC6A4"", ""grade"": ""normal"", ""weight"": 1}, {""gene"": ""TNF"", ""grade"": ""core"", ""weight"": 5}, {""gene"": ""TP53"", ""grade"": ""core"", ""weight"": 5}]"
62,蒲公英__黄芪,蒲公英,黄芪,37,63,79,21,59,1.5675675675675675,8,105.24324324324324,False,False,"[{""gene"": ""BAX"", ""grade"": ""important"", ""weight"": 2}, {""gene"": ""BCL2"", ""grade"": ""normal"", ""weight"": 1}, {""gene"": ""CASP3"", ""grade"": ""important"", ""weight"": 2}, {""gene"": ""CASP8"", ""grade"": ""important"", ""weight"": 2}, {""gene"": ""CCL2"", ""grade"": ""normal"", ""weight"": 1}, {""gene"": ""IL1B"", ""grade"": ""core"", ""weight"": 5}, {""gene"": ""IL4"", ""grade"": ""core"", ""weight"": 5}, {""gene"": ""IL6"", ""grade"": ""core"", ""weight"": 5}, {""gene"": ""MAPK1"", ""grade"": ""normal"", ""weight"": 1}, {""gene"": ""MMP1"", ""grade"": ""normal"", ""weight"": 1}, {""gene"": ""MYC"", ""grade"": ""important"", ""weight"": 2}, {""gene"": ""NFKBIA"", ""grade"": ""important"", ""weight"": 2}, {""gene"": ""NOS2"", ""grade"": ""core"", ""weight"": 5}, {""gene"": ""ODC1"", ""grade"": ""normal"", ""weight"": 1}, {""gene"": ""PPARG"", ""grade"": ""core"", ""weight"": 5}, {""gene"": ""PTGS1"", ""grade"": ""important"", ""weight"": 2}, {""gene"": ""PTGS2"", ""grade"": ""core"", ""weight"": 5}, {""gene"": ""RELA"", ""grade"": ""normal"", ""weight"": 1}, {""gene"": ""SLC6A4"", ""grade"": ""normal"", ""weight"": 1}, {""gene"": ""TNF"", ""grade"": ""core"", ""weight"": 5}, {""gene"": ""TP53"", ""grade"": ""core"", ""weight"": 5}]"
63,甘草__黄芩,甘草,黄芩,67,27,68,26,59,1.5555555555555556,6,104.88888888888889,False,False,"[{""gene"": ""AHR"", ""grade"": ""normal"", ""weight"": 1}, {""gene"": ""AKT1"", ""grade"": ""important"", ""weight"": 2}, {""gene"": ""BAX"", ""grade"": ""important"", ""weight"": 2}, {""gene"": ""BCL2"", ""grade"": ""normal"", ""weight"": 1}, {""gene"": ""CASP3"", ""grade"": ""important"", ""weight"": 2}, {""gene"": ""CASP8"", ""grade"": ""important"", ""weight"": 2}, {""gene"": ""CCL2"", ""grade"": ""normal"", ""weight"": 1}, {""gene"": ""CCND1"", ""grade"": ""important"", ""weight"": 2}, {""gene"": ""CDKN1A"", ""grade"": ""normal"", ""weight"": 1}, {""gene"": ""CXCL8"", ""grade"": ""core"", ""weight"": 5}, {""gene"": ""CYP1A2"", ""grade"": ""normal"", ""weight"": 1}, {""gene"": ""HIF1A"", ""grade"": ""important"", ""weight"": 2}, {""gene"": ""IGF2"", ""grade"": ""normal"", ""weight"": 1}, {""gene"": ""IL6"", ""grade"": ""core"", ""weight"": 5}, {""gene"": ""KDR"", ""grade"": ""normal"", ""weight"": 1}, {""gene"": ""MMP1"", ""grade"": ""normal"", ""weight"": 1}, {""gene"": ""MMP9"", ""grade"": ""important"", ""weight"": 2}, {""gene"": ""MPO"", ""grade"": ""important"", ""weight"": 2}, {""gene"": ""NOS2"", ""grade"": ""core"", ""weight"": 5}, {""gene"": ""PLAU"", ""grade"": ""normal"", ""weight"": 1}, {""gene"": ""PTGS1"", ""grade"": ""important"", ""weight"": 2}, {""gene"": ""PTGS2"", ""grade"": ""core"", ""weight"": 5}, {""gene"": ""RELA"", ""grade"": ""normal"", ""weight"": 1}, {""gene"": ""SLC6A4"", ""grade"": ""normal"", ""weight"": 1}, {""gene"": ""TNF"", ""grade"": ""core"", ""weight"": 5}, {""gene"": ""TP53"", ""grade"": ""core"", ""weight"": 5}]"
64,石榴皮__黄芩,石榴皮,黄芩,64,27,66,25,58,1.5185185185185186,6,102.03703703703704,False,False,"[{""gene"": ""AHR"", ""grade"": ""normal"", ""weight"": 1}, {""gene"": ""AKT1"", ""grade"": ""important"", ""weight"": 2}, {""gene"": ""BAX"", ""grade"": ""important"", ""weight"": 2}, {""gene"": ""BCL2"", ""grade"": ""normal"", ""weight"": 1}, {""gene"": ""CASP3"", ""grade"": ""important"", ""weight"": 2}, {""gene"": ""CASP8"", ""grade"": ""important"", ""weight"": 2}, {""gene"": ""CCL2"", ""grade"": ""normal"", ""weight"": 1}, {""gene"": ""CCND1"", ""grade"": ""important"", ""weight"": 2}, {""gene"": ""CDKN1A"", ""grade"": ""normal"", ""weight"": 1}, {""gene"": ""CXCL8"", ""grade"": ""core"", ""weight"": 5}, {""gene"": ""CYP1A2"", ""grade"": ""normal"", ""weight"": 1}, {""gene"": ""HIF1A"", ""grade"": ""important"", ""weight"": 2}, {""gene"": ""IGF2"", ""grade"": ""normal"", ""weight"": 1}, {""gene"": ""IL6"", ""grade"": ""core"", ""weight"": 5}, {""gene"": ""MMP1"", ""grade"": ""normal"", ""weight"": 1}, {""gene"": ""MMP9"", ""grade"": ""important"", ""weight"": 2}, {""gene"": ""MPO"", ""grade"": ""important"", ""weight"": 2}, {""gene"": ""NOS2"", ""grade"": ""core"", ""weight"": 5}, {""gene"": ""PLAU"", ""grade"": ""normal"", ""weight"": 1}, {""gene"": ""PTGS1"", ""grade"": ""important"", ""weight"": 2}, {""gene"": ""PTGS2"", ""grade"": ""core"", ""weight"": 5}, {""gene"": ""RELA"", ""grade"": ""normal"", ""weight"": 1}, {""gene"": ""SLC6A4"", ""grade"": ""normal"", ""weight"": 1}, {""gene"": ""TNF"", ""grade"": ""core"", ""weight"": 5}, {""gene"": ""TP53"", ""grade"": ""core"", ""weight"": 5}]"
65,马齿苋__黄芩,马齿苋,黄芩,63,27,65,25,58,1.4814814814814814,6,100.96296296296296,False,False,"[{""gene"": ""AHR"", ""grade"": ""normal"", ""weight"": 1}, {""gene"": ""AKT1"", ""grade"": ""important"", ""weight"": 2}, {""gene"": ""BAX"", ""grade"": ""important"", ""weight"": 2}, {""gene"": ""BCL2"", ""grade"": ""normal"", ""weight"": 1}, {""gene"": ""CASP3"", ""grade"": ""important"", ""weight"": 2}, {""gene"": ""CASP8"", ""grade"": ""important"", ""weight"": 2}, {""gene"": ""CCL2"", ""grade"": ""normal"", ""weight"": 1}, {""gene"": ""CCND1"", ""grade"": ""important"", ""weight"": 2}, {""gene"": ""CDKN1A"", ""grade"": ""normal"", ""weight"": 1}, {""gene"": ""CXCL8"", ""grade"": ""core"", ""weight"": 5}, {""gene"": ""CYP1A2"", ""grade"": ""normal"", ""weight"": 1}, {""gene"": ""HIF1A"", ""grade"": ""important"", ""weight"": 2}, {""gene"": ""IGF2"", ""grade"": ""normal"", ""weight"": 1}, {""gene"": ""IL6"", ""grade"": ""core"", ""weight"": 5}, {""gene"": ""MMP1"", ""grade"": ""normal"", ""weight"": 1}, {""gene"": ""MMP9"", ""grade"": ""important"", ""weight"": 2}, {""gene"": ""MPO"", ""grade"": ""important"", ""weight"": 2}, {""gene"": ""NOS2"", ""grade"": ""core"", ""weight"": 5}, {""gene"": ""PLAU"", ""grade"": ""normal"", ""weight"": 1}, {""gene"": ""PTGS1"", ""grade"": ""important"", ""weight"": 2}, {""gene"": ""PTGS2"", ""grade"": ""core"", ""weight"": 5}, {""gene"": ""RELA"", ""grade"": ""normal"", ""weight"": 1}, {""gene"": ""SLC6A4"", ""grade"": ""normal"", ""weight"": 1}, {""gene"": ""TNF"", ""grade"": ""core"", ""weight"": 5}, {""gene"": ""TP53"", ""grade"": ""core"", ""weight"": 5}]"
66,黄芩__黄芪,黄芩,黄芪,27,63,64,26,59,1.4074074074074074,6,100.51851851851852,False,False,"[{""gene"": ""AHR"", ""grade"": ""normal"", ""weight"": 1}, {""gene"": ""AKT1"", ""grade"": ""important"", ""weight"": 2}, {""gene"": ""BAX"", ""grade"": ""important"", ""weight"": 2}, {""gene"": ""BCL2"", ""grade"": ""normal"", ""weight"": 1}, {""gene"": ""CASP3"", ""grade"": ""important"", ""weight"": 2}, {""gene"": ""CASP8"", ""grade"": ""important"", ""weight"": 2}, {""gene"": ""CCL2"", ""grade"": ""normal"", ""weight"": 1}, {""gene"": ""CCND1"", ""grade"": ""important"", ""weight"": 2}, {""gene"": ""CDKN1A"", ""grade"": ""normal"", ""weight"": 1}, {""gene"": ""CXCL8"", ""grade"": ""core"", ""weight"": 5}, {""gene"": ""CYP1A2"", ""grade"": ""normal"", ""weight"": 1}, {""gene"": ""HIF1A"", ""grade"": ""important"", ""weight"": 2}, {""gene"": ""IGF2"", ""grade"": ""normal"", ""weight"": 1}, {""gene"": ""IL6"", ""grade"": ""core"", ""weight"": 5}, {""gene"": ""KDR"", ""grade"": ""normal"", ""weight"": 1}, {""gene"": ""MMP1"", ""grade"": ""normal"", ""weight"": 1}, {""gene"": ""MMP9"", ""grade"": ""important"", ""weight"": 2}, {""gene"": ""MPO"", ""grade"": ""important"", ""weight"": 2}, {""gene"": ""NOS2"", ""grade"": ""core"", ""weight"": 5}, {""gene"": ""PLAU"", ""grade"": ""normal"", ""weight"": 1}, {""gene"": ""PTGS1"", ""grade"": ""important"", ""weight"": 2}, {""gene"": ""PTGS2"", ""grade"": ""core"", ""weight"": 5}, {""gene"": ""RELA"", ""grade"": ""normal"", ""weight"": 1}, {""gene"": ""SLC6A4"", ""grade"": ""normal"", ""weight"": 1}, {""gene"": ""TNF"", ""grade"": ""core"", ""weight"": 5}, {""gene"": ""TP53"", ""grade"": ""core"", ""weight"": 5}]"
67,乌梅__黄芩,乌梅,黄芩,61,27,63,25,58,1.4074074074074074,6,98.81481481481481,False,False,"[{""gene"": ""AHR"", ""grade"": ""normal"", ""weight"": 1}, {""gene"": ""AKT1"", ""grade"": ""important"", ""weight"": 2}, {""gene"": ""BAX"", ""grade"": ""important"", ""weight"": 2}, {""gene"": ""BCL2"", ""grade"": ""normal"", ""weight"": 1}, {""gene"": ""CASP3"", ""grade"": ""important"", ""weight"": 2}, {""gene"": ""CASP8"", ""grade"": ""important"", ""weight"": 2}, {""gene"": ""CCL2"", ""grade"": ""normal"", ""weight"": 1}, {""gene"": ""CCND1"", ""grade"": ""important"", ""weight"": 2}, {""gene"": ""CDKN1A"", ""grade"": ""normal"", ""weight"": 1}, {""gene"": ""CXCL8"", ""grade"": ""core"", ""weight"": 5}, {""gene"": ""CYP1A2"", ""grade"": ""normal"", ""weight"": 1}, {""gene"": ""HIF1A"", ""grade"": ""important"", ""weight"": 2}, {""gene"": ""IGF2"", ""grade"": ""normal"", ""weight"": 1}, {""gene"": ""IL6"", ""grade"": ""core"", ""weight"": 5}, {""gene"": ""MMP1"", ""grade"": ""normal"", ""weight"": 1}, {""gene"": ""MMP9"", ""grade"": ""important"", ""weight"": 2}, {""gene"": ""MPO"", ""grade"": ""important"", ""weight"": 2}, {""gene"": ""NOS2"", ""grade"": ""core"", ""weight"": 5}, {""gene"": ""PLAU"", ""grade"": ""normal"", ""weight"": 1}, {""gene"": ""PTGS1"", ""grade"": ""important"", ""weight"": 2}, {""gene"": ""PTGS2"", ""grade"": ""core"", ""weight"": 5}, {""gene"": ""RELA"", ""grade"": ""normal"", ""weight"": 1}, {""gene"": ""SLC6A4"", ""grade"": ""normal"", ""weight"": 1}, {""gene"": ""TNF"", ""grade"": ""core"", ""weight"": 5}, {""gene"": ""TP53"", ""grade"": ""core"", ""weight"": 5}]"
68,大枣__黄芩,大枣,黄芩,61,27,62,26,59,1.3333333333333333,6,98.33333333333333,False,False,"[{""gene"": ""AHR"", ""grade"": ""normal"", ""weight"": 1}, {""gene"": ""AKT1"", ""grade"": ""important"", ""weight"": 2}, {""gene"": ""BAX"", ""grade"": ""important"", ""weight"": 2}, {""gene"": ""BCL2"", ""grade"": ""normal"", ""weight"": 1}, {""gene"": ""CASP3"", ""grade"": ""important"", ""weight"": 2}, {""gene"": ""CASP8"", ""grade"": ""important"", ""weight"": 2}, {""gene"": ""CCL2"", ""grade"": ""normal"", ""weight"": 1}, {""gene"": ""CCND1"", ""grade"": ""important"", ""weight"": 2}, {""gene"": ""CDKN1A"", ""grade"": ""normal"", ""weight"": 1}, {""gene"": ""CXCL8"", ""grade"": ""core"", ""weight"": 5}, {""gene"": ""CYP1A2"", ""grade"": ""normal"", ""weight"": 1}, {""gene"": ""HIF1A"", ""grade"": ""important"", ""weight"": 2}, {""gene"": ""IGF2"", ""grade"": ""normal"", ""weight"": 1}, {""gene"": ""IL6"", ""grade"": ""core"", ""weight"": 5}, {""gene"": ""KDR"", ""grade"": ""normal"", ""weight"": 1}, {""gene"": ""MMP1"", ""grade"": ""normal"", ""weight"": 1}, {""gene"": ""MMP9"", ""grade"": ""important"", ""weight"": 2}, {""gene"": ""MPO"", ""grade"": ""important"", ""weight"": 2}, {""gene"": ""NOS2"", ""grade"": ""core"", ""weight"": 5}, {""gene"": ""PLAU"", ""grade"": ""normal"", ""weight"": 1}, {""gene"": ""PTGS1"", ""grade"": ""important"", ""weight"": 2}, {""gene"": ""PTGS2"", ""grade"": ""core"", ""weight"": 5}, {""gene"": ""RELA"", ""grade"": ""normal"", ""weight"": 1}, {""gene"": ""SLC6A4"", ""grade"": ""normal"", ""weight"": 1}, {""gene"": ""TNF"", ""grade"": ""core"", ""weight"": 5}, {""gene"": ""TP53"", ""grade"": ""core"", ""weight"": 5}]"
69,栀子__黄芩,栀子,黄芩,60,27,62,25,58,1.3703703703703705,6,97.74074074074073,False,False,"[{""gene"": ""AHR"", ""grade"": ""normal"", ""weight"": 1}, {""gene"": ""AKT1"", ""grade"": ""important"", ""weight"": 2}, {""gene"": ""BAX"", ""grade"": ""important"", ""weight"": 2}, {""gene"": ""BCL2"", ""grade"": ""normal"", ""weight"": 1}, {""gene"": ""CASP3"", ""grade"": ""important"", ""weight"": 2}, {""gene"": ""CASP8"", ""grade"": ""important"", ""weight"": 2}, {""gene"": ""CCL2"", ""grade"": ""normal"", ""weight"": 1}, {""gene"": ""CCND1"", ""grade"": ""important"", ""weight"": 2}, {""gene"": ""CDKN1A"", ""grade"": ""normal"", ""weight"": 1}, {""gene"": ""CXCL8"", ""grade"": ""core"", ""weight"": 5}, {""gene"": ""CYP1A2"", ""grade"": ""normal"", ""weight"": 1}, {""gene"": ""HIF1A"", ""grade"": ""important"", ""weight"": 2}, {""gene"": ""IGF2"", ""grade"": ""normal"", ""weight"": 1}, {""gene"": ""IL6"", ""grade"": ""core"", ""weight"": 5}, {""gene"": ""MMP1"", ""grade"": ""normal"", ""weight"": 1}, {""gene"": ""MMP9"", ""grade"": ""important"", ""weight"": 2}, {""gene"": ""MPO"", ""grade"": ""important"", ""weight"": 2}, {""gene"": ""NOS2"", ""grade"": ""core"", ""weight"": 5}, {""gene"": ""PLAU"", ""grade"": ""normal"", ""weight"": 1}, {""gene"": ""PTGS1"", ""grade"": ""important"", ""weight"": 2}, {""gene"": ""PTGS2"", ""grade"": ""core"", ""weight"": 5}, {""gene"": ""RELA"", ""grade"": ""normal"", ""weight"": 1}, {""gene"": ""SLC6A4"", ""grade"": ""normal"", ""weight"": 1}, {""gene"": ""TNF"", ""grade"": ""core"", ""weight"": 5}, {""gene"": ""TP53"", ""grade"": ""core"", ""weight"": 5}]"
70,槐花__黄芩,槐花,黄芩,60,27,62,25,58,1.3703703703703705,6,97.74074074074073,False,False,"[{""gene"": ""AHR"", ""grade"": ""normal"", ""weight"": 1}, {""gene"": ""AKT1"", ""grade"": ""important"", ""weight"": 2}, {""gene"": ""BAX"", ""grade"": ""important"", ""weight"": 2}, {""gene"": ""BCL2"", ""grade"": ""normal"", ""weight"": 1}, {""gene"": ""CASP3"", ""grade"": ""important"", ""weight"": 2}, {""gene"": ""CASP8"", ""grade"": ""important"", ""weight"": 2}, {""gene"": ""CCL2"", ""grade"": ""normal"", ""weight"": 1}, {""gene"": ""CCND1"", ""grade"": ""important"", ""weight"": 2}, {""gene"": ""CDKN1A"", ""grade"": ""normal"", ""weight"": 1}, {""gene"": ""CXCL8"", ""grade"": ""core"", ""weight"": 5}, {""gene"": ""CYP1A2"", ""grade"": ""normal"", ""weight"": 1}, {""gene"": ""HIF1A"", ""grade"": ""important"", ""weight"": 2}, {""gene"": ""IGF2"", ""grade"": ""normal"", ""weight"": 1}, {""gene"": ""IL6"", ""grade"": ""core"", ""weight"": 5}, {""gene"": ""MMP1"", ""grade"": ""normal"", ""weight"": 1}, {""gene"": ""MMP9"", ""grade"": ""important"", ""weight"": 2}, {""gene"": ""MPO"", ""grade"": ""important"", ""weight"": 2}, {""gene"": ""NOS2"", ""grade"": ""core"", ""weight"": 5}, {""gene"": ""PLAU"", ""grade"": ""normal"", ""weight"": 1}, {""gene"": ""PTGS1"", ""grade"": ""important"", ""weight"": 2}, {""gene"": ""PTGS2"", ""grade"": ""core"", ""weight"": 5}, {""gene"": ""RELA"", ""grade"": ""normal"", ""weight"": 1}, {""gene"": ""SLC6A4"", ""grade"": ""normal"", ""weight"": 1}, {""gene"": ""TNF"", ""grade"": ""core"", ""weight"": 5}, {""gene"": ""TP53"", ""grade"": ""core"", ""weight"": 5}]"
71,鱼腥草__黄芩,鱼腥草,黄芩,59,27,62,24,57,1.4074074074074074,6,97.11111111111111,False,False,"[{""gene"": ""AHR"", ""grade"": ""normal"", ""weight"": 1}, {""gene"": ""AKT1"", ""grade"": ""important"", ""weight"": 2}, {""gene"": ""BAX"", ""grade"": ""important"", ""weight"": 2}, {""gene"": ""BCL2"", ""grade"": ""normal"", ""weight"": 1}, {""gene"": ""CASP3"", ""grade"": ""important"", ""weight"": 2}, {""gene"": ""CASP8"", ""grade"": ""important"", ""weight"": 2}, {""gene"": ""CCL2"", ""grade"": ""normal"", ""weight"": 1}, {""gene"": ""CCND1"", ""grade"": ""important"", ""weight"": 2}, {""gene"": ""CDKN1A"", ""grade"": ""normal"", ""weight"": 1}, {""gene"": ""CXCL8"", ""grade"": ""core"", ""weight"": 5}, {""gene"": ""CYP1A2"", ""grade"": ""normal"", ""weight"": 1}, {""gene"": ""HIF1A"", ""grade"": ""important"", ""weight"": 2}, {""gene"": ""IGF2"", ""grade"": ""normal"", ""weight"": 1}, {""gene"": ""IL6"", ""grade"": ""core"", ""weight"": 5}, {""gene"": ""MMP1"", ""grade"": ""normal"", ""weight"": 1}, {""gene"": ""MMP9"", ""grade"": ""important"", ""weight"": 2}, {""gene"": ""MPO"", ""grade"": ""important"", ""weight"": 2}, {""gene"": ""NOS2"", ""grade"": ""core"", ""weight"": 5}, {""gene"": ""PLAU"", ""grade"": ""normal"", ""weight"": 1}, {""gene"": ""PTGS1"", ""grade"": ""important"", ""weight"": 2}, {""gene"": ""PTGS2"", ""grade"": ""core"", ""weight"": 5}, {""gene"": ""RELA"", ""grade"": ""normal"", ""weight"": 1}, {""gene"": ""TNF"", ""grade"": ""core"", ""weight"": 5}, {""gene"": ""TP53"", ""grade"": ""core"", ""weight"": 5}]"
72,乌梅__蒲公英,乌梅,蒲公英,61,37,77,21,55,1.5135135135135136,7,96.62162162162163,False,False,"[{""gene"": ""BAX"", ""grade"": ""important"", ""weight"": 2}, {""gene"": ""BCL2"", ""grade"": ""normal"", ""weight"": 1}, {""gene"": ""CASP3"", ""grade"": ""important"", ""weight"": 2}, {""gene"": ""CASP8"", ""grade"": ""important"", ""weight"": 2}, {""gene"": ""CCL2"", ""grade"": ""normal"", ""weight"": 1}, {""gene"": ""IL1B"", ""grade"": ""core"", ""weight"": 5}, {""gene"": ""IL6"", ""grade"": ""core"", ""weight"": 5}, {""gene"": ""MAPK1"", ""grade"": ""normal"", ""weight"": 1}, {""gene"": ""MMP1"", ""grade"": ""normal"", ""weight"": 1}, {""gene"": ""MYC"", ""grade"": ""important"", ""weight"": 2}, {""gene"": ""NFKBIA"", ""grade"": ""important"", ""weight"": 2}, {""gene"": ""NOS2"", ""grade"": ""core"", ""weight"": 5}, {""gene"": ""NR3C1"", ""grade"": ""normal"", ""weight"": 1}, {""gene"": ""ODC1"", ""grade"": ""normal"", ""weight"": 1}, {""gene"": ""PPARG"", ""grade"": ""core"", ""weight"": 5}, {""gene"": ""PTGS1"", ""grade"": ""important"", ""weight"": 2}, {""gene"": ""PTGS2"", ""grade"": ""core"", ""weight"": 5}, {""gene"": ""RELA"", ""grade"": ""normal"", ""weight"": 1}, {""gene"": ""SLC6A4"", ""grade"": ""normal"", ""weight"": 1}, {""gene"": ""TNF"", ""grade"": ""core"", ""weight"": 5}, {""gene"": ""TP53"", ""grade"": ""core"", ""weight"": 5}]"
73,大枣__蒲公英,大枣,蒲公英,61,37,78,20,54,1.5675675675675675,7,96.32432432432432,False,False,"[{""gene"": ""BAX"", ""grade"": ""important"", ""weight"": 2}, {""gene"": ""BCL2"", ""grade"": ""normal"", ""weight"": 1}, {""gene"": ""CASP3"", ""grade"": ""important"", ""weight"": 2}, {""gene"": ""CASP8"", ""grade"": ""important"", ""weight"": 2}, {""gene"": ""CCL2"", ""grade"": ""normal"", ""weight"": 1}, {""gene"": ""IL1B"", ""grade"": ""core"", ""weight"": 5}, {""gene"": ""IL6"", ""grade"": ""core"", ""weight"": 5}, {""gene"": ""MAPK1"", ""grade"": ""normal"", ""weight"": 1}, {""gene"": ""MMP1"", ""grade"": ""normal"", ""weight"": 1}, {""gene"": ""MYC"", ""grade"": ""important"", ""weight"": 2}, {""gene"": ""NFKBIA"", ""grade"": ""important"", ""weight"": 2}, {""gene"": ""NOS2"", ""grade"": ""core"", ""weight"": 5}, {""gene"": ""ODC1"", ""grade"": ""normal"", ""weight"": 1}, {""gene"": ""PPARG"", ""grade"": ""core"", ""weight"": 5}, {""gene"": ""PTGS1"", ""grade"": ""important"", ""weight"": 2}, {""gene"": ""PTGS2"", ""grade"": ""core"", ""weight"": 5}, {""gene"": ""RELA"", ""grade"": ""normal"", ""weight"": 1}, {""gene"": ""SLC6A4"", ""grade"": ""normal"", ""weight"": 1}, {""gene"": ""TNF"", ""grade"": ""core"", ""weight"": 5}, {""gene"": ""TP53"", ""grade"": ""core"", ""weight"": 5}]"
74,栀子__蒲公英,栀子,蒲公英,60,37,77,20,54,1.5405405405405406,7,95.59459459459458,False,False,"[{""gene"": ""BAX"", ""grade"": ""important"", ""weight"": 2}, {""gene"": ""BCL2"", ""grade"": ""normal"", ""weight"": 1}, {""gene"": ""CASP3"", ""grade"": ""important"", ""weight"": 2}, {""gene"": ""CASP8"", ""grade"": ""important"", ""weight"": 2}, {""gene"": ""CCL2"", ""grade"": ""normal"", ""weight"": 1}, {""gene"": ""IL1B"", ""grade"": ""core"", ""weight"": 5}, {""gene"": ""IL6"", ""grade"": ""core"", ""weight"": 5}, {""gene"": ""MAPK1"", ""grade"": ""normal"", ""weight"": 1}, {""gene"": ""MMP1"", ""grade"": ""normal"", ""weight"": 1}, {""gene"": ""MYC"", ""grade"": ""important"", ""weight"": 2}, {""gene"": ""NFKBIA"", ""grade"": ""important"", ""weight"": 2}, {""gene"": ""NOS2"", ""grade"": ""core"", ""weight"": 5}, {""gene"": ""ODC1"", ""grade"": ""normal"", ""weight"": 1}, {""gene"": ""PPARG"", ""grade"": ""core"", ""weight"": 5}, {""gene"": ""PTGS1"", ""grade"": ""important"", ""weight"": 2}, {""gene"": ""PTGS2"", ""grade"": ""core"", ""weight"": 5}, {""gene"": ""RELA"", ""grade"": ""normal"", ""weight"": 1}, {""gene"": ""SLC6A4"", ""grade"": ""normal"", ""weight"": 1}, {""gene"": ""TNF"", ""grade"": ""core"", ""weight"": 5}, {""gene"": ""TP53"", ""grade"": ""core"", ""weight"": 5}]"
75,槐花__蒲公英,槐花,蒲公英,60,37,77,20,54,1.5405405405405406,7,95.59459459459458,False,False,"[{""gene"": ""BAX"", ""grade"": ""important"", ""weight"": 2}, {""gene"": ""BCL2"", ""grade"": ""normal"", ""weight"": 1}, {""gene"": ""CASP3"", ""grade"": ""important"", ""weight"": 2}, {""gene"": ""CASP8"", ""grade"": ""important"", ""weight"": 2}, {""gene"": ""CCL2"", ""grade"": ""normal"", ""weight"": 1}, {""gene"": ""IL1B"", ""grade"": ""core"", ""weight"": 5}, {""gene"": ""IL6"", ""grade"": ""core"", ""weight"": 5}, {""gene"": ""MAPK1"", ""grade"": ""normal"", ""weight"": 1}, {""gene"": ""MMP1"", ""grade"": ""normal"", ""weight"": 1}, {""gene"": ""MYC"", ""grade"": ""important"", ""weight"": 2}, {""gene"": ""NFKBIA"", ""grade"": ""important"", ""weight"": 2}, {""gene"": ""NOS2"", ""grade"": ""core"", ""weight"": 5}, {""gene"": ""ODC1"", ""grade"": ""normal"", ""weight"": 1}, {""gene"": ""PPARG"", ""grade"": ""core"", ""weight"": 5}, {""gene"": ""PTGS1"", ""grade"": ""important"", ""weight"": 2}, {""gene"": ""PTGS2"", ""grade"": ""core"", ""weight"": 5}, {""gene"": ""RELA"", ""grade"": ""normal"", ""weight"": 1}, {""gene"": ""SLC6A4"", ""grade"": ""normal"", ""weight"": 1}, {""gene"": ""TNF"", ""grade"": ""core"", ""weight"": 5}, {""gene"": ""TP53"", ""grade"": ""core"", ""weight"": 5}]"
76,蒲公英__鱼腥草,蒲公英,鱼腥草,37,59,77,19,53,1.5675675675675675,7,94.54054054054053,False,False,"[{""gene"": ""BAX"", ""grade"": ""important"", ""weight"": 2}, {""gene"": ""BCL2"", ""grade"": ""normal"", ""weight"": 1}, {""gene"": ""CASP3"", ""grade"": ""important"", ""weight"": 2}, {""gene"": ""CASP8"", ""grade"": ""important"", ""weight"": 2}, {""gene"": ""CCL2"", ""grade"": ""normal"", ""weight"": 1}, {""gene"": ""IL1B"", ""grade"": ""core"", ""weight"": 5}, {""gene"": ""IL6"", ""grade"": ""core"", ""weight"": 5}, {""gene"": ""MAPK1"", ""grade"": ""normal"", ""weight"": 1}, {""gene"": ""MMP1"", ""grade"": ""normal"", ""weight"": 1}, {""gene"": ""MYC"", ""grade"": ""important"", ""weight"": 2}, {""gene"": ""NFKBIA"", ""grade"": ""important"", ""weight"": 2}, {""gene"": ""NOS2"", ""grade"": ""core"", ""weight"": 5}, {""gene"": ""ODC1"", ""grade"": ""normal"", ""weight"": 1}, {""gene"": ""PPARG"", ""grade"": ""core"", ""weight"": 5}, {""gene"": ""PTGS1"", ""grade"": ""important"", ""weight"": 2}, {""gene"": ""PTGS2"", ""grade"": ""core"", ""weight"": 5}, {""gene"": ""RELA"", ""grade"": ""normal"", ""weight"": 1}, {""gene"": ""TNF"", ""grade"": ""core"", ""weight"": 5}, {""gene"": ""TP53"", ""grade"": ""core"", ""weight"": 5}]"
77,甘草__肉豆蔻,甘草,肉豆蔻,67,8,67,8,20,7.375,2,93.75,False,False,"[{""gene"": ""BAX"", ""grade"": ""important"", ""weight"": 2}, {""gene"": ""BCL2"", ""grade"": ""normal"", ""weight"": 1}, {""gene"": ""CASP3"", ""grade"": ""important"", ""weight"": 2}, {""gene"": ""CASP8"", ""grade"": ""important"", ""weight"": 2}, {""gene"": ""NOS2"", ""grade"": ""core"", ""weight"": 5}, {""gene"": ""PTGS1"", ""grade"": ""important"", ""weight"": 2}, {""gene"": ""PTGS2"", ""grade"": ""core"", ""weight"": 5}, {""gene"": ""SLC6A4"", ""grade"": ""normal"", ""weight"": 1}]"
78,姜黄__甘草,姜黄,甘草,3,67,67,3,8,21.333333333333332,1,93.33333333333333,False,False,"[{""gene"": ""PLAU"", ""grade"": ""normal"", ""weight"": 1}, {""gene"": ""PTGS1"", ""grade"": ""important"", ""weight"": 2}, {""gene"": ""PTGS2"", ""grade"": ""core"", ""weight"": 5}]"
79,甘草__薏苡仁,甘草,薏苡仁,67,3,67,3,8,21.333333333333332,1,93.33333333333333,False,False,"[{""gene"": ""PLAU"", ""grade"": ""normal"", ""weight"": 1}, {""gene"": ""PTGS1"", ""grade"": ""important"", ""weight"": 2}, {""gene"": ""PTGS2"", ""grade"": ""core"", ""weight"": 5}]"
80,甘草__陈皮,甘草,陈皮,67,18,68,17,38,2.8333333333333335,4,91.83333333333334,False,False,"[{""gene"": ""ADIPOQ"", ""grade"": ""normal"", ""weight"": 1}, {""gene"": ""AKT1"", ""grade"": ""important"", ""weight"": 2}, {""gene"": ""BAX"", ""grade"": ""important"", ""weight"": 2}, {""gene"": ""BCL2"", ""grade"": ""normal"", ""weight"": 1}, {""gene"": ""CASP3"", ""grade"": ""important"", ""weight"": 2}, {""gene"": ""CAT"", ""grade"": ""normal"", ""weight"": 1}, {""gene"": ""GSTP1"", ""grade"": ""normal"", ""weight"": 1}, {""gene"": ""MAPK1"", ""grade"": ""normal"", ""weight"": 1}, {""gene"": ""MAPK3"", ""grade"": ""normal"", ""weight"": 1}, {""gene"": ""MMP9"", ""grade"": ""important"", ""weight"": 2}, {""gene"": ""NOS2"", ""grade"": ""core"", ""weight"": 5}, {""gene"": ""PPARA"", ""grade"": ""normal"", ""weight"": 1}, {""gene"": ""PPARG"", ""grade"": ""core"", ""weight"": 5}, {""gene"": ""PTGS1"", ""grade"": ""important"", ""weight"": 2}, {""gene"": ""PTGS2"", ""grade"": ""core"", ""weight"": 5}, {""gene"": ""RELA"", ""grade"": ""normal"", ""weight"": 1}, {""gene"": ""TP53"", ""grade"": ""core"", ""weight"": 5}]"
81,乌梅__葛根,乌梅,葛根,61,10,62,9,25,5.3,3,91.25,False,False,"[{""gene"": ""BAX"", ""grade"": ""important"", ""weight"": 2}, {""gene"": ""BCL2"", ""grade"": ""normal"", ""weight"": 1}, {""gene"": ""CASP3"", ""grade"": ""important"", ""weight"": 2}, {""gene"": ""CASP8"", ""grade"": ""important"", ""weight"": 2}, {""gene"": ""NOS2"", ""grade"": ""core"", ""weight"": 5}, {""gene"": ""PPARG"", ""grade"": ""core"", ""weight"": 5}, {""gene"": ""PTGS1"", ""grade"": ""important"", ""weight"": 2}, {""gene"": ""PTGS2"", ""grade"": ""core"", ""weight"": 5}, {""gene"": ""SLC6A4"", ""grade"": ""normal"", ""weight"": 1}]"
82,大枣__葛根,大枣,葛根,61,10,62,9,25,5.3,3,91.25,False,False,"[{""gene"": ""BAX"", ""grade"": ""important"", ""weight"": 2}, {""gene"": ""BCL2"", ""grade"": ""normal"", ""weight"": 1}, {""gene"": ""CASP3"", ""grade"": ""important"", ""weight"": 2}, {""gene"": ""CASP8"", ""grade"": ""important"", ""weight"": 2}, {""gene"": ""NOS2"", ""grade"": ""core"", ""weight"": 5}, {""gene"": ""PPARG"", ""grade"": ""core"", ""weight"": 5}, {""gene"": ""PTGS1"", ""grade"": ""important"", ""weight"": 2}, {""gene"": ""PTGS2"", ""grade"": ""core"", ""weight"": 5}, {""gene"": ""SLC6A4"", ""grade"": ""normal"", ""weight"": 1}]"
83,栀子__葛根,栀子,葛根,60,10,61,9,25,5.2,3,90.0,False,False,"[{""gene"": ""BAX"", ""grade"": ""important"", ""weight"": 2}, {""gene"": ""BCL2"", ""grade"": ""normal"", ""weight"": 1}, {""gene"": ""CASP3"", ""grade"": ""important"", ""weight"": 2}, {""gene"": ""CASP8"", ""grade"": ""important"", ""weight"": 2}, {""gene"": ""NOS2"", ""grade"": ""core"", ""weight"": 5}, {""gene"": ""PPARG"", ""grade"": ""core"", ""weight"": 5}, {""gene"": ""PTGS1"", ""grade"": ""important"", ""weight"": 2}, {""gene"": ""PTGS2"", ""grade"": ""core"", ""weight"": 5}, {""gene"": ""SLC6A4"", ""grade"": ""normal"", ""weight"": 1}]"
84,槐花__葛根,槐花,葛根,60,10,61,9,25,5.2,3,90.0,False,False,"[{""gene"": ""BAX"", ""grade"": ""important"", ""weight"": 2}, {""gene"": ""BCL2"", ""grade"": ""normal"", ""weight"": 1}, {""gene"": ""CASP3"", ""grade"": ""important"", ""weight"": 2}, {""gene"": ""CASP8"", ""grade"": ""important"", ""weight"": 2}, {""gene"": ""NOS2"", ""grade"": ""core"", ""weight"": 5}, {""gene"": ""PPARG"", ""grade"": ""core"", ""weight"": 5}, {""gene"": ""PTGS1"", ""grade"": ""important"", ""weight"": 2}, {""gene"": ""PTGS2"", ""grade"": ""core"", ""weight"": 5}, {""gene"": ""SLC6A4"", ""grade"": ""normal"", ""weight"": 1}]"
85,石榴皮__肉豆蔻,石榴皮,肉豆蔻,64,8,64,8,20,7.0,2,90.0,False,False,"[{""gene"": ""BAX"", ""grade"": ""important"", ""weight"": 2}, {""gene"": ""BCL2"", ""grade"": ""normal"", ""weight"": 1}, {""gene"": ""CASP3"", ""grade"": ""important"", ""weight"": 2}, {""gene"": ""CASP8"", ""grade"": ""important"", ""weight"": 2}, {""gene"": ""NOS2"", ""grade"": ""core"", ""weight"": 5}, {""gene"": ""PTGS1"", ""grade"": ""important"", ""weight"": 2}, {""gene"": ""PTGS2"", ""grade"": ""core"", ""weight"": 5}, {""gene"": ""SLC6A4"", ""grade"": ""normal"", ""weight"": 1}]"
86,姜黄__石榴皮,姜黄,石榴皮,3,64,64,3,8,20.333333333333332,1,89.33333333333333,False,False,"[{""gene"": ""PLAU"", ""grade"": ""normal"", ""weight"": 1}, {""gene"": ""PTGS1"", ""grade"": ""important"", ""weight"": 2}, {""gene"": ""PTGS2"", ""grade"": ""core"", ""weight"": 5}]"
87,石榴皮__薏苡仁,石榴皮,薏苡仁,64,3,64,3,8,20.333333333333332,1,89.33333333333333,False,False,"[{""gene"": ""PLAU"", ""grade"": ""normal"", ""weight"": 1}, {""gene"": ""PTGS1"", ""grade"": ""important"", ""weight"": 2}, {""gene"": ""PTGS2"", ""grade"": ""core"", ""weight"": 5}]"
88,肉豆蔻__马齿苋,肉豆蔻,马齿苋,8,63,63,8,20,6.875,2,88.75,False,False,"[{""gene"": ""BAX"", ""grade"": ""important"", ""weight"": 2}, {""gene"": ""BCL2"", ""grade"": ""normal"", ""weight"": 1}, {""gene"": ""CASP3"", ""grade"": ""important"", ""weight"": 2}, {""gene"": ""CASP8"", ""grade"": ""important"", ""weight"": 2}, {""gene"": ""NOS2"", ""grade"": ""core"", ""weight"": 5}, {""gene"": ""PTGS1"", ""grade"": ""important"", ""weight"": 2}, {""gene"": ""PTGS2"", ""grade"": ""core"", ""weight"": 5}, {""gene"": ""SLC6A4"", ""grade"": ""normal"", ""weight"": 1}]"
89,肉豆蔻__黄芪,肉豆蔻,黄芪,8,63,63,8,20,6.875,2,88.75,False,False,"[{""gene"": ""BAX"", ""grade"": ""important"", ""weight"": 2}, {""gene"": ""BCL2"", ""grade"": ""normal"", ""weight"": 1}, {""gene"": ""CASP3"", ""grade"": ""important"", ""weight"": 2}, {""gene"": ""CASP8"", ""grade"": ""important"", ""weight"": 2}, {""gene"": ""NOS2"", ""grade"": ""core"", ""weight"": 5}, {""gene"": ""PTGS1"", ""grade"": ""important"", ""weight"": 2}, {""gene"": ""PTGS2"", ""grade"": ""core"", ""weight"": 5}, {""gene"": ""SLC6A4"", ""grade"": ""normal"", ""weight"": 1}]"
90,姜黄__马齿苋,姜黄,马齿苋,3,63,63,3,8,20.0,1,88.0,False,False,"[{""gene"": ""PLAU"", ""grade"": ""normal"", ""weight"": 1}, {""gene"": ""PTGS1"", ""grade"": ""important"", ""weight"": 2}, {""gene"": ""PTGS2"", ""grade"": ""core"", ""weight"": 5}]"
91,姜黄__黄芪,姜黄,黄芪,3,63,63,3,8,20.0,1,88.0,False,False,"[{""gene"": ""PLAU"", ""grade"": ""normal"", ""weight"": 1}, {""gene"": ""PTGS1"", ""grade"": ""important"", ""weight"": 2}, {""gene"": ""PTGS2"", ""grade"": ""core"", ""weight"": 5}]"
92,石榴皮__陈皮,石榴皮,陈皮,64,18,67,15,36,2.888888888888889,4,88.0,False,False,"[{""gene"": ""AKT1"", ""grade"": ""important"", ""weight"": 2}, {""gene"": ""BAX"", ""grade"": ""important"", ""weight"": 2}, {""gene"": ""BCL2"", ""grade"": ""normal"", ""weight"": 1}, {""gene"": ""CASP3"", ""grade"": ""important"", ""weight"": 2}, {""gene"": ""CAT"", ""grade"": ""normal"", ""weight"": 1}, {""gene"": ""GSTP1"", ""grade"": ""normal"", ""weight"": 1}, {""gene"": ""MAPK1"", ""grade"": ""normal"", ""weight"": 1}, {""gene"": ""MMP9"", ""grade"": ""important"", ""weight"": 2}, {""gene"": ""NOS2"", ""grade"": ""core"", ""weight"": 5}, {""gene"": ""PPARA"", ""grade"": ""normal"", ""weight"": 1}, {""gene"": ""PPARG"", ""grade"": ""core"", ""weight"": 5}, {""gene"": ""PTGS1"", ""grade"": ""important"", ""weight"": 2}, {""gene"": ""PTGS2"", ""grade"": ""core"", ""weight"": 5}, {""gene"": ""RELA"", ""grade"": ""normal"", ""weight"": 1}, {""gene"": ""TP53"", ""grade"": ""core"", ""weight"": 5}]"
93,薏苡仁__马齿苋,薏苡仁,马齿苋,3,63,63,3,8,20.0,1,88.0,False,False,"[{""gene"": ""PLAU"", ""grade"": ""normal"", ""weight"": 1}, {""gene"": ""PTGS1"", ""grade"": ""important"", ""weight"": 2}, {""gene"": ""PTGS2"", ""grade"": ""core"", ""weight"": 5}]"
94,薏苡仁__黄芪,薏苡仁,黄芪,3,63,63,3,8,20.0,1,88.0,False,False,"[{""gene"": ""PLAU"", ""grade"": ""normal"", ""weight"": 1}, {""gene"": ""PTGS1"", ""grade"": ""important"", ""weight"": 2}, {""gene"": ""PTGS2"", ""grade"": ""core"", ""weight"": 5}]"
95,葛根__鱼腥草,葛根,鱼腥草,10,59,61,8,24,5.3,3,87.6,False,False,"[{""gene"": ""BAX"", ""grade"": ""important"", ""weight"": 2}, {""gene"": ""BCL2"", ""grade"": ""normal"", ""weight"": 1}, {""gene"": ""CASP3"", ""grade"": ""important"", ""weight"": 2}, {""gene"": ""CASP8"", ""grade"": ""important"", ""weight"": 2}, {""gene"": ""NOS2"", ""grade"": ""core"", ""weight"": 5}, {""gene"": ""PPARG"", ""grade"": ""core"", ""weight"": 5}, {""gene"": ""PTGS1"", ""grade"": ""important"", ""weight"": 2}, {""gene"": ""PTGS2"", ""grade"": ""core"", ""weight"": 5}]"
96,陈皮__马齿苋,陈皮,马齿苋,18,63,67,14,35,2.9444444444444446,4,86.52777777777779,False,False,"[{""gene"": ""AKT1"", ""grade"": ""important"", ""weight"": 2}, {""gene"": ""BAX"", ""grade"": ""important"", ""weight"": 2}, {""gene"": ""BCL2"", ""grade"": ""normal"", ""weight"": 1}, {""gene"": ""CASP3"", ""grade"": ""important"", ""weight"": 2}, {""gene"": ""GSTP1"", ""grade"": ""normal"", ""weight"": 1}, {""gene"": ""MAPK1"", ""grade"": ""normal"", ""weight"": 1}, {""gene"": ""MMP9"", ""grade"": ""important"", ""weight"": 2}, {""gene"": ""NOS2"", ""grade"": ""core"", ""weight"": 5}, {""gene"": ""PPARA"", ""grade"": ""normal"", ""weight"": 1}, {""gene"": ""PPARG"", ""grade"": ""core"", ""weight"": 5}, {""gene"": ""PTGS1"", ""grade"": ""important"", ""weight"": 2}, {""gene"": ""PTGS2"", ""grade"": ""core"", ""weight"": 5}, {""gene"": ""RELA"", ""grade"": ""normal"", ""weight"": 1}, {""gene"": ""TP53"", ""grade"": ""core"", ""weight"": 5}]"
97,陈皮__黄芪,陈皮,黄芪,18,63,67,14,35,2.9444444444444446,4,86.52777777777779,False,False,"[{""gene"": ""AKT1"", ""grade"": ""important"", ""weight"": 2}, {""gene"": ""BAX"", ""grade"": ""important"", ""weight"": 2}, {""gene"": ""BCL2"", ""grade"": ""normal"", ""weight"": 1}, {""gene"": ""CASP3"", ""grade"": ""important"", ""weight"": 2}, {""gene"": ""GSTP1"", ""grade"": ""normal"", ""weight"": 1}, {""gene"": ""MAPK1"", ""grade"": ""normal"", ""weight"": 1}, {""gene"": ""MMP9"", ""grade"": ""important"", ""weight"": 2}, {""gene"": ""NOS2"", ""grade"": ""core"", ""weight"": 5}, {""gene"": ""PPARA"", ""grade"": ""normal"", ""weight"": 1}, {""gene"": ""PPARG"", ""grade"": ""core"", ""weight"": 5}, {""gene"": ""PTGS1"", ""grade"": ""important"", ""weight"": 2}, {""gene"": ""PTGS2"", ""grade"": ""core"", ""weight"": 5}, {""gene"": ""RELA"", ""grade"": ""normal"", ""weight"": 1}, {""gene"": ""TP53"", ""grade"": ""core"", ""weight"": 5}]"
98,乌梅__肉豆蔻,乌梅,肉豆蔻,61,8,61,8,20,6.625,2,86.25,False,False,"[{""gene"": ""BAX"", ""grade"": ""important"", ""weight"": 2}, {""gene"": ""BCL2"", ""grade"": ""normal"", ""weight"": 1}, {""gene"": ""CASP3"", ""grade"": ""important"", ""weight"": 2}, {""gene"": ""CASP8"", ""grade"": ""important"", ""weight"": 2}, {""gene"": ""NOS2"", ""grade"": ""core"", ""weight"": 5}, {""gene"": ""PTGS1"", ""grade"": ""important"", ""weight"": 2}, {""gene"": ""PTGS2"", ""grade"": ""core"", ""weight"": 5}, {""gene"": ""SLC6A4"", ""grade"": ""normal"", ""weight"": 1}]"
99,大枣__肉豆蔻,大枣,肉豆蔻,61,8,61,8,20,6.625,2,86.25,False,False,"[{""gene"": ""BAX"", ""grade"": ""important"", ""weight"": 2}, {""gene"": ""BCL2"", ""grade"": ""normal"", ""weight"": 1}, {""gene"": ""CASP3"", ""grade"": ""important"", ""weight"": 2}, {""gene"": ""CASP8"", ""grade"": ""important"", ""weight"": 2}, {""gene"": ""NOS2"", ""grade"": ""core"", ""weight"": 5}, {""gene"": ""PTGS1"", ""grade"": ""important"", ""weight"": 2}, {""gene"": ""PTGS2"", ""grade"": ""core"", ""weight"": 5}, {""gene"": ""SLC6A4"", ""grade"": ""normal"", ""weight"": 1}]"
100,乌梅__姜黄,乌梅,姜黄,61,3,61,3,8,19.333333333333332,1,85.33333333333333,False,False,"[{""gene"": ""PLAU"", ""grade"": ""normal"", ""weight"": 1}, {""gene"": ""PTGS1"", ""grade"": ""important"", ""weight"": 2}, {""gene"": ""PTGS2"", ""grade"": ""core"", ""weight"": 5}]"
101,乌梅__薏苡仁,乌梅,薏苡仁,61,3,61,3,8,19.333333333333332,1,85.33333333333333,False,False,"[{""gene"": ""PLAU"", ""grade"": ""normal"", ""weight"": 1}, {""gene"": ""PTGS1"", ""grade"": ""important"", ""weight"": 2}, {""gene"": ""PTGS2"", ""grade"": ""core"", ""weight"": 5}]"
102,大枣__姜黄,大枣,姜黄,61,3,61,3,8,19.333333333333332,1,85.33333333333333,False,False,"[{""gene"": ""PLAU"", ""grade"": ""normal"", ""weight"": 1}, {""gene"": ""PTGS1"", ""grade"": ""important"", ""weight"": 2}, {""gene"": ""PTGS2"", ""grade"": ""core"", ""weight"": 5}]"
103,大枣__薏苡仁,大枣,薏苡仁,61,3,61,3,8,19.333333333333332,1,85.33333333333333,False,False,"[{""gene"": ""PLAU"", ""grade"": ""normal"", ""weight"": 1}, {""gene"": ""PTGS1"", ""grade"": ""important"", ""weight"": 2}, {""gene"": ""PTGS2"", ""grade"": ""core"", ""weight"": 5}]"
104,大枣__陈皮,大枣,陈皮,61,18,64,15,36,2.7222222222222223,4,85.0,False,False,"[{""gene"": ""AKT1"", ""grade"": ""important"", ""weight"": 2}, {""gene"": ""BAX"", ""grade"": ""important"", ""weight"": 2}, {""gene"": ""BCL2"", ""grade"": ""normal"", ""weight"": 1}, {""gene"": ""CASP3"", ""grade"": ""important"", ""weight"": 2}, {""gene"": ""CAT"", ""grade"": ""normal"", ""weight"": 1}, {""gene"": ""GSTP1"", ""grade"": ""normal"", ""weight"": 1}, {""gene"": ""MAPK1"", ""grade"": ""normal"", ""weight"": 1}, {""gene"": ""MMP9"", ""grade"": ""important"", ""weight"": 2}, {""gene"": ""NOS2"", ""grade"": ""core"", ""weight"": 5}, {""gene"": ""PPARA"", ""grade"": ""normal"", ""weight"": 1}, {""gene"": ""PPARG"", ""grade"": ""core"", ""weight"": 5}, {""gene"": ""PTGS1"", ""grade"": ""important"", ""weight"": 2}, {""gene"": ""PTGS2"", ""grade"": ""core"", ""weight"": 5}, {""gene"": ""RELA"", ""grade"": ""normal"", ""weight"": 1}, {""gene"": ""TP53"", ""grade"": ""core"", ""weight"": 5}]"
105,栀子__肉豆蔻,栀子,肉豆蔻,60,8,60,8,20,6.5,2,85.0,False,False,"[{""gene"": ""BAX"", ""grade"": ""important"", ""weight"": 2}, {""gene"": ""BCL2"", ""grade"": ""normal"", ""weight"": 1}, {""gene"": ""CASP3"", ""grade"": ""important"", ""weight"": 2}, {""gene"": ""CASP8"", ""grade"": ""important"", ""weight"": 2}, {""gene"": ""NOS2"", ""grade"": ""core"", ""weight"": 5}, {""gene"": ""PTGS1"", ""grade"": ""important"", ""weight"": 2}, {""gene"": ""PTGS2"", ""grade"": ""core"", ""weight"": 5}, {""gene"": ""SLC6A4"", ""grade"": ""normal"", ""weight"": 1}]"
106,槐花__肉豆蔻,槐花,肉豆蔻,60,8,60,8,20,6.5,2,85.0,False,False,"[{""gene"": ""BAX"", ""grade"": ""important"", ""weight"": 2}, {""gene"": ""BCL2"", ""grade"": ""normal"", ""weight"": 1}, {""gene"": ""CASP3"", ""grade"": ""important"", ""weight"": 2}, {""gene"": ""CASP8"", ""grade"": ""important"", ""weight"": 2}, {""gene"": ""NOS2"", ""grade"": ""core"", ""weight"": 5}, {""gene"": ""PTGS1"", ""grade"": ""important"", ""weight"": 2}, {""gene"": ""PTGS2"", ""grade"": ""core"", ""weight"": 5}, {""gene"": ""SLC6A4"", ""grade"": ""normal"", ""weight"": 1}]"
107,乌梅__陈皮,乌梅,陈皮,61,18,65,14,35,2.8333333333333335,4,84.58333333333334,False,False,"[{""gene"": ""AKT1"", ""grade"": ""important"", ""weight"": 2}, {""gene"": ""BAX"", ""grade"": ""important"", ""weight"": 2}, {""gene"": ""BCL2"", ""grade"": ""normal"", ""weight"": 1}, {""gene"": ""CASP3"", ""grade"": ""important"", ""weight"": 2}, {""gene"": ""GSTP1"", ""grade"": ""normal"", ""weight"": 1}, {""gene"": ""MAPK1"", ""grade"": ""normal"", ""weight"": 1}, {""gene"": ""MMP9"", ""grade"": ""important"", ""weight"": 2}, {""gene"": ""NOS2"", ""grade"": ""core"", ""weight"": 5}, {""gene"": ""PPARA"", ""grade"": ""normal"", ""weight"": 1}, {""gene"": ""PPARG"", ""grade"": ""core"", ""weight"": 5}, {""gene"": ""PTGS1"", ""grade"": ""important"", ""weight"": 2}, {""gene"": ""PTGS2"", ""grade"": ""core"", ""weight"": 5}, {""gene"": ""RELA"", ""grade"": ""normal"", ""weight"": 1}, {""gene"": ""TP53"", ""grade"": ""core"", ""weight"": 5}]"
108,姜黄__栀子,姜黄,栀子,3,60,60,3,8,19.0,1,84.0,False,False,"[{""gene"": ""PLAU"", ""grade"": ""normal"", ""weight"": 1}, {""gene"": ""PTGS1"", ""grade"": ""important"", ""weight"": 2}, {""gene"": ""PTGS2"", ""grade"": ""core"", ""weight"": 5}]"
109,姜黄__槐花,姜黄,槐花,3,60,60,3,8,19.0,1,84.0,False,False,"[{""gene"": ""PLAU"", ""grade"": ""normal"", ""weight"": 1}, {""gene"": ""PTGS1"", ""grade"": ""important"", ""weight"": 2}, {""gene"": ""PTGS2"", ""grade"": ""core"", ""weight"": 5}]"
110,栀子__薏苡仁,栀子,薏苡仁,60,3,60,3,8,19.0,1,84.0,False,False,"[{""gene"": ""PLAU"", ""grade"": ""normal"", ""weight"": 1}, {""gene"": ""PTGS1"", ""grade"": ""important"", ""weight"": 2}, {""gene"": ""PTGS2"", ""grade"": ""core"", ""weight"": 5}]"
111,槐花__薏苡仁,槐花,薏苡仁,60,3,60,3,8,19.0,1,84.0,False,False,"[{""gene"": ""PLAU"", ""grade"": ""normal"", ""weight"": 1}, {""gene"": ""PTGS1"", ""grade"": ""important"", ""weight"": 2}, {""gene"": ""PTGS2"", ""grade"": ""core"", ""weight"": 5}]"
112,栀子__陈皮,栀子,陈皮,60,18,64,14,35,2.7777777777777777,4,83.61111111111111,False,False,"[{""gene"": ""AKT1"", ""grade"": ""important"", ""weight"": 2}, {""gene"": ""BAX"", ""grade"": ""important"", ""weight"": 2}, {""gene"": ""BCL2"", ""grade"": ""normal"", ""weight"": 1}, {""gene"": ""CASP3"", ""grade"": ""important"", ""weight"": 2}, {""gene"": ""GSTP1"", ""grade"": ""normal"", ""weight"": 1}, {""gene"": ""MAPK1"", ""grade"": ""normal"", ""weight"": 1}, {""gene"": ""MMP9"", ""grade"": ""important"", ""weight"": 2}, {""gene"": ""NOS2"", ""grade"": ""core"", ""weight"": 5}, {""gene"": ""PPARA"", ""grade"": ""normal"", ""weight"": 1}, {""gene"": ""PPARG"", ""grade"": ""core"", ""weight"": 5}, {""gene"": ""PTGS1"", ""grade"": ""important"", ""weight"": 2}, {""gene"": ""PTGS2"", ""grade"": ""core"", ""weight"": 5}, {""gene"": ""RELA"", ""grade"": ""normal"", ""weight"": 1}, {""gene"": ""TP53"", ""grade"": ""core"", ""weight"": 5}]"
113,槐花__陈皮,槐花,陈皮,60,18,64,14,35,2.7777777777777777,4,83.61111111111111,False,False,"[{""gene"": ""AKT1"", ""grade"": ""important"", ""weight"": 2}, {""gene"": ""BAX"", ""grade"": ""important"", ""weight"": 2}, {""gene"": ""BCL2"", ""grade"": ""normal"", ""weight"": 1}, {""gene"": ""CASP3"", ""grade"": ""important"", ""weight"": 2}, {""gene"": ""GSTP1"", ""grade"": ""normal"", ""weight"": 1}, {""gene"": ""MAPK1"", ""grade"": ""normal"", ""weight"": 1}, {""gene"": ""MMP9"", ""grade"": ""important"", ""weight"": 2}, {""gene"": ""NOS2"", ""grade"": ""core"", ""weight"": 5}, {""gene"": ""PPARA"", ""grade"": ""normal"", ""weight"": 1}, {""gene"": ""PPARG"", ""grade"": ""core"", ""weight"": 5}, {""gene"": ""PTGS1"", ""grade"": ""important"", ""weight"": 2}, {""gene"": ""PTGS2"", ""grade"": ""core"", ""weight"": 5}, {""gene"": ""RELA"", ""grade"": ""normal"", ""weight"": 1}, {""gene"": ""TP53"", ""grade"": ""core"", ""weight"": 5}]"
114,姜黄__鱼腥草,姜黄,鱼腥草,3,59,59,3,8,18.666666666666668,1,82.66666666666667,False,False,"[{""gene"": ""PLAU"", ""grade"": ""normal"", ""weight"": 1}, {""gene"": ""PTGS1"", ""grade"": ""important"", ""weight"": 2}, {""gene"": ""PTGS2"", ""grade"": ""core"", ""weight"": 5}]"
115,薏苡仁__鱼腥草,薏苡仁,鱼腥草,3,59,59,3,8,18.666666666666668,1,82.66666666666667,False,False,"[{""gene"": ""PLAU"", ""grade"": ""normal"", ""weight"": 1}, {""gene"": ""PTGS1"", ""grade"": ""important"", ""weight"": 2}, {""gene"": ""PTGS2"", ""grade"": ""core"", ""weight"": 5}]"
116,陈皮__鱼腥草,陈皮,鱼腥草,18,59,63,14,35,2.7222222222222223,4,82.63888888888889,False,False,"[{""gene"": ""AKT1"", ""grade"": ""important"", ""weight"": 2}, {""gene"": ""BAX"", ""grade"": ""important"", ""weight"": 2}, {""gene"": ""BCL2"", ""grade"": ""normal"", ""weight"": 1}, {""gene"": ""CASP3"", ""grade"": ""important"", ""weight"": 2}, {""gene"": ""GSTP1"", ""grade"": ""normal"", ""weight"": 1}, {""gene"": ""MAPK1"", ""grade"": ""normal"", ""weight"": 1}, {""gene"": ""MMP9"", ""grade"": ""important"", ""weight"": 2}, {""gene"": ""NOS2"", ""grade"": ""core"", ""weight"": 5}, {""gene"": ""PPARA"", ""grade"": ""normal"", ""weight"": 1}, {""gene"": ""PPARG"", ""grade"": ""core"", ""weight"": 5}, {""gene"": ""PTGS1"", ""grade"": ""important"", ""weight"": 2}, {""gene"": ""PTGS2"", ""grade"": ""core"", ""weight"": 5}, {""gene"": ""RELA"", ""grade"": ""normal"", ""weight"": 1}, {""gene"": ""TP53"", ""grade"": ""core"", ""weight"": 5}]"
117,山药__甘草,山药,甘草,15,67,70,12,28,3.8666666666666667,3,82.13333333333334,False,False,"[{""gene"": ""AKT1"", ""grade"": ""important"", ""weight"": 2}, {""gene"": ""CAT"", ""grade"": ""normal"", ""weight"": 1}, {""gene"": ""CDKN1A"", ""grade"": ""normal"", ""weight"": 1}, {""gene"": ""HIF1A"", ""grade"": ""important"", ""weight"": 2}, {""gene"": ""NOS2"", ""grade"": ""core"", ""weight"": 5}, {""gene"": ""NR1I2"", ""grade"": ""important"", ""weight"": 2}, {""gene"": ""PLAU"", ""grade"": ""normal"", ""weight"": 1}, {""gene"": ""PTGS1"", ""grade"": ""important"", ""weight"": 2}, {""gene"": ""PTGS2"", ""grade"": ""core"", ""weight"": 5}, {""gene"": ""RELA"", ""grade"": ""normal"", ""weight"": 1}, {""gene"": ""SLC6A4"", ""grade"": ""normal"", ""weight"": 1}, {""gene"": ""TP53"", ""grade"": ""core"", ""weight"": 5}]"
118,肉豆蔻__鱼腥草,肉豆蔻,鱼腥草,8,59,60,7,19,6.625,2,81.9375,False,False,"[{""gene"": ""BAX"", ""grade"": ""important"", ""weight"": 2}, {""gene"": ""BCL2"", ""grade"": ""normal"", ""weight"": 1}, {""gene"": ""CASP3"", ""grade"": ""important"", ""weight"": 2}, {""gene"": ""CASP8"", ""grade"": ""important"", ""weight"": 2}, {""gene"": ""NOS2"", ""grade"": ""core"", ""weight"": 5}, {""gene"": ""PTGS1"", ""grade"": ""important"", ""weight"": 2}, {""gene"": ""PTGS2"", ""grade"": ""core"", ""weight"": 5}]"
119,山药__石榴皮,山药,石榴皮,15,64,67,12,28,3.6666666666666665,3,79.33333333333333,False,False,"[{""gene"": ""AKT1"", ""grade"": ""important"", ""weight"": 2}, {""gene"": ""CAT"", ""grade"": ""normal"", ""weight"": 1}, {""gene"": ""CDKN1A"", ""grade"": ""normal"", ""weight"": 1}, {""gene"": ""HIF1A"", ""grade"": ""important"", ""weight"": 2}, {""gene"": ""NOS2"", ""grade"": ""core"", ""weight"": 5}, {""gene"": ""NR1I2"", ""grade"": ""important"", ""weight"": 2}, {""gene"": ""PLAU"", ""grade"": ""normal"", ""weight"": 1}, {""gene"": ""PTGS1"", ""grade"": ""important"", ""weight"": 2}, {""gene"": ""PTGS2"", ""grade"": ""core"", ""weight"": 5}, {""gene"": ""RELA"", ""grade"": ""normal"", ""weight"": 1}, {""gene"": ""SLC6A4"", ""grade"": ""normal"", ""weight"": 1}, {""gene"": ""TP53"", ""grade"": ""core"", ""weight"": 5}]"
120,山药__马齿苋,山药,马齿苋,15,63,67,11,27,3.7333333333333334,3,77.4,False,False,"[{""gene"": ""AKT1"", ""grade"": ""important"", ""weight"": 2}, {""gene"": ""CDKN1A"", ""grade"": ""normal"", ""weight"": 1}, {""gene"": ""HIF1A"", ""grade"": ""important"", ""weight"": 2}, {""gene"": ""NOS2"", ""grade"": ""core"", ""weight"": 5}, {""gene"": ""NR1I2"", ""grade"": ""important"", ""weight"": 2}, {""gene"": ""PLAU"", ""grade"": ""normal"", ""weight"": 1}, {""gene"": ""PTGS1"", ""grade"": ""important"", ""weight"": 2}, {""gene"": ""PTGS2"", ""grade"": ""core"", ""weight"": 5}, {""gene"": ""RELA"", ""grade"": ""normal"", ""weight"": 1}, {""gene"": ""SLC6A4"", ""grade"": ""normal"", ""weight"": 1}, {""gene"": ""TP53"", ""grade"": ""core"", ""weight"": 5}]"
121,山药__黄芪,山药,黄芪,15,63,67,11,27,3.7333333333333334,3,77.4,False,False,"[{""gene"": ""AKT1"", ""grade"": ""important"", ""weight"": 2}, {""gene"": ""CDKN1A"", ""grade"": ""normal"", ""weight"": 1}, {""gene"": ""HIF1A"", ""grade"": ""important"", ""weight"": 2}, {""gene"": ""NOS2"", ""grade"": ""core"", ""weight"": 5}, {""gene"": ""NR1I2"", ""grade"": ""important"", ""weight"": 2}, {""gene"": ""PLAU"", ""grade"": ""normal"", ""weight"": 1}, {""gene"": ""PTGS1"", ""grade"": ""important"", ""weight"": 2}, {""gene"": ""PTGS2"", ""grade"": ""core"", ""weight"": 5}, {""gene"": ""RELA"", ""grade"": ""normal"", ""weight"": 1}, {""gene"": ""SLC6A4"", ""grade"": ""normal"", ""weight"": 1}, {""gene"": ""TP53"", ""grade"": ""core"", ""weight"": 5}]"
122,乌梅__山药,乌梅,山药,61,15,64,12,28,3.466666666666667,3,76.53333333333333,False,False,"[{""gene"": ""AKT1"", ""grade"": ""important"", ""weight"": 2}, {""gene"": ""CDKN1A"", ""grade"": ""normal"", ""weight"": 1}, {""gene"": ""HIF1A"", ""grade"": ""important"", ""weight"": 2}, {""gene"": ""NOS2"", ""grade"": ""core"", ""weight"": 5}, {""gene"": ""NR1I2"", ""grade"": ""important"", ""weight"": 2}, {""gene"": ""NR3C1"", ""grade"": ""normal"", ""weight"": 1}, {""gene"": ""PLAU"", ""grade"": ""normal"", ""weight"": 1}, {""gene"": ""PTGS1"", ""grade"": ""important"", ""weight"": 2}, {""gene"": ""PTGS2"", ""grade"": ""core"", ""weight"": 5}, {""gene"": ""RELA"", ""grade"": ""normal"", ""weight"": 1}, {""gene"": ""SLC6A4"", ""grade"": ""normal"", ""weight"": 1}, {""gene"": ""TP53"", ""grade"": ""core"", ""weight"": 5}]"
123,大枣__山药,大枣,山药,61,15,64,12,28,3.466666666666667,3,76.53333333333333,False,False,"[{""gene"": ""AKT1"", ""grade"": ""important"", ""weight"": 2}, {""gene"": ""CAT"", ""grade"": ""normal"", ""weight"": 1}, {""gene"": ""CDKN1A"", ""grade"": ""normal"", ""weight"": 1}, {""gene"": ""HIF1A"", ""grade"": ""important"", ""weight"": 2}, {""gene"": ""NOS2"", ""grade"": ""core"", ""weight"": 5}, {""gene"": ""NR1I2"", ""grade"": ""important"", ""weight"": 2}, {""gene"": ""PLAU"", ""grade"": ""normal"", ""weight"": 1}, {""gene"": ""PTGS1"", ""grade"": ""important"", ""weight"": 2}, {""gene"": ""PTGS2"", ""grade"": ""core"", ""weight"": 5}, {""gene"": ""RELA"", ""grade"": ""normal"", ""weight"": 1}, {""gene"": ""SLC6A4"", ""grade"": ""normal"", ""weight"": 1}, {""gene"": ""TP53"", ""grade"": ""core"", ""weight"": 5}]"
124,甘草__生姜,甘草,生姜,67,8,67,8,16,7.375,1,75.0,False,False,"[{""gene"": ""BAX"", ""grade"": ""important"", ""weight"": 2}, {""gene"": ""BCL2"", ""grade"": ""normal"", ""weight"": 1}, {""gene"": ""CASP3"", ""grade"": ""important"", ""weight"": 2}, {""gene"": ""CASP8"", ""grade"": ""important"", ""weight"": 2}, {""gene"": ""PLAU"", ""grade"": ""normal"", ""weight"": 1}, {""gene"": ""PTGS1"", ""grade"": ""important"", ""weight"": 2}, {""gene"": ""PTGS2"", ""grade"": ""core"", ""weight"": 5}, {""gene"": ""SLC6A4"", ""grade"": ""normal"", ""weight"": 1}]"
125,甘草__砂仁,甘草,砂仁,67,8,67,8,16,7.375,1,75.0,False,False,"[{""gene"": ""BAX"", ""grade"": ""important"", ""weight"": 2}, {""gene"": ""BCL2"", ""grade"": ""normal"", ""weight"": 1}, {""gene"": ""CASP3"", ""grade"": ""important"", ""weight"": 2}, {""gene"": ""CASP8"", ""grade"": ""important"", ""weight"": 2}, {""gene"": ""PLAU"", ""grade"": ""normal"", ""weight"": 1}, {""gene"": ""PTGS1"", ""grade"": ""important"", ""weight"": 2}, {""gene"": ""PTGS2"", ""grade"": ""core"", ""weight"": 5}, {""gene"": ""SLC6A4"", ""grade"": ""normal"", ""weight"": 1}]"
126,山药__栀子,山药,栀子,15,60,64,11,27,3.533333333333333,3,74.7,False,False,"[{""gene"": ""AKT1"", ""grade"": ""important"", ""weight"": 2}, {""gene"": ""CDKN1A"", ""grade"": ""normal"", ""weight"": 1}, {""gene"": ""HIF1A"", ""grade"": ""important"", ""weight"": 2}, {""gene"": ""NOS2"", ""grade"": ""core"", ""weight"": 5}, {""gene"": ""NR1I2"", ""grade"": ""important"", ""weight"": 2}, {""gene"": ""PLAU"", ""grade"": ""normal"", ""weight"": 1}, {""gene"": ""PTGS1"", ""grade"": ""important"", ""weight"": 2}, {""gene"": ""PTGS2"", ""grade"": ""core"", ""weight"": 5}, {""gene"": ""RELA"", ""grade"": ""normal"", ""weight"": 1}, {""gene"": ""SLC6A4"", ""grade"": ""normal"", ""weight"": 1}, {""gene"": ""TP53"", ""grade"": ""core"", ""weight"": 5}]"
127,山药__槐花,山药,槐花,15,60,64,11,27,3.533333333333333,3,74.7,False,False,"[{""gene"": ""AKT1"", ""grade"": ""important"", ""weight"": 2}, {""gene"": ""CDKN1A"", ""grade"": ""normal"", ""weight"": 1}, {""gene"": ""HIF1A"", ""grade"": ""important"", ""weight"": 2}, {""gene"": ""NOS2"", ""grade"": ""core"", ""weight"": 5}, {""gene"": ""NR1I2"", ""grade"": ""important"", ""weight"": 2}, {""gene"": ""PLAU"", ""grade"": ""normal"", ""weight"": 1}, {""gene"": ""PTGS1"", ""grade"": ""important"", ""weight"": 2}, {""gene"": ""PTGS2"", ""grade"": ""core"", ""weight"": 5}, {""gene"": ""RELA"", ""grade"": ""normal"", ""weight"": 1}, {""gene"": ""SLC6A4"", ""grade"": ""normal"", ""weight"": 1}, {""gene"": ""TP53"", ""grade"": ""core"", ""weight"": 5}]"
128,党参__蒲公英,党参,蒲公英,35,37,57,15,46,1.2,7,73.60000000000001,False,False,"[{""gene"": ""CASP3"", ""grade"": ""important"", ""weight"": 2}, {""gene"": ""IL4"", ""grade"": ""core"", ""weight"": 5}, {""gene"": ""IL6"", ""grade"": ""core"", ""weight"": 5}, {""gene"": ""MAPK1"", ""grade"": ""normal"", ""weight"": 1}, {""gene"": ""MMP1"", ""grade"": ""normal"", ""weight"": 1}, {""gene"": ""NFKBIA"", ""grade"": ""important"", ""weight"": 2}, {""gene"": ""NOS2"", ""grade"": ""core"", ""weight"": 5}, {""gene"": ""NR3C1"", ""grade"": ""normal"", ""weight"": 1}, {""gene"": ""PPARG"", ""grade"": ""core"", ""weight"": 5}, {""gene"": ""PTGS1"", ""grade"": ""important"", ""weight"": 2}, {""gene"": ""PTGS2"", ""grade"": ""core"", ""weight"": 5}, {""gene"": ""RELA"", ""grade"": ""normal"", ""weight"": 1}, {""gene"": ""SLC6A4"", ""grade"": ""normal"", ""weight"": 1}, {""gene"": ""TNF"", ""grade"": ""core"", ""weight"": 5}, {""gene"": ""TP53"", ""grade"": ""core"", ""weight"": 5}]"
129,山药__鱼腥草,山药,鱼腥草,15,59,64,10,26,3.6,3,72.8,False,False,"[{""gene"": ""AKT1"", ""grade"": ""important"", ""weight"": 2}, {""gene"": ""CDKN1A"", ""grade"": ""normal"", ""weight"": 1}, {""gene"": ""HIF1A"", ""grade"": ""important"", ""weight"": 2}, {""gene"": ""NOS2"", ""grade"": ""core"", ""weight"": 5}, {""gene"": ""NR1I2"", ""grade"": ""important"", ""weight"": 2}, {""gene"": ""PLAU"", ""grade"": ""normal"", ""weight"": 1}, {""gene"": ""PTGS1"", ""grade"": ""important"", ""weight"": 2}, {""gene"": ""PTGS2"", ""grade"": ""core"", ""weight"": 5}, {""gene"": ""RELA"", ""grade"": ""normal"", ""weight"": 1}, {""gene"": ""TP53"", ""grade"": ""core"", ""weight"": 5}]"
130,生姜__石榴皮,生姜,石榴皮,8,64,64,8,16,7.0,1,72.0,False,False,"[{""gene"": ""BAX"", ""grade"": ""important"", ""weight"": 2}, {""gene"": ""BCL2"", ""grade"": ""normal"", ""weight"": 1}, {""gene"": ""CASP3"", ""grade"": ""important"", ""weight"": 2}, {""gene"": ""CASP8"", ""grade"": ""important"", ""weight"": 2}, {""gene"": ""PLAU"", ""grade"": ""normal"", ""weight"": 1}, {""gene"": ""PTGS1"", ""grade"": ""important"", ""weight"": 2}, {""gene"": ""PTGS2"", ""grade"": ""core"", ""weight"": 5}, {""gene"": ""SLC6A4"", ""grade"": ""normal"", ""weight"": 1}]"
131,石榴皮__砂仁,石榴皮,砂仁,64,8,64,8,16,7.0,1,72.0,False,False,"[{""gene"": ""BAX"", ""grade"": ""important"", ""weight"": 2}, {""gene"": ""BCL2"", ""grade"": ""normal"", ""weight"": 1}, {""gene"": ""CASP3"", ""grade"": ""important"", ""weight"": 2}, {""gene"": ""CASP8"", ""grade"": ""important"", ""weight"": 2}, {""gene"": ""PLAU"", ""grade"": ""normal"", ""weight"": 1}, {""gene"": ""PTGS1"", ""grade"": ""important"", ""weight"": 2}, {""gene"": ""PTGS2"", ""grade"": ""core"", ""weight"": 5}, {""gene"": ""SLC6A4"", ""grade"": ""normal"", ""weight"": 1}]"
132,生姜__马齿苋,生姜,马齿苋,8,63,63,8,16,6.875,1,71.0,False,False,"[{""gene"": ""BAX"", ""grade"": ""important"", ""weight"": 2}, {""gene"": ""BCL2"", ""grade"": ""normal"", ""weight"": 1}, {""gene"": ""CASP3"", ""grade"": ""important"", ""weight"": 2}, {""gene"": ""CASP8"", ""grade"": ""important"", ""weight"": 2}, {""gene"": ""PLAU"", ""grade"": ""normal"", ""weight"": 1}, {""gene"": ""PTGS1"", ""grade"": ""important"", ""weight"": 2}, {""gene"": ""PTGS2"", ""grade"": ""core"", ""weight"": 5}, {""gene"": ""SLC6A4"", ""grade"": ""normal"", ""weight"": 1}]"
133,生姜__黄芪,生姜,黄芪,8,63,63,8,16,6.875,1,71.0,False,False,"[{""gene"": ""BAX"", ""grade"": ""important"", ""weight"": 2}, {""gene"": ""BCL2"", ""grade"": ""normal"", ""weight"": 1}, {""gene"": ""CASP3"", ""grade"": ""important"", ""weight"": 2}, {""gene"": ""CASP8"", ""grade"": ""important"", ""weight"": 2}, {""gene"": ""PLAU"", ""grade"": ""normal"", ""weight"": 1}, {""gene"": ""PTGS1"", ""grade"": ""important"", ""weight"": 2}, {""gene"": ""PTGS2"", ""grade"": ""core"", ""weight"": 5}, {""gene"": ""SLC6A4"", ""grade"": ""normal"", ""weight"": 1}]"
134,砂仁__马齿苋,砂仁,马齿苋,8,63,63,8,16,6.875,1,71.0,False,False,"[{""gene"": ""BAX"", ""grade"": ""important"", ""weight"": 2}, {""gene"": ""BCL2"", ""grade"": ""normal"", ""weight"": 1}, {""gene"": ""CASP3"", ""grade"": ""important"", ""weight"": 2}, {""gene"": ""CASP8"", ""grade"": ""important"", ""weight"": 2}, {""gene"": ""PLAU"", ""grade"": ""normal"", ""weight"": 1}, {""gene"": ""PTGS1"", ""grade"": ""important"", ""weight"": 2}, {""gene"": ""PTGS2"", ""grade"": ""core"", ""weight"": 5}, {""gene"": ""SLC6A4"", ""grade"": ""normal"", ""weight"": 1}]"
135,砂仁__黄芪,砂仁,黄芪,8,63,63,8,16,6.875,1,71.0,False,False,"[{""gene"": ""BAX"", ""grade"": ""important"", ""weight"": 2}, {""gene"": ""BCL2"", ""grade"": ""normal"", ""weight"": 1}, {""gene"": ""CASP3"", ""grade"": ""important"", ""weight"": 2}, {""gene"": ""CASP8"", ""grade"": ""important"", ""weight"": 2}, {""gene"": ""PLAU"", ""grade"": ""normal"", ""weight"": 1}, {""gene"": ""PTGS1"", ""grade"": ""important"", ""weight"": 2}, {""gene"": ""PTGS2"", ""grade"": ""core"", ""weight"": 5}, {""gene"": ""SLC6A4"", ""grade"": ""normal"", ""weight"": 1}]"
136,甘草__白扁豆,甘草,白扁豆,67,11,67,11,20,5.090909090909091,1,70.9090909090909,False,False,"[{""gene"": ""AKT1"", ""grade"": ""important"", ""weight"": 2}, {""gene"": ""BCL2"", ""grade"": ""normal"", ""weight"": 1}, {""gene"": ""CASP3"", ""grade"": ""important"", ""weight"": 2}, {""gene"": ""CASP8"", ""grade"": ""important"", ""weight"": 2}, {""gene"": ""CYP1A2"", ""grade"": ""normal"", ""weight"": 1}, {""gene"": ""CYP3A4"", ""grade"": ""important"", ""weight"": 2}, {""gene"": ""HMOX1"", ""grade"": ""normal"", ""weight"": 1}, {""gene"": ""MMP1"", ""grade"": ""normal"", ""weight"": 1}, {""gene"": ""MMP2"", ""grade"": ""normal"", ""weight"": 1}, {""gene"": ""MYC"", ""grade"": ""important"", ""weight"": 2}, {""gene"": ""PTGS2"", ""grade"": ""core"", ""weight"": 5}]"
137,甘草__芡实,甘草,芡实,67,11,67,11,20,5.090909090909091,1,70.9090909090909,False,False,"[{""gene"": ""AKT1"", ""grade"": ""important"", ""weight"": 2}, {""gene"": ""BCL2"", ""grade"": ""normal"", ""weight"": 1}, {""gene"": ""CASP3"", ""grade"": ""important"", ""weight"": 2}, {""gene"": ""CASP8"", ""grade"": ""important"", ""weight"": 2}, {""gene"": ""CYP1A2"", ""grade"": ""normal"", ""weight"": 1}, {""gene"": ""CYP3A4"", ""grade"": ""important"", ""weight"": 2}, {""gene"": ""HMOX1"", ""grade"": ""normal"", ""weight"": 1}, {""gene"": ""MMP1"", ""grade"": ""normal"", ""weight"": 1}, {""gene"": ""MMP2"", ""grade"": ""normal"", ""weight"": 1}, {""gene"": ""MYC"", ""grade"": ""important"", ""weight"": 2}, {""gene"": ""PTGS2"", ""grade"": ""core"", ""weight"": 5}]"
138,葛根__蒲公英,葛根,蒲公英,10,37,37,10,30,2.7,4,70.5,False,False,"[{""gene"": ""BAX"", ""grade"": ""important"", ""weight"": 2}, {""gene"": ""BCL2"", ""grade"": ""normal"", ""weight"": 1}, {""gene"": ""CASP3"", ""grade"": ""important"", ""weight"": 2}, {""gene"": ""CASP8"", ""grade"": ""important"", ""weight"": 2}, {""gene"": ""IL4"", ""grade"": ""core"", ""weight"": 5}, {""gene"": ""NOS2"", ""grade"": ""core"", ""weight"": 5}, {""gene"": ""PPARG"", ""grade"": ""core"", ""weight"": 5}, {""gene"": ""PTGS1"", ""grade"": ""important"", ""weight"": 2}, {""gene"": ""PTGS2"", ""grade"": ""core"", ""weight"": 5}, {""gene"": ""SLC6A4"", ""grade"": ""normal"", ""weight"": 1}]"
139,乌梅__生姜,乌梅,生姜,61,8,61,8,16,6.625,1,69.0,False,False,"[{""gene"": ""BAX"", ""grade"": ""important"", ""weight"": 2}, {""gene"": ""BCL2"", ""grade"": ""normal"", ""weight"": 1}, {""gene"": ""CASP3"", ""grade"": ""important"", ""weight"": 2}, {""gene"": ""CASP8"", ""grade"": ""important"", ""weight"": 2}, {""gene"": ""PLAU"", ""grade"": ""normal"", ""weight"": 1}, {""gene"": ""PTGS1"", ""grade"": ""important"", ""weight"": 2}, {""gene"": ""PTGS2"", ""grade"": ""core"", ""weight"": 5}, {""gene"": ""SLC6A4"", ""grade"": ""normal"", ""weight"": 1}]"
140,乌梅__砂仁,乌梅,砂仁,61,8,61,8,16,6.625,1,69.0,False,False,"[{""gene"": ""BAX"", ""grade"": ""important"", ""weight"": 2}, {""gene"": ""BCL2"", ""grade"": ""normal"", ""weight"": 1}, {""gene"": ""CASP3"", ""grade"": ""important"", ""weight"": 2}, {""gene"": ""CASP8"", ""grade"": ""important"", ""weight"": 2}, {""gene"": ""PLAU"", ""grade"": ""normal"", ""weight"": 1}, {""gene"": ""PTGS1"", ""grade"": ""important"", ""weight"": 2}, {""gene"": ""PTGS2"", ""grade"": ""core"", ""weight"": 5}, {""gene"": ""SLC6A4"", ""grade"": ""normal"", ""weight"": 1}]"
141,大枣__生姜,大枣,生姜,61,8,61,8,16,6.625,1,69.0,False,False,"[{""gene"": ""BAX"", ""grade"": ""important"", ""weight"": 2}, {""gene"": ""BCL2"", ""grade"": ""normal"", ""weight"": 1}, {""gene"": ""CASP3"", ""grade"": ""important"", ""weight"": 2}, {""gene"": ""CASP8"", ""grade"": ""important"", ""weight"": 2}, {""gene"": ""PLAU"", ""grade"": ""normal"", ""weight"": 1}, {""gene"": ""PTGS1"", ""grade"": ""important"", ""weight"": 2}, {""gene"": ""PTGS2"", ""grade"": ""core"", ""weight"": 5}, {""gene"": ""SLC6A4"", ""grade"": ""normal"", ""weight"": 1}]"
142,大枣__砂仁,大枣,砂仁,61,8,61,8,16,6.625,1,69.0,False,False,"[{""gene"": ""BAX"", ""grade"": ""important"", ""weight"": 2}, {""gene"": ""BCL2"", ""grade"": ""normal"", ""weight"": 1}, {""gene"": ""CASP3"", ""grade"": ""important"", ""weight"": 2}, {""gene"": ""CASP8"", ""grade"": ""important"", ""weight"": 2}, {""gene"": ""PLAU"", ""grade"": ""normal"", ""weight"": 1}, {""gene"": ""PTGS1"", ""grade"": ""important"", ""weight"": 2}, {""gene"": ""PTGS2"", ""grade"": ""core"", ""weight"": 5}, {""gene"": ""SLC6A4"", ""grade"": ""normal"", ""weight"": 1}]"
143,茯苓__蒲公英,茯苓,蒲公英,2,37,37,2,7,17.5,1,68.25,False,False,"[{""gene"": ""PTGS1"", ""grade"": ""important"", ""weight"": 2}, {""gene"": ""PTGS2"", ""grade"": ""core"", ""weight"": 5}]"
144,白扁豆__石榴皮,白扁豆,石榴皮,11,64,64,11,20,4.818181818181818,1,68.18181818181819,False,False,"[{""gene"": ""AKT1"", ""grade"": ""important"", ""weight"": 2}, {""gene"": ""BCL2"", ""grade"": ""normal"", ""weight"": 1}, {""gene"": ""CASP3"", ""grade"": ""important"", ""weight"": 2}, {""gene"": ""CASP8"", ""grade"": ""important"", ""weight"": 2}, {""gene"": ""CYP1A2"", ""grade"": ""normal"", ""weight"": 1}, {""gene"": ""CYP3A4"", ""grade"": ""important"", ""weight"": 2}, {""gene"": ""HMOX1"", ""grade"": ""normal"", ""weight"": 1}, {""gene"": ""MMP1"", ""grade"": ""normal"", ""weight"": 1}, {""gene"": ""MMP2"", ""grade"": ""normal"", ""weight"": 1}, {""gene"": ""MYC"", ""grade"": ""important"", ""weight"": 2}, {""gene"": ""PTGS2"", ""grade"": ""core"", ""weight"": 5}]"
145,石榴皮__芡实,石榴皮,芡实,64,11,64,11,20,4.818181818181818,1,68.18181818181819,False,False,"[{""gene"": ""AKT1"", ""grade"": ""important"", ""weight"": 2}, {""gene"": ""BCL2"", ""grade"": ""normal"", ""weight"": 1}, {""gene"": ""CASP3"", ""grade"": ""important"", ""weight"": 2}, {""gene"": ""CASP8"", ""grade"": ""important"", ""weight"": 2}, {""gene"": ""CYP1A2"", ""grade"": ""normal"", ""weight"": 1}, {""gene"": ""CYP3A4"", ""grade"": ""important"", ""weight"": 2}, {""gene"": ""HMOX1"", ""grade"": ""normal"", ""weight"": 1}, {""gene"": ""MMP1"", ""grade"": ""normal"", ""weight"": 1}, {""gene"": ""MMP2"", ""grade"": ""normal"", ""weight"": 1}, {""gene"": ""MYC"", ""grade"": ""important"", ""weight"": 2}, {""gene"": ""PTGS2"", ""grade"": ""core"", ""weight"": 5}]"
146,栀子__生姜,栀子,生姜,60,8,60,8,16,6.5,1,68.0,False,False,"[{""gene"": ""BAX"", ""grade"": ""important"", ""weight"": 2}, {""gene"": ""BCL2"", ""grade"": ""normal"", ""weight"": 1}, {""gene"": ""CASP3"", ""grade"": ""important"", ""weight"": 2}, {""gene"": ""CASP8"", ""grade"": ""important"", ""weight"": 2}, {""gene"": ""PLAU"", ""grade"": ""normal"", ""weight"": 1}, {""gene"": ""PTGS1"", ""grade"": ""important"", ""weight"": 2}, {""gene"": ""PTGS2"", ""grade"": ""core"", ""weight"": 5}, {""gene"": ""SLC6A4"", ""grade"": ""normal"", ""weight"": 1}]"
147,栀子__砂仁,栀子,砂仁,60,8,60,8,16,6.5,1,68.0,False,False,"[{""gene"": ""BAX"", ""grade"": ""important"", ""weight"": 2}, {""gene"": ""BCL2"", ""grade"": ""normal"", ""weight"": 1}, {""gene"": ""CASP3"", ""grade"": ""important"", ""weight"": 2}, {""gene"": ""CASP8"", ""grade"": ""important"", ""weight"": 2}, {""gene"": ""PLAU"", ""grade"": ""normal"", ""weight"": 1}, {""gene"": ""PTGS1"", ""grade"": ""important"", ""weight"": 2}, {""gene"": ""PTGS2"", ""grade"": ""core"", ""weight"": 5}, {""gene"": ""SLC6A4"", ""grade"": ""normal"", ""weight"": 1}]"
148,槐花__生姜,槐花,生姜,60,8,60,8,16,6.5,1,68.0,False,False,"[{""gene"": ""BAX"", ""grade"": ""important"", ""weight"": 2}, {""gene"": ""BCL2"", ""grade"": ""normal"", ""weight"": 1}, {""gene"": ""CASP3"", ""grade"": ""important"", ""weight"": 2}, {""gene"": ""CASP8"", ""grade"": ""important"", ""weight"": 2}, {""gene"": ""PLAU"", ""grade"": ""normal"", ""weight"": 1}, {""gene"": ""PTGS1"", ""grade"": ""important"", ""weight"": 2}, {""gene"": ""PTGS2"", ""grade"": ""core"", ""weight"": 5}, {""gene"": ""SLC6A4"", ""grade"": ""normal"", ""weight"": 1}]"
149,槐花__砂仁,槐花,砂仁,60,8,60,8,16,6.5,1,68.0,False,False,"[{""gene"": ""BAX"", ""grade"": ""important"", ""weight"": 2}, {""gene"": ""BCL2"", ""grade"": ""normal"", ""weight"": 1}, {""gene"": ""CASP3"", ""grade"": ""important"", ""weight"": 2}, {""gene"": ""CASP8"", ""grade"": ""important"", ""weight"": 2}, {""gene"": ""PLAU"", ""grade"": ""normal"", ""weight"": 1}, {""gene"": ""PTGS1"", ""grade"": ""important"", ""weight"": 2}, {""gene"": ""PTGS2"", ""grade"": ""core"", ""weight"": 5}, {""gene"": ""SLC6A4"", ""grade"": ""normal"", ""weight"": 1}]"
150,白扁豆__马齿苋,白扁豆,马齿苋,11,63,63,11,20,4.7272727272727275,1,67.27272727272728,False,False,"[{""gene"": ""AKT1"", ""grade"": ""important"", ""weight"": 2}, {""gene"": ""BCL2"", ""grade"": ""normal"", ""weight"": 1}, {""gene"": ""CASP3"", ""grade"": ""important"", ""weight"": 2}, {""gene"": ""CASP8"", ""grade"": ""important"", ""weight"": 2}, {""gene"": ""CYP1A2"", ""grade"": ""normal"", ""weight"": 1}, {""gene"": ""CYP3A4"", ""grade"": ""important"", ""weight"": 2}, {""gene"": ""HMOX1"", ""grade"": ""normal"", ""weight"": 1}, {""gene"": ""MMP1"", ""grade"": ""normal"", ""weight"": 1}, {""gene"": ""MMP2"", ""grade"": ""normal"", ""weight"": 1}, {""gene"": ""MYC"", ""grade"": ""important"", ""weight"": 2}, {""gene"": ""PTGS2"", ""grade"": ""core"", ""weight"": 5}]"
151,白扁豆__黄芪,白扁豆,黄芪,11,63,63,11,20,4.7272727272727275,1,67.27272727272728,False,False,"[{""gene"": ""AKT1"", ""grade"": ""important"", ""weight"": 2}, {""gene"": ""BCL2"", ""grade"": ""normal"", ""weight"": 1}, {""gene"": ""CASP3"", ""grade"": ""important"", ""weight"": 2}, {""gene"": ""CASP8"", ""grade"": ""important"", ""weight"": 2}, {""gene"": ""CYP1A2"", ""grade"": ""normal"", ""weight"": 1}, {""gene"": ""CYP3A4"", ""grade"": ""important"", ""weight"": 2}, {""gene"": ""HMOX1"", ""grade"": ""normal"", ""weight"": 1}, {""gene"": ""MMP1"", ""grade"": ""normal"", ""weight"": 1}, {""gene"": ""MMP2"", ""grade"": ""normal"", ""weight"": 1}, {""gene"": ""MYC"", ""grade"": ""important"", ""weight"": 2}, {""gene"": ""PTGS2"", ""grade"": ""core"", ""weight"": 5}]"
152,芡实__马齿苋,芡实,马齿苋,11,63,63,11,20,4.7272727272727275,1,67.27272727272728,False,False,"[{""gene"": ""AKT1"", ""grade"": ""important"", ""weight"": 2}, {""gene"": ""BCL2"", ""grade"": ""normal"", ""weight"": 1}, {""gene"": ""CASP3"", ""grade"": ""important"", ""weight"": 2}, {""gene"": ""CASP8"", ""grade"": ""important"", ""weight"": 2}, {""gene"": ""CYP1A2"", ""grade"": ""normal"", ""weight"": 1}, {""gene"": ""CYP3A4"", ""grade"": ""important"", ""weight"": 2}, {""gene"": ""HMOX1"", ""grade"": ""normal"", ""weight"": 1}, {""gene"": ""MMP1"", ""grade"": ""normal"", ""weight"": 1}, {""gene"": ""MMP2"", ""grade"": ""normal"", ""weight"": 1}, {""gene"": ""MYC"", ""grade"": ""important"", ""weight"": 2}, {""gene"": ""PTGS2"", ""grade"": ""core"", ""weight"": 5}]"
153,芡实__黄芪,芡实,黄芪,11,63,63,11,20,4.7272727272727275,1,67.27272727272728,False,False,"[{""gene"": ""AKT1"", ""grade"": ""important"", ""weight"": 2}, {""gene"": ""BCL2"", ""grade"": ""normal"", ""weight"": 1}, {""gene"": ""CASP3"", ""grade"": ""important"", ""weight"": 2}, {""gene"": ""CASP8"", ""grade"": ""important"", ""weight"": 2}, {""gene"": ""CYP1A2"", ""grade"": ""normal"", ""weight"": 1}, {""gene"": ""CYP3A4"", ""grade"": ""important"", ""weight"": 2}, {""gene"": ""HMOX1"", ""grade"": ""normal"", ""weight"": 1}, {""gene"": ""MMP1"", ""grade"": ""normal"", ""weight"": 1}, {""gene"": ""MMP2"", ""grade"": ""normal"", ""weight"": 1}, {""gene"": ""MYC"", ""grade"": ""important"", ""weight"": 2}, {""gene"": ""PTGS2"", ""grade"": ""core"", ""weight"": 5}]"
154,乌梅__白扁豆,乌梅,白扁豆,61,11,61,11,20,4.545454545454546,1,65.45454545454545,False,False,"[{""gene"": ""AKT1"", ""grade"": ""important"", ""weight"": 2}, {""gene"": ""BCL2"", ""grade"": ""normal"", ""weight"": 1}, {""gene"": ""CASP3"", ""grade"": ""important"", ""weight"": 2}, {""gene"": ""CASP8"", ""grade"": ""important"", ""weight"": 2}, {""gene"": ""CYP1A2"", ""grade"": ""normal"", ""weight"": 1}, {""gene"": ""CYP3A4"", ""grade"": ""important"", ""weight"": 2}, {""gene"": ""HMOX1"", ""grade"": ""normal"", ""weight"": 1}, {""gene"": ""MMP1"", ""grade"": ""normal"", ""weight"": 1}, {""gene"": ""MMP2"", ""grade"": ""normal"", ""weight"": 1}, {""gene"": ""MYC"", ""grade"": ""important"", ""weight"": 2}, {""gene"": ""PTGS2"", ""grade"": ""core"", ""weight"": 5}]"
155,乌梅__芡实,乌梅,芡实,61,11,61,11,20,4.545454545454546,1,65.45454545454545,False,False,"[{""gene"": ""AKT1"", ""grade"": ""important"", ""weight"": 2}, {""gene"": ""BCL2"", ""grade"": ""normal"", ""weight"": 1}, {""gene"": ""CASP3"", ""grade"": ""important"", ""weight"": 2}, {""gene"": ""CASP8"", ""grade"": ""important"", ""weight"": 2}, {""gene"": ""CYP1A2"", ""grade"": ""normal"", ""weight"": 1}, {""gene"": ""CYP3A4"", ""grade"": ""important"", ""weight"": 2}, {""gene"": ""HMOX1"", ""grade"": ""normal"", ""weight"": 1}, {""gene"": ""MMP1"", ""grade"": ""normal"", ""weight"": 1}, {""gene"": ""MMP2"", ""grade"": ""normal"", ""weight"": 1}, {""gene"": ""MYC"", ""grade"": ""important"", ""weight"": 2}, {""gene"": ""PTGS2"", ""grade"": ""core"", ""weight"": 5}]"
156,大枣__白扁豆,大枣,白扁豆,61,11,61,11,20,4.545454545454546,1,65.45454545454545,False,False,"[{""gene"": ""AKT1"", ""grade"": ""important"", ""weight"": 2}, {""gene"": ""BCL2"", ""grade"": ""normal"", ""weight"": 1}, {""gene"": ""CASP3"", ""grade"": ""important"", ""weight"": 2}, {""gene"": ""CASP8"", ""grade"": ""important"", ""weight"": 2}, {""gene"": ""CYP1A2"", ""grade"": ""normal"", ""weight"": 1}, {""gene"": ""CYP3A4"", ""grade"": ""important"", ""weight"": 2}, {""gene"": ""HMOX1"", ""grade"": ""normal"", ""weight"": 1}, {""gene"": ""MMP1"", ""grade"": ""normal"", ""weight"": 1}, {""gene"": ""MMP2"", ""grade"": ""normal"", ""weight"": 1}, {""gene"": ""MYC"", ""grade"": ""important"", ""weight"": 2}, {""gene"": ""PTGS2"", ""grade"": ""core"", ""weight"": 5}]"
157,大枣__芡实,大枣,芡实,61,11,61,11,20,4.545454545454546,1,65.45454545454545,False,False,"[{""gene"": ""AKT1"", ""grade"": ""important"", ""weight"": 2}, {""gene"": ""BCL2"", ""grade"": ""normal"", ""weight"": 1}, {""gene"": ""CASP3"", ""grade"": ""important"", ""weight"": 2}, {""gene"": ""CASP8"", ""grade"": ""important"", ""weight"": 2}, {""gene"": ""CYP1A2"", ""grade"": ""normal"", ""weight"": 1}, {""gene"": ""CYP3A4"", ""grade"": ""important"", ""weight"": 2}, {""gene"": ""HMOX1"", ""grade"": ""normal"", ""weight"": 1}, {""gene"": ""MMP1"", ""grade"": ""normal"", ""weight"": 1}, {""gene"": ""MMP2"", ""grade"": ""normal"", ""weight"": 1}, {""gene"": ""MYC"", ""grade"": ""important"", ""weight"": 2}, {""gene"": ""PTGS2"", ""grade"": ""core"", ""weight"": 5}]"
158,党参__茯苓,党参,茯苓,35,2,35,2,7,16.5,1,64.75,False,False,"[{""gene"": ""PTGS1"", ""grade"": ""important"", ""weight"": 2}, {""gene"": ""PTGS2"", ""grade"": ""core"", ""weight"": 5}]"
159,生姜__鱼腥草,生姜,鱼腥草,8,59,60,7,15,6.625,1,64.6875,False,False,"[{""gene"": ""BAX"", ""grade"": ""important"", ""weight"": 2}, {""gene"": ""BCL2"", ""grade"": ""normal"", ""weight"": 1}, {""gene"": ""CASP3"", ""grade"": ""important"", ""weight"": 2}, {""gene"": ""CASP8"", ""grade"": ""important"", ""weight"": 2}, {""gene"": ""PLAU"", ""grade"": ""normal"", ""weight"": 1}, {""gene"": ""PTGS1"", ""grade"": ""important"", ""weight"": 2}, {""gene"": ""PTGS2"", ""grade"": ""core"", ""weight"": 5}]"
160,砂仁__鱼腥草,砂仁,鱼腥草,8,59,60,7,15,6.625,1,64.6875,False,False,"[{""gene"": ""BAX"", ""grade"": ""important"", ""weight"": 2}, {""gene"": ""BCL2"", ""grade"": ""normal"", ""weight"": 1}, {""gene"": ""CASP3"", ""grade"": ""important"", ""weight"": 2}, {""gene"": ""CASP8"", ""grade"": ""important"", ""weight"": 2}, {""gene"": ""PLAU"", ""grade"": ""normal"", ""weight"": 1}, {""gene"": ""PTGS1"", ""grade"": ""important"", ""weight"": 2}, {""gene"": ""PTGS2"", ""grade"": ""core"", ""weight"": 5}]"
161,栀子__白扁豆,栀子,白扁豆,60,11,60,11,20,4.454545454545454,1,64.54545454545455,False,False,"[{""gene"": ""AKT1"", ""grade"": ""important"", ""weight"": 2}, {""gene"": ""BCL2"", ""grade"": ""normal"", ""weight"": 1}, {""gene"": ""CASP3"", ""grade"": ""important"", ""weight"": 2}, {""gene"": ""CASP8"", ""grade"": ""important"", ""weight"": 2}, {""gene"": ""CYP1A2"", ""grade"": ""normal"", ""weight"": 1}, {""gene"": ""CYP3A4"", ""grade"": ""important"", ""weight"": 2}, {""gene"": ""HMOX1"", ""grade"": ""normal"", ""weight"": 1}, {""gene"": ""MMP1"", ""grade"": ""normal"", ""weight"": 1}, {""gene"": ""MMP2"", ""grade"": ""normal"", ""weight"": 1}, {""gene"": ""MYC"", ""grade"": ""important"", ""weight"": 2}, {""gene"": ""PTGS2"", ""grade"": ""core"", ""weight"": 5}]"
162,栀子__芡实,栀子,芡实,60,11,60,11,20,4.454545454545454,1,64.54545454545455,False,False,"[{""gene"": ""AKT1"", ""grade"": ""important"", ""weight"": 2}, {""gene"": ""BCL2"", ""grade"": ""normal"", ""weight"": 1}, {""gene"": ""CASP3"", ""grade"": ""important"", ""weight"": 2}, {""gene"": ""CASP8"", ""grade"": ""important"", ""weight"": 2}, {""gene"": ""CYP1A2"", ""grade"": ""normal"", ""weight"": 1}, {""gene"": ""CYP3A4"", ""grade"": ""important"", ""weight"": 2}, {""gene"": ""HMOX1"", ""grade"": ""normal"", ""weight"": 1}, {""gene"": ""MMP1"", ""grade"": ""normal"", ""weight"": 1}, {""gene"": ""MMP2"", ""grade"": ""normal"", ""weight"": 1}, {""gene"": ""MYC"", ""grade"": ""important"", ""weight"": 2}, {""gene"": ""PTGS2"", ""grade"": ""core"", ""weight"": 5}]"
163,槐花__白扁豆,槐花,白扁豆,60,11,60,11,20,4.454545454545454,1,64.54545454545455,False,False,"[{""gene"": ""AKT1"", ""grade"": ""important"", ""weight"": 2}, {""gene"": ""BCL2"", ""grade"": ""normal"", ""weight"": 1}, {""gene"": ""CASP3"", ""grade"": ""important"", ""weight"": 2}, {""gene"": ""CASP8"", ""grade"": ""important"", ""weight"": 2}, {""gene"": ""CYP1A2"", ""grade"": ""normal"", ""weight"": 1}, {""gene"": ""CYP3A4"", ""grade"": ""important"", ""weight"": 2}, {""gene"": ""HMOX1"", ""grade"": ""normal"", ""weight"": 1}, {""gene"": ""MMP1"", ""grade"": ""normal"", ""weight"": 1}, {""gene"": ""MMP2"", ""grade"": ""normal"", ""weight"": 1}, {""gene"": ""MYC"", ""grade"": ""important"", ""weight"": 2}, {""gene"": ""PTGS2"", ""grade"": ""core"", ""weight"": 5}]"
164,槐花__芡实,槐花,芡实,60,11,60,11,20,4.454545454545454,1,64.54545454545455,False,False,"[{""gene"": ""AKT1"", ""grade"": ""important"", ""weight"": 2}, {""gene"": ""BCL2"", ""grade"": ""normal"", ""weight"": 1}, {""gene"": ""CASP3"", ""grade"": ""important"", ""weight"": 2}, {""gene"": ""CASP8"", ""grade"": ""important"", ""weight"": 2}, {""gene"": ""CYP1A2"", ""grade"": ""normal"", ""weight"": 1}, {""gene"": ""CYP3A4"", ""grade"": ""important"", ""weight"": 2}, {""gene"": ""HMOX1"", ""grade"": ""normal"", ""weight"": 1}, {""gene"": ""MMP1"", ""grade"": ""normal"", ""weight"": 1}, {""gene"": ""MMP2"", ""grade"": ""normal"", ""weight"": 1}, {""gene"": ""MYC"", ""grade"": ""important"", ""weight"": 2}, {""gene"": ""PTGS2"", ""grade"": ""core"", ""weight"": 5}]"
165,党参__葛根,党参,葛根,35,10,38,7,25,3.1,4,63.74999999999999,False,False,"[{""gene"": ""CASP3"", ""grade"": ""important"", ""weight"": 2}, {""gene"": ""IL4"", ""grade"": ""core"", ""weight"": 5}, {""gene"": ""NOS2"", ""grade"": ""core"", ""weight"": 5}, {""gene"": ""PPARG"", ""grade"": ""core"", ""weight"": 5}, {""gene"": ""PTGS1"", ""grade"": ""important"", ""weight"": 2}, {""gene"": ""PTGS2"", ""grade"": ""core"", ""weight"": 5}, {""gene"": ""SLC6A4"", ""grade"": ""normal"", ""weight"": 1}]"
166,党参__黄芩,党参,黄芩,35,27,47,15,40,1.1851851851851851,5,63.7037037037037,False,False,"[{""gene"": ""AKT1"", ""grade"": ""important"", ""weight"": 2}, {""gene"": ""CASP3"", ""grade"": ""important"", ""weight"": 2}, {""gene"": ""CCND1"", ""grade"": ""important"", ""weight"": 2}, {""gene"": ""CDKN1A"", ""grade"": ""normal"", ""weight"": 1}, {""gene"": ""IL6"", ""grade"": ""core"", ""weight"": 5}, {""gene"": ""MMP1"", ""grade"": ""normal"", ""weight"": 1}, {""gene"": ""MMP9"", ""grade"": ""important"", ""weight"": 2}, {""gene"": ""NOS2"", ""grade"": ""core"", ""weight"": 5}, {""gene"": ""PLAU"", ""grade"": ""normal"", ""weight"": 1}, {""gene"": ""PTGS1"", ""grade"": ""important"", ""weight"": 2}, {""gene"": ""PTGS2"", ""grade"": ""core"", ""weight"": 5}, {""gene"": ""RELA"", ""grade"": ""normal"", ""weight"": 1}, {""gene"": ""SLC6A4"", ""grade"": ""normal"", ""weight"": 1}, {""gene"": ""TNF"", ""grade"": ""core"", ""weight"": 5}, {""gene"": ""TP53"", ""grade"": ""core"", ""weight"": 5}]"
167,白扁豆__鱼腥草,白扁豆,鱼腥草,11,59,59,11,20,4.363636363636363,1,63.63636363636363,False,False,"[{""gene"": ""AKT1"", ""grade"": ""important"", ""weight"": 2}, {""gene"": ""BCL2"", ""grade"": ""normal"", ""weight"": 1}, {""gene"": ""CASP3"", ""grade"": ""important"", ""weight"": 2}, {""gene"": ""CASP8"", ""grade"": ""important"", ""weight"": 2}, {""gene"": ""CYP1A2"", ""grade"": ""normal"", ""weight"": 1}, {""gene"": ""CYP3A4"", ""grade"": ""important"", ""weight"": 2}, {""gene"": ""HMOX1"", ""grade"": ""normal"", ""weight"": 1}, {""gene"": ""MMP1"", ""grade"": ""normal"", ""weight"": 1}, {""gene"": ""MMP2"", ""grade"": ""normal"", ""weight"": 1}, {""gene"": ""MYC"", ""grade"": ""important"", ""weight"": 2}, {""gene"": ""PTGS2"", ""grade"": ""core"", ""weight"": 5}]"
168,芡实__鱼腥草,芡实,鱼腥草,11,59,59,11,20,4.363636363636363,1,63.63636363636363,False,False,"[{""gene"": ""AKT1"", ""grade"": ""important"", ""weight"": 2}, {""gene"": ""BCL2"", ""grade"": ""normal"", ""weight"": 1}, {""gene"": ""CASP3"", ""grade"": ""important"", ""weight"": 2}, {""gene"": ""CASP8"", ""grade"": ""important"", ""weight"": 2}, {""gene"": ""CYP1A2"", ""grade"": ""normal"", ""weight"": 1}, {""gene"": ""CYP3A4"", ""grade"": ""important"", ""weight"": 2}, {""gene"": ""HMOX1"", ""grade"": ""normal"", ""weight"": 1}, {""gene"": ""MMP1"", ""grade"": ""normal"", ""weight"": 1}, {""gene"": ""MMP2"", ""grade"": ""normal"", ""weight"": 1}, {""gene"": ""MYC"", ""grade"": ""important"", ""weight"": 2}, {""gene"": ""PTGS2"", ""grade"": ""core"", ""weight"": 5}]"
169,蒲公英__黄芩,蒲公英,黄芩,37,27,50,14,38,1.3333333333333333,5,63.33333333333333,False,False,"[{""gene"": ""BAX"", ""grade"": ""important"", ""weight"": 2}, {""gene"": ""BCL2"", ""grade"": ""normal"", ""weight"": 1}, {""gene"": ""CASP3"", ""grade"": ""important"", ""weight"": 2}, {""gene"": ""CASP8"", ""grade"": ""important"", ""weight"": 2}, {""gene"": ""CCL2"", ""grade"": ""normal"", ""weight"": 1}, {""gene"": ""IL6"", ""grade"": ""core"", ""weight"": 5}, {""gene"": ""MMP1"", ""grade"": ""normal"", ""weight"": 1}, {""gene"": ""NOS2"", ""grade"": ""core"", ""weight"": 5}, {""gene"": ""PTGS1"", ""grade"": ""important"", ""weight"": 2}, {""gene"": ""PTGS2"", ""grade"": ""core"", ""weight"": 5}, {""gene"": ""RELA"", ""grade"": ""normal"", ""weight"": 1}, {""gene"": ""SLC6A4"", ""grade"": ""normal"", ""weight"": 1}, {""gene"": ""TNF"", ""grade"": ""core"", ""weight"": 5}, {""gene"": ""TP53"", ""grade"": ""core"", ""weight"": 5}]"
170,党参__陈皮,党参,陈皮,35,18,42,11,31,1.7222222222222223,4,57.69444444444444,False,False,"[{""gene"": ""AKT1"", ""grade"": ""important"", ""weight"": 2}, {""gene"": ""CASP3"", ""grade"": ""important"", ""weight"": 2}, {""gene"": ""GSTP1"", ""grade"": ""normal"", ""weight"": 1}, {""gene"": ""MAPK1"", ""grade"": ""normal"", ""weight"": 1}, {""gene"": ""MMP9"", ""grade"": ""important"", ""weight"": 2}, {""gene"": ""NOS2"", ""grade"": ""core"", ""weight"": 5}, {""gene"": ""PPARG"", ""grade"": ""core"", ""weight"": 5}, {""gene"": ""PTGS1"", ""grade"": ""important"", ""weight"": 2}, {""gene"": ""PTGS2"", ""grade"": ""core"", ""weight"": 5}, {""gene"": ""RELA"", ""grade"": ""normal"", ""weight"": 1}, {""gene"": ""TP53"", ""grade"": ""core"", ""weight"": 5}]"
171,蒲公英__陈皮,蒲公英,陈皮,37,18,44,11,30,1.8333333333333333,4,57.49999999999999,False,False,"[{""gene"": ""BAX"", ""grade"": ""important"", ""weight"": 2}, {""gene"": ""BCL2"", ""grade"": ""normal"", ""weight"": 1}, {""gene"": ""CASP3"", ""grade"": ""important"", ""weight"": 2}, {""gene"": ""MAPK1"", ""grade"": ""normal"", ""weight"": 1}, {""gene"": ""MAPK3"", ""grade"": ""normal"", ""weight"": 1}, {""gene"": ""NOS2"", ""grade"": ""core"", ""weight"": 5}, {""gene"": ""PPARG"", ""grade"": ""core"", ""weight"": 5}, {""gene"": ""PTGS1"", ""grade"": ""important"", ""weight"": 2}, {""gene"": ""PTGS2"", ""grade"": ""core"", ""weight"": 5}, {""gene"": ""RELA"", ""grade"": ""normal"", ""weight"": 1}, {""gene"": ""TP53"", ""grade"": ""core"", ""weight"": 5}]"
172,肉豆蔻__蒲公英,肉豆蔻,蒲公英,8,37,37,8,20,3.625,2,56.25,False,False,"[{""gene"": ""BAX"", ""grade"": ""important"", ""weight"": 2}, {""gene"": ""BCL2"", ""grade"": ""normal"", ""weight"": 1}, {""gene"": ""CASP3"", ""grade"": ""important"", ""weight"": 2}, {""gene"": ""CASP8"", ""grade"": ""important"", ""weight"": 2}, {""gene"": ""NOS2"", ""grade"": ""core"", ""weight"": 5}, {""gene"": ""PTGS1"", ""grade"": ""important"", ""weight"": 2}, {""gene"": ""PTGS2"", ""grade"": ""core"", ""weight"": 5}, {""gene"": ""SLC6A4"", ""grade"": ""normal"", ""weight"": 1}]"
173,茯苓__黄芩,茯苓,黄芩,2,27,27,2,7,12.5,1,50.75,False,False,"[{""gene"": ""PTGS1"", ""grade"": ""important"", ""weight"": 2}, {""gene"": ""PTGS2"", ""grade"": ""core"", ""weight"": 5}]"
174,党参__姜黄,党参,姜黄,35,3,35,3,8,10.666666666666666,1,50.666666666666664,False,False,"[{""gene"": ""PLAU"", ""grade"": ""normal"", ""weight"": 1}, {""gene"": ""PTGS1"", ""grade"": ""important"", ""weight"": 2}, {""gene"": ""PTGS2"", ""grade"": ""core"", ""weight"": 5}]"
175,党参__薏苡仁,党参,薏苡仁,35,3,35,3,8,10.666666666666666,1,50.666666666666664,False,False,"[{""gene"": ""PLAU"", ""grade"": ""normal"", ""weight"": 1}, {""gene"": ""PTGS1"", ""grade"": ""important"", ""weight"": 2}, {""gene"": ""PTGS2"", ""grade"": ""core"", ""weight"": 5}]"
176,姜黄__蒲公英,姜黄,蒲公英,3,37,38,2,7,12.0,1,49.0,False,False,"[{""gene"": ""PTGS1"", ""grade"": ""important"", ""weight"": 2}, {""gene"": ""PTGS2"", ""grade"": ""core"", ""weight"": 5}]"
177,蒲公英__薏苡仁,蒲公英,薏苡仁,37,3,38,2,7,12.0,1,49.0,False,False,"[{""gene"": ""PTGS1"", ""grade"": ""important"", ""weight"": 2}, {""gene"": ""PTGS2"", ""grade"": ""core"", ""weight"": 5}]"
178,党参__山药,党参,山药,35,15,40,10,24,2.0,3,48.0,False,False,"[{""gene"": ""AKT1"", ""grade"": ""important"", ""weight"": 2}, {""gene"": ""CDKN1A"", ""grade"": ""normal"", ""weight"": 1}, {""gene"": ""NOS2"", ""grade"": ""core"", ""weight"": 5}, {""gene"": ""NR3C1"", ""grade"": ""normal"", ""weight"": 1}, {""gene"": ""PLAU"", ""grade"": ""normal"", ""weight"": 1}, {""gene"": ""PTGS1"", ""grade"": ""important"", ""weight"": 2}, {""gene"": ""PTGS2"", ""grade"": ""core"", ""weight"": 5}, {""gene"": ""RELA"", ""grade"": ""normal"", ""weight"": 1}, {""gene"": ""SLC6A4"", ""grade"": ""normal"", ""weight"": 1}, {""gene"": ""TP53"", ""grade"": ""core"", ""weight"": 5}]"
179,甘草__莲子,甘草,莲子,67,20,75,12,18,3.15,0,46.35,False,False,"[{""gene"": ""ABCG2"", ""grade"": ""normal"", ""weight"": 1}, {""gene"": ""AHR"", ""grade"": ""normal"", ""weight"": 1}, {""gene"": ""ALOX5"", ""grade"": ""normal"", ""weight"": 1}, {""gene"": ""CASP3"", ""grade"": ""important"", ""weight"": 2}, {""gene"": ""CYP3A4"", ""grade"": ""important"", ""weight"": 2}, {""gene"": ""EGFR"", ""grade"": ""important"", ""weight"": 2}, {""gene"": ""HIF1A"", ""grade"": ""important"", ""weight"": 2}, {""gene"": ""KDR"", ""grade"": ""normal"", ""weight"": 1}, {""gene"": ""MMP9"", ""grade"": ""important"", ""weight"": 2}, {""gene"": ""MPO"", ""grade"": ""important"", ""weight"": 2}, {""gene"": ""PLAU"", ""grade"": ""normal"", ""weight"": 1}, {""gene"": ""SLC6A4"", ""grade"": ""normal"", ""weight"": 1}]"
180,莲子__黄芪,莲子,黄芪,20,63,70,13,19,2.85,0,46.074999999999996,False,False,"[{""gene"": ""ABCG2"", ""grade"": ""normal"", ""weight"": 1}, {""gene"": ""AHR"", ""grade"": ""normal"", ""weight"": 1}, {""gene"": ""ALOX5"", ""grade"": ""normal"", ""weight"": 1}, {""gene"": ""CASP3"", ""grade"": ""important"", ""weight"": 2}, {""gene"": ""CYP3A4"", ""grade"": ""important"", ""weight"": 2}, {""gene"": ""EGFR"", ""grade"": ""important"", ""weight"": 2}, {""gene"": ""HIF1A"", ""grade"": ""important"", ""weight"": 2}, {""gene"": ""KDR"", ""grade"": ""normal"", ""weight"": 1}, {""gene"": ""MET"", ""grade"": ""normal"", ""weight"": 1}, {""gene"": ""MMP9"", ""grade"": ""important"", ""weight"": 2}, {""gene"": ""MPO"", ""grade"": ""important"", ""weight"": 2}, {""gene"": ""PLAU"", ""grade"": ""normal"", ""weight"": 1}, {""gene"": ""SLC6A4"", ""grade"": ""normal"", ""weight"": 1}]"
181,党参__肉豆蔻,党参,肉豆蔻,35,8,38,5,15,4.125,2,45.9375,False,False,"[{""gene"": ""CASP3"", ""grade"": ""important"", ""weight"": 2}, {""gene"": ""NOS2"", ""grade"": ""core"", ""weight"": 5}, {""gene"": ""PTGS1"", ""grade"": ""important"", ""weight"": 2}, {""gene"": ""PTGS2"", ""grade"": ""core"", ""weight"": 5}, {""gene"": ""SLC6A4"", ""grade"": ""normal"", ""weight"": 1}]"
182,陈皮__黄芩,陈皮,黄芩,18,27,35,10,27,1.3888888888888888,3,45.75,False,False,"[{""gene"": ""AKT1"", ""grade"": ""important"", ""weight"": 2}, {""gene"": ""BAX"", ""grade"": ""important"", ""weight"": 2}, {""gene"": ""BCL2"", ""grade"": ""normal"", ""weight"": 1}, {""gene"": ""CASP3"", ""grade"": ""important"", ""weight"": 2}, {""gene"": ""MMP9"", ""grade"": ""important"", ""weight"": 2}, {""gene"": ""NOS2"", ""grade"": ""core"", ""weight"": 5}, {""gene"": ""PTGS1"", ""grade"": ""important"", ""weight"": 2}, {""gene"": ""PTGS2"", ""grade"": ""core"", ""weight"": 5}, {""gene"": ""RELA"", ""grade"": ""normal"", ""weight"": 1}, {""gene"": ""TP53"", ""grade"": ""core"", ""weight"": 5}]"
183,山药__蒲公英,山药,蒲公英,15,37,45,7,20,2.533333333333333,3,45.33333333333333,False,False,"[{""gene"": ""NOS2"", ""grade"": ""core"", ""weight"": 5}, {""gene"": ""NR3C1"", ""grade"": ""normal"", ""weight"": 1}, {""gene"": ""PTGS1"", ""grade"": ""important"", ""weight"": 2}, {""gene"": ""PTGS2"", ""grade"": ""core"", ""weight"": 5}, {""gene"": ""RELA"", ""grade"": ""normal"", ""weight"": 1}, {""gene"": ""SLC6A4"", ""grade"": ""normal"", ""weight"": 1}, {""gene"": ""TP53"", ""grade"": ""core"", ""weight"": 5}]"
184,石榴皮__莲子,石榴皮,莲子,64,20,72,12,18,3.0,0,45.0,False,False,"[{""gene"": ""ABCG2"", ""grade"": ""normal"", ""weight"": 1}, {""gene"": ""AHR"", ""grade"": ""normal"", ""weight"": 1}, {""gene"": ""ALOX5"", ""grade"": ""normal"", ""weight"": 1}, {""gene"": ""CASP3"", ""grade"": ""important"", ""weight"": 2}, {""gene"": ""CYP3A4"", ""grade"": ""important"", ""weight"": 2}, {""gene"": ""EGFR"", ""grade"": ""important"", ""weight"": 2}, {""gene"": ""HIF1A"", ""grade"": ""important"", ""weight"": 2}, {""gene"": ""MET"", ""grade"": ""normal"", ""weight"": 1}, {""gene"": ""MMP9"", ""grade"": ""important"", ""weight"": 2}, {""gene"": ""MPO"", ""grade"": ""important"", ""weight"": 2}, {""gene"": ""PLAU"", ""grade"": ""normal"", ""weight"": 1}, {""gene"": ""SLC6A4"", ""grade"": ""normal"", ""weight"": 1}]"
185,莲子__马齿苋,莲子,马齿苋,20,63,71,12,18,2.95,0,44.550000000000004,False,False,"[{""gene"": ""ABCG2"", ""grade"": ""normal"", ""weight"": 1}, {""gene"": ""AHR"", ""grade"": ""normal"", ""weight"": 1}, {""gene"": ""ALOX5"", ""grade"": ""normal"", ""weight"": 1}, {""gene"": ""CASP3"", ""grade"": ""important"", ""weight"": 2}, {""gene"": ""CYP3A4"", ""grade"": ""important"", ""weight"": 2}, {""gene"": ""EGFR"", ""grade"": ""important"", ""weight"": 2}, {""gene"": ""HIF1A"", ""grade"": ""important"", ""weight"": 2}, {""gene"": ""MET"", ""grade"": ""normal"", ""weight"": 1}, {""gene"": ""MMP9"", ""grade"": ""important"", ""weight"": 2}, {""gene"": ""MPO"", ""grade"": ""important"", ""weight"": 2}, {""gene"": ""PLAU"", ""grade"": ""normal"", ""weight"": 1}, {""gene"": ""SLC6A4"", ""grade"": ""normal"", ""weight"": 1}]"
186,生姜__蒲公英,生姜,蒲公英,8,37,38,7,15,3.875,1,44.0625,False,False,"[{""gene"": ""BAX"", ""grade"": ""important"", ""weight"": 2}, {""gene"": ""BCL2"", ""grade"": ""normal"", ""weight"": 1}, {""gene"": ""CASP3"", ""grade"": ""important"", ""weight"": 2}, {""gene"": ""CASP8"", ""grade"": ""important"", ""weight"": 2}, {""gene"": ""PTGS1"", ""grade"": ""important"", ""weight"": 2}, {""gene"": ""PTGS2"", ""grade"": ""core"", ""weight"": 5}, {""gene"": ""SLC6A4"", ""grade"": ""normal"", ""weight"": 1}]"
187,砂仁__蒲公英,砂仁,蒲公英,8,37,38,7,15,3.875,1,44.0625,False,False,"[{""gene"": ""BAX"", ""grade"": ""important"", ""weight"": 2}, {""gene"": ""BCL2"", ""grade"": ""normal"", ""weight"": 1}, {""gene"": ""CASP3"", ""grade"": ""important"", ""weight"": 2}, {""gene"": ""CASP8"", ""grade"": ""important"", ""weight"": 2}, {""gene"": ""PTGS1"", ""grade"": ""important"", ""weight"": 2}, {""gene"": ""PTGS2"", ""grade"": ""core"", ""weight"": 5}, {""gene"": ""SLC6A4"", ""grade"": ""normal"", ""weight"": 1}]"
188,肉豆蔻__黄芩,肉豆蔻,黄芩,8,27,27,8,20,2.375,2,43.75,False,False,"[{""gene"": ""BAX"", ""grade"": ""important"", ""weight"": 2}, {""gene"": ""BCL2"", ""grade"": ""normal"", ""weight"": 1}, {""gene"": ""CASP3"", ""grade"": ""important"", ""weight"": 2}, {""gene"": ""CASP8"", ""grade"": ""important"", ""weight"": 2}, {""gene"": ""NOS2"", ""grade"": ""core"", ""weight"": 5}, {""gene"": ""PTGS1"", ""grade"": ""important"", ""weight"": 2}, {""gene"": ""PTGS2"", ""grade"": ""core"", ""weight"": 5}, {""gene"": ""SLC6A4"", ""grade"": ""normal"", ""weight"": 1}]"
189,大枣__莲子,大枣,莲子,61,20,69,12,18,2.85,0,43.65,False,False,"[{""gene"": ""ABCG2"", ""grade"": ""normal"", ""weight"": 1}, {""gene"": ""AHR"", ""grade"": ""normal"", ""weight"": 1}, {""gene"": ""ALOX5"", ""grade"": ""normal"", ""weight"": 1}, {""gene"": ""CASP3"", ""grade"": ""important"", ""weight"": 2}, {""gene"": ""CYP3A4"", ""grade"": ""important"", ""weight"": 2}, {""gene"": ""EGFR"", ""grade"": ""important"", ""weight"": 2}, {""gene"": ""HIF1A"", ""grade"": ""important"", ""weight"": 2}, {""gene"": ""KDR"", ""grade"": ""normal"", ""weight"": 1}, {""gene"": ""MMP9"", ""grade"": ""important"", ""weight"": 2}, {""gene"": ""MPO"", ""grade"": ""important"", ""weight"": 2}, {""gene"": ""PLAU"", ""grade"": ""normal"", ""weight"": 1}, {""gene"": ""SLC6A4"", ""grade"": ""normal"", ""weight"": 1}]"
190,山药__黄芩,山药,黄芩,15,27,32,10,25,1.4666666666666666,3,43.333333333333336,False,False,"[{""gene"": ""AKT1"", ""grade"": ""important"", ""weight"": 2}, {""gene"": ""CDKN1A"", ""grade"": ""normal"", ""weight"": 1}, {""gene"": ""HIF1A"", ""grade"": ""important"", ""weight"": 2}, {""gene"": ""NOS2"", ""grade"": ""core"", ""weight"": 5}, {""gene"": ""PLAU"", ""grade"": ""normal"", ""weight"": 1}, {""gene"": ""PTGS1"", ""grade"": ""important"", ""weight"": 2}, {""gene"": ""PTGS2"", ""grade"": ""core"", ""weight"": 5}, {""gene"": ""RELA"", ""grade"": ""normal"", ""weight"": 1}, {""gene"": ""SLC6A4"", ""grade"": ""normal"", ""weight"": 1}, {""gene"": ""TP53"", ""grade"": ""core"", ""weight"": 5}]"
191,乌梅__莲子,乌梅,莲子,61,20,70,11,17,2.95,0,42.075,False,False,"[{""gene"": ""ABCG2"", ""grade"": ""normal"", ""weight"": 1}, {""gene"": ""AHR"", ""grade"": ""normal"", ""weight"": 1}, {""gene"": ""ALOX5"", ""grade"": ""normal"", ""weight"": 1}, {""gene"": ""CASP3"", ""grade"": ""important"", ""weight"": 2}, {""gene"": ""CYP3A4"", ""grade"": ""important"", ""weight"": 2}, {""gene"": ""EGFR"", ""grade"": ""important"", ""weight"": 2}, {""gene"": ""HIF1A"", ""grade"": ""important"", ""weight"": 2}, {""gene"": ""MMP9"", ""grade"": ""important"", ""weight"": 2}, {""gene"": ""MPO"", ""grade"": ""important"", ""weight"": 2}, {""gene"": ""PLAU"", ""grade"": ""normal"", ""weight"": 1}, {""gene"": ""SLC6A4"", ""grade"": ""normal"", ""weight"": 1}]"
192,栀子__莲子,栀子,莲子,60,20,69,11,17,2.9,0,41.650000000000006,False,False,"[{""gene"": ""ABCG2"", ""grade"": ""normal"", ""weight"": 1}, {""gene"": ""AHR"", ""grade"": ""normal"", ""weight"": 1}, {""gene"": ""ALOX5"", ""grade"": ""normal"", ""weight"": 1}, {""gene"": ""CASP3"", ""grade"": ""important"", ""weight"": 2}, {""gene"": ""CYP3A4"", ""grade"": ""important"", ""weight"": 2}, {""gene"": ""EGFR"", ""grade"": ""important"", ""weight"": 2}, {""gene"": ""HIF1A"", ""grade"": ""important"", ""weight"": 2}, {""gene"": ""MMP9"", ""grade"": ""important"", ""weight"": 2}, {""gene"": ""MPO"", ""grade"": ""important"", ""weight"": 2}, {""gene"": ""PLAU"", ""grade"": ""normal"", ""weight"": 1}, {""gene"": ""SLC6A4"", ""grade"": ""normal"", ""weight"": 1}]"
193,槐花__莲子,槐花,莲子,60,20,69,11,17,2.9,0,41.650000000000006,False,False,"[{""gene"": ""ABCG2"", ""grade"": ""normal"", ""weight"": 1}, {""gene"": ""AHR"", ""grade"": ""normal"", ""weight"": 1}, {""gene"": ""ALOX5"", ""grade"": ""normal"", ""weight"": 1}, {""gene"": ""CASP3"", ""grade"": ""important"", ""weight"": 2}, {""gene"": ""CYP3A4"", ""grade"": ""important"", ""weight"": 2}, {""gene"": ""EGFR"", ""grade"": ""important"", ""weight"": 2}, {""gene"": ""HIF1A"", ""grade"": ""important"", ""weight"": 2}, {""gene"": ""MMP9"", ""grade"": ""important"", ""weight"": 2}, {""gene"": ""MPO"", ""grade"": ""important"", ""weight"": 2}, {""gene"": ""PLAU"", ""grade"": ""normal"", ""weight"": 1}, {""gene"": ""SLC6A4"", ""grade"": ""normal"", ""weight"": 1}]"
194,葛根__黄芩,葛根,黄芩,10,27,29,8,20,2.1,2,41.0,False,False,"[{""gene"": ""BAX"", ""grade"": ""important"", ""weight"": 2}, {""gene"": ""BCL2"", ""grade"": ""normal"", ""weight"": 1}, {""gene"": ""CASP3"", ""grade"": ""important"", ""weight"": 2}, {""gene"": ""CASP8"", ""grade"": ""important"", ""weight"": 2}, {""gene"": ""NOS2"", ""grade"": ""core"", ""weight"": 5}, {""gene"": ""PTGS1"", ""grade"": ""important"", ""weight"": 2}, {""gene"": ""PTGS2"", ""grade"": ""core"", ""weight"": 5}, {""gene"": ""SLC6A4"", ""grade"": ""normal"", ""weight"": 1}]"
195,姜黄__黄芩,姜黄,黄芩,3,27,27,3,8,8.0,1,40.0,False,False,"[{""gene"": ""PLAU"", ""grade"": ""normal"", ""weight"": 1}, {""gene"": ""PTGS1"", ""grade"": ""important"", ""weight"": 2}, {""gene"": ""PTGS2"", ""grade"": ""core"", ""weight"": 5}]"
196,薏苡仁__黄芩,薏苡仁,黄芩,3,27,27,3,8,8.0,1,40.0,False,False,"[{""gene"": ""PLAU"", ""grade"": ""normal"", ""weight"": 1}, {""gene"": ""PTGS1"", ""grade"": ""important"", ""weight"": 2}, {""gene"": ""PTGS2"", ""grade"": ""core"", ""weight"": 5}]"
197,莲子__鱼腥草,莲子,鱼腥草,20,59,69,10,16,2.95,0,39.6,False,False,"[{""gene"": ""ABCG2"", ""grade"": ""normal"", ""weight"": 1}, {""gene"": ""AHR"", ""grade"": ""normal"", ""weight"": 1}, {""gene"": ""ALOX5"", ""grade"": ""normal"", ""weight"": 1}, {""gene"": ""CASP3"", ""grade"": ""important"", ""weight"": 2}, {""gene"": ""CYP3A4"", ""grade"": ""important"", ""weight"": 2}, {""gene"": ""EGFR"", ""grade"": ""important"", ""weight"": 2}, {""gene"": ""HIF1A"", ""grade"": ""important"", ""weight"": 2}, {""gene"": ""MMP9"", ""grade"": ""important"", ""weight"": 2}, {""gene"": ""MPO"", ""grade"": ""important"", ""weight"": 2}, {""gene"": ""PLAU"", ""grade"": ""normal"", ""weight"": 1}]"
198,葛根__陈皮,葛根,陈皮,10,18,21,7,22,1.4,3,37.4,False,False,"[{""gene"": ""BAX"", ""grade"": ""important"", ""weight"": 2}, {""gene"": ""BCL2"", ""grade"": ""normal"", ""weight"": 1}, {""gene"": ""CASP3"", ""grade"": ""important"", ""weight"": 2}, {""gene"": ""NOS2"", ""grade"": ""core"", ""weight"": 5}, {""gene"": ""PPARG"", ""grade"": ""core"", ""weight"": 5}, {""gene"": ""PTGS1"", ""grade"": ""important"", ""weight"": 2}, {""gene"": ""PTGS2"", ""grade"": ""core"", ""weight"": 5}]"
199,生姜__黄芩,生姜,黄芩,8,27,27,8,16,2.375,1,35.0,False,False,"[{""gene"": ""BAX"", ""grade"": ""important"", ""weight"": 2}, {""gene"": ""BCL2"", ""grade"": ""normal"", ""weight"": 1}, {""gene"": ""CASP3"", ""grade"": ""important"", ""weight"": 2}, {""gene"": ""CASP8"", ""grade"": ""important"", ""weight"": 2}, {""gene"": ""PLAU"", ""grade"": ""normal"", ""weight"": 1}, {""gene"": ""PTGS1"", ""grade"": ""important"", ""weight"": 2}, {""gene"": ""PTGS2"", ""grade"": ""core"", ""weight"": 5}, {""gene"": ""SLC6A4"", ""grade"": ""normal"", ""weight"": 1}]"
200,砂仁__黄芩,砂仁,黄芩,8,27,27,8,16,2.375,1,35.0,False,False,"[{""gene"": ""BAX"", ""grade"": ""important"", ""weight"": 2}, {""gene"": ""BCL2"", ""grade"": ""normal"", ""weight"": 1}, {""gene"": ""CASP3"", ""grade"": ""important"", ""weight"": 2}, {""gene"": ""CASP8"", ""grade"": ""important"", ""weight"": 2}, {""gene"": ""PLAU"", ""grade"": ""normal"", ""weight"": 1}, {""gene"": ""PTGS1"", ""grade"": ""important"", ""weight"": 2}, {""gene"": ""PTGS2"", ""grade"": ""core"", ""weight"": 5}, {""gene"": ""SLC6A4"", ""grade"": ""normal"", ""weight"": 1}]"
201,茯苓__陈皮,茯苓,陈皮,2,18,18,2,7,8.0,1,35.0,False,False,"[{""gene"": ""PTGS1"", ""grade"": ""important"", ""weight"": 2}, {""gene"": ""PTGS2"", ""grade"": ""core"", ""weight"": 5}]"
202,山药__陈皮,山药,陈皮,15,18,26,7,21,1.2666666666666666,3,34.3,False,False,"[{""gene"": ""AKT1"", ""grade"": ""important"", ""weight"": 2}, {""gene"": ""CAT"", ""grade"": ""normal"", ""weight"": 1}, {""gene"": ""NOS2"", ""grade"": ""core"", ""weight"": 5}, {""gene"": ""PTGS1"", ""grade"": ""important"", ""weight"": 2}, {""gene"": ""PTGS2"", ""grade"": ""core"", ""weight"": 5}, {""gene"": ""RELA"", ""grade"": ""normal"", ""weight"": 1}, {""gene"": ""TP53"", ""grade"": ""core"", ""weight"": 5}]"
203,白扁豆__蒲公英,白扁豆,蒲公英,11,37,42,6,13,3.272727272727273,1,34.27272727272728,False,False,"[{""gene"": ""BCL2"", ""grade"": ""normal"", ""weight"": 1}, {""gene"": ""CASP3"", ""grade"": ""important"", ""weight"": 2}, {""gene"": ""CASP8"", ""grade"": ""important"", ""weight"": 2}, {""gene"": ""MMP1"", ""grade"": ""normal"", ""weight"": 1}, {""gene"": ""MYC"", ""grade"": ""important"", ""weight"": 2}, {""gene"": ""PTGS2"", ""grade"": ""core"", ""weight"": 5}]"
204,芡实__蒲公英,芡实,蒲公英,11,37,42,6,13,3.272727272727273,1,34.27272727272728,False,False,"[{""gene"": ""BCL2"", ""grade"": ""normal"", ""weight"": 1}, {""gene"": ""CASP3"", ""grade"": ""important"", ""weight"": 2}, {""gene"": ""CASP8"", ""grade"": ""important"", ""weight"": 2}, {""gene"": ""MMP1"", ""grade"": ""normal"", ""weight"": 1}, {""gene"": ""MYC"", ""grade"": ""important"", ""weight"": 2}, {""gene"": ""PTGS2"", ""grade"": ""core"", ""weight"": 5}]"
205,党参__生姜,党参,生姜,35,8,38,5,11,4.125,1,33.6875,False,False,"[{""gene"": ""CASP3"", ""grade"": ""important"", ""weight"": 2}, {""gene"": ""PLAU"", ""grade"": ""normal"", ""weight"": 1}, {""gene"": ""PTGS1"", ""grade"": ""important"", ""weight"": 2}, {""gene"": ""PTGS2"", ""grade"": ""core"", ""weight"": 5}, {""gene"": ""SLC6A4"", ""grade"": ""normal"", ""weight"": 1}]"
206,党参__砂仁,党参,砂仁,35,8,38,5,11,4.125,1,33.6875,False,False,"[{""gene"": ""CASP3"", ""grade"": ""important"", ""weight"": 2}, {""gene"": ""PLAU"", ""grade"": ""normal"", ""weight"": 1}, {""gene"": ""PTGS1"", ""grade"": ""important"", ""weight"": 2}, {""gene"": ""PTGS2"", ""grade"": ""core"", ""weight"": 5}, {""gene"": ""SLC6A4"", ""grade"": ""normal"", ""weight"": 1}]"
207,肉豆蔻__陈皮,肉豆蔻,陈皮,8,18,20,6,17,1.75,2,31.875,False,False,"[{""gene"": ""BAX"", ""grade"": ""important"", ""weight"": 2}, {""gene"": ""BCL2"", ""grade"": ""normal"", ""weight"": 1}, {""gene"": ""CASP3"", ""grade"": ""important"", ""weight"": 2}, {""gene"": ""NOS2"", ""grade"": ""core"", ""weight"": 5}, {""gene"": ""PTGS1"", ""grade"": ""important"", ""weight"": 2}, {""gene"": ""PTGS2"", ""grade"": ""core"", ""weight"": 5}]"
208,党参__白扁豆,党参,白扁豆,35,11,40,6,12,3.090909090909091,1,30.545454545454547,False,False,"[{""gene"": ""AKT1"", ""grade"": ""important"", ""weight"": 2}, {""gene"": ""CASP3"", ""grade"": ""important"", ""weight"": 2}, {""gene"": ""HMOX1"", ""grade"": ""normal"", ""weight"": 1}, {""gene"": ""MMP1"", ""grade"": ""normal"", ""weight"": 1}, {""gene"": ""MMP2"", ""grade"": ""normal"", ""weight"": 1}, {""gene"": ""PTGS2"", ""grade"": ""core"", ""weight"": 5}]"
209,党参__芡实,党参,芡实,35,11,40,6,12,3.090909090909091,1,30.545454545454547,False,False,"[{""gene"": ""AKT1"", ""grade"": ""important"", ""weight"": 2}, {""gene"": ""CASP3"", ""grade"": ""important"", ""weight"": 2}, {""gene"": ""HMOX1"", ""grade"": ""normal"", ""weight"": 1}, {""gene"": ""MMP1"", ""grade"": ""normal"", ""weight"": 1}, {""gene"": ""MMP2"", ""grade"": ""normal"", ""weight"": 1}, {""gene"": ""PTGS2"", ""grade"": ""core"", ""weight"": 5}]"
210,山药__茯苓,山药,茯苓,15,2,15,2,7,6.5,1,29.75,False,False,"[{""gene"": ""PTGS1"", ""grade"": ""important"", ""weight"": 2}, {""gene"": ""PTGS2"", ""grade"": ""core"", ""weight"": 5}]"
211,白扁豆__黄芩,白扁豆,黄芩,11,27,31,7,14,2.1818181818181817,1,29.272727272727273,False,False,"[{""gene"": ""AKT1"", ""grade"": ""important"", ""weight"": 2}, {""gene"": ""BCL2"", ""grade"": ""normal"", ""weight"": 1}, {""gene"": ""CASP3"", ""grade"": ""important"", ""weight"": 2}, {""gene"": ""CASP8"", ""grade"": ""important"", ""weight"": 2}, {""gene"": ""CYP1A2"", ""grade"": ""normal"", ""weight"": 1}, {""gene"": ""MMP1"", ""grade"": ""normal"", ""weight"": 1}, {""gene"": ""PTGS2"", ""grade"": ""core"", ""weight"": 5}]"
212,芡实__黄芩,芡实,黄芩,11,27,31,7,14,2.1818181818181817,1,29.272727272727273,False,False,"[{""gene"": ""AKT1"", ""grade"": ""important"", ""weight"": 2}, {""gene"": ""BCL2"", ""grade"": ""normal"", ""weight"": 1}, {""gene"": ""CASP3"", ""grade"": ""important"", ""weight"": 2}, {""gene"": ""CASP8"", ""grade"": ""important"", ""weight"": 2}, {""gene"": ""CYP1A2"", ""grade"": ""normal"", ""weight"": 1}, {""gene"": ""MMP1"", ""grade"": ""normal"", ""weight"": 1}, {""gene"": ""PTGS2"", ""grade"": ""core"", ""weight"": 5}]"
213,姜黄__陈皮,姜黄,陈皮,3,18,19,2,7,5.666666666666667,1,26.833333333333336,False,False,"[{""gene"": ""PTGS1"", ""grade"": ""important"", ""weight"": 2}, {""gene"": ""PTGS2"", ""grade"": ""core"", ""weight"": 5}]"
214,薏苡仁__陈皮,薏苡仁,陈皮,3,18,19,2,7,5.666666666666667,1,26.833333333333336,False,False,"[{""gene"": ""PTGS1"", ""grade"": ""important"", ""weight"": 2}, {""gene"": ""PTGS2"", ""grade"": ""core"", ""weight"": 5}]"
215,山药__肉豆蔻,山药,肉豆蔻,15,8,19,4,13,1.875,2,25.1875,False,False,"[{""gene"": ""NOS2"", ""grade"": ""core"", ""weight"": 5}, {""gene"": ""PTGS1"", ""grade"": ""important"", ""weight"": 2}, {""gene"": ""PTGS2"", ""grade"": ""core"", ""weight"": 5}, {""gene"": ""SLC6A4"", ""grade"": ""normal"", ""weight"": 1}]"
216,山药__葛根,山药,葛根,15,10,21,4,13,1.7,2,24.05,False,False,"[{""gene"": ""NOS2"", ""grade"": ""core"", ""weight"": 5}, {""gene"": ""PTGS1"", ""grade"": ""important"", ""weight"": 2}, {""gene"": ""PTGS2"", ""grade"": ""core"", ""weight"": 5}, {""gene"": ""SLC6A4"", ""grade"": ""normal"", ""weight"": 1}]"
217,姜黄__山药,姜黄,山药,3,15,15,3,8,4.0,1,24.0,False,False,"[{""gene"": ""PLAU"", ""grade"": ""normal"", ""weight"": 1}, {""gene"": ""PTGS1"", ""grade"": ""important"", ""weight"": 2}, {""gene"": ""PTGS2"", ""grade"": ""core"", ""weight"": 5}]"
218,山药__薏苡仁,山药,薏苡仁,15,3,15,3,8,4.0,1,24.0,False,False,"[{""gene"": ""PLAU"", ""grade"": ""normal"", ""weight"": 1}, {""gene"": ""PTGS1"", ""grade"": ""important"", ""weight"": 2}, {""gene"": ""PTGS2"", ""grade"": ""core"", ""weight"": 5}]"
219,生姜__陈皮,生姜,陈皮,8,18,21,5,12,2.0,1,24.0,False,False,"[{""gene"": ""BAX"", ""grade"": ""important"", ""weight"": 2}, {""gene"": ""BCL2"", ""grade"": ""normal"", ""weight"": 1}, {""gene"": ""CASP3"", ""grade"": ""important"", ""weight"": 2}, {""gene"": ""PTGS1"", ""grade"": ""important"", ""weight"": 2}, {""gene"": ""PTGS2"", ""grade"": ""core"", ""weight"": 5}]"
220,砂仁__陈皮,砂仁,陈皮,8,18,21,5,12,2.0,1,24.0,False,False,"[{""gene"": ""BAX"", ""grade"": ""important"", ""weight"": 2}, {""gene"": ""BCL2"", ""grade"": ""normal"", ""weight"": 1}, {""gene"": ""CASP3"", ""grade"": ""important"", ""weight"": 2}, {""gene"": ""PTGS1"", ""grade"": ""important"", ""weight"": 2}, {""gene"": ""PTGS2"", ""grade"": ""core"", ""weight"": 5}]"
221,肉豆蔻__葛根,肉豆蔻,葛根,8,10,10,8,20,0.25,2,22.5,False,False,"[{""gene"": ""BAX"", ""grade"": ""important"", ""weight"": 2}, {""gene"": ""BCL2"", ""grade"": ""normal"", ""weight"": 1}, {""gene"": ""CASP3"", ""grade"": ""important"", ""weight"": 2}, {""gene"": ""CASP8"", ""grade"": ""important"", ""weight"": 2}, {""gene"": ""NOS2"", ""grade"": ""core"", ""weight"": 5}, {""gene"": ""PTGS1"", ""grade"": ""important"", ""weight"": 2}, {""gene"": ""PTGS2"", ""grade"": ""core"", ""weight"": 5}, {""gene"": ""SLC6A4"", ""grade"": ""normal"", ""weight"": 1}]"
222,莲子__黄芩,莲子,黄芩,20,27,39,8,12,1.55,0,21.299999999999997,False,False,"[{""gene"": ""AHR"", ""grade"": ""normal"", ""weight"": 1}, {""gene"": ""CASP3"", ""grade"": ""important"", ""weight"": 2}, {""gene"": ""HIF1A"", ""grade"": ""important"", ""weight"": 2}, {""gene"": ""KDR"", ""grade"": ""normal"", ""weight"": 1}, {""gene"": ""MMP9"", ""grade"": ""important"", ""weight"": 2}, {""gene"": ""MPO"", ""grade"": ""important"", ""weight"": 2}, {""gene"": ""PLAU"", ""grade"": ""normal"", ""weight"": 1}, {""gene"": ""SLC6A4"", ""grade"": ""normal"", ""weight"": 1}]"
223,茯苓__葛根,茯苓,葛根,2,10,10,2,7,4.0,1,21.0,False,False,"[{""gene"": ""PTGS1"", ""grade"": ""important"", ""weight"": 2}, {""gene"": ""PTGS2"", ""grade"": ""core"", ""weight"": 5}]"
224,白扁豆__芡实,白扁豆,芡实,11,11,11,11,20,0.0,1,20.0,False,False,"[{""gene"": ""AKT1"", ""grade"": ""important"", ""weight"": 2}, {""gene"": ""BCL2"", ""grade"": ""normal"", ""weight"": 1}, {""gene"": ""CASP3"", ""grade"": ""important"", ""weight"": 2}, {""gene"": ""CASP8"", ""grade"": ""important"", ""weight"": 2}, {""gene"": ""CYP1A2"", ""grade"": ""normal"", ""weight"": 1}, {""gene"": ""CYP3A4"", ""grade"": ""important"", ""weight"": 2}, {""gene"": ""HMOX1"", ""grade"": ""normal"", ""weight"": 1}, {""gene"": ""MMP1"", ""grade"": ""normal"", ""weight"": 1}, {""gene"": ""MMP2"", ""grade"": ""normal"", ""weight"": 1}, {""gene"": ""MYC"", ""grade"": ""important"", ""weight"": 2}, {""gene"": ""PTGS2"", ""grade"": ""core"", ""weight"": 5}]"
225,白扁豆__陈皮,白扁豆,陈皮,11,18,25,4,10,1.9090909090909092,1,19.545454545454547,False,False,"[{""gene"": ""AKT1"", ""grade"": ""important"", ""weight"": 2}, {""gene"": ""BCL2"", ""grade"": ""normal"", ""weight"": 1}, {""gene"": ""CASP3"", ""grade"": ""important"", ""weight"": 2}, {""gene"": ""PTGS2"", ""grade"": ""core"", ""weight"": 5}]"
226,芡实__陈皮,芡实,陈皮,11,18,25,4,10,1.9090909090909092,1,19.545454545454547,False,False,"[{""gene"": ""AKT1"", ""grade"": ""important"", ""weight"": 2}, {""gene"": ""BCL2"", ""grade"": ""normal"", ""weight"": 1}, {""gene"": ""CASP3"", ""grade"": ""important"", ""weight"": 2}, {""gene"": ""PTGS2"", ""grade"": ""core"", ""weight"": 5}]"
227,生姜__葛根,生姜,葛根,8,10,11,7,15,0.5,1,18.75,False,False,"[{""gene"": ""BAX"", ""grade"": ""important"", ""weight"": 2}, {""gene"": ""BCL2"", ""grade"": ""normal"", ""weight"": 1}, {""gene"": ""CASP3"", ""grade"": ""important"", ""weight"": 2}, {""gene"": ""CASP8"", ""grade"": ""important"", ""weight"": 2}, {""gene"": ""PTGS1"", ""grade"": ""important"", ""weight"": 2}, {""gene"": ""PTGS2"", ""grade"": ""core"", ""weight"": 5}, {""gene"": ""SLC6A4"", ""grade"": ""normal"", ""weight"": 1}]"
228,白扁豆__茯苓,白扁豆,茯苓,11,2,12,1,5,5.5,1,18.75,False,False,"[{""gene"": ""PTGS2"", ""grade"": ""core"", ""weight"": 5}]"
229,砂仁__葛根,砂仁,葛根,8,10,11,7,15,0.5,1,18.75,False,False,"[{""gene"": ""BAX"", ""grade"": ""important"", ""weight"": 2}, {""gene"": ""BCL2"", ""grade"": ""normal"", ""weight"": 1}, {""gene"": ""CASP3"", ""grade"": ""important"", ""weight"": 2}, {""gene"": ""CASP8"", ""grade"": ""important"", ""weight"": 2}, {""gene"": ""PTGS1"", ""grade"": ""important"", ""weight"": 2}, {""gene"": ""PTGS2"", ""grade"": ""core"", ""weight"": 5}, {""gene"": ""SLC6A4"", ""grade"": ""normal"", ""weight"": 1}]"
230,芡实__茯苓,芡实,茯苓,11,2,12,1,5,5.5,1,18.75,False,False,"[{""gene"": ""PTGS2"", ""grade"": ""core"", ""weight"": 5}]"
231,党参__莲子,党参,莲子,35,20,49,6,9,2.15,0,18.675,False,False,"[{""gene"": ""CASP3"", ""grade"": ""important"", ""weight"": 2}, {""gene"": ""EGFR"", ""grade"": ""important"", ""weight"": 2}, {""gene"": ""MET"", ""grade"": ""normal"", ""weight"": 1}, {""gene"": ""MMP9"", ""grade"": ""important"", ""weight"": 2}, {""gene"": ""PLAU"", ""grade"": ""normal"", ""weight"": 1}, {""gene"": ""SLC6A4"", ""grade"": ""normal"", ""weight"": 1}]"
232,姜黄__葛根,姜黄,葛根,3,10,11,2,7,3.0,1,17.5,False,False,"[{""gene"": ""PTGS1"", ""grade"": ""important"", ""weight"": 2}, {""gene"": ""PTGS2"", ""grade"": ""core"", ""weight"": 5}]"
233,生姜__茯苓,生姜,茯苓,8,2,8,2,7,3.0,1,17.5,False,False,"[{""gene"": ""PTGS1"", ""grade"": ""important"", ""weight"": 2}, {""gene"": ""PTGS2"", ""grade"": ""core"", ""weight"": 5}]"
234,砂仁__茯苓,砂仁,茯苓,8,2,8,2,7,3.0,1,17.5,False,False,"[{""gene"": ""PTGS1"", ""grade"": ""important"", ""weight"": 2}, {""gene"": ""PTGS2"", ""grade"": ""core"", ""weight"": 5}]"
235,肉豆蔻__茯苓,肉豆蔻,茯苓,8,2,8,2,7,3.0,1,17.5,False,False,"[{""gene"": ""PTGS1"", ""grade"": ""important"", ""weight"": 2}, {""gene"": ""PTGS2"", ""grade"": ""core"", ""weight"": 5}]"
236,葛根__薏苡仁,葛根,薏苡仁,10,3,11,2,7,3.0,1,17.5,False,False,"[{""gene"": ""PTGS1"", ""grade"": ""important"", ""weight"": 2}, {""gene"": ""PTGS2"", ""grade"": ""core"", ""weight"": 5}]"
237,山药__生姜,山药,生姜,15,8,19,4,9,1.875,1,17.4375,False,False,"[{""gene"": ""PLAU"", ""grade"": ""normal"", ""weight"": 1}, {""gene"": ""PTGS1"", ""grade"": ""important"", ""weight"": 2}, {""gene"": ""PTGS2"", ""grade"": ""core"", ""weight"": 5}, {""gene"": ""SLC6A4"", ""grade"": ""normal"", ""weight"": 1}]"
238,山药__砂仁,山药,砂仁,15,8,19,4,9,1.875,1,17.4375,False,False,"[{""gene"": ""PLAU"", ""grade"": ""normal"", ""weight"": 1}, {""gene"": ""PTGS1"", ""grade"": ""important"", ""weight"": 2}, {""gene"": ""PTGS2"", ""grade"": ""core"", ""weight"": 5}, {""gene"": ""SLC6A4"", ""grade"": ""normal"", ""weight"": 1}]"
239,生姜__白扁豆,生姜,白扁豆,8,11,15,4,10,1.375,1,16.875,False,False,"[{""gene"": ""BCL2"", ""grade"": ""normal"", ""weight"": 1}, {""gene"": ""CASP3"", ""grade"": ""important"", ""weight"": 2}, {""gene"": ""CASP8"", ""grade"": ""important"", ""weight"": 2}, {""gene"": ""PTGS2"", ""grade"": ""core"", ""weight"": 5}]"
240,生姜__肉豆蔻,生姜,肉豆蔻,8,8,9,7,15,0.25,1,16.875,False,False,"[{""gene"": ""BAX"", ""grade"": ""important"", ""weight"": 2}, {""gene"": ""BCL2"", ""grade"": ""normal"", ""weight"": 1}, {""gene"": ""CASP3"", ""grade"": ""important"", ""weight"": 2}, {""gene"": ""CASP8"", ""grade"": ""important"", ""weight"": 2}, {""gene"": ""PTGS1"", ""grade"": ""important"", ""weight"": 2}, {""gene"": ""PTGS2"", ""grade"": ""core"", ""weight"": 5}, {""gene"": ""SLC6A4"", ""grade"": ""normal"", ""weight"": 1}]"
241,生姜__芡实,生姜,芡实,8,11,15,4,10,1.375,1,16.875,False,False,"[{""gene"": ""BCL2"", ""grade"": ""normal"", ""weight"": 1}, {""gene"": ""CASP3"", ""grade"": ""important"", ""weight"": 2}, {""gene"": ""CASP8"", ""grade"": ""important"", ""weight"": 2}, {""gene"": ""PTGS2"", ""grade"": ""core"", ""weight"": 5}]"
242,白扁豆__砂仁,白扁豆,砂仁,11,8,15,4,10,1.375,1,16.875,False,False,"[{""gene"": ""BCL2"", ""grade"": ""normal"", ""weight"": 1}, {""gene"": ""CASP3"", ""grade"": ""important"", ""weight"": 2}, {""gene"": ""CASP8"", ""grade"": ""important"", ""weight"": 2}, {""gene"": ""PTGS2"", ""grade"": ""core"", ""weight"": 5}]"
243,白扁豆__肉豆蔻,白扁豆,肉豆蔻,11,8,15,4,10,1.375,1,16.875,False,False,"[{""gene"": ""BCL2"", ""grade"": ""normal"", ""weight"": 1}, {""gene"": ""CASP3"", ""grade"": ""important"", ""weight"": 2}, {""gene"": ""CASP8"", ""grade"": ""important"", ""weight"": 2}, {""gene"": ""PTGS2"", ""grade"": ""core"", ""weight"": 5}]"
244,砂仁__肉豆蔻,砂仁,肉豆蔻,8,8,9,7,15,0.25,1,16.875,False,False,"[{""gene"": ""BAX"", ""grade"": ""important"", ""weight"": 2}, {""gene"": ""BCL2"", ""grade"": ""normal"", ""weight"": 1}, {""gene"": ""CASP3"", ""grade"": ""important"", ""weight"": 2}, {""gene"": ""CASP8"", ""grade"": ""important"", ""weight"": 2}, {""gene"": ""PTGS1"", ""grade"": ""important"", ""weight"": 2}, {""gene"": ""PTGS2"", ""grade"": ""core"", ""weight"": 5}, {""gene"": ""SLC6A4"", ""grade"": ""normal"", ""weight"": 1}]"
245,砂仁__芡实,砂仁,芡实,8,11,15,4,10,1.375,1,16.875,False,False,"[{""gene"": ""BCL2"", ""grade"": ""normal"", ""weight"": 1}, {""gene"": ""CASP3"", ""grade"": ""important"", ""weight"": 2}, {""gene"": ""CASP8"", ""grade"": ""important"", ""weight"": 2}, {""gene"": ""PTGS2"", ""grade"": ""core"", ""weight"": 5}]"
246,肉豆蔻__芡实,肉豆蔻,芡实,8,11,15,4,10,1.375,1,16.875,False,False,"[{""gene"": ""BCL2"", ""grade"": ""normal"", ""weight"": 1}, {""gene"": ""CASP3"", ""grade"": ""important"", ""weight"": 2}, {""gene"": ""CASP8"", ""grade"": ""important"", ""weight"": 2}, {""gene"": ""PTGS2"", ""grade"": ""core"", ""weight"": 5}]"
247,白扁豆__葛根,白扁豆,葛根,11,10,17,4,10,1.3,1,16.5,False,False,"[{""gene"": ""BCL2"", ""grade"": ""normal"", ""weight"": 1}, {""gene"": ""CASP3"", ""grade"": ""important"", ""weight"": 2}, {""gene"": ""CASP8"", ""grade"": ""important"", ""weight"": 2}, {""gene"": ""PTGS2"", ""grade"": ""core"", ""weight"": 5}]"
248,芡实__葛根,芡实,葛根,11,10,17,4,10,1.3,1,16.5,False,False,"[{""gene"": ""BCL2"", ""grade"": ""normal"", ""weight"": 1}, {""gene"": ""CASP3"", ""grade"": ""important"", ""weight"": 2}, {""gene"": ""CASP8"", ""grade"": ""important"", ""weight"": 2}, {""gene"": ""PTGS2"", ""grade"": ""core"", ""weight"": 5}]"
249,生姜__砂仁,生姜,砂仁,8,8,8,8,16,0.0,1,16.0,False,False,"[{""gene"": ""BAX"", ""grade"": ""important"", ""weight"": 2}, {""gene"": ""BCL2"", ""grade"": ""normal"", ""weight"": 1}, {""gene"": ""CASP3"", ""grade"": ""important"", ""weight"": 2}, {""gene"": ""CASP8"", ""grade"": ""important"", ""weight"": 2}, {""gene"": ""PLAU"", ""grade"": ""normal"", ""weight"": 1}, {""gene"": ""PTGS1"", ""grade"": ""important"", ""weight"": 2}, {""gene"": ""PTGS2"", ""grade"": ""core"", ""weight"": 5}, {""gene"": ""SLC6A4"", ""grade"": ""normal"", ""weight"": 1}]"
250,姜黄__肉豆蔻,姜黄,肉豆蔻,3,8,9,2,7,2.3333333333333335,1,15.166666666666668,False,False,"[{""gene"": ""PTGS1"", ""grade"": ""important"", ""weight"": 2}, {""gene"": ""PTGS2"", ""grade"": ""core"", ""weight"": 5}]"
251,肉豆蔻__薏苡仁,肉豆蔻,薏苡仁,8,3,9,2,7,2.3333333333333335,1,15.166666666666668,False,False,"[{""gene"": ""PTGS1"", ""grade"": ""important"", ""weight"": 2}, {""gene"": ""PTGS2"", ""grade"": ""core"", ""weight"": 5}]"
252,姜黄__白扁豆,姜黄,白扁豆,3,11,13,1,5,4.0,1,15.0,False,False,"[{""gene"": ""PTGS2"", ""grade"": ""core"", ""weight"": 5}]"
253,姜黄__芡实,姜黄,芡实,3,11,13,1,5,4.0,1,15.0,False,False,"[{""gene"": ""PTGS2"", ""grade"": ""core"", ""weight"": 5}]"
254,白扁豆__薏苡仁,白扁豆,薏苡仁,11,3,13,1,5,4.0,1,15.0,False,False,"[{""gene"": ""PTGS2"", ""grade"": ""core"", ""weight"": 5}]"
255,芡实__薏苡仁,芡实,薏苡仁,11,3,13,1,5,4.0,1,15.0,False,False,"[{""gene"": ""PTGS2"", ""grade"": ""core"", ""weight"": 5}]"
256,姜黄__生姜,姜黄,生姜,3,8,8,3,8,1.6666666666666667,1,14.666666666666668,False,False,"[{""gene"": ""PLAU"", ""grade"": ""normal"", ""weight"": 1}, {""gene"": ""PTGS1"", ""grade"": ""important"", ""weight"": 2}, {""gene"": ""PTGS2"", ""grade"": ""core"", ""weight"": 5}]"
257,姜黄__砂仁,姜黄,砂仁,3,8,8,3,8,1.6666666666666667,1,14.666666666666668,False,False,"[{""gene"": ""PLAU"", ""grade"": ""normal"", ""weight"": 1}, {""gene"": ""PTGS1"", ""grade"": ""important"", ""weight"": 2}, {""gene"": ""PTGS2"", ""grade"": ""core"", ""weight"": 5}]"
258,生姜__薏苡仁,生姜,薏苡仁,8,3,8,3,8,1.6666666666666667,1,14.666666666666668,False,False,"[{""gene"": ""PLAU"", ""grade"": ""normal"", ""weight"": 1}, {""gene"": ""PTGS1"", ""grade"": ""important"", ""weight"": 2}, {""gene"": ""PTGS2"", ""grade"": ""core"", ""weight"": 5}]"
259,砂仁__薏苡仁,砂仁,薏苡仁,8,3,8,3,8,1.6666666666666667,1,14.666666666666668,False,False,"[{""gene"": ""PLAU"", ""grade"": ""normal"", ""weight"": 1}, {""gene"": ""PTGS1"", ""grade"": ""important"", ""weight"": 2}, {""gene"": ""PTGS2"", ""grade"": ""core"", ""weight"": 5}]"
260,山药__白扁豆,山药,白扁豆,15,11,24,2,7,2.0,1,14.0,False,False,"[{""gene"": ""AKT1"", ""grade"": ""important"", ""weight"": 2}, {""gene"": ""PTGS2"", ""grade"": ""core"", ""weight"": 5}]"
261,山药__芡实,山药,芡实,15,11,24,2,7,2.0,1,14.0,False,False,"[{""gene"": ""AKT1"", ""grade"": ""important"", ""weight"": 2}, {""gene"": ""PTGS2"", ""grade"": ""core"", ""weight"": 5}]"
262,莲子__蒲公英,莲子,蒲公英,20,37,53,4,5,2.45,0,11.125,False,False,"[{""gene"": ""CASP3"", ""grade"": ""important"", ""weight"": 2}, {""gene"": ""CHRNA7"", ""grade"": ""normal"", ""weight"": 1}, {""gene"": ""SIRT1"", ""grade"": ""normal"", ""weight"": 1}, {""gene"": ""SLC6A4"", ""grade"": ""normal"", ""weight"": 1}]"
263,生姜__莲子,生姜,莲子,8,20,25,3,4,2.75,0,9.5,False,False,"[{""gene"": ""CASP3"", ""grade"": ""important"", ""weight"": 2}, {""gene"": ""PLAU"", ""grade"": ""normal"", ""weight"": 1}, {""gene"": ""SLC6A4"", ""grade"": ""normal"", ""weight"": 1}]"
264,砂仁__莲子,砂仁,莲子,8,20,25,3,4,2.75,0,9.5,False,False,"[{""gene"": ""CASP3"", ""grade"": ""important"", ""weight"": 2}, {""gene"": ""PLAU"", ""grade"": ""normal"", ""weight"": 1}, {""gene"": ""SLC6A4"", ""grade"": ""normal"", ""weight"": 1}]"
265,白扁豆__莲子,白扁豆,莲子,11,20,29,2,4,2.4545454545454546,0,8.90909090909091,False,False,"[{""gene"": ""CASP3"", ""grade"": ""important"", ""weight"": 2}, {""gene"": ""CYP3A4"", ""grade"": ""important"", ""weight"": 2}]"
266,芡实__莲子,芡实,莲子,11,20,29,2,4,2.4545454545454546,0,8.90909090909091,False,False,"[{""gene"": ""CASP3"", ""grade"": ""important"", ""weight"": 2}, {""gene"": ""CYP3A4"", ""grade"": ""important"", ""weight"": 2}]"
267,姜黄__茯苓,姜黄,茯苓,3,2,3,2,7,0.5,1,8.75,False,False,"[{""gene"": ""PTGS1"", ""grade"": ""important"", ""weight"": 2}, {""gene"": ""PTGS2"", ""grade"": ""core"", ""weight"": 5}]"
268,茯苓__薏苡仁,茯苓,薏苡仁,2,3,3,2,7,0.5,1,8.75,False,False,"[{""gene"": ""PTGS1"", ""grade"": ""important"", ""weight"": 2}, {""gene"": ""PTGS2"", ""grade"": ""core"", ""weight"": 5}]"
269,姜黄__薏苡仁,姜黄,薏苡仁,3,3,3,3,8,0.0,1,8.0,False,False,"[{""gene"": ""PLAU"", ""grade"": ""normal"", ""weight"": 1}, {""gene"": ""PTGS1"", ""grade"": ""important"", ""weight"": 2}, {""gene"": ""PTGS2"", ""grade"": ""core"", ""weight"": 5}]"
270,山药__莲子,山药,莲子,15,20,32,3,4,1.9333333333333333,0,7.866666666666667,False,False,"[{""gene"": ""HIF1A"", ""grade"": ""important"", ""weight"": 2}, {""gene"": ""PLAU"", ""grade"": ""normal"", ""weight"": 1}, {""gene"": ""SLC6A4"", ""grade"": ""normal"", ""weight"": 1}]"
271,莲子__陈皮,莲子,陈皮,20,18,36,2,4,1.8888888888888888,0,7.777777777777778,False,False,"[{""gene"": ""CASP3"", ""grade"": ""important"", ""weight"": 2}, {""gene"": ""MMP9"", ""grade"": ""important"", ""weight"": 2}]"
272,肉豆蔻__莲子,肉豆蔻,莲子,8,20,26,2,3,3.0,0,7.5,False,False,"[{""gene"": ""CASP3"", ""grade"": ""important"", ""weight"": 2}, {""gene"": ""SLC6A4"", ""grade"": ""normal"", ""weight"": 1}]"
273,莲子__葛根,莲子,葛根,20,10,28,2,3,2.6,0,6.8999999999999995,False,False,"[{""gene"": ""CASP3"", ""grade"": ""important"", ""weight"": 2}, {""gene"": ""SLC6A4"", ""grade"": ""normal"", ""weight"": 1}]"
274,姜黄__莲子,姜黄,莲子,3,20,22,1,1,7.0,0,4.5,False,False,"[{""gene"": ""PLAU"", ""grade"": ""normal"", ""weight"": 1}]"
275,莲子__薏苡仁,莲子,薏苡仁,20,3,22,1,1,7.0,0,4.5,False,False,"[{""gene"": ""PLAU"", ""grade"": ""normal"", ""weight"": 1}]"
276,茯苓__莲子,茯苓,莲子,2,20,22,0,0,11.0,0,0.0,False,False,[]
