Category	Term	Count	%	PValue	Genes	List Total	Pop Hits	Pop Total	Fold Enrichment	Bonferroni	Benjamini	FDR
GOTERM_BP_FAT	GO:0070887~cellular response to chemical stimulus	49	75.38461538461539	8.65564951972042E-33	O75469, P28482, P04637, P11802, P13500, P42224, Q07869, P08684, P04040, P09211, Q16236, P05177, P25963, P31645, O96017, P37231, P01106, P08253, P00533, P08254, P42574, P01344, P22301, P01584, Q9NRD8, P01583, P24385, P29474, P10415, P35354, P14780, P05231, P06400, P01375, P35869, Q9UNQ0, P09917, P31749, P19320, P35228, P10145, P23219, Q04206, P09488, P02778, P05164, P05362, Q16665, P09601	65	2129	19104	6.764432561332515	3.092663573396106E-29	3.091798008444134E-29	2.2729735638785825E-29
GOTERM_BP_FAT	GO:0042127~regulation of cell population proliferation	46	70.76923076923077	1.4338014440226164E-31	P11926, P01583, P24385, P29474, P10415, P28482, P04637, P11802, P35354, P13500, P42224, P00749, P14780, P01579, P09211, P05231, P05112, P25963, P29965, P01375, P06400, P31645, P35869, O15392, P09917, P04626, P31749, P19320, P38936, P35228, P10145, P37231, P23219, Q04206, Q07812, P01106, P02778, P08253, Q16665, P00533, P42574, P09601, P01344, P60568, P22301, P01584	65	1838	19104	7.355687620323094	5.122972559492808E-28	2.560769379024393E-28	1.8825812960016953E-28
KEGG_PATHWAY	hsa05200:Pathways in cancer	38	58.46153846153847	9.473570074445223E-31	P24385, P10415, P28482, P04637, P11802, P35354, P42224, P14780, P08581, P01579, Q14790, P09211, Q16236, P05231, O14920, P05112, P25963, P06400, O15392, O15111, P04626, P31749, P03956, P38936, P35228, P10145, P37231, Q04206, Q07812, P09488, P01106, P08253, Q16665, P00533, P42574, P09601, P01344, P60568	63	533	9375	10.609309389797195	2.1031325565268395E-28	2.112606126601285E-28	8.242005964767344E-29
GOTERM_BP_FAT	GO:1901700~response to oxygen-containing compound	43	66.15384615384615	3.540643958717652E-29	Q9NRD8, P01583, P24385, P29474, P10415, P28482, P04637, P11802, P13500, P42224, P14780, Q07869, P04040, Q14790, P09211, Q16236, P05231, P25963, P01375, P06400, P31645, O96017, P35869, O15111, P31749, P19320, P35228, P10145, P37231, Q04206, P02778, P05164, P08253, P05362, Q16665, P08254, P00533, P42574, P09601, P01344, P60568, P22301, P01584	65	1685	19104	7.500314996576123	1.265072086449817E-25	4.215726740179818E-26	3.099243678530852E-26
GOTERM_BP_FAT	GO:0043067~regulation of programmed cell death	42	64.61538461538461	6.088215457691257E-28	P01583, P24385, P29474, P10415, P04637, P35354, P13500, P42224, P14780, P08581, Q07869, P04040, P01579, Q14790, P09211, Q16236, P05231, P05112, P29965, P01375, P06400, O96017, O15392, P04626, P31749, P38936, P37231, Q04206, Q07812, P01106, P02778, P05164, P08253, P05362, Q16665, P00533, P42574, P09601, P60568, P22301, P01584	65	1680	19104	7.3476923076923075	2.1753193830330862E-24	5.436776403718292E-25	3.99691344797431E-25
GOTERM_BP_FAT	GO:0043069~negative regulation of programmed cell death	34	52.307692307692314	2.250047241637124E-25	P01583, P24385, P29474, P10415, P04637, P35354, P13500, P14780, P08581, Q07869, P04040, Q14790, P09211, Q16236, P05231, P05112, P29965, P01375, P06400, O15392, P04626, P31749, Q04206, Q07812, P01106, P05164, P05362, Q16665, P00533, P09601, P60568, P22301, P01584	65	1022	19104	9.777751016107182	8.039418794369444E-22	1.6074337494255616E-22	1.1817248113078177E-22
GOTERM_BP_FAT	GO:1901701~cellular response to oxygen-containing compound	35	53.84615384615385	6.50780468545834E-25	P01583, P29474, P28482, P04637, P11802, P13500, P42224, P14780, Q07869, P04040, P09211, Q16236, P05231, P25963, P01375, P06400, P31645, O96017, P35869, P31749, P19320, P35228, P10145, P37231, Q04206, P02778, P05164, P08253, P05362, Q16665, P08254, P00533, P01344, P22301, P01584	65	1157	19104	8.890898211555083	2.325238614114265E-21	3.450136190242257E-22	2.536410312311357E-22
GOTERM_BP_FAT	GO:0042981~regulation of apoptotic process	39	60.0	7.523452776560499E-25	P01583, P24385, P29474, P10415, P04637, P35354, P13500, P42224, P14780, Q07869, P04040, P01579, Q14790, P09211, Q16236, P05231, P05112, P29965, P01375, P06400, O96017, O15392, P04626, P31749, P37231, Q04206, Q07812, P01106, P02778, P05164, P08253, P05362, Q16665, P00533, P42574, P09601, P60568, P22301, P01584	65	1617	19104	7.088682745825603	2.6881296770650665E-21	3.450136190242257E-22	2.536410312311357E-22
GOTERM_BP_FAT	GO:0009605~response to external stimulus	43	66.15384615384615	7.727068735145033E-25	Q9NRD8, P11926, P01583, O75469, P29474, P10415, P28482, P04637, P11802, P35354, P13500, P42224, P00749, P14780, P08581, Q07869, P01579, Q14790, P09211, P05231, O14920, P25963, P01375, P35869, P09917, O15111, P31749, P19320, P35228, P10145, P37231, Q04206, Q07812, P01106, P02778, P05164, P08253, Q16665, P08254, P42574, P22301, P01584	65	2163	19104	5.8428251360290195	2.7608816590673202E-21	3.450136190242257E-22	2.536410312311357E-22
GOTERM_BP_FAT	GO:0009628~response to abiotic stimulus	35	53.84615384615385	2.2498447415108746E-24	P01583, P24385, P29474, P10415, P04637, P35354, P42224, P00749, P14780, Q07869, P04040, Q14790, Q16236, P25963, P01375, P31645, O96017, P31749, P03956, P19320, P38936, P35228, P37231, Q04206, Q07812, P01106, P02778, P05164, P08253, Q16665, P08254, P00533, P42574, P09601, P01584	65	1202	19104	8.55804428516575	8.038695261418355E-21	8.929383796307606E-22	6.564546990230618E-22
KEGG_PATHWAY	hsa05417:Lipid and atherosclerosis	25	38.46153846153847	6.0221531883337895E-24	P29474, P10415, P28482, P04637, P13500, P14780, Q14790, Q16236, P05231, O14920, P25963, P29965, P01375, O15111, P31749, P03956, P19320, P10145, P37231, Q04206, Q07812, P05362, P08254, P42574, P01584	63	216	9375	17.22332451499118	1.3369180078101013E-21	6.714700804992175E-22	2.6196366369251984E-22
GOTERM_BP_FAT	GO:0032101~regulation of response to external stimulus	35	53.84615384615385	6.501552559209999E-24	P01583, P29474, P28482, P35354, P13500, P42224, P00749, P14780, P08581, Q07869, P01579, Q14790, P09211, Q16236, P05231, O14920, P05112, P25963, P01375, P06400, P35869, P09917, O15111, P31749, P10145, P37231, Q04206, P02778, P08254, P00533, P42574, P60568, P22301, P01584	65	1242	19104	8.282422891118543	2.3230047294057326E-20	2.3223545741498113E-21	1.707307702048546E-21
GOTERM_BP_FAT	GO:0002237~response to molecule of bacterial origin	24	36.92307692307693	1.0217024022772119E-23	P01583, P35869, P29474, O75469, P28482, P31749, P11802, P19320, P13500, P35228, P10145, P14780, Q04206, Q14790, P02778, P05164, P09211, P05231, P08254, P42574, P25963, P01584, P22301, P01375	65	365	19104	19.325437302423605	3.6505426833364784E-20	3.317746346303819E-21	2.4390822803454167E-21
GOTERM_BP_FAT	GO:0009410~response to xenobiotic stimulus	25	38.46153846153847	3.6038572940403776E-23	P24385, O75469, P10415, P04637, P11802, P42224, P04040, P08684, P09211, Q16236, P05177, P01375, P06400, P31645, O96017, P35869, O15111, P35228, P37231, P09488, P01106, P08253, P42574, P22301, P01584	65	445	19104	16.511668107173726	1.287658211160627E-19	1.0727481878593525E-20	7.886441045125026E-21
GOTERM_BP_FAT	GO:0051707~response to other organism	37	56.92307692307692	1.194439194831451E-22	Q9NRD8, P11926, P01583, O75469, P29474, P10415, P28482, P04637, P11802, P35354, P13500, P42224, P14780, Q07869, P01579, Q14790, P09211, P05231, O14920, P25963, P01375, P35869, O15111, P31749, P19320, P35228, P10145, P37231, Q04206, Q07812, P02778, P05164, Q16665, P08254, P42574, P22301, P01584	65	1600	19104	6.796615384615384	4.267731243132774E-19	3.034719113879473E-20	2.23101130824398E-20
GOTERM_BP_FAT	GO:0043207~response to external biotic stimulus	37	56.92307692307692	1.2725955225844564E-22	Q9NRD8, P11926, P01583, O75469, P29474, P10415, P28482, P04637, P11802, P35354, P13500, P42224, P14780, Q07869, P01579, Q14790, P09211, P05231, O14920, P25963, P01375, P35869, O15111, P31749, P19320, P35228, P10145, P37231, Q04206, Q07812, P02778, P05164, Q16665, P08254, P42574, P22301, P01584	65	1603	19104	6.78389558040213	4.546983802194262E-19	3.034719113879473E-20	2.23101130824398E-20
GOTERM_BP_FAT	GO:0033993~response to lipid	31	47.69230769230769	1.3186978045272634E-22	P01583, P24385, P29474, P10415, P28482, P11802, P13500, P14780, Q07869, P04040, Q14790, P09211, P05231, P25963, P01375, P31645, P35869, P31749, P19320, P35228, P10145, P37231, Q04206, P02778, P05164, P08253, P08254, P00533, P42574, P22301, P01584	65	945	19104	9.641416361416361	4.711707255575913E-19	3.034719113879473E-20	2.23101130824398E-20
GOTERM_BP_FAT	GO:0034097~response to cytokine	31	47.69230769230769	1.35933666915094E-22	Q9NRD8, P01583, P10415, P28482, P04637, P11802, P13500, P42224, P01579, Q14790, Q16236, P05231, O14920, P05112, P25963, P01375, O15111, P31749, P19320, P35228, P10145, Q04206, P01106, P02778, P08253, P05362, Q16665, P42574, P60568, P22301, P01584	65	946	19104	9.631224589364125	4.856909918876308E-19	3.034719113879473E-20	2.23101130824398E-20
GOTERM_BP_FAT	GO:0044419~biological process involved in interspecies interaction between organisms	38	58.46153846153847	1.8305829738563202E-22	Q9NRD8, P11926, P01583, O75469, P29474, P10415, P28482, P04637, P11802, P35354, P13500, P42224, P14780, Q07869, P01579, Q14790, P09211, P05231, O14920, P25963, P01375, P35869, O15111, P31749, P19320, P35228, P10145, P37231, Q04206, Q07812, P02778, P05164, P05362, Q16665, P08254, P42574, P22301, P01584	65	1750	19104	6.3819956043956045	6.540672965588632E-19	3.8463778721263385E-20	2.8277122878509983E-20
GOTERM_BP_FAT	GO:1901652~response to peptide	31	47.69230769230769	2.333744654677395E-22	Q9NRD8, P01583, P10415, P28482, P04637, P11802, P13500, P42224, P01579, Q14790, Q16236, P05231, O14920, P05112, P25963, P01375, O15111, P31749, P19320, P35228, P10145, Q04206, P01106, P02778, P08253, P05362, Q16665, P42574, P60568, P22301, P01584	65	964	19104	9.451388445579317	8.338469651162333E-19	4.6311866147264755E-20	3.404674146212688E-20
KEGG_PATHWAY	hsa04657:IL-17 signaling pathway	19	29.230769230769234	2.417203730710712E-22	O15111, P28482, P03956, P35354, P13500, P10145, P14780, Q04206, P01579, Q14790, P02778, P05231, P08254, P42574, O14920, P05112, P25963, P01584, P01375	63	94	9375	30.07852077001013	5.366192282177781E-20	1.7967881064949624E-20	7.009890819061065E-21
GOTERM_BP_FAT	GO:0071216~cellular response to biotic stimulus	21	32.30769230769231	2.5483991193116285E-22	P01583, P35869, P29474, O75469, P04637, P28482, P31749, P11802, P13500, P35228, P10145, P14780, Q04206, P02778, P09211, P05231, P08254, P25963, P01584, P22301, P01375	65	260	19104	23.738698224852072	9.10543005330045E-19	4.790990344305861E-20	3.5221558354275456E-20
GOTERM_BP_FAT	GO:0009607~response to biotic stimulus	37	56.92307692307692	3.1772090163854895E-22	Q9NRD8, P11926, P01583, O75469, P29474, P10415, P28482, P04637, P11802, P35354, P13500, P42224, P14780, Q07869, P01579, Q14790, P09211, P05231, O14920, P25963, P01375, P35869, O15111, P31749, P19320, P35228, P10145, P37231, Q04206, Q07812, P02778, P05164, Q16665, P08254, P42574, P22301, P01584	65	1647	19104	6.602662182990052	1.1352167815545354E-18	5.493699726531895E-20	4.0387613331110735E-20
GOTERM_BP_FAT	GO:0043066~negative regulation of apoptotic process	31	47.69230769230769	3.2297786746128157E-22	P01583, P24385, P29474, P10415, P04637, P35354, P13500, P14780, Q07869, P04040, P09211, Q16236, P05231, P05112, P29965, P01375, P06400, O15392, P04626, P31749, Q04206, Q07812, P01106, P05164, P05362, Q16665, P00533, P09601, P60568, P22301, P01584	65	975	19104	9.344757396449705	1.1539999204391591E-18	5.493699726531895E-20	4.0387613331110735E-20
GOTERM_BP_FAT	GO:0048584~positive regulation of response to stimulus	43	66.15384615384615	3.4348020219181163E-22	Q9NRD8, P01583, P29474, P10415, P28482, P04637, P35354, P13500, P00749, P14780, P08581, P04040, P01579, Q14790, Q16236, P05231, O14920, P05112, P25963, P29965, P01375, O15392, O15111, P04626, P31749, P35228, P10145, P37231, Q04206, Q07812, P01106, P02778, P08253, P05362, Q16665, P00533, P42574, P09601, P01344, P60568, P22301, P01584	65	2526	19104	5.00317924355929	1.227254762431343E-18	5.57686946467796E-20	4.09990459525317E-20
GOTERM_BP_FAT	GO:0071219~cellular response to molecule of bacterial origin	20	30.76923076923077	9.17639945695377E-22	P01583, P35869, P29474, O75469, P28482, P31749, P11802, P13500, P35228, P10145, P14780, Q04206, P02778, P09211, P05231, P08254, P25963, P01584, P22301, P01375	65	231	19104	25.446553446553448	3.278727525969582E-18	1.4251347330538639E-19	1.0477054336504609E-19
KEGG_PATHWAY	hsa04933:AGE-RAGE signaling pathway in diabetic complications	19	29.230769230769234	9.68571344822204E-22	P01583, P24385, P29474, P10415, P28482, P31749, P11802, P19320, P13500, P10145, P42224, Q04206, Q07812, P05362, P08253, P05231, P42574, P01584, P01375	63	101	9375	27.993870815652993	2.150228385505293E-19	5.399785247383788E-20	2.106642674988294E-20
GOTERM_BP_FAT	GO:0080134~regulation of response to stress	36	55.38461538461539	1.5893480165300446E-21	Q9NRD8, P01583, P29474, P10415, P28482, P04637, P35354, P42224, P00749, P14780, Q07869, P01579, Q14790, P09211, Q16236, P05231, O14920, P05112, P25963, P01375, P06400, O96017, P35869, P09917, O15111, P31749, P37231, Q04206, Q07812, P01106, P08254, P00533, P42574, P60568, P22301, P01584	65	1598	19104	6.621199576393569	5.678740463061849E-18	2.3654796312688833E-19	1.7390116214199573E-19
GOTERM_BP_FAT	GO:0032496~response to lipopolysaccharide	22	33.84615384615385	2.3268060410413952E-21	P01583, P29474, P28482, P31749, P11802, P19320, P13500, P35228, P10145, P14780, Q04206, Q14790, P02778, P05164, P09211, P05231, P08254, P42574, P25963, P01584, P22301, P01375	65	343	19104	18.851222247140615	8.313677984640905E-18	3.324540471439945E-19	2.444077065509882E-19
GOTERM_BP_FAT	GO:1901698~response to nitrogen compound	30	46.15384615384615	3.764356412058497E-21	Q9NRD8, P28482, P04637, P42224, P14780, Q07869, P04040, P09211, Q16236, P05231, P25963, P01375, P06400, P31645, P35869, O15111, P31749, P19320, P37231, Q04206, P09488, P01106, P08253, P05362, P08254, P42574, P01344, P60568, P22301, P01584	65	963	19104	9.156002875629044	1.345004546028501E-17	5.171646578412674E-19	3.801999976179082E-19
KEGG_PATHWAY	hsa05160:Hepatitis C	21	32.30769230769231	3.765132571378171E-21	P24385, O15111, P04637, P28482, P31749, P11802, P38936, P42224, Q07869, Q04206, Q07812, P01106, P01579, Q14790, P02778, P00533, P42574, O14920, P25963, P06400, P01375	63	156	9375	20.03205128205128	8.35859430845954E-19	1.6792491268346643E-19	6.551330674198017E-20
GOTERM_BP_FAT	GO:0002682~regulation of immune system process	37	56.92307692307692	8.759970625134656E-21	P01583, P10415, P28482, P13500, P42224, P01579, Q14790, Q16236, P05231, O14920, P05112, P25963, P29965, P01375, P06400, P35869, O15111, P04626, P31749, P19320, P38936, P35228, P10145, P37231, Q04206, Q07812, P01106, P02778, P05362, Q16665, P00533, P42574, P09601, P01344, P60568, P22301, P01584	65	1818	19104	5.981619700431581	3.129937504360613E-17	1.1589116693696665E-18	8.519882541334669E-19
KEGG_PATHWAY	hsa05418:Fluid shear stress and atherosclerosis	20	30.76923076923077	1.864676601126352E-20	P01583, P29474, O15111, P10415, P04637, P31749, P19320, P13500, P14780, Q04206, P09488, P01579, P05362, P08253, P09211, Q16236, P09601, O14920, P01584, P01375	63	142	9375	20.95908786049631	4.139582054500502E-18	6.930381367519608E-19	2.703781071633211E-19
GOTERM_BP_FAT	GO:0071345~cellular response to cytokine stimulus	28	43.07692307692308	2.6930409582390252E-20	Q9NRD8, P01583, P28482, P04637, P11802, P13500, P42224, P01579, Q16236, P05231, O14920, P05112, P25963, P01375, O15111, P31749, P19320, P35228, P10145, Q04206, P01106, P02778, P08253, P05362, Q16665, P60568, P22301, P01584	65	841	19104	9.785273941278698	9.622235343788038E-17	3.4355508224392136E-18	2.5256876986913144E-18
GOTERM_BP_FAT	GO:0006950~response to stress	48	73.84615384615385	4.25180306649777E-20	Q9NRD8, P01583, P24385, P29474, P10415, P28482, P04637, P35354, P13500, P42224, P00749, Q07869, P04040, P01579, Q14790, P09211, Q16236, P05231, O14920, P05112, P25963, P29965, P01375, P31645, O96017, P09917, O15111, P04626, P31749, P19320, P38936, P35228, P10145, P37231, P23219, Q04206, Q07812, P09488, P01106, P02778, P05164, P08253, Q16665, P08254, P42574, P09601, P22301, P01584	65	3835	19104	3.6786360445291346	1.5191692356596533E-16	5.2370484667344946E-18	3.850080983663153E-18
GOTERM_BP_FAT	GO:2001233~regulation of apoptotic signaling pathway	22	33.84615384615385	1.4663588356033135E-19	P01583, P29474, P10415, P04637, P31749, P35354, P37231, P14780, Q04206, Q07812, P01106, P05362, P08253, P09211, Q16236, Q16665, P09601, P29965, P01584, P22301, P06400, P01375	65	419	19104	15.431907472002939	5.239300119610639E-16	1.745944586925012E-17	1.2835527674314337E-17
GOTERM_BP_FAT	GO:2000147~positive regulation of cell motility	25	38.46153846153847	2.611334463505746E-19	Q9NRD8, P29474, P10415, P28482, P31749, P35354, P13500, P10145, P00749, P14780, P08581, P01579, Q14790, P02778, P08253, P05362, Q16665, P00533, Q16236, P05231, P09601, P05112, P01375, P01584	65	651	19104	11.286777738390644	9.33029803810603E-16	2.9178361477324974E-17	2.145083349368852E-17
GOTERM_BP_FAT	GO:0008284~positive regulation of cell population proliferation	29	44.61538461538462	2.6139629542956306E-19	P11926, P01583, P24385, P10415, P28482, P11802, P42224, P14780, P01579, P05231, P05112, P29965, P01375, O15392, P04626, P31749, P19320, P38936, Q04206, P01106, P02778, P08253, Q16665, P00533, P09601, P01344, P60568, P22301, P01584	65	1019	19104	8.364399486676229	9.339689635698288E-16	2.9178361477324974E-17	2.145083349368852E-17
KEGG_PATHWAY	hsa05161:Hepatitis B	20	30.76923076923077	2.750925954195177E-19	O15392, O15111, P10415, P04637, P28482, P31749, P38936, P10145, P42224, P14780, Q04206, Q07812, P01106, Q14790, P05231, P42574, O14920, P25963, P06400, P01375	63	163	9375	18.258837277242183	6.107055618313293E-17	8.763664111221778E-18	3.419007971642577E-18
KEGG_PATHWAY	hsa05163:Human cytomegalovirus infection	22	33.84615384615385	3.3743003474921336E-19	P24385, O15111, P04637, P28482, P31749, P11802, P38936, P35354, P13500, P10145, Q04206, Q07812, P01106, Q14790, P00533, P05231, P42574, O14920, P25963, P01584, P06400, P01375	63	227	9375	14.422068386826096	7.490946771432536E-17	9.405862218634322E-18	3.669551627897695E-18
GOTERM_BP_FAT	GO:0071222~cellular response to lipopolysaccharide	18	27.692307692307693	3.880130393569251E-19	P01583, P29474, P28482, P31749, P11802, P13500, P35228, P10145, P14780, Q04206, P02778, P09211, P05231, P08254, P25963, P01584, P22301, P01375	65	217	19104	24.379439914923786	1.3863705896222934E-15	4.1999472017664744E-17	3.0876431556099556E-17
KEGG_PATHWAY	hsa05167:Kaposi sarcoma-associated herpesvirus infection	21	32.30769230769231	3.9418031008638383E-19	P24385, O15111, P04637, P28482, P31749, P11802, P38936, P35354, P10145, P42224, Q04206, Q07812, P01106, Q14790, P05362, P05231, Q16665, P42574, O14920, P25963, P06400	63	196	9375	15.943877551020407	8.750802883917721E-17	9.766912127695955E-18	3.810409664168377E-18
GOTERM_BP_FAT	GO:0040017~positive regulation of locomotion	25	38.46153846153847	4.724173471767459E-19	Q9NRD8, P29474, P10415, P28482, P31749, P35354, P13500, P10145, P00749, P14780, P08581, P01579, Q14790, P02778, P08253, P05362, Q16665, P00533, Q16236, P05231, P09601, P05112, P01375, P01584	65	668	19104	10.999539382772916	1.6879471814625133E-15	4.9631610709274607E-17	3.6487292755474555E-17
KEGG_PATHWAY	hsa04668:TNF signaling pathway	18	27.692307692307693	7.950626782245358E-19	O15111, P28482, P31749, P19320, P35354, P13500, P14780, Q04206, Q14790, P02778, P05362, P05231, P08254, P42574, O14920, P25963, P01584, P01375	63	119	9375	22.509003601440575	1.7650391456584694E-16	1.7612433000688754E-17	6.871218255874087E-18
KEGG_PATHWAY	hsa05164:Influenza A	20	30.76923076923077	8.687747220070685E-19	P01583, O15111, P28482, P31749, P11802, P13500, P10145, P42224, Q04206, Q07812, P01579, Q14790, P02778, P05362, P05231, P42574, O14920, P25963, P01584, P01375	63	173	9375	17.203413157170385	1.9286798828556922E-16	1.7612433000688754E-17	6.871218255874087E-18
GOTERM_BP_FAT	GO:0031347~regulation of defense response	28	43.07692307692308	1.0605209556870485E-18	P01583, P28482, P35354, P42224, P14780, Q07869, P01579, Q14790, P09211, Q16236, P05231, O14920, P05112, P25963, P01375, P06400, P35869, P09917, O15111, P31749, P37231, Q04206, P08254, P00533, P42574, P60568, P22301, P01584	65	971	19104	8.47519607066466	3.7892413746698244E-15	1.0823373867754679E-16	7.956937227526254E-17
GOTERM_BP_FAT	GO:0071396~cellular response to lipid	24	36.92307692307693	1.3286258406649904E-18	P01583, P31645, P35869, P29474, P28482, P31749, P11802, P13500, P35228, P10145, P37231, P14780, Q07869, Q04206, P02778, P08253, P00533, P09211, P05231, P08254, P25963, P01584, P22301, P01375	65	616	19104	11.450949050949053	4.7471801286960105E-15	1.2858177178314295E-16	9.452848059981337E-17
GOTERM_BP_FAT	GO:0007166~cell surface receptor signaling pathway	38	58.46153846153847	1.3318940526249409E-18	Q9NRD8, P01583, P24385, P29474, P10415, P28482, P04637, P13500, P42224, P00749, P14780, P08581, P01579, Q14790, P05231, O14920, P05112, P25963, P29965, P01375, P06400, O15111, P04626, P31749, P35228, P37231, Q04206, Q07812, P01106, P02778, P08253, P00533, P42574, P01344, P60568, P22301, P01584	65	2270	19104	4.920040664181633	4.758857450028914E-15	1.2858177178314295E-16	9.452848059981337E-17
GOTERM_BP_FAT	GO:0030335~positive regulation of cell migration	24	36.92307692307693	1.7044138557420756E-18	P29474, P10415, P28482, P31749, P35354, P13500, P10145, P00749, P14780, P08581, P01579, Q14790, P02778, P05362, P08253, P00533, Q16236, P05231, Q16665, P09601, P05112, P01584, P01375	65	623	19104	11.322286702061984	6.089870706566436E-15	1.602149024397551E-16	1.1778396803101818E-16
KEGG_PATHWAY	hsa05215:Prostate cancer	17	26.153846153846157	3.8421470001353566E-18	P24385, O15111, P10415, P04626, P04637, P28482, P31749, P38936, P00749, P14780, Q04206, P00533, P09211, P08254, O14920, P25963, P06400	63	106	9375	23.865678346810423	8.529566340300491E-16	7.139989841918204E-17	2.7855565750981335E-17
GOTERM_BP_FAT	GO:0010604~positive regulation of macromolecule metabolic process	44	67.6923076923077	4.456041193788861E-18	P01583, O75469, P29474, P28482, P04637, P35354, P13500, P42224, P14780, P08581, Q07869, P01579, Q14790, Q16236, P05231, O14920, P05112, P25963, P29965, P01375, P06400, P31645, O96017, P35869, O15111, P04626, P31749, P38936, P35228, P10145, P37231, Q04206, Q07812, P01106, P02778, Q16665, P00533, P42574, P09601, P01344, P60568, P22301, P01584	65	3427	19104	3.77354492603982	1.59214351854076E-14	4.0812767036445676E-16	3.0004010704844997E-16
GOTERM_BP_FAT	GO:0009893~positive regulation of metabolic process	45	69.23076923076923	1.1530295618112511E-17	P01583, O75469, P29474, P28482, P04637, P35354, P13500, P42224, P14780, P08581, Q07869, P01579, Q14790, P09211, Q16236, P05231, O14920, P05112, P25963, P29965, P01375, P06400, P31645, O96017, P35869, O15111, P04626, P31749, P38936, P35228, P10145, P37231, Q04206, Q07812, P01106, P02778, Q16665, P00533, P42574, P09601, P01344, P60568, P22301, P01584	65	3717	19104	3.558204507357049	4.1197746243516E-14	1.0296553986974472E-15	7.569639073290864E-16
GOTERM_BP_FAT	GO:0009617~response to bacterium	25	38.46153846153847	1.2476009141774546E-17	Q9NRD8, P01583, O75469, P29474, P28482, P11802, P13500, P14780, Q14790, P09211, P05231, P25963, P01375, P35869, P31749, P19320, P35228, P10145, Q04206, P02778, P05164, P08254, P42574, P22301, P01584	65	771	19104	9.530080814127508	4.457678066356045E-14	1.0869342598638703E-15	7.990731708853648E-16
KEGG_PATHWAY	hsa05219:Bladder cancer	13	20.0	1.528408713310721E-17	P24385, P04626, P04637, P28482, P03956, P11802, P38936, P10145, P14780, P01106, P08253, P00533, P06400	63	41	9375	47.18350754936121	3.393067343549801E-15	2.6218087928330063E-16	1.0228581389079441E-16
KEGG_PATHWAY	hsa05222:Small cell lung cancer	16	24.615384615384617	1.7061991140166424E-17	P24385, O15111, P10415, P04637, P31749, P11802, P38936, P35354, P35228, Q04206, Q07812, P01106, P42574, O14920, P25963, P06400	63	93	9375	25.60163850486431	3.787762033116946E-15	2.7177314458979376E-16	1.0602808779960563E-16
GOTERM_BP_FAT	GO:0048585~negative regulation of response to stimulus	35	53.84615384615385	1.8943034816202076E-17	P01583, P29474, P10415, P04637, P35354, P13500, P42224, P00749, P14780, Q07869, Q14790, P09211, Q16236, P05231, P05112, P25963, P01375, P06400, O96017, P35869, P09917, P31749, P10145, P37231, Q04206, Q07812, P01106, P05362, Q16665, P08254, P00533, P09601, P60568, P22301, P01584	65	1988	19104	5.174431202600216	6.768346339829001E-14	1.6110600086541386E-15	1.1843907006511108E-15
KEGG_PATHWAY	hsa05169:Epstein-Barr virus infection	20	30.76923076923077	2.2177785982012597E-17	P24385, O15111, P10415, P04637, P31749, P11802, P38936, P42224, Q04206, Q07812, P01106, Q14790, P02778, P05362, P05231, P42574, O14920, P25963, P06400, P01375	63	205	9375	14.51800232288037	4.923468488006797E-15	3.2970975159925395E-16	1.2863115869567307E-16
GOTERM_BP_FAT	GO:0051093~negative regulation of developmental process	28	43.07692307692308	2.5814589241561343E-17	P24385, P29474, P10415, P28482, P04637, P42224, P14780, Q07869, P01579, Q16236, P05231, P05112, P25963, P01375, P06400, P31645, P09917, P04626, P38936, P37231, Q04206, P01106, P02778, Q16665, P00533, P01344, P60568, P01584	65	1102	19104	7.467709060449533	9.223552736009868E-14	2.1444119249036538E-15	1.5764909615893044E-15
GOTERM_BP_FAT	GO:0051241~negative regulation of multicellular organismal process	30	46.15384615384615	3.006707800633569E-17	P01583, P29474, P10415, P04637, P42224, P00749, Q07869, P01579, P09211, P05231, O14920, P05112, P25963, P01375, P06400, P31645, P09917, P04626, P37231, Q04206, P01106, P02778, P08253, Q16665, P00533, P42574, P09601, P60568, P22301, P01584	65	1341	19104	6.575116159008776	1.0742966971663741E-13	2.4409000599688884E-15	1.794457882832671E-15
GOTERM_BP_FAT	GO:0002684~positive regulation of immune system process	28	43.07692307692308	3.16473196833458E-17	P01583, P10415, P28482, P13500, P01579, Q14790, P05231, O14920, P05112, P25963, P29965, P01375, P06400, O15111, P31749, P19320, P38936, P35228, P10145, Q04206, Q07812, P02778, P05362, P00533, P01344, P60568, P22301, P01584	65	1111	19104	7.407214567610607	1.1307587322859454E-13	2.5120939090869154E-15	1.8467969219659125E-15
GOTERM_BP_FAT	GO:0009891~positive regulation of biosynthetic process	40	61.53846153846154	4.853684498535569E-17	P01583, O75469, P29474, P28482, P04637, P35354, P13500, P42224, P08581, Q07869, P01579, Q14790, Q16236, P05231, O14920, P05112, P25963, P29965, P01375, P06400, P31645, O96017, P35869, O15111, P04626, P31749, P35228, P10145, P37231, Q04206, P01106, P02778, Q16665, P00533, P09601, P01344, P60568, P22301, P01584	65	2876	19104	4.087728682999893	1.7342214713267588E-13	3.768991527993272E-15	2.770820759381392E-15
GOTERM_BP_FAT	GO:0006954~inflammatory response	23	35.38461538461539	5.548777775775738E-17	P01583, P09917, O15111, P31749, P19320, P13500, P35228, P10145, Q04206, P01579, Q14790, P02778, Q16236, P05231, Q16665, P42574, P09601, O14920, P05112, P29965, P01584, P22301, P01375	65	643	19104	10.513027874147626	1.9825782992846713E-13	4.217071109589561E-15	3.1002320083376787E-15
GOTERM_BP_FAT	GO:0010557~positive regulation of macromolecule biosynthetic process	39	60.0	7.996632252582483E-17	P01583, O75469, P29474, P04637, P35354, P13500, P42224, P08581, Q07869, P01579, Q14790, Q16236, P05231, O14920, P05112, P25963, P29965, P01375, P06400, P31645, O96017, P35869, O15111, P04626, P31749, P35228, P10145, P37231, Q04206, P01106, P02778, Q16665, P00533, P09601, P01344, P60568, P22301, P01584	65	2739	19104	4.184884994523548	3.9668268669856843E-13	5.950827167963465E-15	4.374824228183667E-15
KEGG_PATHWAY	hsa05142:Chagas disease	16	24.615384615384617	8.47606313845206E-17	O15111, P28482, P31749, P13500, P35228, P10145, Q04206, P01579, Q14790, P05231, O14920, P60568, P25963, P01584, P22301, P01375	63	103	9375	23.11604253351826	2.4646951146678475E-14	1.1813512999217558E-15	4.608859331533308E-16
GOTERM_BP_FAT	GO:0050727~regulation of inflammatory response	21	32.30769230769231	9.245673130232911E-17	P01583, P35869, P09917, P28482, P35354, P37231, P14780, Q07869, Q04206, P01579, P09211, P05231, P08254, P42574, P05112, P60568, P25963, P01584, P22301, P06400, P01375	65	498	19104	12.393697868396664	3.9668268669856843E-13	6.739907024733053E-15	4.9549260489778825E-15
GOTERM_BP_FAT	GO:0007165~signal transduction	50	76.92307692307693	1.0416891512612652E-16	O75469, P28482, P04637, P11802, P13500, P42224, P00749, Q07869, Q16236, P25963, P29965, O96017, P37231, Q07812, P01106, P08253, P00533, P42574, P01344, P22301, P01584, Q9NRD8, P01583, P24385, P29474, P10415, P14780, P08581, P01579, Q14790, P05231, O14920, P05112, P06400, P01375, P35869, O15392, O15111, P04626, P31749, P38936, P35228, P10145, Q04206, P02778, P05362, Q16665, P09601, P60568	65	5100	19104	2.8814479638009054	3.9668268669856843E-13	7.40611948541653E-15	5.4447003831757586E-15
GOTERM_BP_FAT	GO:2000145~regulation of cell motility	28	43.07692307692308	1.0574246745695493E-16	Q9NRD8, P29474, P10415, P28482, P35354, P13500, P00749, P14780, P08581, P01579, Q14790, P09211, Q16236, P05231, P05112, P01375, P31749, P10145, P37231, P02778, P08253, P05362, Q16665, P08254, P00533, P09601, P01584	65	1166	19104	7.05781765404407	3.9668268669856843E-13	7.40611948541653E-15	5.4447003831757586E-15
GOTERM_BP_FAT	GO:0006979~response to oxidative stress	20	30.76923076923077	1.1878280027515874E-16	Q9NRD8, P29474, O15111, P10415, P04637, P31749, P35354, P42224, P23219, Q04206, P04040, P05164, P08253, P09211, Q16236, P05231, Q16665, P08254, P42574, P09601	65	432	19104	13.606837606837606	3.9668268669856843E-13	8.159464665055136E-15	5.9985314138955165E-15
GOTERM_BP_FAT	GO:2001234~negative regulation of apoptotic signaling pathway	17	26.153846153846157	1.583447204592554E-16	P01583, P29474, P10415, P31749, P35354, P14780, Q04206, Q07812, P05362, P09211, Q16236, Q16665, P09601, P01584, P22301, P06400, P01375	65	254	19104	19.6709872804361	3.9668268669856843E-13	1.0671836631706798E-14	7.845532753320843E-15
GOTERM_BP_FAT	GO:0002376~immune system process	38	58.46153846153847	1.6226222489137648E-16	P01583, P10415, P28482, P04637, P13500, P42224, P01579, Q14790, Q16236, P05231, O14920, P05112, P25963, P29965, P01375, P06400, P09917, O15111, P04626, P31749, P19320, P35228, P10145, P37231, Q04206, Q07812, P01106, P02778, P05164, P08253, P05362, Q16665, P08254, P42574, P09601, P60568, P22301, P01584	65	2622	19104	4.259531772575251	3.9668268669856843E-13	1.0733345690962905E-14	7.890751899347308E-15
GOTERM_BP_FAT	GO:0009411~response to UV	15	23.076923076923077	1.6638547052510628E-16	P24385, P10415, P04637, P31749, P03956, P38936, P14780, Q04206, Q07812, P04040, P01106, P08253, P00533, P08254, P42574	65	161	19104	27.38270425226947	3.9668268669856843E-13	1.0805980013012358E-14	7.944149919980529E-15
GOTERM_BP_FAT	GO:0023052~signaling	51	78.46153846153847	2.131668233239585E-16	O75469, P28482, P04637, P11802, P13500, P42224, P00749, Q07869, Q16236, P25963, P29965, O96017, P37231, Q07812, P01106, P08253, P00533, P42574, P01344, P22301, P01584, Q9NRD8, P01583, P24385, P29474, P10415, P35354, P14780, P08581, P01579, Q14790, P05231, O14920, P05112, P06400, P01375, P35869, O15392, O15111, P04626, P31749, P38936, P35228, P10145, Q04206, P02778, P05362, Q16665, P09601, P60568	65	5445	19104	2.752854418308964	7.933653733971369E-13	1.3596998087735353E-14	9.996001393727056E-15
KEGG_PATHWAY	hsa05162:Measles	17	26.153846153846157	2.345688904082769E-16	P01583, P24385, O15111, P10415, P04637, P31749, P11802, P42224, Q04206, Q07812, Q14790, P05231, P42574, O14920, P60568, P25963, P01584	63	136	9375	18.601190476190474	4.929390229335695E-14	3.0769919153556323E-15	1.2004407920894171E-15
GOTERM_BP_FAT	GO:0040012~regulation of locomotion	28	43.07692307692308	2.764998471876252E-16	Q9NRD8, P29474, P10415, P28482, P35354, P13500, P00749, P14780, P08581, P01579, Q14790, P09211, Q16236, P05231, P05112, P01375, P31749, P10145, P37231, P02778, P08253, P05362, Q16665, P08254, P00533, P09601, P01584	65	1212	19104	6.789946686976391	7.933653733971369E-13	1.732732375709118E-14	1.2738396468679016E-14
KEGG_PATHWAY	hsa05145:Toxoplasmosis	16	24.615384615384617	3.113001031445083E-16	P09917, O15111, P10415, P28482, P31749, P35228, P42224, Q04206, P01579, Q14790, P42574, O14920, P25963, P29965, P22301, P01375	63	112	9375	21.258503401360542	7.394085344003543E-14	3.856662388956964E-15	1.5046171651984568E-15
GOTERM_BP_FAT	GO:0030334~regulation of cell migration	27	41.53846153846154	3.198416266060283E-16	P29474, P10415, P28482, P35354, P13500, P00749, P14780, P08581, P01579, Q14790, P09211, Q16236, P05231, P05112, P01375, P31749, P10145, P37231, P02778, P08253, P05362, Q16665, P08254, P00533, P09601, P01584	65	1104	19104	7.187959866220736	1.1900480600957053E-12	1.96978325902885E-14	1.4481105370128108E-14
GOTERM_BP_FAT	GO:0007154~cell communication	51	78.46153846153847	3.3644766970824606E-16	O75469, P28482, P04637, P11802, P13500, P42224, P00749, Q07869, Q16236, P25963, P29965, O96017, P37231, Q07812, P01106, P08253, P00533, P42574, P01344, P22301, P01584, Q9NRD8, P01583, P24385, P29474, P10415, P35354, P14780, P08581, P01579, Q14790, P05231, O14920, P05112, P06400, P01375, P35869, O15392, O15111, P04626, P31749, P38936, P35228, P10145, Q04206, P02778, P05362, Q16665, P09601, P60568	65	5501	19104	2.724830450407618	1.1900480600957053E-12	2.0369340274539913E-14	1.4974772553455153E-14
GOTERM_BP_FAT	GO:0036293~response to decreased oxygen levels	18	27.692307692307693	3.7195258465356827E-16	P31645, P24385, P10415, P04637, P31749, P19320, P35354, P35228, P37231, P00749, Q07869, P04040, P01106, P08253, Q16236, Q16665, P42574, P01375	65	326	19104	16.228032090608778	1.1900480600957053E-12	2.2143577206375764E-14	1.6279124788337838E-14
GOTERM_BP_FAT	GO:0008285~negative regulation of cell population proliferation	24	36.92307692307693	4.906112277554193E-16	P01583, P31645, P29474, P09917, P10415, P04626, P04637, P38936, P13500, P10145, P37231, P42224, Q07812, P01106, P01579, P09211, P05231, P42574, P09601, P60568, P01584, P22301, P06400, P01375	65	808	19104	8.72993145468393	1.5867307467942737E-12	2.8728906648235376E-14	2.1120411214520185E-14
GOTERM_BP_FAT	GO:0009314~response to radiation	20	30.76923076923077	5.776772563440806E-16	O96017, P24385, P10415, P04637, P31749, P03956, P19320, P38936, P14780, Q04206, Q07812, P04040, P01106, P02778, P08253, P00533, Q16665, P08254, P42574, P01375	65	471	19104	12.480156785889271	1.983413433492842E-12	3.32816638655009E-14	2.4467427018702508E-14
GOTERM_BP_FAT	GO:1902531~regulation of intracellular signal transduction	35	53.84615384615385	6.06185908184567E-16	P01583, P10415, P28482, P04637, P35354, P42224, P14780, Q07869, P04040, Q14790, P09211, Q16236, P05231, O14920, P25963, P29965, P01375, O96017, O15392, O15111, P04626, P31749, P37231, Q04206, Q07812, P01106, P08253, P05362, Q16665, P08254, P00533, P09601, P01344, P22301, P01584	65	2212	19104	4.65043816942551	1.983413433492842E-12	3.436977879421069E-14	2.5267368172899573E-14
GOTERM_BP_FAT	GO:0034612~response to tumor necrosis factor	15	23.076923076923077	6.865676072690701E-16	O15111, P04637, P28482, P31749, P19320, P13500, P10145, P42224, Q04206, Q14790, Q16236, P42574, O14920, P25963, P01375	65	178	19104	24.76750216076059	2.3800961201914106E-12	3.8319054580704974E-14	2.8170727135759033E-14
GOTERM_BP_FAT	GO:0023051~regulation of signaling	44	67.6923076923077	8.369410212251509E-16	P01583, P29474, P10415, P28482, P04637, P35354, P13500, P42224, P00749, P14780, Q07869, P04040, P01579, Q14790, P09211, Q16236, P05231, O14920, P25963, P29965, P01375, P06400, P31645, O96017, O15392, P09917, O15111, P04626, P31749, P35228, P10145, P37231, Q04206, Q07812, P01106, P08253, P05362, Q16665, P08254, P00533, P09601, P01344, P22301, P01584	65	3915	19104	3.303177129384026	3.1734614935885475E-12	4.599312812024983E-14	3.38124172574961E-14
GOTERM_BP_FAT	GO:0010646~regulation of cell communication	44	67.6923076923077	8.876656088483279E-16	P01583, P29474, P10415, P28482, P04637, P35354, P13500, P42224, P00749, P14780, Q07869, P04040, P01579, Q14790, P09211, Q16236, P05231, O14920, P25963, P29965, P01375, P06400, P31645, O96017, O15392, P09917, O15111, P04626, P31749, P35228, P10145, P37231, Q04206, Q07812, P01106, P08253, P05362, Q16665, P08254, P00533, P09601, P01344, P22301, P01584	65	3922	19104	3.2972816067155692	3.1734614935885475E-12	4.8041538709185263E-14	3.531833164902589E-14
GOTERM_BP_FAT	GO:0006952~defense response	31	47.69230769230769	1.2961641174593595E-15	Q9NRD8, P01583, P10415, P04637, P13500, P42224, Q07869, P01579, Q14790, Q16236, P05231, O14920, P05112, P29965, P01375, P09917, O15111, P31749, P19320, P35228, P10145, P37231, Q04206, P02778, P05164, Q16665, P08254, P42574, P09601, P22301, P01584	65	1677	19104	5.4329984863079686	4.760192240382821E-12	6.910295862037063E-14	5.0801895111168325E-14
GOTERM_BP_FAT	GO:0051240~positive regulation of multicellular organismal process	32	49.23076923076923	1.500143834855217E-15	P01583, P24385, P29474, P10415, P35354, P13500, P42224, P00749, P01579, Q14790, Q16236, P05231, P05112, P29965, P01375, P06400, P09917, O15111, P31749, P19320, P38936, P35228, P10145, P37231, Q04206, P01106, Q16665, P09601, P01344, P60568, P22301, P01584	65	1829	19104	5.142179417083737	5.553557613779958E-12	7.880167320739463E-14	5.793202515190882E-14
KEGG_PATHWAY	hsa05212:Pancreatic cancer	14	21.53846153846154	1.5836026350467693E-15	P24385, O15111, P04626, P04637, P28482, P31749, P11802, P38936, P42224, Q04206, Q07812, P00533, O14920, P06400	63	77	9375	27.056277056277057	3.4505731605349865E-13	1.8586494085022608E-14	7.251233118372048E-15
GOTERM_BP_FAT	GO:0070482~response to oxygen levels	18	27.692307692307693	1.863609159218801E-15	P31645, P24385, P10415, P04637, P31749, P19320, P35354, P35228, P37231, P00749, Q07869, P04040, P01106, P08253, Q16236, Q16665, P42574, P01375	65	358	19104	14.777481736140956	6.743605673875663E-12	9.647553502506605E-14	7.092518336389233E-14
GOTERM_BP_FAT	GO:0045944~positive regulation of transcription by RNA polymerase II	28	43.07692307692308	2.2128413190707105E-15	P01583, O75469, P04637, P42224, P08581, Q07869, P01579, Q16236, P05231, O14920, P05112, P25963, P01375, P06400, P35869, O15111, P31749, P37231, Q04206, P01106, P02778, Q16665, P00533, P01344, P60568, P22301, P01584	65	1313	19104	6.267643095670514	7.933653733971369E-12	1.1227774347073322E-13	8.254237243957038E-14
GOTERM_BP_FAT	GO:0019221~cytokine-mediated signaling pathway	19	29.230769230769234	2.231724464283891E-15	P01583, Q9NRD8, O15111, P04637, P28482, P31749, P13500, P42224, Q04206, P01579, P02778, P05231, O14920, P05112, P60568, P25963, P01584, P22301, P01375	65	431	19104	12.956487595930753	7.933653733971369E-12	1.1227774347073322E-13	8.254237243957038E-14
GOTERM_BP_FAT	GO:0010628~positive regulation of gene expression	28	43.07692307692308	2.4073925725941393E-15	P01583, O75469, P29474, P04637, P35354, P13500, P42224, P01579, Q14790, Q16236, P05231, P05112, P29965, P01375, P31645, O15111, P04626, P31749, P35228, P10145, P37231, Q04206, P01106, Q16665, P09601, P60568, P22301, P01584	65	1318	19104	6.243865997432007	8.727019107368506E-12	1.1943342040703147E-13	8.780295688378069E-14
GOTERM_BP_FAT	GO:0009719~response to endogenous stimulus	28	43.07692307692308	2.575958729923219E-15	P24385, P29474, P10415, P28482, P04637, P13500, P42224, Q07869, P04040, P09211, Q16236, P05231, P01375, P06400, O15111, P04626, P31749, P19320, P35228, P10145, P37231, Q04206, P01106, P08253, P00533, P42574, P01344, P22301	65	1322	19104	6.224973815896661	9.123701794067074E-12	1.2604554223679094E-13	9.266394006545717E-14
GOTERM_BP_FAT	GO:0009966~regulation of signal transduction	41	63.07692307692307	3.018333642038144E-15	P01583, P29474, P10415, P28482, P04637, P35354, P13500, P42224, P00749, P14780, Q07869, P04040, P01579, Q14790, P09211, Q16236, P05231, O14920, P25963, P29965, P01375, P06400, O96017, O15392, O15111, P04626, P31749, P10145, P37231, Q04206, Q07812, P01106, P08253, P05362, Q16665, P08254, P00533, P09601, P01344, P22301, P01584	65	3427	19104	3.51625777199165	1.0710432540861348E-11	1.4569578066703042E-13	1.0711005599989413E-13
GOTERM_BP_FAT	GO:2000026~regulation of multicellular organismal development	30	46.15384615384615	3.2491325557677162E-15	P01583, P24385, P29474, P28482, P04637, P42224, P14780, Q07869, P01579, Q14790, Q16236, P05231, O14920, P05112, P25963, P01375, P06400, P09917, P04626, P31749, P10145, P37231, Q04206, P01106, P02778, Q16665, P09601, P60568, P22301, P01584	65	1595	19104	5.52804436942368	1.1503797914258485E-11	1.5474535318936377E-13	1.137629612192803E-13
GOTERM_BP_FAT	GO:0001666~response to hypoxia	17	26.153846153846157	4.240206145181368E-15	P31645, P24385, P10415, P04637, P19320, P35354, P35228, P37231, P00749, Q07869, P04040, P01106, P08253, Q16236, Q16665, P42574, P01375	65	312	19104	16.014201183431954	1.50739420945456E-11	1.992896888235243E-13	1.4651028075324044E-13
GOTERM_BP_FAT	GO:0009636~response to toxic substance	16	24.615384615384617	7.933185710181255E-15	P31645, Q9NRD8, P35869, Q9UNQ0, P29474, O15111, P10415, P35354, P23219, Q07812, P04040, P09488, P05164, P09211, Q16236, P01375	65	265	19104	17.745370101596517	2.816447075559836E-11	3.68017394243733E-13	2.7055254123293473E-13
GOTERM_BP_FAT	GO:0010468~regulation of gene expression	50	76.92307692307693	1.5776836723471554E-14	O75469, P28482, P04637, P11802, P13500, P42224, P00749, Q07869, P09211, Q16236, P05177, P25963, P29965, P31645, O96017, P37231, P01106, P00533, P42574, P01344, P22301, P01584, P01583, P24385, P29474, P10415, P35354, P08581, P01579, Q14790, P05231, O14920, P05112, P06400, P01375, P35869, O15392, P09917, O15111, P04626, P31749, P38936, P35228, P10145, Q04206, P02778, Q16665, P09601, P60568	65	5709	19104	2.574073325518412	5.632894151119672E-11	7.224982150800051E-13	5.311535030235423E-13
GOTERM_BP_FAT	GO:0023057~negative regulation of signaling	30	46.15384615384615	1.8197604125552965E-14	P01583, P29474, P10415, P04637, P35354, P42224, P14780, Q07869, Q14790, P09211, Q16236, P05231, P25963, P01375, P06400, P31645, O96017, P31749, P10145, P37231, Q04206, Q07812, P01106, P05362, Q16665, P08254, P00533, P09601, P22301, P01584	65	1704	19104	5.174431202600217	6.505596061856522E-11	8.22808125778167E-13	6.04897575110153E-13
GOTERM_BP_FAT	GO:0010648~negative regulation of cell communication	30	46.15384615384615	1.8555774476287976E-14	P01583, P29474, P10415, P04637, P35354, P42224, P14780, Q07869, Q14790, P09211, Q16236, P05231, P25963, P01375, P06400, P31645, O96017, P31749, P10145, P37231, Q04206, Q07812, P01106, P05362, Q16665, P08254, P00533, P09601, P22301, P01584	65	1705	19104	5.171396345589894	6.624600867866093E-11	8.285153303662581E-13	6.090932971841529E-13
GOTERM_BP_FAT	GO:0001817~regulation of cytokine production	24	36.92307692307693	2.261850219859353E-14	P01583, P09917, O15111, P35354, P35228, P10145, P42224, Q07869, Q04206, P01579, Q14790, P09211, P05231, Q16665, P42574, P09601, O14920, P05112, P60568, P25963, P29965, P01584, P22301, P01375	65	963	19104	7.324802300503236	8.092326808650796E-11	9.974480228811864E-13	7.332862564630446E-13
GOTERM_BP_FAT	GO:0009968~negative regulation of signal transduction	29	44.61538461538462	2.849586261650701E-14	P01583, P29474, P10415, P04637, P35354, P42224, P14780, Q07869, Q14790, P09211, Q16236, P05231, P25963, P01375, P06400, O96017, P31749, P10145, P37231, Q04206, Q07812, P01106, P05362, Q16665, P08254, P00533, P09601, P22301, P01584	65	1593	19104	5.350485296248008	1.0194745048153209E-10	1.2413075764166224E-12	9.125626247676513E-13
GOTERM_BP_FAT	GO:0045595~regulation of cell differentiation	30	46.15384615384615	3.131506254542246E-14	P24385, P10415, P28482, P04637, P35354, P42224, P14780, Q07869, P01579, Q14790, Q16236, P05231, O14920, P05112, P25963, P01375, P06400, P31645, P09917, P04626, P31749, P37231, P01106, P02778, Q16665, P00533, P01344, P60568, P22301, P01584	65	1740	19104	5.06737400530504	1.118645176489963E-10	1.3476795591837234E-12	9.907633041479444E-13
GOTERM_BP_FAT	GO:0030097~hemopoiesis	22	33.84615384615385	3.4919568943676353E-14	P01583, P10415, P04626, P04637, P19320, P37231, P14780, Q07812, P01579, Q14790, Q16236, P05231, Q16665, P42574, P09601, P05112, P60568, P29965, P01584, P22301, P06400, P01375	65	774	19104	8.353965414430531	1.2495504631004906E-10	1.4849130984144278E-12	1.0916522386439774E-12
GOTERM_BP_FAT	GO:0050678~regulation of epithelial cell proliferation	18	27.692307692307693	3.599308941473504E-14	P24385, O15392, P09917, P04626, P31749, P11802, P13500, P37231, P42224, Q07812, P01106, P00533, Q16665, P09601, P01344, P22301, P06400, P01375	65	429	19104	12.33179128563744	1.2852519049033617E-10	1.5125566516403947E-12	1.1119747388599318E-12
GOTERM_BP_FAT	GO:0000302~response to reactive oxygen species	14	21.53846153846154	3.676676587449304E-14	P29474, P10415, P42224, Q04206, P04040, P05164, P08253, P09211, Q16236, P05231, Q16665, P08254, P42574, P09601	65	185	19104	22.241663201663204	1.3130196929722615E-10	1.527103345391734E-12	1.1226689207723107E-12
GOTERM_BP_FAT	GO:0010556~regulation of macromolecule biosynthetic process	50	76.92307692307693	3.765956790500454E-14	O75469, P28482, P04637, P11802, P13500, P42224, P00749, Q07869, P09211, Q16236, P05177, P25963, P29965, P31645, O96017, P37231, P01106, P00533, P42574, P01344, P22301, P01584, P01583, P24385, P29474, P10415, P35354, P08581, P01579, Q14790, P05231, O14920, P05112, P06400, P01375, P35869, O15392, P09917, O15111, P04626, P31749, P38936, P35228, P10145, Q04206, P02778, Q16665, P09601, P60568	65	5826	19104	2.5223797829359107	1.344754307908147E-10	1.5462066270882322E-12	1.1367129346958842E-12
GOTERM_BP_FAT	GO:0045893~positive regulation of DNA-templated transcription	30	46.15384615384615	3.8554792217860334E-14	P01583, O75469, P04637, P42224, P08581, Q07869, P01579, Q16236, P05231, O14920, P05112, P25963, P01375, P06400, O96017, P35869, O15111, P04626, P31749, P37231, Q04206, P01106, P02778, Q16665, P00533, P01344, P60568, P22301, P01584	65	1754	19104	5.02692746250329	1.3764889228440325E-10	1.5649740659340582E-12	1.1505100495920595E-12
GOTERM_BP_FAT	GO:1902680~positive regulation of RNA biosynthetic process	30	46.15384615384615	3.967930257345199E-14	P01583, O75469, P04637, P42224, P08581, Q07869, P01579, Q16236, P05231, O14920, P05112, P25963, P01375, P06400, O96017, P35869, O15111, P04626, P31749, P37231, Q04206, P01106, P02778, Q16665, P00533, P01344, P60568, P22301, P01584	65	1756	19104	5.021202032591554	1.4161571915138893E-10	1.59252212126259E-12	1.1707623433470216E-12
KEGG_PATHWAY	hsa05166:Human T-cell leukemia virus 1 infection	18	27.692307692307693	4.190708135372631E-14	O96017, P24385, O15111, P04637, P28482, P31749, P11802, P38936, Q04206, Q07812, P01106, P05362, P05231, O14920, P60568, P25963, P06400, P01375	63	224	9375	11.957908163265307	9.291900582297785E-12	4.672639570940484E-13	1.8229580388870944E-13
GOTERM_BP_FAT	GO:0070663~regulation of leukocyte proliferation	16	24.615384615384617	4.9007021158969556E-14	P01583, P35869, P10415, P04626, P28482, P19320, P38936, P09211, P05231, P42574, P05112, P01344, P60568, P29965, P01584, P22301	65	300	19104	15.675076923076926	1.7493706483406868E-10	1.9450342175537697E-12	1.4299159729272673E-12
GOTERM_BP_FAT	GO:0009967~positive regulation of signal transduction	30	46.15384615384615	5.240832426759622E-14	P01583, P29474, P28482, P04637, P13500, P00749, P14780, P04040, P01579, Q14790, P05231, O14920, P29965, P01375, O15392, O15111, P04626, P31749, P37231, Q04206, Q07812, P01106, P08253, P05362, Q16665, P00533, P09601, P01344, P22301, P01584	65	1775	19104	4.967453954496208	1.872342281217243E-10	2.057170706415975E-12	1.512354500293491E-12
KEGG_PATHWAY	hsa05220:Chronic myeloid leukemia	13	20.0	6.02522976232273E-14	P24385, O15111, P04637, P28482, P31749, P11802, P38936, Q04206, Q07812, P01106, O14920, P25963, P06400	63	77	9375	25.123685837971554	1.3383294472646412E-11	6.398220176180803E-13	2.496166615819417E-13
GOTERM_BP_FAT	GO:0045596~negative regulation of cell differentiation	22	33.84615384615385	6.188126401364927E-14	P31645, P24385, P04626, P04637, P28482, P37231, P42224, P14780, Q07869, P01106, P01579, P02778, P00533, Q16236, P05231, P05112, P01344, P60568, P25963, P01584, P06400, P01375	65	797	19104	8.112884856674066	2.2095225649110262E-10	2.402607337573426E-12	1.7663065141287283E-12
GOTERM_MF_FAT	GO:0019899~enzyme binding	34	52.307692307692314	6.495511277415389E-14	P24385, P10415, P28482, P04637, P35354, P42224, P08581, Q07869, P04040, P08684, Q14790, P09211, Q16236, P05177, O14920, P25963, P01375, P06400, P31645, O96017, P35869, O15392, P04626, P31749, P38936, P37231, Q04206, P09488, P01106, Q16665, P00533, P42574, P09601	65	2193	17305	4.127608825283244	2.948641331101953E-11	2.948962119946587E-11	2.455303262863017E-11
GOTERM_BP_FAT	GO:0033554~cellular response to stress	30	46.15384615384615	7.10206862035528E-14	P01583, P24385, P29474, P10415, P28482, P04637, P35354, Q07869, P04040, Q16236, P05231, O14920, P25963, P01375, O96017, P31749, P38936, P10145, P37231, Q04206, Q07812, P09488, P01106, P02778, P05164, P08253, Q16665, P08254, P42574, P09601	65	1796	19104	4.909371252355663	2.538769194870838E-10	2.7278052808504364E-12	2.0053798061347276E-12
KEGG_PATHWAY	hsa04625:C-type lectin receptor signaling pathway	14	21.53846153846154	1.0753239103429813E-13	O15111, P28482, P31749, P35354, P42224, Q04206, Q14790, P05231, O14920, P60568, P25963, P01584, P22301, P01375	63	105	9375	19.841269841269842	2.3882895661131442E-11	1.0899874182112948E-12	4.252417281810881E-13
GOTERM_BP_FAT	GO:0071356~cellular response to tumor necrosis factor	13	20.0	1.2081042962920584E-13	O15111, P04637, P28482, P31749, P19320, P13500, P10145, P42224, Q04206, Q16236, O14920, P25963, P01375	65	155	19104	24.650322580645163	4.3159076312804245E-10	4.590796325909822E-12	3.374980725598878E-12
GOTERM_BP_FAT	GO:0032103~positive regulation of response to external stimulus	20	30.76923076923077	1.3098379867503496E-13	P01583, O15111, P28482, P35354, P13500, P10145, P00749, P08581, Q04206, P01579, P02778, P00533, P05231, P42574, O14920, P60568, P25963, P01584, P01375	65	634	19104	9.271536034942974	4.680855703043107E-10	4.924990830181315E-12	3.620667950743598E-12
KEGG_PATHWAY	hsa05225:Hepatocellular carcinoma	16	24.615384615384617	1.7982695308543653E-13	P24385, P04637, P28482, P31749, P11802, P38936, P08581, Q07812, P09488, P01106, P00533, P09211, Q16236, P09601, P01344, P06400	63	170	9375	14.005602240896357	3.992806085761913E-11	1.7435395886109714E-12	6.802149964536078E-13
GOTERM_BP_FAT	GO:0035556~intracellular signal transduction	30	46.15384615384615	1.817574082505034E-13	P24385, O75469, P29474, P10415, P28482, P04637, Q07869, Q16236, O14920, P25963, P01375, P06400, O96017, P35869, O15392, O15111, P04626, P31749, P38936, P35228, P10145, P37231, Q04206, Q07812, P01106, Q16665, P00533, P42574, P09601, P01584	65	1863	19104	4.7328130806391675	6.493695581255565E-10	6.762890231987481E-12	4.971822438185645E-12
GOTERM_BP_FAT	GO:0002521~leukocyte differentiation	18	27.692307692307693	1.9439209323283828E-13	P01583, P10415, P04626, P04637, P19320, P37231, P14780, Q07812, P01579, Q14790, Q16236, P05231, P05112, P60568, P29965, P01584, P22301, P01375	65	476	19104	11.114156431803492	6.945913844091933E-10	7.1584387322443125E-12	5.2626148126745705E-12
GOTERM_BP_FAT	GO:0030155~regulation of cell adhesion	22	33.84615384615385	2.5894030118500466E-13	P01583, P09917, P10415, P04626, P31749, P19320, P13500, P10145, P00749, Q07869, Q04206, P01579, P08253, P05231, P42574, P05112, P01344, P60568, P29965, P01584, P22301, P01375	65	858	19104	7.536094674556214	9.250640253810616E-10	9.438109753396292E-12	6.938543172569615E-12
GOTERM_BP_FAT	GO:1903131~mononuclear cell differentiation	17	26.153846153846157	3.1116166170139656E-13	P01583, P10415, P04626, P04637, P19320, P37231, P14780, Q07812, P01579, Q14790, Q16236, P05231, P05112, P60568, P29965, P01584, P22301	65	412	19104	12.127259148618371	1.1119015708160873E-9	1.122696419795342E-11	8.253641652806741E-12
GOTERM_BP_FAT	GO:1903037~regulation of leukocyte cell-cell adhesion	17	26.153846153846157	3.8823331278959414E-13	P01583, P09917, P04626, P31749, P19320, P13500, Q07869, Q04206, P05231, P42574, P05112, P01344, P60568, P29965, P01584, P22301, P01375	65	418	19104	11.953183658446818	1.3871993553848938E-9	1.3867693932844303E-11	1.0195006793854744E-11
GOTERM_BP_FAT	GO:0009416~response to light stimulus	16	24.615384615384617	4.077036473564399E-13	P24385, P10415, P04637, P31749, P03956, P38936, P14780, Q04206, Q07812, P04040, P01106, P08253, P00533, Q16665, P08254, P42574	65	347	19104	13.551939702948347	1.4566188255571433E-9	1.4418984439180231E-11	1.0600294831267438E-11
KEGG_PATHWAY	hsa05168:Herpes simplex virus 1 infection	16	24.615384615384617	4.1905557946417805E-13	O15111, P10415, P04637, P31749, P13500, P42224, Q04206, Q07812, P01579, Q14790, P05231, P42574, O14920, P25963, P01584, P01375	63	180	9375	13.227513227513228	9.304224057871124E-11	3.8937247591879874E-12	1.5190764755576454E-12
GOTERM_MF_FAT	GO:0140677~molecular function activator activity	27	41.53846153846154	4.4883987665056375E-13	P11926, P01583, P24385, P04637, P13500, P00749, P08581, P01579, Q14790, P05231, P05112, P29965, P01375, P31749, P38936, P10145, P01106, P02778, P05362, Q16665, P00533, P42574, P01344, P60568, P22301, P01584	65	1355	17305	5.304967357365882	2.0378387866060166E-10	1.0188665199967797E-10	8.483073668695655E-11
GOTERM_BP_FAT	GO:0048660~regulation of smooth muscle cell proliferation	13	20.0	4.841100012828383E-13	P29474, P31749, P38936, P37231, P42224, P14780, P01579, P08253, P09211, P05231, P09601, P22301, P01375	65	174	19104	21.958620689655174	1.7295365140057584E-9	1.6953342397865674E-11	1.2463459444791505E-11
KEGG_PATHWAY	hsa05144:Malaria	11	16.923076923076923	6.270351757493254E-13	P08581, P01579, P19320, P05362, P05231, P13500, P29965, P01584, P22301, P01375, P10145	63	50	9375	32.73809523809524	1.3920598007644003E-10	5.5931537676839825E-12	2.1820824116076524E-12
GOTERM_BP_FAT	GO:0008283~cell population proliferation	21	32.30769230769231	6.368826672000419E-13	P11926, P24385, P10415, P04626, P04637, P28482, P31749, P38936, P42224, Q07812, P01106, P00533, P09211, P05231, Q16665, P09601, P60568, P29965, P22301, P06400, P01375	65	793	19104	7.783179745853138	2.275768573589687E-9	2.208684356542281E-11	1.6237416350168057E-11
GOTERM_BP_FAT	GO:0043068~positive regulation of programmed cell death	19	29.230769230769234	6.632451361184879E-13	O96017, P10415, P04637, P38936, P13500, P37231, P14780, Q07812, P01106, P01579, Q14790, P05362, P08253, P05231, P42574, P09601, P29965, P22301, P01375	65	601	19104	9.291590938179958	2.369782370337248E-9	2.2779919482838833E-11	1.6746939686991817E-11
GOTERM_BP_FAT	GO:0051254~positive regulation of RNA metabolic process	30	46.15384615384615	1.063893925257317E-12	P01583, O75469, P04637, P42224, P08581, Q07869, P01579, Q16236, P05231, O14920, P05112, P25963, P01375, P06400, O96017, P35869, O15111, P04626, P31749, P37231, Q04206, P01106, P02778, Q16665, P00533, P01344, P60568, P22301, P01584	65	1997	19104	4.4152382419783525	3.801410186632381E-9	3.5707404422565196E-11	2.6250740205390872E-11
GOTERM_BP_FAT	GO:0010647~positive regulation of cell communication	30	46.15384615384615	1.063893925257317E-12	P01583, P29474, P28482, P04637, P13500, P00749, P14780, P04040, P01579, Q14790, P05231, O14920, P29965, P01375, O15392, O15111, P04626, P31749, P37231, Q04206, Q07812, P01106, P08253, P05362, Q16665, P00533, P09601, P01344, P22301, P01584	65	1997	19104	4.4152382419783525	3.801410186632381E-9	3.5707404422565196E-11	2.6250740205390872E-11
GOTERM_BP_FAT	GO:0045765~regulation of angiogenesis	16	24.615384615384617	1.0696226968685543E-12	P01583, P29474, P09917, P04626, P10145, P37231, P42224, Q04206, P02778, Q16236, P05231, Q16665, P09601, P01584, P22301, P01375	65	371	19104	12.675264358283227	3.821641003654008E-9	3.5707404422565196E-11	2.6250740205390872E-11
GOTERM_BP_FAT	GO:0023056~positive regulation of signaling	30	46.15384615384615	1.0911428852051665E-12	P01583, P29474, P28482, P04637, P13500, P00749, P14780, P04040, P01579, Q14790, P05231, O14920, P29965, P01375, O15392, O15111, P04626, P31749, P37231, Q04206, Q07812, P01106, P08253, P05362, Q16665, P00533, P09601, P01344, P22301, P01584	65	1999	19104	4.410820795012891	3.8985974448735305E-9	3.6088540610674584E-11	2.653093719026636E-11
GOTERM_BP_FAT	GO:0048732~gland development	17	26.153846153846157	1.1549781604047155E-12	Q9NRD8, P24385, P10415, P28482, P31749, P08581, Q07869, Q04206, Q07812, P08253, P00533, P05231, Q16665, P01344, P22301, P01375	65	449	19104	11.127908172006169	4.126689989725207E-9	3.7849376045556364E-11	2.782543714883287E-11
GOTERM_BP_FAT	GO:0006915~apoptotic process	24	36.92307692307693	1.2205543654624708E-12	P01583, O96017, P35869, O15392, P10415, P04637, P28482, P31749, P38936, P14780, P08581, Q07812, P01106, P01579, Q14790, P05231, Q16665, P42574, P09601, P60568, P01584, P22301, P06400, P01375	65	1165	19104	6.0547507428194125	4.361129457564061E-9	3.9634729031199514E-11	2.913796148822226E-11
KEGG_PATHWAY	hsa01522:Endocrine resistance	13	20.0	1.3577172176987863E-12	P24385, P10415, P04626, P04637, P28482, P31749, P11802, P38936, P14780, Q07812, P08253, P00533, P06400	63	99	9375	19.54064454064454	3.0140756557273107E-10	1.1645036136416514E-11	4.543130689992093E-12
KEGG_PATHWAY	hsa01524:Platinum drug resistance	12	18.461538461538463	1.4748662066492754E-12	O15392, P10415, P04626, P04637, P28482, Q07812, P31749, P09488, Q14790, P38936, P09211, P42574	63	75	9375	23.809523809523807	3.2741009903247686E-10	1.2181302373436608E-11	4.752346665869887E-12
GOTERM_BP_FAT	GO:0051094~positive regulation of developmental process	26	40.0	1.5319725757901001E-12	P01583, P24385, P29474, P10415, P28482, P35354, P42224, P01579, Q14790, Q16236, P05231, P05112, P01375, P06400, P09917, P31749, P10145, P37231, Q07812, P01106, Q16665, P09601, P01344, P60568, P22301, P01584	65	1438	19104	5.314047287899861	5.473824393753546E-9	4.929915352002016E-11	3.6242882738962187E-11
GOTERM_BP_FAT	GO:1901342~regulation of vasculature development	16	24.615384615384617	1.5675034850222919E-12	P01583, P29474, P09917, P04626, P10145, P37231, P42224, Q04206, P02778, Q16236, P05231, Q16665, P09601, P01584, P22301, P01375	65	381	19104	12.34258025439128	5.600762853497088E-9	4.9992164718746665E-11	3.6752358497040526E-11
GOTERM_MF_FAT	GO:0005126~cytokine receptor binding	15	23.076923076923077	2.0722936630551573E-12	P01583, P13500, P10145, P42224, P01579, Q14790, P02778, P05231, P42574, P05112, P60568, P29965, P01584, P22301, P01375	65	288	17305	13.866185897435898	9.40843403185454E-10	3.136071076756805E-10	2.611090015449498E-10
KEGG_PATHWAY	hsa05140:Leishmaniasis	12	18.461538461538463	2.3072197372084974E-12	P01583, P42224, Q04206, P28482, P01579, P35354, P35228, P05112, P25963, P01584, P22301, P01375	63	78	9375	22.893772893772894	5.122129387302721E-10	1.8375357192767676E-11	7.1688613263264025E-12
GOTERM_BP_FAT	GO:0035295~tube development	22	33.84615384615385	2.47064866778754E-12	P29474, P10415, P28482, P31749, P13500, P10145, P42224, P08581, Q07812, P04040, P01106, Q14790, P08253, P00533, Q16236, Q16665, P42574, P05177, P09601, P06400, P01375	65	965	19104	6.700486249501793	8.827776509789942E-9	7.809873487908931E-11	5.7415251341682125E-11
GOTERM_BP_FAT	GO:0065008~regulation of biological quality	37	56.92307692307692	2.501723772812566E-12	Q9NRD8, P24385, P29474, P10415, P28482, P04637, P35354, P13500, P42224, P00749, P08581, Q07869, P08684, P01579, Q16236, P05231, P05177, P29965, P01375, P31645, O96017, O15392, P09917, P04626, P31749, P35228, P10145, P37231, P23219, Q07812, P08253, Q16665, P42574, P60568, P22301, P01584	65	3321	19104	3.2744910013202695	8.938847662065541E-9	7.838734488146039E-11	5.762742655619121E-11
KEGG_PATHWAY	hsa05205:Proteoglycans in cancer	16	24.615384615384617	2.62511258319274E-12	P24385, P04626, P04637, P28482, P31749, P38936, P00749, P14780, P08581, P01106, P08253, P00533, Q16665, P42574, P01344, P01375	63	204	9375	11.671335200746965	5.827771598632125E-10	2.0186210553516586E-11	7.87533774957822E-12
KEGG_PATHWAY	hsa04064:NF-kappa B signaling pathway	13	20.0	2.7822521072456908E-12	O15111, P10415, P19320, P35354, P10145, P00749, Q04206, P05362, O14920, P25963, P29965, P01584, P01375	63	105	9375	18.424036281179138	6.176525957357626E-10	2.0681407330526304E-11	8.068531111012502E-12
GOTERM_BP_FAT	GO:0050670~regulation of lymphocyte proliferation	14	21.53846153846154	2.8858251644944565E-12	P01583, P35869, P10415, P04626, P19320, P38936, P05231, P42574, P05112, P01344, P60568, P29965, P01584, P22301	65	260	19104	15.825798816568048	1.031097307535589E-8	8.963623902238434E-11	6.589719027793428E-11
GOTERM_BP_FAT	GO:0012501~programmed cell death	24	36.92307692307693	2.953170696866711E-12	P01583, O96017, P35869, O15392, P10415, P04637, P28482, P31749, P38936, P14780, P08581, Q07812, P01106, P01579, Q14790, P05231, Q16665, P42574, P09601, P60568, P01584, P22301, P06400, P01375	65	1216	19104	5.800809716599191	1.0551759355159618E-8	9.093729076903355E-11	6.685367456872399E-11
GOTERM_BP_FAT	GO:0008219~cell death	24	36.92307692307693	3.2674698997458326E-12	P01583, O96017, P35869, O15392, P10415, P04637, P28482, P31749, P38936, P14780, P08581, Q07812, P01106, P01579, Q14790, P05231, Q16665, P42574, P09601, P60568, P01584, P22301, P06400, P01375	65	1222	19104	5.772327835830291	1.1674768041203265E-8	9.975557676830867E-11	7.33365466387398E-11
GOTERM_BP_FAT	GO:0009725~response to hormone	21	32.30769230769231	3.3410140831926816E-12	P24385, P29474, O15111, P10415, P28482, P31749, P35228, P37231, P42224, Q07869, Q04206, P04040, P08253, P09211, Q16236, P05231, P42574, P01344, P22301, P06400, P01375	65	868	19104	7.110669975186105	1.1937371979797717E-8	1.0113646021325643E-10	7.435172019037273E-11
GOTERM_BP_FAT	GO:0032944~regulation of mononuclear cell proliferation	14	21.53846153846154	3.5007413729638487E-12	P01583, P35869, P10415, P04626, P19320, P38936, P05231, P42574, P05112, P01344, P60568, P29965, P01584, P22301	65	264	19104	15.586013986013986	1.2508198365956957E-8	1.0508107717837704E-10	7.725165416305098E-11
GOTERM_BP_FAT	GO:0043065~positive regulation of apoptotic process	18	27.692307692307693	4.124077689096698E-12	O96017, P10415, P04637, P13500, P37231, P14780, Q07812, P01106, P01579, Q14790, P05362, P08253, P05231, P42574, P09601, P29965, P22301, P01375	65	576	19104	9.184615384615386	1.473517496908272E-8	1.2276004587877837E-10	9.024856676306607E-11
GOTERM_BP_FAT	GO:0071466~cellular response to xenobiotic stimulus	13	20.0	4.269643407601369E-12	O96017, P35869, O75469, P04637, P35228, P08684, P09488, P01106, P09211, Q16236, P05177, P01584, P06400	65	209	19104	18.281339712918662	1.5255622654031242E-8	1.2604269629712471E-10	9.266184783769583E-11
KEGG_PATHWAY	hsa04620:Toll-like receptor signaling pathway	13	20.0	4.379310418412089E-12	O15111, P28482, P31749, P10145, P42224, Q04206, Q14790, P02778, P05231, O14920, P25963, P01584, P01375	63	109	9375	17.7479248580166	9.721989879807325E-10	3.051831947830925E-11	1.1906250200057868E-11
KEGG_PATHWAY	hsa04659:Th17 cell differentiation	13	20.0	4.379310418412089E-12	P35869, O15111, P28482, P42224, Q04206, P01579, P05231, Q16665, O14920, P05112, P60568, P25963, P01584	63	109	9375	17.7479248580166	9.721989879807325E-10	3.051831947830925E-11	1.1906250200057868E-11
KEGG_PATHWAY	hsa04066:HIF-1 signaling pathway	13	20.0	4.89113020604796E-12	P29474, P10415, P04626, P28482, P31749, P38936, P35228, Q04206, P01579, P00533, P05231, Q16665, P09601	63	110	9375	17.586580086580085	1.0858214327669202E-9	3.305218290753622E-11	1.2894797815944621E-11
GOTERM_BP_FAT	GO:0009894~regulation of catabolic process	24	36.92307692307693	5.03220575941089E-12	P11926, O96017, O15111, P10415, P04637, P31749, P35228, P08581, Q07869, Q04206, Q07812, P01579, P00533, Q16236, P05231, Q16665, P42574, P09601, O14920, P05112, P01584, P22301, P01375	65	1248	19104	5.6520710059171595	1.798003934627701E-8	1.4733638502144014E-10	1.0831616659190981E-10
GOTERM_BP_FAT	GO:0035094~response to nicotine	9	13.846153846153847	5.733391443044842E-12	P10415, Q07869, Q04206, P28482, P19320, P08253, P42574, P09601, P01375	65	51	19104	51.8660633484163	2.0485487084442866E-8	1.665014165411071E-10	1.224055766620793E-10
GOTERM_BP_FAT	GO:1902893~regulation of miRNA transcription	10	15.384615384615385	6.392414087645262E-12	P37231, Q07869, Q04206, P04637, P01106, P05231, Q16665, P00533, P22301, P01375	65	81	19104	36.28490028490029	2.2840195512685568E-8	1.8414276710539416E-10	1.353748338238424E-10
GOTERM_BP_FAT	GO:2001141~regulation of RNA biosynthetic process	37	56.92307692307692	7.040933289833934E-12	P01583, P24385, O75469, P28482, P04637, P11802, P42224, P08581, Q07869, P01579, P09211, Q16236, P05231, O14920, P05112, P25963, P01375, P06400, O96017, P35869, O15392, O15111, P04626, P31749, P10145, P37231, Q04206, P01106, P02778, Q16665, P00533, P09601, P01344, P60568, P22301, P01584	65	3436	19104	3.164896570251634	2.5157218974669604E-8	2.012017096902945E-10	1.4791592655283128E-10
KEGG_PATHWAY	hsa05152:Tuberculosis	15	23.076923076923077	7.825404809001514E-12	P01583, P10415, P28482, P31749, P35228, P42224, Q04206, Q07812, P01579, Q14790, P05231, P42574, P01584, P22301, P01375	63	181	9375	12.332280978689818	1.7372403515736323E-9	5.1325449188451107E-11	2.002382995244505E-11
GOTERM_BP_FAT	GO:0070141~response to UV-A	7	10.76923076923077	8.670553559607757E-12	P24385, P14780, P03956, P31749, P08253, P00533, P08254	65	16	19104	128.5846153846154	3.097972733900889E-8	2.4580331202316594E-10	1.80705346408968E-10
KEGG_PATHWAY	hsa04151:PI3K-Akt signaling pathway	19	29.230769230769234	9.362302228437382E-12	P24385, P29474, O15111, P10415, P04626, P04637, P28482, P31749, P11802, P38936, P08581, Q04206, P01106, P00533, P05231, O14920, P05112, P01344, P60568	63	362	9375	7.810444619836884	2.0784280962971025E-9	5.965123991261531E-11	2.3272008396401493E-11
GOTERM_MF_FAT	GO:0042802~identical protein binding	32	49.23076923076923	1.0145948099022265E-11	P11926, P10415, P28482, P04637, P35354, P42224, P14780, P08581, P04040, Q14790, P05231, O14920, P25963, P01375, P06400, P31645, O96017, P35869, O15392, Q9UNQ0, O15111, P04626, P31749, P35228, P37231, Q04206, Q07812, P09488, P01106, P00533, P09601	65	2290	17305	3.7202552905609676	4.606281800434431E-9	1.151565109239027E-9	9.587920953576041E-10
GOTERM_BP_FAT	GO:0006357~regulation of transcription by RNA polymerase II	33	50.76923076923077	1.3659220115864746E-11	P01583, P24385, O75469, P28482, P04637, P11802, P42224, P08581, Q07869, P01579, P09211, Q16236, P05231, O14920, P05112, P25963, P01375, P06400, P35869, O15111, P31749, P37231, Q04206, P01106, P02778, Q16665, P00533, P09601, P01344, P60568, P22301, P01584	65	2736	19104	3.5449392712550605	4.8804266405966246E-8	3.8417900987298326E-10	2.824339529469356E-10
GOTERM_BP_FAT	GO:0019219~regulation of nucleobase-containing compound metabolic process	40	61.53846153846154	1.6054890130116497E-11	P01583, P24385, O75469, P28482, P04637, P11802, P42224, P08581, Q07869, P01579, P09211, Q16236, P05231, O14920, P05112, P25963, P01375, P06400, O96017, P35869, O15392, O15111, P04626, P31749, P38936, P10145, P37231, Q04206, Q07812, P01106, P02778, Q16665, P00533, P42574, P09601, P01344, P60568, P22301, P01584	65	4174	19104	2.8165567063506693	5.7364281658145444E-8	4.480317776935635E-10	3.2937610532567127E-10
GOTERM_BP_FAT	GO:0001775~cell activation	20	30.76923076923077	1.6795908470677232E-11	P31645, P10415, P04626, P04637, P19320, P10145, Q07812, P01106, P01579, Q14790, P02778, P05362, Q16236, P05231, P05112, P60568, P29965, P01584, P22301, P01375	65	836	19104	7.031284504968716	6.001174179814939E-8	4.65077403544644E-10	3.4190740809301094E-10
KEGG_PATHWAY	hsa04660:T cell receptor signaling pathway	13	20.0	1.7003816938760132E-11	O15111, P28482, P31749, P11802, Q04206, P01579, O14920, P05112, P60568, P25963, P29965, P22301, P01375	63	122	9375	15.856752537080405	3.774853096771835E-9	1.0532919937065304E-10	4.109255760200365E-11
GOTERM_BP_FAT	GO:0009892~negative regulation of metabolic process	37	56.92307692307692	1.8366904700242206E-11	P01583, P24385, O75469, P10415, P04637, P42224, P00749, P08581, Q07869, P01579, P09211, P05231, O14920, P05112, P25963, P01375, P06400, P35869, O15392, O15111, P31749, P38936, P35228, P10145, P37231, Q04206, P01106, P08253, Q16665, P08254, P00533, P42574, P09601, P01344, P22301, P01584	65	3547	19104	3.0658541345882764	6.562480148186722E-8	5.046660276097319E-10	3.7101147494489255E-10
GOTERM_BP_FAT	GO:0022407~regulation of cell-cell adhesion	17	26.153846153846157	1.911593697839437E-11	P01583, P09917, P04626, P31749, P19320, P13500, Q07869, Q04206, P05231, P42574, P05112, P01344, P60568, P29965, P01584, P22301, P01375	65	541	19104	9.235546708374805	6.830121934697786E-8	5.212376098230892E-10	3.831942786661345E-10
KEGG_PATHWAY	hsa05171:Coronavirus disease - COVID-19	16	24.615384615384617	2.4316996206426386E-11	O15111, P28482, P03956, P13500, P10145, P42224, Q04206, P02778, P00533, P05231, P08254, O14920, P60568, P25963, P01584, P01375	63	238	9375	10.004001600640256	5.398372415754693E-9	1.4655919335224553E-10	5.717780189078637E-11
GOTERM_BP_FAT	GO:1902895~positive regulation of miRNA transcription	9	13.846153846153847	2.958102240785453E-11	P37231, Q04206, P04637, P01106, P05231, Q16665, P00533, P22301, P01375	65	62	19104	42.66401985111663	1.0569292285822485E-7	8.004803942489121E-10	5.884830669926213E-10
GOTERM_BP_FAT	GO:0001819~positive regulation of cytokine production	17	26.153846153846157	3.030382442249242E-11	P01583, O15111, P35354, P35228, P42224, Q04206, P01579, Q14790, P05231, Q16665, P09601, P05112, P60568, P29965, P01584, P22301, P01375	65	558	19104	8.954177005789909	1.0827572349825232E-7	8.138741416326537E-10	5.98329646116279E-10
GOTERM_BP_FAT	GO:2000628~regulation of miRNA metabolic process	10	15.384615384615385	3.055352186769329E-11	P37231, Q07869, Q04206, P04637, P01106, P05231, Q16665, P00533, P22301, P01375	65	96	19104	30.615384615384617	1.091678627496151E-7	8.144565679955257E-10	5.987578240638999E-10
GOTERM_BP_FAT	GO:0031667~response to nutrient levels	17	26.153846153846157	3.3697676054604473E-11	P31645, P24385, P10415, P04637, P28482, P31749, P19320, P38936, P37231, P42224, Q07869, P04040, P02778, P05164, P09211, Q16236, P01375	65	562	19104	8.890446208595675	1.2040191521567323E-7	8.916155471633124E-10	6.554822023658618E-10
KEGG_PATHWAY	hsa05223:Non-small cell lung cancer	11	16.923076923076923	3.3747614346405365E-11	P24385, P08581, P04626, P04637, P28482, Q07812, P11802, P31749, P38936, P00533, P06400	63	73	9375	22.423352902804957	7.491958387007003E-9	1.9804521050653673E-10	7.72642749509807E-11
GOTERM_BP_FAT	GO:0006355~regulation of DNA-templated transcription	36	55.38461538461539	3.6763762902846046E-11	P01583, P24385, O75469, P28482, P04637, P11802, P42224, P08581, Q07869, P01579, P09211, Q16236, P05231, O14920, P05112, P25963, P01375, P06400, O96017, P35869, O15392, O15111, P04626, P31749, P37231, Q04206, P01106, P02778, Q16665, P00533, P09601, P01344, P60568, P22301, P01584	65	3424	19104	3.0901509705248027	1.3135709953093766E-7	9.655894197718095E-10	7.09865010168189E-10
GOTERM_BP_FAT	GO:0048468~cell development	31	47.69230769230769	3.7831506397829844E-11	P01583, P10415, P28482, P04637, P14780, P08581, P01579, Q14790, P09211, Q16236, P05231, P05112, P29965, P01375, P06400, P04626, P31749, P19320, P37231, Q07812, P08253, P05362, Q16665, P00533, P42574, P09601, P01344, P60568, P22301, P01584	65	2478	19104	3.6768113242689515	1.3517199648482858E-7	9.86380590168235E-10	7.25149896355483E-10
GOTERM_BP_FAT	GO:0051246~regulation of protein metabolic process	26	40.0	5.1158506026799306E-11	P11926, P10415, P28482, P04637, P00749, P14780, P01579, Q14790, Q16236, P05231, P05112, P01375, P06400, O96017, P04626, P31749, P38936, P35228, Q04206, P01106, P08253, Q16665, P00533, P42574, P22301, P01584	65	1688	19104	4.527014218009478	1.8278938196392147E-7	1.3241897357081674E-9	9.734944697563403E-10
GOTERM_BP_FAT	GO:1900015~regulation of cytokine production involved in inflammatory response	10	15.384615384615385	5.313875832387561E-11	P09917, Q07869, Q04206, P05231, Q16665, P09601, O14920, P35228, P25963, P01375	65	102	19104	28.814479638009054	1.898646130316095E-7	1.3655514009559978E-9	1.0039020097733623E-9
KEGG_PATHWAY	hsa04210:Apoptosis	13	20.0	6.75751311645529E-11	O15392, O15111, P10415, P04637, P28482, P31749, Q04206, Q07812, Q14790, P42574, O14920, P25963, P01375	63	137	9375	14.120611748348972	1.5001687114768458E-8	3.8639113460757175E-10	1.5074452336707956E-10
GOTERM_BP_FAT	GO:2001237~negative regulation of extrinsic apoptotic signaling pathway	10	15.384615384615385	6.917674991192438E-11	P01583, P29474, P10415, Q04206, P31749, P05362, P09211, P09601, P01584, P01375	65	105	19104	27.99120879120879	2.4716858804119113E-7	1.764995362038528E-9	1.29755818049081E-9
GOTERM_BP_FAT	GO:0051128~regulation of cellular component organization	32	49.23076923076923	7.224346272366932E-11	P01583, P10415, P28482, P04637, P13500, P00749, P14780, Q07869, P01579, Q16236, P05231, O14920, P05112, P01375, P06400, O96017, O15392, P04626, P31749, P03956, P38936, P37231, Q07812, P01106, P02778, P05362, P08254, P00533, P01344, P60568, P22301, P01584	65	2724	19104	3.4526601152151817	2.581257544376214E-7	1.830167722332956E-9	1.345470447605359E-9
KEGG_PATHWAY	hsa05135:Yersinia infection	13	20.0	7.364291134803164E-11	O15111, P28482, P31749, P13500, P10145, Q04206, P05231, O14920, P60568, P25963, P01584, P22301, P01375	63	138	9375	14.018288474810213	1.6348716935787877E-8	4.105592307652764E-10	1.601733321819688E-10
GOTERM_BP_FAT	GO:0009895~negative regulation of catabolic process	15	23.076923076923077	7.467362318153196E-11	O15111, P10415, P04637, P31749, P35228, P08581, Q07869, Q04206, P00533, P09601, O14920, P01584, P22301, P01375	65	415	19104	10.623169601482854	2.6680873943529804E-7	1.8784097324255787E-9	1.3809361582725558E-9
GOTERM_BP_FAT	GO:0050865~regulation of cell activation	18	27.692307692307693	7.530148587725793E-11	P01583, P35869, P29474, P10415, P04626, P31749, P19320, P38936, P13500, P05231, P42574, P05112, P01344, P60568, P29965, P01584, P22301, P01375	65	693	19104	7.6339660339660345	2.6905197947346693E-7	1.880957395479478E-9	1.3828091042914637E-9
GOTERM_BP_FAT	GO:2000630~positive regulation of miRNA metabolic process	9	13.846153846153847	9.091817748503734E-11	P37231, Q04206, P04637, P01106, P05231, Q16665, P00533, P22301, P01375	65	71	19104	37.25590465872156	3.248505396902246E-7	2.255275902614954E-9	1.6579939866368614E-9
GOTERM_BP_FAT	GO:0045321~leukocyte activation	18	27.692307692307693	9.405990210314846E-11	P10415, P04626, P04637, P19320, P10145, Q07812, P01106, P01579, Q14790, P05362, Q16236, P05231, P05112, P60568, P29965, P01584, P22301, P01375	65	703	19104	7.525374767480031	3.360758625836624E-7	2.3171170366375604E-9	1.7034572615370197E-9
GOTERM_BP_FAT	GO:0022409~positive regulation of cell-cell adhesion	14	21.53846153846154	9.946338951000883E-11	P01583, P09917, P31749, P19320, P13500, Q04206, P05231, P05112, P01344, P60568, P29965, P01584, P22301, P01375	65	345	19104	11.926688963210704	3.553827989666303E-7	2.4334467625325447E-9	1.7889784989950902E-9
GOTERM_BP_FAT	GO:0043523~regulation of neuron apoptotic process	13	20.0	1.0084725587970272E-10	P24385, O15392, P10415, P04637, P31749, P13500, Q07812, Q14790, P08253, Q16665, P42574, P22301, P01375	65	274	19104	13.944525547445256	3.603270501972844E-7	2.4505197143013475E-9	1.801529890748975E-9
GOTERM_BP_FAT	GO:0071214~cellular response to abiotic stimulus	14	21.53846153846154	1.1069756713291487E-10	O96017, P04637, P03956, P38936, P35354, P14780, Q07812, P01106, Q14790, P08253, P08254, P42574, P01584, P01375	65	348	19104	11.823872679045094	3.955223116802742E-7	2.653769864421288E-9	1.950951753631104E-9
GOTERM_BP_FAT	GO:0104004~cellular response to environmental stimulus	14	21.53846153846154	1.1069756713291487E-10	O96017, P04637, P03956, P38936, P35354, P14780, Q07812, P01106, Q14790, P08253, P08254, P42574, P01584, P01375	65	348	19104	11.823872679045094	3.955223116802742E-7	2.653769864421288E-9	1.950951753631104E-9
GOTERM_BP_FAT	GO:0045785~positive regulation of cell adhesion	16	24.615384615384617	1.1465935317087946E-10	P01583, P09917, P04626, P31749, P19320, P13500, Q04206, P01579, P05231, P05112, P01344, P60568, P29965, P01584, P22301, P01375	65	516	19104	9.113416815742397	4.0967792758195287E-7	2.730421396842543E-9	2.007303076178197E-9
KEGG_PATHWAY	hsa04936:Alcoholic liver disease	13	20.0	1.216458152688155E-10	P24385, O15111, P31749, P10145, Q07869, Q04206, Q14790, P05231, P42574, O14920, P25963, P01584, P01375	63	144	9375	13.43419312169312	2.7005368274934938E-8	6.616345562181917E-10	2.581264860582183E-10
KEGG_PATHWAY	hsa05208:Chemical carcinogenesis - reactive oxygen species	15	23.076923076923077	1.6574317299634074E-10	P35869, O15111, P28482, P31749, P08581, Q04206, P04040, P09488, P00533, Q16236, Q16665, P05177, P09601, O14920, P25963	63	227	9375	9.833228445563247	3.679498905562184E-8	8.800173232900948E-10	3.433251440638487E-10
GOTERM_BP_FAT	GO:0002694~regulation of leukocyte activation	17	26.153846153846157	1.7769764040120888E-10	P01583, P35869, P10415, P04626, P31749, P19320, P38936, P13500, P05231, P42574, P05112, P01344, P60568, P29965, P01584, P22301, P01375	65	629	19104	7.943451143451143	6.349134461514083E-7	4.203549480219325E-9	3.0902914151892352E-9
GOTERM_BP_FAT	GO:0150077~regulation of neuroinflammatory response	8	12.307692307692308	1.9117876824360572E-10	P14780, P28482, P05231, P08254, P35354, P05112, P01584, P01375	65	47	19104	50.02684124386253	6.830814029967769E-7	4.492701053724735E-9	3.302864772419136E-9
GOTERM_BP_FAT	GO:1902532~negative regulation of intracellular signal transduction	19	29.230769230769234	1.9261711835073787E-10	O96017, P10415, P31749, P35354, P37231, P42224, P14780, Q07869, Q04206, P01106, Q14790, P09211, Q16236, Q16665, P08254, P25963, P01584, P22301, P01375	65	847	19104	6.592970665697939	6.882208203329299E-7	4.496917299011998E-9	3.3059643973139714E-9
GOTERM_BP_FAT	GO:1903039~positive regulation of leukocyte cell-cell adhesion	13	20.0	1.9396307222396493E-10	P01583, P09917, P31749, P19320, P13500, Q04206, P05231, P05112, P01344, P60568, P29965, P01584, P01375	65	290	19104	13.175172413793105	6.930298013241298E-7	4.498935675220797E-9	3.3074482315592983E-9
KEGG_PATHWAY	hsa05210:Colorectal cancer	11	16.923076923076923	2.0238564508157655E-10	P24385, O15392, P10415, P04637, P28482, Q07812, P31749, P01106, P38936, P00533, P42574	63	87	9375	18.814997263273124	4.492961636071158E-8	1.0495813686788738E-9	4.09477933072027E-10
GOTERM_BP_FAT	GO:0051252~regulation of RNA metabolic process	37	56.92307692307692	2.0349730716765718E-10	P01583, P24385, O75469, P28482, P04637, P11802, P42224, P08581, Q07869, P01579, P09211, Q16236, P05231, O14920, P05112, P25963, P01375, P06400, O96017, P35869, O15392, O15111, P04626, P31749, P10145, P37231, Q04206, P01106, P02778, Q16665, P00533, P09601, P01344, P60568, P22301, P01584	65	3846	19104	2.827505100204008	7.270956962068809E-7	4.6896282658249775E-9	3.447638249175921E-9
GOTERM_BP_FAT	GO:2001236~regulation of extrinsic apoptotic signaling pathway	11	16.923076923076923	2.38884820364992E-10	P01583, P29474, P10415, Q04206, P31749, P05362, P09211, P09601, P29965, P01584, P01375	65	170	19104	19.017556561085975	8.535350292104837E-7	5.469849861177894E-9	4.0212278094773655E-9
GOTERM_BP_FAT	GO:0071347~cellular response to interleukin-1	9	13.846153846153847	2.419605615262918E-10	P01583, Q04206, P08253, Q16665, O14920, P13500, P25963, P01584, P10145	65	80	19104	33.06461538461539	8.645247169258852E-7	5.504988062241493E-9	4.047060092790078E-9
GOTERM_BP_FAT	GO:1901699~cellular response to nitrogen compound	17	26.153846153846157	2.509428248849148E-10	P31645, P35869, P04637, P28482, P31749, P19320, P37231, P42224, Q04206, P05362, P09211, Q16236, P08254, P42574, P01344, P06400, P01375	65	644	19104	7.75843287147635	8.966183013825457E-7	5.6732137372716186E-9	4.170733279416369E-9
GOTERM_MF_FAT	GO:0098772~molecular function regulator activity	32	49.23076923076923	2.645271208552516E-10	P11926, P01583, P24385, P10415, P04637, P11802, P13500, P00749, P08581, P01579, Q14790, P09211, P05231, P05112, P25963, P29965, P01375, O15392, P31749, P38936, P10145, P01106, P02778, P05362, Q16665, P00533, P42574, P01344, P60568, P22301, P01584	65	2596	17305	3.281735213938604	1.2009528116418977E-7	2.4019062573656847E-8	1.9998250336657022E-8
GOTERM_BP_FAT	GO:0062013~positive regulation of small molecule metabolic process	11	16.923076923076923	2.6799515943714795E-10	P37231, Q07869, P28482, P31749, P01579, Q16665, P35354, P01344, P05112, P01584, P01375	65	172	19104	18.796422182468696	9.57546325563996E-7	6.02062081452511E-9	4.426133891081449E-9
KEGG_PATHWAY	hsa05165:Human papillomavirus infection	17	26.153846153846157	2.7791627970698707E-10	P24385, O15111, P04637, P28482, P31749, P11802, P38936, P35354, P42224, Q04206, Q07812, Q14790, P00533, P42574, O14920, P06400, P01375	63	333	9375	7.596882596882596	6.169740462969031E-8	1.4085302357876846E-9	5.495162803297245E-10
GOTERM_BP_FAT	GO:0050776~regulation of immune response	21	32.30769230769231	2.977959600564912E-10	P35869, O15111, P10415, P28482, P31749, P35228, P37231, Q04206, Q07812, P01579, Q14790, P00533, Q16236, P05231, O14920, P05112, P60568, P25963, P01584, P22301, P01375	65	1115	19104	5.535481200413936	1.064024578112388E-6	6.648294808261166E-9	4.887576194427162E-9
GOTERM_BP_FAT	GO:0051249~regulation of lymphocyte activation	16	24.615384615384617	3.2325083553486294E-10	P01583, P35869, P10415, P04626, P31749, P19320, P38936, P13500, P05231, P42574, P05112, P01344, P60568, P29965, P01584, P22301	65	556	19104	8.457775318206973	1.1549746935513028E-6	7.1717514567113694E-9	5.272401826798447E-9
GOTERM_BP_FAT	GO:0097305~response to alcohol	13	20.0	3.3315754306627935E-10	P35869, P24385, P31749, P11802, P19320, P37231, Q07869, P04040, Q14790, P09211, P42574, P60568, P01375	65	304	19104	12.56842105263158	1.1903710448457616E-6	7.345918171807098E-9	5.400442642543516E-9
KEGG_PATHWAY	hsa04218:Cellular senescence	13	20.0	3.3477573384451604E-10	P01583, O96017, P24385, P04637, P28482, P31749, P11802, P38936, P10145, Q04206, P01106, P05231, P06400	63	157	9375	12.321807703973308	7.432021653652754E-8	1.6229345358114581E-9	6.331628009668021E-10
KEGG_PATHWAY	hsa04932:Non-alcoholic fatty liver disease	13	20.0	3.3477573384451604E-10	P01583, P31749, P10145, P37231, Q07869, Q04206, Q07812, Q14790, P05231, P42574, O14920, P01584, P01375	63	157	9375	12.321807703973308	7.432021653652754E-8	1.6229345358114581E-9	6.331628009668021E-10
GOTERM_BP_FAT	GO:0007346~regulation of mitotic cell cycle	16	24.615384615384617	3.5690990581513164E-10	P01583, O96017, P24385, O15392, P10415, P04637, P31749, P11802, P38936, P13500, P00533, P01344, P01584, P22301, P06400, P01375	65	560	19104	8.397362637362638	1.2752384243031045E-6	7.821363089396627E-9	5.749971856874452E-9
KEGG_PATHWAY	hsa05321:Inflammatory bowel disease	10	15.384615384615385	3.6535347910219623E-10	P01583, P42224, Q04206, P01579, P05231, P05112, P60568, P01584, P22301, P01375	63	66	9375	22.546897546897544	8.110847937725651E-8	1.7334856561657396E-9	6.762926102530015E-10
GOTERM_BP_FAT	GO:0002696~positive regulation of leukocyte activation	14	21.53846153846154	3.7147838721411247E-10	P01583, P10415, P31749, P19320, P38936, P13500, P05231, P05112, P01344, P60568, P29965, P01584, P22301, P01375	65	384	19104	10.715384615384616	1.3272914554107729E-6	8.090980482492742E-9	5.9481844196601176E-9
GOTERM_BP_FAT	GO:0071887~leukocyte apoptotic process	8	12.307692307692308	4.0139705253516115E-10	O96017, P10415, P04637, Q07812, P31749, P01106, P05231, P42574	65	52	19104	45.21656804733728	1.4341905483217232E-6	8.64007176907007E-9	6.351855673454089E-9
GOTERM_BP_FAT	GO:0062197~cellular response to chemical stress	13	20.0	4.0152629161971774E-10	P29474, P04637, P35354, P37231, Q04206, P04040, P05164, P08253, Q16236, P05231, Q16665, P08254, P42574	65	309	19104	12.365048543689321	1.4346522863029065E-6	8.64007176907007E-9	6.351855673454089E-9
GOTERM_BP_FAT	GO:0032102~negative regulation of response to external stimulus	15	23.076923076923077	4.5034955687771316E-10	P01583, P35869, P29474, P09917, P13500, P37231, P00749, Q07869, P09211, P05112, P60568, P01584, P22301, P06400, P01375	65	476	19104	9.26179702650291	1.6090975959448528E-6	9.632626450102943E-9	7.081544529107034E-9
GOTERM_BP_FAT	GO:0009611~response to wounding	15	23.076923076923077	4.628130319686903E-10	P01583, P31645, P10415, P04626, P38936, P00749, Q07869, Q07812, P08253, P05231, Q16665, P42574, P09601, P29965, P01375	65	477	19104	9.242380261248186	1.6536295183167127E-6	9.840286608286678E-9	7.23420846398679E-9
GOTERM_MF_FAT	GO:0046983~protein dimerization activity	22	33.84615384615385	4.726212955007661E-10	P11926, O96017, P35869, O15392, Q9UNQ0, O15111, P10415, P04626, P04637, P31749, P35354, P35228, P42224, Q04206, Q07812, P04040, P09488, P01106, Q16665, P09601, O14920, P22301	65	1159	17305	5.053560761930046	2.145700360722813E-7	3.576167802622464E-8	2.9775141616548263E-8
GOTERM_BP_FAT	GO:0060284~regulation of cell development	19	29.230769230769234	5.305122162342092E-10	P10415, P04626, P04637, P31749, P37231, P42224, P01106, P01579, Q14790, P05231, Q16665, O14920, P05112, P60568, P25963, P01584, P22301, P06400, P01375	65	902	19104	6.190960259252943	1.8955182579105667E-6	1.1212956428334884E-8	8.24334366763925E-9
KEGG_PATHWAY	hsa05132:Salmonella infection	15	23.076923076923077	5.348205042310767E-10	O15111, P10415, P28482, P31749, P10145, Q04206, Q07812, P01106, Q14790, P05231, P42574, O14920, P25963, P01584, P01375	63	248	9375	9.00057603686636	1.1873014871266463E-7	2.484686925906877E-9	9.693621639188264E-10
GOTERM_BP_FAT	GO:0097237~cellular response to toxic substance	10	15.384615384615385	5.444208702183625E-10	Q9NRD8, Q9UNQ0, P29474, P23219, P04040, P09488, P05164, P09211, P35354, P01375	65	132	19104	22.265734265734267	1.945213776166632E-6	1.1439243225999945E-8	8.409701207020116E-9
GOTERM_BP_FAT	GO:0070665~positive regulation of leukocyte proliferation	11	16.923076923076923	6.079459522192113E-10	P01583, P10415, P28482, P19320, P05231, P38936, P01344, P05112, P60568, P29965, P01584	65	187	19104	17.28868778280543	2.1721883987080304E-6	1.2699315446356859E-8	9.336058891974555E-9
GOTERM_BP_FAT	GO:0050867~positive regulation of cell activation	14	21.53846153846154	7.116343663362453E-10	P01583, P10415, P31749, P19320, P38936, P13500, P05231, P05112, P01344, P60568, P29965, P01584, P22301, P01375	65	405	19104	10.159772079772079	2.542666544091965E-6	1.4778825328796908E-8	1.086483631394756E-8
GOTERM_BP_FAT	GO:0051049~regulation of transport	25	38.46153846153847	7.643405822471173E-10	P01583, P29474, P10415, P28482, P13500, P14780, Q07869, P01579, Q16236, P05231, P05112, P25963, P01375, P31645, O15392, P09917, P31749, P35228, P37231, Q07812, P02778, P05164, Q16665, P42574, P01584	65	1757	19104	4.181953504662668	2.730985202870073E-6	1.5781644854258397E-8	1.1602071496999594E-8
GOTERM_BP_FAT	GO:0045937~positive regulation of phosphate metabolic process	13	20.0	9.10025388124377E-10	P04626, P28482, P31749, P38936, P14780, Q07869, P01579, P00533, P05231, Q16665, P05112, P22301, P01375	65	332	19104	11.508433734939759	3.2515154280154945E-6	1.8681670611380886E-8	1.3734061317325368E-8
KEGG_PATHWAY	hsa05218:Melanoma	10	15.384615384615385	9.245306845749657E-10	P24385, P08581, P04637, P28482, Q07812, P11802, P31749, P38936, P00533, P06400	63	73	9375	20.384866275277233	2.0524578869807186E-7	4.2075580134738235E-9	1.641513664449429E-9
GOTERM_BP_FAT	GO:0010562~positive regulation of phosphorus metabolic process	13	20.0	9.742573077080828E-10	P04626, P28482, P31749, P38936, P14780, Q07869, P01579, P00533, P05231, Q16665, P05112, P22301, P01375	65	334	19104	11.439520958083833	3.481015424022793E-6	1.988598344647584E-8	1.4619426800236716E-8
GOTERM_BP_FAT	GO:0001818~negative regulation of cytokine production	14	21.53846153846154	1.0756256714129757E-9	P01583, Q07869, Q04206, P01579, P09211, P05231, P42574, P09601, O14920, P05112, P25963, P01584, P22301, P01375	65	419	19104	9.82030475491096	3.843203241649107E-6	2.1830311922086076E-8	1.604882393824133E-8
GOTERM_BP_FAT	GO:0042129~regulation of T cell proliferation	11	16.923076923076923	1.114339579679817E-9	P01583, P04626, P19320, P05231, P42574, P01344, P05112, P60568, P29965, P01584, P22301	65	199	19104	16.24615384615385	3.981527540219965E-6	2.2488254116476305E-8	1.6532518283837288E-8
KEGG_PATHWAY	hsa05207:Chemical carcinogenesis - receptor activation	14	21.53846153846154	1.167889578782225E-9	P35869, P24385, O15392, P10415, P28482, P31749, Q07869, Q04206, P08684, P09488, P01106, P00533, P05177, P06400	63	217	9375	9.600614439324117	2.5927144953197256E-7	5.208787521368724E-9	2.032127867081072E-9
GOTERM_BP_FAT	GO:2001242~regulation of intrinsic apoptotic signaling pathway	11	16.923076923076923	1.3519217298618307E-9	P14780, P10415, P04637, Q07812, P31749, P01106, P08253, Q16665, Q16236, P35354, P22301	65	203	19104	15.926032588101554	4.830404519817755E-6	2.7129575388013814E-8	1.9944643048411053E-8
GOTERM_BP_FAT	GO:0009615~response to virus	14	21.53846153846154	1.39165847219344E-9	Q9NRD8, P11926, O15111, P10415, P42224, Q07869, Q04206, Q07812, P01579, P02778, P05231, Q16665, O14920, P01375	65	428	19104	9.613803019410497	4.972383301327099E-6	2.7770972417178588E-8	2.0416174011061306E-8
GOTERM_BP_FAT	GO:0010212~response to ionizing radiation	10	15.384615384615385	1.507959128071319E-9	O96017, P24385, P10415, P04637, Q07812, P19320, P02778, P38936, P42574, P01375	65	148	19104	19.85862785862786	5.387923321054089E-6	2.9924611141504176E-8	2.1999448168418242E-8
GOTERM_BP_FAT	GO:0051251~positive regulation of lymphocyte activation	13	20.0	1.602574439535693E-9	P01583, P10415, P31749, P19320, P38936, P13500, P05231, P05112, P01344, P60568, P29965, P01584, P22301	65	349	19104	10.94785100286533	5.725981965576388E-6	3.162649667415191E-8	2.325061037691011E-8
GOTERM_MF_FAT	GO:0005125~cytokine activity	12	18.461538461538463	1.666467283412531E-9	P01583, P01579, P02778, P05231, P13500, P05112, P60568, P29965, P01584, P22301, P01375, P10145	65	249	17305	12.830398517145506	7.56575867510989E-7	1.080823066670413E-7	8.998923330427667E-8
GOTERM_BP_FAT	GO:0050778~positive regulation of immune response	17	26.153846153846157	1.6726992071111813E-9	O15111, P10415, P28482, P31749, P35228, Q04206, Q07812, P01579, P00533, P05231, O14920, P05112, P60568, P25963, P01584, P22301, P01375	65	734	19104	6.807126388597778	5.976536391893994E-6	3.282901960330297E-8	2.4134659988318474E-8
KEGG_PATHWAY	hsa05133:Pertussis	10	15.384615384615385	1.6927926895490382E-9	P01583, Q04206, P28482, P05231, P42574, P35228, P01584, P22301, P01375, P10145	63	78	9375	19.078144078144078	3.7579990552760734E-7	7.345270233700608E-9	2.8656435440894748E-9
KEGG_PATHWAY	hsa04380:Osteoclast differentiation	12	18.461538461538463	1.7127984401454332E-9	P01583, P37231, P42224, O15111, Q04206, P28482, P31749, P01579, O14920, P25963, P01584, P01375	63	142	9375	12.575452716297786	3.802411858710997E-7	7.345270233700608E-9	2.8656435440894748E-9
GOTERM_BP_FAT	GO:0032879~regulation of localization	27	41.53846153846154	1.7742750159113035E-9	P01583, P29474, P10415, P28482, P13500, P14780, Q07869, P01579, Q16236, P05231, P05112, P25963, P01375, P31645, O15392, P09917, P04626, P31749, P35228, P37231, Q07812, P02778, P05164, Q16665, P00533, P42574, P01584	65	2164	19104	3.6670553106782315	6.339464701299313E-6	3.463229703188621E-8	2.5460361703732694E-8
GOTERM_BP_FAT	GO:0070228~regulation of lymphocyte apoptotic process	8	12.307692307692308	1.8062561497591847E-9	P10415, P04637, Q07812, P01106, P05362, Q16665, P60568, P22301	65	64	19104	36.73846153846154	6.453732385280908E-6	3.506492916815113E-8	2.5778416572106627E-8
GOTERM_BP_FAT	GO:1902533~positive regulation of intracellular signal transduction	21	32.30769230769231	1.873238243612214E-9	P01583, O15392, O15111, P04626, P04637, P31749, Q04206, Q07812, P04040, P01106, Q14790, P05362, P08253, P00533, P05231, P09601, O14920, P01344, P29965, P01584, P01375	65	1239	19104	4.98148631029987	6.693057807760638E-6	3.616868651990718E-8	2.65898574471658E-8
GOTERM_BP_FAT	GO:0097190~apoptotic signaling pathway	13	20.0	2.0055136709238595E-9	P01583, O96017, P10415, P04637, P38936, Q07812, P01106, P01579, Q14790, P42574, P60568, P01584, P01375	65	356	19104	10.732584269662922	7.165674583808901E-6	3.851448834698938E-8	2.8314402687344384E-8
GOTERM_BP_FAT	GO:0016477~cell migration	19	29.230769230769234	2.120192283505251E-9	P29474, P09917, P10415, P31749, P19320, P13500, P10145, P00749, P14780, Q07812, P02778, P05362, P08253, P00533, P05231, Q16665, P01584, P22301, P01375	65	984	19104	5.675046904315197	7.575418202176998E-6	4.049907399294522E-8	2.9773395382271602E-8
GOTERM_MF_FAT	GO:0044389~ubiquitin-like protein ligase binding	13	20.0	2.154671964968793E-9	O96017, P10415, P04637, P38936, P42224, Q04206, P01106, Q14790, P00533, Q16236, Q16665, P25963, P06400	65	325	17305	10.649230769230769	9.782206089603562E-7	1.22277634011979E-7	1.0180825034477546E-7
GOTERM_BP_FAT	GO:0050671~positive regulation of lymphocyte proliferation	10	15.384615384615385	2.2701925386243864E-9	P01583, P10415, P19320, P05231, P38936, P01344, P05112, P60568, P29965, P01584	65	155	19104	18.961786600496282	8.111365234042545E-6	4.313365823386334E-8	3.171024258738106E-8
GOTERM_BP_FAT	GO:0006935~chemotaxis	13	20.0	2.347054684282675E-9	P00749, P08581, P09917, P28482, P02778, P19320, P08253, P05231, P13500, P01584, P22301, P10145	65	361	19104	10.58393351800554	8.385991153603278E-6	4.435809170506727E-8	3.261040000490108E-8
GOTERM_BP_FAT	GO:0045787~positive regulation of cell cycle	13	20.0	2.4977651804925143E-9	P01583, P31645, O96017, P24385, O15392, P31749, P11802, P00533, P01344, P01584, P22301, P06400, P01375	65	363	19104	10.525619834710746	8.924475307647839E-6	4.6712132066592987E-8	3.4341001905619596E-8
GOTERM_BP_FAT	GO:0042330~taxis	13	20.0	2.4977651804925143E-9	P00749, P08581, P09917, P28482, P02778, P19320, P08253, P05231, P13500, P01584, P22301, P10145	65	363	19104	10.525619834710746	8.924475307647839E-6	4.6712132066592987E-8	3.4341001905619596E-8
KEGG_PATHWAY	hsa04621:NOD-like receptor signaling pathway	13	20.0	2.521424288087328E-9	O15111, P10415, P28482, P13500, P10145, P42224, Q04206, Q14790, P05231, O14920, P25963, P01584, P01375	63	187	9375	10.34504710975299	5.597560367442966E-7	1.0609011627235361E-8	4.138941755916935E-9
GOTERM_BP_FAT	GO:0032946~positive regulation of mononuclear cell proliferation	10	15.384615384615385	2.542415812765622E-9	P01583, P10415, P19320, P05231, P38936, P01344, P05112, P60568, P29965, P01584	65	157	19104	18.720235178833907	9.084010524462727E-6	4.705445224455337E-8	3.4592662820323956E-8
GOTERM_BP_FAT	GO:0098754~detoxification	10	15.384615384615385	2.542415812765622E-9	Q9NRD8, Q9UNQ0, P29474, P23219, P04040, P09488, P05164, P09211, Q16236, P35354	65	157	19104	18.720235178833907	9.084010524462727E-6	4.705445224455337E-8	3.4592662820323956E-8
GOTERM_BP_FAT	GO:0042542~response to hydrogen peroxide	9	13.846153846153847	2.731057167401292E-9	P42224, P10415, Q04206, P04040, P08253, P05231, Q16236, P42574, P09601	65	108	19104	24.492307692307694	9.758019629768633E-6	4.984764266693227E-8	3.6646111322330396E-8
GOTERM_BP_FAT	GO:0070555~response to interleukin-1	9	13.846153846153847	2.731057167401292E-9	P01583, Q04206, P08253, Q16665, O14920, P13500, P25963, P01584, P10145	65	108	19104	24.492307692307694	9.758019629768633E-6	4.984764266693227E-8	3.6646111322330396E-8
GOTERM_BP_FAT	GO:0072359~circulatory system development	19	29.230769230769234	2.735200997401659E-9	P35869, P29474, P04626, P04637, P28482, P31749, P19320, P38936, P13500, P10145, P37231, Q07869, Q07812, Q14790, P08253, Q16665, P42574, P09601, P06400	65	1000	19104	5.584246153846154	9.772825269815932E-6	4.984764266693227E-8	3.6646111322330396E-8
GOTERM_MF_FAT	GO:0005102~signaling receptor binding	23	35.38461538461539	2.75101345521739E-9	P01583, P31645, O15111, P04626, P04637, P19320, P13500, P10145, P42224, P01579, Q14790, P02778, P05362, P05231, P42574, O14920, P05112, P01344, P60568, P29965, P01584, P22301, P01375	65	1412	17305	4.336620178688167	1.2489593130826648E-6	1.3877334540763278E-7	1.1554256511913037E-7
GOTERM_BP_FAT	GO:0010507~negative regulation of autophagy	9	13.846153846153847	2.9396851656042592E-9	P08581, O15111, P10415, P04637, P31749, P09601, O14920, P22301	65	109	19104	24.267607621736065	1.0503439937581405E-5	5.330231173369753E-8	3.9185854034907535E-8
KEGG_PATHWAY	hsa05226:Gastric cancer	12	18.461538461538463	3.0720662339073515E-9	P24385, P08581, P10415, P04626, P04637, P28482, Q07812, P31749, P01106, P38936, P00533, P06400	63	150	9375	11.904761904761903	6.819984800232604E-7	1.2686495743728507E-8	4.9494400435173994E-9
GOTERM_BP_FAT	GO:0141124~intracellular signaling cassette	18	27.692307692307693	3.2755904451414633E-9	P29474, O15111, P04626, P04637, P28482, P31749, P38936, P35228, P10145, Q04206, P01106, P00533, Q16236, O14920, P25963, P01584, P06400, P01375	65	887	19104	5.964304917179777	1.1703616264679972E-5	5.909297510123893E-8	4.344293186334082E-8
GOTERM_BP_FAT	GO:0032642~regulation of chemokine production	9	13.846153846153847	3.398668847936967E-9	P01579, P05231, Q16665, P09211, P09601, P01584, P22301, P01375, P10145	65	111	19104	23.83035343035343	1.2143370275663479E-5	6.10052518835721E-8	4.48487658024245E-8
GOTERM_BP_FAT	GO:0070848~response to growth factor	15	23.076923076923077	3.5765341172116023E-9	P04626, P04637, P28482, P31749, P19320, P13500, P10145, P37231, Q04206, P04040, P01106, P00533, P09211, P42574, P22301	65	559	19104	7.886610705930921	1.2778874600494206E-5	6.387689933339921E-8	4.695989295898834E-8
GOTERM_BP_FAT	GO:0072593~reactive oxygen species metabolic process	9	13.846153846153847	3.6505507574722693E-9	Q9NRD8, P29474, P10415, P04637, P04040, P05164, Q16236, P05177, P35228	65	112	19104	23.61758241758242	1.3043332790618756E-5	6.487446420741763E-8	4.769326512001084E-8
GOTERM_BP_FAT	GO:0009888~tissue development	25	38.46153846153847	3.8523314028780245E-9	Q9NRD8, P24385, P29474, P10415, P28482, P04637, P31749, P38936, P35354, P37231, P42224, P14780, P08581, Q07869, Q04206, P04040, P01106, P08253, P05362, Q16665, P00533, P42574, P22301, P06400	65	1904	19104	3.8590820943762125	1.3764285582418267E-5	6.812142460930843E-8	5.008030823741432E-8
KEGG_PATHWAY	hsa05213:Endometrial cancer	9	13.846153846153847	3.909173462833044E-9	P24385, P04626, P04637, P28482, Q07812, P31749, P01106, P38936, P00533	63	59	9375	22.699757869249396	8.67836126405841E-7	1.5849921494759433E-8	6.183601659390452E-9
GOTERM_BP_FAT	GO:0071495~cellular response to endogenous stimulus	19	29.230769230769234	4.034120529700152E-9	P04626, P04637, P28482, P31749, P19320, P13500, P10145, P37231, P42224, Q07869, Q04206, P04040, P00533, P09211, Q16236, P42574, P01344, P22301, P06400	65	1025	19104	5.448045028142589	1.4413808631763558E-5	7.098462331078296E-8	5.2185224192081766E-8
GOTERM_BP_FAT	GO:0010629~negative regulation of gene expression	24	36.92307692307693	4.673532506942109E-9	P01583, P04637, P31749, P38936, P35228, P10145, P37231, P00749, Q07869, Q04206, P01106, P01579, P09211, P05231, Q16665, P42574, P09601, O14920, P05112, P25963, P01584, P22301, P06400, P01375	65	1760	19104	4.007832167832168	1.6698392459546518E-5	8.183263781763341E-8	6.016027629034304E-8
GOTERM_BP_FAT	GO:0007584~response to nutrient	10	15.384615384615385	5.121292844504631E-9	P31645, P37231, P42224, P24385, Q07869, P04040, P19320, P02778, P09211, Q16236	65	170	19104	17.288687782805432	1.8298211929335118E-5	8.923540507595387E-8	6.56025122422886E-8
GOTERM_BP_FAT	GO:0032355~response to estradiol	9	13.846153846153847	5.167473637048151E-9	P31645, P24385, P04040, Q14790, P08253, P00533, P09211, P42574, P22301	65	117	19104	22.60828402366864	1.8463213027675174E-5	8.953475639106707E-8	6.582258406577327E-8
GOTERM_BP_FAT	GO:0051726~regulation of cell cycle	20	30.76923076923077	5.188604303737649E-9	P01583, P31645, O96017, P24385, O15392, P10415, P04637, P31749, P11802, P38936, P13500, Q07812, P01106, P00533, P42574, P01344, P01584, P22301, P06400, P01375	65	1175	19104	5.002684124386252	1.853871145363062E-5	8.953475639106707E-8	6.582258406577327E-8
GOTERM_MF_FAT	GO:0020037~heme binding	10	15.384615384615385	5.315274145383214E-9	Q9NRD8, P29474, P23219, P08684, P04040, P05164, P35354, P05177, P09601, P35228	65	155	17305	17.17617866004963	2.4131315405906406E-6	2.413134462003979E-7	2.0091736269548548E-7
GOTERM_BP_FAT	GO:0003008~system process	27	41.53846153846154	5.321153195065874E-9	O75469, P29474, P10415, P28482, P35354, P13500, P42224, P08581, Q07869, P01375, P31645, O15392, Q9UNQ0, O15111, P31749, P35228, P37231, P23219, P01106, P02778, P08253, Q16665, P00533, P42574, P09601, P01584	65	2278	19104	3.4835415681772135	1.901229964362816E-5	9.13805731383428E-8	6.717955908770666E-8
GOTERM_BP_FAT	GO:0040011~locomotion	13	20.0	5.4286442488760155E-9	P00749, P08581, P09917, P28482, P02778, P19320, P08253, P05231, P13500, P01584, P22301, P10145	65	389	19104	9.822107969151672	1.9396357670453668E-5	9.233865360469108E-8	6.78839037978496E-8
GOTERM_BP_FAT	GO:0010506~regulation of autophagy	13	20.0	5.4286442488760155E-9	P08581, O15111, P10415, P04637, P31749, P01579, Q16665, P42574, P09601, O14920, P05112, P22301	65	389	19104	9.822107969151672	1.9396357670453668E-5	9.233865360469108E-8	6.78839037978496E-8
GOTERM_BP_FAT	GO:1990748~cellular detoxification	9	13.846153846153847	5.528818901856388E-9	Q9NRD8, Q9UNQ0, P29474, P23219, P04040, P09488, P05164, P09211, P35354	65	118	19104	22.416688396349414	1.9754274677374895E-5	9.34935313855899E-8	6.873292648895831E-8
GOTERM_BP_FAT	GO:0001934~positive regulation of protein phosphorylation	11	16.923076923076923	5.5488882009364666E-9	P14780, P04626, P28482, P31749, P01579, P05231, P38936, P00533, P05112, P22301, P01375	65	235	19104	13.757381342062192	1.9825981191212705E-5	9.34935313855899E-8	6.873292648895831E-8
KEGG_PATHWAY	hsa05202:Transcriptional misregulation in cancer	13	20.0	5.735877502403856E-9	P04637, P38936, P10145, P37231, P00749, P14780, P08581, Q04206, Q07812, P01106, P05164, P05231, P08254	63	201	9375	9.624496564795072	1.273364009124478E-6	2.284108362564393E-8	8.911095405520276E-9
GOTERM_BP_FAT	GO:0009612~response to mechanical stimulus	11	16.923076923076923	6.018428928144725E-9	P37231, P42224, Q04206, P01106, Q14790, P02778, P05164, P08253, P25963, P01584, P01375	65	237	19104	13.6412852969815	2.1503615594942183E-5	1.009287705696383E-7	7.419903457891103E-8
GOTERM_BP_FAT	GO:0042759~long-chain fatty acid biosynthetic process	7	10.76923076923077	6.152347446456013E-9	P09917, P23219, P08684, P09488, P09211, P35354, P05177	65	43	19104	47.845438282647585	2.1982095751216235E-5	1.0269245363897607E-7	7.549562801118453E-8
KEGG_PATHWAY	hsa05235:PD-L1 expression and PD-1 checkpoint pathway in cancer	10	15.384615384615385	6.1649162423951685E-9	P42224, O15111, Q04206, P28482, P31749, P01579, Q16665, P00533, O14920, P25963	63	90	9375	16.534391534391535	1.3686104738397376E-6	2.4118882843054782E-8	9.409609001550521E-9
KEGG_PATHWAY	hsa04010:MAPK signaling pathway	15	23.076923076923077	6.36236959129673E-9	P01583, O15111, P04626, P04637, P28482, P31749, P08581, Q04206, P01106, P00533, P42574, O14920, P01344, P01584, P01375	63	300	9375	7.44047619047619	1.4124450651298304E-6	2.4462214118261565E-8	9.543554386945096E-9
GOTERM_BP_FAT	GO:0050728~negative regulation of inflammatory response	11	16.923076923076923	7.06444480544726E-9	P01583, P37231, P35869, P09917, Q07869, P09211, P05112, P60568, P01584, P22301, P06400	65	241	19104	13.41487392275774	2.5240942826298962E-5	1.1736835741887261E-7	8.628480027490467E-8
GOTERM_BP_FAT	GO:0031349~positive regulation of defense response	14	21.53846153846154	7.982211159814774E-9	P01583, O15111, P28482, P35354, Q04206, P01579, P00533, P05231, P42574, O14920, P60568, P25963, P01584, P01375	65	495	19104	8.312540792540792	2.852003372133538E-5	1.320021215873073E-7	9.704299308182221E-8
GOTERM_MF_FAT	GO:0046906~tetrapyrrole binding	10	15.384615384615385	9.199110618004189E-9	Q9NRD8, P29474, P23219, P08684, P04040, P05164, P35354, P05177, P09601, P35228	65	165	17305	16.135198135198138	4.176387503385115E-6	3.7967238368853654E-7	3.1611489214596215E-7
GOTERM_BP_FAT	GO:0071478~cellular response to radiation	10	15.384615384615385	9.304120983483182E-9	O96017, P14780, P04637, Q07812, P03956, P01106, P08253, P38936, P08254, P01375	65	182	19104	16.148774302620456	3.3243072028676934E-5	1.531535490921748E-7	1.1259272674021584E-7
GOTERM_BP_FAT	GO:0001936~regulation of endothelial cell proliferation	10	15.384615384615385	9.759913286879173E-9	P37231, P42224, P09917, P31749, Q16665, P09601, P01344, P13500, P22301, P01375	65	183	19104	16.060529634300128	3.487156244252887E-5	1.5991931312262572E-7	1.1756666188690234E-7
KEGG_PATHWAY	hsa05323:Rheumatoid arthritis	10	15.384615384615385	9.997121449676337E-9	P01583, P03956, P01579, P05362, P05231, P08254, P13500, P01584, P01375, P10145	63	95	9375	15.664160401002507	2.2193585133001292E-6	3.778573022504785E-8	1.4741518069861718E-8
KEGG_PATHWAY	hsa04630:JAK-STAT signaling pathway	12	18.461538461538463	1.016719445662918E-8	P42224, P24385, P10415, P31749, P01106, P01579, P05231, P38936, P00533, P05112, P60568, P22301	63	168	9375	10.629251700680273	2.257114625314749E-6	3.778807273047179E-8	1.4742431962112312E-8
GOTERM_BP_FAT	GO:0051174~regulation of phosphorus metabolic process	15	23.076923076923077	1.0397558378544117E-8	P04626, P04637, P28482, P31749, P38936, P14780, Q07869, P01579, P00533, P05231, Q16665, P05112, P22301, P06400, P01375	65	608	19104	7.251012145748988	3.71497861781922E-5	1.695893996719616E-7	1.2467574567149246E-7
GOTERM_BP_FAT	GO:0010605~negative regulation of macromolecule metabolic process	32	49.23076923076923	1.0509020999972781E-8	P01583, P24385, O75469, P04637, P42224, P00749, Q07869, P01579, P09211, P05231, O14920, P05112, P25963, P01375, P06400, P35869, O15392, P31749, P38936, P35228, P10145, P37231, Q04206, P01106, P08253, Q16665, P00533, P42574, P09601, P01344, P22301, P01584	65	3318	19104	2.834552788983169	3.754802723821005E-5	1.7062828641773988E-7	1.2543949611785692E-7
GOTERM_BP_FAT	GO:0051247~positive regulation of protein metabolic process	17	26.153846153846157	1.066737038943355E-8	P04626, P28482, P31749, P38936, P14780, Q04206, P01106, P01579, Q14790, P00533, Q16236, P05231, P42574, P05112, P01584, P22301, P01375	65	836	19104	5.976591829223409	3.8113788405902405E-5	1.7241559742559564E-7	1.2675345992150453E-7
GOTERM_BP_FAT	GO:0050729~positive regulation of inflammatory response	10	15.384615384615385	1.1246843271815334E-8	P01583, P28482, P01579, P05231, P35354, P42574, P60568, P25963, P01584, P01375	65	186	19104	15.801488833746898	4.01841636976652E-5	1.809627214726323E-7	1.3303698392696876E-7
GOTERM_BP_FAT	GO:0007259~cell surface receptor signaling pathway via JAK-STAT	8	12.307692307692308	1.148684860446895E-8	P42224, P01579, P05231, P13500, P05112, P60568, P22301, P01375	65	83	19104	28.328452270620947	4.1041667992014474E-5	1.8399561979893762E-7	1.3526665666069715E-7
GOTERM_BP_FAT	GO:0010558~negative regulation of macromolecule biosynthetic process	30	46.15384615384615	1.1892777979405216E-8	P01583, P24385, O75469, P04637, P42224, P00749, Q07869, P01579, P09211, P05231, O14920, P05112, P25963, P01375, P06400, P35869, O15392, P31749, P38936, P35228, P10145, P37231, Q04206, P01106, Q16665, P42574, P09601, P01344, P22301, P01584	65	2932	19104	3.007241053625774	4.2491993181514864E-5	1.8964733456444388E-7	1.3942158470499152E-7
GOTERM_BP_FAT	GO:0042327~positive regulation of phosphorylation	11	16.923076923076923	1.3535240753471442E-8	P14780, P04626, P28482, P31749, P01579, P05231, P38936, P00533, P05112, P22301, P01375	65	258	19104	12.530948121645798	4.836024597554278E-5	2.148794665395555E-7	1.579712987494045E-7
GOTERM_BP_FAT	GO:0050863~regulation of T cell activation	13	20.0	1.3796466886988659E-8	P01583, P04626, P31749, P19320, P13500, P05231, P42574, P05112, P01344, P60568, P29965, P01584, P22301	65	423	19104	9.032624113475178	4.9293561455554524E-5	2.180574323908119E-7	1.603076196691691E-7
GOTERM_MF_FAT	GO:0031625~ubiquitin protein ligase binding	12	18.461538461538463	1.3802786906609353E-8	O96017, P10415, Q04206, P04637, P01106, Q14790, P38936, Q16665, P00533, Q16236, P25963, P06400	65	305	17305	10.474653215636822	6.266445667701959E-6	5.222054379667206E-7	4.347877875581946E-7
GOTERM_BP_FAT	GO:0043434~response to peptide hormone	13	20.0	1.4536486840848139E-8	O15111, P28482, P31749, P37231, P42224, Q07869, Q04206, P04040, P09211, Q16236, P01344, P22301, P06400	65	425	19104	8.990117647058824	5.193751888588061E-5	2.2874154623572492E-7	1.68162178167697E-7
GOTERM_BP_FAT	GO:0050900~leukocyte migration	11	16.923076923076923	1.5666316671730947E-8	P09917, P19320, P02778, P05362, P08253, P05231, P13500, P01584, P22301, P01375, P10145	65	262	19104	12.339635936582502	5.597418335290261E-5	2.454389611904515E-7	1.8043748938581347E-7
KEGG_PATHWAY	hsa05206:MicroRNAs in cancer	15	23.076923076923077	1.634512379359022E-8	P24385, P10415, P04626, P04637, P28482, P38936, P35354, P00749, P14780, P08581, P01106, P00533, P42574, P09601, O14920	63	323	9375	6.910659000442282	3.628610932060461E-6	5.975348534378063E-8	2.3311897869546707E-8
GOTERM_BP_FAT	GO:0043122~regulation of canonical NF-kappaB signal transduction	12	18.461538461538463	1.9656011576447737E-8	P01583, P42224, O15111, Q04206, Q14790, P09211, P09601, O14920, P25963, P29965, P01584, P01375	65	348	19104	10.13474801061008	7.022846398918592E-5	3.065994469479097E-7	2.254003772914924E-7
GOTERM_BP_FAT	GO:0050673~epithelial cell proliferation	10	15.384615384615385	2.023212763716184E-8	P24385, P28482, Q07812, P01106, P05231, P38936, P00533, P09601, P01375, P06400	65	199	19104	14.76923076923077	7.228677997350719E-5	3.142137387823569E-7	2.309981181529869E-7
GOTERM_BP_FAT	GO:0009890~negative regulation of biosynthetic process	30	46.15384615384615	2.346803772015259E-8	P01583, P24385, O75469, P04637, P42224, P00749, Q07869, P01579, P09211, P05231, O14920, P05112, P25963, P01375, P06400, P35869, O15392, P31749, P38936, P35228, P10145, P37231, Q04206, P01106, Q16665, P42574, P09601, P01344, P22301, P01584	65	3020	19104	2.919612837493632	8.384778439030072E-5	3.6289104214885303E-7	2.667838400567996E-7
GOTERM_BP_FAT	GO:0032652~regulation of interleukin-1 production	9	13.846153846153847	2.5154985677376276E-8	P01583, Q04206, P01579, Q14790, P05231, P09211, P01584, P22301, P01375	65	143	19104	18.49768692845616	8.987472588284362E-5	3.8730003810167266E-7	2.8472841546892284E-7
GOTERM_BP_FAT	GO:0034644~cellular response to UV	8	12.307692307692308	2.5533323610633617E-8	P14780, P04637, Q07812, P03956, P01106, P08253, P38936, P08254	65	93	19104	25.282382133995036	9.122640488656852E-5	3.914379053097995E-7	2.877704197490295E-7
GOTERM_MF_FAT	GO:0001221~transcription coregulator binding	9	13.846153846153847	2.6964121652817224E-8	P37231, P42224, P35869, Q07869, Q04206, P04637, P01106, Q16665, Q16236	65	131	17305	18.290663534938346	1.2241636442977821E-5	9.416700946445399E-7	7.840336911357624E-7
KEGG_PATHWAY	hsa04115:p53 signaling pathway	9	13.846153846153847	2.739099303067632E-8	O96017, P24385, P10415, P04637, Q07812, P11802, Q14790, P38936, P42574	63	75	9375	17.857142857142854	6.080782047779287E-6	9.85192168684003E-8	3.843574828498129E-8
GOTERM_BP_FAT	GO:0097696~cell surface receptor signaling pathway via STAT	8	12.307692307692308	2.9626795990856116E-8	P42224, P01579, P05231, P13500, P05112, P60568, P22301, P01375	65	95	19104	24.75012145748988	1.0585094112869342E-4	4.5225177469802584E-7	3.324784883418297E-7
KEGG_PATHWAY	hsa05214:Glioma	9	13.846153846153847	3.045627978237017E-8	P24385, P04637, P28482, Q07812, P11802, P31749, P38936, P00533, P06400	63	76	9375	17.622180451127818	6.761271368005417E-6	1.0780556176934203E-7	4.205867208041595E-8
GOTERM_BP_FAT	GO:0060429~epithelium development	19	29.230769230769234	3.184540604758206E-8	P24385, P10415, P04637, P28482, P31749, P38936, P37231, P42224, P08581, Q04206, P04040, P01106, P05362, P08253, P00533, Q16665, P42574, P22301	65	1171	19104	4.768784076726007	1.1377716465843513E-4	4.840501719232472E-7	3.558554735359595E-7
GOTERM_BP_FAT	GO:0048145~regulation of fibroblast proliferation	8	12.307692307692308	3.426280604559616E-8	P37231, P04637, Q07812, P11802, P01106, P38936, P00533, P09211	65	97	19104	24.239809674861224	1.224135149209271E-4	5.185878948935148E-7	3.8124630794803183E-7
KEGG_PATHWAY	hsa01523:Antifolate resistance	7	10.76923076923077	3.4275878677927494E-8	Q9UNQ0, O15111, Q04206, P05231, O14920, P01584, P01375	63	30	9375	34.72222222222222	7.609216249537809E-6	1.1943001476840362E-7	4.659377257780769E-8
GOTERM_BP_FAT	GO:0045471~response to ethanol	9	13.846153846153847	3.46863428134347E-8	P24385, Q07869, P04040, P19320, Q14790, P09211, P42574, P60568, P01375	65	149	19104	17.752813629323697	1.2392662542803912E-4	5.227831921079694E-7	3.843305326079304E-7
GOTERM_BP_FAT	GO:2000106~regulation of leukocyte apoptotic process	8	12.307692307692308	3.680200686335716E-8	P10415, P04637, Q07812, P01106, P05362, Q16665, P60568, P22301	65	98	19104	23.992464678178965	1.3148492812375956E-4	5.523393635122343E-7	4.0605911774443656E-7
GOTERM_MF_FAT	GO:0048018~receptor ligand activity	15	23.076923076923077	3.7062696813317616E-8	P01583, P13500, P10145, P00749, P01579, P02778, P05362, P05231, P05112, P01344, P60568, P29965, P01584, P22301, P01375	65	610	17305	6.5466582597730145	1.6826323095076035E-5	1.201890310946157E-6	1.0006928139595756E-6
KEGG_PATHWAY	hsa05224:Breast cancer	11	16.923076923076923	3.7764859279157925E-8	P24385, P04626, P04637, P28482, Q07812, P11802, P31749, P01106, P38936, P00533, P06400	63	148	9375	11.060167310167309	8.3837637655515E-6	1.2956251721926488E-7	5.054681165056522E-8
GOTERM_BP_FAT	GO:0062012~regulation of small molecule metabolic process	12	18.461538461538463	3.783269121616902E-8	P37231, Q07869, P04637, P28482, P31749, P01579, Q16665, P35354, P01344, P05112, P01584, P01375	65	371	19104	9.50644826871242	1.3516707232996694E-4	5.654325231136223E-7	4.1568471604041775E-7
GOTERM_BP_FAT	GO:0043467~regulation of generation of precursor metabolites and energy	9	13.846153846153847	3.848850017229967E-8	Q07869, P04637, P31749, P01579, Q16665, P01344, P35228, P05112, P01375	65	151	19104	17.51767702496179	1.3750995837391589E-4	5.728371775643934E-7	4.2112833938524554E-7
GOTERM_BP_FAT	GO:0051130~positive regulation of cellular component organization	19	29.230769230769234	3.8691496928328163E-8	P01583, P04637, P28482, P03956, P13500, P37231, P00749, P14780, Q07812, P01106, P01579, Q16236, P05231, P08254, P05112, P01344, P01584, P06400, P01375	65	1186	19104	4.708470618757297	1.382351657202019E-4	5.734689918173785E-7	4.215928254514098E-7
GOTERM_BP_FAT	GO:0048661~positive regulation of smooth muscle cell proliferation	8	12.307692307692308	3.9498695836307664E-8	P42224, P14780, P31749, P08253, P05231, P09601, P22301, P01375	65	99	19104	23.75011655011655	1.411188849226308E-4	5.830138079640123E-7	4.2860981514935503E-7
GOTERM_BP_FAT	GO:0022008~neurogenesis	21	32.30769230769231	4.2336227938624386E-8	P24385, P10415, P04626, P04637, P28482, P31749, P19320, P13500, P08581, Q07812, P01579, P08253, P00533, P09211, P05231, Q16665, P42574, P01584, P06400, P01375	65	1489	19104	4.145105129927159	1.5125590540288059E-4	6.223251283817543E-7	4.5751001879352935E-7
GOTERM_BP_FAT	GO:0090068~positive regulation of cell cycle process	11	16.923076923076923	4.363751588939559E-8	P01583, O96017, P24385, O15392, P11802, P31749, P00533, P01344, P01584, P01375, P06400	65	292	19104	11.07186512118019	1.5590469343429447E-4	6.388246178562338E-7	4.696398226457083E-7
GOTERM_MF_FAT	GO:0030546~signaling receptor activator activity	15	23.076923076923077	4.5376790167747155E-8	P01583, P13500, P10145, P00749, P01579, P02778, P05362, P05231, P05112, P01344, P60568, P29965, P01584, P22301, P01375	65	620	17305	6.441066997518611	2.0600851024177302E-5	1.3734041824104806E-6	1.1434951122272282E-6
GOTERM_BP_FAT	GO:0051054~positive regulation of DNA metabolic process	11	16.923076923076923	4.652841334033723E-8	P28482, Q07812, P31749, P01106, P05231, P38936, P00533, P42574, P05112, P60568, P01375	65	294	19104	10.996546310832025	1.662322066424693E-4	6.783652753129983E-7	4.987086262519411E-7
GOTERM_BP_FAT	GO:0046649~lymphocyte activation	14	21.53846153846154	4.674407502725955E-8	P10415, P04626, P04637, P19320, Q07812, P01106, Q14790, P05362, Q16236, P05231, P05112, P60568, P29965, P22301	65	575	19104	7.1560133779264214	1.6700263758218092E-4	6.787391707210208E-7	4.989835000877381E-7
GOTERM_BP_FAT	GO:0033209~tumor necrosis factor-mediated signaling pathway	7	10.76923076923077	4.833393309657968E-8	P42224, O15111, Q04206, P04637, O14920, P25963, P01375	65	60	19104	34.28923076923077	1.7268223576782926E-4	6.989830324736138E-7	5.138660255531103E-7
GOTERM_BP_FAT	GO:0022603~regulation of anatomical structure morphogenesis	17	26.153846153846157	4.870503718572897E-8	P01583, P29474, P09917, P04626, P13500, P10145, P37231, P42224, Q04206, P02778, Q16236, P05231, Q16665, P09601, P01584, P22301, P01375	65	932	19104	5.360977220204688	1.7400796110300654E-4	7.015096484976769E-7	5.157234985875979E-7
GOTERM_BP_FAT	GO:2000377~regulation of reactive oxygen species metabolic process	9	13.846153846153847	4.9602323220042414E-8	P09917, Q07869, P04637, P38936, Q16665, P09211, P08254, Q16236, P01375	65	156	19104	16.95621301775148	1.7721340121334972E-4	7.115642511726567E-7	5.231152641599654E-7
GOTERM_BP_FAT	GO:0036294~cellular response to decreased oxygen levels	9	13.846153846153847	5.212902970952022E-8	P37231, P24385, P10415, P04637, P31749, P01106, Q16665, Q16236, P35354	65	157	19104	16.848211660950515	1.862396834219071E-4	7.44819576489625E-7	5.475633280688004E-7
GOTERM_MF_FAT	GO:0042803~protein homodimerization activity	16	24.615384615384617	5.939060669524812E-8	P11926, O96017, P35869, O15392, Q9UNQ0, O15111, P31749, P35354, P35228, P42224, Q04206, Q07812, P04040, P09488, P09601, O14920	65	742	17305	5.740825212523325	2.696297271453929E-5	1.6835941177888174E-6	1.4017589791281343E-6
KEGG_PATHWAY	hsa04623:Cytosolic DNA-sensing pathway	9	13.846153846153847	6.145419171798226E-8	O15111, Q04206, Q14790, P02778, P05231, P42574, O14920, P25963, P01584	63	83	9375	16.135972461273667	1.3642737921482073E-5	2.0688325671303164E-7	8.07123019463397E-8
KEGG_PATHWAY	hsa05130:Pathogenic Escherichia coli infection	12	18.461538461538463	6.215774977476735E-8	O15111, Q04206, P28482, Q07812, Q14790, P05231, P42574, O14920, P25963, P01584, P01375, P10145	63	200	9375	8.928571428571429	1.379892566177876E-5	2.0688325671303164E-7	8.07123019463397E-8
GOTERM_MF_FAT	GO:0001223~transcription coactivator binding	7	10.76923076923077	6.304207048988964E-8	P37231, P42224, P35869, Q07869, Q04206, P04637, Q16665	65	57	17305	32.69500674763833	2.8620691307934543E-5	1.6835941177888174E-6	1.4017589791281343E-6
GOTERM_BP_FAT	GO:0010575~positive regulation of vascular endothelial growth factor production	6	9.230769230769232	6.757611785487978E-8	P01583, Q04206, P05231, Q16665, P35354, P01584	65	32	19104	55.10769230769231	2.4142033052343415E-4	9.592412575830095E-7	7.05198080182806E-7
GOTERM_BP_FAT	GO:0050679~positive regulation of epithelial cell proliferation	10	15.384615384615385	6.784236518042053E-8	P24385, P04626, P31749, P01106, Q16665, P00533, P09601, P01344, P22301, P01375	65	229	19104	12.834397044004032	2.423714022801171E-4	9.592412575830095E-7	7.05198080182806E-7
GOTERM_BP_FAT	GO:0042110~T cell activation	12	18.461538461538463	6.794178000238001E-8	P10415, P04626, P04637, Q07812, P01106, Q14790, P05362, P05231, Q16236, P05112, P60568, P22301	65	393	19104	8.974280681150912	2.4272652526380334E-4	9.592412575830095E-7	7.05198080182806E-7
GOTERM_BP_FAT	GO:0010564~regulation of cell cycle process	16	24.615384615384617	6.901778572806519E-8	P01583, O96017, P24385, O15392, P10415, P04637, P31749, P11802, P38936, P13500, P01106, P00533, P01344, P01584, P06400, P01375	65	828	19104	5.679375696767002	2.465701534293263E-4	9.70596577246649E-7	7.13546083944485E-7
GOTERM_BP_FAT	GO:0001932~regulation of protein phosphorylation	12	18.461538461538463	6.971327960192944E-8	P14780, P04626, P28482, P31749, P01579, P05231, P38936, P00533, P05112, P22301, P01375, P06400	65	394	19104	8.951503319016009	2.490545374380648E-4	9.765326852474194E-7	7.179100871947714E-7
KEGG_PATHWAY	hsa05134:Legionellosis	8	12.307692307692308	7.032185363060744E-8	Q04206, Q14790, P05231, P42574, P25963, P01584, P01375, P10145	63	56	9375	21.258503401360542	1.5611330206333207E-5	2.306143141121391E-7	8.997060685092421E-8
KEGG_PATHWAY	hsa05131:Shigellosis	13	20.0	7.495877807382512E-8	O15111, P10415, P04637, P28482, P31749, P10145, Q04206, Q07812, P00533, O14920, P25963, P01584, P01375	63	253	9375	7.646339168078298	1.6640710897797284E-5	2.4225807986178267E-7	9.451324191917081E-8
GOTERM_BP_FAT	GO:0031099~regeneration	9	13.846153846153847	7.66555604426771E-8	P37231, P24385, P10415, P08253, P05231, P38936, P09211, P22301, P01375	65	165	19104	16.031328671328673	2.738528234706994E-4	1.069584616801729E-6	7.863183661033987E-7
GOTERM_BP_FAT	GO:0032868~response to insulin	10	15.384615384615385	7.867876745285222E-8	P37231, P42224, Q07869, P28482, P31749, P04040, P09211, P01344, P22301, P06400	65	233	19104	12.614064047540444	2.8107973702740097E-4	1.0935430246754402E-6	8.039316861135794E-7
GOTERM_BP_FAT	GO:0001890~placenta development	9	13.846153846153847	8.032648894455823E-8	P37231, P28482, P31749, Q14790, Q16665, P00533, P35354, P01344, P22301	65	166	19104	15.934754402224282	2.869653739425715E-4	1.1121171260076046E-6	8.175866665442244E-7
GOTERM_BP_FAT	GO:0045930~negative regulation of mitotic cell cycle	10	15.384615384615385	8.161285664093755E-8	O96017, P24385, O15392, P10415, P04637, P38936, P13500, P22301, P01375, P06400	65	234	19104	12.560157790927024	2.9156023692100685E-4	1.1255641850248222E-6	8.274724383749113E-7
GOTERM_BP_FAT	GO:0042102~positive regulation of T cell proliferation	8	12.307692307692308	8.732837886619207E-8	P01583, P19320, P05231, P01344, P05112, P60568, P29965, P01584	65	111	19104	21.182536382536384	3.119756367740978E-4	1.1997575742693772E-6	8.820166265485399E-7
GOTERM_BP_FAT	GO:0030162~regulation of proteolysis	9	13.846153846153847	9.226150647524291E-8	P00749, P04637, P31749, P01579, Q14790, P08253, P01584, P22301, P01375	65	169	19104	15.651888939462905	3.295960489824168E-4	1.2626747169715237E-6	9.28270942544015E-7
GOTERM_BP_FAT	GO:0035239~tube morphogenesis	15	23.076923076923077	9.497212944239196E-8	P29474, P10415, P31749, P13500, P10145, P08581, Q07812, P01106, Q14790, P08253, P00533, Q16665, P42574, P09601	65	726	19104	6.072472981563891	3.392778670391339E-4	1.2948108640008552E-6	9.518962286859591E-7
GOTERM_BP_FAT	GO:0048870~cell motility	19	29.230769230769234	1.0173126655239342E-7	P29474, P09917, P10415, P31749, P19320, P13500, P10145, P00749, P14780, Q07812, P02778, P05362, P08253, P00533, P05231, Q16665, P01584, P22301, P01375	65	1264	19104	4.417916260954236	3.6341978079934556E-4	1.3816885327952445E-6	1.0157654219261792E-6
GOTERM_BP_FAT	GO:2000351~regulation of endothelial cell apoptotic process	7	10.76923076923077	1.0349179036303563E-7	P05362, Q16236, P13500, P05112, P29965, P22301, P01375	65	68	19104	30.255203619909505	3.6970782730194607E-4	1.3949912270821254E-6	1.025545062238987E-6
GOTERM_BP_FAT	GO:0045428~regulation of nitric oxide biosynthetic process	7	10.76923076923077	1.0349179036303563E-7	P42224, P31749, P01579, P35354, P01584, P22301, P01375	65	68	19104	30.255203619909505	3.6970782730194607E-4	1.3949912270821254E-6	1.025545062238987E-6
GOTERM_BP_FAT	GO:0009056~catabolic process	25	38.46153846153847	1.0644932699409853E-7	Q9NRD8, O75469, P29474, P10415, P04637, P14780, P04040, P08684, Q14790, Q16236, P05177, O14920, O96017, O15111, P31749, P03956, P35228, Q04206, P09488, P05164, P08253, P08254, P00533, P42574, P09601	65	2257	19104	3.255512763709485	3.8027114427852116E-4	1.4294623910636089E-6	1.0508869649868524E-6
GOTERM_BP_FAT	GO:0010594~regulation of endothelial cell migration	10	15.384615384615385	1.0873209310193759E-7	P37231, P08581, P29474, P31749, Q16665, Q16236, P35354, P09601, P01375	65	242	19104	12.144945963127782	3.8842433352115346E-4	1.4546480770041988E-6	1.0694025336542627E-6
GOTERM_BP_FAT	GO:0006955~immune response	23	35.38461538461539	1.0981759390691015E-7	P01583, P09917, O15111, P10415, P04637, P13500, P35228, P10145, P37231, P42224, Q04206, P01579, P02778, P05362, P05231, P08254, O14920, P05112, P60568, P29965, P01584, P22301, P01375	65	1908	19104	3.542912433478471	3.923013142844711E-4	1.463688229236877E-6	1.076048513431142E-6
GOTERM_BP_FAT	GO:0090594~inflammatory response to wounding	5	7.6923076923076925	1.11786763587122E-7	P01583, P05231, Q16665, P09601, P01375	65	14	19104	104.96703296703298	3.993343735472221E-4	1.4843952399003707E-6	1.0912715285493768E-6
GOTERM_BP_FAT	GO:0030098~lymphocyte differentiation	11	16.923076923076923	1.1539512736807434E-7	P10415, P04626, P04637, Q07812, P19320, P05231, Q16236, P05112, P60568, P29965, P22301	65	324	19104	9.978347578347579	4.1222182701006194E-4	1.5266347961435612E-6	1.1223244609946787E-6
GOTERM_BP_FAT	GO:0034599~cellular response to oxidative stress	10	15.384615384615385	1.1662861604430295E-7	P29474, Q04206, P04637, P04040, P05164, P08253, P05231, Q16665, P08254, Q16236	65	244	19104	12.045397225725097	4.1662725637003906E-4	1.5372598395212181E-6	1.130135593108264E-6
GOTERM_BP_FAT	GO:0071453~cellular response to oxygen levels	9	13.846153846153847	1.207693320495231E-7	P37231, P24385, P10415, P04637, P31749, P01106, Q16665, Q16236, P35354	65	175	19104	15.11525274725275	4.3141576306149343E-4	1.5859854929444727E-6	1.165956860154587E-6
GOTERM_BP_FAT	GO:0071363~cellular response to growth factor stimulus	13	20.0	1.2672651176498078E-7	P04626, P04637, P31749, P19320, P13500, P10145, P37231, Q04206, P04040, P00533, P09211, P42574, P22301	65	518	19104	7.376061776061777	4.5269135943049044E-4	1.6581212455110306E-6	1.2189883512631485E-6
KEGG_PATHWAY	hsa05143:African trypanosomiasis	7	10.76923076923077	1.2946156568113374E-7	P01579, P19320, P05362, P05231, P01584, P22301, P01375	63	37	9375	28.15315315315315	2.8740056440268447E-5	4.0661872037877216E-7	1.5863600301772726E-7
KEGG_PATHWAY	hsa05216:Thyroid cancer	7	10.76923076923077	1.2946156568113374E-7	P37231, P24385, P04637, P28482, Q07812, P01106, P38936	63	37	9375	28.15315315315315	2.8740056440268447E-5	4.0661872037877216E-7	1.5863600301772726E-7
GOTERM_BP_FAT	GO:0071482~cellular response to light stimulus	8	12.307692307692308	1.3310134931904639E-7	P14780, P04637, Q07812, P03956, P01106, P08253, P38936, P08254	65	118	19104	19.92594524119948	4.754580865750091E-4	1.7351752546264003E-6	1.2756355595321743E-6
GOTERM_BP_FAT	GO:0051052~regulation of DNA metabolic process	13	20.0	1.348816066265903E-7	P04637, P28482, P31749, P38936, Q07812, P01106, P00533, P05231, P42574, P05112, P60568, P22301, P01375	65	521	19104	7.33358925143954	4.8181590252416306E-4	1.75198945043702E-6	1.2879967236415494E-6
GOTERM_BP_FAT	GO:0048662~negative regulation of smooth muscle cell proliferation	7	10.76923076923077	1.4619781501388926E-7	P37231, P29474, P01579, P38936, P09211, P09601, P22301	65	72	19104	28.574358974358976	5.222284222996532E-4	1.8852656867495035E-6	1.3859763979295062E-6
GOTERM_BP_FAT	GO:0080164~regulation of nitric oxide metabolic process	7	10.76923076923077	1.4619781501388926E-7	P42224, P31749, P01579, P35354, P01584, P22301, P01375	65	72	19104	28.574358974358976	5.222284222996532E-4	1.8852656867495035E-6	1.3859763979295062E-6
GOTERM_MF_FAT	GO:0030545~signaling receptor regulator activity	15	23.076923076923077	1.4972894505129514E-7	P01583, P13500, P10145, P00749, P01579, P02778, P05362, P05231, P05112, P01344, P60568, P29965, P01584, P22301, P01375	65	683	17305	5.846942223223336	6.797463574803597E-5	3.776496725182666E-6	3.144307846077198E-6
KEGG_PATHWAY	hsa04658:Th1 and Th2 cell differentiation	9	13.846153846153847	1.5070935169977493E-7	P42224, O15111, Q04206, P28482, P01579, O14920, P05112, P60568, P25963	63	93	9375	14.400921658986174	3.345691889566904E-5	4.6678035318124733E-7	1.8210713330389468E-7
KEGG_PATHWAY	hsa04926:Relaxin signaling pathway	10	15.384615384615385	1.5654434936768837E-7	P14780, P29474, Q04206, P28482, P03956, P31749, P08253, P00533, P35228, P25963	63	130	9375	11.446886446886447	3.475224440763203E-5	4.782108206711577E-7	1.8656655335601218E-7
GOTERM_BP_FAT	GO:0046651~lymphocyte proliferation	8	12.307692307692308	1.6734472548153077E-7	P10415, P04626, P04637, Q07812, P01106, P60568, P29965, P22301	65	122	19104	19.272635561160154	5.977440341291551E-4	2.150199134604417E-6	1.5807455004118698E-6
GOTERM_BP_FAT	GO:0030888~regulation of B cell proliferation	7	10.76923076923077	1.7244445399218354E-7	P35869, P10415, P38936, P42574, P05112, P60568, P22301	65	74	19104	27.802079002079005	6.159543092587594E-4	2.207783475484156E-6	1.6230793411594047E-6
GOTERM_BP_FAT	GO:0040008~regulation of growth	14	21.53846153846154	1.832945930330031E-7	P31645, P10415, P04626, P04637, P28482, P31749, P38936, P37231, Q07869, P00533, Q16665, P01344, P60568, P06400	65	647	19104	6.359671858280823	6.546972332008849E-4	2.3383153082638827E-6	1.7190414332309506E-6
GOTERM_BP_FAT	GO:0031348~negative regulation of defense response	11	16.923076923076923	1.8543322827241919E-7	P01583, P37231, P35869, P09917, Q07869, P09211, P05112, P60568, P01584, P22301, P06400	65	341	19104	9.48089330024814	6.623335460854696E-4	2.3571796846586525E-6	1.7329098129657393E-6
GOTERM_BP_FAT	GO:0097191~extrinsic apoptotic signaling pathway	8	12.307692307692308	1.8707795766371123E-7	P01583, P10415, Q07812, P01579, Q14790, P60568, P01584, P01375	65	124	19104	18.96178660049628	6.682062560159352E-4	2.369654130407009E-6	1.7420805561166866E-6
GOTERM_BP_FAT	GO:0070227~lymphocyte apoptotic process	6	9.230769230769232	1.8975603311067693E-7	O96017, P10415, P04637, Q07812, P31749, P01106	65	39	19104	45.216568047337276	6.777685816646839E-4	2.395083216506495E-6	1.7607750634227478E-6
KEGG_PATHWAY	hsa04068:FoxO signaling pathway	10	15.384615384615385	1.9052891758176977E-7	P24385, O15111, P28482, P31749, P04040, P05231, P38936, P00533, O14920, P22301	63	133	9375	11.188686000716075	4.2296529198071475E-5	5.741614678477657E-7	2.240002139137023E-7
GOTERM_BP_FAT	GO:0070201~regulation of establishment of protein localization	13	20.0	2.0234774610967408E-7	P01583, O15392, P09917, P04626, P31749, P35228, P37231, P01579, P05231, Q16665, P25963, P01584, P01375	65	541	19104	7.062476894639557	7.227272767524884E-4	2.545021651773788E-6	1.8710041594507186E-6
GOTERM_BP_FAT	GO:0032943~mononuclear cell proliferation	8	12.307692307692308	2.0873815787606435E-7	P10415, P04626, P04637, Q07812, P01106, P60568, P29965, P22301	65	126	19104	18.660805860805862	7.455434601733035E-4	2.616184912046673E-6	1.923320710815947E-6
GOTERM_BP_FAT	GO:0042325~regulation of phosphorylation	12	18.461538461538463	2.11730295423956E-7	P14780, P04626, P28482, P31749, P01579, P05231, P38936, P00533, P05112, P22301, P01375, P06400	65	440	19104	8.015664335664336	7.562263422005167E-4	2.644407745644653E-6	1.944069076165414E-6
GOTERM_BP_FAT	GO:0030099~myeloid cell differentiation	11	16.923076923076923	2.2972998286838762E-7	P01583, P37231, P14780, P01579, Q14790, P42574, P09601, P05112, P01584, P01375, P06400	65	349	19104	9.26356623319374	8.204885379290427E-4	2.8592177658741482E-6	2.1019893206006478E-6
GOTERM_BP_FAT	GO:0050870~positive regulation of T cell activation	10	15.384615384615385	2.503168591589913E-7	P01583, P31749, P19320, P05231, P01344, P13500, P05112, P60568, P29965, P01584	65	267	19104	11.007778738115817	8.939824090171689E-4	3.102204065454571E-6	2.280623705454564E-6
GOTERM_BP_FAT	GO:0031399~regulation of protein modification process	14	21.53846153846154	2.509901945454566E-7	P04626, P28482, P31749, P38936, P14780, Q04206, P01579, P00533, P05231, Q16665, P05112, P22301, P06400, P01375	65	665	19104	6.187530364372471	8.963860833002268E-4	3.102204065454571E-6	2.280623705454564E-6
GOTERM_BP_FAT	GO:0098869~cellular oxidant detoxification	7	10.76923076923077	2.5539924064938614E-7	Q9NRD8, P29474, P23219, P04040, P05164, P09211, P35354	65	79	19104	26.042453748782865	9.121253638888493E-4	3.1458140951710596E-6	2.3126841584320277E-6
GOTERM_CC_FAT	GO:0005667~transcription regulator complex	13	20.0	2.6879856656668723E-7	P35869, P24385, O75469, P04637, P11802, P37231, P42224, Q07869, Q04206, P01106, Q16236, Q16665, P06400	59	543	16775	6.80697318725224	7.875488924513618E-5	7.875798000403936E-5	7.284441153957225E-5
GOTERM_BP_FAT	GO:0002429~immune response-activating cell surface receptor signaling pathway	10	15.384615384615385	2.750605201665708E-7	O15111, P10415, Q04206, P28482, Q07812, P31749, P01579, O14920, P35228, P25963	65	270	19104	10.885470085470086	9.823085923470476E-4	3.3763442544157763E-6	2.482161257585618E-6
KEGG_PATHWAY	hsa05221:Acute myeloid leukemia	8	12.307692307692308	2.76326901622834E-7	P24385, O15111, Q04206, P28482, P31749, P01106, P05164, O14920	63	68	9375	17.507002801120446	6.13426990866417E-5	8.21611987491893E-7	3.2053920588248743E-7
GOTERM_MF_FAT	GO:0019207~kinase regulator activity	11	16.923076923076923	2.7706535005620746E-7	P24385, P11802, P31749, P02778, P38936, P00533, P09211, P42574, P01344, P60568, P29965	65	323	17305	9.066682543462731	1.2577977543504204E-4	6.620403627658853E-6	5.512142227434022E-6
GOTERM_BP_FAT	GO:0010038~response to metal ion	11	16.923076923076923	2.830759891020418E-7	P01583, P24385, P10415, P04040, P19320, Q14790, Q16665, Q16236, P42574, P05177, P09601	65	357	19104	9.055979314802844	0.0010109193286096385	3.4628336749057993E-6	2.5457450252806913E-6
GOTERM_BP_FAT	GO:0002757~immune response-activating signaling pathway	11	16.923076923076923	2.904551984709919E-7	O15111, P10415, Q04206, P28482, Q07812, P31749, P01579, O14920, P35228, P25963, P01375	65	358	19104	9.03068328319725	0.0010372582501474437	3.5409760032026725E-6	2.603192324862883E-6
GOTERM_BP_FAT	GO:0045429~positive regulation of nitric oxide biosynthetic process	6	9.230769230769232	3.139990015649019E-7	P42224, P31749, P01579, P35354, P01584, P01375	65	43	19104	41.01037567084079	0.0011212894933895212	3.814981066632073E-6	2.804630537787185E-6
GOTERM_BP_FAT	GO:0034614~cellular response to reactive oxygen species	8	12.307692307692308	3.177775455638262E-7	P29474, Q04206, P04040, P05164, P08253, P05231, P08254, Q16236	65	134	19104	17.546727898966708	0.0011347750062121742	3.834802002547254E-6	2.8192021440898903E-6
GOTERM_BP_FAT	GO:0030183~B cell differentiation	8	12.307692307692308	3.177775455638262E-7	P10415, P04637, Q07812, P19320, P05231, P05112, P29965, P22301	65	134	19104	17.546727898966708	0.0011347750062121742	3.834802002547254E-6	2.8192021440898903E-6
KEGG_PATHWAY	hsa05146:Amoebiasis	9	13.846153846153847	3.341865983618028E-7	Q04206, P01579, P05231, P42574, P35228, P01584, P22301, P01375, P10145	63	103	9375	13.002773925104021	7.418668527181538E-5	9.805738346668688E-7	3.8255571128259006E-7
GOTERM_BP_FAT	GO:0048511~rhythmic process	10	15.384615384615385	3.517176427387723E-7	P31645, P37231, P35869, P29474, Q07869, P04637, P08253, P42574, P35228, P01375	65	278	19104	10.572219147758718	0.0012558980577920265	4.230085588763955E-6	3.109799763744162E-6
GOTERM_BP_FAT	GO:0010720~positive regulation of cell development	12	18.461538461538463	3.6705778426649447E-7	P37231, P10415, P01579, Q14790, P05231, Q16665, P05112, P60568, P01584, P22301, P01375, P06400	65	465	19104	7.584714640198511	0.0013106380666562112	4.399766461073551E-6	3.2345427566570958E-6
KEGG_PATHWAY	hsa05230:Central carbon metabolism in cancer	8	12.307692307692308	3.732518349621278E-7	P08581, P04626, P04637, P28482, P31749, P01106, Q16665, P00533	63	71	9375	16.76727028839705	8.285848987887867E-5	1.0671174255968526E-6	4.1631935438083485E-7
KEGG_PATHWAY	hsa05120:Epithelial cell signaling in Helicobacter pylori infection	8	12.307692307692308	3.732518349621278E-7	P08581, O15111, Q04206, P00533, P42574, O14920, P25963, P10145	63	71	9375	16.76727028839705	8.285848987887867E-5	1.0671174255968526E-6	4.1631935438083485E-7
GOTERM_BP_FAT	GO:0010595~positive regulation of endothelial cell migration	8	12.307692307692308	3.881828937710942E-7	P08581, P29474, P31749, Q16665, Q16236, P35354, P09601	65	138	19104	17.038127090301003	0.0013860163393533131	4.63742239648946E-6	3.409258458337436E-6
KEGG_PATHWAY	hsa04622:RIG-I-like receptor signaling pathway	8	12.307692307692308	4.113229112974137E-7	O15111, Q04206, Q14790, P02778, O14920, P25963, P01375, P10145	63	72	9375	16.53439153439153	9.13095361159133E-5	1.161076066067383E-6	4.5297586434018977E-7
GOTERM_BP_FAT	GO:0043200~response to amino acid	8	12.307692307692308	4.492202657791524E-7	O15111, P08253, P00533, P09211, P08254, Q16236, P42574, P01375	65	141	19104	16.675613747954174	0.001603776943164048	5.348715964543775E-6	3.932174726453514E-6
GOTERM_BP_FAT	GO:0008630~intrinsic apoptotic signaling pathway in response to DNA damage	7	10.76923076923077	4.5442207394025916E-7	O96017, P10415, P04637, Q07812, P01106, P38936, P01375	65	87	19104	23.647745358090187	0.0016223330319310447	5.392676571809321E-6	3.9644929108542215E-6
GOTERM_BP_FAT	GO:0050864~regulation of B cell activation	8	12.307692307692308	4.712785815663094E-7	P35869, P10415, P05231, P38936, P42574, P05112, P60568, P22301	65	142	19104	16.558179848320695	0.0016824618404289726	5.569039511355661E-6	4.0941483081802814E-6
GOTERM_BP_FAT	GO:1903706~regulation of hemopoiesis	12	18.461538461538463	4.7240172786695557E-7	P42224, P04626, P01106, P01579, Q14790, Q16665, P05112, P60568, P25963, P22301, P01375, P06400	65	477	19104	7.393904208998549	0.001686468084083792	5.569039511355661E-6	4.0941483081802814E-6
GOTERM_BP_FAT	GO:0031401~positive regulation of protein modification process	11	16.923076923076923	4.898148996159529E-7	P14780, P04626, P28482, P31749, P01579, P05231, P38936, P00533, P05112, P22301, P01375	65	379	19104	8.530302415262838	0.0017485785171648116	5.7553250704874466E-6	4.2310984420772775E-6
GOTERM_BP_FAT	GO:0042063~gliogenesis	10	15.384615384615385	5.622193739541146E-7	P04626, P04637, P28482, P31749, P01579, P09211, P13500, P01584, P01375, P06400	65	294	19104	9.996860282574568	0.002006794078568852	6.584418372997041E-6	4.840616642634442E-6
GOTERM_BP_FAT	GO:0045834~positive regulation of lipid metabolic process	8	12.307692307692308	5.688514333248291E-7	P37231, Q07869, P28482, P31749, P01579, P35354, P01584, P01375	65	146	19104	16.104531085353006	0.0020304426061027447	6.640318038680684E-6	4.881711973565363E-6
GOTERM_BP_FAT	GO:0009790~embryo development	17	26.153846153846157	5.850382491972741E-7	P29474, P04637, P28482, P31749, P38936, P10145, P14780, Q07812, P01106, Q14790, P08253, P00533, Q16665, P42574, P01344, P22301, P01375	65	1119	19104	4.465085584656631	0.0020881590318739818	6.807024840823007E-6	5.004268541993621E-6
GOTERM_BP_FAT	GO:0045786~negative regulation of cell cycle	11	16.923076923076923	5.926618103257689E-7	O96017, P24385, O15392, P10415, P04637, P38936, P42574, P13500, P22301, P01375, P06400	65	387	19104	8.353965414430531	0.002115340782212982	6.873337618453398E-6	5.053019201024251E-6
GOTERM_BP_FAT	GO:0070661~leukocyte proliferation	8	12.307692307692308	5.957333785210345E-7	P10415, P04626, P04637, Q07812, P01106, P60568, P29965, P22301	65	147	19104	15.99497645211931	0.0021262922266244155	6.886600738113706E-6	5.0627697475606355E-6
GOTERM_BP_FAT	GO:0042113~B cell activation	9	13.846153846153847	6.028879511796765E-7	P10415, P04637, Q07812, P19320, Q14790, P05231, P05112, P29965, P22301	65	216	19104	12.246153846153847	0.002151800849147456	6.946825037463886E-6	5.107044386444615E-6
GOTERM_BP_FAT	GO:0071456~cellular response to hypoxia	8	12.307692307692308	6.23674967923058E-7	P37231, P24385, P10415, P04637, P01106, Q16665, Q16236, P35354	65	148	19104	15.886902286902288	0.0022259103343965636	7.163237895244897E-6	5.26614297673939E-6
GOTERM_BP_FAT	GO:0051223~regulation of protein transport	12	18.461538461538463	6.284232279331131E-7	P01583, P37231, O15392, P09917, P31749, P01579, P05231, Q16665, P35228, P25963, P01584, P01375	65	491	19104	7.183080056399812	0.002242837970651612	7.194640289029102E-6	5.289228835103701E-6
GOTERM_BP_FAT	GO:0001892~embryonic placenta development	7	10.76923076923077	6.333736420149249E-7	P28482, P31749, Q14790, Q16665, P00533, P01344, P22301	65	92	19104	22.36254180602007	0.0022604859842751956	7.228149039224638E-6	5.3138632074479E-6
GOTERM_BP_FAT	GO:0070230~positive regulation of lymphocyte apoptotic process	5	7.6923076923076925	6.567151822401754E-7	P04637, Q07812, P01106, P05362, P22301	65	21	19104	69.97802197802199	0.0023436933685134775	7.446941685593354E-6	5.474711328770478E-6
GOTERM_BP_FAT	GO:0002902~regulation of B cell apoptotic process	5	7.6923076923076925	6.567151822401754E-7	P10415, Q07812, P01106, P60568, P22301	65	21	19104	69.97802197802199	0.0023436933685134775	7.446941685593354E-6	5.474711328770478E-6
GOTERM_BP_FAT	GO:0050708~regulation of protein secretion	10	15.384615384615385	6.655090087046399E-7	P01583, P37231, O15392, P09917, P01579, P05231, Q16665, P35228, P01584, P01375	65	300	19104	9.796923076923079	0.002375039599020079	7.522779047762575E-6	5.530464103982229E-6
GOTERM_BP_FAT	GO:0007507~heart development	13	20.0	6.773516696540045E-7	P29474, P04626, P04637, P28482, P19320, P38936, P37231, Q07869, Q14790, P08253, Q16665, P42574, P06400	65	606	19104	6.304950495049505	0.0024172520648755302	7.632492630927773E-6	5.611121402244214E-6
GOTERM_BP_FAT	GO:0032880~regulation of protein localization	16	24.615384615384617	6.95318272588394E-7	P01583, O15392, P09917, P10415, P04626, P31749, P35228, P37231, P01579, P00533, P05231, Q16665, P42574, P25963, P01584, P01375	65	991	19104	4.745230148257394	0.0024812895511262534	7.810304621653282E-6	5.741842087475228E-6
GOTERM_BP_FAT	GO:0010573~vascular endothelial growth factor production	4	6.153846153846154	7.120549204022372E-7	P05231, Q16665, P01584, P01375	65	6	19104	195.93846153846155	0.0025409394706841226	7.973229390836336E-6	5.8616182475745295E-6
GOTERM_BP_FAT	GO:0002673~regulation of acute inflammatory response	6	9.230769230769232	7.506421986594276E-7	P37231, P05231, P09211, P35354, P01584, P01375	65	51	19104	34.577375565610865	0.0026784521113855098	8.37904354253586E-6	6.159957542748928E-6
GOTERM_BP_FAT	GO:0030595~leukocyte chemotaxis	8	12.307692307692308	7.804748925436682E-7	P09917, P02778, P08253, P05231, P13500, P01584, P22301, P10145	65	153	19104	15.367722473604827	0.0027847532402847097	8.684910642261629E-6	6.384819525917984E-6
KEGG_PATHWAY	hsa05203:Viral carcinogenesis	11	16.923076923076923	8.01252248698481E-7	P24385, Q04206, P04637, P28482, Q07812, P11802, Q14790, P38936, P42574, P25963, P06400	63	205	9375	7.984901277584204	1.7786225109939213E-4	2.233490643247016E-6	8.71361820459598E-7
KEGG_PATHWAY	hsa01521:EGFR tyrosine kinase inhibitor resistance	8	12.307692307692308	8.511777041115697E-7	P08581, P10415, P04626, P28482, Q07812, P31749, P05231, P00533	63	80	9375	14.88095238095238	1.889436786239873E-4	2.343365777986173E-6	9.142279044161305E-7
GOTERM_BP_FAT	GO:0044772~mitotic cell cycle phase transition	8	12.307692307692308	8.518435523010086E-7	O96017, P24385, O15392, P10415, P11802, P01106, P38936, P06400	65	155	19104	15.169429280397024	0.00303901113714089	9.449643381426095E-6	6.947022261933069E-6
GOTERM_BP_FAT	GO:1904705~regulation of vascular associated smooth muscle cell proliferation	7	10.76923076923077	8.6637642267123E-7	P37231, P14780, P08253, P38936, P09211, P22301, P01375	65	97	19104	21.20983346550357	0.003090777980215731	9.58110396836419E-6	7.043667139116563E-6
GOTERM_BP_FAT	GO:0002831~regulation of response to biotic stimulus	13	20.0	8.763609418402769E-7	P35869, O15111, P31749, P37231, P42224, Q04206, Q14790, P00533, Q16236, O14920, P25963, P01584, P01375	65	621	19104	6.152657004830918	0.0031263418010465394	9.661608902016879E-6	7.102851337261009E-6
GOTERM_BP_FAT	GO:0001101~response to acid chemical	8	12.307692307692308	8.895327375719378E-7	O15111, P08253, P00533, P09211, P08254, Q16236, P42574, P01375	65	156	19104	15.072189349112426	0.003173256430281546	9.776649041867576E-6	7.187424519581257E-6
GOTERM_BP_FAT	GO:0060326~cell chemotaxis	9	13.846153846153847	9.067298663881823E-7	P09917, P19320, P02778, P08253, P05231, P13500, P01584, P22301, P10145	65	228	19104	11.601619433198382	0.003234504963045559	9.935089210854562E-6	7.303903770353886E-6
GOTERM_BP_FAT	GO:0055123~digestive system development	8	12.307692307692308	9.286115772331873E-7	P10415, Q16665, P00533, Q16236, P01344, P01375, P06400, P10145	65	157	19104	14.976188143067125	0.003312432456364256	1.014373258066344E-5	7.457290525426147E-6
GOTERM_MF_FAT	GO:0019902~phosphatase binding	9	13.846153846153847	9.46236931619039E-7	P37231, P42224, P08581, P10415, Q07869, P04637, P28482, P00533	65	208	17305	11.519600591715976	4.294995088559572E-4	2.1479578347752185E-5	1.7883878007599834E-5
GOTERM_BP_FAT	GO:0010888~negative regulation of lipid storage	5	7.6923076923076925	9.667590651160196E-7	P37231, Q07869, P05231, P25963, P01375	65	23	19104	63.89297658862877	0.0034482728139618724	1.0528242014007386E-5	7.739967393276425E-6
GOTERM_BP_FAT	GO:0002366~leukocyte activation involved in immune response	9	13.846153846153847	1.0004447215119642E-6	P04637, P01579, P05362, P05231, P60568, P29965, P01584, P22301, P01375	65	231	19104	11.45094905094905	0.003568209534142275	1.0861971262129898E-5	7.985312579606134E-6
GOTERM_BP_FAT	GO:0043535~regulation of blood vessel endothelial cell migration	8	12.307692307692308	1.0111027581434247E-6	P37231, P29474, P31749, Q16665, Q16236, P35354, P09601, P01375	65	159	19104	14.787808417997098	0.00360615413327936	1.0944421369964585E-5	8.0459267966201E-6
GOTERM_MF_FAT	GO:0019887~protein kinase regulator activity	10	15.384615384615385	1.0683092509167184E-6	P24385, P11802, P31749, P02778, P38936, P00533, P09211, P42574, P01344, P29965	65	288	17305	9.244123931623932	4.8489505937709954E-4	2.3095828567437627E-5	1.922956651650093E-5
GOTERM_BP_FAT	GO:0009887~animal organ morphogenesis	16	24.615384615384617	1.0760125595275993E-6	P31645, Q9NRD8, P29474, P10415, P04637, P28482, P13500, Q07869, Q04206, Q07812, P01106, P08253, P00533, Q16665, P01344, P01375	65	1026	19104	4.583355825461089	0.003837213950368179	1.1611833421850709E-5	8.536583025134369E-6
GOTERM_BP_FAT	GO:0002263~cell activation involved in immune response	9	13.846153846153847	1.1381750123608116E-6	P04637, P01579, P05362, P05231, P60568, P29965, P01584, P22301, P01375	65	235	19104	11.256039279869068	0.0040584438001873835	1.2245666096845841E-5	9.002552959215335E-6
GOTERM_BP_FAT	GO:0070498~interleukin-1-mediated signaling pathway	5	7.6923076923076925	1.1571988539934008E-6	P01583, Q04206, O14920, P25963, P01584	65	24	19104	61.23076923076923	0.004126137901981464	1.241295587526855E-5	9.12553810986988E-6
KEGG_PATHWAY	hsa05170:Human immunodeficiency virus 1 infection	11	16.923076923076923	1.1871856522538768E-6	O15111, P10415, Q04206, P28482, Q07812, P31749, Q14790, P42574, O14920, P25963, P01375	63	214	9375	7.649087672452159	2.635206435736004E-4	3.228565859178226E-6	1.2595750212937475E-6
GOTERM_BP_FAT	GO:0010332~response to gamma radiation	6	9.230769230769232	1.2050142031573534E-6	O96017, P10415, P04637, Q07812, P02778, P38936	65	56	19104	31.490109890109895	0.004296262885979507	1.288715788526367E-5	9.474153585303024E-6
GOTERM_MF_FAT	GO:0004601~peroxidase activity	6	9.230769230769232	1.2158089838047365E-6	Q9NRD8, P23219, P04040, P05164, P09211, P35354	65	51	17305	31.321266968325794	5.518253025876829E-4	2.508987630215229E-5	2.088980890355411E-5
GOTERM_BP_FAT	GO:0043123~positive regulation of canonical NF-kappaB signal transduction	9	13.846153846153847	1.2917756141665924E-6	P01583, O15111, Q04206, Q14790, P09601, O14920, P29965, P01584, P01375	65	239	19104	11.067653685226908	0.00460488211919674	1.3773798488964383E-5	1.0125978396422304E-5
GOTERM_BP_FAT	GO:0032755~positive regulation of interleukin-6 production	7	10.76923076923077	1.3063285818887075E-6	P01583, Q04206, P01579, P05231, P35228, P01584, P01375	65	104	19104	19.78224852071006	0.004656639150932174	1.3887516947935904E-5	1.020957992868972E-5
GOTERM_BP_FAT	GO:0042592~homeostatic process	20	30.76923076923077	1.3480877405760017E-6	P01583, P29474, P09917, O75469, P10415, P31749, P13500, P35228, P37231, Q07812, P01106, P05362, P09211, Q16236, P05231, Q16665, P42574, P09601, P01584, P06400	65	1672	19104	3.515642252484358	0.004805138947190923	1.428892999803406E-5	1.0504683699562554E-5
GOTERM_BP_FAT	GO:0031100~animal organ regeneration	6	9.230769230769232	1.438071207735274E-6	P37231, P24385, P05231, P09211, P22301, P01375	65	58	19104	30.404244031830242	0.005125053985751027	1.5152773905694393E-5	1.1139749237500973E-5
GOTERM_BP_FAT	GO:1904035~regulation of epithelial cell apoptotic process	6	9.230769230769232	1.438071207735274E-6	P10415, Q07869, Q07812, P05231, P09601, P06400	65	58	19104	30.404244031830242	0.005125053985751027	1.5152773905694393E-5	1.1139749237500973E-5
GOTERM_BP_FAT	GO:0046889~positive regulation of lipid biosynthetic process	7	10.76923076923077	1.4610017040924751E-6	Q07869, P28482, P31749, P01579, P35354, P01584, P01375	65	106	19104	19.40899854862119	0.005206561529004894	1.5277331955215062E-5	1.1231319628889907E-5
GOTERM_BP_FAT	GO:0044770~cell cycle phase transition	8	12.307692307692308	1.4625510892146355E-6	O96017, P24385, O15392, P10415, P11802, P01106, P38936, P06400	65	168	19104	13.995604395604397	0.005212068651763158	1.5277331955215062E-5	1.1231319628889907E-5
GOTERM_BP_FAT	GO:0045637~regulation of myeloid cell differentiation	9	13.846153846153847	1.462723272307825E-6	P42224, P01106, P01579, Q14790, Q16665, P05112, P25963, P01375, P06400	65	243	19104	10.885470085470086	0.005212680655975133	1.5277331955215062E-5	1.1231319628889907E-5
GOTERM_MF_FAT	GO:0016684~oxidoreductase activity, acting on peroxide as acceptor	6	9.230769230769232	1.4768529595643765E-6	Q9NRD8, P23219, P04040, P05164, P09211, P35354	65	53	17305	30.13933236574746	6.702670094070884E-4	2.9151793201835956E-5	2.427175733544932E-5
GOTERM_BP_FAT	GO:0002253~activation of immune response	11	16.923076923076923	1.506180158295848E-6	O15111, P10415, Q04206, P28482, Q07812, P31749, P01579, O14920, P35228, P25963, P01375	65	429	19104	7.536094674556214	0.005367130967175671	1.5668115379857256E-5	1.151860889907759E-5
GOTERM_BP_FAT	GO:0003013~circulatory system process	12	18.461538461538463	1.5089114475562419E-6	P31645, P37231, P42224, Q9UNQ0, P29474, Q07869, P23219, P02778, P08253, P35354, P35228, P01375	65	537	19104	6.567769660507091	0.005376837453859418	1.5668115379857256E-5	1.151860889907759E-5
GOTERM_BP_FAT	GO:0002768~immune response-regulating cell surface receptor signaling pathway	10	15.384615384615385	1.5421772327815283E-6	O15111, P10415, Q04206, P28482, Q07812, P31749, P01579, O14920, P35228, P25963	65	332	19104	8.852641334569045	0.005495050175765792	1.5967121957958314E-5	1.173842728488201E-5
GOTERM_BP_FAT	GO:0002685~regulation of leukocyte migration	9	13.846153846153847	1.6525992289419549E-6	P28482, P31749, P02778, P05362, P05231, P09601, P13500, P01375, P10145	65	247	19104	10.709187169106198	0.005887343197220063	1.7060937704568388E-5	1.25425594659005E-5
GOTERM_BP_FAT	GO:1904645~response to amyloid-beta	6	9.230769230769232	1.705265221905738E-6	P14780, P19320, P05362, P08253, P08254, P01375	65	60	19104	29.39076923076923	0.006074393650279508	1.7553911736735723E-5	1.2904975425718928E-5
GOTERM_BP_FAT	GO:0010574~regulation of vascular endothelial growth factor production	6	9.230769230769232	2.010089754308106E-6	P01583, Q04206, P05231, Q16665, P35354, P01584	65	62	19104	28.44267990074442	0.007156328565930181	2.0632300581576304E-5	1.51680910770491E-5
GOTERM_BP_FAT	GO:0002573~myeloid leukocyte differentiation	8	12.307692307692308	2.0718791770403677E-6	P01583, P37231, P14780, P01579, Q14790, P05112, P01584, P01375	65	177	19104	13.283963494132987	0.0073754984976915905	2.1205594327759866E-5	1.5589555068504312E-5
GOTERM_BP_FAT	GO:0008015~blood circulation	11	16.923076923076923	2.134076919397102E-6	P31645, P37231, P42224, P29474, Q07869, P23219, P02778, P08253, P35354, P35228, P01375	65	446	19104	7.248844429113488	0.007596067909667492	2.177977930310414E-5	1.6011674258105115E-5
GOTERM_MF_FAT	GO:0008134~transcription factor binding	13	20.0	2.1702548881740285E-6	P35869, O75469, P10415, P04637, P37231, P42224, Q07869, Q04206, P01106, Q16236, Q16665, P25963, P06400	65	614	17305	5.6368078175895775	9.848115428886528E-4	4.105398830129204E-5	3.418151448874095E-5
GOTERM_BP_FAT	GO:0045597~positive regulation of cell differentiation	15	23.076923076923077	2.200791587735418E-6	P10415, P31749, P35354, P37231, P42224, P01579, Q14790, P05231, Q16665, P05112, P60568, P01584, P22301, P06400, P01375	65	943	19104	4.675095847948446	0.00783260105365624	2.2396659690572402E-5	1.6465181508242758E-5
GOTERM_BP_FAT	GO:0002764~immune response-regulating signaling pathway	11	16.923076923076923	2.2211620221438568E-6	O15111, P10415, Q04206, P28482, Q07812, P31749, P01579, O14920, P35228, P25963, P01375	65	448	19104	7.2164835164835175	0.00790481206307847	2.2539746429255274E-5	1.657037349474366E-5
GOTERM_BP_FAT	GO:0032675~regulation of interleukin-6 production	8	12.307692307692308	2.232751513487014E-6	P01583, Q04206, P01579, P05231, P35228, P01584, P22301, P01375	65	179	19104	13.135539321014182	0.007945893223887834	2.259316828944933E-5	1.6609647236308497E-5
GOTERM_MF_FAT	GO:0140297~DNA-binding transcription factor binding	12	18.461538461538463	2.2798175519068157E-6	P37231, P35869, O75469, P10415, Q07869, Q04206, P04637, P01106, Q16665, Q16236, P25963, P06400	65	508	17305	6.288915808600849	0.0010345028809589651	4.1401486742627776E-5	3.447084138483105E-5
GOTERM_BP_FAT	GO:0042060~wound healing	10	15.384615384615385	2.4934892932023714E-6	P01583, P31645, P00749, Q07869, P04626, P05231, P38936, Q16665, P09601, P29965	65	352	19104	8.34965034965035	0.008869678598349973	2.51602930941211E-5	1.8496900802117025E-5
GOTERM_BP_FAT	GO:1902894~negative regulation of miRNA transcription	5	7.6923076923076925	2.554251132862601E-6	P37231, Q07869, Q04206, Q16665, P01375	65	29	19104	50.6737400530504	0.009084832213088534	2.5700802948127358E-5	1.889426330956955E-5
GOTERM_BP_FAT	GO:0051402~neuron apoptotic process	7	10.76923076923077	2.7352785361142744E-6	P10415, P04637, Q07812, Q16665, P42574, P01375, P06400	65	118	19104	17.435202086049543	0.00972556141335501	2.7444985761236483E-5	2.0176520887180012E-5
GOTERM_BP_FAT	GO:0007167~enzyme-linked receptor protein signaling pathway	13	20.0	2.7472336534462175E-6	P37231, P14780, P08581, P04626, Q04206, P04637, P28482, P31749, P08253, P00533, P42574, P01344	65	693	19104	5.513419913419914	0.009767860826612407	2.7487727199187365E-5	2.0207942784173018E-5
GOTERM_BP_FAT	GO:0042176~regulation of protein catabolic process	11	16.923076923076923	2.9223955769031656E-6	P11926, O96017, Q04206, P31749, P01579, P00533, Q16236, P35228, P01584, P22301, P01375	65	462	19104	6.997802197802198	0.010387408991431757	2.915865083993885E-5	2.1436342974714282E-5
GOTERM_BP_FAT	GO:0032651~regulation of interleukin-1 beta production	7	10.76923076923077	3.016373997154485E-6	Q04206, P01579, Q14790, P05231, P09211, P01584, P01375	65	120	19104	17.144615384615385	0.010719651154488585	3.001250116388808E-5	2.2064061605926677E-5
GOTERM_BP_FAT	GO:0007169~cell surface receptor protein tyrosine kinase signaling pathway	11	16.923076923076923	3.0368498482260226E-6	P14780, P08581, P04626, Q04206, P28482, P31749, P08253, P00533, P42574, P01344	65	464	19104	6.96763925729443	0.010792024690148727	3.0132299049620423E-5	2.2152132504004263E-5
GOTERM_BP_FAT	GO:0080135~regulation of cellular response to stress	12	18.461538461538463	3.122339801963543E-6	O96017, P09917, P10415, P04637, P28482, Q07812, P31749, P01106, P00533, P09211, Q16236, P35354	65	579	19104	6.091351135910722	0.011094138597039116	3.0894730672060324E-5	2.2712643545585222E-5
GOTERM_BP_FAT	GO:2001243~negative regulation of intrinsic apoptotic signaling pathway	7	10.76923076923077	3.165498404170318E-6	P14780, P10415, P31749, Q16665, Q16236, P35354, P22301	65	121	19104	17.002924348378894	0.011246622225791425	3.123524944667507E-5	2.2962980136329433E-5
GOTERM_BP_FAT	GO:0043524~negative regulation of neuron apoptotic process	8	12.307692307692308	3.3163972877807934E-6	P24385, O15392, P10415, Q07812, P31749, Q16665, P13500, P22301	65	190	19104	12.37506072874494	0.011779578228485521	3.258542592830513E-5	2.3955579083910767E-5
GOTERM_BP_FAT	GO:0001676~long-chain fatty acid metabolic process	7	10.76923076923077	3.3205753185618887E-6	P09917, P23219, P08684, P09488, P09211, P35354, P05177	65	122	19104	16.863556116015136	0.011794330424644062	3.258542592830513E-5	2.3955579083910767E-5
KEGG_PATHWAY	hsa04060:Cytokine-cytokine receptor interaction	12	18.461538461538463	3.3337614058244966E-6	P01583, P01579, P02778, P05231, P13500, P05112, P60568, P29965, P01584, P22301, P01375, P10145	63	298	9375	5.992329817833173	7.39822462055173E-4	8.956973415648949E-6	3.494424606105195E-6
GOTERM_BP_FAT	GO:0070231~T cell apoptotic process	5	7.6923076923076925	3.366877531107003E-6	O96017, P10415, P04637, Q07812, P31749	65	31	19104	47.4044665012407	0.011957804025678032	3.285925284457436E-5	2.4156886329745875E-5
GOTERM_BP_FAT	GO:2000629~negative regulation of miRNA metabolic process	5	7.6923076923076925	3.366877531107003E-6	P37231, Q07869, Q04206, Q16665, P01375	65	31	19104	47.4044665012407	0.011957804025678032	3.285925284457436E-5	2.4156886329745875E-5
GOTERM_BP_FAT	GO:0002703~regulation of leukocyte mediated immunity	9	13.846153846153847	3.6688329260341894E-6	P35869, P05362, P05231, P35228, P05112, P60568, P01584, P22301, P01375	65	275	19104	9.618797202797204	0.013023218450793572	3.570350191964663E-5	2.6247871232080645E-5
GOTERM_BP_FAT	GO:1905952~regulation of lipid localization	8	12.307692307692308	3.678300309750829E-6	P37231, Q07869, P31749, P05164, P05231, P25963, P01584, P01375	65	193	19104	12.182702271821444	0.013056604435039976	3.570350191964663E-5	2.6247871232080645E-5
GOTERM_BP_FAT	GO:0045892~negative regulation of DNA-templated transcription	18	27.692307692307693	3.702720887081946E-6	P35869, P24385, O15392, O75469, P04637, P37231, P42224, Q07869, Q04206, P01106, P01579, P09211, Q16665, P05112, P01344, P25963, P06400, P01375	65	1449	19104	3.6510272336359297	0.013142716468369842	3.584314094486914E-5	2.635052858936908E-5
GOTERM_BP_FAT	GO:0043436~oxoacid metabolic process	14	21.53846153846154	3.7594626266554234E-6	P11926, P29474, P09917, P35354, P35228, P37231, P23219, Q07869, P08684, P09488, P05164, P09211, Q16665, P05177	65	847	19104	4.857978385251113	0.013342770638983703	3.629405541192749E-5	2.6682023939451736E-5
GOTERM_BP_FAT	GO:0009743~response to carbohydrate	8	12.307692307692308	3.937418259168739E-6	Q07869, P04040, P05362, Q16665, P09211, P42574, P01584, P01375	65	195	19104	12.05775147928994	0.013969925316065002	3.760550273195384E-5	2.7646150664644676E-5
GOTERM_BP_FAT	GO:0045766~positive regulation of angiogenesis	8	12.307692307692308	3.937418259168739E-6	P01583, P29474, Q16665, Q16236, P09601, P01584, P22301, P10145	65	195	19104	12.05775147928994	0.013969925316065002	3.760550273195384E-5	2.7646150664644676E-5
GOTERM_BP_FAT	GO:0050796~regulation of insulin secretion	8	12.307692307692308	3.937418259168739E-6	O15392, P09917, P01579, P05231, Q16665, P35228, P01584, P01375	65	195	19104	12.05775147928994	0.013969925316065002	3.760550273195384E-5	2.7646150664644676E-5
GOTERM_BP_FAT	GO:0097193~intrinsic apoptotic signaling pathway	8	12.307692307692308	3.937418259168739E-6	O96017, P10415, P04637, Q07812, P01106, P38936, P42574, P01375	65	195	19104	12.05775147928994	0.013969925316065002	3.760550273195384E-5	2.7646150664644676E-5
GOTERM_BP_FAT	GO:0043525~positive regulation of neuron apoptotic process	6	9.230769230769232	3.951805543656759E-6	P04637, Q07812, Q14790, P08253, P42574, P01375	65	71	19104	24.83726977248104	0.014020611845899533	3.764226507184519E-5	2.767317695371373E-5
GOTERM_BP_FAT	GO:1902679~negative regulation of RNA biosynthetic process	18	27.692307692307693	4.02558625200656E-6	P35869, P24385, O15392, O75469, P04637, P37231, P42224, Q07869, Q04206, P01106, P01579, P09211, Q16665, P05112, P01344, P25963, P06400, P01375	65	1458	19104	3.6284900284900283	0.014280501003796853	3.824306939406232E-5	2.8114865685556455E-5
GOTERM_BP_FAT	GO:2000045~regulation of G1/S transition of mitotic cell cycle	8	12.307692307692308	4.211588441220596E-6	P24385, P10415, P04637, P31749, P38936, P00533, P13500, P06400	65	197	19104	11.935337758688012	0.014935381268341041	3.987076090441898E-5	2.931148324048271E-5
GOTERM_BP_FAT	GO:0006082~organic acid metabolic process	14	21.53846153846154	4.219246254722949E-6	P11926, P29474, P09917, P35354, P35228, P37231, P23219, Q07869, P08684, P09488, P05164, P09211, Q16665, P05177	65	856	19104	4.8069015097052485	0.014962333728385402	3.987076090441898E-5	2.931148324048271E-5
GOTERM_BP_FAT	GO:1905953~negative regulation of lipid localization	6	9.230769230769232	4.235806120166222E-6	P37231, Q07869, P31749, P05231, P25963, P01375	65	72	19104	24.492307692307694	0.015020615352558941	3.9921634462358166E-5	2.9348883566112136E-5
GOTERM_BP_FAT	GO:0060341~regulation of cellular localization	12	18.461538461538463	4.321273388036718E-6	O15392, P10415, P04626, P28482, Q07812, P31749, P01579, Q16665, P00533, P25963, P01584, P01375	65	599	19104	5.887967124695004	0.015321358351626957	4.0619969847545154E-5	2.986227346574848E-5
KEGG_PATHWAY	hsa04062:Chemokine signaling pathway	10	15.384615384615385	4.3584831727674654E-6	P42224, O15111, Q04206, P28482, P31749, P02778, O14920, P13500, P25963, P10145	63	193	9375	7.71033802121885	9.671174131847815E-4	1.1570735089608866E-5	4.5141432860805895E-6
GOTERM_BP_FAT	GO:1901989~positive regulation of cell cycle phase transition	7	10.76923076923077	4.3864156344028216E-6	O96017, P24385, O15392, P11802, P31749, P00533, P06400	65	128	19104	16.073076923076925	0.015550519829690357	4.1124085685267395E-5	3.0232880461789524E-5
GOTERM_BP_FAT	GO:0010817~regulation of hormone levels	12	18.461538461538463	4.4608764933830445E-6	Q9NRD8, P37231, O15392, P09917, P08684, P01579, P05231, Q16665, P05177, P35228, P01584, P01375	65	601	19104	5.8683732241136575	0.01581239760501807	4.17126985192781E-5	3.066560647021957E-5
GOTERM_BP_FAT	GO:1904018~positive regulation of vasculature development	8	12.307692307692308	4.501498169335615E-6	P01583, P29474, Q16665, Q16236, P09601, P01584, P22301, P10145	65	199	19104	11.815384615384616	0.01595523409602151	4.1982640889991697E-5	3.0864057944322E-5
GOTERM_BP_FAT	GO:0048568~embryonic organ development	11	16.923076923076923	4.833357016586558E-6	P04637, P28482, P31749, P01106, Q14790, Q16665, P00533, P01344, P22301, P01375, P10145	65	489	19104	6.611420481359132	0.01712136108050255	4.496028974803954E-5	3.305311334780287E-5
GOTERM_BP_FAT	GO:2000108~positive regulation of leukocyte apoptotic process	5	7.6923076923076925	4.925158634742434E-6	P04637, Q07812, P01106, P05362, P22301	65	34	19104	43.22171945701358	0.017443701037509918	4.569523803454539E-5	3.359341967489255E-5
GOTERM_BP_FAT	GO:2000134~negative regulation of G1/S transition of mitotic cell cycle	6	9.230769230769232	5.1849495158923105E-6	P24385, P10415, P04637, P38936, P13500, P06400	65	75	19104	23.512615384615387	0.018355323483958408	4.798093178955267E-5	3.5273775722106754E-5
KEGG_PATHWAY	hsa05330:Allograft rejection	6	9.230769230769232	5.20024902300306E-6	P01579, P05112, P60568, P29965, P22301, P01375	63	39	9375	22.893772893772894	0.0011537921542321694	1.3643006260349204E-5	5.322607823544307E-6
GOTERM_BP_FAT	GO:0007399~nervous system development	23	35.38461538461539	5.378708257616698E-6	P31645, Q9NRD8, P24385, P10415, P04626, P04637, P28482, P31749, P19320, P13500, P08581, Q07812, P01579, P08253, P00533, P09211, P05231, Q16665, P42574, P01584, P06400, P01375	65	2395	19104	2.8224955837481933	0.01903468447829093	4.964533823309262E-5	3.649738471447403E-5
GOTERM_BP_FAT	GO:0032722~positive regulation of chemokine production	6	9.230769230769232	5.535829871377569E-6	P01579, P05231, Q16665, P09601, P01584, P01375	65	76	19104	23.203238866396763	0.019585242467486386	5.096387706330071E-5	3.746672485112757E-5
GOTERM_BP_FAT	GO:0046883~regulation of hormone secretion	9	13.846153846153847	5.704485841920523E-6	P37231, O15392, P09917, P01579, P05231, Q16665, P35228, P01584, P01375	65	292	19104	9.058798735511065	0.02017587337280291	5.2381551227095394E-5	3.8508945554969905E-5
GOTERM_BP_FAT	GO:1901990~regulation of mitotic cell cycle phase transition	10	15.384615384615385	5.73813773166341E-6	P24385, O15392, P10415, P04637, P11802, P31749, P38936, P00533, P13500, P06400	65	390	19104	7.536094674556213	0.020293679255510955	5.2555456352568453E-5	3.863679405986696E-5
GOTERM_BP_FAT	GO:0071492~cellular response to UV-A	4	6.153846153846154	5.80447921507599E-6	P14780, P03956, P08253, P08254	65	11	19104	106.87552447552447	0.020525880818887843	5.300006061204588E-5	3.896365038276386E-5
GOTERM_BP_FAT	GO:0002683~negative regulation of immune system process	12	18.461538461538463	5.816356035812426E-6	P37231, P35869, P04626, P31749, P01106, P42574, P09601, P13500, P05112, P60568, P22301, P01375	65	618	19104	5.706945481702763	0.020567445025190367	5.300006061204588E-5	3.896365038276386E-5
GOTERM_BP_FAT	GO:0006633~fatty acid biosynthetic process	7	10.76923076923077	5.965602601851132E-6	P09917, P23219, P08684, P09488, P09211, P35354, P05177	65	135	19104	15.23965811965812	0.021089599093508715	5.422171118018383E-5	3.986176191465922E-5
GOTERM_BP_FAT	GO:0071375~cellular response to peptide hormone stimulus	9	13.846153846153847	6.1482085696659796E-6	P37231, P42224, Q04206, P28482, P31749, P09211, Q16236, P01344, P06400	65	295	19104	8.966675358539765	0.021728085838111477	5.5739596474230653E-5	4.097765407092097E-5
KEGG_PATHWAY	hsa04920:Adipocytokine signaling pathway	7	10.76923076923077	6.1639621266004505E-6	O15111, Q07869, Q04206, P31749, O14920, P25963, P01375	63	70	9375	14.88095238095238	0.0013674679719286598	1.5983297142231403E-5	6.235636104816735E-6
GOTERM_BP_FAT	GO:0001959~regulation of cytokine-mediated signaling pathway	8	12.307692307692308	6.212802391846239E-6	P01583, P37231, Q14790, P05231, Q16665, P09211, O14920, P01584	65	209	19104	11.250055207949947	0.02195384020178537	5.586603590662415E-5	4.1070607584209125E-5
GOTERM_BP_FAT	GO:0010743~regulation of macrophage derived foam cell differentiation	5	7.6923076923076925	6.22440265295552E-6	P37231, Q07869, P25963, P01584, P01375	65	36	19104	40.820512820512825	0.02199437740972965	5.586603590662415E-5	4.1070607584209125E-5
GOTERM_BP_FAT	GO:0097192~extrinsic apoptotic signaling pathway in absence of ligand	5	7.6923076923076925	6.22440265295552E-6	P01583, P10415, Q07812, P60568, P01584	65	36	19104	40.820512820512825	0.02199437740972965	5.586603590662415E-5	4.1070607584209125E-5
GOTERM_BP_FAT	GO:0021782~glial cell development	7	10.76923076923077	6.224715087020271E-6	P04626, P28482, P31749, P01579, P09211, P01584, P01375	65	136	19104	15.127601809954752	0.021995469189962535	5.586603590662415E-5	4.1070607584209125E-5
GOTERM_BP_FAT	GO:0019725~cellular homeostasis	13	20.0	6.425239563687802E-6	P01583, P29474, P10415, P13500, P35228, Q07812, P01106, P05362, P09211, Q16236, P05231, Q16665, P09601	65	753	19104	5.074103585657371	0.02269593743122411	5.752119228444318E-5	4.228741627630118E-5
GOTERM_BP_FAT	GO:1901987~regulation of cell cycle phase transition	11	16.923076923076923	6.758021844913033E-6	O96017, P24385, O15392, P10415, P04637, P11802, P31749, P38936, P00533, P13500, P06400	65	508	19104	6.364142943670504	0.023857299417315736	6.034913507507339E-5	4.436641341185407E-5
KEGG_PATHWAY	hsa04931:Insulin resistance	8	12.307692307692308	6.875368539739682E-6	P29474, Q07869, Q04206, P31749, P05231, O14920, P25963, P01375	63	109	9375	10.9217999126256	0.0015251728028995437	1.7623071084620104E-5	6.875368539739682E-6
GOTERM_BP_FAT	GO:0048147~negative regulation of fibroblast proliferation	5	7.6923076923076925	6.9613722769731805E-6	P37231, P04637, Q07812, P01106, P09211	65	37	19104	39.71725571725572	0.024566283755359963	6.201002935997057E-5	4.558744039733559E-5
GOTERM_BP_FAT	GO:0030522~intracellular receptor signaling pathway	8	12.307692307692308	7.034163337936182E-6	P37231, P35869, O75469, Q07869, Q04206, O14920, P25963, P01375	65	213	19104	11.03878656554713	0.024819945743746796	6.250256577887573E-5	4.594953464034929E-5
KEGG_PATHWAY	hsa05010:Alzheimer disease	13	20.0	7.0485268227389935E-6	P01583, O15111, P28482, P31749, P35354, P35228, Q04206, Q14790, P05231, P42574, O14920, P01584, P01375	63	388	9375	4.985886107020127	0.0015635548418405643	1.7861607743986315E-5	7.0485268227389935E-6
GOTERM_BP_FAT	GO:0043536~positive regulation of blood vessel endothelial cell migration	6	9.230769230769232	7.1296630129717295E-6	P29474, P31749, Q16665, Q16236, P35354, P09601	65	80	19104	22.043076923076928	0.02515264260385941	6.319393618445414E-5	4.64578041490416E-5
GOTERM_MF_FAT	GO:0061629~RNA polymerase II-specific DNA-binding transcription factor binding	10	15.384615384615385	7.412767290983015E-6	P37231, P35869, O75469, Q07869, Q04206, P04637, Q16665, Q16236, P25963, P06400	65	365	17305	7.293993677555322	0.003359752182762965	1.2943832115793418E-4	1.077702321535223E-4
GOTERM_BP_FAT	GO:2001240~negative regulation of extrinsic apoptotic signaling pathway in absence of ligand	5	7.6923076923076925	7.76084491223364E-6	P01583, P10415, P31749, P01584, P01375	65	38	19104	38.67206477732793	0.027348670129734853	6.828014292241024E-5	5.0196991969274726E-5
GOTERM_BP_FAT	GO:0038034~signal transduction in absence of ligand	5	7.6923076923076925	7.76084491223364E-6	P01583, P10415, Q07812, P60568, P01584	65	38	19104	38.67206477732793	0.027348670129734853	6.828014292241024E-5	5.0196991969274726E-5
GOTERM_BP_FAT	GO:1901099~negative regulation of signal transduction in absence of ligand	5	7.6923076923076925	7.76084491223364E-6	P01583, P10415, P31749, P01584, P01375	65	38	19104	38.67206477732793	0.027348670129734853	6.828014292241024E-5	5.0196991969274726E-5
GOTERM_BP_FAT	GO:0002637~regulation of immunoglobulin production	6	9.230769230769232	8.050630201112965E-6	P05231, P05112, P60568, P29965, P22301, P01375	65	82	19104	21.505440900562853	0.02835524283989821	7.065565375522238E-5	5.194337815263549E-5
GOTERM_BP_FAT	GO:0048565~digestive tract development	7	10.76923076923077	8.306119885663398E-6	P10415, Q16665, P00533, Q16236, P01375, P06400, P10145	65	143	19104	14.38708983324368	0.029241825508313113	7.271926527350407E-5	5.346046769547079E-5
GOTERM_BP_FAT	GO:1902807~negative regulation of cell cycle G1/S phase transition	6	9.230769230769232	8.544695360970227E-6	P24385, P10415, P04637, P38936, P13500, P06400	65	83	19104	21.246339202965707	0.030068983438918395	7.462506559751993E-5	5.486154038608268E-5
GOTERM_BP_FAT	GO:0051050~positive regulation of transport	14	21.53846153846154	8.783349860499272E-6	P01583, P31645, P31749, P13500, P37231, Q07812, P01579, P02778, P05164, Q16236, Q16665, P05112, P01584, P01375	65	916	19104	4.492038965401411	0.03089571039962713	7.652225780903269E-5	5.625628471627095E-5
GOTERM_BP_FAT	GO:0010721~negative regulation of cell development	9	13.846153846153847	8.831457908723911E-6	P04626, P04637, P01106, P05231, P05112, P60568, P01584, P01375, P06400	65	310	19104	8.532803970223327	0.03106227694153152	7.675417919698737E-5	5.642678459442577E-5
GOTERM_BP_FAT	GO:0060759~regulation of response to cytokine stimulus	8	12.307692307692308	8.949376262799524E-6	P01583, P37231, Q14790, P05231, Q16665, P09211, O14920, P01584	65	221	19104	10.639192481726418	0.03147042963204649	7.759022332699005E-5	5.704141278182415E-5
GOTERM_BP_FAT	GO:0045934~negative regulation of nucleobase-containing compound metabolic process	19	29.230769230769234	9.000228858492579E-6	P35869, P24385, O15392, O75469, P04637, P38936, P37231, P42224, Q07869, Q04206, P01106, P01579, P09211, Q16665, P05112, P01344, P25963, P06400, P01375	65	1722	19104	3.24288394532297	0.03164639348781895	7.784217308119974E-5	5.722663676126274E-5
GOTERM_BP_FAT	GO:0001889~liver development	7	10.76923076923077	9.728297364059385E-6	P24385, P08581, Q04206, P05231, P22301, P01375	65	147	19104	13.995604395604396	0.034162207520071375	8.393593764352687E-5	6.170654318362305E-5
GOTERM_BP_FAT	GO:0014823~response to activity	6	9.230769230769232	1.0170469901086342E-5	P04040, P08253, P05231, Q16665, P22301, P01375	65	86	19104	20.505187835420394	0.035686928135108764	8.753956261850702E-5	6.43557926753078E-5
GOTERM_BP_FAT	GO:1902806~regulation of cell cycle G1/S phase transition	8	12.307692307692308	1.0352751731540004E-5	P24385, P10415, P04637, P31749, P38936, P00533, P13500, P06400	65	226	19104	10.403812117086453	0.036314780432448845	8.889430092562716E-5	6.535174530534628E-5
KEGG_PATHWAY	hsa05332:Graft-versus-host disease	6	9.230769230769232	1.0704226455668556E-5	P01583, P01579, P05231, P60568, P01584, P01375	63	45	9375	19.841269841269842	0.002373529704892685	2.682070224285492E-5	1.0704226455668556E-5
GOTERM_BP_FAT	GO:0000082~G1/S transition of mitotic cell cycle	6	9.230769230769232	1.0762911842096065E-5	P24385, P10415, P11802, P01106, P38936, P06400	65	87	19104	20.26949602122016	0.03772604366403998	9.219453501191161E-5	6.777795323104141E-5
GOTERM_BP_FAT	GO:0061008~hepaticobiliary system development	7	10.76923076923077	1.0919395944780098E-5	P24385, P08581, Q04206, P05231, P22301, P01375	65	150	19104	13.71569230769231	0.0382639235123341	9.331120170993901E-5	6.859888457175249E-5
GOTERM_BP_FAT	GO:0000122~negative regulation of transcription by RNA polymerase II	15	23.076923076923077	1.1193294356998373E-5	P24385, O75469, P04637, P37231, P42224, Q07869, Q04206, P01106, P01579, P09211, P05112, P01344, P25963, P06400, P01375	65	1086	19104	4.0594985125371865	0.03920466597261274	9.542350225106967E-5	7.015176845221415E-5
GOTERM_BP_FAT	GO:0050920~regulation of chemotaxis	8	12.307692307692308	1.1279122985461555E-5	P08581, P28482, P02778, P05231, P09211, P13500, P10145	65	229	19104	10.267517635203227	0.03949926707231133	9.569840214743154E-5	7.035386451264143E-5
GOTERM_BP_FAT	GO:0090276~regulation of peptide hormone secretion	8	12.307692307692308	1.1279122985461555E-5	O15392, P09917, P01579, P05231, Q16665, P35228, P01584, P01375	65	229	19104	10.267517635203227	0.03949926707231133	9.569840214743154E-5	7.035386451264143E-5
GOTERM_BP_FAT	GO:0051384~response to glucocorticoid	7	10.76923076923077	1.134168009212815E-5	P24385, P10415, P05231, P09211, P42574, P22301, P01375	65	151	19104	13.624859908303616	0.03971393331097062	9.600114049545439E-5	7.057642635528087E-5
GOTERM_MF_FAT	GO:0016209~antioxidant activity	6	9.230769230769232	1.1458668272622846E-5	Q9NRD8, P23219, P04040, P05164, P09211, P35354	65	80	17305	19.967307692307692	0.005188756854525134	1.926753850285471E-4	1.6042135581671984E-4
GOTERM_BP_FAT	GO:0044843~cell cycle G1/S phase transition	6	9.230769230769232	1.2028512469825513E-5	P24385, P10415, P11802, P01106, P38936, P06400	65	89	19104	19.81400172860847	0.0420676635697701	1.0157410530074878E-4	7.467346039187186E-5
GOTERM_MF_FAT	GO:0016301~kinase activity	14	21.53846153846154	1.2347624668204301E-5	O96017, P24385, O15111, P04626, P28482, P31749, P11802, P38936, P13500, P00749, P08581, P00533, O14920	65	857	17305	4.349160757562158	0.005590172717161002	2.0009591731474458E-4	1.6659968446029397E-4
GOTERM_BP_FAT	GO:0050871~positive regulation of B cell activation	6	9.230769230769232	1.2703371008883283E-5	P10415, P05231, P38936, P05112, P60568, P22301	65	90	19104	19.593846153846158	0.044374742569859404	1.0701990859370539E-4	7.867701006916864E-5
GOTERM_MF_FAT	GO:0004672~protein kinase activity	12	18.461538461538463	1.2781457273408795E-5	O96017, P24385, P08581, O15111, P04626, P28482, P11802, P31749, P00533, O14920, P13500	65	609	17305	5.245926487305797	0.005786014853025767	2.0009591731474458E-4	1.6659968446029397E-4
GOTERM_BP_FAT	GO:0031663~lipopolysaccharide-mediated signaling pathway	5	7.6923076923076925	1.2813362510500694E-5	P29474, P28482, P31749, P25963, P01375	65	43	19104	34.17531305903399	0.044750233949178986	1.0769254326472582E-4	7.917150577076429E-5
GOTERM_BP_FAT	GO:0051253~negative regulation of RNA metabolic process	18	27.692307692307693	1.2870219668163817E-5	P35869, P24385, O15392, O75469, P04637, P37231, P42224, Q07869, Q04206, P01106, P01579, P09211, Q16665, P05112, P01344, P25963, P06400, P01375	65	1591	19104	3.3251655949330368	0.044944276316764564	1.0791648979972102E-4	7.933614283708493E-5
KEGG_PATHWAY	hsa04722:Neurotrophin signaling pathway	8	12.307692307692308	1.296965905893851E-5	P10415, Q04206, P04637, P28482, Q07812, P31749, O14920, P25963	63	120	9375	9.92063492063492	0.0028751418230157366	3.213593300159209E-5	1.296965905893851E-5
GOTERM_BP_FAT	GO:0002791~regulation of peptide secretion	8	12.307692307692308	1.2975497864116207E-5	O15392, P09917, P01579, P05231, Q16665, P35228, P01584, P01375	65	234	19104	10.048126232741618	0.04530346619873549	1.0830786381677692E-4	7.962386628859355E-5
GOTERM_BP_FAT	GO:0009896~positive regulation of catabolic process	12	18.461538461538463	1.297753799372355E-5	Q07869, Q07812, P31749, P01579, P05231, Q16665, Q16236, P42574, P09601, P05112, P01584, P01375	65	673	19104	5.240553206080695	0.0453104254121115	1.0830786381677692E-4	7.962386628859355E-5
GOTERM_BP_FAT	GO:0002697~regulation of immune effector process	10	15.384615384615385	1.3267295346848629E-5	P35869, P05362, P05231, P35228, P05112, P60568, P29965, P01584, P22301, P01375	65	433	19104	6.787706519808137	0.04629831990501432	1.1046801626793309E-4	8.1211929092831E-5
GOTERM_BP_FAT	GO:0001558~regulation of cell growth	10	15.384615384615385	1.351285500136919E-5	P37231, P10415, Q07869, P04626, P04637, P31749, P38936, P00533, P60568, P06400	65	434	19104	6.772066643034385	0.04713472733592494	1.1225097224393197E-4	8.252269124091975E-5
GOTERM_BP_FAT	GO:0090087~regulation of peptide transport	8	12.307692307692308	1.3710746501588632E-5	O15392, P09917, P01579, P05231, Q16665, P35228, P01584, P01375	65	236	19104	9.96297262059974	0.04780823731891837	1.1363059513613594E-4	8.353693808160498E-5
GOTERM_BP_FAT	GO:0060251~regulation of glial cell proliferation	5	7.6923076923076925	1.4059364326928744E-5	P04637, P05231, P01584, P01375, P06400	65	44	19104	33.3986013986014	0.048993576388549065	1.1625011429580898E-4	8.546271000582147E-5
GOTERM_BP_FAT	GO:2001235~positive regulation of apoptotic signaling pathway	7	10.76923076923077	1.4161916815275984E-5	P37231, P04637, Q07812, P01106, P08253, P29965, P01375	65	157	19104	13.104164625183733	0.04934198528129419	1.1682763709969011E-4	8.588728304137353E-5
GOTERM_BP_FAT	GO:0045926~negative regulation of growth	8	12.307692307692308	1.4480185605218361E-5	P31645, P37231, P10415, Q07869, P04637, P38936, Q16665, P06400	65	238	19104	9.879250161603103	0.05042245024449543	1.1917793313788016E-4	8.76151322564595E-5
GOTERM_BP_FAT	GO:0050921~positive regulation of chemotaxis	7	10.76923076923077	1.4682685071790699E-5	P08581, P28482, P02778, P05231, P13500, P10145	65	158	19104	13.021226874391433	0.05110926017374395	1.205667840837618E-4	8.863616321499397E-5
GOTERM_BP_FAT	GO:0001701~in utero embryonic development	10	15.384615384615385	1.4799780877401332E-5	P29474, P04637, P28482, P31749, Q14790, P38936, Q16665, P00533, P01344, P22301	65	439	19104	6.694936043455406	0.05150618303795129	1.2124958094971916E-4	8.913812977994472E-5
GOTERM_BP_FAT	GO:0071346~cellular response to type II interferon	6	9.230769230769232	1.4906697050796086E-5	P42224, P04637, P01579, P13500, P35228, P01375	65	93	19104	18.96178660049628	0.051868454752670656	1.2184604545868106E-4	8.95766280443719E-5
GOTERM_BP_FAT	GO:0098586~cellular response to virus	6	9.230769230769232	1.570373282043538E-5	O15111, Q07812, P01579, P02778, P05231, Q16665	65	94	19104	18.760065466448445	0.054564752290538254	1.2806788501049126E-4	9.41506903800532E-5
GOTERM_BP_FAT	GO:0019752~carboxylic acid metabolic process	13	20.0	1.589512384531865E-5	P11926, P29474, P09917, P35354, P35228, P37231, P23219, Q07869, P08684, P09488, P09211, Q16665, P05177	65	824	19104	4.636893203883496	0.05521106805306175	1.2933344504664743E-4	9.508108250069881E-5
GOTERM_BP_FAT	GO:0001568~blood vessel development	11	16.923076923076923	1.60137728384934E-5	P35869, P29474, P28482, Q07812, P31749, Q14790, P08253, Q16665, P09601, P13500, P10145	65	561	19104	5.762895927601811	0.05561151662104924	1.3000271949795098E-4	9.557310789519015E-5
GOTERM_BP_FAT	GO:0006631~fatty acid metabolic process	9	13.846153846153847	1.6516525854849427E-5	P37231, P09917, Q07869, P23219, P08684, P09488, P09211, P35354, P05177	65	338	19104	7.825944469731453	0.05730646091768543	1.3378011418032235E-4	9.835010633749341E-5
GOTERM_BP_FAT	GO:1904019~epithelial cell apoptotic process	5	7.6923076923076925	1.6816006571386877E-5	P10415, Q07812, P42574, P09601, P06400	65	46	19104	31.946488294314385	0.05831466234539173	1.3589768206559712E-4	9.990686257118087E-5
KEGG_PATHWAY	hsa04071:Sphingolipid signaling pathway	8	12.307692307692308	1.6942948262251322E-5	P29474, P10415, Q04206, P04637, P28482, Q07812, P31749, P01375	63	125	9375	9.523809523809522	0.0037543013010049586	4.151953255474775E-5	1.6942948262251322E-5
GOTERM_BP_FAT	GO:0032869~cellular response to insulin stimulus	7	10.76923076923077	1.814219204592727E-5	P37231, P42224, P28482, P31749, P09211, P01344, P06400	65	164	19104	12.54484052532833	0.06276632377986768	1.459547522253428E-4	1.0730044214550679E-4
GOTERM_BP_FAT	GO:0002687~positive regulation of leukocyte migration	7	10.76923076923077	1.814219204592727E-5	P28482, P02778, P05362, P05231, P13500, P01375, P10145	65	164	19104	12.54484052532833	0.06276632377986768	1.459547522253428E-4	1.0730044214550679E-4
GOTERM_BP_FAT	GO:0045840~positive regulation of mitotic nuclear division	5	7.6923076923076925	1.833421707830892E-5	P01583, P01344, P01584, P01375, P06400	65	47	19104	31.26677577741408	0.06340915607801356	1.4716814248026845E-4	1.0819248100593084E-4
GOTERM_BP_FAT	GO:1901988~negative regulation of cell cycle phase transition	8	12.307692307692308	2.0403339804896763E-5	O96017, P24385, O15392, P10415, P04637, P38936, P13500, P06400	65	251	19104	9.367575850444377	0.07030795013381386	1.6340970803383688E-4	1.201326688960962E-4
GOTERM_MF_FAT	GO:0019903~protein phosphatase binding	7	10.76923076923077	2.1268374677158603E-5	P37231, P42224, P08581, P10415, P04637, P00533	65	153	17305	12.180492709904476	0.009609475839543302	3.218614034476668E-4	2.679815209321984E-4
GOTERM_BP_FAT	GO:2001239~regulation of extrinsic apoptotic signaling pathway in absence of ligand	5	7.6923076923076925	2.1669800103688756E-5	P01583, P10415, P31749, P01584, P01375	65	49	19104	29.990580847723706	0.0745054490678706	1.727779597553041E-4	1.270198550720685E-4
GOTERM_BP_FAT	GO:1902175~regulation of oxidative stress-induced intrinsic apoptotic signaling pathway	5	7.6923076923076925	2.1669800103688756E-5	P31749, P08253, Q16665, Q16236, P22301	65	49	19104	29.990580847723706	0.0745054490678706	1.727779597553041E-4	1.270198550720685E-4
GOTERM_BP_FAT	GO:0034284~response to monosaccharide	7	10.76923076923077	2.2231784518632862E-5	Q07869, P04040, P05362, Q16665, P09211, P42574, P01375	65	170	19104	12.102081447963803	0.07636199084103545	1.7686399621504807E-4	1.3002375533614676E-4
GOTERM_BP_FAT	GO:0048872~homeostasis of number of cells	9	13.846153846153847	2.3486398187340737E-5	P29474, P10415, Q07812, P31749, P05231, Q16665, P42574, P09601, P06400	65	355	19104	7.451180931744313	0.08049324280330006	1.860853984939866E-4	1.3680298332732608E-4
GOTERM_BP_FAT	GO:0010883~regulation of lipid storage	5	7.6923076923076925	2.349510490503582E-5	P37231, Q07869, P05231, P25963, P01375	65	50	19104	29.39076923076923	0.08052184806006346	1.860853984939866E-4	1.3680298332732608E-4
GOTERM_BP_FAT	GO:0043408~regulation of MAPK cascade	12	18.461538461538463	2.3653657671827542E-5	P01583, P37231, P04626, P28482, P01106, P05362, P05231, P00533, P09211, P01344, P01584, P01375	65	718	19104	4.912106278122991	0.08104260549706177	1.8692669292869022E-4	1.3742147134119276E-4
GOTERM_BP_FAT	GO:0001944~vasculature development	11	16.923076923076923	2.4320401310290152E-5	P35869, P29474, P28482, Q07812, P31749, Q14790, P08253, Q16665, P09601, P13500, P10145	65	589	19104	5.4889382264594495	0.08322926155163157	1.917714646365484E-4	1.4098316521152744E-4
GOTERM_BP_FAT	GO:0022612~gland morphogenesis	6	9.230769230769232	2.447195460856034E-5	Q9NRD8, P10415, Q07812, P08253, P00533, P01375	65	103	19104	17.12083644510829	0.08372557056683505	1.9254145784532498E-4	1.4154923524687107E-4
GOTERM_MF_FAT	GO:0044877~protein-containing complex binding	17	26.153846153846157	2.452736219283876E-5	P31645, P24385, O15111, P31749, P19320, P38936, P14780, Q07869, P01106, Q14790, P05164, P05362, P00533, P42574, P01344, P29965, P01584	65	1356	17305	3.3377013841615617	0.01107378815882365	3.592071753402838E-4	2.9907557770622747E-4
GOTERM_BP_FAT	GO:0031960~response to corticosteroid	7	10.76923076923077	2.5348787028443686E-5	P24385, P10415, P05231, P09211, P42574, P22301, P01375	65	174	19104	11.823872679045094	0.08659176637064281	1.990019060782436E-4	1.4629871370701786E-4
GOTERM_BP_FAT	GO:0098542~defense response to other organism	14	21.53846153846154	2.7183567755229878E-5	O15111, P04637, P13500, P35228, P10145, P37231, P42224, Q04206, P01579, P02778, P08254, O14920, P22301, P01375	65	1019	19104	4.037985959085076	0.09256034211355668	2.1293794741596736E-4	1.5654396694130188E-4
GOTERM_BP_FAT	GO:1901992~positive regulation of mitotic cell cycle phase transition	6	9.230769230769232	2.9414430559087925E-5	P24385, O15392, P11802, P31749, P00533, P06400	65	107	19104	16.480805176132282	0.09976488070341905	2.2990885329772883E-4	1.6902033839861027E-4
GOTERM_BP_FAT	GO:0032677~regulation of interleukin-8 production	6	9.230769230769232	3.076317338316746E-5	Q04206, P05231, P35228, P01584, P22301, P01375	65	108	19104	16.328205128205127	0.1040928595133247	2.3992588498837156E-4	1.7638448319693832E-4
GOTERM_BP_FAT	GO:1900016~negative regulation of cytokine production involved in inflammatory response	5	7.6923076923076925	3.194164739086495E-5	Q07869, Q04206, P09601, O14920, P25963	65	54	19104	27.213675213675213	0.10785743137502846	2.485742145537464E-4	1.82742409691528E-4
GOTERM_BP_FAT	GO:1901991~negative regulation of mitotic cell cycle phase transition	7	10.76923076923077	3.2638688212284654E-5	P24385, O15392, P10415, P04637, P38936, P13500, P06400	65	182	19104	11.30414201183432	0.11007664340855361	2.5344650933539303E-4	1.8632433749012935E-4
GOTERM_BP_FAT	GO:1902105~regulation of leukocyte differentiation	9	13.846153846153847	3.277738413074831E-5	P04626, P01106, P01579, Q14790, P05112, P60568, P22301, P01375, P06400	65	372	19104	7.110669975186104	0.11051755944933117	2.5397140155104765E-4	1.867102184974947E-4
GOTERM_MF_FAT	GO:0019900~kinase binding	13	20.0	3.334795346511057E-5	O96017, P24385, P04626, P04637, P31749, P38936, Q07869, Q04206, P00533, P09211, Q16665, O14920, P06400	65	805	17305	4.299378881987577	0.015026186381468132	4.7312408978625623E-4	3.9392270030661863E-4
GOTERM_MF_FAT	GO:0032813~tumor necrosis factor receptor superfamily binding	5	7.6923076923076925	3.44813128253769E-5	P42224, Q14790, P42574, P29965, P01375	65	50	17305	26.623076923076923	0.015532886692984582	4.743792734157913E-4	3.949677650906809E-4
GOTERM_BP_FAT	GO:0048871~multicellular organismal-level homeostasis	12	18.461538461538463	3.57106051506691E-5	P01583, O75469, P29474, P10415, Q07812, P31749, P05231, Q16665, P42574, P09601, P01584, P06400	65	751	19104	4.696261395062994	0.11979132636224055	2.753795235641748E-4	2.0244866429997843E-4
GOTERM_BP_FAT	GO:1903034~regulation of response to wounding	7	10.76923076923077	3.577158424797791E-5	Q9NRD8, P00749, P09917, P29474, Q16236, P22301, P01375	65	185	19104	11.120831600831602	0.11998309070714386	2.753795235641748E-4	2.0244866429997843E-4
GOTERM_BP_FAT	GO:0072330~monocarboxylic acid biosynthetic process	7	10.76923076923077	3.577158424797791E-5	P09917, P23219, P08684, P09488, P09211, P35354, P05177	65	185	19104	11.120831600831602	0.11998309070714386	2.753795235641748E-4	2.0244866429997843E-4
GOTERM_BP_FAT	GO:0030856~regulation of epithelial cell differentiation	7	10.76923076923077	3.686795319234905E-5	P42224, P24385, P14780, P01579, O14920, P01584, P01375	65	186	19104	11.06104218362283	0.12342378543941446	2.8293159342947737E-4	2.080006619109204E-4
GOTERM_BP_FAT	GO:0007249~canonical NF-kappaB signal transduction	5	7.6923076923076925	3.691100854931032E-5	O15111, Q04206, O14920, P25963, P01375	65	56	19104	26.241758241758244	0.12355862971284082	2.8293159342947737E-4	2.080006619109204E-4
GOTERM_BP_FAT	GO:1903530~regulation of secretion by cell	11	16.923076923076923	3.864486540897408E-5	P01583, P31645, P37231, O15392, P09917, P01579, P05231, Q16665, P35228, P01584, P01375	65	622	19104	5.197724462033144	0.12897166595281595	2.95587707153866E-4	2.17304960522411E-4
GOTERM_BP_FAT	GO:0033559~unsaturated fatty acid metabolic process	6	9.230769230769232	3.989494133996385E-5	P09917, P23219, P09488, P09211, P35354, P05177	65	114	19104	15.468825910931175	0.1328536091595922	3.0384803937388247E-4	2.2337764596747352E-4
GOTERM_BP_FAT	GO:0014013~regulation of gliogenesis	6	9.230769230769232	3.989494133996385E-5	P37231, P04637, P05231, P01584, P01375, P06400	65	114	19104	15.468825910931175	0.1328536091595922	3.0384803937388247E-4	2.2337764596747352E-4
GOTERM_BP_FAT	GO:0050878~regulation of body fluid levels	9	13.846153846153847	4.257913907619002E-5	P31645, P00749, P24385, P29474, Q07869, P05231, Q16665, Q16236, P29965	65	386	19104	6.852770027899562	0.14113068339302315	3.2360145697904414E-4	2.3789961534909573E-4
GOTERM_BP_FAT	GO:0045639~positive regulation of myeloid cell differentiation	6	9.230769230769232	4.706167102749757E-5	P42224, P01579, Q14790, Q16665, P01375, P06400	65	118	19104	14.944458930899609	0.15477744486683453	3.569093182807247E-4	2.6238630173717326E-4
KEGG_PATHWAY	hsa04061:Viral protein interaction with cytokine and cytokine receptor	7	10.76923076923077	4.804862341731916E-5	P02778, P05231, P13500, P60568, P22301, P01375, P10145	63	100	9375	10.416666666666666	0.010610359439393369	1.1646568502241492E-4	4.804862341731916E-5
GOTERM_BP_FAT	GO:0030336~negative regulation of cell migration	9	13.846153846153847	4.9205140345129406E-5	P37231, P10415, P31749, P09211, Q16236, P09601, P13500, P05112, P01375	65	394	19104	6.713627489262008	0.16122626410923202	3.723744943067844E-4	2.73755717259131E-4
GOTERM_BP_FAT	GO:0002639~positive regulation of immunoglobulin production	5	7.6923076923076925	5.179065682794563E-5	P05231, P05112, P60568, P22301, P01375	65	61	19104	24.090794451450193	0.16893960468437097	3.911125289416951E-4	2.875312152858039E-4
GOTERM_BP_FAT	GO:0150078~positive regulation of neuroinflammatory response	4	6.153846153846154	5.2766924589118506E-5	P28482, P05231, P01584, P01375	65	22	19104	53.437762237762236	0.17183361438182987	3.9597364418556994E-4	2.9110492430887644E-4
GOTERM_BP_FAT	GO:1903376~regulation of oxidative stress-induced neuron intrinsic apoptotic signaling pathway	4	6.153846153846154	5.2766924589118506E-5	P31749, P08253, Q16665, P22301	65	22	19104	53.437762237762236	0.17183361438182987	3.9597364418556994E-4	2.9110492430887644E-4
GOTERM_BP_FAT	GO:0033138~positive regulation of peptidyl-serine phosphorylation	4	6.153846153846154	5.2766924589118506E-5	P31749, P01579, P05231, P00533	65	22	19104	53.437762237762236	0.17183361438182987	3.9597364418556994E-4	2.9110492430887644E-4
KEGG_PATHWAY	hsa04215:Apoptosis - multiple species	5	7.6923076923076925	5.428451174059821E-5	O15392, P10415, Q07812, Q14790, P42574	63	32	9375	23.251488095238095	0.011979160370160225	1.3016608729197207E-4	5.428451174059821E-5
GOTERM_BP_FAT	GO:0007417~central nervous system development	14	21.53846153846154	5.463373679276612E-5	P31645, Q9NRD8, P10415, P04626, P04637, P28482, Q07812, P01579, P00533, P09211, Q16665, P42574, P01584, P01375	65	1090	19104	3.7749611856033876	0.1773394963636069	4.091230771986595E-4	3.007718926997984E-4
GOTERM_BP_FAT	GO:0034405~response to fluid shear stress	5	7.6923076923076925	5.5223799386025456E-5	P29474, P31749, P08253, Q16236, P35354	65	62	19104	23.70223325062035	0.1790721743109993	4.118150551291919E-4	3.0275093358601846E-4
GOTERM_BP_FAT	GO:0070849~response to epidermal growth factor	5	7.6923076923076925	5.5223799386025456E-5	P04626, P28482, P31749, P00533, P09211	65	62	19104	23.70223325062035	0.1790721743109993	4.118150551291919E-4	3.0275093358601846E-4
GOTERM_BP_FAT	GO:0002252~immune effector process	10	15.384615384615385	5.650227461365468E-5	P04637, P01579, P05164, P05362, P05231, P60568, P29965, P01584, P22301, P01375	65	521	19104	5.641222501107339	0.18281382264496793	4.2047109358328024E-4	3.091145273655358E-4
GOTERM_BP_FAT	GO:0008217~regulation of blood pressure	7	10.76923076923077	5.681596841245276E-5	P37231, P29474, Q07869, P23219, P35354, P35228, P01375	65	201	19104	10.235591274397244	0.18372928648215636	4.2192648475942047E-4	3.101844761977151E-4
GOTERM_BP_FAT	GO:0045088~regulation of innate immune response	10	15.384615384615385	5.7343153709033826E-5	P37231, O15111, Q04206, P31749, Q14790, P00533, Q16236, O14920, P25963, P01375	65	522	19104	5.630415561450045	0.18526548140536103	4.243311779745016E-4	3.1195231617050427E-4
GOTERM_BP_FAT	GO:0006690~icosanoid metabolic process	6	9.230769230769232	5.737736813037074E-5	P09917, P23219, P09488, P09211, P35354, P05177	65	123	19104	14.336960600375235	0.1853650807995021	4.243311779745016E-4	3.1195231617050427E-4
KEGG_PATHWAY	hsa05022:Pathways of neurodegeneration - multiple diseases	13	20.0	5.8686215707068717E-5	P01583, P10415, P28482, P35354, P35228, Q04206, Q07812, P04040, Q14790, P05231, P42574, P01584, P01375	63	480	9375	4.030257936507936	0.01294421579448568	1.3922368194336515E-4	5.8686215707068717E-5
GOTERM_BP_FAT	GO:0051785~positive regulation of nuclear division	5	7.6923076923076925	5.882014087652649E-5	P01583, P01344, P01584, P01375, P06400	65	63	19104	23.32600732600733	0.18955398296219206	4.3410236200610046E-4	3.191357230201623E-4
GOTERM_BP_FAT	GO:0010638~positive regulation of organelle organization	10	15.384615384615385	6.170809751383396E-5	P01583, P14780, P04637, P28482, Q07812, P01106, P01344, P01584, P01375, P06400	65	527	19104	5.576996058969494	0.19787420796497168	4.5447695735961833E-4	3.3411435890995465E-4
GOTERM_BP_FAT	GO:2000146~negative regulation of cell motility	9	13.846153846153847	6.39585903869587E-5	P37231, P10415, P31749, P09211, Q16236, P09601, P13500, P05112, P01375	65	409	19104	6.467406432198609	0.20429864985791313	4.700824791403631E-4	3.455869513501101E-4
GOTERM_MF_FAT	GO:0016773~phosphotransferase activity, alcohol group as acceptor	12	18.461538461538463	6.407119579618992E-5	O96017, P24385, P08581, O15111, P04626, P28482, P11802, P31749, P00533, O14920, P13500	65	726	17305	4.400508582326764	0.028670235239706576	8.555389085726537E-4	7.123209414988173E-4
GOTERM_BP_FAT	GO:0071674~mononuclear cell migration	6	9.230769230769232	6.435521522834122E-5	P09917, P02778, P05362, P08253, P05231, P13500	65	126	19104	13.995604395604397	0.20542554413888237	4.71059075400891E-4	3.4630490817545907E-4
GOTERM_BP_FAT	GO:0001776~leukocyte homeostasis	6	9.230769230769232	6.435521522834122E-5	P10415, Q07812, P31749, P05231, Q16665, P42574	65	126	19104	13.995604395604397	0.20542554413888237	4.71059075400891E-4	3.4630490817545907E-4
GOTERM_BP_FAT	GO:0002700~regulation of production of molecular mediator of immune response	7	10.76923076923077	6.511067201086119E-5	P05231, P05112, P60568, P29965, P01584, P22301, P01375	65	206	19104	9.987154592979836	0.20756754338668026	4.756141521938572E-4	3.4965362924442025E-4
GOTERM_BP_FAT	GO:0002904~positive regulation of B cell apoptotic process	3	4.615384615384616	6.600314023873984E-5	Q07812, P01106, P22301	65	4	19104	220.43076923076924	0.2100905838131938	4.8101126122925345E-4	3.536213807357278E-4
GOTERM_BP_FAT	GO:0048545~response to steroid hormone	8	12.307692307692308	6.61188491779293E-5	P24385, P10415, Q07869, P05231, P09211, P42574, P22301, P01375	65	302	19104	7.785634233316352	0.21041710858339147	4.8101126122925345E-4	3.536213807357278E-4
GOTERM_BP_FAT	GO:0007159~leukocyte cell-cell adhesion	5	7.6923076923076925	6.652134190867236E-5	P19320, P05362, P29965, P01584, P01375	65	65	19104	22.608284023668638	0.21155187199967618	4.829557587353205E-4	3.5505090213856425E-4
GOTERM_BP_FAT	GO:0001503~ossification	8	12.307692307692308	6.750565224530732E-5	Q9NRD8, P10415, P31749, P04040, P08253, Q16665, P00533, P01344	65	303	19104	7.7599390708301605	0.21432011220314495	4.891078901019021E-4	3.5957371763930434E-4
GOTERM_BP_FAT	GO:1902107~positive regulation of leukocyte differentiation	7	10.76923076923077	6.868786635896348E-5	P01579, Q14790, P05112, P60568, P22301, P01375, P06400	65	208	19104	9.89112426035503	0.2176320897697569	4.950574733830548E-4	3.6394762740870706E-4
GOTERM_BP_FAT	GO:1903708~positive regulation of hemopoiesis	7	10.76923076923077	6.868786635896348E-5	P01579, Q14790, P05112, P60568, P22301, P01375, P06400	65	208	19104	9.89112426035503	0.2176320897697569	4.950574733830548E-4	3.6394762740870706E-4
GOTERM_BP_FAT	GO:0010948~negative regulation of cell cycle process	8	12.307692307692308	6.891618215317364E-5	O96017, P24385, O15392, P10415, P04637, P38936, P13500, P06400	65	304	19104	7.734412955465587	0.21827010748801845	4.950574733830548E-4	3.6394762740870706E-4
GOTERM_BP_FAT	GO:1902004~positive regulation of amyloid-beta formation	4	6.153846153846154	6.901977092518512E-5	Q04206, P01579, P42574, P01375	65	24	19104	48.98461538461539	0.21855940986333688	4.950574733830548E-4	3.6394762740870706E-4
GOTERM_BP_FAT	GO:0010623~programmed cell death involved in cell development	4	6.153846153846154	6.901977092518512E-5	P01583, P10415, Q07812, P01584	65	24	19104	48.98461538461539	0.21855940986333688	4.950574733830548E-4	3.6394762740870706E-4
GOTERM_BP_FAT	GO:0032787~monocarboxylic acid metabolic process	10	15.384615384615385	6.927522819391791E-5	P37231, P09917, Q07869, P23219, P08684, P09488, Q16665, P09211, P35354, P05177	65	535	19104	5.4936017253774265	0.219272392704992	4.958940182538572E-4	3.6456262372190065E-4
GOTERM_BP_FAT	GO:0006959~humoral immune response	8	12.307692307692308	7.035074928073756E-5	P09917, P10415, P01579, P02778, P05231, P13500, P01375, P10145	65	305	19104	7.709054224464062	0.2222670529042906	5.025857528615891E-4	3.6948213522243364E-4
GOTERM_BP_FAT	GO:0007088~regulation of mitotic nuclear division	6	9.230769230769232	7.19706350620227E-5	P01583, O15392, P01344, P01584, P01375, P06400	65	129	19104	13.670125223613597	0.22675577288274196	5.131319529771359E-4	3.772353047362707E-4
GOTERM_BP_FAT	GO:0051896~regulation of phosphatidylinositol 3-kinase/protein kinase B signal transduction	8	12.307692307692308	7.329325022052711E-5	Q07869, P31749, P04040, P00533, P08254, P01344, P01584, P01375	65	307	19104	7.658832372838887	0.23040153979612799	5.215208959914797E-4	3.834025399982155E-4
KEGG_PATHWAY	hsa04148:Efferocytosis	8	12.307692307692308	7.33892927402349E-5	P11926, P37231, P09917, P28482, Q16665, P35354, P42574, P22301	63	157	9375	7.582650894752805	0.0161610075355767	1.7227170822181457E-4	7.33892927402349E-5
GOTERM_BP_FAT	GO:0045861~negative regulation of proteolysis	5	7.6923076923076925	7.493254543239617E-5	P00749, P04637, P31749, P08253, P22301	65	67	19104	21.933409873708385	0.23489638992943307	5.321253524543123E-4	3.9119853738662494E-4
GOTERM_BP_FAT	GO:0002706~regulation of lymphocyte mediated immunity	7	10.76923076923077	7.631326717048089E-5	P35869, P05231, P05112, P60568, P01584, P22301, P01375	65	212	19104	9.704499274310596	0.23866187887112067	5.399427580538536E-4	3.9694559984586217E-4
GOTERM_BP_FAT	GO:0051607~defense response to virus	8	12.307692307692308	7.633569227805042E-5	P42224, P10415, Q07869, Q04206, P01579, P02778, P05231, P01375	65	309	19104	7.6092606422703515	0.23872288323111002	5.399427580538536E-4	3.9694559984586217E-4
GOTERM_BP_FAT	GO:0030879~mammary gland development	6	9.230769230769232	7.742112888297014E-5	P24385, Q07869, P28482, Q07812, P31749, Q16665	65	131	19104	13.461421021726366	0.24166982597015285	5.465380876876864E-4	4.0179423803691616E-4
GOTERM_BP_FAT	GO:0001816~cytokine production	4	6.153846153846154	7.824417242995883E-5	P05231, Q16665, P01584, P01375	65	25	19104	47.02523076923077	0.24389677104295404	5.512587454039702E-4	4.0526468797055597E-4
GOTERM_BP_FAT	GO:0032731~positive regulation of interleukin-1 beta production	5	7.6923076923076925	7.941655161915929E-5	Q04206, P01579, Q14790, P05231, P01375	65	68	19104	21.61085972850679	0.24705764429940924	5.57320083268442E-4	4.0972075550473926E-4
GOTERM_BP_FAT	GO:0032757~positive regulation of interleukin-8 production	5	7.6923076923076925	7.941655161915929E-5	Q04206, P05231, P35228, P01584, P01375	65	68	19104	21.61085972850679	0.24705764429940924	5.57320083268442E-4	4.0972075550473926E-4
GOTERM_CC_FAT	GO:0005829~cytosol	36	55.38461538461539	8.143710361633493E-5	Q9NRD8, P11926, P01583, P24385, P29474, P10415, P28482, P04637, P11802, P35354, P42224, P04040, Q14790, P09211, Q16236, O14920, P25963, P06400, P35869, O15392, P09917, O15111, P04626, P31749, P38936, P35228, P37231, Q04206, Q07812, P09488, Q16665, P08254, P00533, P42574, P09601, P01584	59	5908	16775	1.7324971598407217	0.023579595504186424	0.008231471676447274	0.007613408956714031
GOTERM_BP_FAT	GO:0051046~regulation of secretion	11	16.923076923076923	8.150371485769556E-5	P01583, P31645, P37231, O15392, P09917, P01579, P05231, Q16665, P35228, P01584, P01375	65	680	19104	4.754389140271494	0.2526522260104753	5.708456264150756E-4	4.196642259143305E-4
GOTERM_BP_FAT	GO:0046890~regulation of lipid biosynthetic process	7	10.76923076923077	8.246405193076544E-5	Q07869, P28482, P31749, P01579, P35354, P01584, P01375	65	215	19104	9.569087656529517	0.25521240377269305	5.764414745532175E-4	4.2377808291622313E-4
GOTERM_BP_FAT	GO:0040013~negative regulation of locomotion	9	13.846153846153847	8.635996695137679E-5	P37231, P10415, P31749, P09211, Q16236, P09601, P13500, P05112, P01375	65	427	19104	6.194775716087191	0.26550896313082684	6.024957069342146E-4	4.4293217424670983E-4
GOTERM_MF_FAT	GO:0016705~oxidoreductase activity, acting on paired donors, with incorporation or reduction of molecular oxygen	7	10.76923076923077	8.734311940156285E-5	P29474, P23219, P08684, P35354, P05177, P09601, P35228	65	197	17305	9.4599765716517	0.03887951960437297	0.0011277047332559236	9.389259673364299E-4
GOTERM_BP_FAT	GO:0030217~T cell differentiation	7	10.76923076923077	8.900408900417045E-5	P10415, P04626, P04637, P05231, Q16236, P60568, P22301	65	218	19104	9.43740296400847	0.27241595658797024	6.19732175288298E-4	4.5560377724162106E-4
GOTERM_MF_FAT	GO:0046982~protein heterodimerization activity	9	13.846153846153847	8.94215206987076E-5	P35869, O15392, O15111, P10415, P04626, P04637, Q07812, Q16665, O14920	65	389	17305	6.159580779118055	0.039786079648692074	0.0011277047332559236	9.389259673364299E-4
GOTERM_BP_FAT	GO:0002822~regulation of adaptive immune response based on somatic recombination of immune receptors built from immunoglobulin superfamily domains	7	10.76923076923077	9.127366345246878E-5	P35869, P05231, P05112, P60568, P01584, P22301, P01375	65	219	19104	9.394309799789253	0.27829274300852336	6.342986884284406E-4	4.663125296229241E-4
GOTERM_BP_FAT	GO:0032963~collagen metabolic process	5	7.6923076923076925	9.40415218331859E-5	P14780, P03956, P08253, Q16665, P08254	65	71	19104	20.697724810400867	0.28539558702452816	6.522646912391069E-4	4.795204589008664E-4
GOTERM_BP_FAT	GO:0034341~response to type II interferon	6	9.230769230769232	9.569788012377588E-5	P42224, P04637, P01579, P13500, P35228, P01375	65	137	19104	12.871869736103312	0.289612645248577	6.611853535824515E-4	4.8607859420703186E-4
GOTERM_BP_FAT	GO:0097529~myeloid leukocyte migration	6	9.230769230769232	9.569788012377588E-5	P02778, P08253, P05231, P13500, P01584, P10145	65	137	19104	12.871869736103312	0.289612645248577	6.611853535824515E-4	4.8607859420703186E-4
GOTERM_BP_FAT	GO:1904996~positive regulation of leukocyte adhesion to vascular endothelial cell	4	6.153846153846154	9.903135776928977E-5	P09917, Q04206, P05231, P01375	65	27	19104	43.54188034188034	0.298024350617322	6.82895772107921E-4	5.020392770311872E-4
GOTERM_BP_FAT	GO:0048646~anatomical structure formation involved in morphogenesis	13	20.0	1.0142461351626338E-4	P29474, P04637, P28482, P31749, P13500, P10145, P14780, Q07869, Q14790, P08253, Q16665, P42574, P09601	65	997	19104	3.8322968906720165	0.304002021409866	6.980514826206027E-4	5.131811851516525E-4
GOTERM_BP_FAT	GO:0045931~positive regulation of mitotic cell cycle	6	9.230769230769232	1.059961683812301E-4	P24385, O15392, P11802, P31749, P00533, P06400	65	140	19104	12.596043956043957	0.31527938327154914	7.281121412649113E-4	5.352806503252119E-4
GOTERM_BP_FAT	GO:0140546~defense response to symbiont	13	20.0	1.0735612043619125E-4	O15111, P04637, P13500, P35228, P10145, P37231, P42224, Q04206, P01579, P02778, P08254, O14920, P01375	65	1003	19104	3.8093718843469593	0.31859879804404345	7.360385070980329E-4	5.411078162484419E-4
GOTERM_CC_FAT	GO:0045121~membrane raft	8	12.307692307692308	1.0808049408273348E-4	P31645, Q9UNQ0, P29474, P28482, P05362, P00533, O14920, P01375	59	318	16775	7.152755569768681	0.031173076160817548	0.008231471676447274	0.007613408956714031
GOTERM_BP_FAT	GO:0034349~glial cell apoptotic process	3	4.615384615384616	1.0976731236916732E-4	P04637, P42574, P06400	65	5	19104	176.34461538461542	0.3244446150934842	7.511280455606622E-4	5.52201077167497E-4
GOTERM_BP_FAT	GO:0002675~positive regulation of acute inflammatory response	4	6.153846153846154	1.1065022310997026E-4	P05231, P35354, P01584, P01375	65	28	19104	41.986813186813194	0.32657262539211174	7.557219826937165E-4	5.555783668963325E-4
GOTERM_CC_FAT	GO:0098857~membrane microdomain	8	12.307692307692308	1.1237503995149862E-4	P31645, Q9UNQ0, P29474, P28482, P05362, P00533, O14920, P01375	59	320	16775	7.108050847457627	0.03239152051835348	0.008231471676447274	0.007613408956714031
KEGG_PATHWAY	hsa04217:Necroptosis	8	12.307692307692308	1.1240488521832468E-4	P01583, P42224, P10415, Q07812, P01579, Q14790, P01584, P01375	63	168	9375	7.086167800453515	0.024646478055164844	2.6110718128840004E-4	1.1240488521832468E-4
GOTERM_BP_FAT	GO:0061041~regulation of wound healing	6	9.230769230769232	1.1712553762023632E-4	Q9NRD8, P00749, P09917, P29474, Q16236, P01375	65	143	19104	12.33179128563744	0.34197611948369966	7.984206495791682E-4	5.86968820211337E-4
GOTERM_BP_FAT	GO:0043009~chordate embryonic development	11	16.923076923076923	1.2046286036113821E-4	P29474, P04637, P28482, P31749, Q14790, P38936, Q16665, P00533, P42574, P01344, P22301	65	713	19104	4.5343402740317185	0.3497768885416922	8.19606356590449E-4	6.025437548730456E-4
GOTERM_BP_FAT	GO:0002819~regulation of adaptive immune response	7	10.76923076923077	1.2228613580626805E-4	P35869, P05231, P05112, P60568, P01584, P22301, P01375	65	231	19104	8.906293706293706	0.353999551259059	8.288540362428642E-4	6.093423010004932E-4
GOTERM_BP_FAT	GO:0010001~glial cell differentiation	7	10.76923076923077	1.2228613580626805E-4	P04626, P28482, P31749, P01579, P09211, P01584, P01375	65	231	19104	8.906293706293706	0.353999551259059	8.288540362428642E-4	6.093423010004932E-4
GOTERM_BP_FAT	GO:0051043~regulation of membrane protein ectodomain proteolysis	4	6.153846153846154	1.2312283526176484E-4	P01579, P01584, P22301, P01375	65	29	19104	40.53899204244032	0.3559281395687244	8.329446355208788E-4	6.123495556768835E-4
GOTERM_BP_FAT	GO:0006805~xenobiotic metabolic process	6	9.230769230769232	1.2502891367184772E-4	P35869, O75469, P08684, P09488, P09211, P05177	65	145	19104	12.161697612732096	0.3603001761279224	8.426476974261133E-4	6.194828817024002E-4
GOTERM_BP_FAT	GO:0002761~regulation of myeloid leukocyte differentiation	6	9.230769230769232	1.2502891367184772E-4	P01106, P01579, Q14790, P05112, P01375, P06400	65	145	19104	12.161697612732096	0.3603001761279224	8.426476974261133E-4	6.194828817024002E-4
GOTERM_BP_FAT	GO:0043269~regulation of monoatomic ion transport	9	13.846153846153847	1.279753619924441E-4	P31645, P14780, P29474, P10415, Q07812, P31749, P01579, P02778, P13500	65	452	19104	5.85214431586113	0.36700023598663833	8.608813428192286E-4	6.328875717366445E-4
GOTERM_BP_FAT	GO:0007623~circadian rhythm	6	9.230769230769232	1.2913080636851827E-4	P31645, P35869, Q07869, P04637, P35228, P01375	65	146	19104	12.078398314014754	0.369608461644234	8.67021128474337E-4	6.37401311134829E-4
GOTERM_BP_FAT	GO:0034762~regulation of transmembrane transport	9	13.846153846153847	1.2993493208177256E-4	P14780, P10415, Q07812, P31749, P01579, P02778, Q16236, P01584, P01375	65	453	19104	5.839225674987265	0.37141730006392626	8.707834472722169E-4	6.40167226354099E-4
GOTERM_BP_FAT	GO:0001937~negative regulation of endothelial cell proliferation	5	7.6923076923076925	1.356595005566301E-4	P37231, P42224, P09917, P13500, P01375	65	78	19104	18.840236686390533	0.38414533474662726	9.074451984799302E-4	6.671195664076979E-4
GOTERM_BP_FAT	GO:1902993~positive regulation of amyloid precursor protein catabolic process	4	6.153846153846154	1.3647650387475245E-4	Q04206, P01579, P42574, P01375	65	30	19104	39.18769230769231	0.3859407311539458	9.112038725992819E-4	6.698828021964485E-4
GOTERM_BP_FAT	GO:0007267~cell-cell signaling	12	18.461538461538463	1.3893620441606568E-4	P08581, Q04206, P28482, P31749, P02778, P05231, Q16665, P35354, P35228, P60568, P01584	65	874	19104	4.0353458898081325	0.39131448894542564	9.25895750324975E-4	6.80683717904083E-4
GOTERM_BP_FAT	GO:0002702~positive regulation of production of molecular mediator of immune response	6	9.230769230769232	1.4205794868479924E-4	P05231, P05112, P60568, P01584, P22301, P01375	65	149	19104	11.835209086215798	0.3980669824901232	9.449366716985156E-4	6.946818868645862E-4
KEGG_PATHWAY	hsa04919:Thyroid hormone signaling pathway	7	10.76923076923077	1.455556047407091E-4	P42224, P24385, P04637, P28482, P31749, P01106, Q16665	63	122	9375	8.538251366120218	0.0317991234865026	3.3462783357915594E-4	1.455556047407091E-4
GOTERM_BP_FAT	GO:0032870~cellular response to hormone stimulus	10	15.384615384615385	1.474839639867295E-4	P37231, P42224, Q07869, Q04206, P28482, P31749, P09211, Q16236, P01344, P06400	65	591	19104	4.973057399453339	0.40962601276967114	9.792057980680256E-4	7.198752591619919E-4
GOTERM_BP_FAT	GO:0048514~blood vessel morphogenesis	9	13.846153846153847	1.4871571582733022E-4	P29474, Q07812, P31749, Q14790, P08253, Q16665, P09601, P13500, P10145	65	462	19104	5.725474525474525	0.4122189518100339	9.855520165774091E-4	7.24540760227401E-4
GOTERM_BP_FAT	GO:0042098~T cell proliferation	5	7.6923076923076925	1.4966398911673716E-4	P04626, P04637, Q07812, P01106, P60568	65	80	19104	18.36923076923077	0.41420738623853137	9.899995724536761E-4	7.278104359639848E-4
GOTERM_BP_FAT	GO:0051146~striated muscle cell differentiation	7	10.76923076923077	1.5062225464561893E-4	O15111, P10415, P31749, P01106, P42574, P01344, P06400	65	240	19104	8.572307692307692	0.4162099419102113	9.915967355555249E-4	7.289846101816373E-4
GOTERM_BP_FAT	GO:0097421~liver regeneration	4	6.153846153846154	1.5073824955393338E-4	P24385, P05231, P22301, P01375	65	31	19104	37.92357320099256	0.41645187990365384	9.915967355555249E-4	7.289846101816373E-4
GOTERM_BP_FAT	GO:0033135~regulation of peptidyl-serine phosphorylation	4	6.153846153846154	1.5073824955393338E-4	P31749, P01579, P05231, P00533	65	31	19104	37.92357320099256	0.41645187990365384	9.915967355555249E-4	7.289846101816373E-4
GOTERM_BP_FAT	GO:0009792~embryo development ending in birth or egg hatching	11	16.923076923076923	1.510186417160083E-4	P29474, P04637, P28482, P31749, Q14790, P38936, Q16665, P00533, P42574, P01344, P22301	65	733	19104	4.410620211984469	0.417036297829825	9.916150518558486E-4	7.289980756364665E-4
GOTERM_BP_FAT	GO:0022414~reproductive process	17	26.153846153846157	1.5175638205241733E-4	P01583, P31645, Q9NRD8, P24385, O15392, P29474, P10415, P31749, P35354, P14780, Q07812, Q14790, P08253, P42574, P01344, P01584, P06400	65	1742	19104	2.8682151373310965	0.41857116735274713	9.946308196169444E-4	7.312151546232073E-4
GOTERM_BP_FAT	GO:0006970~response to osmotic stress	5	7.6923076923076925	1.570450169311184E-4	P04637, Q07812, P35354, P42574, P01375	65	81	19104	18.142450142450144	0.42945652688461433	0.0010255297997768828	7.539309222323893E-4
GOTERM_BP_FAT	GO:0032732~positive regulation of interleukin-1 production	5	7.6923076923076925	1.570450169311184E-4	Q04206, P01579, Q14790, P05231, P01375	65	81	19104	18.142450142450144	0.42945652688461433	0.0010255297997768828	7.539309222323893E-4
GOTERM_CC_FAT	GO:1902554~serine/threonine protein kinase complex	6	9.230769230769232	1.5711279835973362E-4	P24385, O15111, P11802, P38936, O14920, P06400	59	148	16775	11.52656894182318	0.044994010284259645	0.00920680998388039	0.008515513671097564
GOTERM_BP_FAT	GO:1903626~positive regulation of DNA catabolic process	3	4.615384615384616	1.6429494108349788E-4	Q07812, P05231, P42574	65	6	19104	146.95384615384617	0.44404840754986397	0.0010670209628186444	7.84433664155028E-4
GOTERM_BP_FAT	GO:1902512~positive regulation of apoptotic DNA fragmentation	3	4.615384615384616	1.6429494108349788E-4	Q07812, P05231, P42574	65	6	19104	146.95384615384617	0.44404840754986397	0.0010670209628186444	7.84433664155028E-4
GOTERM_BP_FAT	GO:0031622~positive regulation of fever generation	3	4.615384615384616	1.6429494108349788E-4	P35354, P01584, P01375	65	6	19104	146.95384615384617	0.44404840754986397	0.0010670209628186444	7.84433664155028E-4
GOTERM_BP_FAT	GO:0065009~regulation of molecular function	11	16.923076923076923	1.704580533603751E-4	P14780, P04626, P04637, Q07812, P31749, P08253, P38936, P01584, P22301, P01375, P06400	65	744	19104	4.345409429280397	0.45615910047310737	0.001105038414887949	8.123826644724954E-4
GOTERM_MF_FAT	GO:0070851~growth factor receptor binding	6	9.230769230769232	1.7332554386896906E-4	P01583, P05231, P05112, P60568, P01584, P22301	65	141	17305	11.328968903436989	0.0756796951881834	0.002104957180607902	0.0017525854939863148
GOTERM_BP_FAT	GO:0045087~innate immune response	12	18.461538461538463	1.761093707841901E-4	P37231, P42224, O15111, Q04206, P04637, P01579, P02778, P08254, O14920, P13500, P35228, P01375	65	898	19104	3.92749700188453	0.46703216074245524	0.0011396062906542158	8.37795666085658E-4
GOTERM_MF_FAT	GO:0019904~protein domain specific binding	11	16.923076923076923	1.7618584331079355E-4	P37231, P10415, Q07869, Q04206, P04637, Q07812, Q14790, Q16665, Q16236, P01584, P06400	65	677	17305	4.325758436541302	0.07687942582343332	0.002104957180607902	0.0017525854939863148
GOTERM_BP_FAT	GO:0042594~response to starvation	7	10.76923076923077	1.7996697793876587E-4	P37231, P10415, Q07869, P04637, P28482, P38936, Q16236	65	248	19104	8.295781637717122	0.4743290753084065	0.0011624630112066396	8.545990670292933E-4
GOTERM_BP_FAT	GO:0014074~response to purine-containing compound	6	9.230769230769232	1.8139913980744427E-4	P31645, Q9NRD8, P37231, P42224, P35869, P01584	65	157	19104	11.232141107300343	0.4770126065877536	0.0011695987859064818	8.598450200981023E-4
GOTERM_BP_FAT	GO:0046209~nitric oxide metabolic process	4	6.153846153846154	1.8209262062095317E-4	P29474, Q07869, P31749, P35228	65	33	19104	35.625174825174824	0.4783070992390962	0.00116984683607562	8.60027377249322E-4
GOTERM_BP_FAT	GO:0001782~B cell homeostasis	4	6.153846153846154	1.8209262062095317E-4	P10415, Q07812, Q16665, P42574	65	33	19104	35.625174825174824	0.4783070992390962	0.00116984683607562	8.60027377249322E-4
GOTERM_BP_FAT	GO:0051783~regulation of nuclear division	6	9.230769230769232	1.8684738996383845E-4	P01583, O15392, P01344, P01584, P01375, P06400	65	158	19104	11.161051606621228	0.4870967778073545	0.0011982385582600197	8.80899903132926E-4
GOTERM_BP_FAT	GO:0050730~regulation of peptidyl-tyrosine phosphorylation	5	7.6923076923076925	1.8922066135619405E-4	P01579, P05231, P00533, P05112, P22301	65	85	19104	17.288687782805432	0.49142846542691887	0.0012112835167819448	8.904900658088988E-4
GOTERM_BP_FAT	GO:0051960~regulation of nervous system development	9	13.846153846153847	1.9304179211378746E-4	P37231, P04637, P31749, P01579, P05231, Q16665, P01584, P01375, P06400	65	480	19104	5.510769230769231	0.4983260668824484	0.0012335335982655612	9.068474885345365E-4
KEGG_PATHWAY	hsa04940:Type I diabetes mellitus	5	7.6923076923076925	1.9312471280617276E-4	P01583, P01579, P60568, P01584, P01375	63	44	9375	16.91017316017316	0.041971571645719186	4.3945725465078085E-4	1.9312471280617276E-4
GOTERM_BP_FAT	GO:0045598~regulation of fat cell differentiation	6	9.230769230769232	2.099004669542692E-4	P37231, P09917, P31749, P05231, P35354, P01375	65	162	19104	10.885470085470086	0.5276585242636311	0.0013364785525145269	9.825287454936023E-4
GOTERM_BP_FAT	GO:0002705~positive regulation of leukocyte mediated immunity	6	9.230769230769232	2.099004669542692E-4	P05231, P35228, P05112, P60568, P01584, P01375	65	162	19104	10.885470085470086	0.5276585242636311	0.0013364785525145269	9.825287454936023E-4
GOTERM_BP_FAT	GO:0033043~regulation of organelle organization	14	21.53846153846154	2.1309872380650602E-4	P01583, O96017, O15392, P04637, P28482, P31749, P37231, P14780, Q07812, P01106, P01344, P01584, P06400, P01375	65	1248	19104	3.297041420118343	0.5330265515781549	0.0013544281876100347	9.957246418432113E-4
GOTERM_BP_FAT	GO:0016525~negative regulation of angiogenesis	6	9.230769230769232	2.1598833020247587E-4	P37231, P42224, P09917, Q04206, P02778, P01375	65	163	19104	10.818688060405853	0.5378240691832461	0.0013698374273662457	0.0010070529351242333
GOTERM_BP_FAT	GO:0045913~positive regulation of carbohydrate metabolic process	5	7.6923076923076925	2.1629012011045986E-4	Q07869, P31749, P01579, Q16665, P01344	65	88	19104	16.6993006993007	0.5383222703649325	0.0013698374273662457	0.0010070529351242333
GOTERM_BP_FAT	GO:0042178~xenobiotic catabolic process	4	6.153846153846154	2.173964036391975E-4	O75469, P08684, P09488, P05177	65	35	19104	33.589450549450554	0.5401439598008391	0.0013719787169597412	0.001008627130665252
GOTERM_BP_FAT	GO:2001057~reactive nitrogen species metabolic process	4	6.153846153846154	2.173964036391975E-4	P29474, Q07869, P31749, P35228	65	35	19104	33.589450549450554	0.5401439598008391	0.0013719787169597412	0.001008627130665252
GOTERM_BP_FAT	GO:0001525~angiogenesis	8	12.307692307692308	2.210668817039123E-4	P29474, P31749, Q14790, P08253, Q16665, P09601, P13500, P10145	65	367	19104	6.406707189268497	0.5461367276226787	0.001392682365866622	0.0010238476743465144
GOTERM_MF_FAT	GO:0005164~tumor necrosis factor receptor binding	4	6.153846153846154	2.2165083108666205E-4	P42224, Q14790, P29965, P01375	65	32	17305	33.27884615384615	0.09574206346717917	0.002580243008034476	0.0021483080551476475
GOTERM_BP_FAT	GO:0048598~embryonic morphogenesis	10	15.384615384615385	2.2393072508898967E-4	P14780, P04637, P28482, Q07812, P01106, P08253, Q16665, P42574, P01344, P22301	65	625	19104	4.702523076923078	0.5507582323358835	0.0014057654657607577	0.00103346587712423
GOTERM_BP_FAT	GO:0048729~tissue morphogenesis	10	15.384615384615385	2.2393072508898967E-4	P08581, P29474, P10415, P01106, P08253, Q16665, P00533, P42574, P22301	65	625	19104	4.702523076923078	0.5507582323358835	0.0014057654657607577	0.00103346587712423
GOTERM_BP_FAT	GO:2000181~negative regulation of blood vessel morphogenesis	6	9.230769230769232	2.2856715760587775E-4	P37231, P42224, P09917, Q04206, P02778, P01375	65	165	19104	10.687552447552449	0.5581407119299893	0.0014323541876635007	0.001053012905040412
GOTERM_BP_FAT	GO:0014805~smooth muscle adaptation	3	4.615384615384616	2.295156724989587E-4	P29474, P09601, P01584	65	7	19104	125.96043956043958	0.5596359996258399	0.0014332691995913994	0.001053685587381583
GOTERM_BP_FAT	GO:0002246~wound healing involved in inflammatory response	3	4.615384615384616	2.295156724989587E-4	P01583, Q16665, P09601	65	7	19104	125.96043956043958	0.5596359996258399	0.0014332691995913994	0.001053685587381583
GOTERM_BP_FAT	GO:0120254~olefinic compound metabolic process	6	9.230769230769232	2.3506205589802877E-4	P09917, P23219, P08684, P09211, P35354, P05177	65	166	19104	10.623169601482854	0.5682788791434958	0.0014627903548218794	0.0010753884299446405
GOTERM_BP_FAT	GO:0032368~regulation of lipid transport	6	9.230769230769232	2.3506205589802877E-4	P37231, Q07869, P31749, P05164, P25963, P01584	65	166	19104	10.623169601482854	0.5682788791434958	0.0014627903548218794	0.0010753884299446405
GOTERM_BP_FAT	GO:1902176~negative regulation of oxidative stress-induced intrinsic apoptotic signaling pathway	4	6.153846153846154	2.3659385827951409E-4	P31749, Q16665, Q16236, P22301	65	36	19104	32.65641025641026	0.5706358448860119	0.0014672105239139312	0.0010786379719479235
GOTERM_BP_FAT	GO:0042743~hydrogen peroxide metabolic process	4	6.153846153846154	2.3659385827951409E-4	Q9NRD8, P04040, P05164, P05177	65	36	19104	32.65641025641026	0.5706358448860119	0.0014672105239139312	0.0010786379719479235
GOTERM_BP_FAT	GO:0006629~lipid metabolic process	14	21.53846153846154	2.3775827900443064E-4	Q9UNQ0, P09917, O75469, P35354, P37231, P23219, Q07869, Q07812, P08684, P04040, P09488, P09211, P05177, P05112	65	1262	19104	3.260465683286603	0.5724189149460392	0.001471876209018763	0.0010820680080860221
GOTERM_CC_FAT	GO:1902911~protein kinase complex	6	9.230769230769232	2.393859623741099E-4	P24385, O15111, P11802, P38936, O14920, P06400	59	162	16775	10.530445699937227	0.06774461499948214	0.0116900144959357	0.01081226596723063
GOTERM_BP_FAT	GO:1901343~negative regulation of vasculature development	6	9.230769230769232	2.4169658804309323E-4	P37231, P42224, P09917, Q04206, P02778, P01375	65	167	19104	10.559557807462	0.5783949435279727	0.0014936681876988392	0.0010980886508670637
GOTERM_BP_FAT	GO:0002260~lymphocyte homeostasis	5	7.6923076923076925	2.4604447052620985E-4	P10415, Q07812, P31749, Q16665, P42574	65	91	19104	16.148774302620456	0.5848955326430143	0.0015179116558197265	0.0011159115364452973
KEGG_PATHWAY	hsa04012:ErbB signaling pathway	6	9.230769230769232	2.4791994726393763E-4	P04626, P28482, P31749, P01106, P38936, P00533	63	86	9375	10.38205980066445	0.05355749209490279	5.584459418167484E-4	2.4791994726393763E-4
GOTERM_BP_FAT	GO:0019216~regulation of lipid metabolic process	8	12.307692307692308	2.4801784948415826E-4	P37231, Q07869, P28482, P31749, P01579, P35354, P01584, P01375	65	374	19104	6.286795557383793	0.5878128095621808	0.0015274478592369194	0.00112292219438862
GOTERM_BP_FAT	GO:0002009~morphogenesis of an epithelium	9	13.846153846153847	2.5797675287172344E-4	P08581, P10415, P01106, P08253, Q16665, P00533, P42574, P22301	65	501	19104	5.279778903731	0.6022254349395282	0.0015860464049187542	0.001166001640346206
GOTERM_MF_FAT	GO:0005178~integrin binding	6	9.230769230769232	2.612401818507899E-4	P31645, P19320, P05362, P01344, P29965, P01584	65	154	17305	10.372627372627372	0.11185346898530202	0.002965076064006465	0.0024687197184899644
GOTERM_BP_FAT	GO:0044283~small molecule biosynthetic process	9	13.846153846153847	2.6499785000875446E-4	P09917, Q07869, P23219, P08684, P09488, P05164, P09211, P35354, P05177	65	503	19104	5.258785747056125	0.6120825792680299	0.0016264129213595722	0.0011956775844037615
GOTERM_BP_FAT	GO:0033273~response to vitamin	5	7.6923076923076925	2.7863609176936757E-4	P37231, P24385, P04040, P02778, P09211	65	94	19104	15.63338788870704	0.6305372967345299	0.0017071837389368454	0.0012550572504054188
GOTERM_BP_FAT	GO:0048699~generation of neurons	14	21.53846153846154	2.81475516332422E-4	P24385, P10415, P04626, P04637, P19320, P08581, Q07812, P08253, P00533, P05231, Q16665, P42574, P06400	65	1284	19104	3.2046010064701655	0.6342676832173377	0.0017216276444168004	0.0012656758662481853
GOTERM_BP_FAT	GO:0009266~response to temperature stimulus	6	9.230769230769232	2.845489153715645E-4	P01583, P29474, P31749, P02778, P09601, P25963	65	173	19104	10.193330369052912	0.6382630365412745	0.0017374508131747493	0.0012773084645568006
GOTERM_MF_FAT	GO:0019901~protein kinase binding	11	16.923076923076923	2.956490763811084E-4	O96017, P24385, Q07869, P04626, Q04206, P04637, P31749, P38936, Q16665, P09211, O14920	65	722	17305	4.056147453654379	0.12562376951544496	0.0032737726994395903	0.0027257402651721697
KEGG_PATHWAY	hsa04915:Estrogen signaling pathway	7	10.76923076923077	2.9639141643315105E-4	P14780, P29474, P10415, P28482, P31749, P08253, P00533	63	139	9375	7.494004796163069	0.06368998757729905	6.609528586459268E-4	2.9639141643315105E-4
GOTERM_BP_FAT	GO:2000352~negative regulation of endothelial cell apoptotic process	4	6.153846153846154	3.006715570013895E-4	P05362, Q16236, P05112, P22301	65	39	19104	30.144378698224852	0.658518239445609	0.001832762460083555	0.001347378001170049
GOTERM_BP_FAT	GO:0009408~response to heat	5	7.6923076923076925	3.020162020452514E-4	P01583, P29474, P31749, P02778, P09601	65	96	19104	15.307692307692308	0.6601554174936688	0.0018378226127864362	0.0013510980350440037
GOTERM_BP_FAT	GO:0031620~regulation of fever generation	3	4.615384615384616	3.053594905154202E-4	P35354, P01584, P01375	65	8	19104	110.21538461538462	0.6641921221557193	0.0018550069729950356	0.0013637313300909754
KEGG_PATHWAY	hsa04211:Longevity regulating pathway	6	9.230769230769232	3.0660041673702865E-4	P37231, Q04206, P04637, Q07812, P31749, P04040	63	90	9375	9.920634920634921	0.06581027442298848	6.769494349738356E-4	3.0660041673702865E-4
GOTERM_BP_FAT	GO:0050680~negative regulation of epithelial cell proliferation	6	9.230769230769232	3.161677403543564E-4	P37231, P42224, P09917, P13500, P01375, P06400	65	177	19104	9.96297262059974	0.6769169784489408	0.0019174043608586775	0.0014096035418854668
KEGG_PATHWAY	hsa04672:Intestinal immune network for IgA production	5	7.6923076923076925	3.1807034684453703E-4	P05231, P05112, P60568, P29965, P22301	63	50	9375	14.880952380952381	0.06818673993748436	6.953890916307034E-4	3.1807034684453703E-4
GOTERM_BP_FAT	GO:0050767~regulation of neurogenesis	8	12.307692307692308	3.196504417774697E-4	P37231, P04637, P01579, P05231, Q16665, P01584, P01375, P06400	65	390	19104	6.02887573964497	0.6809136762782747	0.001933644590079474	0.001421542747354059
GOTERM_BP_FAT	GO:0045927~positive regulation of growth	7	10.76923076923077	3.199283182354337E-4	P10415, P04626, P28482, P31749, P00533, P01344, P60568	65	276	19104	7.454180602006689	0.6812304259836697	0.001933644590079474	0.001421542747354059
KEGG_PATHWAY	hsa04662:B cell receptor signaling pathway	6	9.230769230769232	3.227901887377742E-4	O15111, Q04206, P28482, P31749, O14920, P25963	63	91	9375	9.811616954474097	0.06916289972685852	6.988564280439189E-4	3.227901887377742E-4
GOTERM_BP_FAT	GO:1903038~negative regulation of leukocyte cell-cell adhesion	6	9.230769230769232	3.2447291813648857E-4	Q07869, P04626, P31749, P42574, P60568, P22301	65	178	19104	9.907000864304235	0.6863664035465633	0.0019577994317289482	0.001439300478085167
GOTERM_BP_FAT	GO:0031669~cellular response to nutrient levels	7	10.76923076923077	3.261634912009807E-4	P37231, P10415, Q07869, P04637, P28482, P38936, Q16236	65	277	19104	7.427270202721467	0.6882557840095056	0.001961730241873058	0.001442190261802534
GOTERM_BP_FAT	GO:0006140~regulation of nucleotide metabolic process	5	7.6923076923076925	3.267719747800867E-4	Q07869, P04637, P01579, Q16665, P05112	65	98	19104	14.995290423861853	0.6889330354205431	0.001961730241873058	0.001442190261802534
GOTERM_BP_FAT	GO:1900542~regulation of purine nucleotide metabolic process	5	7.6923076923076925	3.267719747800867E-4	Q07869, P04637, P01579, Q16665, P05112	65	98	19104	14.995290423861853	0.6889330354205431	0.001961730241873058	0.001442190261802534
GOTERM_BP_FAT	GO:0008585~female gonad development	5	7.6923076923076925	3.3968023803757E-4	P29474, P10415, Q07812, P08253, P42574	65	99	19104	14.843822843822846	0.7029585739714826	0.0020358016950842283	0.0014966448071923807
GOTERM_BP_FAT	GO:1900017~positive regulation of cytokine production involved in inflammatory response	4	6.153846153846154	3.4904154369935444E-4	Q04206, P05231, Q16665, P01375	65	41	19104	28.67392120075047	0.7127329866372304	0.002088402670174362	0.0015353150649154185
GOTERM_BP_FAT	GO:0051781~positive regulation of cell division	5	7.6923076923076925	3.529498588175454E-4	P01583, O15392, P04040, P01344, P01584	65	100	19104	14.695384615384615	0.7167180106586415	0.0021047360529153126	0.0015473227533470356
GOTERM_BP_FAT	GO:0071230~cellular response to amino acid stimulus	5	7.6923076923076925	3.529498588175454E-4	P08253, P00533, P08254, Q16236, P01375	65	100	19104	14.695384615384615	0.7167180106586415	0.0021047360529153126	0.0015473227533470356
GOTERM_BP_FAT	GO:0002699~positive regulation of immune effector process	7	10.76923076923077	3.65606706911313E-4	P05231, P35228, P05112, P60568, P01584, P22301, P01375	65	283	19104	7.269801576515358	0.7292478955244058	0.00217657859514535	0.0016001386872485134
GOTERM_BP_FAT	GO:0030308~negative regulation of cell growth	6	9.230769230769232	3.68508453258228E-4	P37231, P10415, Q07869, P04637, P38936, P06400	65	183	19104	9.636317780580077	0.7320415551688111	0.0021902033195314316	0.0016101550719735552
GOTERM_BP_FAT	GO:0042100~B cell proliferation	4	6.153846153846154	3.74994690814576E-4	P10415, Q07812, P29965, P22301	65	42	19104	27.991208791208795	0.7381824292387063	0.0022103647451974674	0.0016249769935298291
GOTERM_BP_FAT	GO:1904994~regulation of leukocyte adhesion to vascular endothelial cell	4	6.153846153846154	3.74994690814576E-4	P09917, Q04206, P05231, P01375	65	42	19104	27.991208791208795	0.7381824292387063	0.0022103647451974674	0.0016249769935298291
GOTERM_BP_FAT	GO:0045923~positive regulation of fatty acid metabolic process	4	6.153846153846154	3.74994690814576E-4	P37231, Q07869, P35354, P01584	65	42	19104	27.991208791208795	0.7381824292387063	0.0022103647451974674	0.0016249769935298291
GOTERM_BP_FAT	GO:0030574~collagen catabolic process	4	6.153846153846154	3.74994690814576E-4	P14780, P03956, P08253, P08254	65	42	19104	27.991208791208795	0.7381824292387063	0.0022103647451974674	0.0016249769935298291
GOTERM_BP_FAT	GO:0006693~prostaglandin metabolic process	4	6.153846153846154	3.74994690814576E-4	P23219, P09488, P09211, P35354	65	42	19104	27.991208791208795	0.7381824292387063	0.0022103647451974674	0.0016249769935298291
GOTERM_BP_FAT	GO:0007565~female pregnancy	6	9.230769230769232	3.778326679581531E-4	P14780, P10415, P31749, P08253, P35354, P01584	65	184	19104	9.583946488294316	0.7408248583397301	0.0022234238714110752	0.001634577571759654
GOTERM_CC_FAT	GO:0090575~RNA polymerase II transcription regulator complex	7	10.76923076923077	3.856379788402495E-4	P37231, P42224, Q07869, P01106, Q16665, Q16236, P06400	59	278	16775	7.159187903914156	0.10686159417745922	0.016141703971456155	0.014929698895101089
GOTERM_BP_FAT	GO:0051248~negative regulation of protein metabolic process	10	15.384615384615385	3.900711584183766E-4	P00749, Q04206, P04637, P31749, P08253, P38936, P00533, P35228, P22301, P06400	65	674	19104	4.360648253823328	0.7519180504217703	0.0022916680557079623	0.0016847481283004226
GOTERM_BP_FAT	GO:0033197~response to vitamin E	3	4.615384615384616	3.917567154966741E-4	P37231, P24385, P04040	65	9	19104	97.96923076923078	0.7534082136012391	0.002297791441303974	0.0016892498109922268
GOTERM_BP_FAT	GO:0046545~development of primary female sexual characteristics	5	7.6923076923076925	3.9498547324119595E-4	P29474, P10415, Q07812, P08253, P42574	65	103	19104	14.267363704256908	0.756237743542688	0.0023129313285533636	0.001700380086444886
GOTERM_BP_FAT	GO:0090199~regulation of release of cytochrome c from mitochondria	4	6.153846153846154	4.0215829045037876E-4	P14780, P04637, Q07812, P31749	65	43	19104	27.34025044722719	0.7624080522996296	0.0023472376037397924	0.0017256007691547298
GOTERM_BP_FAT	GO:0045123~cellular extravasation	4	6.153846153846154	4.0215829045037876E-4	P19320, P05362, P13500, P01375	65	43	19104	27.34025044722719	0.7624080522996296	0.0023472376037397924	0.0017256007691547298
GOTERM_BP_FAT	GO:0043270~positive regulation of monoatomic ion transport	6	9.230769230769232	4.271604136839556E-4	P31645, Q07812, P31749, P01579, P02778, P13500	65	189	19104	9.330402930402931	0.7827203893399752	0.002489097875496067	0.0018298911033182176
GOTERM_BP_FAT	GO:0070232~regulation of T cell apoptotic process	4	6.153846153846154	4.305557728520023E-4	P10415, P04637, P05362, Q16665	65	44	19104	26.718881118881118	0.7853415352102688	0.002496664319200247	0.0018354536680346722
GOTERM_BP_FAT	GO:0006692~prostanoid metabolic process	4	6.153846153846154	4.305557728520023E-4	P23219, P09488, P09211, P35354	65	44	19104	26.718881118881118	0.7853415352102688	0.002496664319200247	0.0018354536680346722
GOTERM_BP_FAT	GO:1904706~negative regulation of vascular associated smooth muscle cell proliferation	4	6.153846153846154	4.305557728520023E-4	P37231, P38936, P09211, P22301	65	44	19104	26.718881118881118	0.7853415352102688	0.002496664319200247	0.0018354536680346722
GOTERM_BP_FAT	GO:0046394~carboxylic acid biosynthetic process	7	10.76923076923077	4.316812326777999E-4	P09917, P23219, P08684, P09488, P09211, P35354, P05177	65	292	19104	7.0457323498419395	0.7862033719701675	0.002499133489667911	0.0018372689092575403
GOTERM_BP_FAT	GO:1903047~mitotic cell cycle process	9	13.846153846153847	4.3654530777459595E-4	O96017, P24385, O15392, P10415, P04637, P11802, P01106, P38936, P06400	65	542	19104	4.880386034629577	0.7898885007429768	0.0025232036235774383	0.0018549643660454513
GOTERM_BP_FAT	GO:0070664~negative regulation of leukocyte proliferation	5	7.6923076923076925	4.564488877296632E-4	P04626, P09211, P42574, P60568, P22301	65	107	19104	13.734004313443567	0.80431796325569	0.002633982919176667	0.0019364051359904613
GOTERM_BP_FAT	GO:1903580~positive regulation of ATP metabolic process	4	6.153846153846154	4.60210304637491E-4	Q07869, P01579, Q16665, P05112	65	45	19104	26.12512820512821	0.8069314368588966	0.0026514051744598675	0.001949213322545244
GOTERM_BP_FAT	GO:0016053~organic acid biosynthetic process	7	10.76923076923077	4.63886686899625E-4	P09917, P23219, P08684, P09488, P09211, P35354, P05177	65	296	19104	6.950519750519751	0.8094521032851143	0.0026682821990426093	0.0019616206760038894
GOTERM_BP_FAT	GO:0006109~regulation of carbohydrate metabolic process	6	9.230769230769232	4.700052545414804E-4	Q07869, P04637, P31749, P01579, Q16665, P01344	65	193	19104	9.137026703866082	0.8135744927926789	0.0026991298540549324	0.0019842987112957036
GOTERM_BP_FAT	GO:0002690~positive regulation of leukocyte chemotaxis	5	7.6923076923076925	4.7282141521171197E-4	P28482, P02778, P05231, P13500, P10145	65	108	19104	13.606837606837606	0.815441802676406	0.002710943972931357	0.001992984006975852
GOTERM_BP_FAT	GO:0071229~cellular response to acid chemical	5	7.6923076923076925	4.896085380427856E-4	P08253, P00533, P08254, Q16236, P01375	65	109	19104	13.482004234297813	0.8261912461124006	0.002802695028667997	0.002060435930930056
GOTERM_BP_FAT	GO:0022617~extracellular matrix disassembly	4	6.153846153846154	4.911447905784781E-4	P14780, P03956, P08253, P08254	65	46	19104	25.55719063545151	0.8271431395398106	0.0028069907071141182	0.0020635939520945337
GOTERM_BP_FAT	GO:0003006~developmental process involved in reproduction	13	20.0	4.922172187741626E-4	P01583, P24385, P29474, P10415, P31749, P35354, Q07812, Q14790, P08253, P42574, P01344, P01584, P06400	65	1183	19104	3.2297548605240913	0.8278045472334942	0.0028086260470627936	0.002064796192493532
GOTERM_BP_FAT	GO:0051302~regulation of cell division	6	9.230769230769232	5.042078079306989E-4	P01583, O15392, P04040, P01106, P01344, P01584	65	196	19104	8.99717425431711	0.8350295355337674	0.002872456602756709	0.0021117220153524965
KEGG_PATHWAY	hsa04518:Integrin signaling	7	10.76923076923077	5.131411863102973E-4	P24385, P08581, P04626, P31749, P19320, P05362, P00533	63	154	9375	6.764069264069264	0.10769437949857485	0.0011002931206461183	5.131411863102973E-4
GOTERM_BP_FAT	GO:0030890~positive regulation of B cell proliferation	4	6.153846153846154	5.233818751207287E-4	P10415, P38936, P05112, P60568	65	47	19104	25.013420621931264	0.8459584617506771	0.0029722099490162844	0.0021850569222051407
GOTERM_BP_FAT	GO:0071498~cellular response to fluid shear stress	4	6.153846153846154	5.233818751207287E-4	P31749, P08253, Q16236, P35354	65	47	19104	25.013420621931264	0.8459584617506771	0.0029722099490162844	0.0021850569222051407
KEGG_PATHWAY	hsa04934:Cushing syndrome	7	10.76923076923077	5.310798313699517E-4	P24385, P35869, P28482, P11802, P38936, P00533, P06400	63	155	9375	6.720430107526881	0.11124266144595896	0.0011279124037666592	5.310798313699517E-4
GOTERM_BP_FAT	GO:0042692~muscle cell differentiation	7	10.76923076923077	5.432160711437892E-4	O15111, P10415, P31749, P01106, P42574, P01344, P06400	65	305	19104	6.745422446406054	0.856502602554478	0.0030799488986120874	0.0022642625441644296
GOTERM_BP_FAT	GO:0045981~positive regulation of nucleotide metabolic process	4	6.153846153846154	5.569439444018559E-4	Q07869, P01579, Q16665, P05112	65	48	19104	24.492307692307694	0.8633749637924419	0.003147790774372515	0.002314137338606446
GOTERM_BP_FAT	GO:1900544~positive regulation of purine nucleotide metabolic process	4	6.153846153846154	5.569439444018559E-4	Q07869, P01579, Q16665, P05112	65	48	19104	24.492307692307694	0.8633749637924419	0.003147790774372515	0.002314137338606446
GOTERM_BP_FAT	GO:0001938~positive regulation of endothelial cell proliferation	5	7.6923076923076925	5.610228617021879E-4	P31749, Q16665, P09601, P01344, P22301	65	113	19104	13.004765146358068	0.865352791322871	0.003165835169036675	0.002327402898625506
GOTERM_BP_FAT	GO:0048878~chemical homeostasis	12	18.461538461538463	5.776584740410554E-4	P01583, P37231, P09917, P10415, Q07812, P31749, P01106, P05362, P05231, Q16665, P09211, P09601	65	1032	19104	3.4175313059033994	0.8731271776884615	0.0032522189033096535	0.0023909089697903554
GOTERM_BP_FAT	GO:0016241~regulation of macroautophagy	6	9.230769230769232	5.782051060966876E-4	P04637, P31749, Q16665, P42574, P09601, P05112	65	202	19104	8.72993145468393	0.8733748762522346	0.0032522189033096535	0.0023909089697903554
GOTERM_BP_FAT	GO:0001960~negative regulation of cytokine-mediated signaling pathway	5	7.6923076923076925	5.799729679194427E-4	P01583, P37231, P05231, P09211, P01584	65	114	19104	12.890688259109313	0.8741726524717894	0.0032522189033096535	0.0023909089697903554
GOTERM_BP_FAT	GO:0043124~negative regulation of canonical NF-kappaB signal transduction	5	7.6923076923076925	5.799729679194427E-4	P42224, Q14790, P09211, P25963, P01375	65	114	19104	12.890688259109313	0.8741726524717894	0.0032522189033096535	0.0023909089697903554
KEGG_PATHWAY	hsa04110:Cell cycle	7	10.76923076923077	5.878443687266514E-4	O96017, P24385, P04637, P11802, P01106, P38936, P06400	63	158	9375	6.592827004219409	0.12237845653899238	0.0012366914549626724	5.878443687266514E-4
GOTERM_BP_FAT	GO:0006801~superoxide metabolic process	4	6.153846153846154	5.918531277189856E-4	Q9NRD8, P29474, P05164, P35228	65	49	19104	23.992464678178965	0.879404977178341	0.003298126945728887	0.002424658835241897
GOTERM_BP_FAT	GO:0060711~labyrinthine layer development	4	6.153846153846154	5.918531277189856E-4	P28482, P31749, Q14790, P22301	65	49	19104	23.992464678178965	0.879404977178341	0.003298126945728887	0.002424658835241897
GOTERM_BP_FAT	GO:2000378~negative regulation of reactive oxygen species metabolic process	4	6.153846153846154	5.918531277189856E-4	Q07869, P04637, Q16665, P08254	65	49	19104	23.992464678178965	0.879404977178341	0.003298126945728887	0.002424658835241897
GOTERM_BP_FAT	GO:0071364~cellular response to epidermal growth factor stimulus	4	6.153846153846154	5.918531277189856E-4	P04626, P31749, P00533, P09211	65	49	19104	23.992464678178965	0.879404977178341	0.003298126945728887	0.002424658835241897
GOTERM_BP_FAT	GO:0070242~thymocyte apoptotic process	3	4.615384615384616	5.959343413759818E-4	O96017, P04637, Q07812	65	11	19104	80.15664335664336	0.8811517853876527	0.003300275143248073	0.0024262381092299665
GOTERM_BP_FAT	GO:0031652~positive regulation of heat generation	3	4.615384615384616	5.959343413759818E-4	P35354, P01584, P01375	65	11	19104	80.15664335664336	0.8811517853876527	0.003300275143248073	0.0024262381092299665
GOTERM_BP_FAT	GO:1903624~regulation of DNA catabolic process	3	4.615384615384616	5.959343413759818E-4	Q07812, P05231, P42574	65	11	19104	80.15664335664336	0.8811517853876527	0.003300275143248073	0.0024262381092299665
GOTERM_BP_FAT	GO:1902510~regulation of apoptotic DNA fragmentation	3	4.615384615384616	5.959343413759818E-4	Q07812, P05231, P42574	65	11	19104	80.15664335664336	0.8811517853876527	0.003300275143248073	0.0024262381092299665
GOTERM_BP_FAT	GO:0044703~multi-organism reproductive process	6	9.230769230769232	6.045971398747639E-4	P14780, P10415, P31749, P08253, P35354, P01584	65	204	19104	8.644343891402716	0.8847761910556586	0.0033430665381310475	0.0024576967326797677
GOTERM_BP_FAT	GO:0010467~gene expression	21	32.30769230769231	6.208951950140177E-4	P29474, O75469, P04637, P31749, P37231, P00749, Q07869, Q04206, P01106, Q14790, P00533, Q16236, P05231, Q16665, P42574, O14920, P60568, P29965, P01584, P06400, P01375	65	2816	19104	2.1917832167832167	0.8912982659238111	0.003427878881901192	0.0025200475766720414
GOTERM_BP_FAT	GO:0043457~regulation of cellular respiration	4	6.153846153846154	6.281312994107347E-4	P01579, P35228, P05112, P01375	65	50	19104	23.512615384615383	0.8940743969979972	0.0034624768541591734	0.0025454827040935018
GOTERM_BP_FAT	GO:0070372~regulation of ERK1 and ERK2 cascade	7	10.76923076923077	6.433576452695114E-4	P01583, P04626, P05362, P00533, P09211, P01584, P01375	65	315	19104	6.531282051282052	0.8996866640655243	0.003540945314179807	0.002603169763447977
GOTERM_CC_FAT	GO:0043235~signaling receptor complex	9	13.846153846153847	6.539371969082479E-4	P37231, P35869, P08581, O15111, P04626, P05231, P00533, O14920	59	561	16775	4.561316051844467	0.17441765949820887	0.02395044983676458	0.022152122545266897
GOTERM_BP_FAT	GO:0009267~cellular response to starvation	6	9.230769230769232	6.600857833857169E-4	P10415, Q07869, P04637, P28482, P38936, Q16236	65	208	19104	8.47810650887574	0.9055103759056378	0.0036274252588519708	0.0026667465648782963
GOTERM_BP_FAT	GO:0008625~extrinsic apoptotic signaling pathway via death domain receptors	4	6.153846153846154	6.658000803382622E-4	P10415, Q07812, Q14790, P01375	65	51	19104	23.051583710407243	0.9074212806033098	0.0036532071996440442	0.0026857004776778444
GOTERM_BP_FAT	GO:0060761~negative regulation of response to cytokine stimulus	5	7.6923076923076925	6.816046711236814E-4	P01583, P37231, P05231, P09211, P01584	65	119	19104	12.349062702003879	0.9125076438952132	0.0037284714934973815	0.0027410319546260146
GOTERM_BP_FAT	GO:0019217~regulation of fatty acid metabolic process	5	7.6923076923076925	6.816046711236814E-4	P37231, Q07869, P31749, P35354, P01584	65	119	19104	12.349062702003879	0.9125076438952132	0.0037284714934973815	0.0027410319546260146
GOTERM_BP_FAT	GO:0045776~negative regulation of blood pressure	4	6.153846153846154	7.048808399039331E-4	P29474, Q07869, P35228, P01375	65	52	19104	22.60828402366864	0.9194943003004633	0.003849899633236773	0.002830301354109677
GOTERM_BP_FAT	GO:0043385~mycotoxin metabolic process	3	4.615384615384616	7.135770524026484E-4	P08684, Q16236, P05177	65	12	19104	73.47692307692309	0.9219589971693322	0.0038855140719241768	0.002856483749404504
GOTERM_BP_FAT	GO:0046222~aflatoxin metabolic process	3	4.615384615384616	7.135770524026484E-4	P08684, Q16236, P05177	65	12	19104	73.47692307692309	0.9219589971693322	0.0038855140719241768	0.002856483749404504
GOTERM_BP_FAT	GO:0010821~regulation of mitochondrion organization	5	7.6923076923076925	7.255817902074368E-4	P37231, P14780, P04637, Q07812, P31749	65	121	19104	12.144945963127782	0.9252379389858739	0.003944867815252609	0.0029001183882568175
GOTERM_BP_FAT	GO:0051897~positive regulation of phosphatidylinositol 3-kinase/protein kinase B signal transduction	6	9.230769230769232	7.662757163534536E-4	P31749, P04040, P00533, P01344, P01584, P01375	65	215	19104	8.202075134168158	0.9353619909002079	0.004153470195469707	0.003053475009323474
GOTERM_BP_FAT	GO:0032680~regulation of tumor necrosis factor production	6	9.230769230769232	7.662757163534536E-4	P01583, P01579, P05231, P09211, P05112, P22301	65	215	19104	8.202075134168158	0.9353619909002079	0.004153470195469707	0.003053475009323474
GOTERM_BP_FAT	GO:1904951~positive regulation of establishment of protein localization	7	10.76923076923077	7.694948030139249E-4	P01583, P37231, P04626, P31749, Q16665, P01584, P01375	65	326	19104	6.3109013685700805	0.9361017497464001	0.004164599146008696	0.003061656595022071
GOTERM_BP_FAT	GO:0007093~mitotic cell cycle checkpoint signaling	5	7.6923076923076925	7.715315818632957E-4	O96017, P24385, O15392, P04637, P38936	65	123	19104	11.947467166979363	0.9365654315880962	0.004169305310765041	0.0030651163902768756
GOTERM_BP_FAT	GO:1904707~positive regulation of vascular associated smooth muscle cell proliferation	4	6.153846153846154	7.87362523913932E-4	P14780, P08253, P22301, P01375	65	54	19104	21.77094017094017	0.9400565944058656	0.004235630926838201	0.0031138764876475684
GOTERM_BP_FAT	GO:0097194~execution phase of apoptosis	4	6.153846153846154	7.87362523913932E-4	Q07812, P31749, Q14790, P42574	65	54	19104	21.77094017094017	0.9400565944058656	0.004235630926838201	0.0031138764876475684
GOTERM_BP_FAT	GO:0007566~embryo implantation	4	6.153846153846154	7.87362523913932E-4	P14780, P08253, P35354, P01584	65	54	19104	21.77094017094017	0.9400565944058656	0.004235630926838201	0.0031138764876475684
GOTERM_BP_FAT	GO:0046660~female sex differentiation	5	7.6923076923076925	7.952614729348486E-4	P29474, P10415, Q07812, P08253, P42574	65	124	19104	11.851116625310175	0.9417260258420104	0.004271690197478615	0.0031403859066570115
GOTERM_BP_FAT	GO:0044706~multi-multicellular organism process	6	9.230769230769232	7.988359968968551E-4	P14780, P10415, P31749, P08253, P35354, P01584	65	217	19104	8.126479971641263	0.9424661414219792	0.004284447719092442	0.0031497647565332455
GOTERM_BP_FAT	GO:0048771~tissue remodeling	5	7.6923076923076925	8.195028330778275E-4	P01583, P29474, Q07812, P08253, Q16665	65	125	19104	11.756307692307692	0.9465647193523763	0.004388701828716641	0.003226408455265929
GOTERM_BP_FAT	GO:0019748~secondary metabolic process	4	6.153846153846154	8.308049437322336E-4	P10415, P08684, Q16236, P05177	65	55	19104	21.375104895104894	0.9486812889507154	0.004442567753011285	0.0032660086560491698
GOTERM_BP_FAT	GO:0022411~cellular component disassembly	7	10.76923076923077	8.327990283298817E-4	P14780, P03956, P01106, P05164, P08253, P08254, P42574	65	331	19104	6.215570532186847	0.9490459305561331	0.004446574184146992	0.0032689540334742443
GOTERM_MF_FAT	GO:0001046~core promoter sequence-specific DNA binding	4	6.153846153846154	8.35313219031364E-4	P42224, Q04206, P04637, P01106	65	50	17305	21.298461538461538	0.31572177237585697	0.009029338129529507	0.007517818971282276
GOTERM_BP_FAT	GO:0033084~regulation of immature T cell proliferation in thymus	3	4.615384615384616	8.414977877953868E-4	P01583, P04626, P01584	65	13	19104	67.82485207100592	0.9506065453081347	0.004472961455364765	0.003288352962426616
GOTERM_BP_FAT	GO:0034116~positive regulation of heterotypic cell-cell adhesion	3	4.615384615384616	8.414977877953868E-4	P01584, P22301, P01375	65	13	19104	67.82485207100592	0.9506065453081347	0.004472961455364765	0.003288352962426616
GOTERM_BP_FAT	GO:0001783~B cell apoptotic process	3	4.615384615384616	8.414977877953868E-4	P10415, Q07812, P01106	65	13	19104	67.82485207100592	0.9506065453081347	0.004472961455364765	0.003288352962426616
GOTERM_BP_FAT	GO:1903555~regulation of tumor necrosis factor superfamily cytokine production	6	9.230769230769232	8.496019739222503E-4	P01583, P01579, P05231, P09211, P05112, P22301	65	220	19104	8.015664335664336	0.9520174617823783	0.00450932875312077	0.0033150888313816184
GOTERM_BP_FAT	GO:0150076~neuroinflammatory response	4	6.153846153846154	8.757423362730609E-4	P01579, P05112, P01584, P01375	65	56	19104	20.993406593406597	0.9562996111524713	0.0046342987039516646	0.003406962037115641
GOTERM_BP_FAT	GO:0050918~positive chemotaxis	4	6.153846153846154	8.757423362730609E-4	P08581, P02778, P13500	65	56	19104	20.993406593406597	0.9562996111524713	0.0046342987039516646	0.003406962037115641
GOTERM_BP_FAT	GO:0006606~protein import into nucleus	5	7.6923076923076925	8.953568350418199E-4	P29474, P04637, P31749, P38936, P25963	65	128	19104	11.480769230769232	0.9592599238713435	0.004731086708238729	0.003478116936123993
KEGG_PATHWAY	hsa04014:Ras signaling pathway	8	12.307692307692308	9.318336337278488E-4	P08581, O15111, Q04206, P28482, P31749, P00533, O14920, P01344	63	238	9375	5.002000800320128	0.18695068193683295	0.0019420457973954232	9.318336337278488E-4
KEGG_PATHWAY	hsa04726:Serotonergic synapse	6	9.230769230769232	9.436854002631775E-4	P31645, P09917, P23219, P28482, P35354, P42574	63	115	9375	7.763975155279502	0.18908908053907336	0.0019485355949878573	9.436854002631775E-4
GOTERM_BP_FAT	GO:1901796~regulation of signal transduction by p53 class mediator	5	7.6923076923076925	9.485955950357551E-4	O96017, P10415, P04637, P31749, P01106	65	130	19104	11.304142011834319	0.9663230156234454	0.005004997733334885	0.003679486015603978
GOTERM_CC_FAT	GO:1904813~ficolin-1-rich granule lumen	5	7.6923076923076925	9.691551345347819E-4	P14780, P09917, P28482, P04040, P09211	59	127	16775	11.193780862137995	0.2473087375032107	0.03142931208160814	0.029069431993569303
GOTERM_BP_FAT	GO:0048146~positive regulation of fibroblast proliferation	4	6.153846153846154	9.701823420732817E-4	P11802, P01106, P38936, P00533	65	58	19104	20.26949602122016	0.9688251670689557	0.005081365580477657	0.0037356287834082666
GOTERM_BP_FAT	GO:0030857~negative regulation of epithelial cell differentiation	4	6.153846153846154	9.701823420732817E-4	P42224, P24385, P14780, P01579	65	58	19104	20.26949602122016	0.9688251670689557	0.005081365580477657	0.0037356287834082666
GOTERM_BP_FAT	GO:0050731~positive regulation of peptidyl-tyrosine phosphorylation	4	6.153846153846154	9.701823420732817E-4	P01579, P05231, P05112, P22301	65	58	19104	20.26949602122016	0.9688251670689557	0.005081365580477657	0.0037356287834082666
GOTERM_BP_FAT	GO:0032692~negative regulation of interleukin-1 production	4	6.153846153846154	9.701823420732817E-4	P01583, P09211, P01584, P22301	65	58	19104	20.26949602122016	0.9688251670689557	0.005081365580477657	0.0037356287834082666
GOTERM_BP_FAT	GO:1902003~regulation of amyloid-beta formation	4	6.153846153846154	9.701823420732817E-4	Q04206, P01579, P42574, P01375	65	58	19104	20.26949602122016	0.9688251670689557	0.005081365580477657	0.0037356287834082666
GOTERM_BP_FAT	GO:0031650~regulation of heat generation	3	4.615384615384616	9.796285289924373E-4	P35354, P01584, P01375	65	14	19104	62.98021978021979	0.9698607903490788	0.005093497970248888	0.0037445480598750224
GOTERM_BP_FAT	GO:0060333~type II interferon-mediated signaling pathway	3	4.615384615384616	9.796285289924373E-4	P42224, P04637, P01579	65	14	19104	62.98021978021979	0.9698607903490788	0.005093497970248888	0.0037445480598750224
GOTERM_BP_FAT	GO:2000660~negative regulation of interleukin-1-mediated signaling pathway	3	4.615384615384616	9.796285289924373E-4	P01583, P05231, P01584	65	14	19104	62.98021978021979	0.9698607903490788	0.005093497970248888	0.0037445480598750224
GOTERM_BP_FAT	GO:0010745~negative regulation of macrophage derived foam cell differentiation	3	4.615384615384616	9.796285289924373E-4	P37231, Q07869, P25963	65	14	19104	62.98021978021979	0.9698607903490788	0.005093497970248888	0.0037445480598750224
GOTERM_BP_FAT	GO:0033083~regulation of immature T cell proliferation	3	4.615384615384616	9.796285289924373E-4	P01583, P04626, P01584	65	14	19104	62.98021978021979	0.9698607903490788	0.005093497970248888	0.0037445480598750224
GOTERM_BP_FAT	GO:0007162~negative regulation of cell adhesion	7	10.76923076923077	0.0010011891377801163	Q07869, P04626, P31749, P08253, P42574, P60568, P22301	65	343	19104	5.998116169544741	0.9720975487825	0.005190489985704754	0.0038158529402185564
GOTERM_BP_FAT	GO:0048638~regulation of developmental growth	7	10.76923076923077	0.0010011891377801163	P31645, P10415, Q07869, P28482, P31749, P38936, P01344	65	343	19104	5.998116169544741	0.9720975487825	0.005190489985704754	0.0038158529402185564
GOTERM_MF_FAT	GO:0004497~monooxygenase activity	5	7.6923076923076925	0.0010136841033940385	P29474, P08684, P05177, P09601, P35228	65	120	17305	11.092948717948719	0.36899784156048054	0.010702618207927754	0.008910990490301082
GOTERM_BP_FAT	GO:0072332~intrinsic apoptotic signaling pathway by p53 class mediator	4	6.153846153846154	0.0010197245039196621	O96017, P04637, Q07812, P38936	65	59	19104	19.92594524119948	0.973887328569518	0.005278921634784106	0.00388086456129425
GOTERM_BP_FAT	GO:0002718~regulation of cytokine production involved in immune response	5	7.6923076923076925	0.0010325802739700122	P05231, P05112, P01584, P22301, P01375	65	133	19104	11.04916136495084	0.975060825452124	0.005337737682519369	0.0039241039065777885
GOTERM_BP_FAT	GO:0002824~positive regulation of adaptive immune response based on somatic recombination of immune receptors built from immunoglobulin superfamily domains	5	7.6923076923076925	0.001061700066312988	P05231, P05112, P60568, P01584, P01375	65	134	19104	10.966704936854192	0.97752764785176	0.005480336180447966	0.0040289369568466855
GOTERM_CC_FAT	GO:0031983~vesicle lumen	7	10.76923076923077	0.00107267276729038	P09917, P28482, P04040, P05164, P00533, P09211, P01344	59	338	16775	5.888326145822886	0.2698182537006911	0.03142931208160814	0.029069431993569303
GOTERM_BP_FAT	GO:0022408~negative regulation of cell-cell adhesion	6	9.230769230769232	0.0010770769359039873	Q07869, P04626, P31749, P42574, P60568, P22301	65	232	19104	7.6010610079575605	0.9787302603605154	0.00555168660180237	0.004081391101996928
GOTERM_MF_FAT	GO:0030234~enzyme regulator activity	15	23.076923076923077	0.0010834661843954194	P11926, P24385, O15392, P04637, P31749, P11802, P38936, Q14790, P02778, P00533, P09211, P42574, P01344, P60568, P29965	65	1516	17305	2.634209458088086	0.3886956435362029	0.010890823955792517	0.009067690430153241
KEGG_PATHWAY	hsa04664:Fc epsilon RI signaling pathway	5	7.6923076923076925	0.0010872324414093102	P09917, P28482, P31749, P05112, P01375	63	69	9375	10.783298826777086	0.21454876715253945	0.00222433793058969	0.0010872324414093102
GOTERM_BP_FAT	GO:0051170~import into nucleus	5	7.6923076923076925	0.0010913925122649198	P29474, P04637, P31749, P38936, P25963	65	135	19104	10.885470085470086	0.9797919646332596	0.005617368953617138	0.004129678295688299
GOTERM_MF_FAT	GO:0019914~cyclin-dependent protein kinase regulator activity	4	6.153846153846154	0.0011034755549921933	P24385, P11802, P38936, P42574	65	55	17305	19.362237762237765	0.3942297643552467	0.010890823955792517	0.009067690430153241
GOTERM_MF_FAT	GO:0016538~cyclin-dependent protein serine/threonine kinase regulator activity	4	6.153846153846154	0.0011034755549921933	P24385, P11802, P38936, P42574	65	55	17305	19.362237762237765	0.3942297643552467	0.010890823955792517	0.009067690430153241
GOTERM_BP_FAT	GO:0000278~mitotic cell cycle	9	13.846153846153847	0.0011168082008980841	O96017, P24385, O15392, P10415, P04637, P11802, P01106, P38936, P06400	65	626	19104	4.2255099533054805	0.9815480568302966	0.005730959407110921	0.004213185723144815
GOTERM_BP_FAT	GO:0034763~negative regulation of transmembrane transport	5	7.6923076923076925	0.0011216637331101288	P14780, P10415, P31749, P01584, P01375	65	136	19104	10.805429864253394	0.9818657678688502	0.005730959407110921	0.004213185723144815
GOTERM_BP_FAT	GO:0046683~response to organophosphorus	5	7.6923076923076925	0.0011216637331101288	P31645, Q9NRD8, P42224, P35869, P01584	65	136	19104	10.805429864253394	0.9818657678688502	0.005730959407110921	0.004213185723144815
GOTERM_BP_FAT	GO:0050853~B cell receptor signaling pathway	4	6.153846153846154	0.0011235502258475903	P10415, P28482, Q07812, P25963	65	61	19104	19.272635561160154	0.9819877259693984	0.005730959407110921	0.004213185723144815
GOTERM_BP_FAT	GO:0043029~T cell homeostasis	4	6.153846153846154	0.0011235502258475903	P10415, Q07812, P31749, P42574	65	61	19104	19.272635561160154	0.9819877259693984	0.005730959407110921	0.004213185723144815
GOTERM_BP_FAT	GO:0002544~chronic inflammatory response	3	4.615384615384616	0.001127901585442043	P19320, P22301, P01375	65	15	19104	58.78153846153846	0.9822659151342769	0.005730959407110921	0.004213185723144815
GOTERM_BP_FAT	GO:0045348~positive regulation of MHC class II biosynthetic process	3	4.615384615384616	0.001127901585442043	P01579, P05112, P22301	65	15	19104	58.78153846153846	0.9822659151342769	0.005730959407110921	0.004213185723144815
GOTERM_BP_FAT	GO:1901299~negative regulation of hydrogen peroxide-mediated programmed cell death	3	4.615384615384616	0.001127901585442043	P08581, P31749	65	15	19104	58.78153846153846	0.9822659151342769	0.005730959407110921	0.004213185723144815
GOTERM_BP_FAT	GO:1903377~negative regulation of oxidative stress-induced neuron intrinsic apoptotic signaling pathway	3	4.615384615384616	0.001127901585442043	P31749, Q16665, P22301	65	15	19104	58.78153846153846	0.9822659151342769	0.005730959407110921	0.004213185723144815
GOTERM_BP_FAT	GO:0044087~regulation of cellular component biogenesis	12	18.461538461538463	0.0011333442920050288	P37231, O96017, P04637, Q07812, P03956, P31749, P01579, P05362, P08254, O14920, P01584, P01375	65	1120	19104	3.149010989010989	0.982607837321003	0.005750434390684607	0.0042275029983028485
KEGG_PATHWAY	hsa05416:Viral myocarditis	5	7.6923076923076925	0.0011474633064828882	P24385, Q14790, P05362, P42574, P29965	63	70	9375	10.629251700680271	0.22499292181885744	0.002284681404872179	0.0011474633064828882
KEGG_PATHWAY	hsa05211:Renal cell carcinoma	5	7.6923076923076925	0.0011474633064828882	P08581, P28482, P31749, P38936, Q16665	63	70	9375	10.629251700680271	0.22499292181885744	0.002284681404872179	0.0011474633064828882
KEGG_PATHWAY	hsa05204:Chemical carcinogenesis - DNA adducts	5	7.6923076923076925	0.0011474633064828882	P08684, P09488, P09211, P35354, P05177	63	70	9375	10.629251700680271	0.22499292181885744	0.002284681404872179	0.0011474633064828882
GOTERM_BP_FAT	GO:0002688~regulation of leukocyte chemotaxis	5	7.6923076923076925	0.0011839669782723631	P28482, P02778, P05231, P13500, P10145	65	138	19104	10.648829431438127	0.9854885932706201	0.005991051804626811	0.004404395867567191
GOTERM_BP_FAT	GO:0000165~MAPK cascade	6	9.230769230769232	0.0011841216612728245	P28482, P01106, P00533, O14920, P01584, P01375	65	237	19104	7.440701071080818	0.9854966207555135	0.005991051804626811	0.004404395867567191
KEGG_PATHWAY	hsa05310:Asthma	4	6.153846153846154	0.001191708919619962	P05112, P29965, P22301, P01375	63	32	9375	18.601190476190474	0.232577010826308	0.002351779549338509	0.001191708919619962
GOTERM_BP_FAT	GO:0072594~establishment of protein localization to organelle	7	10.76923076923077	0.0011946947983398476	P29474, P04637, Q07812, P31749, P38936, P00533, P25963	65	355	19104	5.795362946912244	0.9860349348011196	0.006035996916081946	0.004437437822405148
KEGG_PATHWAY	hsa04917:Prolactin signaling pathway	5	7.6923076923076925	0.0012099988341105572	P42224, P24385, Q04206, P28482, P31749	63	71	9375	10.479543930248155	0.23569043888370422	0.00236692754391802	0.0012099988341105572
GOTERM_MF_FAT	GO:0030291~protein serine/threonine kinase inhibitor activity	4	6.153846153846154	0.0012242565195908555	P31749, P38936, P09211, P42574	65	57	17305	18.682860998650472	0.42658924338249726	0.01182579701902656	0.009846148178837093
GOTERM_BP_FAT	GO:0019369~arachidonate metabolic process	4	6.153846153846154	0.0012338244969730017	P09917, P23219, P35354, P05177	65	63	19104	18.660805860805862	0.9878591174297168	0.0062248885638242395	0.004576303854591953
GOTERM_BP_FAT	GO:0002821~positive regulation of adaptive immune response	5	7.6923076923076925	0.0012486587390707813	P05231, P05112, P60568, P01584, P01375	65	140	19104	10.496703296703297	0.9884866196886118	0.0062819845295222975	0.004618278660281509
GOTERM_BP_FAT	GO:0002221~pattern recognition receptor signaling pathway	5	7.6923076923076925	0.0012486587390707813	O15111, Q04206, O14920, P25963, P01375	65	140	19104	10.496703296703297	0.9884866196886118	0.0062819845295222975	0.004618278660281509
GOTERM_BP_FAT	GO:0043410~positive regulation of MAPK cascade	8	12.307692307692308	0.0012739776513968745	P01583, P04626, P05362, P05231, P00533, P01344, P01584, P01375	65	493	19104	4.769293181463567	0.9894836504933009	0.0063979127641538725	0.004703504736469224
GOTERM_BP_FAT	GO:0050769~positive regulation of neurogenesis	6	9.230769230769232	0.0012752838432467965	P37231, P01579, P05231, Q16665, P01584, P01375	65	241	19104	7.317203957867859	0.9895326785393993	0.0063979127641538725	0.004703504736469224
GOTERM_BP_FAT	GO:0002708~positive regulation of lymphocyte mediated immunity	5	7.6923076923076925	0.0012819155949831053	P05231, P05112, P60568, P01584, P01375	65	141	19104	10.422258592471358	0.9897780989751233	0.006415821066835548	0.004716670246783356
GOTERM_BP_FAT	GO:0090399~replicative senescence	3	4.615384615384616	0.0012862495931480905	O96017, P04637, P38936	65	16	19104	55.10769230769231	0.9899353700516685	0.006415821066835548	0.004716670246783356
GOTERM_BP_FAT	GO:2000659~regulation of interleukin-1-mediated signaling pathway	3	4.615384615384616	0.0012862495931480905	P01583, P05231, P01584	65	16	19104	55.10769230769231	0.9899353700516685	0.006415821066835548	0.004716670246783356
GOTERM_BP_FAT	GO:0032655~regulation of interleukin-12 production	4	6.153846153846154	0.001291426468940302	Q04206, P01579, P29965, P22301	65	64	19104	18.36923076923077	0.990120059942856	0.006415821066835548	0.004716670246783356
GOTERM_BP_FAT	GO:0061180~mammary gland epithelium development	4	6.153846153846154	0.001291426468940302	P24385, P28482, P31749, Q16665	65	64	19104	18.36923076923077	0.990120059942856	0.006415821066835548	0.004716670246783356
GOTERM_BP_FAT	GO:0002889~regulation of immunoglobulin mediated immune response	4	6.153846153846154	0.001291426468940302	P05112, P60568, P22301, P01375	65	64	19104	18.36923076923077	0.990120059942856	0.006415821066835548	0.004716670246783356
GOTERM_BP_FAT	GO:0002712~regulation of B cell mediated immunity	4	6.153846153846154	0.001291426468940302	P05112, P60568, P22301, P01375	65	64	19104	18.36923076923077	0.990120059942856	0.006415821066835548	0.004716670246783356
GOTERM_BP_FAT	GO:0042742~defense response to bacterium	7	10.76923076923077	0.0013577535090780776	Q9NRD8, P05164, P05231, P35228, P01584, P22301, P01375	65	364	19104	5.65207100591716	0.9922071581263784	0.0067359660200373515	0.004952028770609766
GOTERM_BP_FAT	GO:0042593~glucose homeostasis	6	9.230769230769232	0.0013964258399553192	P37231, P09917, P31749, P05362, P05231, Q16665	65	246	19104	7.168480300187618	0.9932141550192217	0.0069182151183361995	0.005086011450378181
GOTERM_BP_FAT	GO:1902991~regulation of amyloid precursor protein catabolic process	4	6.153846153846154	0.0014116513241531504	Q04206, P01579, P42574, P01375	65	66	19104	17.812587412587412	0.9935739394771982	0.006983959182652428	0.005134344012778633
GOTERM_BP_FAT	GO:0034976~response to endoplasmic reticulum stress	6	9.230769230769232	0.001447188630859826	P24385, P10415, P04637, Q07812, Q16236, P10145	65	248	19104	7.110669975186105	0.9943412381035551	0.007149872461177454	0.005256317212500558
GOTERM_BP_FAT	GO:0031571~mitotic G1 DNA damage checkpoint signaling	3	4.615384615384616	0.0014546055134767868	P24385, P04637, P38936	65	17	19104	51.86606334841629	0.9944894408613331	0.007156819413414714	0.005261424350399507
GOTERM_BP_FAT	GO:1901550~regulation of endothelial cell development	3	4.615384615384616	0.0014546055134767868	O14920, P01584, P01375	65	17	19104	51.86606334841629	0.9944894408613331	0.007156819413414714	0.005261424350399507
GOTERM_BP_FAT	GO:1903140~regulation of establishment of endothelial barrier	3	4.615384615384616	0.0014546055134767868	O14920, P01584, P01375	65	17	19104	51.86606334841629	0.9944894408613331	0.007156819413414714	0.005261424350399507
GOTERM_BP_FAT	GO:0060249~anatomical structure homeostasis	6	9.230769230769232	0.0014730750355024173	O75469, P29474, P10415, Q07812, P05231, P06400	65	249	19104	7.0821130676552375	0.9948418512274729	0.007223916845427496	0.00531075185780868
GOTERM_BP_FAT	GO:0001894~tissue homeostasis	6	9.230769230769232	0.0014730750355024173	O75469, P29474, P10415, Q07812, P05231, P06400	65	249	19104	7.0821130676552375	0.9948418512274729	0.007223916845427496	0.00531075185780868
GOTERM_BP_FAT	GO:1903078~positive regulation of protein localization to plasma membrane	4	6.153846153846154	0.0014743100168859587	P31749, P01579, P00533, P01375	65	67	19104	17.546727898966708	0.9948645953160244	0.007223916845427496	0.00531075185780868
GOTERM_MF_FAT	GO:0070888~E-box binding	4	6.153846153846154	0.0014900977881023203	P37231, P35869, P01106, Q16665	65	61	17305	17.457755359394703	0.4918654101842861	0.01380621215915211	0.011495040079646471
GOTERM_MF_FAT	GO:0004879~nuclear receptor activity	4	6.153846153846154	0.0014900977881023203	P37231, P35869, O75469, Q07869	65	61	17305	17.457755359394703	0.4918654101842861	0.01380621215915211	0.011495040079646471
GOTERM_BP_FAT	GO:0050768~negative regulation of neurogenesis	5	7.6923076923076925	0.0014945948726248584	P04637, P05231, P01584, P01375, P06400	65	147	19104	9.996860282574568	0.9952241445491866	0.007313277924679443	0.005376446760976546
GOTERM_BP_FAT	GO:0033500~carbohydrate homeostasis	6	9.230769230769232	0.0015258715102460841	P37231, P09917, P31749, P05362, P05231, Q16665	65	251	19104	7.025681887833283	0.9957298341908125	0.00745610538248839	0.005481448133934633
GOTERM_MF_FAT	GO:0001228~DNA-binding transcription activator activity, RNA polymerase II-specific	8	12.307692307692308	0.0015438327027512602	P37231, O75469, Q07869, Q04206, P04637, P01106, Q16665, Q16236	65	462	17305	4.61005661005661	0.5041300780316458	0.013902702459148429	0.011575377818409926
GOTERM_MF_FAT	GO:0098531~ligand-modulated transcription factor activity	4	6.153846153846154	0.001561757324706101	P37231, P35869, O75469, Q07869	65	62	17305	17.17617866004963	0.5081552077028557	0.013902702459148429	0.011575377818409926
GOTERM_BP_FAT	GO:0010959~regulation of metal ion transport	7	10.76923076923077	0.0015796069153922506	P29474, P10415, Q07812, P31749, P01579, P02778, P13500	65	375	19104	5.486276923076923	0.9964768429714297	0.007708136477843059	0.005666731912322473
GOTERM_BP_FAT	GO:0002220~innate immune response activating cell surface receptor signaling pathway	4	6.153846153846154	0.0016048077602623737	O15111, Q04206, O14920, P25963	65	69	19104	17.038127090301003	0.9967806764595201	0.007820427448372714	0.005749284008798081
GOTERM_CC_FAT	GO:0005654~nucleoplasm	28	43.07692307692308	0.0016276276018095622	P24385, O75469, P28482, P04637, P11802, P42224, P08581, Q07869, Q16236, P25963, P06400, O96017, P35869, O15392, Q9UNQ0, P09917, O15111, P04626, P31749, P38936, P35228, P37231, Q04206, P01106, P05164, Q16665, P42574, P09601	59	4642	16775	1.714997188529199	0.3795333437029873	0.04029754206390517	0.03727178805228089
GOTERM_BP_FAT	GO:0044819~mitotic G1/S transition checkpoint signaling	3	4.615384615384616	0.0016329026317174061	P24385, P04637, P38936	65	18	19104	48.98461538461539	0.9970886249010256	0.007935684626523231	0.00583401674951008
GOTERM_BP_FAT	GO:0051044~positive regulation of membrane protein ectodomain proteolysis	3	4.615384615384616	0.0016329026317174061	P01579, P01584, P01375	65	18	19104	48.98461538461539	0.9970886249010256	0.007935684626523231	0.00583401674951008
GOTERM_BP_FAT	GO:0019538~protein metabolic process	23	35.38461538461539	0.0016396581848840091	O96017, P10415, P04626, P28482, P31749, P03956, P13500, P35228, P00749, P14780, Q07869, Q04206, P04040, P01106, Q14790, P08253, P00533, Q16236, Q16665, P08254, P42574, O14920, P01375	65	3504	19104	1.9291886195995787	0.9971581695758476	0.007957688908159892	0.005850193469436696
GOTERM_CC_FAT	GO:0009986~cell surface	11	16.923076923076923	0.0016504112790677885	Q9NRD8, P00749, Q9UNQ0, P08581, P19320, P02778, P05362, P00533, P29965, P01375	59	970	16775	3.2242704875065527	0.3836683019291096	0.04029754206390517	0.03727178805228089
GOTERM_BP_FAT	GO:2001244~positive regulation of intrinsic apoptotic signaling pathway	4	6.153846153846154	0.0016726812698324267	P04637, Q07812, P01106, P08253	65	70	19104	16.794725274725277	0.99747494930569	0.0080959586664518	0.005951844193197768
GOTERM_BP_FAT	GO:0002763~positive regulation of myeloid leukocyte differentiation	4	6.153846153846154	0.0016726812698324267	P01579, Q14790, P01375, P06400	65	70	19104	16.794725274725277	0.99747494930569	0.0080959586664518	0.005951844193197768
GOTERM_BP_FAT	GO:0014015~positive regulation of gliogenesis	4	6.153846153846154	0.0017423271411583909	P37231, P05231, P01584, P01375	65	71	19104	16.558179848320695	0.9980320531109442	0.008410260200294287	0.006182906854975587
GOTERM_BP_FAT	GO:0050994~regulation of lipid catabolic process	4	6.153846153846154	0.0017423271411583909	Q07869, P31749, P01584, P01375	65	71	19104	16.558179848320695	0.9980320531109442	0.008410260200294287	0.006182906854975587
GOTERM_MF_FAT	GO:0001216~DNA-binding transcription activator activity	8	12.307692307692308	0.001744201057646805	P37231, O75469, Q07869, Q04206, P04637, P01106, Q16665, Q16236	65	472	17305	4.51238591916558	0.5473149603891994	0.015228216926377873	0.012678999995971005
GOTERM_BP_FAT	GO:0051961~negative regulation of nervous system development	5	7.6923076923076925	0.0017724782582621064	P04637, P05231, P01584, P01375, P06400	65	154	19104	9.542457542457543	0.9982333745324169	0.008532739000690355	0.006272948660641903
GOTERM_BP_FAT	GO:0010565~regulation of ketone metabolic process	5	7.6923076923076925	0.0017724782582621064	P37231, Q07869, P31749, P35354, P01584	65	154	19104	9.542457542457543	0.9982333745324169	0.008532739000690355	0.006272948660641903
GOTERM_BP_FAT	GO:0007173~epidermal growth factor receptor signaling pathway	4	6.153846153846154	0.001813762051116122	P04626, P28482, P31749, P00533	65	72	19104	16.32820512820513	0.9984760597558733	0.008638616617823851	0.00635078590100936
GOTERM_BP_FAT	GO:0010632~regulation of epithelial cell migration	4	6.153846153846154	0.001813762051116122	P14780, P01579, Q16665, P05112	65	72	19104	16.32820512820513	0.9984760597558733	0.008638616617823851	0.00635078590100936
GOTERM_BP_FAT	GO:0042116~macrophage activation	4	6.153846153846154	0.001813762051116122	P01579, P05112, P01584, P01375	65	72	19104	16.32820512820513	0.9984760597558733	0.008638616617823851	0.00635078590100936
GOTERM_BP_FAT	GO:0008637~apoptotic mitochondrial changes	4	6.153846153846154	0.001813762051116122	P10415, P04637, Q07812, P31749	65	72	19104	16.32820512820513	0.9984760597558733	0.008638616617823851	0.00635078590100936
GOTERM_BP_FAT	GO:2000379~positive regulation of reactive oxygen species metabolic process	4	6.153846153846154	0.001813762051116122	P04637, P38936, P09211, Q16236	65	72	19104	16.32820512820513	0.9984760597558733	0.008638616617823851	0.00635078590100936
GOTERM_BP_FAT	GO:0048708~astrocyte differentiation	4	6.153846153846154	0.001813762051116122	P28482, P01579, P01584, P01375	65	72	19104	16.32820512820513	0.9984760597558733	0.008638616617823851	0.00635078590100936
GOTERM_BP_FAT	GO:0045346~regulation of MHC class II biosynthetic process	3	4.615384615384616	0.0018210745557730571	P01579, P05112, P22301	65	19	19104	46.406477732793526	0.9985154315911098	0.008638616617823851	0.00635078590100936
GOTERM_BP_FAT	GO:0035234~ectopic germ cell programmed cell death	3	4.615384615384616	0.0018210745557730571	P01583, Q07812, P01584	65	19	19104	46.406477732793526	0.9985154315911098	0.008638616617823851	0.00635078590100936
GOTERM_BP_FAT	GO:0009651~response to salt stress	3	4.615384615384616	0.0018210745557730571	P04637, Q07812, P01375	65	19	19104	46.406477732793526	0.9985154315911098	0.008638616617823851	0.00635078590100936
GOTERM_BP_FAT	GO:1901298~regulation of hydrogen peroxide-mediated programmed cell death	3	4.615384615384616	0.0018210745557730571	P08581, P31749	65	19	19104	46.406477732793526	0.9985154315911098	0.008638616617823851	0.00635078590100936
GOTERM_BP_FAT	GO:0006525~arginine metabolic process	3	4.615384615384616	0.0018210745557730571	P11926, P29474, P35228	65	19	19104	46.406477732793526	0.9985154315911098	0.008638616617823851	0.00635078590100936
GOTERM_BP_FAT	GO:0060322~head development	10	15.384615384615385	0.0018644945758824062	P31645, Q9NRD8, P10415, P04637, P28482, Q07812, P08253, Q16665, P00533, P42574	65	841	19104	3.4947406933138208	0.9987291347756956	0.008832857592907101	0.006493584557383553
GOTERM_BP_FAT	GO:0043470~regulation of carbohydrate catabolic process	4	6.153846153846154	0.001887002458885251	Q07869, P04637, P01579, Q16665	65	73	19104	16.104531085353006	0.998827514154636	0.008927646070381611	0.006563269479513469
GOTERM_BP_FAT	GO:0008406~gonad development	6	9.230769230769232	0.0019037475792231424	P24385, P29474, P10415, Q07812, P08253, P42574	65	264	19104	6.6797202797202795	0.9988957325014871	0.008994955493366487	0.006612752834708958
GOTERM_MF_FAT	GO:0004714~transmembrane receptor protein tyrosine kinase activity	4	6.153846153846154	0.0019524089482243947	P08581, P04626, P00533	65	67	17305	15.894374282433985	0.5882175453938501	0.01672440872629953	0.013924727970355117
GOTERM_BP_FAT	GO:0070301~cellular response to hydrogen peroxide	4	6.153846153846154	0.0019620646065336336	Q04206, P04040, P05231, Q16236	65	74	19104	15.886902286902288	0.9991037967534713	0.009246035322609682	0.00679733727804396
GOTERM_BP_FAT	GO:0061045~negative regulation of wound healing	4	6.153846153846154	0.0019620646065336336	P00749, P09917, P29474, P01375	65	74	19104	15.886902286902288	0.9991037967534713	0.009246035322609682	0.00679733727804396
GOTERM_BP_FAT	GO:1903829~positive regulation of protein localization	8	12.307692307692308	0.0019666985924674234	P01583, P37231, P31749, P01579, Q16665, P00533, P01584, P01375	65	532	19104	4.419664545980336	0.9991185419561297	0.00925566188707989	0.006804414366033536
GOTERM_BP_FAT	GO:0002758~innate immune response-activating signaling pathway	5	7.6923076923076925	0.001991675973245334	O15111, Q04206, O14920, P25963, P01375	65	159	19104	9.242380261248186	0.9991939415635618	0.00936087707425307	0.0068817646128187466
GOTERM_BP_FAT	GO:0007610~behavior	9	13.846153846153847	0.0020104095279113244	P31645, P10415, Q07869, P04637, P28482, P31749, Q16665, P00533, P42574	65	687	19104	3.8503191132012096	0.9992462301802878	0.009436508322863668	0.006937365861097422
GOTERM_BP_FAT	GO:0110076~negative regulation of ferroptosis	3	4.615384615384616	0.002019055214486841	P09211, Q16236, P09601	65	20	19104	44.086153846153856	0.9992692045184879	0.009452248002813888	0.0069489370815759436
GOTERM_BP_FAT	GO:0048143~astrocyte activation	3	4.615384615384616	0.002019055214486841	P01579, P01584, P01375	65	20	19104	44.086153846153856	0.9992692045184879	0.009452248002813888	0.0069489370815759436
GOTERM_BP_FAT	GO:0071479~cellular response to ionizing radiation	4	6.153846153846154	0.002038964521212873	O96017, P04637, P38936, P01375	65	75	19104	15.675076923076926	0.9993194828256502	0.009508069542783791	0.006989974977421677
GOTERM_BP_FAT	GO:0044773~mitotic DNA damage checkpoint signaling	4	6.153846153846154	0.002038964521212873	O96017, P24385, P04637, P38936	65	75	19104	15.675076923076926	0.9993194828256502	0.009508069542783791	0.006989974977421677
GOTERM_BP_FAT	GO:0032890~regulation of organic acid transport	4	6.153846153846154	0.002038964521212873	Q07869, P31749, P01584, P01375	65	75	19104	15.675076923076926	0.9993194828256502	0.009508069542783791	0.006989974977421677
GOTERM_BP_FAT	GO:0030182~neuron differentiation	12	18.461538461538463	0.002048186268201131	P24385, P08581, P10415, P04626, P19320, P08253, P05231, Q16665, P00533, P42574, P06400	65	1206	19104	2.9244546498277844	0.9993415844378783	0.009538619752300444	0.007012434341976754
GOTERM_BP_FAT	GO:0045137~development of primary sexual characteristics	6	9.230769230769232	0.002065930721995677	P24385, P29474, P10415, Q07812, P08253, P42574	65	269	19104	6.55556191020875	0.9993821135741147	0.009608729868448644	0.007063976661407094
GOTERM_BP_FAT	GO:0045862~positive regulation of proteolysis	4	6.153846153846154	0.0021177180161219373	P01579, Q14790, P01584, P01375	65	76	19104	15.468825910931175	0.9994866895706747	0.009836786415588505	0.007231635254013273
GOTERM_BP_FAT	GO:0071675~regulation of mononuclear cell migration	5	7.6923076923076925	0.0021318388940333994	P28482, P31749, P02778, P13500, P01375	65	162	19104	9.071225071225072	0.9995119980219885	0.009889517570762731	0.007270401215235983
GOTERM_MF_FAT	GO:0043167~ion binding	37	56.92307692307692	0.0021373921641913637	Q9NRD8, P01583, O75469, P29474, P28482, P04637, P11802, P35354, P14780, P08581, Q07869, P04040, P08684, P09211, P05177, O14920, P31645, O96017, O15392, Q9UNQ0, P09917, O15111, P04626, P31749, P03956, P38936, P35228, P37231, P23219, Q04206, P09488, P05164, P08253, P08254, P00533, P09601	65	6557	17305	1.5022934972607078	0.6214528183930819	0.01796992671375702	0.014961745149339546
KEGG_PATHWAY	hsa04510:Focal adhesion	7	10.76923076923077	0.002146446163337312	P24385, P08581, P10415, P04626, P28482, P31749, P00533	63	203	9375	5.1313628899835795	0.37937185945131446	0.004162239081949745	0.002146446163337312
GOTERM_BP_FAT	GO:0009746~response to hexose	5	7.6923076923076925	0.0021800363924755705	Q07869, P05362, Q16665, P42574, P01375	65	163	19104	9.015573383671544	0.9995893514571769	0.010086904137205617	0.007415512392021824
GOTERM_BP_FAT	GO:0000075~cell cycle checkpoint signaling	5	7.6923076923076925	0.0021800363924755705	O96017, P24385, O15392, P04637, P38936	65	163	19104	9.015573383671544	0.9995893514571769	0.010086904137205617	0.007415512392021824
GOTERM_CC_FAT	GO:0000307~cyclin-dependent protein kinase holoenzyme complex	4	6.153846153846154	0.002220102345040608	P24385, P11802, P38936, P06400	59	75	16775	15.163841807909604	0.4785871511343557	0.050037691315146016	0.04628059503892344
GOTERM_BP_FAT	GO:0055093~response to hyperoxia	3	4.615384615384616	0.0022267788567183855	P37231, P04040, P08253	65	21	19104	41.98681318681319	0.9996526412556133	0.010247006305135557	0.007533213481882971
GOTERM_BP_FAT	GO:1904037~positive regulation of epithelial cell apoptotic process	3	4.615384615384616	0.0022267788567183855	Q07812, P05231, P09601	65	21	19104	41.98681318681319	0.9996526412556133	0.010247006305135557	0.007533213481882971
GOTERM_BP_FAT	GO:0042744~hydrogen peroxide catabolic process	3	4.615384615384616	0.0022267788567183855	Q9NRD8, P04040, P05164	65	21	19104	41.98681318681319	0.9996526412556133	0.010247006305135557	0.007533213481882971
GOTERM_BP_FAT	GO:1900221~regulation of amyloid-beta clearance	3	4.615384615384616	0.0022267788567183855	P01579, P05112, P01375	65	21	19104	41.98681318681319	0.9996526412556133	0.010247006305135557	0.007533213481882971
GOTERM_BP_FAT	GO:0002285~lymphocyte activation involved in immune response	5	7.6923076923076925	0.002228982054616553	P04637, P05362, P05231, P29965, P22301	65	164	19104	8.960600375234522	0.9996553709958255	0.010247006305135557	0.007533213481882971
GOTERM_BP_FAT	GO:1904377~positive regulation of protein localization to cell periphery	4	6.153846153846154	0.0023652549400287348	P31749, P01579, P00533, P01375	65	79	19104	14.881402142161637	0.999788453587521	0.01081778571803155	0.007952829030109422
GOTERM_BP_FAT	GO:0002753~cytoplasmic pattern recognition receptor signaling pathway	4	6.153846153846154	0.0023652549400287348	Q04206, O14920, P25963, P01375	65	79	19104	14.881402142161637	0.999788453587521	0.01081778571803155	0.007952829030109422
GOTERM_BP_FAT	GO:0031016~pancreas development	4	6.153846153846154	0.0023652549400287348	P08581, P05231, P01344	65	79	19104	14.881402142161637	0.999788453587521	0.01081778571803155	0.007952829030109422
GOTERM_BP_FAT	GO:0044774~mitotic DNA integrity checkpoint signaling	4	6.153846153846154	0.0023652549400287348	O96017, P24385, P04637, P38936	65	79	19104	14.881402142161637	0.999788453587521	0.01081778571803155	0.007952829030109422
GOTERM_BP_FAT	GO:0050790~regulation of catalytic activity	8	12.307692307692308	0.0023958799933303	P04626, P04637, P31749, P08253, P38936, P01584, P01375, P06400	65	551	19104	4.267262320256876	0.9998104296885987	0.01092986377544806	0.00803522460087531
GOTERM_BP_FAT	GO:0061061~muscle structure development	8	12.307692307692308	0.0023958799933303	O15111, P10415, P31749, P01106, P02778, P42574, P01344, P06400	65	551	19104	4.267262320256876	0.9998104296885987	0.01092986377544806	0.00803522460087531
GOTERM_BP_FAT	GO:0010224~response to UV-B	3	4.615384615384616	0.002444180050040551	P10415, Q04206, P38936	65	22	19104	40.07832167832168	0.9998405444441059	0.011121797628974328	0.00817632714828852
GOTERM_BP_FAT	GO:0034114~regulation of heterotypic cell-cell adhesion	3	4.615384615384616	0.002444180050040551	P01584, P22301, P01375	65	22	19104	40.07832167832168	0.9998405444441059	0.011121797628974328	0.00817632714828852
GOTERM_BP_FAT	GO:0071621~granulocyte chemotaxis	4	6.153846153846154	0.002451576665455219	P02778, P13500, P01584, P10145	65	80	19104	14.695384615384617	0.9998447134253543	0.011141261894409725	0.008190636543874561
GOTERM_BP_FAT	GO:0007204~positive regulation of cytosolic calcium ion concentration	5	7.6923076923076925	0.002485139699302931	P10415, Q07812, P13500, P60568, P10145	65	169	19104	8.695493855257169	0.9998623031101792	0.01127943965172817	0.008292219631981571
GOTERM_BP_FAT	GO:0006974~DNA damage response	10	15.384615384615385	0.0025354790834966417	O96017, P24385, P10415, P04637, P28482, Q07812, P01106, P38936, P42574, P01375	65	880	19104	3.3398601398601397	0.999885022144152	0.011469361816283573	0.00843184326135517
GOTERM_BP_FAT	GO:0002262~myeloid cell homeostasis	5	7.6923076923076925	0.0025386982933500815	Q07812, P05231, P42574, P09601, P06400	65	170	19104	8.644343891402716	0.9998863403952086	0.011469361816283573	0.00843184326135517
GOTERM_BP_FAT	GO:1903053~regulation of extracellular matrix organization	4	6.153846153846154	0.0025398278826092684	P37231, P00749, P05231, P06400	65	81	19104	14.513960113960115	0.9998867993665372	0.011469361816283573	0.00843184326135517
GOTERM_BP_FAT	GO:0010827~regulation of D-glucose transmembrane transport	4	6.153846153846154	0.0025398278826092684	P31749, Q16236, P01584, P01375	65	81	19104	14.513960113960115	0.9998867993665372	0.011469361816283573	0.00843184326135517
GOTERM_BP_FAT	GO:0050851~antigen receptor-mediated signaling pathway	5	7.6923076923076925	0.0026481893920832465	P10415, P28482, Q07812, O14920, P25963	65	172	19104	8.543828264758497	0.9999232173165432	0.011943601652173431	0.008780486544962886
GOTERM_BP_FAT	GO:0002281~macrophage activation involved in immune response	3	4.615384615384616	0.0026711936785827864	P01579, P01584, P01375	65	23	19104	38.335785953177265	0.9999292915115439	0.011986813844092606	0.0088122545225608
GOTERM_BP_FAT	GO:0090200~positive regulation of release of cytochrome c from mitochondria	3	4.615384615384616	0.0026711936785827864	P14780, P04637, Q07812	65	23	19104	38.335785953177265	0.9999292915115439	0.011986813844092606	0.0088122545225608
GOTERM_BP_FAT	GO:0006809~nitric oxide biosynthetic process	3	4.615384615384616	0.0026711936785827864	P29474, P31749, P35228	65	23	19104	38.335785953177265	0.9999292915115439	0.011986813844092606	0.0088122545225608
GOTERM_BP_FAT	GO:0009404~toxin metabolic process	3	4.615384615384616	0.0026711936785827864	P08684, Q16236, P05177	65	23	19104	38.335785953177265	0.9999292915115439	0.011986813844092606	0.0088122545225608
GOTERM_BP_FAT	GO:0030307~positive regulation of cell growth	5	7.6923076923076925	0.002760884509756413	P10415, P04626, P31749, P00533, P60568	65	174	19104	8.445623342175066	0.9999487237582119	0.012373750901944678	0.009096716088607706
GOTERM_CC_FAT	GO:0005635~nuclear envelope	8	12.307692307692308	0.00277036583104018	P24385, P09917, P10415, Q07812, P11802, P01106, P00533, P35354	59	550	16775	4.135593220338983	0.5564051558078617	0.05558747967607356	0.051413675741351306
GOTERM_BP_FAT	GO:0043491~phosphatidylinositol 3-kinase/protein kinase B signal transduction	4	6.153846153846154	0.0028163030847173118	P04626, P31749, P00533, P01375	65	84	19104	13.995604395604397	0.9999579582472174	0.012600120797495989	0.009263134718427901
GOTERM_BP_FAT	GO:0002274~myeloid leukocyte activation	5	7.6923076923076925	0.0028184480731241026	P01579, P05112, P01584, P01375, P10145	65	175	19104	8.397362637362638	0.9999582801288669	0.012600120797495989	0.009263134718427901
GOTERM_CC_FAT	GO:0009897~external side of plasma membrane	7	10.76923076923077	0.002845775410037895	P00749, Q9UNQ0, P19320, P02778, P05362, P29965, P01375	59	410	16775	4.854278627532038	0.5661258968774596	0.05558747967607356	0.051413675741351306
GOTERM_BP_FAT	GO:0051222~positive regulation of protein transport	6	9.230769230769232	0.002859250180120183	P01583, P37231, P31749, Q16665, P01584, P01375	65	290	19104	6.080848806366048	0.9999639546967664	0.012766552054236616	0.0093854887162445
GOTERM_BP_FAT	GO:0061138~morphogenesis of a branching epithelium	5	7.6923076923076925	0.002876830008210242	P08581, P10415, P01106, P22301	65	176	19104	8.34965034965035	0.999966155274172	0.012829009724503102	0.009431405245393378
GOTERM_MF_FAT	GO:0097110~scaffold protein binding	4	6.153846153846154	0.002904104086209093	O15111, P29474, Q14790, O14920	65	77	17305	13.83016983016983	0.7329665765765355	0.023972059184344148	0.01995911535612795
GOTERM_BP_FAT	GO:0060252~positive regulation of glial cell proliferation	3	4.615384615384616	0.00290775494297549	P05231, P01584, P01375	65	24	19104	36.73846153846154	0.999969705448589	0.0129185331546125	0.00949721950280303
GOTERM_BP_FAT	GO:1903409~reactive oxygen species biosynthetic process	3	4.615384615384616	0.00290775494297549	Q9NRD8, P05164, P05177	65	24	19104	36.73846153846154	0.999969705448589	0.0129185331546125	0.00949721950280303
GOTERM_BP_FAT	GO:0038128~ERBB2 signaling pathway	3	4.615384615384616	0.00290775494297549	P04626, P28482, P00533	65	24	19104	36.73846153846154	0.999969705448589	0.0129185331546125	0.00949721950280303
GOTERM_BP_FAT	GO:0060260~regulation of transcription initiation by RNA polymerase II	4	6.153846153846154	0.0029124158562413936	P04637, P11802, P01106, P25963	65	85	19104	13.830950226244346	0.9999702072275922	0.012923167004340692	0.009500626134770061
GOTERM_BP_FAT	GO:0098609~cell-cell adhesion	8	12.307692307692308	0.0029797638240014294	P31645, P10415, P19320, P05362, P00533, P29965, P01584, P01375	65	573	19104	4.1034232782923885	0.9999765956825076	0.013205603448304102	0.009708262781424013
GOTERM_BP_FAT	GO:0001836~release of cytochrome c from mitochondria	3	4.615384615384616	0.0031537993577369057	P10415, P04637, Q07812	65	25	19104	35.26892307692307	0.9999874568002022	0.013942291220094341	0.010249847912644943
GOTERM_BP_FAT	GO:0030224~monocyte differentiation	3	4.615384615384616	0.0031537993577369057	P01583, P37231, P01584	65	25	19104	35.26892307692307	0.9999874568002022	0.013942291220094341	0.010249847912644943
GOTERM_BP_FAT	GO:0051962~positive regulation of nervous system development	6	9.230769230769232	0.003166999004184022	P37231, P01579, P05231, Q16665, P01584, P01375	65	297	19104	5.937529137529138	0.999988036422704	0.013983338001168513	0.010280023961665316
GOTERM_MF_FAT	GO:0019209~kinase activator activity	5	7.6923076923076925	0.0031763834275234186	P24385, P00533, P01344, P60568, P29965	65	164	17305	8.116791744840526	0.7641061195129188	0.025362651930498057	0.021116921651383846
GOTERM_BP_FAT	GO:1903578~regulation of ATP metabolic process	4	6.153846153846154	0.0032128098739902973	Q07869, P01579, Q16665, P05112	65	88	19104	13.359440559440559	0.9999898481011237	0.014168094901102893	0.01041585028283768
GOTERM_MF_FAT	GO:0042379~chemokine receptor binding	4	6.153846153846154	0.003236262980917457	P42224, P02778, P13500, P10145	65	80	17305	13.311538461538461	0.7704526600765601	0.025362651930498057	0.021116921651383846
GOTERM_MF_FAT	GO:0016702~oxidoreductase activity, acting on single donors with incorporation of molecular oxygen, incorporation of two atoms of oxygen	3	4.615384615384616	0.003240162581429267	P09917, P23219, P35354	65	23	17305	34.725752508361204	0.7708600133611057	0.025362651930498057	0.021116921651383846
GOTERM_BP_FAT	GO:0038127~ERBB signaling pathway	4	6.153846153846154	0.0033170043195493207	P04626, P28482, P31749, P00533	65	89	19104	13.209334485738982	0.9999930122783984	0.014609543069580977	0.01074038636638288
GOTERM_BP_FAT	GO:0009059~macromolecule biosynthetic process	21	32.30769230769231	0.00338890195772869	P29474, O75469, P04637, P31749, P37231, P00749, Q07869, Q04206, P01106, Q14790, P00533, Q16236, P05231, Q16665, P42574, O14920, P60568, P29965, P01584, P06400, P01375	65	3226	19104	1.9132242834660689	0.999994599994069	0.014907829794343448	0.010959675543097956
GOTERM_MF_FAT	GO:0008083~growth factor activity	5	7.6923076923076925	0.0033895124127405487	P05231, P01344, P05112, P60568, P22301	65	167	17305	7.97098111469369	0.7859300610580131	0.02608201076922388	0.021715859186710634
KEGG_PATHWAY	hsa04921:Oxytocin signaling pathway	6	9.230769230769232	0.003415110418279944	P24385, P29474, P28482, P38936, P00533, P35354	63	154	9375	5.797773654916512	0.5320772489570522	0.006565255373072651	0.003415110418279944
GOTERM_BP_FAT	GO:0007422~peripheral nervous system development	4	6.153846153846154	0.003423252100761987	P04626, P28482, P31749, P19320	65	90	19104	13.062564102564105	0.999995225699248	0.015040413903962876	0.011057146391883124
GOTERM_BP_FAT	GO:0034764~positive regulation of transmembrane transport	5	7.6923076923076925	0.0035069184305867277	Q07812, P31749, P01579, P02778, Q16236	65	186	19104	7.900744416873449	0.9999964630376219	0.015351363522127197	0.011285744851373465
GOTERM_BP_FAT	GO:0002218~activation of innate immune response	5	7.6923076923076925	0.0035069184305867277	O15111, Q04206, O14920, P25963, P01375	65	186	19104	7.900744416873449	0.9999964630376219	0.015351363522127197	0.011285744851373465
GOTERM_BP_FAT	GO:0001763~morphogenesis of a branching structure	5	7.6923076923076925	0.0035069184305867277	P08581, P10415, P01106, P22301	65	186	19104	7.900744416873449	0.9999964630376219	0.015351363522127197	0.011285744851373465
GOTERM_MF_FAT	GO:0016701~oxidoreductase activity, acting on single donors with incorporation of molecular oxygen	3	4.615384615384616	0.0035263248380664855	P09917, P23219, P35354	65	24	17305	33.27884615384615	0.7988653847515687	0.026682524608036405	0.02221584647981886
GOTERM_BP_FAT	GO:0014910~regulation of smooth muscle cell migration	4	6.153846153846154	0.0035315659971993625	P00749, P10415, P09211, Q16236	65	91	19104	12.919019442096365	0.9999967622083797	0.015440335057522793	0.011351153376555113
GOTERM_BP_FAT	GO:0008610~lipid biosynthetic process	8	12.307692307692308	0.0036338495151539514	Q9UNQ0, P09917, P23219, P08684, P09488, P09211, P35354, P05177	65	594	19104	3.9583527583527585	0.9999977563175924	0.015868105706760286	0.01166563426258469
GOTERM_BP_FAT	GO:0097300~programmed necrotic cell death	3	4.615384615384616	0.0036740812623929156	P04637, Q07812, P01375	65	27	19104	32.656410256410254	0.9999980577574898	0.01600465642593597	0.011766021213468045
GOTERM_BP_FAT	GO:0061756~leukocyte adhesion to vascular endothelial cell	3	4.615384615384616	0.0036740812623929156	P19320, P05362, P01375	65	27	19104	32.656410256410254	0.9999980577574898	0.01600465642593597	0.011766021213468045
GOTERM_BP_FAT	GO:0034103~regulation of tissue remodeling	4	6.153846153846154	0.003754442301811	P37231, P04637, P05231, P60568	65	93	19104	12.641191066997518	0.9999985440730269	0.016334796470242254	0.012008727752199374
GOTERM_MF_FAT	GO:0019199~transmembrane receptor protein kinase activity	4	6.153846153846154	0.00383990870007534	P08581, P04626, P00533	65	85	17305	12.528506787330317	0.825647163147454	0.028301846156950482	0.023564092174729698
GOTERM_MF_FAT	GO:0036094~small molecule binding	37	56.92307692307692	0.0038650098276011673	Q9NRD8, P01583, O75469, P29474, P28482, P04637, P11802, P35354, P14780, P08581, Q07869, P04040, P08684, P09211, P05177, O14920, P31645, O96017, O15392, Q9UNQ0, P09917, O15111, P04626, P31749, P03956, P38936, P35228, P37231, P23219, Q04206, P09488, P05164, P08253, P08254, P00533, P09601	65	6756	17305	1.4580429931229222	0.8276303911286969	0.028301846156950482	0.023564092174729698
GOTERM_BP_FAT	GO:0071480~cellular response to gamma radiation	3	4.615384615384616	0.003948191342388165	O96017, P04637, P38936	65	28	19104	31.490109890109895	0.999999273341734	0.017156860675195288	0.012613078424709637
GOTERM_CC_FAT	GO:0101002~ficolin-1-rich granule	5	7.6923076923076925	0.004044997081410463	P14780, P09917, P28482, P04040, P09211	59	188	16775	7.561756220699603	0.6950439654328602	0.07407400905332912	0.06851213806638973
GOTERM_BP_FAT	GO:1905477~positive regulation of protein localization to membrane	4	6.153846153846154	0.004104561206700354	P31749, P01579, P00533, P01375	65	96	19104	12.246153846153847	0.9999995853278901	0.017771506218586263	0.013064942701569856
GOTERM_BP_FAT	GO:0097530~granulocyte migration	4	6.153846153846154	0.004104561206700354	P02778, P13500, P01584, P10145	65	96	19104	12.246153846153847	0.9999995853278901	0.017771506218586263	0.013064942701569856
GOTERM_BP_FAT	GO:2000142~regulation of DNA-templated transcription initiation	4	6.153846153846154	0.004104561206700354	P04637, P11802, P01106, P25963	65	96	19104	12.246153846153847	0.9999995853278901	0.017771506218586263	0.013064942701569856
GOTERM_BP_FAT	GO:0001822~kidney development	6	9.230769230769232	0.004177878274163245	P11926, P42224, P10415, Q07812, P04040, P01106	65	317	19104	5.562921620965785	0.9999996812405076	0.0180670474519505	0.013282213496310754
GOTERM_BP_FAT	GO:0050672~negative regulation of lymphocyte proliferation	4	6.153846153846154	0.004225529567489693	P04626, P42574, P60568, P22301	65	97	19104	12.119904837430612	0.9999997313362997	0.01818895820497637	0.013371837694923836
GOTERM_BP_FAT	GO:0072331~signal transduction by p53 class mediator	4	6.153846153846154	0.004225529567489693	O96017, P04637, Q07812, P38936	65	97	19104	12.119904837430612	0.9999997313362997	0.01818895820497637	0.013371837694923836
GOTERM_BP_FAT	GO:0002726~positive regulation of T cell cytokine production	3	4.615384615384616	0.0042315297503738416	P05231, P05112, P01584	65	29	19104	30.404244031830242	0.9999997370587245	0.01818895820497637	0.013371837694923836
GOTERM_BP_FAT	GO:0002360~T cell lineage commitment	3	4.615384615384616	0.0042315297503738416	P10415, P04637, P05231	65	29	19104	30.404244031830242	0.9999997370587245	0.01818895820497637	0.013371837694923836
GOTERM_BP_FAT	GO:0010165~response to X-ray	3	4.615384615384616	0.0042315297503738416	P24385, P04637, P42574	65	29	19104	30.404244031830242	0.9999997370587245	0.01818895820497637	0.013371837694923836
KEGG_PATHWAY	hsa04640:Hematopoietic cell lineage	5	7.6923076923076925	0.0042349909273226025	P01583, P05231, P05112, P01584, P01375	63	100	9375	7.440476190476191	0.6102167353137409	0.008071820314469576	0.0042349909273226025
GOTERM_BP_FAT	GO:1905897~regulation of response to endoplasmic reticulum stress	4	6.153846153846154	0.0043486482281800826	P09917, Q07812, P31749, Q16236	65	98	19104	11.996232339089483	0.999999827281446	0.018669917633484683	0.013725420970193386
GOTERM_BP_FAT	GO:0032945~negative regulation of mononuclear cell proliferation	4	6.153846153846154	0.004473928478055482	P04626, P42574, P60568, P22301	65	99	19104	11.875058275058276	0.9999998898267944	0.0191847209167037	0.01410388497403805
GOTERM_BP_FAT	GO:0050995~negative regulation of lipid catabolic process	3	4.615384615384616	0.004524033553696363	P31749, P01584, P01375	65	30	19104	29.39076923076923	0.9999999079603727	0.019353111202159774	0.014227679176055868
GOTERM_BP_FAT	GO:0036296~response to increased oxygen levels	3	4.615384615384616	0.004524033553696363	P37231, P04040, P08253	65	30	19104	29.39076923076923	0.9999999079603727	0.019353111202159774	0.014227679176055868
GOTERM_BP_FAT	GO:0002286~T cell activation involved in immune response	4	6.153846153846154	0.004601381425015928	P04637, P05362, P05231, P22301	65	100	19104	11.756307692307692	0.9999999302729368	0.0196369587218123	0.014436353192463352
GOTERM_BP_FAT	GO:1903035~negative regulation of response to wounding	4	6.153846153846154	0.004601381425015928	P00749, P09917, P29474, P01375	65	100	19104	11.756307692307692	0.9999999302729368	0.0196369587218123	0.014436353192463352
GOTERM_BP_FAT	GO:0033365~protein localization to organelle	9	13.846153846153847	0.004610918744334978	P29474, P04626, P04637, Q07812, P31749, P38936, P00533, P25963, P06400	65	787	19104	3.3610790734043596	0.9999999326196123	0.01965417870496962	0.014449012676161875
GOTERM_CC_FAT	GO:0070161~anchoring junction	10	15.384615384615385	0.0046940983058548665	P31645, Q9NRD8, P00749, P24385, P28482, P11802, P31749, P04040, P05362, P00533	59	940	16775	3.024702488279841	0.7480712587031411	0.07784731995512233	0.07200212869569335
GOTERM_BP_FAT	GO:0007548~sex differentiation	6	9.230769230769232	0.004700824008159879	P24385, P29474, P10415, Q07812, P08253, P42574	65	326	19104	5.409344030202926	0.999999951205389	0.020013520091951238	0.014713186943298978
GOTERM_CC_FAT	GO:0061695~transferase complex, transferring phosphorus-containing groups	6	9.230769230769232	0.0047824292122600745	P24385, O15111, P11802, P38936, O14920, P06400	59	318	16775	5.364566677326511	0.7545380109039246	0.07784731995512233	0.07200212869569335
GOTERM_BP_FAT	GO:0050877~nervous system process	13	20.0	0.004787340198800797	P31645, O15392, P08581, O15111, P28482, P31749, P01106, P00533, Q16665, P42574, P13500, P01375	65	1546	19104	2.471410090556274	0.9999999642330589	0.020357594273948152	0.014966137335774872
GOTERM_BP_FAT	GO:0072001~renal system development	6	9.230769230769232	0.004823091397555992	P11926, P42224, P10415, Q07812, P04040, P01106	65	328	19104	5.376360225140713	0.9999999685415313	0.020447433608056283	0.015032183833918198
GOTERM_BP_FAT	GO:0042531~positive regulation of tyrosine phosphorylation of STAT protein	3	4.615384615384616	0.004825640126425377	P01579, P05112, P22301	65	31	19104	28.44267990074442	0.9999999688280868	0.020447433608056283	0.015032183833918198
GOTERM_BP_FAT	GO:0110075~regulation of ferroptosis	3	4.615384615384616	0.004825640126425377	P09211, Q16236, P09601	65	31	19104	28.44267990074442	0.9999999688280868	0.020447433608056283	0.015032183833918198
GOTERM_BP_FAT	GO:0060562~epithelial tube morphogenesis	6	9.230769230769232	0.004885067936506229	P08581, P10415, P01106, Q16665, P42574	65	329	19104	5.360018704699556	0.9999999748175856	0.020674718802369964	0.015199275356949477
GOTERM_BP_FAT	GO:0010660~regulation of muscle cell apoptotic process	4	6.153846153846154	0.004996884854519695	P37231, P04637, P01579, Q16236	65	103	19104	11.413890963405526	0.99999998314512	0.02109795827463871	0.015510425092161606
GOTERM_BP_FAT	GO:0046620~regulation of organ growth	4	6.153846153846154	0.004996884854519695	P31645, Q07869, P31749, P01344	65	103	19104	11.413890963405526	0.99999998314512	0.02109795827463871	0.015510425092161606
GOTERM_MF_FAT	GO:0004175~endopeptidase activity	7	10.76923076923077	0.005054889951937738	P00749, P14780, P03956, Q14790, P08253, P08254, P42574	65	430	17305	4.333989266547406	0.8998153146907193	0.0364273021933291	0.030329339711626428
GOTERM_BP_FAT	GO:1903532~positive regulation of secretion by cell	6	9.230769230769232	0.005074402529558541	P01583, P31645, P37231, P01579, Q16665, P01584	65	332	19104	5.311584800741427	0.9999999872406059	0.021374723862715925	0.015713892738939538
GOTERM_BP_FAT	GO:0006468~protein phosphorylation	6	9.230769230769232	0.005074402529558541	O96017, P04626, P28482, P31749, O14920, P13500	65	332	19104	5.311584800741427	0.9999999872406059	0.021374723862715925	0.015713892738939538
GOTERM_BP_FAT	GO:0043279~response to alkaloid	4	6.153846153846154	0.005133136110868399	P31645, P37231, P01106, P42574	65	104	19104	11.30414201183432	0.9999999896670672	0.021518508434342477	0.01581959774596398
GOTERM_BP_FAT	GO:0055082~intracellular chemical homeostasis	8	12.307692307692308	0.005133929709632531	P01583, P10415, Q07812, P01106, P05362, Q16665, P09211, P09601	65	633	19104	3.714473204520598	0.9999999896964757	0.021518508434342477	0.01581959774596398
GOTERM_BP_FAT	GO:1904036~negative regulation of epithelial cell apoptotic process	3	4.615384615384616	0.00513628714795353	P10415, Q07869, P06400	65	32	19104	27.553846153846155	0.9999999897833434	0.021518508434342477	0.01581959774596398
GOTERM_BP_FAT	GO:0010039~response to iron ion	3	4.615384615384616	0.00513628714795353	P24385, P10415, Q16665	65	32	19104	27.553846153846155	0.9999999897833434	0.021518508434342477	0.01581959774596398
GOTERM_BP_FAT	GO:0045089~positive regulation of innate immune response	6	9.230769230769232	0.005138658369119298	O15111, Q04206, P00533, O14920, P25963, P01375	65	333	19104	5.295634095634096	0.9999999898699802	0.021518508434342477	0.01581959774596398
GOTERM_BP_FAT	GO:0000077~DNA damage checkpoint signaling	4	6.153846153846154	0.005271612945474285	O96017, P24385, P04637, P38936	65	105	19104	11.196483516483516	0.9999999937162248	0.022049416207534128	0.016209901164889313
KEGG_PATHWAY	hsa05320:Autoimmune thyroid disease	4	6.153846153846154	0.005375533717063349	P05112, P60568, P29965, P22301	63	54	9375	11.022927689594354	0.6977762139660888	0.010158847617840057	0.005375533717063349
GOTERM_BP_FAT	GO:0051051~negative regulation of transport	7	10.76923076923077	0.00539457137385448	P14780, P29474, P10415, P31749, P25963, P01584, P01375	65	481	19104	4.27724292339677	0.9999999959598375	0.022537320406325386	0.016568589973967093
GOTERM_MF_FAT	GO:0004252~serine-type endopeptidase activity	5	7.6923076923076925	0.005455303416364268	P00749, P14780, P03956, P08253, P08254	65	191	17305	6.969391864679824	0.9165483634014158	0.038269465356032324	0.03186312313784189
GOTERM_BP_FAT	GO:1903055~positive regulation of extracellular matrix organization	3	4.615384615384616	0.00545591260124939	P00749, P05231, P06400	65	33	19104	26.718881118881118	0.9999999967588857	0.022661069548445142	0.01665956568707081
GOTERM_BP_FAT	GO:0010893~positive regulation of steroid biosynthetic process	3	4.615384615384616	0.00545591260124939	P28482, P01579, P01375	65	33	19104	26.718881118881118	0.9999999967588857	0.022661069548445142	0.01665956568707081
GOTERM_BP_FAT	GO:1902042~negative regulation of extrinsic apoptotic signaling pathway via death domain receptors	3	4.615384615384616	0.00545591260124939	P29474, P05362, P09601	65	33	19104	26.718881118881118	0.9999999967588857	0.022661069548445142	0.01665956568707081
GOTERM_BP_FAT	GO:0048009~insulin-like growth factor receptor signaling pathway	3	4.615384615384616	0.00545591260124939	P28482, P31749, P01344	65	33	19104	26.718881118881118	0.9999999967588857	0.022661069548445142	0.01665956568707081
GOTERM_BP_FAT	GO:0045742~positive regulation of epidermal growth factor receptor signaling pathway	3	4.615384615384616	0.00545591260124939	P00749, P14780, P00533	65	33	19104	26.718881118881118	0.9999999967588857	0.022661069548445142	0.01665956568707081
GOTERM_CC_FAT	GO:0048471~perinuclear region of cytoplasm	9	13.846153846153847	0.005475132562810211	P37231, P42224, P09917, P04626, P31749, P01106, P00533, P09601, P35228	59	788	16775	3.2473328744730274	0.7998366665782964	0.08116363588700136	0.07506943797057122
GOTERM_MF_FAT	GO:0051721~protein phosphatase 2A binding	3	4.615384615384616	0.005479108476083923	P42224, P10415, P04637	65	30	17305	26.623076923076926	0.917450315131162	0.038269465356032324	0.03186312313784189
GOTERM_BP_FAT	GO:0031334~positive regulation of protein-containing complex assembly	5	7.6923076923076925	0.005479360220580137	P04637, Q07812, P03956, P08254, P01375	65	211	19104	6.964637258476121	0.9999999970207302	0.02273202637388182	0.016711730475311774
GOTERM_BP_FAT	GO:0048608~reproductive structure development	6	9.230769230769232	0.00560475555485138	P24385, P29474, P10415, Q07812, P08253, P42574	65	340	19104	5.186606334841629	0.9999999981013487	0.023225274758618474	0.017074348128816384
GOTERM_BP_FAT	GO:0071677~positive regulation of mononuclear cell migration	4	6.153846153846154	0.005700496585920706	P28482, P02778, P13500, P01375	65	108	19104	10.885470085470086	0.999999998654028	0.023594639403138776	0.017345891117761036
GOTERM_CC_FAT	GO:0034774~secretory granule lumen	6	9.230769230769232	0.005726955429834405	P09917, P28482, P04040, P05164, P09211, P01344	59	332	16775	5.138350010210333	0.8141510951314944	0.08116363588700136	0.07506943797057122
GOTERM_BP_FAT	GO:0032682~negative regulation of chemokine production	3	4.615384615384616	0.005784454772571289	P05231, P09211, P22301	65	34	19104	25.933031674208145	0.9999999990045881	0.023831686790801207	0.017520159438030224
GOTERM_BP_FAT	GO:0042771~intrinsic apoptotic signaling pathway in response to DNA damage by p53 class mediator	3	4.615384615384616	0.005784454772571289	O96017, P04637, P38936	65	34	19104	25.933031674208145	0.9999999990045881	0.023831686790801207	0.017520159438030224
GOTERM_BP_FAT	GO:2000191~regulation of fatty acid transport	3	4.615384615384616	0.005784454772571289	Q07869, P31749, P01584	65	34	19104	25.933031674208145	0.9999999990045881	0.023831686790801207	0.017520159438030224
GOTERM_BP_FAT	GO:0034142~toll-like receptor 4 signaling pathway	3	4.615384615384616	0.005784454772571289	O15111, Q04206, P25963	65	34	19104	25.933031674208145	0.9999999990045881	0.023831686790801207	0.017520159438030224
GOTERM_BP_FAT	GO:0007155~cell adhesion	10	15.384615384615385	0.005872892884728694	P31645, P10415, P19320, P05362, P00533, P13500, P60568, P29965, P01584, P01375	65	1000	19104	2.939076923076923	0.9999999992756211	0.02416817210167154	0.01776753077799257
GOTERM_CC_FAT	GO:0098552~side of membrane	9	13.846153846153847	0.005942626105304217	P00749, Q9UNQ0, O15111, P19320, P02778, P05362, O14920, P29965, P01375	59	799	16775	3.2026261640610088	0.8255964925472404	0.08116363588700136	0.07506943797057122
GOTERM_BP_FAT	GO:0034504~protein localization to nucleus	5	7.6923076923076925	0.005947298072395576	P29474, P04637, P31749, P38936, P25963	65	216	19104	6.803418803418803	0.9999999994456011	0.02439575035153027	0.017934837744434072
GOTERM_BP_FAT	GO:0042391~regulation of membrane potential	7	10.76923076923077	0.005951573004808766	P31645, P08581, P10415, Q07812, P31749, P01375	65	491	19104	4.190130032899891	0.9999999994540548	0.02439575035153027	0.017934837744434072
GOTERM_BP_FAT	GO:0050890~cognition	6	9.230769230769232	0.005955513523665845	P31645, P28482, Q16665, P00533, P42574, P01375	65	345	19104	5.1114381270903015	0.999999999461733	0.02439575035153027	0.017934837744434072
GOTERM_BP_FAT	GO:0061458~reproductive system development	6	9.230769230769232	0.005955513523665845	P24385, P29474, P10415, Q07812, P08253, P42574	65	345	19104	5.1114381270903015	0.999999999461733	0.02439575035153027	0.017934837744434072
GOTERM_CC_FAT	GO:0060205~cytoplasmic vesicle lumen	6	9.230769230769232	0.006094197916430137	P09917, P28482, P04040, P05164, P09211, P01344	59	337	16775	5.062113363174571	0.8332172307401365	0.08116363588700136	0.07506943797057122
GOTERM_BP_FAT	GO:0042509~regulation of tyrosine phosphorylation of STAT protein	3	4.615384615384616	0.0061218522493400075	P01579, P05112, P22301	65	35	19104	25.192087912087914	0.9999999997039833	0.024934157622169335	0.018330654511706793
GOTERM_BP_FAT	GO:0046320~regulation of fatty acid oxidation	3	4.615384615384616	0.0061218522493400075	P37231, Q07869, P31749	65	35	19104	25.192087912087914	0.9999999997039833	0.024934157622169335	0.018330654511706793
GOTERM_BP_FAT	GO:0001774~microglial cell activation	3	4.615384615384616	0.0061218522493400075	P01579, P01584, P01375	65	35	19104	25.192087912087914	0.9999999997039833	0.024934157622169335	0.018330654511706793
GOTERM_BP_FAT	GO:0032647~regulation of interferon-alpha production	3	4.615384615384616	0.0061218522493400075	P42224, O15111, P22301	65	35	19104	25.192087912087914	0.9999999997039833	0.024934157622169335	0.018330654511706793
GOTERM_BP_FAT	GO:1901186~positive regulation of ERBB signaling pathway	3	4.615384615384616	0.0061218522493400075	P00749, P14780, P00533	65	35	19104	25.192087912087914	0.9999999997039833	0.024934157622169335	0.018330654511706793
GOTERM_BP_FAT	GO:0033036~macromolecule localization	17	26.153846153846157	0.006153232494241023	O15392, Q9UNQ0, P29474, P04626, P04637, P31749, P38936, P35354, P35228, P37231, Q07812, P00533, Q16665, O14920, P25963, P06400, P01375	65	2461	19104	2.0302441159003535	0.9999999997355633	0.025033424224862114	0.018403631583003333
GOTERM_MF_FAT	GO:0004860~protein kinase inhibitor activity	4	6.153846153846154	0.0062133905452573385	P31749, P38936, P09211, P42574	65	101	17305	10.543792840822544	0.9409682232529788	0.04274059556889139	0.03558578221374658
GOTERM_BP_FAT	GO:0002709~regulation of T cell mediated immunity	4	6.153846153846154	0.0064607190380995706	P35869, P05231, P05112, P01584	65	113	19104	10.403812117086453	0.9999999999124702	0.02625437827395484	0.01930123106030386
GOTERM_BP_FAT	GO:0043500~muscle adaptation	3	4.615384615384616	0.0064680439196753235	P29474, P09601, P01584	65	36	19104	24.492307692307694	0.9999999999147459	0.02625437827395484	0.01930123106030386
GOTERM_MF_FAT	GO:0001217~DNA-binding transcription repressor activity	6	9.230769230769232	0.0064733530586647756	P37231, Q07869, Q04206, P04637, P01106, Q16665	65	319	17305	5.007475283337353	0.9475794094763477	0.04386421326319116	0.03652130531604903
GOTERM_BP_FAT	GO:0032526~response to retinoic acid	4	6.153846153846154	0.006619658121068063	P31645, P37231, P08253, P01375	65	114	19104	10.31255060728745	0.9999999999505802	0.02683929490176518	0.01973123975700878
GOTERM_BP_FAT	GO:1990268~response to gold nanoparticle	2	3.076923076923077	0.0066891192251701615	P05164, P01375	65	2	19104	293.90769230769234	0.9999999999615059	0.02696787118770634	0.019825764204623977
GOTERM_BP_FAT	GO:0002439~chronic inflammatory response to antigenic stimulus	2	3.076923076923077	0.0066891192251701615	P22301, P01375	65	2	19104	293.90769230769234	0.9999999999615059	0.02696787118770634	0.019825764204623977
GOTERM_BP_FAT	GO:0014900~muscle hyperplasia	2	3.076923076923077	0.0066891192251701615	P29474, P09601	65	2	19104	293.90769230769234	0.9999999999615059	0.02696787118770634	0.019825764204623977
GOTERM_BP_FAT	GO:0014806~smooth muscle hyperplasia	2	3.076923076923077	0.0066891192251701615	P29474, P09601	65	2	19104	293.90769230769234	0.9999999999615059	0.02696787118770634	0.019825764204623977
GOTERM_BP_FAT	GO:0060557~positive regulation of vitamin D biosynthetic process	2	3.076923076923077	0.0066891192251701615	P01579, P01375	65	2	19104	293.90769230769234	0.9999999999615059	0.02696787118770634	0.019825764204623977
GOTERM_BP_FAT	GO:0051047~positive regulation of secretion	6	9.230769230769232	0.006703120543433649	P01583, P31645, P37231, P01579, Q16665, P01584	65	355	19104	4.967453954496209	0.9999999999633966	0.026993851838945874	0.019844864201867825
GOTERM_BP_FAT	GO:0038061~non-canonical NF-kappaB signal transduction	3	4.615384615384616	0.006822968969167936	O15111, Q04206, P25963	65	37	19104	23.83035343035343	0.9999999999762161	0.027383870963896478	0.020131591587679774
GOTERM_BP_FAT	GO:0071392~cellular response to estradiol stimulus	3	4.615384615384616	0.006822968969167936	P08253, P00533, P22301	65	37	19104	23.83035343035343	0.9999999999762161	0.027383870963896478	0.020131591587679774
GOTERM_BP_FAT	GO:0140895~cell surface toll-like receptor signaling pathway	3	4.615384615384616	0.006822968969167936	O15111, Q04206, P25963	65	37	19104	23.83035343035343	0.9999999999762161	0.027383870963896478	0.020131591587679774
GOTERM_CC_FAT	GO:0031965~nuclear membrane	6	9.230769230769232	0.006878101995779767	P24385, P09917, P10415, P11802, P00533, P35354	59	347	16775	4.916231133688273	0.8676422100774788	0.08369760137100522	0.07741313983461576
GOTERM_MF_FAT	GO:0004674~protein serine/threonine kinase activity	7	10.76923076923077	0.006899460619716296	O96017, O15111, P28482, P11802, P31749, P00533, O14920	65	459	17305	4.060164236634825	0.9568559543592651	0.04550951477020186	0.037891181901181285
GOTERM_CC_FAT	GO:0097128~cyclin D1-CDK4 complex	2	3.076923076923077	0.0069033030860300255	P24385, P11802	59	2	16775	284.3220338983051	0.8686226610609538	0.08369760137100522	0.07741313983461576
GOTERM_MF_FAT	GO:0019210~kinase inhibitor activity	4	6.153846153846154	0.006916644315294996	P31749, P38936, P09211, P42574	65	105	17305	10.142124542124543	0.957193551772351	0.04550951477020186	0.037891181901181285
GOTERM_BP_FAT	GO:0008544~epidermis development	6	9.230769230769232	0.006939705010392893	P10415, Q07869, Q04206, P38936, P00533, P42574	65	358	19104	4.925827245380319	0.9999999999843727	0.02780914238510886	0.020444235135301195
GOTERM_BP_FAT	GO:0097306~cellular response to alcohol	4	6.153846153846154	0.006944500282059659	P37231, P35869, P11802, P31749	65	116	19104	10.13474801061008	0.9999999999846401	0.02780914238510886	0.020444235135301195
GOTERM_BP_FAT	GO:0031570~DNA integrity checkpoint signaling	4	6.153846153846154	0.007110419986283032	O96017, P24385, P04637, P38936	65	117	19104	10.048126232741618	0.9999999999915452	0.028441679945132126	0.020909252949584817
GOTERM_CC_FAT	GO:0031981~nuclear lumen	28	43.07692307692308	0.007141433564078944	P24385, O75469, P28482, P04637, P11802, P42224, P08581, Q07869, Q16236, P25963, P06400, O96017, P35869, O15392, Q9UNQ0, P09917, O15111, P04626, P31749, P38936, P35228, P37231, Q04206, P01106, P05164, Q16665, P42574, P09601	59	5111	16775	1.5576241340544985	0.8775371191238996	0.08369760137100522	0.07741313983461576
KEGG_PATHWAY	hsa04650:Natural killer cell mediated cytotoxicity	5	7.6923076923076925	0.007150695804848944	P28482, P01579, P05362, P42574, P01375	63	116	9375	6.414203612479474	0.7967172421759973	0.013400043399002642	0.007150695804848944
GOTERM_BP_FAT	GO:0002833~positive regulation of response to biotic stimulus	6	9.230769230769232	0.007182097060687984	O15111, Q04206, P00533, O14920, P25963, P01375	65	361	19104	4.884892392925634	0.9999999999934674	0.028554412575658286	0.020992129737871963
GOTERM_BP_FAT	GO:0002269~leukocyte activation involved in inflammatory response	3	4.615384615384616	0.007186566882843449	P01579, P01584, P01375	65	38	19104	23.203238866396763	0.9999999999935717	0.028554412575658286	0.020992129737871963
GOTERM_BP_FAT	GO:0070229~negative regulation of lymphocyte apoptotic process	3	4.615384615384616	0.007186566882843449	P10415, Q16665, P60568	65	38	19104	23.203238866396763	0.9999999999935717	0.028554412575658286	0.020992129737871963
GOTERM_BP_FAT	GO:0072678~T cell migration	3	4.615384615384616	0.007186566882843449	P02778, P05362, P13500	65	38	19104	23.203238866396763	0.9999999999935717	0.028554412575658286	0.020992129737871963
GOTERM_BP_FAT	GO:0014002~astrocyte development	3	4.615384615384616	0.007186566882843449	P01579, P01584, P01375	65	38	19104	23.203238866396763	0.9999999999935717	0.028554412575658286	0.020992129737871963
GOTERM_BP_FAT	GO:0010661~positive regulation of muscle cell apoptotic process	3	4.615384615384616	0.007186566882843449	P37231, P04637, P01579	65	38	19104	23.203238866396763	0.9999999999935717	0.028554412575658286	0.020992129737871963
KEGG_PATHWAY	hsa04370:VEGF signaling pathway	4	6.153846153846154	0.007211212876514535	P29474, P28482, P31749, P35354	63	60	9375	9.92063492063492	0.7994495285036494	0.013400837262189512	0.007211212876514535
GOTERM_MF_FAT	GO:0005008~hepatocyte growth factor receptor activity	2	3.076923076923077	0.007383241276228908	P08581	65	2	17305	266.2307692307692	0.9654181765246034	0.047885593420113205	0.039869502891636106
GOTERM_BP_FAT	GO:0016310~phosphorylation	6	9.230769230769232	0.0074303689346253855	O96017, P04626, P28482, P31749, O14920, P13500	65	364	19104	4.844632290786137	0.999999999997327	0.029490308704979862	0.021680165358140293
GOTERM_MF_FAT	GO:0008236~serine-type peptidase activity	5	7.6923076923076925	0.007589864105580984	P00749, P14780, P03956, P08253, P08254	65	210	17305	6.338827838827839	0.9685369494345311	0.04833471187520989	0.04024343852165053
GOTERM_BP_FAT	GO:1901655~cellular response to ketone	4	6.153846153846154	0.007622270026893907	P37231, P35869, P11802, P31749	65	120	19104	9.796923076923077	0.9999999999986604	0.030218366854678175	0.022215406315897225
GOTERM_MF_FAT	GO:0004222~metalloendopeptidase activity	4	6.153846153846154	0.0076654168612667675	P14780, P03956, P08253, P08254	65	109	17305	9.769936485532817	0.969605877163084	0.04833471187520989	0.04024343852165053
GOTERM_BP_FAT	GO:0030855~epithelial cell differentiation	8	12.307692307692308	0.007691547589871608	P37231, P08581, P31749, P05362, P38936, Q16665, P42574	65	683	19104	3.4425498366933214	0.9999999999989562	0.030459210633061402	0.022392465599781423
GOTERM_BP_FAT	GO:1901889~negative regulation of cell junction assembly	3	4.615384615384616	0.007939540719498494	O14920, P01584, P01375	65	40	19104	22.043076923076928	0.9999999999995727	0.031302471799170666	0.023012399480577313
GOTERM_BP_FAT	GO:0045191~regulation of isotype switching	3	4.615384615384616	0.007939540719498494	P05112, P60568, P22301	65	40	19104	22.043076923076928	0.9999999999995727	0.031302471799170666	0.023012399480577313
GOTERM_BP_FAT	GO:0070059~intrinsic apoptotic signaling pathway in response to endoplasmic reticulum stress	3	4.615384615384616	0.007939540719498494	P10415, P04637, Q07812	65	40	19104	22.043076923076928	0.9999999999995727	0.031302471799170666	0.023012399480577313
GOTERM_BP_FAT	GO:0045940~positive regulation of steroid metabolic process	3	4.615384615384616	0.007939540719498494	P28482, P01579, P01375	65	40	19104	22.043076923076928	0.9999999999995727	0.031302471799170666	0.023012399480577313
GOTERM_MF_FAT	GO:0030554~adenyl nucleotide binding	14	21.53846153846154	0.007967926564693674	O96017, Q9UNQ0, P29474, O15111, P04626, P28482, P31749, P11802, P35228, P08581, P04040, P00533, O14920	65	1687	17305	2.209383977018832	0.9735348741425079	0.04955395425165655	0.04125857865005766
GOTERM_CC_FAT	GO:0031967~organelle envelope	12	18.461538461538463	0.008127112972872459	P24385, Q9UNQ0, P09917, P10415, Q07812, P11802, P31749, P01106, Q14790, P00533, P35354, P09601	59	1409	16775	2.4214793518663313	0.9084594439742661	0.09158631157890887	0.08470952367878601
GOTERM_BP_FAT	GO:1903076~regulation of protein localization to plasma membrane	4	6.153846153846154	0.00815541785408698	P31749, P01579, P00533, P01375	65	123	19104	9.55797373358349	0.9999999999998036	0.03211813955325104	0.023612047723078733
GOTERM_BP_FAT	GO:1902253~regulation of intrinsic apoptotic signaling pathway by p53 class mediator	3	4.615384615384616	0.008328797087307492	P10415, P04637, P01106	65	41	19104	21.505440900562853	0.9999999999998949	0.03272855233112897	0.024060800229995714
GOTERM_BP_FAT	GO:0016242~negative regulation of macroautophagy	3	4.615384615384616	0.008328797087307492	P04637, P31749, P09601	65	41	19104	21.505440900562853	0.9999999999998949	0.03272855233112897	0.024060800229995714
GOTERM_BP_FAT	GO:0008203~cholesterol metabolic process	4	6.153846153846154	0.008337901069800495	P08684, P04040, P05177, P05112	65	124	19104	9.48089330024814	0.9999999999998982	0.03272855233112897	0.024060800229995714
GOTERM_MF_FAT	GO:0017171~serine hydrolase activity	5	7.6923076923076925	0.008363701327317202	P00749, P14780, P03956, P08253, P08254	65	216	17305	6.162749287749288	0.9779201199540268	0.05131243787300013	0.04272269056386355
GOTERM_BP_FAT	GO:1901654~response to ketone	5	7.6923076923076925	0.008565519185396442	P37231, P24385, P35869, P11802, P31749	65	240	19104	6.1230769230769235	0.9999999999999551	0.03354828347613606	0.024663435724617388
GOTERM_BP_FAT	GO:0044092~negative regulation of molecular function	5	7.6923076923076925	0.008565519185396442	P04637, Q07812, P08253, P22301, P06400	65	240	19104	6.1230769230769235	0.9999999999999551	0.03354828347613606	0.024663435724617388
GOTERM_BP_FAT	GO:0051924~regulation of calcium ion transport	5	7.6923076923076925	0.008688561132330637	P29474, P10415, Q07812, P02778, P13500	65	241	19104	6.097669964889882	0.9999999999999712	0.033992924824408584	0.024990319313800934
GOTERM_BP_FAT	GO:0061900~glial cell activation	3	4.615384615384616	0.008726487207428415	P01579, P01584, P01375	65	42	19104	20.993406593406593	0.9999999999999749	0.03406668011468229	0.0250445414280951
GOTERM_BP_FAT	GO:0007595~lactation	3	4.615384615384616	0.008726487207428415	P24385, Q07869, Q16665	65	42	19104	20.993406593406593	0.9999999999999749	0.03406668011468229	0.0250445414280951
GOTERM_BP_FAT	GO:1902749~regulation of cell cycle G2/M phase transition	4	6.153846153846154	0.008899750549573428	P24385, P04637, P11802, P38936	65	127	19104	9.25693519079346	0.9999999999999866	0.034705140789384595	0.025513913693427752
GOTERM_BP_FAT	GO:0032107~regulation of response to nutrient levels	3	4.615384615384616	0.009132552032350704	P10415, Q07869, Q07812	65	43	19104	20.505187835420394	0.9999999999999942	0.03553537675332975	0.02612427193567859
GOTERM_BP_FAT	GO:0002724~regulation of T cell cytokine production	3	4.615384615384616	0.009132552032350704	P05231, P05112, P01584	65	43	19104	20.505187835420394	0.9999999999999942	0.03553537675332975	0.02612427193567859
GOTERM_MF_FAT	GO:0016709~oxidoreductase activity, acting on paired donors, with incorporation or reduction of molecular oxygen, NAD(P)H as one donor, and incorporation of one atom of oxygen	3	4.615384615384616	0.009136257375694077	P29474, P08684, P35228	65	39	17305	20.4792899408284	0.9845001512985617	0.05530481131420148	0.046046737173498144
GOTERM_BP_FAT	GO:0050866~negative regulation of cell activation	5	7.6923076923076925	0.009192318030768455	P29474, P04626, P42574, P60568, P22301	65	245	19104	5.998116169544741	0.9999999999999953	0.03572900979967891	0.026266623665721398
GOTERM_MF_FAT	GO:0043565~sequence-specific DNA binding	14	21.53846153846154	0.009366129771967827	P35869, O75469, P10415, P04637, P37231, P42224, P08581, Q07869, Q04206, P01106, Q16236, Q16665, P06400, P01375	65	1721	17305	2.1657354847360657	0.9860498019482872	0.05558720957721985	0.0462818617184782
KEGG_PATHWAY	hsa05020:Prion disease	7	10.76923076923077	0.009372692011717029	P01583, P28482, Q07812, P05231, P42574, P01584, P01375	63	275	9375	3.7878787878787876	0.8763808788057954	0.017273638996800806	0.009372692011717029
GOTERM_MF_FAT	GO:0097367~carbohydrate derivative binding	17	26.153846153846157	0.00942778664635667	O96017, Q9UNQ0, P29474, O15111, P04626, P28482, P31749, P11802, P35228, P10145, P08581, P02778, P05164, P00533, O14920, P60568	65	2332	17305	1.9407903417337378	0.9864384857386315	0.05558720957721985	0.0462818617184782
GOTERM_BP_FAT	GO:0030163~protein catabolic process	9	13.846153846153847	0.009454469492637754	O96017, Q04206, P31749, Q14790, P08253, P00533, P08254, Q16236, P42574	65	890	19104	2.9721002592912704	0.9999999999999982	0.03670800546489354	0.026986344443116022
GOTERM_BP_FAT	GO:0030278~regulation of ossification	4	6.153846153846154	0.009483339015974021	P09917, P10415, P28482, Q16665	65	130	19104	9.043313609467456	0.9999999999999983	0.03678011614012943	0.027039357498314636
GOTERM_BP_FAT	GO:0032735~positive regulation of interleukin-12 production	3	4.615384615384616	0.00954693280663159	Q04206, P01579, P29965	65	44	19104	20.03916083916084	0.9999999999999987	0.03694652652793937	0.027161696154078614
GOTERM_BP_FAT	GO:0006953~acute-phase response	3	4.615384615384616	0.00954693280663159	P01583, P05231, P01584	65	44	19104	20.03916083916084	0.9999999999999987	0.03694652652793937	0.027161696154078614
GOTERM_BP_FAT	GO:0045732~positive regulation of protein catabolic process	5	7.6923076923076925	0.00958242271926392	P31749, P01579, Q16236, P01584, P01375	65	248	19104	5.925558312655087	0.9999999999999989	0.037043738044600344	0.027233162403449192
GOTERM_BP_FAT	GO:0006006~glucose metabolic process	4	6.153846153846154	0.00988455925154272	Q07869, P31749, P01344, P01375	65	132	19104	8.906293706293706	0.9999999999999997	0.038170427725957405	0.028061462264379656
GOTERM_BP_FAT	GO:0002714~positive regulation of B cell mediated immunity	3	4.615384615384616	0.009969571063069955	P05112, P60568, P01375	65	45	19104	19.593846153846158	0.9999999999999997	0.038350731209756406	0.02819401460157344
GOTERM_BP_FAT	GO:0002891~positive regulation of immunoglobulin mediated immune response	3	4.615384615384616	0.009969571063069955	P05112, P60568, P01375	65	45	19104	19.593846153846158	0.9999999999999997	0.038350731209756406	0.02819401460157344
GOTERM_BP_FAT	GO:0048873~homeostasis of number of cells within a tissue	3	4.615384615384616	0.009969571063069955	P29474, P10415, Q07812	65	45	19104	19.593846153846158	0.9999999999999997	0.038350731209756406	0.02819401460157344
GOTERM_BP_FAT	GO:1990267~response to transition metal nanoparticle	2	3.076923076923077	0.010017142278472209	P05164, P01375	65	3	19104	195.93846153846155	0.9999999999999998	0.038350731209756406	0.02819401460157344
GOTERM_BP_FAT	GO:0006808~regulation of nitrogen utilization	2	3.076923076923077	0.010017142278472209	P10415, Q07812	65	3	19104	195.93846153846155	0.9999999999999998	0.038350731209756406	0.02819401460157344
GOTERM_BP_FAT	GO:0002874~regulation of chronic inflammatory response to antigenic stimulus	2	3.076923076923077	0.010017142278472209	P22301, P01375	65	3	19104	195.93846153846155	0.9999999999999998	0.038350731209756406	0.02819401460157344
GOTERM_BP_FAT	GO:0001660~fever generation	2	3.076923076923077	0.010017142278472209	P01583, P01584	65	3	19104	195.93846153846155	0.9999999999999998	0.038350731209756406	0.02819401460157344
GOTERM_BP_FAT	GO:0046136~positive regulation of vitamin metabolic process	2	3.076923076923077	0.010017142278472209	P01579, P01375	65	3	19104	195.93846153846155	0.9999999999999998	0.038350731209756406	0.02819401460157344
GOTERM_BP_FAT	GO:0090287~regulation of cellular response to growth factor stimulus	6	9.230769230769232	0.010044013811034909	P37231, Q07869, P04637, Q16665, P05112, P01584	65	392	19104	4.498587127158555	0.9999999999999998	0.038412438258047854	0.028239379301689155
GOTERM_MF_FAT	GO:0050839~cell adhesion molecule binding	8	12.307692307692308	0.010171418085755415	P31645, P42224, P19320, P05362, P00533, P01344, P29965, P01584	65	653	17305	3.2616327011426556	0.9903564809852242	0.05920286937093536	0.04929225687712239
GOTERM_BP_FAT	GO:0044093~positive regulation of molecular function	6	9.230769230769232	0.01025204126750802	P14780, P04626, P31749, P38936, P01375, P06400	65	394	19104	4.4757516595080045	0.9999999999999999	0.03916608706688625	0.028793433549172257
GOTERM_BP_FAT	GO:0035272~exocrine system development	3	4.615384615384616	0.010400408620734481	P00533, P01344, P01375	65	46	19104	19.167892976588632	0.9999999999999999	0.03956364173936482	0.029085700785994404
GOTERM_BP_FAT	GO:0030330~DNA damage response, signal transduction by p53 class mediator	3	4.615384615384616	0.010400408620734481	O96017, P04637, P38936	65	46	19104	19.167892976588632	0.9999999999999999	0.03956364173936482	0.029085700785994404
GOTERM_BP_FAT	GO:0032872~regulation of stress-activated MAPK cascade	3	4.615384615384616	0.010400408620734481	P28482, P01106, P09211	65	46	19104	19.167892976588632	0.9999999999999999	0.03956364173936482	0.029085700785994404
GOTERM_BP_FAT	GO:0014044~Schwann cell development	3	4.615384615384616	0.010400408620734481	P04626, P28482, P31749	65	46	19104	19.167892976588632	0.9999999999999999	0.03956364173936482	0.029085700785994404
GOTERM_BP_FAT	GO:1902652~secondary alcohol metabolic process	4	6.153846153846154	0.01050474970180755	P08684, P04040, P05177, P05112	65	135	19104	8.708376068376069	1.0	0.03991804886686869	0.029346247571219817
GOTERM_BP_FAT	GO:0006508~proteolysis	8	12.307692307692308	0.010788564657259997	P00749, P14780, P03956, P01106, Q14790, P08253, P08254, P42574	65	729	19104	3.225324469768914	1.0	0.040885208512081876	0.030057266952051232
GOTERM_BP_FAT	GO:0045601~regulation of endothelial cell differentiation	3	4.615384615384616	0.010839387587049701	O14920, P01584, P01375	65	47	19104	18.760065466448445	1.0	0.040885208512081876	0.030057266952051232
GOTERM_BP_FAT	GO:0046006~regulation of activated T cell proliferation	3	4.615384615384616	0.010839387587049701	P42574, P01344, P60568	65	47	19104	18.760065466448445	1.0	0.040885208512081876	0.030057266952051232
GOTERM_BP_FAT	GO:0045454~cell redox homeostasis	3	4.615384615384616	0.010839387587049701	P29474, Q16236, P35228	65	47	19104	18.760065466448445	1.0	0.040885208512081876	0.030057266952051232
GOTERM_BP_FAT	GO:1904646~cellular response to amyloid-beta	3	4.615384615384616	0.010839387587049701	P19320, P05362, P01375	65	47	19104	18.760065466448445	1.0	0.040885208512081876	0.030057266952051232
GOTERM_BP_FAT	GO:0032733~positive regulation of interleukin-10 production	3	4.615384615384616	0.010839387587049701	P05231, P05112, P29965	65	47	19104	18.760065466448445	1.0	0.040885208512081876	0.030057266952051232
GOTERM_BP_FAT	GO:0022602~ovulation cycle process	3	4.615384615384616	0.010839387587049701	P29474, P08253, P42574	65	47	19104	18.760065466448445	1.0	0.040885208512081876	0.030057266952051232
GOTERM_MF_FAT	GO:0004666~prostaglandin-endoperoxide synthase activity	2	3.076923076923077	0.011054712845617608	P23219, P35354	65	3	17305	177.4871794871795	0.9935700383360693	0.0612053613647609	0.05095952994687141
GOTERM_MF_FAT	GO:0034617~tetrahydrobiopterin binding	2	3.076923076923077	0.011054712845617608	P29474, P35228	65	3	17305	177.4871794871795	0.9935700383360693	0.0612053613647609	0.05095952994687141
GOTERM_MF_FAT	GO:0004517~nitric-oxide synthase activity	2	3.076923076923077	0.011054712845617608	P29474, P35228	65	3	17305	177.4871794871795	0.9935700383360693	0.0612053613647609	0.05095952994687141
GOTERM_MF_FAT	GO:0008384~IkappaB kinase activity	2	3.076923076923077	0.011054712845617608	O15111, O14920	65	3	17305	177.4871794871795	0.9935700383360693	0.0612053613647609	0.05095952994687141
GOTERM_BP_FAT	GO:0002698~negative regulation of immune effector process	4	6.153846153846154	0.01114710489317571	P35869, P60568, P22301, P01375	65	138	19104	8.519063545150502	1.0	0.04200153869032029	0.03087795089607533
KEGG_PATHWAY	hsa05415:Diabetic cardiomyopathy	6	9.230769230769232	0.011235122831079527	P14780, P29474, Q07869, Q04206, P31749, P08253	63	205	9375	4.355400696864112	0.9185946605570465	0.02053633107648143	0.011235122831079527
GOTERM_BP_FAT	GO:0071526~semaphorin-plexin signaling pathway	3	4.615384615384616	0.011286450354180941	P08581, P04626	65	48	19104	18.36923076923077	1.0	0.042481770985389175	0.031230999610199317
GOTERM_BP_FAT	GO:1902106~negative regulation of leukocyte differentiation	4	6.153846153846154	0.011366173135483909	P04626, P01106, P05112, P60568	65	139	19104	8.457775318206973	1.0	0.0427368109894195	0.03141849542503236
GOTERM_BP_FAT	GO:0070302~regulation of stress-activated protein kinase signaling cascade	3	4.615384615384616	0.01174153959802615	P28482, P01106, P09211	65	49	19104	17.99434850863422	1.0	0.0440092124282785	0.03235391708753061
GOTERM_BP_FAT	GO:0046686~response to cadmium ion	3	4.615384615384616	0.01174153959802615	P04040, P05177, P09601	65	49	19104	17.99434850863422	1.0	0.0440092124282785	0.03235391708753061
GOTERM_BP_FAT	GO:0002752~cell surface pattern recognition receptor signaling pathway	3	4.615384615384616	0.01174153959802615	O15111, Q04206, P25963	65	49	19104	17.99434850863422	1.0	0.0440092124282785	0.03235391708753061
GOTERM_BP_FAT	GO:0033044~regulation of chromosome organization	5	7.6923076923076925	0.011997467119957101	O15392, P04637, P28482, P01106, P06400	65	265	19104	5.545428156748912	1.0	0.04492133391245992	0.03302447448323621
GOTERM_BP_FAT	GO:1902041~regulation of extrinsic apoptotic signaling pathway via death domain receptors	3	4.615384615384616	0.012204598276953513	P29474, P05362, P09601	65	50	19104	17.634461538461537	1.0	0.04541127608883119	0.03338466153674992
GOTERM_BP_FAT	GO:0035924~cellular response to vascular endothelial growth factor stimulus	3	4.615384615384616	0.012204598276953513	Q04206, P31749, P19320	65	50	19104	17.634461538461537	1.0	0.04541127608883119	0.03338466153674992
GOTERM_BP_FAT	GO:0042908~xenobiotic transport	3	4.615384615384616	0.012204598276953513	Q9UNQ0, O75469, P00533	65	50	19104	17.634461538461537	1.0	0.04541127608883119	0.03338466153674992
GOTERM_BP_FAT	GO:0010634~positive regulation of epithelial cell migration	3	4.615384615384616	0.012204598276953513	P14780, P01579, Q16665	65	50	19104	17.634461538461537	1.0	0.04541127608883119	0.03338466153674992
GOTERM_BP_FAT	GO:0010907~positive regulation of glucose metabolic process	3	4.615384615384616	0.012204598276953513	Q07869, P31749, P01344	65	50	19104	17.634461538461537	1.0	0.04541127608883119	0.03338466153674992
GOTERM_BP_FAT	GO:0032660~regulation of interleukin-17 production	3	4.615384615384616	0.012204598276953513	P01579, P05231, P60568	65	50	19104	17.634461538461537	1.0	0.04541127608883119	0.03338466153674992
GOTERM_BP_FAT	GO:0032649~regulation of type II interferon production	4	6.153846153846154	0.01226732459571767	P60568, P01584, P22301, P01375	65	143	19104	8.22119419042496	1.0	0.04559717321113789	0.03352132610650843
KEGG_PATHWAY	hsa00982:Drug metabolism - cytochrome P450	4	6.153846153846154	0.012336293077734635	P08684, P09488, P09211, P05177	63	73	9375	8.153946510110893	0.9364348380153245	0.022365799644998564	0.012336293077734635
GOTERM_BP_FAT	GO:0006913~nucleocytoplasmic transport	5	7.6923076923076925	0.01246062084616491	P29474, P04637, P31749, P38936, P25963	65	268	19104	5.483352468427096	1.0	0.046267502767672615	0.03401412717466638
GOTERM_BP_FAT	GO:0051169~nuclear transport	5	7.6923076923076925	0.012617521829221509	P29474, P04637, P31749, P38936, P25963	65	269	19104	5.462968258507292	1.0	0.046801441302159116	0.034406658695260314
GOTERM_BP_FAT	GO:0014037~Schwann cell differentiation	3	4.615384615384616	0.012675569631575408	P04626, P28482, P31749	65	51	19104	17.288687782805432	1.0	0.04696798207882506	0.03452909320800521
GOTERM_BP_FAT	GO:0050792~regulation of viral process	4	6.153846153846154	0.012732890670491426	P42224, P10415, P01375, P10145	65	145	19104	8.107798408488064	1.0	0.04703400773008829	0.03457763278253411
GOTERM_BP_FAT	GO:0046631~alpha-beta T cell activation	4	6.153846153846154	0.012732890670491426	P10415, P01106, P05231, P22301	65	145	19104	8.107798408488064	1.0	0.04703400773008829	0.03457763278253411
GOTERM_BP_FAT	GO:0016125~sterol metabolic process	4	6.153846153846154	0.012732890670491426	P08684, P04040, P05177, P05112	65	145	19104	8.107798408488064	1.0	0.04703400773008829	0.03457763278253411
GOTERM_BP_FAT	GO:0071695~anatomical structure maturation	5	7.6923076923076925	0.012935119609400202	P37231, P10415, P08253, Q16665, P06400	65	271	19104	5.422651149588419	1.0	0.04771042853277721	0.03507491190567552
GOTERM_BP_FAT	GO:0048754~branching morphogenesis of an epithelial tube	4	6.153846153846154	0.012969436199699516	P08581, P10415, P01106	65	146	19104	8.052265542676503	1.0	0.04771042853277721	0.03507491190567552
GOTERM_BP_FAT	GO:0042177~negative regulation of protein catabolic process	4	6.153846153846154	0.012969436199699516	Q04206, P00533, P35228, P22301	65	146	19104	8.052265542676503	1.0	0.04771042853277721	0.03507491190567552
GOTERM_BP_FAT	GO:1903707~negative regulation of hemopoiesis	4	6.153846153846154	0.012969436199699516	P04626, P01106, P05112, P60568	65	146	19104	8.052265542676503	1.0	0.04771042853277721	0.03507491190567552
GOTERM_CC_FAT	GO:0000785~chromatin	12	18.461538461538463	0.013000544760687502	P37231, P42224, P35869, O75469, Q07869, Q04206, P04637, P11802, P01106, Q16665, Q16236, P06400	59	1505	16775	2.267019539388479	0.9783800094746321	0.14107998573634956	0.13048694926467824
GOTERM_BP_FAT	GO:0008202~steroid metabolic process	5	7.6923076923076925	0.01309582337360151	O75469, P08684, P04040, P05177, P05112	65	272	19104	5.402714932126697	1.0	0.04812580359105411	0.035380280019627126
GOTERM_BP_FAT	GO:0048546~digestive tract morphogenesis	3	4.615384615384616	0.013154397182954065	P10415, Q16665, P00533	65	52	19104	16.95621301775148	1.0	0.048291373830947504	0.03550200103025424
GOTERM_BP_FAT	GO:0046666~retinal cell programmed cell death	2	3.076923076923077	0.013334188658343918	P10415, Q07812	65	4	19104	146.95384615384617	1.0	0.048701147124339955	0.035803250937434694
GOTERM_BP_FAT	GO:1901687~glutathione derivative biosynthetic process	2	3.076923076923077	0.013334188658343918	P09488, P09211	65	4	19104	146.95384615384617	1.0	0.048701147124339955	0.035803250937434694
GOTERM_BP_FAT	GO:1900100~positive regulation of plasma cell differentiation	2	3.076923076923077	0.013334188658343918	P60568, P22301	65	4	19104	146.95384615384617	1.0	0.048701147124339955	0.035803250937434694
GOTERM_BP_FAT	GO:2000697~negative regulation of epithelial cell differentiation involved in kidney development	2	3.076923076923077	0.013334188658343918	P42224, P14780	65	4	19104	146.95384615384617	1.0	0.048701147124339955	0.035803250937434694
GOTERM_BP_FAT	GO:0071460~cellular response to cell-matrix adhesion	2	3.076923076923077	0.013334188658343918	P38936, P09211	65	4	19104	146.95384615384617	1.0	0.048701147124339955	0.035803250937434694
GOTERM_BP_FAT	GO:0048609~multicellular organismal reproductive process	10	15.384615384615385	0.01341608796493819	P31645, P29474, P10415, Q07812, P31749, P08253, P35354, P42574, P01344, P06400	65	1142	19104	2.573622524585747	1.0	0.04895022084857938	0.03598636056785259
KEGG_PATHWAY	hsa04371:Apelin signaling pathway	5	7.6923076923076925	0.013617480457490902	P24385, P29474, P28482, P31749, P35228	63	140	9375	5.314625850340136	0.95234905535351	0.02448950114532638	0.013617480457490902
GOTERM_BP_FAT	GO:0030225~macrophage differentiation	3	4.615384615384616	0.013641024732160355	P14780, P01579, Q14790	65	53	19104	16.636284470246736	1.0	0.04961888018663624	0.03647793375422922
GOTERM_BP_FAT	GO:1905562~regulation of vascular endothelial cell proliferation	3	4.615384615384616	0.013641024732160355	P37231, P01344, P13500	65	53	19104	16.636284470246736	1.0	0.04961888018663624	0.03647793375422922
GOTERM_BP_FAT	GO:1903426~regulation of reactive oxygen species biosynthetic process	3	4.615384615384616	0.013641024732160355	P09917, Q07869, Q16665	65	53	19104	16.636284470246736	1.0	0.04961888018663624	0.03647793375422922
GOTERM_BP_FAT	GO:0045727~positive regulation of translation	4	6.153846153846154	0.013694170036385631	P04626, P01106, P05231, P01375	65	149	19104	7.890139390810533	1.0	0.04976152123089468	0.03658279808295897
GOTERM_MF_FAT	GO:0042826~histone deacetylase binding	4	6.153846153846154	0.013955536001579857	P24385, Q04206, P04637, Q16665	65	136	17305	7.830316742081448	0.9983056207826503	0.07633510053876211	0.06355653745297814
GOTERM_BP_FAT	GO:0036211~protein modification process	12	18.461538461538463	0.01407957839156501	O96017, P10415, Q07869, P04626, P28482, P31749, P00533, Q16236, O14920, P13500, P35228, P01375	65	1564	19104	2.255046232539839	1.0	0.05111001424255103	0.03757415940675784
GOTERM_BP_FAT	GO:0022402~cell cycle process	9	13.846153846153847	0.014208163775643663	O96017, P24385, O15392, P10415, P04637, P11802, P01106, P38936, P06400	65	957	19104	2.7640221847118402	1.0	0.051524427417867176	0.03787882038054849
GOTERM_BP_FAT	GO:0045165~cell fate commitment	5	7.6923076923076925	0.014599913521737595	P37231, P10415, P04637, P05231, P42574	65	281	19104	5.2296742403503975	1.0	0.05289137028361733	0.03888374534288329
GOTERM_MF_FAT	GO:0008047~enzyme activator activity	8	12.307692307692308	0.014694812085487336	P11926, P24385, Q14790, P00533, P42574, P01344, P60568, P29965	65	702	17305	3.033968880122726	0.998794605114882	0.076793115811149	0.0639378805652298
GOTERM_BP_FAT	GO:0046328~regulation of JNK cascade	4	6.153846153846154	0.014695844216634063	P04626, P09211, P01584, P01375	65	153	19104	7.6838612368024135	1.0	0.053184960022104225	0.039099581472017274
GOTERM_MF_FAT	GO:0033695~oxidoreductase activity, acting on CH or CH2 groups, quinone or similar compound as acceptor	2	3.076923076923077	0.01471281586082282	P08684, P05177	65	4	17305	133.1153846153846	0.9988045633376867	0.076793115811149	0.0639378805652298
GOTERM_MF_FAT	GO:0034875~caffeine oxidase activity	2	3.076923076923077	0.01471281586082282	P08684, P05177	65	4	17305	133.1153846153846	0.9988045633376867	0.076793115811149	0.0639378805652298
GOTERM_MF_FAT	GO:0016712~oxidoreductase activity, acting on paired donors, with incorporation or reduction of molecular oxygen, reduced flavin or flavoprotein as one donor, and incorporation of one atom of oxygen	3	4.615384615384616	0.014715861399933841	P08684, P05177, P09601	65	50	17305	15.973846153846154	0.9988062397457844	0.076793115811149	0.0639378805652298
GOTERM_BP_FAT	GO:0001885~endothelial cell development	3	4.615384615384616	0.015147149521804962	P08581, P05362	65	56	19104	15.745054945054948	1.0	0.054652139486754875	0.04017819661036347
GOTERM_BP_FAT	GO:0042149~cellular response to glucose starvation	3	4.615384615384616	0.015147149521804962	P10415, P04637, Q16236	65	56	19104	15.745054945054948	1.0	0.054652139486754875	0.04017819661036347
GOTERM_BP_FAT	GO:0000086~G2/M transition of mitotic cell cycle	3	4.615384615384616	0.015147149521804962	O96017, O15392, P11802	65	56	19104	15.745054945054948	1.0	0.054652139486754875	0.04017819661036347
KEGG_PATHWAY	hsa00980:Metabolism of xenobiotics by cytochrome P450	4	6.153846153846154	0.01525361798118558	P08684, P09488, P09211, P05177	63	79	9375	7.534659433393609	0.9670378568991455	0.027212454478435073	0.01525361798118558
GOTERM_BP_FAT	GO:0060485~mesenchyme development	5	7.6923076923076925	0.015302165420305573	P42224, P29474, P10415, P28482, Q16665	65	285	19104	5.156275303643725	1.0	0.0551557365099208	0.04054842219346361
GOTERM_BP_FAT	GO:0046456~icosanoid biosynthetic process	3	4.615384615384616	0.015664420601405087	P09917, P23219, P35354	65	57	19104	15.468825910931175	1.0	0.05640454676231751	0.04146650050331629
GOTERM_CC_FAT	GO:0031968~organelle outer membrane	5	7.6923076923076925	0.015737158003576304	P10415, Q07812, Q14790, P35354, P09601	59	279	16775	5.095376951582528	0.9904159441714301	0.16280746757477885	0.1505830160845224
GOTERM_BP_FAT	GO:0042770~signal transduction in response to DNA damage	4	6.153846153846154	0.0157381240161385	O96017, P24385, P04637, P38936	65	157	19104	7.488094071533562	1.0	0.056612869069130635	0.04161965122495438
GOTERM_BP_FAT	GO:1904062~regulation of monoatomic cation transmembrane transport	5	7.6923076923076925	0.015842667503436096	P14780, P10415, Q07812, P01579, P02778	65	288	19104	5.102564102564103	1.0	0.05693159790973212	0.04185396867607967
GOTERM_CC_FAT	GO:0019867~outer membrane	5	7.6923076923076925	0.01611404969170166	P10415, Q07812, Q14790, P35354, P09601	59	281	16775	5.059110923457386	0.9914332837858958	0.16280746757477885	0.1505830160845224
GOTERM_BP_FAT	GO:2000107~negative regulation of leukocyte apoptotic process	3	4.615384615384616	0.016189214825089015	P10415, Q16665, P60568	65	58	19104	15.202122015915121	1.0	0.05783577139918821	0.04251868300511429
GOTERM_BP_FAT	GO:0001541~ovarian follicle development	3	4.615384615384616	0.016189214825089015	P10415, Q07812, P08253	65	58	19104	15.202122015915121	1.0	0.05783577139918821	0.04251868300511429
GOTERM_BP_FAT	GO:0002686~negative regulation of leukocyte migration	3	4.615384615384616	0.016189214825089015	P31749, P09601, P13500	65	58	19104	15.202122015915121	1.0	0.05783577139918821	0.04251868300511429
GOTERM_BP_FAT	GO:1900087~positive regulation of G1/S transition of mitotic cell cycle	3	4.615384615384616	0.016189214825089015	P24385, P31749, P00533	65	58	19104	15.202122015915121	1.0	0.05783577139918821	0.04251868300511429
GOTERM_BP_FAT	GO:0030593~neutrophil chemotaxis	3	4.615384615384616	0.016189214825089015	P02778, P01584, P10145	65	58	19104	15.202122015915121	1.0	0.05783577139918821	0.04251868300511429
GOTERM_BP_FAT	GO:0007420~brain development	8	12.307692307692308	0.016191425363714505	P31645, Q9NRD8, P10415, P04637, Q07812, Q16665, P00533, P42574	65	790	19104	2.976280428432327	1.0	0.05783577139918821	0.04251868300511429
GOTERM_BP_FAT	GO:0003018~vascular process in circulatory system	5	7.6923076923076925	0.01620962517597669	P31645, Q9UNQ0, P29474, P08253, P01375	65	290	19104	5.06737400530504	1.0	0.05784293819039834	0.042523951760354436
GOTERM_MF_FAT	GO:0002020~protease binding	4	6.153846153846154	0.016245502219569684	P10415, P04637, P42574, P01375	65	144	17305	7.395299145299145	0.9994103750267173	0.08381202281459814	0.06978181635224251
GOTERM_BP_FAT	GO:0050868~negative regulation of T cell activation	4	6.153846153846154	0.016274548546334026	P04626, P42574, P60568, P22301	65	159	19104	7.393904208998549	1.0	0.05801665409930653	0.042651661160352454
GOTERM_MF_FAT	GO:0008009~chemokine activity	3	4.615384615384616	0.016437003297012774	P02778, P13500, P10145	65	53	17305	15.06966618287373	0.9994602528054164	0.08384718535779549	0.06981109265472842
GOTERM_BP_FAT	GO:1904999~positive regulation of leukocyte adhesion to arterial endothelial cell	2	3.076923076923077	0.01664029399492819	P09917, P01375	65	5	19104	117.56307692307693	1.0	0.05908462241539114	0.04343679128298352
GOTERM_BP_FAT	GO:0002248~connective tissue replacement involved in inflammatory response wound healing	2	3.076923076923077	0.01664029399492819	P01583, Q16665	65	5	19104	117.56307692307693	1.0	0.05908462241539114	0.04343679128298352
GOTERM_BP_FAT	GO:0032310~prostaglandin secretion	2	3.076923076923077	0.01664029399492819	P35354, P35228	65	5	19104	117.56307692307693	1.0	0.05908462241539114	0.04343679128298352
GOTERM_BP_FAT	GO:0033591~response to L-ascorbic acid	2	3.076923076923077	0.01664029399492819	P04040, P09211	65	5	19104	117.56307692307693	1.0	0.05908462241539114	0.04343679128298352
GOTERM_BP_FAT	GO:0048678~response to axon injury	3	4.615384615384616	0.016721477643752387	P10415, Q07812, P08253	65	59	19104	14.944458930899609	1.0	0.059255077523297145	0.04356210346477556
GOTERM_BP_FAT	GO:0034605~cellular response to heat	3	4.615384615384616	0.016721477643752387	P01583, P02778, P09601	65	59	19104	14.944458930899609	1.0	0.059255077523297145	0.04356210346477556
KEGG_PATHWAY	hsa04519:Cadherin signaling	8	12.307692307692308	0.01672152391697136	P08581, O15111, P04626, Q04206, P28482, P00533, O14920, P25963	63	404	9375	2.9467232437529467	0.9763304373664531	0.029580299075304097	0.01672152391697136
KEGG_PATHWAY	hsa00983:Drug metabolism - other enzymes	4	6.153846153846154	0.016846179294007266	P08684, P09488, P05164, P09211	63	82	9375	7.259001161440185	0.9769873502124702	0.029580299075304097	0.016846179294007266
GOTERM_MF_FAT	GO:0140296~general transcription initiation factor binding	3	4.615384615384616	0.017028963693808172	P35869, Q04206, P04637	65	54	17305	14.790598290598291	0.9995893351937819	0.08590166129987678	0.07152164751399433
GOTERM_BP_FAT	GO:0043588~skin development	5	7.6923076923076925	0.01715036968389435	P10415, Q04206, P38936, P00533, P42574	65	295	19104	4.98148631029987	1.0	0.06071468831602638	0.04463515440030383
GOTERM_BP_FAT	GO:0038093~Fc receptor signaling pathway	3	4.615384615384616	0.01726115477838546	P01579, O14920, P35228	65	60	19104	14.695384615384615	1.0	0.06098599888070511	0.044834611719129794
GOTERM_BP_FAT	GO:0046902~regulation of mitochondrial membrane permeability	3	4.615384615384616	0.01726115477838546	P10415, P04637, Q07812	65	60	19104	14.695384615384615	1.0	0.06098599888070511	0.044834611719129794
GOTERM_BP_FAT	GO:0030198~extracellular matrix organization	5	7.6923076923076925	0.017342544167361827	P14780, P03956, P08253, P08254, P01375	65	296	19104	4.964656964656965	1.0	0.061213011626300835	0.04500150294811478
GOTERM_BP_FAT	GO:0007611~learning or memory	5	7.6923076923076925	0.017536066968343075	P31645, P28482, Q16665, P00533, P42574	65	297	19104	4.947940947940948	1.0	0.06177399527704286	0.045413917020580785
GOTERM_BP_FAT	GO:0043062~extracellular structure organization	5	7.6923076923076925	0.017536066968343075	P14780, P03956, P08253, P08254, P01375	65	297	19104	4.947940947940948	1.0	0.06177399527704286	0.045413917020580785
GOTERM_BP_FAT	GO:1904375~regulation of protein localization to cell periphery	4	6.153846153846154	0.017660346742453086	P31749, P01579, P00533, P01375	65	164	19104	7.168480300187618	1.0	0.06215050104831766	0.04569070989722345
GOTERM_BP_FAT	GO:0046324~regulation of D-glucose import across plasma membrane	3	4.615384615384616	0.017808192220705888	P31749, Q16236, P01375	65	61	19104	14.454476670870115	1.0	0.06254755419111252	0.04598260842829269
GOTERM_BP_FAT	GO:0044839~cell cycle G2/M phase transition	3	4.615384615384616	0.017808192220705888	O96017, O15392, P11802	65	61	19104	14.454476670870115	1.0	0.06254755419111252	0.04598260842829269
GOTERM_BP_FAT	GO:0045229~external encapsulating structure organization	5	7.6923076923076925	0.017927168327659268	P14780, P03956, P08253, P08254, P01375	65	299	19104	4.914844352971444	1.0	0.06284336001579216	0.04620007374061316
GOTERM_BP_FAT	GO:0015718~monocarboxylic acid transport	4	6.153846153846154	0.017945192389727884	P37231, Q9UNQ0, P35354, P35228	65	165	19104	7.125034965034966	1.0	0.06284336001579216	0.04620007374061316
GOTERM_BP_FAT	GO:0010508~positive regulation of autophagy	4	6.153846153846154	0.017945192389727884	P01579, Q16665, P09601, P05112	65	165	19104	7.125034965034966	1.0	0.06284336001579216	0.04620007374061316
GOTERM_CC_FAT	GO:0030141~secretory granule	9	13.846153846153847	0.018049592781445696	P00749, P14780, P09917, P28482, P04040, P05164, P09211, P01344, P01584	59	972	16775	2.6326114249843062	0.9951889542126533	0.17134695234017097	0.15848131086753015
GOTERM_CC_FAT	GO:0005925~focal adhesion	6	9.230769230769232	0.01812885843872116	P31645, P00749, P28482, P04040, P05362, P00533	59	442	16775	3.859575120791472	0.9953014131967944	0.17134695234017097	0.15848131086753015
GOTERM_MF_FAT	GO:0050661~NADP binding	3	4.615384615384616	0.018239816270922044	P29474, P04040, P35228	65	56	17305	14.262362637362639	0.9997653295793536	0.09086213579058144	0.07565173420449292
GOTERM_MF_FAT	GO:0030295~protein kinase activator activity	4	6.153846153846154	0.018412591393686107	P24385, P00533, P01344, P29965	65	151	17305	7.052470708099848	0.9997833511550046	0.09086213579058144	0.07565173420449292
GOTERM_BP_FAT	GO:0030003~intracellular monoatomic cation homeostasis	6	9.230769230769232	0.018412951737248884	P01583, P10415, Q07812, P01106, Q16665, P09601	65	457	19104	3.8587443191381925	1.0	0.06441827973109991	0.04735789545740996
GOTERM_BP_FAT	GO:0035296~regulation of tube diameter	4	6.153846153846154	0.018815133765253383	P31645, P29474, P08253, P01375	65	168	19104	6.997802197802199	1.0	0.06569663519988767	0.04829769429868561
GOTERM_BP_FAT	GO:0097746~blood vessel diameter maintenance	4	6.153846153846154	0.018815133765253383	P31645, P29474, P08253, P01375	65	168	19104	6.997802197802199	1.0	0.06569663519988767	0.04829769429868561
GOTERM_MF_FAT	GO:1901681~sulfur compound binding	5	7.6923076923076925	0.018823764355923474	P09488, P02778, P05164, P09211, P10145	65	275	17305	4.840559440559441	0.9998208785885899	0.09189235502784147	0.07650949383375348
GOTERM_BP_FAT	GO:0033121~regulation of purine nucleotide catabolic process	3	4.615384615384616	0.018924133337242938	Q07869, P01579, Q16665	65	63	19104	13.995604395604397	1.0	0.06581986784871643	0.04838829030535536
GOTERM_BP_FAT	GO:0071622~regulation of granulocyte chemotaxis	3	4.615384615384616	0.018924133337242938	P28482, P13500, P10145	65	63	19104	13.995604395604397	1.0	0.06581986784871643	0.04838829030535536
GOTERM_BP_FAT	GO:0030811~regulation of nucleotide catabolic process	3	4.615384615384616	0.018924133337242938	Q07869, P01579, Q16665	65	63	19104	13.995604395604397	1.0	0.06581986784871643	0.04838829030535536
GOTERM_BP_FAT	GO:0006110~regulation of glycolytic process	3	4.615384615384616	0.018924133337242938	Q07869, P01579, Q16665	65	63	19104	13.995604395604397	1.0	0.06581986784871643	0.04838829030535536
GOTERM_BP_FAT	GO:0035150~regulation of tube size	4	6.153846153846154	0.019110254139540785	P31645, P29474, P08253, P01375	65	169	19104	6.956395084205736	1.0	0.06640255621248997	0.04881666086618103
GOTERM_BP_FAT	GO:0051129~negative regulation of cellular component organization	8	12.307692307692308	0.019228590348037693	P37231, O15392, P04637, P31749, P02778, O14920, P01584, P01375	65	818	19104	2.8744028587549373	1.0	0.0667488092548014	0.04907121307477841
GOTERM_BP_FAT	GO:0090596~sensory organ morphogenesis	5	7.6923076923076925	0.01933888369867089	P10415, P28482, Q07812, P01106, Q16665	65	306	19104	4.802413273001509	1.0	0.06706649764238098	0.049304765623990054
GOTERM_CC_FAT	GO:0016604~nuclear body	9	13.846153846153847	0.019714988740027146	O96017, P08581, O75469, Q07869, P04637, P01106, P38936, Q16665, P06400	59	988	16775	2.589978041583751	0.9970742168265943	0.17699316578333685	0.1637035765436324
GOTERM_MF_FAT	GO:0004713~protein tyrosine kinase activity	4	6.153846153846154	0.0197197743989213	P08581, P04626, P00533	65	155	17305	6.870471464019852	0.9998816931494336	0.09524231465010925	0.07929866726374736
GOTERM_BP_FAT	GO:0006873~intracellular monoatomic ion homeostasis	6	9.230769230769232	0.01985062050360376	P01583, P10415, Q07812, P01106, Q16665, P09601	65	466	19104	3.784219214262133	1.0	0.0685366543517793	0.050385569520652984
GOTERM_CC_FAT	GO:0030055~cell-substrate junction	6	9.230769230769232	0.01993438385955671	P31645, P00749, P28482, P04040, P05362, P00533	59	453	16775	3.7658547536199354	0.9972599415148822	0.17699316578333685	0.1637035765436324
GOTERM_BP_FAT	GO:1990418~response to insulin-like growth factor stimulus	2	3.076923076923077	0.019935493805010834	P31749, P42574	65	6	19104	97.96923076923078	1.0	0.0685366543517793	0.050385569520652984
GOTERM_BP_FAT	GO:0022614~membrane to membrane docking	2	3.076923076923077	0.019935493805010834	P19320, P05362	65	6	19104	97.96923076923078	1.0	0.0685366543517793	0.050385569520652984
GOTERM_BP_FAT	GO:1900098~regulation of plasma cell differentiation	2	3.076923076923077	0.019935493805010834	P60568, P22301	65	6	19104	97.96923076923078	1.0	0.0685366543517793	0.050385569520652984
GOTERM_BP_FAT	GO:0002326~B cell lineage commitment	2	3.076923076923077	0.019935493805010834	P10415, P04637	65	6	19104	97.96923076923078	1.0	0.0685366543517793	0.050385569520652984
GOTERM_BP_FAT	GO:0072347~response to anesthetic	2	3.076923076923077	0.019935493805010834	Q14790, P42574	65	6	19104	97.96923076923078	1.0	0.0685366543517793	0.050385569520652984
GOTERM_BP_FAT	GO:0033092~positive regulation of immature T cell proliferation in thymus	2	3.076923076923077	0.019935493805010834	P01583, P01584	65	6	19104	97.96923076923078	1.0	0.0685366543517793	0.050385569520652984
GOTERM_BP_FAT	GO:0033091~positive regulation of immature T cell proliferation	2	3.076923076923077	0.019935493805010834	P01583, P01584	65	6	19104	97.96923076923078	1.0	0.0685366543517793	0.050385569520652984
GOTERM_BP_FAT	GO:0060556~regulation of vitamin D biosynthetic process	2	3.076923076923077	0.019935493805010834	P01579, P01375	65	6	19104	97.96923076923078	1.0	0.0685366543517793	0.050385569520652984
GOTERM_BP_FAT	GO:0070542~response to fatty acid	3	4.615384615384616	0.020068874277606782	P37231, P11802, P04040	65	65	19104	13.564970414201184	1.0	0.06892886434578022	0.050673907550957124
KEGG_PATHWAY	hsa04150:mTOR signaling pathway	5	7.6923076923076925	0.02034032724746886	O15111, P28482, P31749, O14920, P01375	63	158	9375	4.709162145871006	0.9895599818052452	0.035436663876449656	0.02034032724746886
GOTERM_BP_FAT	GO:0042698~ovulation cycle	3	4.615384615384616	0.020651912495354637	P29474, P08253, P42574	65	66	19104	13.359440559440559	1.0	0.07072735516146382	0.051996090328668525
GOTERM_BP_FAT	GO:0002931~response to ischemia	3	4.615384615384616	0.020651912495354637	P10415, P04637, Q16236	65	66	19104	13.359440559440559	1.0	0.07072735516146382	0.051996090328668525
GOTERM_BP_FAT	GO:0140888~interferon-mediated signaling pathway	3	4.615384615384616	0.020651912495354637	P42224, P04637, P01579	65	66	19104	13.359440559440559	1.0	0.07072735516146382	0.051996090328668525
GOTERM_MF_FAT	GO:0003690~double-stranded DNA binding	13	20.0	0.020912827684622576	P35869, O75469, P04637, P37231, P42224, Q07869, Q04206, P01106, P00533, Q16236, Q16665, P06400, P01375	65	1703	17305	2.032295948326483	0.9999319390948151	0.09994130282967	0.08321104068197194
GOTERM_BP_FAT	GO:0045807~positive regulation of endocytosis	4	6.153846153846154	0.020935032468875188	P37231, P01579, P13500, P05112	65	175	19104	6.717890109890111	1.0	0.07162829116745419	0.05265842458167265
GOTERM_BP_FAT	GO:0043627~response to estrogen	3	4.615384615384616	0.021241992571201122	P37231, P24385, P08253	65	67	19104	13.16004592422503	1.0	0.07249140468516707	0.05329295316440334
GOTERM_BP_FAT	GO:0060079~excitatory postsynaptic potential	3	4.615384615384616	0.021241992571201122	P08581, P31749	65	67	19104	13.16004592422503	1.0	0.07249140468516707	0.05329295316440334
GOTERM_BP_FAT	GO:0045936~negative regulation of phosphate metabolic process	4	6.153846153846154	0.0212481804886254	Q07869, P04637, P38936, P06400	65	176	19104	6.6797202797202795	1.0	0.07249140468516707	0.05329295316440334
GOTERM_BP_FAT	GO:0098771~inorganic ion homeostasis	6	9.230769230769232	0.02136056497872073	P01583, P10415, Q07812, P01106, Q16665, P09601	65	475	19104	3.7125182186234817	1.0	0.07280528445037257	0.0535237057577487
GOTERM_BP_FAT	GO:0090303~positive regulation of wound healing	3	4.615384615384616	0.021839062355529407	Q9NRD8, P00749, Q16236	65	68	19104	12.966515837104073	1.0	0.07422372096474886	0.05456648691305445
GOTERM_BP_FAT	GO:0060261~positive regulation of transcription initiation by RNA polymerase II	3	4.615384615384616	0.021839062355529407	P04637, P01106, P25963	65	68	19104	12.966515837104073	1.0	0.07422372096474886	0.05456648691305445
GOTERM_BP_FAT	GO:0072676~lymphocyte migration	3	4.615384615384616	0.021839062355529407	P02778, P05362, P13500	65	68	19104	12.966515837104073	1.0	0.07422372096474886	0.05456648691305445
GOTERM_BP_FAT	GO:0019318~hexose metabolic process	4	6.153846153846154	0.02188221286110901	Q07869, P31749, P01344, P01375	65	178	19104	6.604667242869491	1.0	0.07422912093056161	0.05457045676474098
GOTERM_BP_FAT	GO:0010563~negative regulation of phosphorus metabolic process	4	6.153846153846154	0.02188221286110901	Q07869, P04637, P38936, P06400	65	178	19104	6.604667242869491	1.0	0.07422912093056161	0.05457045676474098
GOTERM_MF_FAT	GO:0051434~BH3 domain binding	2	3.076923076923077	0.021989107694439992	P10415, Q07812	65	6	17305	88.74358974358975	0.9999586918253387	0.10399015513828913	0.08658211154685747
GOTERM_BP_FAT	GO:0034765~regulation of monoatomic ion transmembrane transport	5	7.6923076923076925	0.022139863069224847	P14780, P10415, Q07812, P01579, P02778	65	319	19104	4.6067036411863995	1.0	0.07503186990822691	0.05516060760890366
GOTERM_BP_FAT	GO:0030193~regulation of blood coagulation	3	4.615384615384616	0.022443069954233872	P00749, P29474, Q16236	65	69	19104	12.778595317725753	1.0	0.07598734206305534	0.05586303478655749
GOTERM_BP_FAT	GO:0006066~alcohol metabolic process	5	7.6923076923076925	0.022819747509211702	P29474, P08684, P04040, P05177, P05112	65	322	19104	4.563784042044912	1.0	0.07718952471865928	0.056746834241657135
GOTERM_BP_FAT	GO:0031649~heat generation	2	3.076923076923077	0.023219823494471877	P01583, P01584	65	7	19104	83.97362637362639	1.0	0.07809906734675476	0.057415495759400324
GOTERM_BP_FAT	GO:1903347~negative regulation of bicellular tight junction assembly	2	3.076923076923077	0.023219823494471877	O14920, P01375	65	7	19104	83.97362637362639	1.0	0.07809906734675476	0.057415495759400324
GOTERM_BP_FAT	GO:1903944~negative regulation of hepatocyte apoptotic process	2	3.076923076923077	0.023219823494471877	Q07869, P06400	65	7	19104	83.97362637362639	1.0	0.07809906734675476	0.057415495759400324
GOTERM_BP_FAT	GO:0016098~monoterpenoid metabolic process	2	3.076923076923077	0.023219823494471877	P08684, P05177	65	7	19104	83.97362637362639	1.0	0.07809906734675476	0.057415495759400324
GOTERM_BP_FAT	GO:0006527~L-arginine catabolic process	2	3.076923076923077	0.023219823494471877	P29474, P35228	65	7	19104	83.97362637362639	1.0	0.07809906734675476	0.057415495759400324
GOTERM_BP_FAT	GO:1904997~regulation of leukocyte adhesion to arterial endothelial cell	2	3.076923076923077	0.023219823494471877	P09917, P01375	65	7	19104	83.97362637362639	1.0	0.07809906734675476	0.057415495759400324
KEGG_PATHWAY	hsa04520:Adherens junction	4	6.153846153846154	0.02345804007630282	P08581, P04626, P28482, P00533	63	93	9375	6.400409626216078	0.9948550431299408	0.0405514956357793	0.02345804007630282
GOTERM_BP_FAT	GO:0021700~developmental maturation	5	7.6923076923076925	0.023512314649716898	P37231, P10415, P08253, Q16665, P06400	65	325	19104	4.521656804733729	1.0	0.07886050081090872	0.05797527299256615
GOTERM_BP_FAT	GO:0048762~mesenchymal cell differentiation	4	6.153846153846154	0.023512439351516735	P42224, P10415, P28482, Q16665	65	183	19104	6.424211853720051	1.0	0.07886050081090872	0.05797527299256615
GOTERM_BP_FAT	GO:0007292~female gamete generation	4	6.153846153846154	0.023512439351516735	P29474, P10415, P31749, P08253	65	183	19104	6.424211853720051	1.0	0.07886050081090872	0.05797527299256615
GOTERM_BP_FAT	GO:1990266~neutrophil migration	3	4.615384615384616	0.023671692336648	P02778, P01584, P10145	65	71	19104	12.41863488624052	1.0	0.07917161519335829	0.058203992580559596
GOTERM_BP_FAT	GO:0032653~regulation of interleukin-10 production	3	4.615384615384616	0.023671692336648	P05231, P05112, P29965	65	71	19104	12.41863488624052	1.0	0.07917161519335829	0.058203992580559596
GOTERM_BP_FAT	GO:1900046~regulation of hemostasis	3	4.615384615384616	0.023671692336648	P00749, P29474, Q16236	65	71	19104	12.41863488624052	1.0	0.07917161519335829	0.058203992580559596
GOTERM_MF_FAT	GO:0000976~transcription cis-regulatory region binding	12	18.461538461538463	0.02373353115028764	P37231, P42224, P35869, O75469, Q07869, Q04206, P04637, P01106, Q16665, Q16236, P01375, P06400	65	1531	17305	2.0867205948851932	0.9999816328652527	0.11042200502674371	0.09193726409715666
GOTERM_MF_FAT	GO:0001067~transcription regulatory region nucleic acid binding	12	18.461538461538463	0.023835586988151726	P37231, P42224, P35869, O75469, Q07869, Q04206, P04637, P01106, Q16665, Q16236, P01375, P06400	65	1532	17305	2.085358505724041	0.9999824842461823	0.11042200502674371	0.09193726409715666
GOTERM_BP_FAT	GO:0043409~negative regulation of MAPK cascade	4	6.153846153846154	0.023846225068724587	P37231, P01106, P09211, P01584	65	184	19104	6.389297658862877	1.0	0.07960627658456469	0.0585235392808138
GOTERM_BP_FAT	GO:0048639~positive regulation of developmental growth	4	6.153846153846154	0.023846225068724587	P10415, P28482, P31749, P01344	65	184	19104	6.389297658862877	1.0	0.07960627658456469	0.0585235392808138
GOTERM_BP_FAT	GO:0007423~sensory organ development	7	10.76923076923077	0.023961361814712583	Q9NRD8, P10415, P28482, Q07812, P01106, Q16665, P00533	65	667	19104	3.084488524968285	1.0	0.07991595182273889	0.058751200864085196
GOTERM_BP_FAT	GO:1903844~regulation of cellular response to transforming growth factor beta stimulus	4	6.153846153846154	0.024182590777560384	P37231, Q07869, P04637, P05112	65	185	19104	6.354760914760916	1.0	0.08050346156332311	0.059183115919733055
GOTERM_BP_FAT	GO:0002520~immune system development	4	6.153846153846154	0.024182590777560384	P10415, P04637, P28482, P29965	65	185	19104	6.354760914760916	1.0	0.08050346156332311	0.059183115919733055
GOTERM_BP_FAT	GO:1902808~positive regulation of cell cycle G1/S phase transition	3	4.615384615384616	0.024296204630510125	P24385, P31749, P00533	65	72	19104	12.246153846153847	1.0	0.08080637145268359	0.05940580387310948
GOTERM_BP_FAT	GO:0007049~cell cycle	9	13.846153846153847	0.024896213113160617	O96017, P24385, O15392, P10415, P04637, P11802, P01106, P38936, P06400	65	1062	19104	2.490743155149935	1.0	0.08272490533972997	0.06081623780014864
GOTERM_BP_FAT	GO:0002275~myeloid cell activation involved in immune response	3	4.615384615384616	0.02492744976222902	P01579, P01584, P01375	65	73	19104	12.078398314014754	1.0	0.08275171984264132	0.0608359508137671
GOTERM_MF_FAT	GO:0043175~RNA polymerase core enzyme binding	3	4.615384615384616	0.025517591718579386	P35869, P04626, P04637	65	67	17305	11.920780711825488	0.9999919943319301	0.11702006707308121	0.09743080474366675
GOTERM_BP_FAT	GO:2000401~regulation of lymphocyte migration	3	4.615384615384616	0.0255653771269807	P31749, P02778, P13500	65	74	19104	11.915176715176715	1.0	0.08455511768293987	0.06216174105134382
GOTERM_BP_FAT	GO:0002711~positive regulation of T cell mediated immunity	3	4.615384615384616	0.0255653771269807	P05231, P05112, P01584	65	74	19104	11.915176715176715	1.0	0.08455511768293987	0.06216174105134382
GOTERM_BP_FAT	GO:0008286~insulin receptor signaling pathway	3	4.615384615384616	0.0255653771269807	P28482, P31749, P01344	65	74	19104	11.915176715176715	1.0	0.08455511768293987	0.06216174105134382
GOTERM_BP_FAT	GO:0071300~cellular response to retinoic acid	3	4.615384615384616	0.0255653771269807	P31645, P37231, P01375	65	74	19104	11.915176715176715	1.0	0.08455511768293987	0.06216174105134382
GOTERM_MF_FAT	GO:0000978~RNA polymerase II cis-regulatory region sequence-specific DNA binding	10	15.384615384615385	0.025938196114933136	P37231, P42224, P35869, O75469, Q07869, Q04206, P04637, P01106, Q16665, Q16236	65	1158	17305	2.2990567291085426	0.9999934192230827	0.11775941036179643	0.09804638131444725
GOTERM_BP_FAT	GO:0061044~negative regulation of vascular wound healing	2	3.076923076923077	0.026493318351363197	P09917, P01375	65	8	19104	73.47692307692309	1.0	0.08714008577446532	0.06406211233027602
GOTERM_BP_FAT	GO:0051122~hepoxilin biosynthetic process	2	3.076923076923077	0.026493318351363197	P09488, P09211	65	8	19104	73.47692307692309	1.0	0.08714008577446532	0.06406211233027602
GOTERM_BP_FAT	GO:0071316~cellular response to nicotine	2	3.076923076923077	0.026493318351363197	Q04206, P01375	65	8	19104	73.47692307692309	1.0	0.08714008577446532	0.06406211233027602
GOTERM_BP_FAT	GO:0070163~regulation of adiponectin secretion	2	3.076923076923077	0.026493318351363197	P37231, P01584	65	8	19104	73.47692307692309	1.0	0.08714008577446532	0.06406211233027602
GOTERM_BP_FAT	GO:0072683~T cell extravasation	2	3.076923076923077	0.026493318351363197	P05362, P13500	65	8	19104	73.47692307692309	1.0	0.08714008577446532	0.06406211233027602
GOTERM_BP_FAT	GO:0090400~stress-induced premature senescence	2	3.076923076923077	0.026493318351363197	P04637, P38936	65	8	19104	73.47692307692309	1.0	0.08714008577446532	0.06406211233027602
GOTERM_BP_FAT	GO:0099565~chemical synaptic transmission, postsynaptic	3	4.615384615384616	0.02686107741320466	P08581, P31749	65	76	19104	11.601619433198382	1.0	0.08810630718086965	0.06477244195323731
GOTERM_BP_FAT	GO:0140374~antiviral innate immune response	3	4.615384615384616	0.02686107741320466	Q04206, P02778, P01375	65	76	19104	11.601619433198382	1.0	0.08810630718086965	0.06477244195323731
GOTERM_BP_FAT	GO:0045600~positive regulation of fat cell differentiation	3	4.615384615384616	0.02686107741320466	P37231, P31749, P35354	65	76	19104	11.601619433198382	1.0	0.08810630718086965	0.06477244195323731
GOTERM_BP_FAT	GO:0051250~negative regulation of lymphocyte activation	4	6.153846153846154	0.0269663472181169	P04626, P42574, P60568, P22301	65	193	19104	6.091351135910722	1.0	0.08828945212017743	0.0649070832216086
GOTERM_BP_FAT	GO:1905475~regulation of protein localization to membrane	4	6.153846153846154	0.0269663472181169	P31749, P01579, P00533, P01375	65	193	19104	6.091351135910722	1.0	0.08828945212017743	0.0649070832216086
GOTERM_MF_FAT	GO:0001227~DNA-binding transcription repressor activity, RNA polymerase II-specific	5	7.6923076923076925	0.02714701166371964	P37231, Q07869, Q04206, P04637, P01106	65	308	17305	4.321928071928072	0.9999962551309131	0.1220271613398883	0.10159970701867352
GOTERM_CC_FAT	GO:0008385~IkappaB kinase complex	2	3.076923076923077	0.027333422248710947	O15111, O14920	59	8	16775	71.08050847457628	0.9997025253315269	0.2355497858491855	0.21786345380590197
GOTERM_BP_FAT	GO:2000144~positive regulation of DNA-templated transcription initiation	3	4.615384615384616	0.027518750392580532	P04637, P01106, P25963	65	77	19104	11.450949050949053	1.0	0.08993318975507562	0.06611549728354664
GOTERM_BP_FAT	GO:0090559~regulation of membrane permeability	3	4.615384615384616	0.027518750392580532	P10415, P04637, Q07812	65	77	19104	11.450949050949053	1.0	0.08993318975507562	0.06611549728354664
KEGG_PATHWAY	hsa05231:Choline metabolism in cancer	4	6.153846153846154	0.02757836683541882	P28482, P31749, Q16665, P00533	63	99	9375	6.012506012506012	0.9979875558313737	0.04730750618691074	0.02757836683541882
GOTERM_MF_FAT	GO:0001664~G protein-coupled receptor binding	5	7.6923076923076925	0.02771205267347323	P42224, P02778, P13500, P60568, P10145	65	310	17305	4.294044665012407	0.9999971233594904	0.12334580307604752	0.10269760696640079
GOTERM_BP_FAT	GO:0007596~blood coagulation	4	6.153846153846154	0.028052757441938102	P31645, P00749, P05231, P29965	65	196	19104	5.998116169544741	1.0	0.09159456086161143	0.067336874810356
GOTERM_BP_FAT	GO:0042058~regulation of epidermal growth factor receptor signaling pathway	3	4.615384615384616	0.028182905720667173	P00749, P14780, P00533	65	78	19104	11.304142011834319	1.0	0.091767857095919	0.0674642756813783
GOTERM_BP_FAT	GO:0050818~regulation of coagulation	3	4.615384615384616	0.028182905720667173	P00749, P29474, Q16236	65	78	19104	11.304142011834319	1.0	0.091767857095919	0.0674642756813783
GOTERM_BP_FAT	GO:0033077~T cell differentiation in thymus	3	4.615384615384616	0.028182905720667173	P10415, P04626, P04637	65	78	19104	11.304142011834319	1.0	0.091767857095919	0.0674642756813783
GOTERM_CC_FAT	GO:0005694~chromosome	14	21.53846153846154	0.028434640907816947	O96017, P35869, O15392, O75469, P04637, P11802, P37231, P42224, Q07869, Q04206, P01106, Q16236, Q16665, P06400	59	2138	16775	1.861790680344374	0.9997865469455816	0.23803856531401046	0.22016536245766835
GOTERM_BP_FAT	GO:0050817~coagulation	4	6.153846153846154	0.028789888574272695	P31645, P00749, P05231, P29965	65	198	19104	5.937529137529138	1.0	0.09365890891375417	0.06885450582517313
GOTERM_MF_FAT	GO:0000977~RNA polymerase II transcription regulatory region sequence-specific DNA binding	11	16.923076923076923	0.0288165438200577	P37231, P42224, P35869, O75469, Q07869, Q04206, P04637, P01106, Q16665, Q16236, P06400	65	1376	17305	2.1282983005366725	0.99999828296489	0.12394835605176886	0.1031992920431027
GOTERM_BP_FAT	GO:0007589~body fluid secretion	3	4.615384615384616	0.02885349405220293	P24385, Q07869, Q16665	65	79	19104	11.161051606621228	1.0	0.09369516432224442	0.0688811594373499
GOTERM_BP_FAT	GO:0007265~Ras protein signal transduction	3	4.615384615384616	0.02885349405220293	P04637, P38936, P06400	65	79	19104	11.161051606621228	1.0	0.09369516432224442	0.0688811594373499
GOTERM_MF_FAT	GO:0000987~cis-regulatory region sequence-specific DNA binding	10	15.384615384615385	0.029117109631228603	P37231, P42224, P35869, O75469, Q07869, Q04206, P04637, P01106, Q16665, Q16236	65	1182	17305	2.2523753742027854	0.9999985080686113	0.12394835605176886	0.1031992920431027
GOTERM_BP_FAT	GO:0023061~signal release	4	6.153846153846154	0.029162307562791007	P05231, Q16665, P35354, P35228	65	199	19104	5.907692307692308	1.0	0.09461195514467709	0.06955514955484939
GOTERM_MF_FAT	GO:0101020~estrogen 16-alpha-hydroxylase activity	2	3.076923076923077	0.02921249801220103	P08684, P05177	65	8	17305	66.5576923076923	0.9999985731571207	0.12394835605176886	0.1031992920431027
GOTERM_MF_FAT	GO:0051400~BH domain binding	2	3.076923076923077	0.02921249801220103	P10415, Q07812	65	8	17305	66.5576923076923	0.9999985731571207	0.12394835605176886	0.1031992920431027
GOTERM_MF_FAT	GO:0034618~arginine binding	2	3.076923076923077	0.02921249801220103	P29474, P35228	65	8	17305	66.5576923076923	0.9999985731571207	0.12394835605176886	0.1031992920431027
GOTERM_BP_FAT	GO:0010803~regulation of tumor necrosis factor-mediated signaling pathway	3	4.615384615384616	0.029530466293681962	Q14790, P09211, O14920	65	80	19104	11.021538461538464	1.0	0.09549728699262108	0.07020601221797956
GOTERM_BP_FAT	GO:0006879~intracellular iron ion homeostasis	3	4.615384615384616	0.029530466293681962	P01106, Q16665, P09601	65	80	19104	11.021538461538464	1.0	0.09549728699262108	0.07020601221797956
GOTERM_BP_FAT	GO:0038134~ERBB2-EGFR signaling pathway	2	3.076923076923077	0.029756013556211443	P04626, P00533	65	9	19104	65.31282051282052	1.0	0.09549728699262108	0.07020601221797956
GOTERM_BP_FAT	GO:0032873~negative regulation of stress-activated MAPK cascade	2	3.076923076923077	0.029756013556211443	P01106, P09211	65	9	19104	65.31282051282052	1.0	0.09549728699262108	0.07020601221797956
GOTERM_BP_FAT	GO:1903943~regulation of hepatocyte apoptotic process	2	3.076923076923077	0.029756013556211443	Q07869, P06400	65	9	19104	65.31282051282052	1.0	0.09549728699262108	0.07020601221797956
GOTERM_BP_FAT	GO:0038133~ERBB2-ERBB3 signaling pathway	2	3.076923076923077	0.029756013556211443	P04626, P28482	65	9	19104	65.31282051282052	1.0	0.09549728699262108	0.07020601221797956
GOTERM_BP_FAT	GO:0048087~positive regulation of developmental pigmentation	2	3.076923076923077	0.029756013556211443	P10415, Q07812	65	9	19104	65.31282051282052	1.0	0.09549728699262108	0.07020601221797956
GOTERM_BP_FAT	GO:0048012~hepatocyte growth factor receptor signaling pathway	2	3.076923076923077	0.029756013556211443	P08581	65	9	19104	65.31282051282052	1.0	0.09549728699262108	0.07020601221797956
GOTERM_BP_FAT	GO:0002676~regulation of chronic inflammatory response	2	3.076923076923077	0.029756013556211443	P22301, P01375	65	9	19104	65.31282051282052	1.0	0.09549728699262108	0.07020601221797956
GOTERM_BP_FAT	GO:2000553~positive regulation of T-helper 2 cell cytokine production	2	3.076923076923077	0.029756013556211443	P05231, P05112	65	9	19104	65.31282051282052	1.0	0.09549728699262108	0.07020601221797956
GOTERM_BP_FAT	GO:0038129~ERBB3 signaling pathway	2	3.076923076923077	0.029756013556211443	P04626, P28482	65	9	19104	65.31282051282052	1.0	0.09549728699262108	0.07020601221797956
GOTERM_BP_FAT	GO:0031394~positive regulation of prostaglandin biosynthetic process	2	3.076923076923077	0.029756013556211443	P35354, P01584	65	9	19104	65.31282051282052	1.0	0.09549728699262108	0.07020601221797956
GOTERM_BP_FAT	GO:1903036~positive regulation of response to wounding	3	4.615384615384616	0.03021377359536523	Q9NRD8, P00749, Q16236	65	81	19104	10.885470085470086	1.0	0.09679212785877724	0.07115793050312123
GOTERM_BP_FAT	GO:0042130~negative regulation of T cell proliferation	3	4.615384615384616	0.03021377359536523	P04626, P42574, P22301	65	81	19104	10.885470085470086	1.0	0.09679212785877724	0.07115793050312123
GOTERM_BP_FAT	GO:0005996~monosaccharide metabolic process	4	6.153846153846154	0.03029496051122983	Q07869, P31749, P01344, P01375	65	202	19104	5.81995430312262	1.0	0.09679212785877724	0.07115793050312123
GOTERM_BP_FAT	GO:0007599~hemostasis	4	6.153846153846154	0.03029496051122983	P31645, P00749, P05231, P29965	65	202	19104	5.81995430312262	1.0	0.09679212785877724	0.07115793050312123
GOTERM_BP_FAT	GO:0048863~stem cell differentiation	4	6.153846153846154	0.03029496051122983	P10415, P04637, P28482, Q16665	65	202	19104	5.81995430312262	1.0	0.09679212785877724	0.07115793050312123
GOTERM_BP_FAT	GO:0003012~muscle system process	5	7.6923076923076925	0.03059641580716711	O15111, P29474, P09601, P01584, P01375	65	353	19104	4.162998474613206	1.0	0.09766791533798116	0.07180177650546991
GOTERM_CC_FAT	GO:0031264~death-inducing signaling complex	2	3.076923076923077	0.030698046899148422	Q14790, P42574	59	9	16775	63.18267419962335	0.9998922263151309	0.24654416263626236	0.22803231424719148
GOTERM_BP_FAT	GO:0032374~regulation of cholesterol transport	3	4.615384615384616	0.030903367354739586	P37231, P05164, P25963	65	82	19104	10.752720450281426	1.0	0.09829637416841479	0.07226379579122542
GOTERM_BP_FAT	GO:0032371~regulation of sterol transport	3	4.615384615384616	0.030903367354739586	P37231, P05164, P25963	65	82	19104	10.752720450281426	1.0	0.09829637416841479	0.07226379579122542
GOTERM_BP_FAT	GO:0002526~acute inflammatory response	3	4.615384615384616	0.030903367354739586	P01583, P05231, P01584	65	82	19104	10.752720450281426	1.0	0.09829637416841479	0.07226379579122542
GOTERM_BP_FAT	GO:1900076~regulation of cellular response to insulin stimulus	3	4.615384615384616	0.030903367354739586	P37231, P01344, P01584	65	82	19104	10.752720450281426	1.0	0.09829637416841479	0.07226379579122542
GOTERM_BP_FAT	GO:0007005~mitochondrion organization	5	7.6923076923076925	0.031145778942434102	P29474, P10415, P04637, Q07812, P31749	65	355	19104	4.139544962080174	1.0	0.09897929037577813	0.07276585009148749
GOTERM_MF_FAT	GO:1990837~sequence-specific double-stranded DNA binding	12	18.461538461538463	0.03156829222859296	P37231, P42224, P35869, O75469, Q07869, Q04206, P04637, P01106, Q16665, Q16236, P01375, P06400	65	1600	17305	1.9967307692307692	0.9999995264932449	0.13270374696093706	0.11048902280007536
GOTERM_BP_FAT	GO:2000278~regulation of DNA biosynthetic process	3	4.615384615384616	0.03159919922058115	P04637, P38936, P01375	65	83	19104	10.623169601482854	1.0	0.10015291891385615	0.07362865763375875
GOTERM_BP_FAT	GO:0032720~negative regulation of tumor necrosis factor production	3	4.615384615384616	0.03159919922058115	P09211, P05112, P22301	65	83	19104	10.623169601482854	1.0	0.10015291891385615	0.07362865763375875
GOTERM_BP_FAT	GO:0045069~regulation of viral genome replication	3	4.615384615384616	0.03159919922058115	P10415, P01375, P10145	65	83	19104	10.623169601482854	1.0	0.10015291891385615	0.07362865763375875
GOTERM_CC_FAT	GO:0005739~mitochondrion	13	20.0	0.03175867697521267	Q9UNQ0, P10415, P04637, P28482, P31749, Q07812, P04040, Q14790, P08253, P09211, P08254, P05177, P09601	59	1943	16775	1.9023090276263335	0.9999218014289968	0.24654416263626236	0.22803231424719148
GOTERM_CC_FAT	GO:0017053~transcription repressor complex	3	4.615384615384616	0.031975010853849725	P24385, P04637, P01106	59	81	16775	10.530445699937227	0.9999267572582641	0.24654416263626236	0.22803231424719148
GOTERM_BP_FAT	GO:1901184~regulation of ERBB signaling pathway	3	4.615384615384616	0.03230122107705902	P00749, P14780, P00533	65	84	19104	10.496703296703297	1.0	0.10228720007735355	0.075197700840742
GOTERM_BP_FAT	GO:0043412~macromolecule modification	12	18.461538461538463	0.03235876062482097	O96017, P10415, Q07869, P04626, P28482, P31749, P00533, Q16236, O14920, P13500, P35228, P01375	65	1773	19104	1.9892229597813356	1.0	0.10237864743300312	0.0752649294958192
GOTERM_MF_FAT	GO:0101021~estrogen 2-hydroxylase activity	2	3.076923076923077	0.032804473507682425	P08684, P05177	65	9	17305	59.16239316239316	0.999999734855434	0.13576448423118734	0.11303738995460093
GOTERM_MF_FAT	GO:0043168~anion binding	17	26.153846153846157	0.0328944785582172	O96017, Q9UNQ0, P29474, O15111, P04626, P28482, P31749, P11802, P35228, P37231, P08581, Q04206, P09488, P00533, P09211, O14920	65	2688	17305	1.6837511446886446	0.9999997458244883	0.13576448423118734	0.11303738995460093
GOTERM_BP_FAT	GO:0035357~peroxisome proliferator activated receptor signaling pathway	2	3.076923076923077	0.033007944173775505	P37231, Q07869	65	10	19104	58.78153846153847	1.0	0.10352021372396582	0.07610416608038473
GOTERM_BP_FAT	GO:0030656~regulation of vitamin metabolic process	2	3.076923076923077	0.033007944173775505	P01579, P01375	65	10	19104	58.78153846153847	1.0	0.10352021372396582	0.07610416608038473
GOTERM_BP_FAT	GO:1903799~negative regulation of miRNA processing	2	3.076923076923077	0.033007944173775505	P04637, P05231	65	10	19104	58.78153846153847	1.0	0.10352021372396582	0.07610416608038473
GOTERM_BP_FAT	GO:0009750~response to fructose	2	3.076923076923077	0.033007944173775505	Q07869, P01375	65	10	19104	58.78153846153847	1.0	0.10352021372396582	0.07610416608038473
GOTERM_BP_FAT	GO:0070303~negative regulation of stress-activated protein kinase signaling cascade	2	3.076923076923077	0.033007944173775505	P01106, P09211	65	10	19104	58.78153846153847	1.0	0.10352021372396582	0.07610416608038473
GOTERM_BP_FAT	GO:0032025~response to cobalt ion	2	3.076923076923077	0.033007944173775505	Q14790, P42574	65	10	19104	58.78153846153847	1.0	0.10352021372396582	0.07610416608038473
GOTERM_BP_FAT	GO:0001542~ovulation from ovarian follicle	2	3.076923076923077	0.033007944173775505	P29474, P08253	65	10	19104	58.78153846153847	1.0	0.10352021372396582	0.07610416608038473
GOTERM_BP_FAT	GO:1903556~negative regulation of tumor necrosis factor superfamily cytokine production	3	4.615384615384616	0.0330093850592377	P09211, P05112, P22301	65	85	19104	10.373212669683259	1.0	0.10352021372396582	0.07610416608038473
GOTERM_BP_FAT	GO:0034620~cellular response to unfolded protein	3	4.615384615384616	0.0330093850592377	P24385, Q07812, Q16236	65	85	19104	10.373212669683259	1.0	0.10352021372396582	0.07610416608038473
GOTERM_BP_FAT	GO:0070098~chemokine-mediated signaling pathway	3	4.615384615384616	0.0330093850592377	P28482, P02778, P13500	65	85	19104	10.373212669683259	1.0	0.10352021372396582	0.07610416608038473
GOTERM_BP_FAT	GO:0050954~sensory perception of mechanical stimulus	4	6.153846153846154	0.03342796397185625	O15392, P01106, P42574, P01375	65	210	19104	5.598241758241758	1.0	0.10464915627298031	0.07693412216485059
GOTERM_BP_FAT	GO:0070374~positive regulation of ERK1 and ERK2 cascade	4	6.153846153846154	0.03342796397185625	P05362, P00533, P01584, P01375	65	210	19104	5.598241758241758	1.0	0.10464915627298031	0.07693412216485059
GOTERM_BP_FAT	GO:0061919~process utilizing autophagic mechanism	5	7.6923076923076925	0.03369021355664849	O15111, P10415, P04637, P09601, O14920	65	364	19104	4.037193575655114	1.0	0.10528560177108347	0.07740201294817053
GOTERM_BP_FAT	GO:0006914~autophagy	5	7.6923076923076925	0.03369021355664849	O15111, P10415, P04637, P09601, O14920	65	364	19104	4.037193575655114	1.0	0.10528560177108347	0.07740201294817053
GOTERM_BP_FAT	GO:0050766~positive regulation of phagocytosis	3	4.615384615384616	0.0337236435385158	P37231, P01579, P13500	65	86	19104	10.252593917710197	1.0	0.10529794992970143	0.0774110908497749
GOTERM_MF_FAT	GO:0008237~metallopeptidase activity	4	6.153846153846154	0.0337452971725661	P14780, P03956, P08253, P08254	65	191	17305	5.575513491743859	0.999999829550479	0.13802130555265774	0.11491641739846833
GOTERM_BP_FAT	GO:0044089~positive regulation of cellular component biogenesis	6	9.230769230769232	0.033820220769256726	P04637, Q07812, P03956, P01579, P08254, P01375	65	537	19104	3.2838848302535455	1.0	0.10544902083620931	0.07752215249604862
GOTERM_BP_FAT	GO:0021543~pallium development	4	6.153846153846154	0.03383106883490926	Q07812, Q16665, P00533, P42574	65	211	19104	5.571709806780897	1.0	0.10544902083620931	0.07752215249604862
GOTERM_CC_FAT	GO:0097136~Bcl-2 family protein complex	2	3.076923076923077	0.03405123270852615	P10415, Q07812	59	10	16775	56.86440677966102	0.9999609564651859	0.25582079957944004	0.23661241189770735
GOTERM_BP_FAT	GO:0001501~skeletal system development	6	9.230769230769232	0.034051671221379906	P14780, P04637, P01106, P08253, Q16665, P06400	65	538	19104	3.277780955104375	1.0	0.10604408858131562	0.07795962391224379
KEGG_PATHWAY	hsa05014:Amyotrophic lateral sclerosis	7	10.76923076923077	0.03405216254676494	P10415, P04637, Q07812, P04040, P42574, P35228, P01375	63	368	9375	2.8306159420289854	0.9995432108849253	0.05796665838113422	0.03405216254676494
GOTERM_BP_FAT	GO:0001657~ureteric bud development	3	4.615384615384616	0.03444394913464603	P10415, P04040, P01106	65	87	19104	10.13474801061008	1.0	0.10707901332372118	0.07872046164280286
GOTERM_BP_FAT	GO:0045670~regulation of osteoclast differentiation	3	4.615384615384616	0.03444394913464603	P01579, P05112, P01375	65	87	19104	10.13474801061008	1.0	0.10707901332372118	0.07872046164280286
GOTERM_BP_FAT	GO:0002064~epithelial cell development	4	6.153846153846154	0.03464490661145152	P08581, P05362, Q16665	65	213	19104	5.519393282773565	1.0	0.10761009253574332	0.07911089109710581
GOTERM_BP_FAT	GO:0072163~mesonephric epithelium development	3	4.615384615384616	0.035170254696803294	P10415, P04040, P01106	65	88	19104	10.01958041958042	1.0	0.1090522133480741	0.08017108405712278
GOTERM_BP_FAT	GO:0072164~mesonephric tubule development	3	4.615384615384616	0.035170254696803294	P10415, P04040, P01106	65	88	19104	10.01958041958042	1.0	0.1090522133480741	0.08017108405712278
GOTERM_BP_FAT	GO:0055080~monoatomic cation homeostasis	6	9.230769230769232	0.03522383307240481	P01583, P10415, Q07812, P01106, Q16665, P09601	65	543	19104	3.247598810029749	1.0	0.10912361815666086	0.08022357818571987
GOTERM_BP_FAT	GO:0031400~negative regulation of protein modification process	4	6.153846153846154	0.03546889846109762	Q04206, P31749, P38936, P06400	65	215	19104	5.4680500894454385	1.0	0.1097876129142467	0.08071172214804362
GOTERM_BP_FAT	GO:0048864~stem cell development	3	4.615384615384616	0.03590251332707188	P10415, P28482, Q16665	65	89	19104	9.907000864304235	1.0	0.1109375238791529	0.08155709342291588
GOTERM_BP_FAT	GO:0001942~hair follicle development	3	4.615384615384616	0.03590251332707188	P10415, Q04206, P00533	65	89	19104	9.907000864304235	1.0	0.1109375238791529	0.08155709342291588
KEGG_PATHWAY	hsa04350:TGF-beta signaling pathway	4	6.153846153846154	0.03607039866931239	P28482, P01106, P01579, P01375	63	110	9375	5.411255411255411	0.9997128819963536	0.060937112903459566	0.03607039866931239
GOTERM_MF_FAT	GO:0017076~purine nucleotide binding	14	21.53846153846154	0.03615950482772387	O96017, Q9UNQ0, P29474, O15111, P04626, P28482, P31749, P11802, P35228, P08581, P04040, P00533, O14920	65	2058	17305	1.8110936682365255	0.9999999452547162	0.14489515683187695	0.12063957991728963
GOTERM_MF_FAT	GO:0043539~protein serine/threonine kinase activator activity	3	4.615384615384616	0.03618497173144947	P24385, P01344, P29965	65	81	17305	9.86039886039886	0.9999999459075115	0.14489515683187695	0.12063957991728963
GOTERM_BP_FAT	GO:0070431~nucleotide-binding oligomerization domain containing 2 signaling pathway	2	3.076923076923077	0.03624914515731991	Q04206, P25963	65	11	19104	53.437762237762236	1.0	0.11123878565459341	0.08177856974495025
GOTERM_BP_FAT	GO:0019371~cyclooxygenase pathway	2	3.076923076923077	0.03624914515731991	P23219, P35354	65	11	19104	53.437762237762236	1.0	0.11123878565459341	0.08177856974495025
GOTERM_BP_FAT	GO:0048304~positive regulation of isotype switching to IgG isotypes	2	3.076923076923077	0.03624914515731991	P05112, P60568	65	11	19104	53.437762237762236	1.0	0.11123878565459341	0.08177856974495025
GOTERM_BP_FAT	GO:0019372~lipoxygenase pathway	2	3.076923076923077	0.03624914515731991	P09917, P35354	65	11	19104	53.437762237762236	1.0	0.11123878565459341	0.08177856974495025
GOTERM_BP_FAT	GO:2001280~positive regulation of unsaturated fatty acid biosynthetic process	2	3.076923076923077	0.03624914515731991	P35354, P01584	65	11	19104	53.437762237762236	1.0	0.11123878565459341	0.08177856974495025
GOTERM_BP_FAT	GO:0010887~negative regulation of cholesterol storage	2	3.076923076923077	0.03624914515731991	P37231, Q07869	65	11	19104	53.437762237762236	1.0	0.11123878565459341	0.08177856974495025
GOTERM_BP_FAT	GO:0044346~fibroblast apoptotic process	2	3.076923076923077	0.03624914515731991	P01106, P42574	65	11	19104	53.437762237762236	1.0	0.11123878565459341	0.08177856974495025
GOTERM_BP_FAT	GO:0097709~connective tissue replacement	2	3.076923076923077	0.03624914515731991	P01583, Q16665	65	11	19104	53.437762237762236	1.0	0.11123878565459341	0.08177856974495025
GOTERM_MF_FAT	GO:0001094~TFIID-class transcription factor complex binding	2	3.076923076923077	0.036383365371881	P35869, P04637	65	10	17305	53.246153846153845	0.9999999507340374	0.14489515683187695	0.12063957991728963
GOTERM_BP_FAT	GO:0002720~positive regulation of cytokine production involved in immune response	3	4.615384615384616	0.036640678354685326	P05231, P05112, P01584	65	90	19104	9.796923076923079	1.0	0.1123437794703313	0.08259091962180573
GOTERM_BP_FAT	GO:0048469~cell maturation	4	6.153846153846154	0.037147259329411514	P37231, P10415, Q16665, P06400	65	219	19104	5.368177028451002	1.0	0.11379932274842017	0.0836609802736146
GOTERM_CC_FAT	GO:0035631~CD40 receptor complex	2	3.076923076923077	0.037393017886716846	O15111, O14920	59	11	16775	51.69491525423729	0.9999858564256077	0.2739038560202009	0.2533376961825066
GOTERM_BP_FAT	GO:0045446~endothelial cell differentiation	3	4.615384615384616	0.03813454212406582	P08581, P05362	65	92	19104	9.583946488294316	1.0	0.1162392445085151	0.08545471894718944
GOTERM_BP_FAT	GO:0022405~hair cycle process	3	4.615384615384616	0.03813454212406582	P10415, Q04206, P00533	65	92	19104	9.583946488294316	1.0	0.1162392445085151	0.08545471894718944
GOTERM_BP_FAT	GO:0001823~mesonephros development	3	4.615384615384616	0.03813454212406582	P10415, P04040, P01106	65	92	19104	9.583946488294316	1.0	0.1162392445085151	0.08545471894718944
GOTERM_BP_FAT	GO:0022404~molting cycle process	3	4.615384615384616	0.03813454212406582	P10415, Q04206, P00533	65	92	19104	9.583946488294316	1.0	0.1162392445085151	0.08545471894718944
GOTERM_BP_FAT	GO:0050810~regulation of steroid biosynthetic process	3	4.615384615384616	0.03813454212406582	P28482, P01579, P01375	65	92	19104	9.583946488294316	1.0	0.1162392445085151	0.08545471894718944
GOTERM_BP_FAT	GO:0050801~monoatomic ion homeostasis	6	9.230769230769232	0.03813896824299544	P01583, P10415, Q07812, P01106, Q16665, P09601	65	555	19104	3.1773804573804574	1.0	0.1162392445085151	0.08545471894718944
GOTERM_BP_FAT	GO:0002695~negative regulation of leukocyte activation	4	6.153846153846154	0.038432520323881024	P04626, P42574, P60568, P22301	65	222	19104	5.295634095634096	1.0	0.11703406871006225	0.08603904379412751
KEGG_PATHWAY	hsa04930:Type II diabetes mellitus	3	4.615384615384616	0.038452734588363346	P28482, O14920, P01375	63	47	9375	9.498480243161094	0.9998342393522421	0.06447338205417313	0.038452734588363346
GOTERM_MF_FAT	GO:0140678~molecular function inhibitor activity	7	10.76923076923077	0.038658168807553975	O15392, P10415, P31749, P38936, P09211, P42574, P25963	65	677	17305	2.752755368708102	0.9999999831523432	0.15261572729243048	0.12706772008048176
GOTERM_CC_FAT	GO:0030312~external encapsulating structure	6	9.230769230769232	0.0387116565750875	P14780, P03956, P31749, P05362, P08253, P08254	59	541	16775	3.1532942761364704	0.999990534858844	0.27664671650001554	0.255874608093871
GOTERM_BP_FAT	GO:0032729~positive regulation of type II interferon production	3	4.615384615384616	0.03889014871334903	P60568, P01584, P01375	65	93	19104	9.48089330024814	1.0	0.11822605208858106	0.08691534512447197
GOTERM_BP_FAT	GO:0061326~renal tubule development	3	4.615384615384616	0.03889014871334903	P42224, P10415, P01106	65	93	19104	9.48089330024814	1.0	0.11822605208858106	0.08691534512447197
GOTERM_BP_FAT	GO:0070989~oxidative demethylation	2	3.076923076923077	0.03947965134829556	P08684, P05177	65	12	19104	48.98461538461539	1.0	0.11950958865772181	0.08785895291578316
GOTERM_BP_FAT	GO:1900451~positive regulation of glutamate receptor signaling pathway	2	3.076923076923077	0.03947965134829556	P01579, P13500	65	12	19104	48.98461538461539	1.0	0.11950958865772181	0.08785895291578316
GOTERM_BP_FAT	GO:0020027~hemoglobin metabolic process	2	3.076923076923077	0.03947965134829556	P04040, Q16665	65	12	19104	48.98461538461539	1.0	0.11950958865772181	0.08785895291578316
GOTERM_BP_FAT	GO:0071362~cellular response to ether	2	3.076923076923077	0.03947965134829556	P11802, P31749	65	12	19104	48.98461538461539	1.0	0.11950958865772181	0.08785895291578316
GOTERM_BP_FAT	GO:1900222~negative regulation of amyloid-beta clearance	2	3.076923076923077	0.03947965134829556	P01579, P01375	65	12	19104	48.98461538461539	1.0	0.11950958865772181	0.08785895291578316
GOTERM_MF_FAT	GO:0070063~RNA polymerase binding	3	4.615384615384616	0.03949890815894235	P35869, P04626, P04637	65	85	17305	9.396380090497738	0.9999999886752207	0.15370293314985423	0.12797292671948216
GOTERM_BP_FAT	GO:0051591~response to cAMP	3	4.615384615384616	0.03965147739587815	Q9NRD8, P42224, P35869	65	94	19104	9.380032733224223	1.0	0.11962422065715941	0.08794322604862838
GOTERM_BP_FAT	GO:0032370~positive regulation of lipid transport	3	4.615384615384616	0.03965147739587815	P37231, P05164, P01584	65	94	19104	9.380032733224223	1.0	0.11962422065715941	0.08794322604862838
GOTERM_BP_FAT	GO:1990868~response to chemokine	3	4.615384615384616	0.03965147739587815	P28482, P02778, P13500	65	94	19104	9.380032733224223	1.0	0.11962422065715941	0.08794322604862838
GOTERM_BP_FAT	GO:1990869~cellular response to chemokine	3	4.615384615384616	0.03965147739587815	P28482, P02778, P13500	65	94	19104	9.380032733224223	1.0	0.11962422065715941	0.08794322604862838
GOTERM_MF_FAT	GO:0016175~superoxide-generating NAD(P)H oxidase activity	2	3.076923076923077	0.039949220510314534	Q9NRD8, P29474	65	11	17305	48.40559440559441	0.999999990846886	0.15370293314985423	0.12797292671948216
GOTERM_MF_FAT	GO:0070513~death domain binding	2	3.076923076923077	0.039949220510314534	P10415, Q07812	65	11	17305	48.40559440559441	0.999999990846886	0.15370293314985423	0.12797292671948216
GOTERM_BP_FAT	GO:0016485~protein processing	4	6.153846153846154	0.04018136481382516	P00749, P01106, Q14790, P42574	65	226	19104	5.201906058543226	1.0	0.12112053596201135	0.08904326076042605
KEGG_PATHWAY	hsa04928:Parathyroid hormone synthesis, secretion and action	4	6.153846153846154	0.04032734701607917	P10415, P28482, P38936, P00533	63	115	9375	5.175983436853001	0.9998925188086689	0.06711192824317654	0.04032734701607917
GOTERM_MF_FAT	GO:0008233~peptidase activity	7	10.76923076923077	0.040564704830504034	P00749, P14780, P03956, Q14790, P08253, P08254, P42574	65	685	17305	2.720606400898372	0.999999993158935	0.15475946212646077	0.12885259181454223
KEGG_PATHWAY	hsa04670:Leukocyte transendothelial migration	4	6.153846153846154	0.04120814306573287	P14780, P19320, P05362, P08253	63	116	9375	5.1313628899835795	0.9999123397327635	0.0680697474345069	0.04120814306573287
GOTERM_BP_FAT	GO:0050777~negative regulation of immune response	4	6.153846153846154	0.041519255377064856	P37231, P35869, P60568, P22301	65	229	19104	5.133758817601613	1.0	0.125047875385224	0.09193049293437801
GOTERM_BP_FAT	GO:0016239~positive regulation of macroautophagy	3	4.615384615384616	0.04196934224807911	Q16665, P09601, P05112	65	97	19104	9.08992862807296	1.0	0.12608451682938485	0.09269259271947497
GOTERM_BP_FAT	GO:0015908~fatty acid transport	3	4.615384615384616	0.04196934224807911	P37231, P35354, P35228	65	97	19104	9.08992862807296	1.0	0.12608451682938485	0.09269259271947497
GOTERM_BP_FAT	GO:0051098~regulation of binding	3	4.615384615384616	0.04196934224807911	P14780, Q07812, P06400	65	97	19104	9.08992862807296	1.0	0.12608451682938485	0.09269259271947497
GOTERM_BP_FAT	GO:2000551~regulation of T-helper 2 cell cytokine production	2	3.076923076923077	0.042699497477922635	P05231, P05112	65	13	19104	45.21656804733728	1.0	0.12784795053741796	0.09398900283069979
GOTERM_BP_FAT	GO:0072577~endothelial cell apoptotic process	2	3.076923076923077	0.042699497477922635	P22301, P01375	65	13	19104	45.21656804733728	1.0	0.12784795053741796	0.09398900283069979
GOTERM_BP_FAT	GO:0014854~response to inactivity	2	3.076923076923077	0.042699497477922635	P04040, P22301	65	13	19104	45.21656804733728	1.0	0.12784795053741796	0.09398900283069979
GOTERM_BP_FAT	GO:0140353~lipid export from cell	2	3.076923076923077	0.042699497477922635	P35354, P35228	65	13	19104	45.21656804733728	1.0	0.12784795053741796	0.09398900283069979
GOTERM_BP_FAT	GO:0071331~cellular response to hexose stimulus	3	4.615384615384616	0.04275310670721685	Q07869, P05362, Q16665	65	98	19104	8.99717425431711	1.0	0.1279012539013221	0.0940281894582508
GOTERM_BP_FAT	GO:0000902~cell morphogenesis	7	10.76923076923077	0.04300357104664494	P08581, P10415, P04626, P00533, P42574, P06400	65	767	19104	2.6823387824691607	1.0	0.1285428918649504	0.09449989754685324
KEGG_PATHWAY	hsa00330:Arginine and proline metabolism	3	4.615384615384616	0.04303148907737828	P11926, P29474, P35228	63	50	9375	8.928571428571429	0.9999425516243324	0.0705589857665835	0.04303148907737828
GOTERM_MF_FAT	GO:0097371~MDM2/MDM4 family protein binding	2	3.076923076923077	0.04350208565923263	Q07869, P04637	65	12	17305	44.371794871794876	0.9999999982996104	0.1632227015643935	0.13589907751396638
GOTERM_MF_FAT	GO:1990459~transferrin receptor binding	2	3.076923076923077	0.04350208565923263	O15111, O14920	65	12	17305	44.371794871794876	0.9999999982996104	0.1632227015643935	0.13589907751396638
GOTERM_BP_FAT	GO:0009791~post-embryonic development	3	4.615384615384616	0.043542368113705085	P10415, Q07812, P05177	65	99	19104	8.906293706293708	1.0	0.1300445977442764	0.09560389520617855
GOTERM_BP_FAT	GO:0035967~cellular response to topologically incorrect protein	3	4.615384615384616	0.044337082128620385	P24385, Q07812, Q16236	65	100	19104	8.817230769230768	1.0	0.13208678679185323	0.09710523575459311
GOTERM_BP_FAT	GO:0071326~cellular response to monosaccharide stimulus	3	4.615384615384616	0.044337082128620385	Q07869, P05362, Q16665	65	100	19104	8.817230769230768	1.0	0.13208678679185323	0.09710523575459311
GOTERM_BP_FAT	GO:0051928~positive regulation of calcium ion transport	3	4.615384615384616	0.044337082128620385	Q07812, P02778, P13500	65	100	19104	8.817230769230768	1.0	0.13208678679185323	0.09710523575459311
GOTERM_CC_FAT	GO:0005783~endoplasmic reticulum	14	21.53846153846154	0.044977054297208205	Q9NRD8, P10415, P04637, P28482, P19320, P35354, P23219, Q07812, P08684, P01106, P00533, P05231, P05177, P09601	59	2281	16775	1.7450716679422493	0.9999986066981272	0.3137684978352858	0.2902090884415101
GOTERM_BP_FAT	GO:0048640~negative regulation of developmental growth	3	4.615384615384616	0.045137204635555976	P31645, Q07869, P38936	65	101	19104	8.72993145468393	1.0	0.1343584124651716	0.098775249477475
GOTERM_BP_FAT	GO:0045859~regulation of protein kinase activity	4	6.153846153846154	0.0456669316170063	P04626, P38936, P01375, P06400	65	238	19104	4.939625080801552	1.0	0.13562586357939208	0.09970703184755979
GOTERM_BP_FAT	GO:0009057~macromolecule catabolic process	9	13.846153846153847	0.045893716876524854	O96017, Q04206, P31749, Q14790, P08253, P00533, P08254, Q16236, P42574	65	1198	19104	2.207987671760627	1.0	0.13562586357939208	0.09970703184755979
GOTERM_BP_FAT	GO:0032494~response to peptidoglycan	2	3.076923076923077	0.04590871816535951	Q04206, P05231	65	14	19104	41.986813186813194	1.0	0.13562586357939208	0.09970703184755979
GOTERM_BP_FAT	GO:0050665~hydrogen peroxide biosynthetic process	2	3.076923076923077	0.04590871816535951	Q9NRD8, P05177	65	14	19104	41.986813186813194	1.0	0.13562586357939208	0.09970703184755979
GOTERM_BP_FAT	GO:0060402~calcium ion transport into cytosol	2	3.076923076923077	0.04590871816535951	P10415, Q07812	65	14	19104	41.986813186813194	1.0	0.13562586357939208	0.09970703184755979
GOTERM_BP_FAT	GO:0002674~negative regulation of acute inflammatory response	2	3.076923076923077	0.04590871816535951	P37231, P09211	65	14	19104	41.986813186813194	1.0	0.13562586357939208	0.09970703184755979
GOTERM_BP_FAT	GO:0090091~positive regulation of extracellular matrix disassembly	2	3.076923076923077	0.04590871816535951	P00749, P05231	65	14	19104	41.986813186813194	1.0	0.13562586357939208	0.09970703184755979
GOTERM_BP_FAT	GO:1903845~negative regulation of cellular response to transforming growth factor beta stimulus	2	3.076923076923077	0.04590871816535951	P37231, P05112	65	14	19104	41.986813186813194	1.0	0.13562586357939208	0.09970703184755979
GOTERM_BP_FAT	GO:0030728~ovulation	2	3.076923076923077	0.04590871816535951	P29474, P08253	65	14	19104	41.986813186813194	1.0	0.13562586357939208	0.09970703184755979
GOTERM_BP_FAT	GO:0046632~alpha-beta T cell differentiation	3	4.615384615384616	0.04594269175001803	P10415, P05231, P22301	65	102	19104	8.644343891402716	1.0	0.13562586357939208	0.09970703184755979
GOTERM_BP_FAT	GO:0045619~regulation of lymphocyte differentiation	4	6.153846153846154	0.046140109211580564	P04626, P05112, P60568, P22301	65	239	19104	4.918957193434181	1.0	0.13609617679914598	0.10005278843072712
GOTERM_BP_FAT	GO:0046903~secretion	6	9.230769230769232	0.046344132601338586	P24385, Q07869, P05231, Q16665, P35354, P35228	65	586	19104	3.009293777894461	1.0	0.1365851828811728	0.10041228730290026
GOTERM_BP_FAT	GO:0030168~platelet activation	3	4.615384615384616	0.04675349980796777	P31645, P05231, P29965	65	103	19104	8.560418222554144	1.0	0.13767807198191334	0.10121573824874146
GOTERM_MF_FAT	GO:0106310~protein serine kinase activity	5	7.6923076923076925	0.04681304231864752	O96017, P28482, P11802, P31749, O14920	65	367	17305	3.6271221966044855	0.999999999647748	0.1722344464200001	0.14340224834088114
GOTERM_MF_FAT	GO:0140537~transcription regulator activator activity	2	3.076923076923077	0.047042007392246725	P01106, Q16665	65	13	17305	40.9585798816568	0.9999999996841465	0.1722344464200001	0.14340224834088114
GOTERM_MF_FAT	GO:0004861~cyclin-dependent protein serine/threonine kinase inhibitor activity	2	3.076923076923077	0.047042007392246725	P38936, P42574	65	13	17305	40.9585798816568	0.9999999996841465	0.1722344464200001	0.14340224834088114
GOTERM_MF_FAT	GO:0031406~carboxylic acid binding	4	6.153846153846154	0.0474318124340612	P37231, P29474, P09211, P35228	65	219	17305	4.862662451703549	0.9999999997376885	0.1722723427605103	0.14343380080060106
GOTERM_BP_FAT	GO:0010906~regulation of glucose metabolic process	3	4.615384615384616	0.0475695853694171	Q07869, P31749, P01344	65	104	19104	8.47810650887574	1.0	0.13996586403587963	0.10289763688639976
GOTERM_BP_FAT	GO:0043502~regulation of muscle adaptation	3	4.615384615384616	0.0483909052224773	P37231, P29474, Q07869	65	105	19104	8.397362637362637	1.0	0.14214828409102706	0.10450206999525115
GOTERM_BP_FAT	GO:0046330~positive regulation of JNK cascade	3	4.615384615384616	0.0483909052224773	P04626, P01584, P01375	65	105	19104	8.397362637362637	1.0	0.14214828409102706	0.10450206999525115
GOTERM_MF_FAT	GO:0043177~organic acid binding	4	6.153846153846154	0.04849997116144895	P37231, P29474, P09211, P35228	65	221	17305	4.818656456665507	0.9999999998423849	0.17475386434363352	0.14549991348434685
GOTERM_BP_FAT	GO:0061043~regulation of vascular wound healing	2	3.076923076923077	0.04910734792180988	P09917, P01375	65	15	19104	39.18769230769231	1.0	0.14261093233878447	0.10484219157940873
GOTERM_BP_FAT	GO:0048070~regulation of developmental pigmentation	2	3.076923076923077	0.04910734792180988	P10415, Q07812	65	15	19104	39.18769230769231	1.0	0.14261093233878447	0.10484219157940873
GOTERM_BP_FAT	GO:0014909~smooth muscle cell migration	2	3.076923076923077	0.04910734792180988	P00749, P10415	65	15	19104	39.18769230769231	1.0	0.14261093233878447	0.10484219157940873
GOTERM_BP_FAT	GO:2000671~regulation of motor neuron apoptotic process	2	3.076923076923077	0.04910734792180988	P10415, Q07812	65	15	19104	39.18769230769231	1.0	0.14261093233878447	0.10484219157940873
GOTERM_BP_FAT	GO:0019430~removal of superoxide radicals	2	3.076923076923077	0.04910734792180988	P29474, P05164	65	15	19104	39.18769230769231	1.0	0.14261093233878447	0.10484219157940873
GOTERM_BP_FAT	GO:0034138~toll-like receptor 3 signaling pathway	2	3.076923076923077	0.04910734792180988	O14920, P01375	65	15	19104	39.18769230769231	1.0	0.14261093233878447	0.10484219157940873
GOTERM_BP_FAT	GO:0014745~negative regulation of muscle adaptation	2	3.076923076923077	0.04910734792180988	P37231, P29474	65	15	19104	39.18769230769231	1.0	0.14261093233878447	0.10484219157940873
GOTERM_BP_FAT	GO:0097049~motor neuron apoptotic process	2	3.076923076923077	0.04910734792180988	P10415, Q07812	65	15	19104	39.18769230769231	1.0	0.14261093233878447	0.10484219157940873
GOTERM_BP_FAT	GO:1900449~regulation of glutamate receptor signaling pathway	2	3.076923076923077	0.04910734792180988	P01579, P13500	65	15	19104	39.18769230769231	1.0	0.14261093233878447	0.10484219157940873
GOTERM_BP_FAT	GO:0035729~cellular response to hepatocyte growth factor stimulus	2	3.076923076923077	0.04910734792180988	Q04206, P22301	65	15	19104	39.18769230769231	1.0	0.14261093233878447	0.10484219157940873
GOTERM_BP_FAT	GO:0031392~regulation of prostaglandin biosynthetic process	2	3.076923076923077	0.04910734792180988	P35354, P01584	65	15	19104	39.18769230769231	1.0	0.14261093233878447	0.10484219157940873
GOTERM_BP_FAT	GO:0070243~regulation of thymocyte apoptotic process	2	3.076923076923077	0.04910734792180988	P04637, Q16665	65	15	19104	39.18769230769231	1.0	0.14261093233878447	0.10484219157940873
GOTERM_BP_FAT	GO:0002903~negative regulation of B cell apoptotic process	2	3.076923076923077	0.04910734792180988	P10415, P60568	65	15	19104	39.18769230769231	1.0	0.14261093233878447	0.10484219157940873
GOTERM_BP_FAT	GO:0048302~regulation of isotype switching to IgG isotypes	2	3.076923076923077	0.04910734792180988	P05112, P60568	65	15	19104	39.18769230769231	1.0	0.14261093233878447	0.10484219157940873
GOTERM_BP_FAT	GO:0070167~regulation of biomineral tissue development	3	4.615384615384616	0.04921741637383354	P09917, P29474, Q16665	65	106	19104	8.318142235123368	1.0	0.14281446895802877	0.1049918240436124
GOTERM_BP_FAT	GO:0033555~multicellular organismal response to stress	3	4.615384615384616	0.050049076046215626	P10415, P31749, P01375	65	107	19104	8.240402588066141	1.0	0.14487463503815415	0.10650638062995318
GOTERM_BP_FAT	GO:0060078~regulation of postsynaptic membrane potential	3	4.615384615384616	0.050049076046215626	P08581, P31749	65	107	19104	8.240402588066141	1.0	0.14487463503815415	0.10650638062995318
GOTERM_BP_FAT	GO:2000177~regulation of neural precursor cell proliferation	3	4.615384615384616	0.050049076046215626	P31645, P04637, Q16665	65	107	19104	8.240402588066141	1.0	0.14487463503815415	0.10650638062995318
GOTERM_CC_FAT	GO:0099503~secretory vesicle	9	13.846153846153847	0.050296375406689076	P00749, P14780, P09917, P28482, P04040, P05164, P09211, P01344, P01584	59	1186	16775	2.1575871037814047	0.9999997287860738	0.34271716265488134	0.31698413337704046
KEGG_PATHWAY	hsa04611:Platelet activation	4	6.153846153846154	0.05054699380424863	P29474, P23219, P28482, P31749	63	126	9375	4.724111866969009	0.999990020444252	0.08227722349158718	0.05054699380424863
GOTERM_MF_FAT	GO:1901363~heterocyclic compound binding	15	23.076923076923077	0.05084463127972333	P31645, O96017, Q9UNQ0, P29474, O15111, P04626, P28482, P31749, P11802, P35228, P08581, P04040, P00533, O14920	65	2385	17305	1.6744073536526367	0.9999999999485792	0.1817595480393259	0.1513328395569718
GOTERM_BP_FAT	GO:0043255~regulation of carbohydrate biosynthetic process	3	4.615384615384616	0.050885841698062546	Q07869, P31749, P01344	65	108	19104	8.164102564102564	1.0	0.1470584357164073	0.1081118287209646
GOTERM_BP_FAT	GO:0048534~hematopoietic or lymphoid organ development	3	4.615384615384616	0.050885841698062546	P10415, P04637, P28482	65	108	19104	8.164102564102564	1.0	0.1470584357164073	0.1081118287209646
GOTERM_BP_FAT	GO:1904892~regulation of receptor signaling pathway via STAT	3	4.615384615384616	0.05172767099039518	P37231, P05231, P22301	65	109	19104	8.089202540578688	1.0	0.14884401938446387	0.1094245226493847
GOTERM_BP_FAT	GO:0071322~cellular response to carbohydrate stimulus	3	4.615384615384616	0.05172767099039518	Q07869, P05362, Q16665	65	109	19104	8.089202540578688	1.0	0.14884401938446387	0.1094245226493847
GOTERM_BP_FAT	GO:0045638~negative regulation of myeloid cell differentiation	3	4.615384615384616	0.05172767099039518	P01106, P05112, P25963	65	109	19104	8.089202540578688	1.0	0.14884401938446387	0.1094245226493847
GOTERM_MF_FAT	GO:0051213~dioxygenase activity	3	4.615384615384616	0.051945946587908354	P09917, P23219, P35354	65	99	17305	8.067599067599067	0.9999999999696452	0.18424577930398744	0.15340287351741685
GOTERM_BP_FAT	GO:0046321~positive regulation of fatty acid oxidation	2	3.076923076923077	0.05229542114431752	P37231, Q07869	65	16	19104	36.73846153846154	1.0	0.14884401938446387	0.1094245226493847
GOTERM_BP_FAT	GO:0035728~response to hepatocyte growth factor	2	3.076923076923077	0.05229542114431752	Q04206, P22301	65	16	19104	36.73846153846154	1.0	0.14884401938446387	0.1094245226493847
GOTERM_BP_FAT	GO:0033598~mammary gland epithelial cell proliferation	2	3.076923076923077	0.05229542114431752	P24385, P28482	65	16	19104	36.73846153846154	1.0	0.14884401938446387	0.1094245226493847
GOTERM_BP_FAT	GO:2001171~positive regulation of ATP biosynthetic process	2	3.076923076923077	0.05229542114431752	Q07869, P05112	65	16	19104	36.73846153846154	1.0	0.14884401938446387	0.1094245226493847
GOTERM_BP_FAT	GO:0001886~endothelial cell morphogenesis	2	3.076923076923077	0.05229542114431752	P08581	65	16	19104	36.73846153846154	1.0	0.14884401938446387	0.1094245226493847
GOTERM_BP_FAT	GO:0033599~regulation of mammary gland epithelial cell proliferation	2	3.076923076923077	0.05229542114431752	P24385, Q07812	65	16	19104	36.73846153846154	1.0	0.14884401938446387	0.1094245226493847
GOTERM_BP_FAT	GO:2000402~negative regulation of lymphocyte migration	2	3.076923076923077	0.05229542114431752	P31749, P13500	65	16	19104	36.73846153846154	1.0	0.14884401938446387	0.1094245226493847
GOTERM_BP_FAT	GO:0032661~regulation of interleukin-18 production	2	3.076923076923077	0.05229542114431752	P22301, P01375	65	16	19104	36.73846153846154	1.0	0.14884401938446387	0.1094245226493847
GOTERM_BP_FAT	GO:2001028~positive regulation of endothelial cell chemotaxis	2	3.076923076923077	0.05229542114431752	P08581	65	16	19104	36.73846153846154	1.0	0.14884401938446387	0.1094245226493847
GOTERM_BP_FAT	GO:0071451~cellular response to superoxide	2	3.076923076923077	0.05229542114431752	P29474, P05164	65	16	19104	36.73846153846154	1.0	0.14884401938446387	0.1094245226493847
GOTERM_BP_FAT	GO:1903798~regulation of miRNA processing	2	3.076923076923077	0.05229542114431752	P04637, P05231	65	16	19104	36.73846153846154	1.0	0.14884401938446387	0.1094245226493847
GOTERM_BP_FAT	GO:1901857~positive regulation of cellular respiration	2	3.076923076923077	0.05229542114431752	P01579, P05112	65	16	19104	36.73846153846154	1.0	0.14884401938446387	0.1094245226493847
GOTERM_BP_FAT	GO:0071450~cellular response to oxygen radical	2	3.076923076923077	0.05229542114431752	P29474, P05164	65	16	19104	36.73846153846154	1.0	0.14884401938446387	0.1094245226493847
GOTERM_BP_FAT	GO:0015732~prostaglandin transport	2	3.076923076923077	0.05229542114431752	P35354, P35228	65	16	19104	36.73846153846154	1.0	0.14884401938446387	0.1094245226493847
GOTERM_BP_FAT	GO:0045651~positive regulation of macrophage differentiation	2	3.076923076923077	0.05229542114431752	Q14790, P06400	65	16	19104	36.73846153846154	1.0	0.14884401938446387	0.1094245226493847
GOTERM_BP_FAT	GO:0061469~regulation of type B pancreatic cell proliferation	2	3.076923076923077	0.05229542114431752	O15392, P11802	65	16	19104	36.73846153846154	1.0	0.14884401938446387	0.1094245226493847
GOTERM_BP_FAT	GO:0043583~ear development	4	6.153846153846154	0.05251279579766522	Q9NRD8, P10415, P28482, P01106	65	252	19104	4.6652014652014655	1.0	0.14904459675492848	0.10957197958523018
GOTERM_BP_FAT	GO:0042303~molting cycle	3	4.615384615384616	0.05257452181164891	P10415, Q04206, P00533	65	110	19104	8.015664335664336	1.0	0.14904459675492848	0.10957197958523018
GOTERM_BP_FAT	GO:0031214~biomineral tissue development	3	4.615384615384616	0.05257452181164891	Q9NRD8, Q07869, Q16665	65	110	19104	8.015664335664336	1.0	0.14904459675492848	0.10957197958523018
GOTERM_BP_FAT	GO:0042633~hair cycle	3	4.615384615384616	0.05257452181164891	P10415, Q04206, P00533	65	110	19104	8.015664335664336	1.0	0.14904459675492848	0.10957197958523018
GOTERM_BP_FAT	GO:0008593~regulation of Notch signaling pathway	3	4.615384615384616	0.05257452181164891	P29474, P31749, P25963	65	110	19104	8.015664335664336	1.0	0.14904459675492848	0.10957197958523018
GOTERM_CC_FAT	GO:0030054~cell junction	15	23.076923076923077	0.05288099200736458	P31645, Q9NRD8, P24385, P04626, P28482, P31749, P11802, P00749, P08581, Q04206, P04040, P05362, P00533, P42574	59	2576	16775	1.6556019054637328	0.9999998779510819	0.3521393331399505	0.32569883713626824
GOTERM_BP_FAT	GO:0060627~regulation of vesicle-mediated transport	6	9.230769230769232	0.053678366109404234	P37231, P28482, P01579, P42574, P13500, P05112	65	611	19104	2.8861639179151455	1.0	0.15205323056525927	0.11178381395979027
GOTERM_MF_FAT	GO:0010181~FMN binding	2	3.076923076923077	0.05408320607654119	P29474, P35228	65	15	17305	35.4974358974359	0.9999999999891048	0.19033934541666436	0.15847637129405093
GOTERM_BP_FAT	GO:0003158~endothelium development	3	4.615384615384616	0.05428312067314741	P08581, P05362	65	112	19104	7.872527472527474	1.0	0.1535228084279355	0.1128641923101228
GOTERM_BP_FAT	GO:1905954~positive regulation of lipid localization	3	4.615384615384616	0.05428312067314741	P37231, P05164, P01584	65	112	19104	7.872527472527474	1.0	0.1535228084279355	0.1128641923101228
GOTERM_CC_FAT	GO:0005741~mitochondrial outer membrane	4	6.153846153846154	0.05492796726752115	P10415, Q07812, Q14790, P09601	59	249	16775	4.567422231298074	0.9999999352530913	0.35764209798630436	0.3307884250999607
GOTERM_BP_FAT	GO:1901222~regulation of non-canonical NF-kappaB signal transduction	3	4.615384615384616	0.055144785566927396	Q04206, P01584, P01375	65	113	19104	7.8028590878148405	1.0	0.15583637187109545	0.11456503710344253
GOTERM_BP_FAT	GO:2000696~regulation of epithelial cell differentiation involved in kidney development	2	3.076923076923077	0.055472972117938064	P42224, P14780	65	17	19104	34.577375565610865	1.0	0.15590043776968904	0.1146121359415463
GOTERM_BP_FAT	GO:0070920~regulation of regulatory ncRNA processing	2	3.076923076923077	0.055472972117938064	P04637, P05231	65	17	19104	34.577375565610865	1.0	0.15590043776968904	0.1146121359415463
GOTERM_BP_FAT	GO:0033189~response to vitamin A	2	3.076923076923077	0.055472972117938064	P37231, P04040	65	17	19104	34.577375565610865	1.0	0.15590043776968904	0.1146121359415463
GOTERM_BP_FAT	GO:0120305~regulation of pigmentation	2	3.076923076923077	0.055472972117938064	P10415, Q07812	65	17	19104	34.577375565610865	1.0	0.15590043776968904	0.1146121359415463
GOTERM_BP_FAT	GO:0045725~positive regulation of glycogen biosynthetic process	2	3.076923076923077	0.055472972117938064	P31749, P01344	65	17	19104	34.577375565610865	1.0	0.15590043776968904	0.1146121359415463
GOTERM_BP_FAT	GO:2001279~regulation of unsaturated fatty acid biosynthetic process	2	3.076923076923077	0.055472972117938064	P35354, P01584	65	17	19104	34.577375565610865	1.0	0.15590043776968904	0.1146121359415463
GOTERM_BP_FAT	GO:0070234~positive regulation of T cell apoptotic process	2	3.076923076923077	0.055472972117938064	P04637, P05362	65	17	19104	34.577375565610865	1.0	0.15590043776968904	0.1146121359415463
GOTERM_BP_FAT	GO:0006351~DNA-templated transcription	6	9.230769230769232	0.055534522799727086	P37231, Q04206, P04637, P01106, P60568, P06400	65	617	19104	2.8580974940780455	1.0	0.15595071968602606	0.11464910131453092
GOTERM_BP_FAT	GO:0031341~regulation of cell killing	3	4.615384615384616	0.05601130569896804	P05362, P35228, P05112	65	114	19104	7.734412955465587	1.0	0.15704268756413958	0.1154518750121586
GOTERM_BP_FAT	GO:0010389~regulation of G2/M transition of mitotic cell cycle	3	4.615384615384616	0.05601130569896804	P24385, P11802, P38936	65	114	19104	7.734412955465587	1.0	0.15704268756413958	0.1154518750121586
GOTERM_MF_FAT	GO:0005524~ATP binding	11	16.923076923076923	0.056523898762402595	O96017, Q9UNQ0, P08581, O15111, P04626, P28482, P11802, P31749, P00533, O14920	65	1546	17305	1.8942680863767543	0.9999999999966285	0.19365479414485617	0.16123681098404322
GOTERM_BP_FAT	GO:0019953~sexual reproduction	9	13.846153846153847	0.05656442166784044	Q9NRD8, O15392, P29474, P10415, Q07812, P31749, P08253, P01344, P06400	65	1251	19104	2.1144438295517434	1.0	0.15846910917453025	0.11650052650960706
GOTERM_MF_FAT	GO:0032553~ribonucleotide binding	13	20.0	0.05659870313797147	O96017, Q9UNQ0, P08581, P29474, O15111, P04626, P28482, P31749, P11802, P00533, O14920, P35228	65	1977	17305	1.7506322711178555	0.9999999999967476	0.19365479414485617	0.16123681098404322
GOTERM_BP_FAT	GO:0043549~regulation of kinase activity	4	6.153846153846154	0.05663596078563083	P04626, P38936, P01375, P06400	65	260	19104	4.521656804733728	1.0	0.15854518176040228	0.11655645221243462
GOTERM_MF_FAT	GO:0003677~DNA binding	16	24.615384615384617	0.05679897908605297	P35869, O75469, P10415, P04637, P28482, P37231, P42224, P08581, Q07869, Q04206, P01106, P00533, Q16236, Q16665, P06400, P01375	65	2650	17305	1.607431059506531	0.9999999999970465	0.19365479414485617	0.16123681098404322
GOTERM_BP_FAT	GO:0050764~regulation of phagocytosis	3	4.615384615384616	0.05688264003417241	P37231, P01579, P13500	65	115	19104	7.667157190635452	1.0	0.15911103383090358	0.11697244536392855
GOTERM_CC_FAT	GO:0016605~PML body	3	4.615384615384616	0.057340528169011466	O96017, P04637, P06400	59	112	16775	7.615768765133172	0.9999999693827026	0.3652342337721817	0.3378105029087415
GOTERM_MF_FAT	GO:0016725~oxidoreductase activity, acting on CH or CH2 groups	2	3.076923076923077	0.05758457535144401	P08684, P05177	65	16	17305	33.27884615384615	0.9999999999979767	0.19365479414485617	0.16123681098404322
GOTERM_MF_FAT	GO:0017154~semaphorin receptor activity	2	3.076923076923077	0.05758457535144401	P08581	65	16	17305	33.27884615384615	0.9999999999979767	0.19365479414485617	0.16123681098404322
GOTERM_MF_FAT	GO:0005149~interleukin-1 receptor binding	2	3.076923076923077	0.05758457535144401	P01583, P01584	65	16	17305	33.27884615384615	0.9999999999979767	0.19365479414485617	0.16123681098404322
GOTERM_BP_FAT	GO:0031640~killing of cells of another organism	3	4.615384615384616	0.05775874774873208	P02778, P05164, P10145	65	116	19104	7.6010610079575605	1.0	0.16130902811451994	0.11858832805955469
GOTERM_BP_FAT	GO:0141061~disruption of cell in another organism	3	4.615384615384616	0.05775874774873208	P02778, P05164, P10145	65	116	19104	7.6010610079575605	1.0	0.16130902811451994	0.11858832805955469
KEGG_PATHWAY	hsa00480:Glutathione metabolism	3	4.615384615384616	0.0578889263478099	P11926, P09488, P09211	63	59	9375	7.566585956416465	0.9999982189828567	0.09287216241411228	0.0578889263478099
KEGG_PATHWAY	hsa04923:Regulation of lipolysis in adipocytes	3	4.615384615384616	0.0578889263478099	P23219, P31749, P35354	63	59	9375	7.566585956416465	0.9999982189828567	0.09287216241411228	0.0578889263478099
GOTERM_BP_FAT	GO:0042092~type 2 immune response	2	3.076923076923077	0.05864003503225363	P05112, P22301	65	18	19104	32.65641025641026	1.0	0.16187187413849302	0.11900211127874656
GOTERM_BP_FAT	GO:0070988~demethylation	2	3.076923076923077	0.05864003503225363	P08684, P05177	65	18	19104	32.65641025641026	1.0	0.16187187413849302	0.11900211127874656
GOTERM_BP_FAT	GO:0048246~macrophage chemotaxis	2	3.076923076923077	0.05864003503225363	P08253, P13500	65	18	19104	32.65641025641026	1.0	0.16187187413849302	0.11900211127874656
GOTERM_BP_FAT	GO:0048643~positive regulation of skeletal muscle tissue development	2	3.076923076923077	0.05864003503225363	P10415, P01344	65	18	19104	32.65641025641026	1.0	0.16187187413849302	0.11900211127874656
GOTERM_BP_FAT	GO:0032966~negative regulation of collagen biosynthetic process	2	3.076923076923077	0.05864003503225363	P37231, P05231	65	18	19104	32.65641025641026	1.0	0.16187187413849302	0.11900211127874656
GOTERM_BP_FAT	GO:0031998~regulation of fatty acid beta-oxidation	2	3.076923076923077	0.05864003503225363	Q07869, P31749	65	18	19104	32.65641025641026	1.0	0.16187187413849302	0.11900211127874656
GOTERM_BP_FAT	GO:0002830~positive regulation of type 2 immune response	2	3.076923076923077	0.05864003503225363	P05231, P05112	65	18	19104	32.65641025641026	1.0	0.16187187413849302	0.11900211127874656
GOTERM_BP_FAT	GO:0030810~positive regulation of nucleotide biosynthetic process	2	3.076923076923077	0.05864003503225363	Q07869, P05112	65	18	19104	32.65641025641026	1.0	0.16187187413849302	0.11900211127874656
GOTERM_BP_FAT	GO:1900373~positive regulation of purine nucleotide biosynthetic process	2	3.076923076923077	0.05864003503225363	Q07869, P05112	65	18	19104	32.65641025641026	1.0	0.16187187413849302	0.11900211127874656
GOTERM_BP_FAT	GO:0035872~nucleotide-binding domain, leucine rich repeat containing receptor signaling pathway	2	3.076923076923077	0.05864003503225363	Q04206, P25963	65	18	19104	32.65641025641026	1.0	0.16187187413849302	0.11900211127874656
GOTERM_BP_FAT	GO:0030889~negative regulation of B cell proliferation	2	3.076923076923077	0.05864003503225363	P42574, P22301	65	18	19104	32.65641025641026	1.0	0.16187187413849302	0.11900211127874656
GOTERM_BP_FAT	GO:0033631~cell-cell adhesion mediated by integrin	2	3.076923076923077	0.05864003503225363	P19320, P05362	65	18	19104	32.65641025641026	1.0	0.16187187413849302	0.11900211127874656
GOTERM_BP_FAT	GO:0060253~negative regulation of glial cell proliferation	2	3.076923076923077	0.05864003503225363	P04637, P06400	65	18	19104	32.65641025641026	1.0	0.16187187413849302	0.11900211127874656
GOTERM_BP_FAT	GO:0060644~mammary gland epithelial cell differentiation	2	3.076923076923077	0.05864003503225363	P31749, Q16665	65	18	19104	32.65641025641026	1.0	0.16187187413849302	0.11900211127874656
GOTERM_BP_FAT	GO:0033028~myeloid cell apoptotic process	2	3.076923076923077	0.05864003503225363	P10415, P05231	65	18	19104	32.65641025641026	1.0	0.16187187413849302	0.11900211127874656
GOTERM_BP_FAT	GO:0016567~protein ubiquitination	6	9.230769230769232	0.05871079602018604	P10415, Q07869, P31749, P00533, Q16236, P01375	65	627	19104	2.8125138019874862	1.0	0.16188782112997438	0.11901383490686247
GOTERM_BP_FAT	GO:0030900~forebrain development	5	7.6923076923076925	0.058736454698893284	Q9NRD8, Q07812, Q16665, P00533, P42574	65	437	19104	3.362788241506777	1.0	0.16188782112997438	0.11901383490686247
GOTERM_BP_FAT	GO:0007229~integrin-mediated signaling pathway	3	4.615384615384616	0.059525121083127554	O15111, O14920, P29965	65	118	19104	7.4722294654498045	1.0	0.16368262702766098	0.12033330867151112
GOTERM_BP_FAT	GO:1903900~regulation of viral life cycle	3	4.615384615384616	0.059525121083127554	P10415, P01375, P10145	65	118	19104	7.4722294654498045	1.0	0.16368262702766098	0.12033330867151112
GOTERM_BP_FAT	GO:0043271~negative regulation of monoatomic ion transport	3	4.615384615384616	0.059525121083127554	P14780, P29474, P10415	65	118	19104	7.4722294654498045	1.0	0.16368262702766098	0.12033330867151112
GOTERM_BP_FAT	GO:0032204~regulation of telomere maintenance	3	4.615384615384616	0.06041530610906583	P04637, P28482, P01106	65	119	19104	7.409437621202327	1.0	0.16600267186275627	0.12203891834031297
GOTERM_MF_FAT	GO:0045236~CXCR chemokine receptor binding	2	3.076923076923077	0.061073185867451515	P02778, P10145	65	17	17305	31.32126696832579	0.9999999999996243	0.20387666458693374	0.16974753130806378
GOTERM_BP_FAT	GO:0019218~regulation of steroid metabolic process	3	4.615384615384616	0.06131010333076673	P28482, P01579, P01375	65	120	19104	7.3476923076923075	1.0	0.1682025261885551	0.12365616846896578
GOTERM_BP_FAT	GO:0141060~disruption of anatomical structure in another organism	3	4.615384615384616	0.06131010333076673	P02778, P05164, P10145	65	120	19104	7.3476923076923075	1.0	0.1682025261885551	0.12365616846896578
GOTERM_MF_FAT	GO:0000981~DNA-binding transcription factor activity, RNA polymerase II-specific	10	15.384615384615385	0.06166797472082961	P37231, P42224, P35869, O75469, Q07869, Q04206, P04637, P01106, Q16665, Q16236	65	1360	17305	1.957579185520362	0.9999999999997182	0.20435956586318718	0.1701495944852087
GOTERM_BP_FAT	GO:0060353~regulation of cell adhesion molecule production	2	3.076923076923077	0.06179664394895803	P01584, P10145	65	19	19104	30.93765182186235	1.0	0.16850199403486876	0.12387632596180442
GOTERM_BP_FAT	GO:0045579~positive regulation of B cell differentiation	2	3.076923076923077	0.06179664394895803	P60568, P22301	65	19	19104	30.93765182186235	1.0	0.16850199403486876	0.12387632596180442
GOTERM_BP_FAT	GO:0030949~positive regulation of vascular endothelial growth factor receptor signaling pathway	2	3.076923076923077	0.06179664394895803	Q16665, P01584	65	19	19104	30.93765182186235	1.0	0.16850199403486876	0.12387632596180442
GOTERM_BP_FAT	GO:0010713~negative regulation of collagen metabolic process	2	3.076923076923077	0.06179664394895803	P37231, P05231	65	19	19104	30.93765182186235	1.0	0.16850199403486876	0.12387632596180442
GOTERM_BP_FAT	GO:0010885~regulation of cholesterol storage	2	3.076923076923077	0.06179664394895803	P37231, Q07869	65	19	19104	30.93765182186235	1.0	0.16850199403486876	0.12387632596180442
GOTERM_BP_FAT	GO:0000303~response to superoxide	2	3.076923076923077	0.06179664394895803	P29474, P05164	65	19	19104	30.93765182186235	1.0	0.16850199403486876	0.12387632596180442
GOTERM_BP_FAT	GO:0034393~positive regulation of smooth muscle cell apoptotic process	2	3.076923076923077	0.06179664394895803	P37231, P01579	65	19	19104	30.93765182186235	1.0	0.16850199403486876	0.12387632596180442
GOTERM_BP_FAT	GO:0070266~necroptotic process	2	3.076923076923077	0.06179664394895803	P04637, P01375	65	19	19104	30.93765182186235	1.0	0.16850199403486876	0.12387632596180442
KEGG_PATHWAY	hsa04024:cAMP signaling pathway	5	7.6923076923076925	0.062043813470087576	Q07869, Q04206, P28482, P31749, P25963	63	226	9375	3.292246101980615	0.9999993323842118	0.09882693145592521	0.062043813470087576
GOTERM_BP_FAT	GO:1904064~positive regulation of cation transmembrane transport	3	4.615384615384616	0.06220947297574652	Q07812, P01579, P02778	65	121	19104	7.286967577876669	1.0	0.16949827419478763	0.12460875364935954
GOTERM_BP_FAT	GO:0043254~regulation of protein-containing complex assembly	5	7.6923076923076925	0.06236612199895891	P04637, Q07812, P03956, P08254, P01375	65	446	19104	3.2949292859606762	1.0	0.16979556995448267	0.12482731430584307
GOTERM_MF_FAT	GO:0000166~nucleotide binding	14	21.53846153846154	0.06262789789227051	O96017, Q9UNQ0, P29474, O15111, P04626, P28482, P31749, P11802, P35228, P08581, P04040, P00533, O14920	65	2232	17305	1.6699062586159363	0.9999999999998229	0.20603670755862907	0.17154598118317577
GOTERM_BP_FAT	GO:0042752~regulation of circadian rhythm	3	4.615384615384616	0.06402177146646065	P37231, Q07869, P04637	65	123	19104	7.168480300187618	1.0	0.1741704247358701	0.1280435429329213
GOTERM_BP_FAT	GO:0045833~negative regulation of lipid metabolic process	3	4.615384615384616	0.06493462179957211	P31749, P01584, P01375	65	124	19104	7.110669975186105	1.0	0.1756062065572693	0.12909907570531612
GOTERM_BP_FAT	GO:0000305~response to oxygen radical	2	3.076923076923077	0.06494283282815026	P29474, P05164	65	20	19104	29.390769230769234	1.0	0.1756062065572693	0.12909907570531612
GOTERM_BP_FAT	GO:1900119~positive regulation of execution phase of apoptosis	2	3.076923076923077	0.06494283282815026	P04637, Q14790	65	20	19104	29.390769230769234	1.0	0.1756062065572693	0.12909907570531612
GOTERM_BP_FAT	GO:0060571~morphogenesis of an epithelial fold	2	3.076923076923077	0.06494283282815026	Q16665, P00533	65	20	19104	29.390769230769234	1.0	0.1756062065572693	0.12909907570531612
GOTERM_BP_FAT	GO:0060749~mammary gland alveolus development	2	3.076923076923077	0.06494283282815026	P24385, Q16665	65	20	19104	29.390769230769234	1.0	0.1756062065572693	0.12909907570531612
GOTERM_BP_FAT	GO:0002363~alpha-beta T cell lineage commitment	2	3.076923076923077	0.06494283282815026	P10415, P05231	65	20	19104	29.390769230769234	1.0	0.1756062065572693	0.12909907570531612
GOTERM_BP_FAT	GO:0061377~mammary gland lobule development	2	3.076923076923077	0.06494283282815026	P24385, Q16665	65	20	19104	29.390769230769234	1.0	0.1756062065572693	0.12909907570531612
GOTERM_BP_FAT	GO:0050901~leukocyte tethering or rolling	2	3.076923076923077	0.06494283282815026	P19320, P01375	65	20	19104	29.390769230769234	1.0	0.1756062065572693	0.12909907570531612
KEGG_PATHWAY	hsa00590:Arachidonic acid metabolism	3	4.615384615384616	0.06498675898898965	P09917, P23219, P35354	63	63	9375	7.086167800453514	0.9999996676903424	0.10205667080665275	0.06498675898898965
KEGG_PATHWAY	hsa05217:Basal cell carcinoma	3	4.615384615384616	0.06498675898898965	P04637, Q07812, P38936	63	63	9375	7.086167800453514	0.9999996676903424	0.10205667080665275	0.06498675898898965
GOTERM_BP_FAT	GO:0034767~positive regulation of monoatomic ion transmembrane transport	3	4.615384615384616	0.06585188752428461	Q07812, P01579, P02778	65	125	19104	7.0537846153846155	1.0	0.17792960834852092	0.13080715328197534
GOTERM_MF_FAT	GO:0032559~adenyl ribonucleotide binding	11	16.923076923076923	0.06589719151226692	O96017, Q9UNQ0, P08581, O15111, P04626, P28482, P11802, P31749, P00533, O14920	65	1590	17305	1.8418480890179005	0.9999999999999638	0.21516251791173463	0.17914412284280992
GOTERM_BP_FAT	GO:0008104~intracellular protein localization	12	18.461538461538463	0.0663050404205982	P29474, P04626, P04637, Q07812, P31749, P38936, Q16665, P00533, O14920, P25963, P01375, P06400	65	1996	19104	1.7669801140743027	1.0	0.17901859741676251	0.13160773707066584
GOTERM_MF_FAT	GO:1901265~nucleoside phosphate binding	14	21.53846153846154	0.06634967512696663	O96017, Q9UNQ0, P29474, O15111, P04626, P28482, P31749, P11802, P35228, P08581, P04040, P00533, O14920	65	2252	17305	1.6550758300314252	0.9999999999999709	0.21516251791173463	0.17914412284280992
GOTERM_BP_FAT	GO:0046822~regulation of nucleocytoplasmic transport	3	4.615384615384616	0.06677352989357832	P31749, P25963, P01584	65	126	19104	6.997802197802199	1.0	0.18014731780956325	0.1324375298342422
GOTERM_MF_FAT	GO:0050664~oxidoreductase activity, acting on NAD(P)H, oxygen as acceptor	2	3.076923076923077	0.06801231346954217	Q9NRD8, P29474	65	19	17305	28.024291497975707	0.999999999999987	0.21899000223526346	0.18233088291834712
GOTERM_BP_FAT	GO:0071380~cellular response to prostaglandin E stimulus	2	3.076923076923077	0.06807863552508076	P37231, P31749	65	21	19104	27.991208791208795	1.0	0.1821549708581187	0.133913480815627
GOTERM_BP_FAT	GO:1901863~positive regulation of muscle tissue development	2	3.076923076923077	0.06807863552508076	P10415, P01344	65	21	19104	27.991208791208795	1.0	0.1821549708581187	0.133913480815627
GOTERM_BP_FAT	GO:0070875~positive regulation of glycogen metabolic process	2	3.076923076923077	0.06807863552508076	P31749, P01344	65	21	19104	27.991208791208795	1.0	0.1821549708581187	0.133913480815627
GOTERM_BP_FAT	GO:0060716~labyrinthine layer blood vessel development	2	3.076923076923077	0.06807863552508076	P28482, P31749	65	21	19104	27.991208791208795	1.0	0.1821549708581187	0.133913480815627
GOTERM_BP_FAT	GO:0045844~positive regulation of striated muscle tissue development	2	3.076923076923077	0.06807863552508076	P10415, P01344	65	21	19104	27.991208791208795	1.0	0.1821549708581187	0.133913480815627
GOTERM_BP_FAT	GO:0032495~response to muramyl dipeptide	2	3.076923076923077	0.06807863552508076	Q04206, P25963	65	21	19104	27.991208791208795	1.0	0.1821549708581187	0.133913480815627
GOTERM_BP_FAT	GO:0060965~negative regulation of miRNA-mediated gene silencing	2	3.076923076923077	0.06807863552508076	P04637, P05231	65	21	19104	27.991208791208795	1.0	0.1821549708581187	0.133913480815627
GOTERM_BP_FAT	GO:0048636~positive regulation of muscle organ development	2	3.076923076923077	0.06807863552508076	P10415, P01344	65	21	19104	27.991208791208795	1.0	0.1821549708581187	0.133913480815627
GOTERM_BP_FAT	GO:0060218~hematopoietic stem cell differentiation	2	3.076923076923077	0.06807863552508076	P10415, P04637	65	21	19104	27.991208791208795	1.0	0.1821549708581187	0.133913480815627
GOTERM_BP_FAT	GO:0007263~nitric oxide mediated signal transduction	2	3.076923076923077	0.06807863552508076	P29474, P35228	65	21	19104	27.991208791208795	1.0	0.1821549708581187	0.133913480815627
GOTERM_BP_FAT	GO:0010522~regulation of calcium ion transport into cytosol	2	3.076923076923077	0.06807863552508076	P10415, Q07812	65	21	19104	27.991208791208795	1.0	0.1821549708581187	0.133913480815627
KEGG_PATHWAY	hsa05322:Systemic lupus erythematosus	4	6.153846153846154	0.06856358692448265	P01579, P29965, P22301, P01375	63	143	9375	4.162504162504162	0.9999998580899788	0.10692083835076666	0.06856358692448265
GOTERM_BP_FAT	GO:0006275~regulation of DNA replication	3	4.615384615384616	0.06862979059198072	P04637, P38936, P00533	65	128	19104	6.888461538461539	1.0	0.18335498279323498	0.1347956844386996
GOTERM_BP_FAT	GO:0098773~skin epidermis development	3	4.615384615384616	0.06862979059198072	P10415, Q04206, P00533	65	128	19104	6.888461538461539	1.0	0.18335498279323498	0.1347956844386996
GOTERM_BP_FAT	GO:0030218~erythrocyte differentiation	3	4.615384615384616	0.06956433243691687	P42574, P09601, P06400	65	129	19104	6.835062611806799	1.0	0.18571285161783788	0.1365291008814228
GOTERM_BP_FAT	GO:0032760~positive regulation of tumor necrosis factor production	3	4.615384615384616	0.0705030979580531	P01583, P01579, P05231	65	130	19104	6.782485207100592	1.0	0.18807846594933955	0.13826821152938568
GOTERM_BP_FAT	GO:0051276~chromosome organization	5	7.6923076923076925	0.07084995389025314	O96017, O15392, P04637, P01106, P06400	65	466	19104	3.153516011885111	1.0	0.18882033737162196	0.13881360748540855
GOTERM_BP_FAT	GO:1901970~positive regulation of mitotic sister chromatid separation	2	3.076923076923077	0.07120408578935465	O15392, P06400	65	22	19104	26.718881118881118	1.0	0.18882033737162196	0.13881360748540855
GOTERM_BP_FAT	GO:0010744~positive regulation of macrophage derived foam cell differentiation	2	3.076923076923077	0.07120408578935465	P01584, P01375	65	22	19104	26.718881118881118	1.0	0.18882033737162196	0.13881360748540855
GOTERM_BP_FAT	GO:0043388~positive regulation of DNA binding	2	3.076923076923077	0.07120408578935465	P14780, P06400	65	22	19104	26.718881118881118	1.0	0.18882033737162196	0.13881360748540855
GOTERM_BP_FAT	GO:1900369~negative regulation of post-transcriptional gene silencing by regulatory ncRNA	2	3.076923076923077	0.07120408578935465	P04637, P05231	65	22	19104	26.718881118881118	1.0	0.18882033737162196	0.13881360748540855
GOTERM_BP_FAT	GO:0043369~CD4-positive or CD8-positive, alpha-beta T cell lineage commitment	2	3.076923076923077	0.07120408578935465	P10415, P05231	65	22	19104	26.718881118881118	1.0	0.18882033737162196	0.13881360748540855
GOTERM_BP_FAT	GO:0071637~regulation of monocyte chemotactic protein-1 production	2	3.076923076923077	0.07120408578935465	P09211, P01584	65	22	19104	26.718881118881118	1.0	0.18882033737162196	0.13881360748540855
GOTERM_BP_FAT	GO:0060149~negative regulation of post-transcriptional gene silencing	2	3.076923076923077	0.07120408578935465	P04637, P05231	65	22	19104	26.718881118881118	1.0	0.18882033737162196	0.13881360748540855
GOTERM_BP_FAT	GO:0045860~positive regulation of protein kinase activity	3	4.615384615384616	0.071446049416599	P04626, P38936, P01375	65	131	19104	6.730710510863183	1.0	0.18918108859606497	0.13907881821200074
GOTERM_BP_FAT	GO:0030512~negative regulation of transforming growth factor beta receptor signaling pathway	3	4.615384615384616	0.071446049416599	P37231, Q07869, P04637	65	131	19104	6.730710510863183	1.0	0.18918108859606497	0.13907881821200074
GOTERM_CC_FAT	GO:0031252~cell leading edge	5	7.6923076923076925	0.07171422667627762	Q9NRD8, P04626, P31749, Q14790, P00533	59	454	16775	3.1312999328007165	0.9999999996605807	0.44706954076913497	0.4135011793461965
GOTERM_BP_FAT	GO:0042552~myelination	3	4.615384615384616	0.07239314926312472	P04626, P28482, P31749	65	132	19104	6.6797202797202795	1.0	0.19154691049472702	0.14081808145553001
GOTERM_BP_FAT	GO:0006417~regulation of translation	5	7.6923076923076925	0.07261516875684756	P04626, P31749, P01106, P05231, P01375	65	470	19104	3.1266775777414075	1.0	0.1919921412283194	0.1411453983386245
GOTERM_BP_FAT	GO:1903557~positive regulation of tumor necrosis factor superfamily cytokine production	3	4.615384615384616	0.07429964494814752	P01583, P01579, P05231	65	134	19104	6.580022962112515	1.0	0.19519723823963261	0.14350166506642645
GOTERM_BP_FAT	GO:0008366~axon ensheathment	3	4.615384615384616	0.07429964494814752	P04626, P28482, P31749	65	134	19104	6.580022962112515	1.0	0.19519723823963261	0.14350166506642645
GOTERM_BP_FAT	GO:0007272~ensheathment of neurons	3	4.615384615384616	0.07429964494814752	P04626, P28482, P31749	65	134	19104	6.580022962112515	1.0	0.19519723823963261	0.14350166506642645
GOTERM_BP_FAT	GO:0006986~response to unfolded protein	3	4.615384615384616	0.07429964494814752	P24385, Q07812, Q16236	65	134	19104	6.580022962112515	1.0	0.19519723823963261	0.14350166506642645
GOTERM_BP_FAT	GO:0038096~Fc-gamma receptor signaling pathway involved in phagocytosis	2	3.076923076923077	0.0743192172468926	P01579, P35228	65	23	19104	25.55719063545151	1.0	0.19519723823963261	0.14350166506642645
GOTERM_BP_FAT	GO:2001169~regulation of ATP biosynthetic process	2	3.076923076923077	0.0743192172468926	Q07869, P05112	65	23	19104	25.55719063545151	1.0	0.19519723823963261	0.14350166506642645
GOTERM_BP_FAT	GO:0009820~alkaloid metabolic process	2	3.076923076923077	0.0743192172468926	P08684, P05177	65	23	19104	25.55719063545151	1.0	0.19519723823963261	0.14350166506642645
GOTERM_BP_FAT	GO:0001516~prostaglandin biosynthetic process	2	3.076923076923077	0.0743192172468926	P23219, P35354	65	23	19104	25.55719063545151	1.0	0.19519723823963261	0.14350166506642645
GOTERM_BP_FAT	GO:0010829~negative regulation of D-glucose transmembrane transport	2	3.076923076923077	0.0743192172468926	P01584, P01375	65	23	19104	25.55719063545151	1.0	0.19519723823963261	0.14350166506642645
GOTERM_BP_FAT	GO:0006366~transcription by RNA polymerase II	5	7.6923076923076925	0.07440296869915367	P37231, P04637, P01106, P60568, P06400	65	474	19104	3.100292112950341	1.0	0.1952736254176171	0.14355782204553824
GOTERM_MF_FAT	GO:0005123~death receptor binding	2	3.076923076923077	0.07490095300036922	Q14790, P42574	65	21	17305	25.355311355311354	0.9999999999999996	0.2394720610011805	0.19938422700098288
GOTERM_BP_FAT	GO:0018193~peptidyl-amino acid modification	4	6.153846153846154	0.07520321626522139	P04626, P31749, O14920, P35228	65	293	19104	4.012391703859281	1.0	0.1972289930245013	0.14499533473749734
KEGG_PATHWAY	hsa04072:Phospholipase D signaling pathway	4	6.153846153846154	0.07553494054717344	P28482, P31749, P00533, P10145	63	149	9375	3.9948865452221156	0.9999999732273522	0.11697424820846998	0.07553494054717344
GOTERM_MF_FAT	GO:0046872~metal ion binding	24	36.92307692307693	0.07563147015922692	P01583, P31645, Q9NRD8, O96017, O15392, P29474, P09917, O75469, P04637, P03956, P38936, P35354, P35228, P37231, P14780, P23219, Q07869, P08684, P04040, P05164, P08253, P08254, P05177, P09601	65	4688	17305	1.362956156471515	0.9999999999999997	0.2401166954705526	0.1999209490922222
GOTERM_BP_FAT	GO:0035270~endocrine system development	3	4.615384615384616	0.07622228860127431	Q9NRD8, P28482, P05231	65	136	19104	6.483257918552036	1.0	0.19975496323092576	0.14685233299115652
GOTERM_MF_FAT	GO:0046914~transition metal ion binding	15	23.076923076923077	0.07694490396201667	P01583, O15392, P29474, P09917, O75469, P04637, P03956, P38936, P37231, P14780, Q07869, P08684, P08253, P08254, P05177	65	2534	17305	1.5759516726367555	0.9999999999999999	0.24259018332469143	0.20198037290029375
GOTERM_BP_FAT	GO:2000010~positive regulation of protein localization to cell surface	2	3.076923076923077	0.07742406343164274	P31749, P01375	65	24	19104	24.492307692307694	1.0	0.20157343628121563	0.1481892059558993
GOTERM_BP_FAT	GO:0097398~cellular response to interleukin-17	2	3.076923076923077	0.07742406343164274	P02778, P01584	65	24	19104	24.492307692307694	1.0	0.20157343628121563	0.1481892059558993
GOTERM_BP_FAT	GO:1903427~negative regulation of reactive oxygen species biosynthetic process	2	3.076923076923077	0.07742406343164274	Q07869, Q16665	65	24	19104	24.492307692307694	1.0	0.20157343628121563	0.1481892059558993
GOTERM_BP_FAT	GO:0048641~regulation of skeletal muscle tissue development	2	3.076923076923077	0.07742406343164274	P10415, P01344	65	24	19104	24.492307692307694	1.0	0.20157343628121563	0.1481892059558993
GOTERM_BP_FAT	GO:1905517~macrophage migration	2	3.076923076923077	0.07742406343164274	P08253, P13500	65	24	19104	24.492307692307694	1.0	0.20157343628121563	0.1481892059558993
GOTERM_BP_FAT	GO:0032891~negative regulation of organic acid transport	2	3.076923076923077	0.07742406343164274	P31749, P01375	65	24	19104	24.492307692307694	1.0	0.20157343628121563	0.1481892059558993
GOTERM_BP_FAT	GO:0045472~response to ether	2	3.076923076923077	0.07742406343164274	P11802, P31749	65	24	19104	24.492307692307694	1.0	0.20157343628121563	0.1481892059558993
GOTERM_BP_FAT	GO:1903318~negative regulation of protein maturation	2	3.076923076923077	0.07742406343164274	P00749, P31749	65	24	19104	24.492307692307694	1.0	0.20157343628121563	0.1481892059558993
GOTERM_BP_FAT	GO:1900407~regulation of cellular response to oxidative stress	2	3.076923076923077	0.07742406343164274	P09917, Q16236	65	24	19104	24.492307692307694	1.0	0.20157343628121563	0.1481892059558993
GOTERM_BP_FAT	GO:0062014~negative regulation of small molecule metabolic process	3	4.615384615384616	0.07816078691873869	Q07869, P04637, P31749	65	138	19104	6.389297658862876	1.0	0.203195291756721	0.1493815330775894
GOTERM_BP_FAT	GO:0033674~positive regulation of kinase activity	3	4.615384615384616	0.07816078691873869	P04626, P38936, P01375	65	138	19104	6.389297658862876	1.0	0.203195291756721	0.1493815330775894
GOTERM_MF_FAT	GO:0000979~RNA polymerase II core promoter sequence-specific DNA binding	2	3.076923076923077	0.07832645283041396	P42224, Q04206	65	22	17305	24.202797202797203	0.9999999999999999	0.2452428247241927	0.2041889597923895
GOTERM_BP_FAT	GO:0034101~erythrocyte homeostasis	3	4.615384615384616	0.08011484970030815	P42574, P09601, P06400	65	140	19104	6.298021978021978	1.0	0.20766255997028263	0.15266570058285617
GOTERM_BP_FAT	GO:0003206~cardiac chamber morphogenesis	3	4.615384615384616	0.08011484970030815	P29474, P04637, Q16665	65	140	19104	6.298021978021978	1.0	0.20766255997028263	0.15266570058285617
GOTERM_MF_FAT	GO:0008289~lipid binding	7	10.76923076923077	0.08044486590237981	P37231, Q07869, Q07812, P31749, P08684, P09211, P60568	65	816	17305	2.283842383107089	1.0	0.2501504734224687	0.2082750637746546
GOTERM_BP_FAT	GO:0060967~negative regulation of gene silencing by regulatory ncRNA	2	3.076923076923077	0.08051865777123221	P04637, P05231	65	25	19104	23.512615384615383	1.0	0.20766255997028263	0.15266570058285617
GOTERM_BP_FAT	GO:1905563~negative regulation of vascular endothelial cell proliferation	2	3.076923076923077	0.08051865777123221	P37231, P13500	65	25	19104	23.512615384615383	1.0	0.20766255997028263	0.15266570058285617
GOTERM_BP_FAT	GO:2001026~regulation of endothelial cell chemotaxis	2	3.076923076923077	0.08051865777123221	P08581	65	25	19104	23.512615384615383	1.0	0.20766255997028263	0.15266570058285617
GOTERM_BP_FAT	GO:0097396~response to interleukin-17	2	3.076923076923077	0.08051865777123221	P02778, P01584	65	25	19104	23.512615384615383	1.0	0.20766255997028263	0.15266570058285617
GOTERM_BP_FAT	GO:2000209~regulation of anoikis	2	3.076923076923077	0.08051865777123221	O96017, P10415	65	25	19104	23.512615384615383	1.0	0.20766255997028263	0.15266570058285617
GOTERM_BP_FAT	GO:0070233~negative regulation of T cell apoptotic process	2	3.076923076923077	0.08051865777123221	P10415, Q16665	65	25	19104	23.512615384615383	1.0	0.20766255997028263	0.15266570058285617
GOTERM_BP_FAT	GO:0002431~Fc receptor mediated stimulatory signaling pathway	2	3.076923076923077	0.08051865777123221	P01579, P35228	65	25	19104	23.512615384615383	1.0	0.20766255997028263	0.15266570058285617
GOTERM_BP_FAT	GO:0032986~protein-DNA complex disassembly	2	3.076923076923077	0.08051865777123221	P01106, P05164	65	25	19104	23.512615384615383	1.0	0.20766255997028263	0.15266570058285617
GOTERM_BP_FAT	GO:0046457~prostanoid biosynthetic process	2	3.076923076923077	0.08051865777123221	P23219, P35354	65	25	19104	23.512615384615383	1.0	0.20766255997028263	0.15266570058285617
GOTERM_BP_FAT	GO:0021537~telencephalon development	4	6.153846153846154	0.08068420053348073	Q07812, Q16665, P00533, P42574	65	302	19104	3.892817116658176	1.0	0.20793936818585365	0.15286919956776363
GOTERM_BP_FAT	GO:0045621~positive regulation of lymphocyte differentiation	3	4.615384615384616	0.08109762791601932	P05112, P60568, P22301	65	141	19104	6.253355155482816	1.0	0.20885416504399498	0.15354172379774098
GOTERM_BP_FAT	GO:0061844~antimicrobial humoral immune response mediated by antimicrobial peptide	3	4.615384615384616	0.08208418980329478	P02778, P13500, P10145	65	142	19104	6.20931744312026	1.0	0.21109051546246865	0.15518580448052707
GOTERM_BP_FAT	GO:0021987~cerebral cortex development	3	4.615384615384616	0.08208418980329478	Q07812, Q16665, P00533	65	142	19104	6.20931744312026	1.0	0.21109051546246865	0.15518580448052707
GOTERM_CC_FAT	GO:0005819~spindle	5	7.6923076923076925	0.08209670397450552	O15392, P28482, P31749, P01106, P06400	59	476	16775	2.986575986326734	0.9999999999874252	0.5011319638443775	0.4635043078560624
GOTERM_BP_FAT	GO:0051338~regulation of transferase activity	4	6.153846153846154	0.08254922955116362	P04626, P38936, P01375, P06400	65	305	19104	3.854527112232031	1.0	0.21213370356601183	0.15595271712327746
GOTERM_BP_FAT	GO:0045444~fat cell differentiation	3	4.615384615384616	0.08307449994470643	P37231, P24385, P35354	65	143	19104	6.16589564281872	1.0	0.21330716851107104	0.15681540439811661
GOTERM_BP_FAT	GO:1901623~regulation of lymphocyte chemotaxis	2	3.076923076923077	0.08360303357096849	P02778, P13500	65	26	19104	22.60828402366864	1.0	0.21330716851107104	0.15681540439811661
GOTERM_BP_FAT	GO:1900048~positive regulation of hemostasis	2	3.076923076923077	0.08360303357096849	P00749, Q16236	65	26	19104	22.60828402366864	1.0	0.21330716851107104	0.15681540439811661
GOTERM_BP_FAT	GO:0045723~positive regulation of fatty acid biosynthetic process	2	3.076923076923077	0.08360303357096849	P35354, P01584	65	26	19104	22.60828402366864	1.0	0.21330716851107104	0.15681540439811661
GOTERM_BP_FAT	GO:1902108~regulation of mitochondrial membrane permeability involved in apoptotic process	2	3.076923076923077	0.08360303357096849	P04637, Q07812	65	26	19104	22.60828402366864	1.0	0.21330716851107104	0.15681540439811661
GOTERM_BP_FAT	GO:0035994~response to muscle stretch	2	3.076923076923077	0.08360303357096849	Q04206, P25963	65	26	19104	22.60828402366864	1.0	0.21330716851107104	0.15681540439811661
GOTERM_BP_FAT	GO:0071276~cellular response to cadmium ion	2	3.076923076923077	0.08360303357096849	P05177, P09601	65	26	19104	22.60828402366864	1.0	0.21330716851107104	0.15681540439811661
GOTERM_BP_FAT	GO:0061687~detoxification of inorganic compound	2	3.076923076923077	0.08360303357096849	Q9UNQ0, P04040	65	26	19104	22.60828402366864	1.0	0.21330716851107104	0.15681540439811661
GOTERM_BP_FAT	GO:0030194~positive regulation of blood coagulation	2	3.076923076923077	0.08360303357096849	P00749, Q16236	65	26	19104	22.60828402366864	1.0	0.21330716851107104	0.15681540439811661
GOTERM_BP_FAT	GO:0045649~regulation of macrophage differentiation	2	3.076923076923077	0.08360303357096849	Q14790, P06400	65	26	19104	22.60828402366864	1.0	0.21330716851107104	0.15681540439811661
GOTERM_BP_FAT	GO:0072073~kidney epithelium development	3	4.615384615384616	0.08406852311924573	P10415, P04040, P01106	65	144	19104	6.1230769230769235	1.0	0.21434173060809833	0.15757597552543848
GOTERM_BP_FAT	GO:0043085~positive regulation of catalytic activity	4	6.153846153846154	0.08443297730637465	P04626, P31749, P38936, P01375	65	308	19104	3.8169830169830172	1.0	0.2149640733701855	0.15803349850786874
GOTERM_BP_FAT	GO:0032386~regulation of intracellular transport	4	6.153846153846154	0.08443297730637465	P28482, P31749, P25963, P01584	65	308	19104	3.8169830169830172	1.0	0.2149640733701855	0.15803349850786874
GOTERM_BP_FAT	GO:0051641~cellular localization	12	18.461538461538463	0.08455956651799387	P31645, P29474, P04626, P04637, Q07812, P31749, P38936, Q16665, P00533, O14920, P25963, P01375	65	2084	19104	1.6923667503322015	1.0	0.21513302820674796	0.15815770774661816
GOTERM_BP_FAT	GO:0050830~defense response to Gram-positive bacterium	3	4.615384615384616	0.08506622427042661	P05231, P01584, P01375	65	145	19104	6.080848806366048	1.0	0.21596059210658414	0.1587661015878751
GOTERM_BP_FAT	GO:0000018~regulation of DNA recombination	3	4.615384615384616	0.08506622427042661	P05112, P60568, P22301	65	145	19104	6.080848806366048	1.0	0.21596059210658414	0.1587661015878751
GOTERM_BP_FAT	GO:0032479~regulation of type I interferon production	3	4.615384615384616	0.08506622427042661	P42224, O15111, P22301	65	145	19104	6.080848806366048	1.0	0.21596059210658414	0.1587661015878751
GOTERM_BP_FAT	GO:0002460~adaptive immune response based on somatic recombination of immune receptors built from immunoglobulin superfamily domains	4	6.153846153846154	0.0856991186270485	P05362, P05231, P29965, P22301	65	310	19104	3.792357320099256	1.0	0.2174128208350975	0.15983372550754926
GOTERM_BP_FAT	GO:0001667~ameboidal-type cell migration	3	4.615384615384616	0.08606756855105566	P31749, P08253, Q16665	65	146	19104	6.039199157007377	1.0	0.21788250829024253	0.1601790220521212
GOTERM_BP_FAT	GO:0032446~protein modification by small protein conjugation	6	9.230769230769232	0.08620912631529926	P10415, Q07869, P31749, P00533, Q16236, P01375	65	703	19104	2.508458255826677	1.0	0.21788250829024253	0.1601790220521212
GOTERM_BP_FAT	GO:1900371~regulation of purine nucleotide biosynthetic process	2	3.076923076923077	0.08667722404267487	Q07869, P05112	65	27	19104	21.77094017094017	1.0	0.21788250829024253	0.1601790220521212
GOTERM_BP_FAT	GO:0140894~endolysosomal toll-like receptor signaling pathway	2	3.076923076923077	0.08667722404267487	O14920, P01375	65	27	19104	21.77094017094017	1.0	0.21788250829024253	0.1601790220521212
GOTERM_BP_FAT	GO:0060669~embryonic placenta morphogenesis	2	3.076923076923077	0.08667722404267487	P01344, P22301	65	27	19104	21.77094017094017	1.0	0.21788250829024253	0.1601790220521212
GOTERM_BP_FAT	GO:0002548~monocyte chemotaxis	2	3.076923076923077	0.08667722404267487	P05231, P13500	65	27	19104	21.77094017094017	1.0	0.21788250829024253	0.1601790220521212
GOTERM_BP_FAT	GO:0006706~steroid catabolic process	2	3.076923076923077	0.08667722404267487	P08684, P05177	65	27	19104	21.77094017094017	1.0	0.21788250829024253	0.1601790220521212
GOTERM_BP_FAT	GO:0002922~positive regulation of humoral immune response	2	3.076923076923077	0.08667722404267487	P01584, P01375	65	27	19104	21.77094017094017	1.0	0.21788250829024253	0.1601790220521212
GOTERM_BP_FAT	GO:0030808~regulation of nucleotide biosynthetic process	2	3.076923076923077	0.08667722404267487	Q07869, P05112	65	27	19104	21.77094017094017	1.0	0.21788250829024253	0.1601790220521212
GOTERM_BP_FAT	GO:0032469~endoplasmic reticulum calcium ion homeostasis	2	3.076923076923077	0.08667722404267487	P10415, Q07812	65	27	19104	21.77094017094017	1.0	0.21788250829024253	0.1601790220521212
GOTERM_BP_FAT	GO:0034104~negative regulation of tissue remodeling	2	3.076923076923077	0.08667722404267487	P37231, P05231	65	27	19104	21.77094017094017	1.0	0.21788250829024253	0.1601790220521212
GOTERM_BP_FAT	GO:0045730~respiratory burst	2	3.076923076923077	0.08667722404267487	P05164, P10145	65	27	19104	21.77094017094017	1.0	0.21788250829024253	0.1601790220521212
GOTERM_BP_FAT	GO:2000810~regulation of bicellular tight junction assembly	2	3.076923076923077	0.08667722404267487	O14920, P01375	65	27	19104	21.77094017094017	1.0	0.21788250829024253	0.1601790220521212
KEGG_PATHWAY	hsa04020:Calcium signaling pathway	5	7.6923076923076925	0.08684729119838086	P08581, P29474, P04626, P00533, P35228	63	254	9375	2.9293213348331455	0.9999999982596467	0.13356514439475126	0.08684729119838086
GOTERM_MF_FAT	GO:0001091~RNA polymerase II general transcription initiation factor binding	2	3.076923076923077	0.08852821153385537	P35869, P04637	65	25	17305	21.298461538461538	1.0	0.2733231521697287	0.2275686156831662
GOTERM_MF_FAT	GO:0031072~heat shock protein binding	3	4.615384615384616	0.08910093947383227	P35869, Q07812, Q16665	65	135	17305	5.9162393162393165	1.0	0.2733231521697287	0.2275686156831662
GOTERM_CC_FAT	GO:0046930~pore complex	2	3.076923076923077	0.08934179218905548	P10415, Q07812	59	27	16775	21.06089139987445	0.9999999999987665	0.5342274512529236	0.49411480986191914
GOTERM_BP_FAT	GO:0045821~positive regulation of glycolytic process	2	3.076923076923077	0.08974126229254266	P01579, Q16665	65	28	19104	20.993406593406597	1.0	0.22400823823128047	0.164682428218181
GOTERM_BP_FAT	GO:2000353~positive regulation of endothelial cell apoptotic process	2	3.076923076923077	0.08974126229254266	P13500, P29965	65	28	19104	20.993406593406597	1.0	0.22400823823128047	0.164682428218181
GOTERM_BP_FAT	GO:0010971~positive regulation of G2/M transition of mitotic cell cycle	2	3.076923076923077	0.08974126229254266	P24385, P11802	65	28	19104	20.993406593406597	1.0	0.22400823823128047	0.164682428218181
GOTERM_BP_FAT	GO:0031103~axon regeneration	2	3.076923076923077	0.08974126229254266	P10415, P08253	65	28	19104	20.993406593406597	1.0	0.22400823823128047	0.164682428218181
GOTERM_BP_FAT	GO:0033123~positive regulation of purine nucleotide catabolic process	2	3.076923076923077	0.08974126229254266	P01579, Q16665	65	28	19104	20.993406593406597	1.0	0.22400823823128047	0.164682428218181
GOTERM_BP_FAT	GO:0042104~positive regulation of activated T cell proliferation	2	3.076923076923077	0.08974126229254266	P01344, P60568	65	28	19104	20.993406593406597	1.0	0.22400823823128047	0.164682428218181
GOTERM_BP_FAT	GO:0007435~salivary gland morphogenesis	2	3.076923076923077	0.08974126229254266	P00533, P01375	65	28	19104	20.993406593406597	1.0	0.22400823823128047	0.164682428218181
GOTERM_BP_FAT	GO:0030813~positive regulation of nucleotide catabolic process	2	3.076923076923077	0.08974126229254266	P01579, Q16665	65	28	19104	20.993406593406597	1.0	0.22400823823128047	0.164682428218181
GOTERM_BP_FAT	GO:0002053~positive regulation of mesenchymal cell proliferation	2	3.076923076923077	0.08974126229254266	P42224, P01106	65	28	19104	20.993406593406597	1.0	0.22400823823128047	0.164682428218181
GOTERM_BP_FAT	GO:0071379~cellular response to prostaglandin stimulus	2	3.076923076923077	0.08974126229254266	P37231, P31749	65	28	19104	20.993406593406597	1.0	0.22400823823128047	0.164682428218181
KEGG_PATHWAY	hsa03320:PPAR signaling pathway	3	4.615384615384616	0.08986594933657169	P37231, Q07869, P03956	63	76	9375	5.874060150375939	0.9999999991655688	0.13726100480859924	0.08986594933657169
GOTERM_BP_FAT	GO:0046942~carboxylic acid transport	4	6.153846153846154	0.09084497640830318	P37231, Q9UNQ0, P35354, P35228	65	318	19104	3.6969521044992746	1.0	0.22644679395007603	0.16647516262959117
GOTERM_BP_FAT	GO:0015849~organic acid transport	4	6.153846153846154	0.09084497640830318	P37231, Q9UNQ0, P35354, P35228	65	318	19104	3.6969521044992746	1.0	0.22644679395007603	0.16647516262959117
GOTERM_BP_FAT	GO:0035966~response to topologically incorrect protein	3	4.615384615384616	0.09112772978327029	P24385, Q07812, Q16236	65	151	19104	5.839225674987264	1.0	0.22699320138482668	0.1668768608165047
GOTERM_MF_FAT	GO:0003700~DNA-binding transcription factor activity	10	15.384615384615385	0.09139676290069544	P37231, P42224, P35869, O75469, Q07869, Q04206, P04637, P01106, Q16665, Q16236	65	1473	17305	1.8074050864274898	1.0	0.2784840963551391	0.23186561326485153
GOTERM_CC_FAT	GO:0009925~basal plasma membrane	4	6.153846153846154	0.09193967062167828	P08581, P04626, P00533	59	310	16775	3.66867140513942	0.9999999999994659	0.5387664698430348	0.49831301476949624
GOTERM_MF_FAT	GO:0043169~cation binding	24	36.92307692307693	0.09261612708167946	P01583, P31645, Q9NRD8, O96017, O15392, P29474, P09917, O75469, P04637, P03956, P38936, P35354, P35228, P37231, P14780, P23219, Q07869, P08684, P04040, P05164, P08253, P08254, P05177, P09601	65	4791	17305	1.3336544482443045	1.0	0.28031814463388316	0.23339264024583226
GOTERM_BP_FAT	GO:0035794~positive regulation of mitochondrial membrane permeability	2	3.076923076923077	0.09279518131111844	P04637, Q07812	65	29	19104	20.26949602122016	1.0	0.2303435633379535	0.16933992086379224
GOTERM_BP_FAT	GO:0032740~positive regulation of interleukin-17 production	2	3.076923076923077	0.09279518131111844	P05231, P60568	65	29	19104	20.26949602122016	1.0	0.2303435633379535	0.16933992086379224
GOTERM_BP_FAT	GO:0045662~negative regulation of myoblast differentiation	2	3.076923076923077	0.09279518131111844	P02778, P01375	65	29	19104	20.26949602122016	1.0	0.2303435633379535	0.16933992086379224
GOTERM_BP_FAT	GO:0032727~positive regulation of interferon-alpha production	2	3.076923076923077	0.09279518131111844	P42224, O15111	65	29	19104	20.26949602122016	1.0	0.2303435633379535	0.16933992086379224
GOTERM_BP_FAT	GO:0050996~positive regulation of lipid catabolic process	2	3.076923076923077	0.09279518131111844	Q07869, P01584	65	29	19104	20.26949602122016	1.0	0.2303435633379535	0.16933992086379224
GOTERM_BP_FAT	GO:0099536~synaptic signaling	5	7.6923076923076925	0.09299330504905567	P08581, Q04206, P28482, P31749	65	513	19104	2.8645973909131808	1.0	0.23067505946890757	0.16958362434640292
GOTERM_BP_FAT	GO:0008584~male gonad development	3	4.615384615384616	0.09317609681835158	P24385, P10415, Q07812	65	153	19104	5.76289592760181	1.0	0.23096809010072997	0.1697990494413541
GOTERM_BP_FAT	GO:0007519~skeletal muscle tissue development	3	4.615384615384616	0.09420535335512142	P10415, P01106, P06400	65	154	19104	5.725474525474526	1.0	0.23319578806964222	0.17143676916877953
GOTERM_BP_FAT	GO:0046546~development of primary male sexual characteristics	3	4.615384615384616	0.09420535335512142	P24385, P10415, Q07812	65	154	19104	5.725474525474526	1.0	0.23319578806964222	0.17143676916877953
GOTERM_BP_FAT	GO:0001649~osteoblast differentiation	3	4.615384615384616	0.09523794756400096	P31749, P04040, P01344	65	155	19104	5.688535980148885	1.0	0.2352627584361075	0.17295632801041944
GOTERM_BP_FAT	GO:0009755~hormone-mediated signaling pathway	3	4.615384615384616	0.09523794756400096	P37231, Q07869, Q04206	65	155	19104	5.688535980148885	1.0	0.2352627584361075	0.17295632801041944
GOTERM_BP_FAT	GO:0043086~negative regulation of catalytic activity	3	4.615384615384616	0.09523794756400096	P04637, P08253, P06400	65	155	19104	5.688535980148885	1.0	0.2352627584361075	0.17295632801041944
GOTERM_BP_FAT	GO:0010715~regulation of extracellular matrix disassembly	2	3.076923076923077	0.09583901399329524	P00749, P05231	65	30	19104	19.593846153846155	1.0	0.2354449504704612	0.17309026873892247
GOTERM_BP_FAT	GO:0014009~glial cell proliferation	2	3.076923076923077	0.09583901399329524	P04637, P06400	65	30	19104	19.593846153846155	1.0	0.2354449504704612	0.17309026873892247
GOTERM_BP_FAT	GO:0050820~positive regulation of coagulation	2	3.076923076923077	0.09583901399329524	P00749, Q16236	65	30	19104	19.593846153846155	1.0	0.2354449504704612	0.17309026873892247
GOTERM_BP_FAT	GO:0034695~response to prostaglandin E	2	3.076923076923077	0.09583901399329524	P37231, P31749	65	30	19104	19.593846153846155	1.0	0.2354449504704612	0.17309026873892247
GOTERM_BP_FAT	GO:2000279~negative regulation of DNA biosynthetic process	2	3.076923076923077	0.09583901399329524	P04637, P38936	65	30	19104	19.593846153846155	1.0	0.2354449504704612	0.17309026873892247
GOTERM_BP_FAT	GO:0002446~neutrophil mediated immunity	2	3.076923076923077	0.09583901399329524	P05164, P05231	65	30	19104	19.593846153846155	1.0	0.2354449504704612	0.17309026873892247
GOTERM_BP_FAT	GO:0014812~muscle cell migration	2	3.076923076923077	0.09583901399329524	P00749, P10415	65	30	19104	19.593846153846155	1.0	0.2354449504704612	0.17309026873892247
GOTERM_BP_FAT	GO:0010759~positive regulation of macrophage chemotaxis	2	3.076923076923077	0.09583901399329524	P28482, P13500	65	30	19104	19.593846153846155	1.0	0.2354449504704612	0.17309026873892247
GOTERM_MF_FAT	GO:0051087~protein-folding chaperone binding	3	4.615384615384616	0.09703915532206256	O15392, P04637, Q07812	65	142	17305	5.6245937161430115	1.0	0.29176010937891655	0.24291921001152084
GOTERM_BP_FAT	GO:0009749~response to glucose	3	4.615384615384616	0.09731301701652666	P05362, Q16665, P42574	65	157	19104	5.616070553650172	1.0	0.23890178473060703	0.1756316032202055
GOTERM_BP_FAT	GO:0000819~sister chromatid segregation	3	4.615384615384616	0.0983554267157741	O96017, O15392, P06400	65	158	19104	5.580525803310614	1.0	0.241129433238672	0.177269286585877
GOTERM_BP_FAT	GO:0030258~lipid modification	3	4.615384615384616	0.0983554267157741	P37231, P09917, P08684	65	158	19104	5.580525803310614	1.0	0.241129433238672	0.177269286585877
GOTERM_MF_FAT	GO:0004364~glutathione transferase activity	2	3.076923076923077	0.0986187948346297	P09488, P09211	65	28	17305	19.016483516483518	1.0	0.29263354807138486	0.24364643429732044
GOTERM_MF_FAT	GO:0097718~disordered domain specific binding	2	3.076923076923077	0.0986187948346297	P04637, P06400	65	28	17305	19.016483516483518	1.0	0.29263354807138486	0.24364643429732044
GOTERM_BP_FAT	GO:0051403~stress-activated MAPK cascade	2	3.076923076923077	0.09887279312382946	P28482, O14920	65	31	19104	18.96178660049628	1.0	0.24140370269194725	0.17747091916826807
GOTERM_BP_FAT	GO:0070168~negative regulation of biomineral tissue development	2	3.076923076923077	0.09887279312382946	P29474, Q16665	65	31	19104	18.96178660049628	1.0	0.24140370269194725	0.17747091916826807
GOTERM_BP_FAT	GO:1902751~positive regulation of cell cycle G2/M phase transition	2	3.076923076923077	0.09887279312382946	P24385, P11802	65	31	19104	18.96178660049628	1.0	0.24140370269194725	0.17747091916826807
GOTERM_BP_FAT	GO:0032309~icosanoid secretion	2	3.076923076923077	0.09887279312382946	P35354, P35228	65	31	19104	18.96178660049628	1.0	0.24140370269194725	0.17747091916826807
GOTERM_BP_FAT	GO:0071499~cellular response to laminar fluid shear stress	2	3.076923076923077	0.09887279312382946	P31749, Q16236	65	31	19104	18.96178660049628	1.0	0.24140370269194725	0.17747091916826807
GOTERM_BP_FAT	GO:0045830~positive regulation of isotype switching	2	3.076923076923077	0.09887279312382946	P05112, P60568	65	31	19104	18.96178660049628	1.0	0.24140370269194725	0.17747091916826807
GOTERM_MF_FAT	GO:0016922~nuclear receptor binding	3	4.615384615384616	0.09934351797052257	P37231, O75469, Q16665	65	144	17305	5.546474358974359	1.0	0.29286985167933277	0.24384318047310086
GOTERM_BP_FAT	GO:1903169~regulation of calcium ion transmembrane transport	3	4.615384615384616	0.09940104299936058	P10415, Q07812, P02778	65	159	19104	5.545428156748912	1.0	0.24252768141647268	0.1782972260357383
