Category	Term	Count	%	PValue	Genes	List Total	Pop Hits	Pop Total	Fold Enrichment	Bonferroni	Benjamini	FDR
GOTERM_BP_FAT	GO:0070887~cellular response to chemical stimulus	49	75.38461538461539	8.65564951972042E-33	O75469, P28482, P04637, P13500, P42224, Q07869, P08684, P09211, Q16236, P05177, P25963, P31645, O96017, P35968, P37231, P01106, P08253, P00533, P08254, P42574, P01344, P22301, P01584, Q9NRD8, P01583, P24385, P29474, P10415, P35354, P14780, P05231, P06400, P01375, P35869, Q9UNQ0, P09917, P31749, P19320, P35228, P10145, P23219, Q04206, P04150, P09488, P02778, P05164, P05362, Q16665, P09601	65	2129	19104	6.764432561332515	3.1194960869072394E-29	3.1186305219552677E-29	2.3404876301324017E-29
GOTERM_BP_FAT	GO:0042127~regulation of cell population proliferation	46	70.76923076923077	1.4338014440226164E-31	P11926, P01583, P24385, P29474, P10415, P28482, P04637, P35354, P13500, P42224, P00749, P14780, P01579, P09211, P05231, P05112, P25963, P29965, P01375, P06400, P31645, P35869, P35968, O15392, P09917, P04626, P31749, P19320, P38936, P35228, P10145, P37231, P23219, Q04206, Q07812, P01106, P02778, P08253, Q16665, P00533, P42574, P09601, P01344, P60568, P22301, P01584	65	1838	19104	7.355687620323094	5.16742040425751E-28	2.5829933014067436E-28	1.9384995523185775E-28
KEGG_PATHWAY	hsa05200:Pathways in cancer	37	56.92307692307692	2.3916988792686912E-29	P24385, P10415, P28482, P04637, P35354, P42224, P14780, P08581, P01579, Q14790, P09211, Q16236, P05231, O14920, P05112, P25963, P06400, O15392, O15111, P04626, P31749, P03956, P38936, P35228, P10145, P37231, Q04206, Q07812, P09488, P01106, P08253, Q16665, P00533, P42574, P09601, P01344, P60568	63	533	9375	10.33011703743411	5.285654523183807E-27	5.309571511976494E-27	2.0329440473783874E-27
GOTERM_BP_FAT	GO:0043067~regulation of programmed cell death	43	66.15384615384615	3.140135207641509E-29	P01583, P24385, P29474, P10415, P04637, P35354, P13500, P42224, P14780, P08581, Q07869, P01579, Q14790, P09211, Q16236, P05231, P05112, P29965, P01375, P06400, O96017, P35968, O15392, P04626, P31749, P38936, P37231, Q04206, Q07812, P04150, P01106, P02778, P05164, P08253, P05362, Q16665, P00533, P42574, P09601, P60568, P22301, P01584	65	1680	19104	7.5226373626373615	1.1317047288339997E-25	3.771302384377452E-26	2.83030853382088E-26
GOTERM_BP_FAT	GO:1901700~response to oxygen-containing compound	42	64.61538461538461	6.841892742474592E-28	Q9NRD8, P01583, P24385, P29474, P10415, P28482, P04637, P13500, P42224, P14780, Q07869, Q14790, P09211, Q16236, P05231, P25963, P01375, P06400, P31645, O96017, P35869, O15111, P31749, P19320, P35228, P10145, P37231, Q04206, P04150, P02778, P05164, P08253, P05362, Q16665, P08254, P00533, P42574, P09601, P01344, P60568, P22301, P01584	65	1685	19104	7.325889066423191	2.465818144387843E-24	6.162834887783989E-25	4.625119493912825E-25
GOTERM_BP_FAT	GO:0042981~regulation of apoptotic process	40	61.53846153846154	4.535384237900646E-26	P01583, P24385, P29474, P10415, P04637, P35354, P13500, P42224, P14780, Q07869, P01579, Q14790, P09211, Q16236, P05231, P05112, P29965, P01375, P06400, O96017, P35968, O15392, P04626, P31749, P37231, Q04206, Q07812, P04150, P01106, P02778, P05164, P08253, P05362, Q16665, P00533, P42574, P09601, P60568, P22301, P01584	65	1617	19104	7.270443841872414	1.6345524793393928E-22	3.2681978818312056E-23	2.452735795856669E-23
GOTERM_BP_FAT	GO:0043069~negative regulation of programmed cell death	34	52.307692307692314	2.250047241637124E-25	P01583, P24385, P29474, P10415, P04637, P35354, P13500, P14780, P08581, Q07869, Q14790, P09211, Q16236, P05231, P05112, P29965, P01375, P06400, P35968, O15392, P04626, P31749, Q04206, Q07812, P01106, P05164, P05362, Q16665, P00533, P09601, P60568, P22301, P01584	65	1022	19104	9.777751016107182	8.109170258860195E-22	1.3511533686030932E-22	1.0140212902311307E-22
GOTERM_BP_FAT	GO:0032101~regulation of response to external stimulus	36	55.38461538461539	3.7749639873034847E-25	P01583, P29474, P28482, P35354, P13500, P42224, P00749, P14780, P08581, Q07869, P01579, Q14790, P09211, Q16236, P05231, O14920, P05112, P25963, P01375, P06400, P35869, P35968, P09917, O15111, P31749, P10145, P37231, Q04206, P02778, P08254, P00533, P42574, P60568, P22301, P01584	65	1242	19104	8.519063545150502	1.360497021024176E-21	1.9430278923220648E-22	1.4582146602383747E-22
KEGG_PATHWAY	hsa05417:Lipid and atherosclerosis	25	38.46153846153847	6.0221531883337895E-24	P29474, P10415, P28482, P04637, P13500, P14780, Q14790, Q16236, P05231, O14920, P25963, P29965, P01375, O15111, P31749, P03956, P19320, P10145, P37231, Q04206, Q07812, P05362, P08254, P42574, P01584	63	216	9375	17.22332451499118	1.3308958546217675E-21	6.684590039050507E-22	2.5594151050418608E-22
GOTERM_BP_FAT	GO:0009605~response to external stimulus	42	64.61538461538461	1.1250337231443676E-23	Q9NRD8, P11926, P01583, O75469, P29474, P10415, P28482, P04637, P35354, P13500, P42224, P00749, P14780, P08581, Q07869, P01579, Q14790, P09211, P05231, O14920, P25963, P01375, P35869, P09917, O15111, P31749, P19320, P35228, P10145, P37231, Q04206, Q07812, P01106, P02778, P05164, P08253, Q16665, P08254, P42574, P22301, P01584	65	2163	19104	5.706945481702763	4.054621538212301E-20	4.554833106157328E-21	3.418337141007331E-21
GOTERM_BP_FAT	GO:1901701~cellular response to oxygen-containing compound	34	52.307692307692314	1.1377601430867597E-23	P01583, P29474, P28482, P04637, P13500, P42224, P14780, Q07869, P09211, Q16236, P05231, P25963, P01375, P06400, P31645, O96017, P35869, P31749, P19320, P35228, P10145, P37231, Q04206, P04150, P02778, P05164, P08253, P05362, Q16665, P08254, P00533, P01344, P22301, P01584	65	1157	19104	8.636872548367796	4.100487555684682E-20	4.554833106157328E-21	3.418337141007331E-21
GOTERM_BP_FAT	GO:0009628~response to abiotic stimulus	34	52.307692307692314	3.7724927771322047E-23	P01583, P24385, P29474, P10415, P04637, P35354, P42224, P00749, P14780, Q07869, Q14790, Q16236, P25963, P01375, P31645, O96017, P31749, P03956, P19320, P38936, P35228, P37231, Q04206, Q07812, P01106, P02778, P05164, P08253, Q16665, P08254, P00533, P42574, P09601, P01584	65	1202	19104	8.313528734161014	1.3596063968784465E-19	1.3592291476007334E-20	1.020082046936548E-20
KEGG_PATHWAY	hsa04657:IL-17 signaling pathway	19	29.230769230769234	2.417203730710712E-22	O15111, P28482, P03956, P35354, P13500, P10145, P14780, Q04206, P01579, Q14790, P02778, P05231, P08254, P42574, O14920, P05112, P25963, P01584, P01375	63	94	9375	30.07852077001013	5.342020244870674E-20	1.7887307607259268E-20	6.848743903680351E-21
GOTERM_BP_FAT	GO:0002237~response to molecule of bacterial origin	23	35.38461538461539	3.050029188480542E-22	P01583, P35869, P29474, O75469, P28482, P31749, P19320, P13500, P35228, P10145, P14780, Q04206, Q14790, P02778, P05164, P09211, P05231, P08254, P42574, P25963, P01584, P22301, P01375	65	365	19104	18.520210748155957	1.0992305195283873E-18	9.519685911516132E-20	7.144388205589682E-20
GOTERM_BP_FAT	GO:0043066~negative regulation of apoptotic process	31	47.69230769230769	3.2297786746128157E-22	P01583, P24385, P29474, P10415, P04637, P35354, P13500, P14780, Q07869, P09211, Q16236, P05231, P05112, P29965, P01375, P06400, P35968, O15392, P04626, P31749, Q04206, Q07812, P01106, P05164, P05362, Q16665, P00533, P09601, P60568, P22301, P01584	65	975	19104	9.344757396449705	1.1640122343304588E-18	9.519685911516132E-20	7.144388205589682E-20
GOTERM_BP_FAT	GO:0048584~positive regulation of response to stimulus	43	66.15384615384615	3.4348020219181163E-22	Q9NRD8, P01583, P29474, P10415, P28482, P04637, P35354, P13500, P00749, P14780, P08581, P01579, Q14790, Q16236, P05231, O14920, P05112, P25963, P29965, P01375, P35968, O15392, O15111, P04626, P31749, P35228, P10145, P37231, Q04206, Q07812, P01106, P02778, P08253, P05362, Q16665, P00533, P42574, P09601, P01344, P60568, P22301, P01584	65	2526	19104	5.00317924355929	1.237902648699289E-18	9.519685911516132E-20	7.144388205589682E-20
KEGG_PATHWAY	hsa05418:Fluid shear stress and atherosclerosis	21	32.30769230769231	5.365180363089918E-22	P01583, P35968, P29474, O15111, P10415, P04637, P31749, P19320, P13500, P14780, Q04206, P09488, P01579, P05362, P08253, P09211, Q16236, P09601, O14920, P01584, P01375	63	142	9375	22.007042253521128	1.1857048602428718E-19	2.9776751015149045E-20	1.1401008271566075E-20
GOTERM_BP_FAT	GO:0080134~regulation of response to stress	36	55.38461538461539	1.5893480165300446E-21	Q9NRD8, P01583, P29474, P10415, P28482, P04637, P35354, P42224, P00749, P14780, Q07869, P01579, Q14790, P09211, Q16236, P05231, O14920, P05112, P25963, P01375, P06400, O96017, P35869, P09917, O15111, P31749, P37231, Q04206, Q07812, P01106, P08254, P00533, P42574, P60568, P22301, P01584	65	1598	19104	6.621199576393569	5.7280102515742804E-18	3.96424595573069E-19	2.975109926254728E-19
GOTERM_BP_FAT	GO:0051707~response to other organism	36	55.38461538461539	1.655755640110342E-21	Q9NRD8, P11926, P01583, O75469, P29474, P10415, P28482, P04637, P35354, P13500, P42224, P14780, Q07869, P01579, Q14790, P09211, P05231, O14920, P25963, P01375, P35869, O15111, P31749, P19320, P35228, P10145, P37231, Q04206, Q07812, P02778, P05164, Q16665, P08254, P42574, P22301, P01584	65	1600	19104	6.612923076923077	5.967343326957672E-18	3.96424595573069E-19	2.975109926254728E-19
GOTERM_BP_FAT	GO:0043207~response to external biotic stimulus	36	55.38461538461539	1.76042007470694E-21	Q9NRD8, P11926, P01583, O75469, P29474, P10415, P28482, P04637, P35354, P13500, P42224, P14780, Q07869, P01579, Q14790, P09211, P05231, O14920, P25963, P01375, P35869, O15111, P31749, P19320, P35228, P10145, P37231, Q04206, Q07812, P02778, P05164, Q16665, P08254, P42574, P22301, P01584	65	1603	19104	6.600547051202073	6.344553949243811E-18	3.96424595573069E-19	2.975109926254728E-19
GOTERM_BP_FAT	GO:0033993~response to lipid	30	46.15384615384615	2.2365624803764633E-21	P01583, P24385, P29474, P10415, P28482, P13500, P14780, Q07869, Q14790, P09211, P05231, P25963, P01375, P31645, P35869, P31749, P19320, P35228, P10145, P37231, Q04206, P04150, P02778, P05164, P08253, P08254, P00533, P42574, P22301, P01584	65	945	19104	9.330402930402931	8.060571179276773E-18	4.609530762999869E-19	3.459386950638814E-19
GOTERM_BP_FAT	GO:0034097~response to cytokine	30	46.15384615384615	2.302846342880867E-21	Q9NRD8, P01583, P10415, P28482, P04637, P13500, P42224, P01579, Q14790, Q16236, P05231, O14920, P05112, P25963, P01375, O15111, P31749, P19320, P35228, P10145, Q04206, P01106, P02778, P08253, P05362, Q16665, P42574, P60568, P22301, P01584	65	946	19104	9.320539925191088	8.299458219742644E-18	4.609530762999869E-19	3.459386950638814E-19
GOTERM_BP_FAT	GO:0044419~biological process involved in interspecies interaction between organisms	37	56.92307692307692	2.4453761335104073E-21	Q9NRD8, P11926, P01583, O75469, P29474, P10415, P28482, P04637, P35354, P13500, P42224, P14780, Q07869, P01579, Q14790, P09211, P05231, O14920, P25963, P01375, P35869, O15111, P31749, P19320, P35228, P10145, P37231, Q04206, Q07812, P02778, P05164, P05362, Q16665, P08254, P42574, P22301, P01584	65	1750	19104	6.214048351648351	8.813135585171508E-18	4.637205373177893E-19	3.4801563500063903E-19
GOTERM_BP_FAT	GO:0006950~response to stress	49	75.38461538461539	3.739689327045735E-21	P28482, P04637, P13500, P42224, P00749, Q07869, P09211, Q16236, P25963, P29965, P31645, O96017, P35968, P37231, Q07812, P01106, P08253, P08254, P42574, P22301, P01584, Q9NRD8, P01583, P24385, P29474, P10415, P35354, P01579, Q14790, P05231, O14920, P05112, P01375, P09917, O15111, P04626, P31749, P19320, P38936, P35228, P10145, P23219, Q04206, P04150, P09488, P02778, P05164, Q16665, P09601	65	3835	19104	3.755274295456825	1.3477840334672829E-17	6.646031864058062E-19	4.987751917960866E-19
GOTERM_BP_FAT	GO:1901652~response to peptide	30	46.15384615384615	3.873623900783217E-21	Q9NRD8, P01583, P10415, P28482, P04637, P13500, P42224, P01579, Q14790, Q16236, P05231, O14920, P05112, P25963, P01375, O15111, P31749, P19320, P35228, P10145, Q04206, P01106, P02778, P08253, P05362, Q16665, P42574, P60568, P22301, P01584	65	964	19104	9.146504947334822	1.3960540538422714E-17	6.646031864058062E-19	4.987751917960866E-19
GOTERM_BP_FAT	GO:0009607~response to biotic stimulus	36	55.38461538461539	4.264397908036454E-21	Q9NRD8, P11926, P01583, O75469, P29474, P10415, P28482, P04637, P35354, P13500, P42224, P14780, Q07869, P01579, Q14790, P09211, P05231, O14920, P25963, P01375, P35869, O15111, P31749, P19320, P35228, P10145, P37231, Q04206, Q07812, P02778, P05164, Q16665, P08254, P42574, P22301, P01584	65	1647	19104	6.424211853720051	1.5368890060563382E-17	6.98392075575243E-19	5.241332701513896E-19
GOTERM_BP_FAT	GO:0002682~regulation of immune system process	37	56.92307692307692	8.759970625134656E-21	P01583, P10415, P28482, P13500, P42224, P01579, Q14790, Q16236, P05231, O14920, P05112, P25963, P29965, P01375, P06400, P35869, O15111, P04626, P31749, P19320, P38936, P35228, P10145, P37231, Q04206, Q07812, P01106, P02778, P05362, Q16665, P00533, P42574, P09601, P01344, P60568, P22301, P01584	65	1818	19104	5.981619700431581	3.15709341329853E-17	1.3264129561295672E-18	9.954539643004024E-19
GOTERM_BP_FAT	GO:0071216~cellular response to biotic stimulus	20	30.76923076923077	8.835390215684044E-21	P01583, P35869, P29474, O75469, P04637, P28482, P31749, P13500, P35228, P10145, P14780, Q04206, P02778, P09211, P05231, P08254, P25963, P01584, P22301, P01375	65	260	19104	22.608284023668638	3.1842746337325295E-17	1.3264129561295672E-18	9.954539643004024E-19
GOTERM_BP_FAT	GO:2000147~positive regulation of cell motility	26	40.0	1.4226625033734027E-20	Q9NRD8, P29474, P10415, P28482, P35354, P13500, P00749, P14780, P08581, P01579, Q14790, Q16236, P05231, P05112, P01375, P35968, P31749, P10145, P02778, P08253, P05362, Q16665, P00533, P09601, P01584	65	651	19104	11.738248847926268	5.127275662157743E-17	2.050341199861748E-18	1.5387517636486723E-18
GOTERM_BP_FAT	GO:0009410~response to xenobiotic stimulus	23	35.38461538461539	2.2434173566649843E-20	P31645, O96017, P35869, P24385, O75469, O15111, P10415, P04637, P35228, P37231, P42224, P08684, P09488, P01106, P08253, P09211, Q16236, P42574, P05177, P01584, P22301, P06400, P01375	65	445	19104	15.190734658599826	8.085276153420603E-17	3.108858744639976E-18	2.3331540509315835E-18
GOTERM_BP_FAT	GO:0040017~positive regulation of locomotion	26	40.0	2.6459685520729215E-20	Q9NRD8, P29474, P10415, P28482, P35354, P13500, P00749, P14780, P08581, P01579, Q14790, Q16236, P05231, P05112, P01375, P35968, P31749, P10145, P02778, P08253, P05362, Q16665, P00533, P09601, P01584	65	668	19104	11.439520958083833	9.536070661670809E-17	3.5308980344884214E-18	2.6498885054834E-18
GOTERM_BP_FAT	GO:0071219~cellular response to molecule of bacterial origin	19	29.230769230769234	3.3503691880070826E-20	P01583, P35869, P29474, O75469, P28482, P31749, P13500, P35228, P10145, P14780, Q04206, P02778, P09211, P05231, P08254, P25963, P01584, P22301, P01375	65	231	19104	24.174225774225775	1.2074730553577525E-16	4.3112072087105416E-18	3.235499387275411E-18
KEGG_PATHWAY	hsa04933:AGE-RAGE signaling pathway in diabetic complications	18	27.692307692307693	4.257101672685056E-20	P01583, P24385, P29474, P10415, P28482, P31749, P19320, P13500, P10145, P42224, Q04206, Q07812, P05362, P08253, P05231, P42574, P01584, P01375	63	101	9375	26.52050919377652	9.408194696633974E-18	1.8901531426721646E-18	7.237072843564595E-19
GOTERM_BP_FAT	GO:0010604~positive regulation of macromolecule metabolic process	46	70.76923076923077	4.4138829183966915E-20	P01583, O75469, P29474, P28482, P04637, P35354, P13500, P42224, P14780, P08581, Q07869, P01579, Q14790, Q16236, P05231, O14920, P05112, P25963, P29965, P01375, P06400, P31645, O96017, P35869, P35968, O15111, P04626, P31749, P38936, P35228, P10145, P37231, Q04206, Q07812, P04150, P01106, P02778, Q16665, P00533, P42574, P09601, P01344, P60568, P22301, P01584	65	3427	19104	3.9450696954052664	1.5907634037901676E-16	5.483869018959751E-18	4.115565314256777E-18
GOTERM_BP_FAT	GO:1901698~response to nitrogen compound	29	44.61538461538462	5.872149966491172E-20	Q9NRD8, P28482, P04637, P42224, P14780, Q07869, P09211, Q16236, P05231, P25963, P01375, P06400, P31645, P35869, O15111, P31749, P19320, P37231, Q04206, P09488, P01106, P08253, P05362, P08254, P42574, P01344, P60568, P22301, P01584	65	963	19104	8.850802779774742	2.1163228479234184E-16	7.052452109755898E-18	5.2927645031307105E-18
GOTERM_BP_FAT	GO:0032496~response to lipopolysaccharide	21	32.30769230769231	6.435521144020504E-20	P01583, P29474, P28482, P31749, P19320, P13500, P35228, P10145, P14780, Q04206, Q14790, P02778, P05164, P09211, P05231, P08254, P42574, P25963, P01584, P22301, P01375	65	343	19104	17.994348508634225	2.3193618203049896E-16	7.479736349001896E-18	5.6134352172359494E-18
GOTERM_BP_FAT	GO:0030335~positive regulation of cell migration	25	38.46153846153847	9.473587127188955E-20	P35968, P29474, P10415, P28482, P31749, P35354, P13500, P10145, P00749, P14780, P08581, P01579, Q14790, P02778, P08253, P05362, Q16665, P00533, Q16236, P05231, P09601, P05112, P01375, P01584	65	623	19104	11.794048647981233	3.4142808006388995E-16	1.0666667006019313E-17	8.005181122474667E-18
KEGG_PATHWAY	hsa05160:Hepatitis C	20	30.76923076923077	1.1730647294982917E-19	P24385, O15111, P04637, P28482, P31749, P38936, P42224, Q07869, Q04206, Q07812, P01106, P01579, Q14790, P02778, P00533, P42574, O14920, P25963, P06400, P01375	63	156	9375	19.078144078144078	2.5924730521912248E-17	4.340339499143679E-18	1.66184170012258E-18
GOTERM_BP_FAT	GO:0009893~positive regulation of metabolic process	47	72.3076923076923	1.2086883373535384E-19	P01583, O75469, P29474, P28482, P04637, P35354, P13500, P42224, P14780, P08581, Q07869, P01579, Q14790, P09211, Q16236, P05231, O14920, P05112, P25963, P29965, P01375, P06400, P31645, O96017, P35869, P35968, O15111, P04626, P31749, P38936, P35228, P10145, P37231, Q04206, Q07812, P04150, P01106, P02778, Q16665, P00533, P42574, P09601, P01344, P60568, P22301, P01584	65	3717	19104	3.7163469299062517	4.3561127678221522E-16	1.3196679028741815E-17	9.903918982436266E-18
GOTERM_BP_FAT	GO:0007166~cell surface receptor signaling pathway	39	60.0	1.2572525665992363E-19	Q9NRD8, P01583, P24385, P29474, P10415, P28482, P04637, P13500, P42224, P00749, P14780, P08581, P01579, Q14790, P05231, O14920, P05112, P25963, P29965, P01375, P06400, P35968, O15111, P04626, P31749, P35228, P37231, Q04206, Q07812, P01106, P02778, P08253, P00533, P42574, P01344, P60568, P22301, P01584	65	2270	19104	5.049515418502202	4.531138250023648E-16	1.3323179404285436E-17	9.998855706130397E-18
GOTERM_BP_FAT	GO:2001233~regulation of apoptotic signaling pathway	22	33.84615384615385	1.4663588356033135E-19	P01583, P29474, P10415, P04637, P31749, P35354, P37231, P14780, Q04206, Q07812, P01106, P05362, P08253, P09211, Q16236, Q16665, P09601, P29965, P01584, P22301, P06400, P01375	65	419	19104	15.431907472002939	5.284757243514342E-16	1.5095116813367822E-17	1.1328669404203885E-17
GOTERM_BP_FAT	GO:0008284~positive regulation of cell population proliferation	29	44.61538461538462	2.6139629542956306E-19	P11926, P01583, P24385, P10415, P28482, P42224, P14780, P01579, P05231, P05112, P29965, P01375, P35968, O15392, P04626, P31749, P19320, P38936, Q04206, P01106, P02778, P08253, Q16665, P00533, P09601, P01344, P60568, P22301, P01584	65	1019	19104	8.364399486676229	9.420722487281453E-16	2.6161412567575435E-17	1.963376619004274E-17
KEGG_PATHWAY	hsa05161:Hepatitis B	20	30.76923076923077	2.750925954195177E-19	O15392, O15111, P10415, P04637, P28482, P31749, P38936, P10145, P42224, P14780, Q04206, Q07812, P01106, Q14790, P05231, P42574, O14920, P25963, P06400, P01375	63	163	9375	18.258837277242183	6.079546358771341E-17	8.724365169018989E-18	3.3404100872370003E-18
GOTERM_BP_FAT	GO:0071345~cellular response to cytokine stimulus	27	41.53846153846154	4.279143821914794E-19	Q9NRD8, P01583, P28482, P04637, P13500, P42224, P01579, Q16236, P05231, O14920, P05112, P25963, P01375, O15111, P31749, P19320, P35228, P10145, Q04206, P01106, P02778, P08253, P05362, Q16665, P60568, P22301, P01584	65	841	19104	9.435799871947317	1.5422034334180918E-15	4.166960862259189E-17	3.1272445660696225E-17
KEGG_PATHWAY	hsa04668:TNF signaling pathway	18	27.692307692307693	7.950626782245358E-19	O15111, P28482, P31749, P19320, P35354, P13500, P14780, Q04206, Q14790, P02778, P05362, P05231, P08254, P42574, O14920, P25963, P01584, P01375	63	119	9375	22.509003601440575	1.757088518876224E-16	2.2062989320730868E-17	8.447540956135692E-18
GOTERM_BP_FAT	GO:0031347~regulation of defense response	28	43.07692307692308	1.0605209556870485E-18	P01583, P28482, P35354, P42224, P14780, Q07869, P01579, Q14790, P09211, Q16236, P05231, O14920, P05112, P25963, P01375, P06400, P35869, P09917, O15111, P31749, P37231, Q04206, P08254, P00533, P42574, P60568, P22301, P01584	65	971	19104	8.47519607066466	3.822117524296123E-15	1.0055413166685356E-16	7.546443853099419E-17
GOTERM_BP_FAT	GO:0071396~cellular response to lipid	24	36.92307692307693	1.3286258406649904E-18	P01583, P31645, P35869, P29474, P28482, P31749, P13500, P35228, P10145, P37231, P14780, Q07869, Q04206, P04150, P02778, P08253, P00533, P09211, P05231, P08254, P25963, P01584, P22301, P01375	65	616	19104	11.450949050949053	4.788367529756625E-15	1.2274458727989643E-16	9.211805828610599E-17
GOTERM_BP_FAT	GO:0006954~inflammatory response	24	36.92307692307693	3.4160228001304837E-18	P01583, P09917, O15111, P31749, P19320, P13500, P35228, P10145, Q04206, P04150, P01579, Q14790, P02778, Q16236, P05231, Q16665, P42574, P09601, O14920, P05112, P29965, P01584, P22301, P01375	65	643	19104	10.970116042588826	1.2311346171670264E-14	3.0769825372175333E-16	2.3092314128882067E-16
KEGG_PATHWAY	hsa05215:Prostate cancer	17	26.153846153846157	3.8421470001353566E-18	P24385, O15111, P10415, P04626, P04637, P28482, P31749, P38936, P00749, P14780, Q04206, P00533, P09211, P08254, O14920, P25963, P06400	63	106	9375	23.865678346810423	8.491144870299138E-16	9.477295933667214E-17	3.628694389016726E-17
GOTERM_BP_FAT	GO:0009891~positive regulation of biosynthetic process	41	63.07692307692307	5.311151151933196E-18	P01583, O75469, P29474, P28482, P04637, P35354, P13500, P42224, P08581, Q07869, P01579, Q14790, Q16236, P05231, O14920, P05112, P25963, P29965, P01375, P06400, P31645, O96017, P35869, O15111, P04626, P31749, P35228, P10145, P37231, Q04206, P04150, P01106, P02778, Q16665, P00533, P09601, P01344, P60568, P22301, P01584	65	2876	19104	4.18992190007489	1.9141388751567238E-14	4.667336000101294E-16	3.502768954835942E-16
KEGG_PATHWAY	hsa05163:Human cytomegalovirus infection	21	32.30769230769231	7.422645715823513E-18	P24385, O15111, P04637, P28482, P31749, P38936, P35354, P13500, P10145, Q04206, Q07812, P01106, Q14790, P00533, P05231, P42574, O14920, P25963, P01584, P06400, P01375	63	227	9375	13.766519823788546	1.6404047031969964E-15	1.64782734891282E-16	6.309248858449987E-17
GOTERM_BP_FAT	GO:0010557~positive regulation of macromolecule biosynthetic process	40	61.53846153846154	8.81228221725669E-18	P01583, O75469, P29474, P04637, P35354, P13500, P42224, P08581, Q07869, P01579, Q14790, Q16236, P05231, O14920, P05112, P25963, P29965, P01375, P06400, P31645, O96017, P35869, O15111, P04626, P31749, P35228, P10145, P37231, Q04206, P04150, P01106, P02778, Q16665, P00533, P09601, P01344, P60568, P22301, P01584	65	2739	19104	4.292189737972871	3.175946511099311E-14	7.449225321153481E-16	5.590537126949489E-16
GOTERM_BP_FAT	GO:2000145~regulation of cell motility	29	44.61538461538462	8.890277235903404E-18	Q9NRD8, P29474, P10415, P28482, P35354, P13500, P00749, P14780, P08581, P01579, Q14790, P09211, Q16236, P05231, P05112, P01375, P35968, P31749, P10145, P37231, P02778, P08253, P05362, Q16665, P08254, P00533, P09601, P01584	65	1166	19104	7.309882570259929	3.204055915819587E-14	7.449225321153481E-16	5.590537126949489E-16
KEGG_PATHWAY	hsa05167:Kaposi sarcoma-associated herpesvirus infection	20	30.76923076923077	9.464263548120916E-18	P24385, O15111, P04637, P28482, P31749, P38936, P35354, P10145, P42224, Q04206, Q07812, P01106, Q14790, P05362, P05231, Q16665, P42574, O14920, P25963, P06400	63	196	9375	15.184645286686102	2.0916022441347224E-15	1.9100604615298576E-16	7.313294559911617E-17
GOTERM_BP_FAT	GO:0007165~signal transduction	51	78.46153846153847	1.128285611767143E-17	O75469, P28482, P04637, P13500, P42224, P00749, Q07869, Q16236, P25963, P29965, O96017, P35968, P37231, Q07812, P01106, P08253, P00533, P42574, P01344, P22301, P01584, Q9NRD8, P01583, P24385, P29474, P10415, P14780, P08581, P01579, Q14790, P05231, O14920, P05112, P06400, P01375, P35869, O15392, O15111, P04626, P31749, P38936, P35228, P10145, Q04206, P04150, P02778, P05362, Q16665, P09601, P60568	65	5100	19104	2.9390769230769234	4.066341344808783E-14	9.239120589084128E-16	6.933827941405351E-16
GOTERM_BP_FAT	GO:0071222~cellular response to lipopolysaccharide	17	26.153846153846157	1.2880681617350582E-17	P01583, P29474, P28482, P31749, P13500, P35228, P10145, P14780, Q04206, P02778, P09211, P05231, P08254, P25963, P01584, P22301, P01375	65	217	19104	23.02502658631691	4.6421976548931496E-14	1.0313132414958698E-15	7.739858465181328E-16
GOTERM_BP_FAT	GO:0048585~negative regulation of response to stimulus	35	53.84615384615385	1.8943034816202076E-17	P01583, P29474, P10415, P04637, P35354, P13500, P42224, P00749, P14780, Q07869, Q14790, P09211, Q16236, P05231, P05112, P25963, P01375, P06400, O96017, P35869, P09917, P31749, P10145, P37231, Q04206, Q07812, P01106, P05362, Q16665, P08254, P00533, P09601, P60568, P22301, P01584	65	1988	19104	5.174431202600216	6.827069747759229E-14	1.4837337922342626E-15	1.113521003108922E-15
KEGG_PATHWAY	hsa05164:Influenza A	19	29.230769230769234	2.216789529348783E-17	P01583, O15111, P28482, P31749, P13500, P10145, P42224, Q04206, Q07812, P01579, Q14790, P02778, P05362, P05231, P42574, O14920, P25963, P01584, P01375	63	173	9375	16.343242499311863	4.8991048598608104E-15	4.101060629295249E-16	1.5702259166220547E-16
GOTERM_BP_FAT	GO:0023052~signaling	52	80.0	2.3134683101447973E-17	O75469, P28482, P04637, P13500, P42224, P00749, Q07869, Q16236, P25963, P29965, O96017, P35968, P37231, Q07812, P01106, P08253, P00533, P42574, P01344, P22301, P01584, Q9NRD8, P01583, P24385, P29474, P10415, P35354, P14780, P08581, P01579, Q14790, P05231, O14920, P05112, P06400, P01375, P35869, O15392, O15111, P04626, P31749, P38936, P35228, P10145, Q04206, P04150, P02778, P05362, Q16665, P09601, P60568	65	5445	19104	2.806831955922865	8.33773978976185E-14	1.7734949620110011E-15	1.3309826192833046E-15
GOTERM_BP_FAT	GO:0040012~regulation of locomotion	29	44.61538461538462	2.4247823461104438E-17	Q9NRD8, P29474, P10415, P28482, P35354, P13500, P00749, P14780, P08581, P01579, Q14790, P09211, Q16236, P05231, P05112, P01375, P35968, P31749, P10145, P37231, P02778, P08253, P05362, Q16665, P08254, P00533, P09601, P01584	65	1212	19104	7.032444782939833	8.73891557538204E-14	1.820102248549152E-15	1.3659607216422168E-15
GOTERM_BP_FAT	GO:0051093~negative regulation of developmental process	28	43.07692307692308	2.5814589241561343E-17	P24385, P29474, P10415, P28482, P04637, P42224, P14780, Q07869, P01579, Q16236, P05231, P05112, P25963, P01375, P06400, P31645, P09917, P04626, P38936, P37231, Q04206, P01106, P02778, Q16665, P00533, P01344, P60568, P01584	65	1102	19104	7.467709060449533	9.303577962658708E-14	1.8981625517825614E-15	1.4245438634526913E-15
GOTERM_BP_FAT	GO:0030334~regulation of cell migration	28	43.07692307692308	2.7014361603445213E-17	P29474, P10415, P28482, P35354, P13500, P00749, P14780, P08581, P01579, Q14790, P09211, Q16236, P05231, P05112, P01375, P35968, P31749, P10145, P37231, P02778, P08253, P05362, Q16665, P08254, P00533, P09601, P01584	65	1104	19104	7.454180602006689	9.735975921881655E-14	1.946654897144262E-15	1.460936675514317E-15
GOTERM_BP_FAT	GO:0051241~negative regulation of multicellular organismal process	30	46.15384615384615	3.006707800633569E-17	P01583, P29474, P10415, P04637, P42224, P00749, Q07869, P01579, P09211, P05231, O14920, P05112, P25963, P01375, P06400, P31645, P09917, P04626, P37231, Q04206, P01106, P02778, P08253, Q16665, P00533, P42574, P09601, P60568, P22301, P01584	65	1341	19104	6.575116159008776	1.0836174913483382E-13	2.1241506285652445E-15	1.5941446848849354E-15
GOTERM_BP_FAT	GO:0002684~positive regulation of immune system process	28	43.07692307692308	3.16473196833458E-17	P01583, P10415, P28482, P13500, P01579, Q14790, P05231, O14920, P05112, P25963, P29965, P01375, P06400, O15111, P31749, P19320, P38936, P35228, P10145, Q04206, Q07812, P02778, P05362, P00533, P01344, P60568, P22301, P01584	65	1111	19104	7.407214567610607	1.1405694013877827E-13	2.192794092674902E-15	1.6456606235339816E-15
GOTERM_BP_FAT	GO:0007154~cell communication	52	80.0	3.7045214137152056E-17	O75469, P28482, P04637, P13500, P42224, P00749, Q07869, Q16236, P25963, P29965, O96017, P35968, P37231, Q07812, P01106, P08253, P00533, P42574, P01344, P22301, P01584, Q9NRD8, P01583, P24385, P29474, P10415, P35354, P14780, P08581, P01579, Q14790, P05231, O14920, P05112, P06400, P01375, P35869, O15392, O15111, P04626, P31749, P38936, P35228, P10145, Q04206, P04150, P02778, P05362, Q16665, P09601, P60568	65	5501	19104	2.7782584984548264	1.3351095175029602E-13	2.518375595021865E-15	1.8900048872992292E-15
KEGG_PATHWAY	hsa05142:Chagas disease	16	24.615384615384617	8.47606313845206E-17	O15111, P28482, P31749, P13500, P35228, P10145, Q04206, P01579, Q14790, P05231, O14920, P60568, P25963, P01584, P22301, P01375	63	103	9375	23.11604253351826	2.453592884421596E-14	1.4474507821048903E-15	5.542041282834039E-16
GOTERM_BP_FAT	GO:0050727~regulation of inflammatory response	21	32.30769230769231	9.245673130232911E-17	P01583, P35869, P09917, P28482, P35354, P37231, P14780, Q07869, Q04206, P01579, P09211, P05231, P08254, P42574, P05112, P60568, P25963, P01584, P22301, P06400, P01375	65	498	19104	12.393697868396664	4.001243780749064E-13	6.168918571894293E-15	4.629685211879591E-15
GOTERM_BP_FAT	GO:0006952~defense response	32	49.23076923076923	1.230783535958677E-16	Q9NRD8, P01583, P10415, P04637, P13500, P42224, Q07869, P01579, Q14790, Q16236, P05231, O14920, P05112, P29965, P01375, P09917, O15111, P31749, P19320, P35228, P10145, P37231, Q04206, P04150, P02778, P05164, Q16665, P08254, P42574, P09601, P22301, P01584	65	1677	19104	5.608256501995322	4.001243780749064E-13	8.062751054652933E-15	6.050979420422295E-15
GOTERM_BP_FAT	GO:0051240~positive regulation of multicellular organismal process	33	50.76923076923077	1.493760819636125E-16	P01583, P24385, P29474, P10415, P35354, P13500, P42224, P00749, P01579, Q14790, Q16236, P05231, P05112, P29965, P01375, P06400, P35968, P09917, O15111, P31749, P19320, P38936, P35228, P10145, P37231, Q04206, P01106, Q16665, P09601, P01344, P60568, P22301, P01584	65	1829	19104	5.302872523867603	4.001243780749064E-13	9.610750416337425E-15	7.212730814814431E-15
GOTERM_BP_FAT	GO:2001234~negative regulation of apoptotic signaling pathway	17	26.153846153846157	1.583447204592554E-16	P01583, P29474, P10415, P31749, P35354, P14780, Q04206, Q07812, P05362, P09211, Q16236, Q16665, P09601, P01584, P22301, P06400, P01375	65	254	19104	19.6709872804361	4.001243780749064E-13	1.0009053119556092E-14	7.511651300382923E-15
GOTERM_BP_FAT	GO:0002376~immune system process	38	58.46153846153847	1.6226222489137648E-16	P01583, P10415, P28482, P04637, P13500, P42224, P01579, Q14790, Q16236, P05231, O14920, P05112, P25963, P29965, P01375, P06400, P09917, O15111, P04626, P31749, P19320, P35228, P10145, P37231, Q04206, Q07812, P01106, P02778, P05164, P08253, P05362, Q16665, P08254, P42574, P09601, P60568, P22301, P01584	65	2622	19104	4.259531772575251	4.001243780749064E-13	1.0079841315234991E-14	7.564776829418655E-15
GOTERM_BP_FAT	GO:0009617~response to bacterium	24	36.92307692307693	1.7860203617541896E-16	P01583, Q9NRD8, P35869, P29474, O75469, P28482, P31749, P19320, P13500, P35228, P10145, P14780, Q04206, Q14790, P02778, P05164, P09211, P05231, P08254, P42574, P25963, P01584, P22301, P01375	65	771	19104	9.148877581562408	8.002487561498128E-13	1.090683281932262E-14	8.185422132514115E-15
GOTERM_BP_FAT	GO:0045944~positive regulation of transcription by RNA polymerase II	29	44.61538461538462	1.9054207920013673E-16	P01583, O75469, P04637, P42224, P08581, Q07869, P01579, Q16236, P05231, O14920, P05112, P25963, P01375, P06400, P35869, O15111, P31749, P37231, Q04206, P04150, P01106, P02778, Q16665, P00533, P01344, P60568, P22301, P01584	65	1313	19104	6.4914874919444605	8.002487561498128E-13	1.144205185596821E-14	8.587096369286163E-15
GOTERM_BP_FAT	GO:0030097~hemopoiesis	24	36.92307692307693	1.942334150805354E-16	P01583, P35968, P10415, P04626, P04637, P19320, P37231, P14780, Q07812, P04150, P01579, Q14790, Q16236, P05231, Q16665, P42574, P09601, P05112, P60568, P29965, P01584, P22301, P06400, P01375	65	774	19104	9.113416815742397	8.002487561498128E-13	1.1472508107133919E-14	8.609953350455209E-15
GOTERM_BP_FAT	GO:0009719~response to endogenous stimulus	29	44.61538461538462	2.269883661932201E-16	P24385, P29474, P10415, P28482, P04637, P13500, P42224, Q07869, P09211, Q16236, P05231, P01375, P06400, P35968, O15111, P04626, P31749, P19320, P35228, P10145, P37231, Q04206, P04150, P01106, P08253, P00533, P42574, P01344, P22301	65	1322	19104	6.447294309321541	8.002487561498128E-13	1.3190952957970517E-14	9.899621648168826E-15
GOTERM_BP_FAT	GO:2000026~regulation of multicellular organismal development	31	47.69230769230769	3.048727862386837E-16	P01583, P24385, P29474, P28482, P04637, P42224, P14780, Q07869, P01579, Q14790, Q16236, P05231, O14920, P05112, P25963, P01375, P06400, P35968, P09917, P04626, P31749, P10145, P37231, Q04206, P01106, P02778, Q16665, P09601, P60568, P22301, P01584	65	1595	19104	5.712312515071136	1.2003731342247193E-12	1.7435819822507575E-14	1.3085333555387311E-14
KEGG_PATHWAY	hsa05145:Toxoplasmosis	16	24.615384615384617	3.113001031445083E-16	P09917, O15111, P10415, P28482, P31749, P35228, P42224, Q04206, P01579, Q14790, P42574, O14920, P25963, P29965, P22301, P01375	63	112	9375	21.258503401360542	7.360778653264788E-14	4.9363302070057745E-15	1.890036340520229E-15
KEGG_PATHWAY	hsa05169:Epstein-Barr virus infection	19	29.230769230769234	4.674181332677598E-16	P24385, O15111, P10415, P04637, P31749, P38936, P42224, Q04206, Q07812, P01106, Q14790, P02778, P05362, P05231, P42574, O14920, P25963, P06400, P01375	63	205	9375	13.792102206736352	9.814371537686384E-14	6.917788372362845E-15	2.6487027551839723E-15
GOTERM_BP_FAT	GO:0008285~negative regulation of cell population proliferation	24	36.92307692307693	4.906112277554193E-16	P01583, P31645, P29474, P09917, P10415, P04626, P04637, P38936, P13500, P10145, P37231, P42224, Q07812, P01106, P01579, P09211, P05231, P42574, P09601, P60568, P01584, P22301, P06400, P01375	65	808	19104	8.72993145468393	1.6004975122996257E-12	2.7619878962543372E-14	2.0728324372666467E-14
GOTERM_BP_FAT	GO:1902531~regulation of intracellular signal transduction	35	53.84615384615385	6.06185908184567E-16	P01583, P10415, P28482, P04637, P35354, P42224, P14780, Q07869, Q14790, P09211, Q16236, P05231, O14920, P25963, P29965, P01375, O96017, P35968, O15392, O15111, P04626, P31749, P37231, Q04206, Q07812, P01106, P08253, P05362, Q16665, P08254, P00533, P09601, P01344, P22301, P01584	65	2212	19104	4.65043816942551	2.000621890374532E-12	3.3601351187523E-14	2.521733378047799E-14
KEGG_PATHWAY	hsa05222:Small cell lung cancer	15	23.076923076923077	6.232891146298117E-16	P24385, O15111, P10415, P04637, P31749, P38936, P35354, P35228, Q04206, Q07812, P01106, P42574, O14920, P25963, P06400	63	93	9375	24.00153609831029	1.4721557306529576E-13	8.648136465488638E-15	3.311223421470875E-15
GOTERM_BP_FAT	GO:0034612~response to tumor necrosis factor	15	23.076923076923077	6.865676072690701E-16	O15111, P04637, P28482, P31749, P19320, P13500, P10145, P42224, Q04206, Q14790, Q16236, P42574, O14920, P25963, P01375	65	178	19104	24.76750216076059	2.4007462684494385E-12	3.748034983318878E-14	2.812846681902372E-14
GOTERM_BP_FAT	GO:0023051~regulation of signaling	44	67.6923076923077	8.369410212251509E-16	P01583, P29474, P10415, P28482, P04637, P35354, P13500, P42224, P00749, P14780, Q07869, P01579, Q14790, P09211, Q16236, P05231, O14920, P25963, P29965, P01375, P06400, P31645, O96017, P35968, O15392, P09917, O15111, P04626, P31749, P35228, P10145, P37231, Q04206, Q07812, P01106, P08253, P05362, Q16665, P08254, P00533, P09601, P01344, P22301, P01584	65	3915	19104	3.303177129384026	3.2009950245992513E-12	4.500744029065998E-14	3.3777440617803104E-14
GOTERM_BP_FAT	GO:0010646~regulation of cell communication	44	67.6923076923077	8.876656088483279E-16	P01583, P29474, P10415, P28482, P04637, P35354, P13500, P42224, P00749, P14780, Q07869, P01579, Q14790, P09211, Q16236, P05231, O14920, P25963, P29965, P01375, P06400, P31645, O96017, P35968, O15392, P09917, O15111, P04626, P31749, P35228, P10145, P37231, Q04206, Q07812, P01106, P08253, P05362, Q16665, P08254, P00533, P09601, P01344, P22301, P01584	65	3922	19104	3.2972816067155692	3.2009950245992513E-12	4.70332233629489E-14	3.529776185773351E-14
KEGG_PATHWAY	hsa05219:Bladder cancer	12	18.461538461538463	1.1129212936858292E-15	P24385, P14780, P04626, P04637, P28482, P03956, P01106, P08253, P38936, P00533, P06400, P10145	63	41	9375	43.55400696864111	2.453592884421596E-13	1.4533442776367886E-14	5.564606468429146E-15
GOTERM_BP_FAT	GO:0010468~regulation of gene expression	51	78.46153846153847	1.970477689461052E-15	O75469, P28482, P04637, P13500, P42224, P00749, Q07869, P09211, Q16236, P05177, P25963, P29965, P31645, O96017, P35968, P37231, P01106, P00533, P42574, P01344, P22301, P01584, P01583, P24385, P29474, P10415, P35354, P08581, P01579, Q14790, P05231, O14920, P05112, P06400, P01375, P35869, O15392, P09917, O15111, P04626, P31749, P38936, P35228, P10145, Q04206, P04150, P02778, Q16665, P09601, P60568	65	5709	19104	2.62555479202878	7.2022388053483155E-12	1.0289320456707493E-13	7.721987930873456E-14
GOTERM_BP_FAT	GO:0019221~cytokine-mediated signaling pathway	19	29.230769230769234	2.231724464283891E-15	P01583, Q9NRD8, O15111, P04637, P28482, P31749, P13500, P42224, Q04206, P01579, P02778, P05231, O14920, P05112, P60568, P25963, P01584, P22301, P01375	65	431	19104	12.956487595930753	8.002487561498128E-12	1.1487004635449798E-13	8.620832787748058E-14
GOTERM_BP_FAT	GO:0006979~response to oxidative stress	19	29.230769230769234	2.3184775216204834E-15	Q9NRD8, P29474, O15111, P10415, P04637, P31749, P35354, P42224, P23219, Q04206, P05164, P08253, P09211, Q16236, P05231, Q16665, P08254, P42574, P09601	65	432	19104	12.926495726495727	8.402611939573035E-12	1.176545705689944E-13	8.829807349946179E-14
GOTERM_BP_FAT	GO:0010628~positive regulation of gene expression	28	43.07692307692308	2.4073925725941393E-15	P01583, O75469, P29474, P04637, P35354, P13500, P42224, P01579, Q14790, Q16236, P05231, P05112, P29965, P01375, P31645, O15111, P04626, P31749, P35228, P10145, P37231, Q04206, P01106, Q16665, P09601, P60568, P22301, P01584	65	1318	19104	6.243865997432007	8.802736317647941E-12	1.2046993665356505E-13	9.041096550409102E-14
GOTERM_BP_FAT	GO:0009966~regulation of signal transduction	41	63.07692307692307	3.018333642038144E-15	P01583, P29474, P10415, P28482, P04637, P35354, P13500, P42224, P00749, P14780, Q07869, P01579, Q14790, P09211, Q16236, P05231, O14920, P25963, P29965, P01375, P06400, O96017, P35968, O15392, O15111, P04626, P31749, P10145, P37231, Q04206, Q07812, P01106, P08253, P05362, Q16665, P08254, P00533, P09601, P01344, P22301, P01584	65	3427	19104	3.51625777199165	1.0803358208022473E-11	1.4897337140086895E-13	1.1180238586398824E-13
GOTERM_BP_FAT	GO:0045595~regulation of cell differentiation	31	47.69230769230769	3.5308900692798347E-15	P24385, P10415, P28482, P04637, P35354, P42224, P14780, Q07869, P01579, Q14790, Q16236, P05231, O14920, P05112, P25963, P01375, P06400, P31645, P35968, P09917, P04626, P31749, P37231, P01106, P02778, Q16665, P00533, P01344, P60568, P22301, P01584	65	1740	19104	5.236286472148541	1.2803980098397005E-11	1.7191617458939517E-13	1.290206317207118E-13
GOTERM_BP_FAT	GO:0045893~positive regulation of DNA-templated transcription	31	47.69230769230769	4.408874610007176E-15	P01583, O75469, P04637, P42224, P08581, Q07869, P01579, Q16236, P05231, O14920, P05112, P25963, P01375, P06400, O96017, P35869, O15111, P04626, P31749, P37231, Q04206, P04150, P01106, P02778, Q16665, P00533, P01344, P60568, P22301, P01584	65	1754	19104	5.1944917112533995	1.6004975122996257E-11	2.1180233626474472E-13	1.589546259394587E-13
GOTERM_BP_FAT	GO:1902680~positive regulation of RNA biosynthetic process	31	47.69230769230769	4.531869769165621E-15	P01583, O75469, P04637, P42224, P08581, Q07869, P01579, Q16236, P05231, O14920, P05112, P25963, P01375, P06400, O96017, P35869, O15111, P04626, P31749, P37231, Q04206, P04150, P01106, P02778, Q16665, P00533, P01344, P60568, P22301, P01584	65	1756	19104	5.18857543367794	1.6405099501071163E-11	2.1484640497768069E-13	1.6123915599768212E-13
GOTERM_BP_FAT	GO:0010556~regulation of macromolecule biosynthetic process	51	78.46153846153847	4.837502648515507E-15	O75469, P28482, P04637, P13500, P42224, P00749, Q07869, P09211, Q16236, P05177, P25963, P29965, P31645, O96017, P35968, P37231, P01106, P00533, P42574, P01344, P22301, P01584, P01583, P24385, P29474, P10415, P35354, P08581, P01579, Q14790, P05231, O14920, P05112, P06400, P01375, P35869, O15392, P09917, O15111, P04626, P31749, P38936, P35228, P10145, Q04206, P04150, P02778, Q16665, P09601, P60568	65	5826	19104	2.5728273785946287	1.7605472635295882E-11	2.2635742912469314E-13	1.6987801508553157E-13
GOTERM_BP_FAT	GO:0009411~response to UV	14	21.53846153846154	6.052634128768196E-15	P24385, P10415, P04637, P31749, P03956, P38936, P14780, Q04206, Q07812, P01106, P08253, P00533, P08254, P42574	65	161	19104	25.557190635451505	2.2006840794119853E-11	2.795851380250232E-13	2.0982464979729745E-13
KEGG_PATHWAY	hsa05162:Measles	16	24.615384615384617	6.288910958342713E-15	P01583, P24385, O15111, P10415, P04637, P31749, P42224, Q04206, Q07812, Q14790, P05231, P42574, O14920, P60568, P25963, P01584	63	136	9375	17.507002801120446	1.3985479441203097E-12	7.756323515289347E-14	2.9697635081062815E-14
GOTERM_BP_FAT	GO:0036293~response to decreased oxygen levels	17	26.153846153846157	8.403749537599518E-15	P31645, P24385, P10415, P04637, P31749, P19320, P35354, P35228, P37231, P00749, Q07869, P01106, P08253, Q16236, Q16665, P42574, P01375	65	326	19104	15.326474752241625	3.040945273369289E-11	3.832748048603932E-13	2.876422626540392E-13
GOTERM_BP_FAT	GO:0032103~positive regulation of response to external stimulus	21	32.30769230769231	9.769012661793436E-15	P01583, P35968, O15111, P28482, P35354, P13500, P10145, P00749, P08581, Q04206, P01579, P02778, P00533, P05231, P42574, O14920, P60568, P25963, P01584, P01375	65	634	19104	9.735112836690124	3.5210945270591765E-11	4.3997190775552186E-13	3.301926279686181E-13
GOTERM_BP_FAT	GO:0009314~response to radiation	19	29.230769230769234	1.045687342386051E-14	O96017, P24385, P10415, P04637, P31749, P03956, P19320, P38936, P14780, Q04206, Q07812, P01106, P02778, P08253, P00533, Q16665, P08254, P42574, P01375	65	471	19104	11.856148946594807	3.76116915390412E-11	4.651372215576472E-13	3.4907883627307183E-13
GOTERM_BP_FAT	GO:0002521~leukocyte differentiation	19	29.230769230769234	1.2513039124365776E-14	P01583, P10415, P04626, P04637, P19320, P37231, P14780, Q07812, P04150, P01579, Q14790, Q16236, P05231, P05112, P60568, P29965, P01584, P22301, P01375	65	476	19104	11.731609566903686	4.5214054722464425E-11	5.49810731281584E-13	4.126250950278666E-13
GOTERM_BP_FAT	GO:0023057~negative regulation of signaling	30	46.15384615384615	1.8197604125552965E-14	P01583, P29474, P10415, P04637, P35354, P42224, P14780, Q07869, Q14790, P09211, Q16236, P05231, P25963, P01375, P06400, P31645, O96017, P31749, P10145, P37231, Q04206, Q07812, P01106, P05362, Q16665, P08254, P00533, P09601, P22301, P01584	65	1704	19104	5.174431202600217	6.562039800428465E-11	7.865465345654775E-13	5.902919315750905E-13
GOTERM_BP_FAT	GO:1903131~mononuclear cell differentiation	18	27.692307692307693	1.854731730941008E-14	P01583, P10415, P04626, P04637, P19320, P37231, P14780, Q07812, P04150, P01579, Q14790, Q16236, P05231, P05112, P60568, P29965, P01584, P22301	65	412	19104	12.840627333831218	6.682077113850937E-11	7.865465345654775E-13	5.902919315750905E-13
GOTERM_BP_FAT	GO:0010648~negative regulation of cell communication	30	46.15384615384615	1.8555774476287976E-14	P01583, P29474, P10415, P04637, P35354, P42224, P14780, Q07869, Q14790, P09211, Q16236, P05231, P25963, P01375, P06400, P31645, O96017, P31749, P10145, P37231, Q04206, Q07812, P01106, P05362, Q16665, P08254, P00533, P09601, P22301, P01584	65	1705	19104	5.171396345589894	6.682077113850937E-11	7.865465345654775E-13	5.902919315750905E-13
GOTERM_BP_FAT	GO:0035556~intracellular signal transduction	31	47.69230769230769	2.2366090538491477E-14	P24385, O75469, P29474, P10415, P28482, P04637, Q07869, Q16236, O14920, P25963, P01375, P06400, O96017, P35869, O15392, O15111, P04626, P31749, P38936, P35228, P10145, P37231, Q04206, Q07812, P04150, P01106, Q16665, P00533, P42574, P09601, P01584	65	1863	19104	4.890573516660473	8.042499999305619E-11	9.367179703624425E-13	7.029934476436426E-13
GOTERM_BP_FAT	GO:0001817~regulation of cytokine production	24	36.92307692307693	2.261850219859353E-14	P01583, P09917, O15111, P35354, P35228, P10145, P42224, Q07869, Q04206, P01579, Q14790, P09211, P05231, Q16665, P42574, P09601, O14920, P05112, P60568, P25963, P29965, P01584, P22301, P01375	65	963	19104	7.324802300503236	8.162537312728091E-11	9.367179703624425E-13	7.029934476436426E-13
GOTERM_BP_FAT	GO:0030155~regulation of cell adhesion	23	35.38461538461539	2.3082504121626093E-14	P01583, P35968, P09917, P10415, P04626, P31749, P19320, P13500, P10145, P00749, Q07869, Q04206, P01579, P08253, P05231, P42574, P05112, P01344, P60568, P29965, P01584, P22301, P01375	65	858	19104	7.878644432490587	8.322587063958053E-11	9.450711630706684E-13	7.092623993736018E-13
GOTERM_BP_FAT	GO:0009968~negative regulation of signal transduction	29	44.61538461538462	2.849586261650701E-14	P01583, P29474, P10415, P04637, P35354, P42224, P14780, Q07869, Q14790, P09211, Q16236, P05231, P25963, P01375, P06400, O96017, P31749, P10145, P37231, Q04206, Q07812, P01106, P05362, Q16665, P08254, P00533, P09601, P22301, P01584	65	1593	19104	5.350485296248008	1.0283196516525095E-10	1.1536021686210645E-12	8.657619383711792E-13
GOTERM_BP_FAT	GO:0070482~response to oxygen levels	17	26.153846153846157	3.582485281468567E-14	P31645, P24385, P10415, P04637, P31749, P19320, P35354, P35228, P37231, P00749, Q07869, P01106, P08253, Q16236, Q16665, P42574, P01375	65	358	19104	13.956510528577569	1.2924017411819477E-10	1.4250890237504433E-12	1.0695089426092696E-12
GOTERM_BP_FAT	GO:0050678~regulation of epithelial cell proliferation	18	27.692307692307693	3.599308941473504E-14	P35968, P24385, O15392, P09917, P04626, P31749, P13500, P37231, P42224, Q07812, P01106, P00533, Q16665, P09601, P01344, P22301, P06400, P01375	65	429	19104	12.33179128563744	1.2964029849626968E-10	1.4250890237504433E-12	1.0695089426092696E-12
GOTERM_BP_FAT	GO:0070663~regulation of leukocyte proliferation	16	24.615384615384617	4.9007021158969556E-14	P01583, P35869, P10415, P04626, P28482, P19320, P38936, P09211, P05231, P42574, P05112, P01344, P60568, P29965, P01584, P22301	65	300	19104	15.675076923076926	1.7645485073103373E-10	1.919264100388775E-12	1.4403802740636268E-12
GOTERM_BP_FAT	GO:0043068~positive regulation of programmed cell death	20	30.76923076923077	5.041634784282315E-14	O96017, P10415, P04637, P38936, P13500, P37231, P14780, Q07812, P04150, P01106, P01579, Q14790, P05362, P08253, P05231, P42574, P09601, P29965, P22301, P01375	65	601	19104	9.78062204018943	1.8165646764600751E-10	1.953226895459052E-12	1.4658688663117612E-12
GOTERM_BP_FAT	GO:0009967~positive regulation of signal transduction	30	46.15384615384615	5.240832426759622E-14	P01583, P29474, P28482, P04637, P13500, P00749, P14780, P01579, Q14790, P05231, O14920, P29965, P01375, P35968, O15392, O15111, P04626, P31749, P37231, Q04206, Q07812, P01106, P08253, P05362, Q16665, P00533, P09601, P01344, P22301, P01584	65	1775	19104	4.967453954496208	1.8885870645135583E-10	2.0087999184696724E-12	1.5075756257402148E-12
GOTERM_BP_FAT	GO:0008283~cell population proliferation	22	33.84615384615385	5.604640267776011E-14	P11926, P35968, P24385, P10415, P04626, P04637, P28482, P31749, P38936, P42224, Q07812, P01106, P00533, P09211, P05231, Q16665, P09601, P60568, P29965, P22301, P06400, P01375	65	793	19104	8.153807352798525	2.0206281092782774E-10	2.1256335668207332E-12	1.5952576088490878E-12
GOTERM_BP_FAT	GO:0065008~regulation of biological quality	39	60.0	5.721355905957066E-14	Q9NRD8, P24385, P29474, P10415, P28482, P04637, P35354, P13500, P42224, P00749, P08581, Q07869, P08684, P01579, Q16236, P05231, P05177, P29965, P01375, P31645, O96017, P35968, O15392, P09917, P04626, P31749, P35228, P10145, P37231, P23219, Q07812, P04150, P08253, Q16665, P42574, P60568, P22301, P01584	65	3321	19104	3.451490514905149	2.060640547085768E-10	2.1472963884545114E-12	1.6115152468445736E-12
KEGG_PATHWAY	hsa05212:Pancreatic cancer	13	20.0	6.02522976232273E-14	P24385, O15111, P04626, P04637, P28482, P31749, P38936, P42224, Q04206, Q07812, P00533, O14920, P06400	63	77	9375	25.123685837971554	1.3323009362409266E-11	7.040005301240242E-13	2.6954975252496423E-13
GOTERM_BP_FAT	GO:0045596~negative regulation of cell differentiation	22	33.84615384615385	6.188126401364927E-14	P31645, P24385, P04626, P04637, P28482, P37231, P42224, P14780, Q07869, P01106, P01579, P02778, P00533, Q16236, P05231, P05112, P01344, P60568, P25963, P01584, P06400, P01375	65	797	19104	8.112884856674066	2.2286927858772287E-10	2.2838902963501613E-12	1.7140270222955417E-12
GOTERM_BP_FAT	GO:0045765~regulation of angiogenesis	17	26.153846153846157	6.212080184355144E-14	P01583, P35968, P29474, P09917, P04626, P10145, P37231, P42224, Q04206, P02778, Q16236, P05231, Q16665, P09601, P01584, P22301, P01375	65	371	19104	13.467468380675928	2.240696517219476E-10	2.2838902963501613E-12	1.7140270222955417E-12
GOTERM_MF_FAT	GO:0019899~enzyme binding	34	52.307692307692314	6.495511277415389E-14	P24385, P10415, P28482, P04637, P35354, P42224, P08581, Q07869, P08684, Q14790, P09211, Q16236, P05177, O14920, P25963, P01375, P06400, P31645, O96017, P35869, O15392, P04626, P31749, P38936, P37231, Q04206, P04150, P09488, P01106, Q16665, P00533, P42574, P09601	65	2193	17305	4.127608825283244	2.942146526407896E-11	2.942466608669171E-11	2.3383840598695402E-11
GOTERM_BP_FAT	GO:0048732~gland development	18	27.692307692307693	7.547642049949819E-14	Q9NRD8, P24385, P10415, P28482, P31749, P08581, Q07869, Q04206, Q07812, P04150, P08253, P00533, P05231, Q16665, P01344, P22301, P01375	65	449	19104	11.78249100565359	2.7208457709093636E-10	2.7468842733302218E-12	2.06149738414791E-12
GOTERM_BP_FAT	GO:0001666~response to hypoxia	16	24.615384615384617	8.702395424434087E-14	P31645, P24385, P10415, P04637, P19320, P35354, P35228, P37231, P00749, Q07869, P01106, P08253, Q16236, Q16665, P42574, P01375	65	312	19104	15.072189349112426	3.1369751241072663E-10	3.1354730714236017E-12	2.353127722766977E-12
GOTERM_BP_FAT	GO:1901342~regulation of vasculature development	17	26.153846153846157	9.357132357622825E-14	P01583, P35968, P29474, P09917, P04626, P10145, P37231, P42224, Q04206, P02778, Q16236, P05231, Q16665, P09601, P01584, P22301, P01375	65	381	19104	13.113991520290734	3.373048507171461E-10	3.337994840050994E-12	2.5051174153477343E-12
KEGG_PATHWAY	hsa04625:C-type lectin receptor signaling pathway	14	21.53846153846154	1.0753239103429813E-13	O15111, P28482, P31749, P35354, P42224, Q04206, Q14790, P05231, O14920, P60568, P25963, P01584, P22301, P01375	63	105	9375	19.841269841269842	2.3775315050045265E-11	1.1936095404807093E-12	4.570126618957671E-13
GOTERM_BP_FAT	GO:0071356~cellular response to tumor necrosis factor	13	20.0	1.2081042962920584E-13	O15111, P04637, P28482, P31749, P19320, P13500, P10145, P42224, Q04206, Q16236, O14920, P25963, P01375	65	155	19104	24.650322580645163	4.353353233454982E-10	4.267450764255183E-12	3.202660801150712E-12
GOTERM_BP_FAT	GO:0006915~apoptotic process	25	38.46153846153847	1.319699800380214E-13	P01583, P10415, P28482, P04637, P14780, P08581, P01579, Q14790, P05231, P01375, P06400, O96017, P35869, O15392, P31749, P38936, Q07812, P04150, P01106, Q16665, P42574, P09601, P60568, P22301, P01584	65	1165	19104	6.307032023770222	4.757478855310637E-10	4.6115851691403816E-12	3.460928753082318E-12
GOTERM_BP_FAT	GO:1902893~regulation of miRNA transcription	11	16.923076923076923	1.3311264434931993E-13	P37231, Q07869, Q04206, P04637, P04150, P01106, P05231, Q16665, P00533, P22301, P01375	65	81	19104	39.913390313390316	4.797491293118128E-10	4.6115851691403816E-12	3.460928753082318E-12
GOTERM_BP_FAT	GO:0051254~positive regulation of RNA metabolic process	31	47.69230769230769	1.417712969533702E-13	P01583, O75469, P04637, P42224, P08581, Q07869, P01579, Q16236, P05231, O14920, P05112, P25963, P01375, P06400, O96017, P35869, O15111, P04626, P31749, P37231, Q04206, P04150, P01106, P02778, Q16665, P00533, P01344, P60568, P22301, P01584	65	1997	19104	4.562412850044298	5.109588308016555E-10	4.864780789742789E-12	3.6509484472563144E-12
KEGG_PATHWAY	hsa05205:Proteoglycans in cancer	17	26.153846153846157	1.5882286445815417E-13	P35968, P24385, P04626, P04637, P28482, P31749, P38936, P00749, P14780, P08581, P01106, P08253, P00533, Q16665, P42574, P01344, P01375	63	204	9375	12.400793650793648	3.511091417607304E-11	1.6789845671290584E-12	6.42854451378243E-13
GOTERM_BP_FAT	GO:0009636~response to toxic substance	15	23.076923076923077	1.785673232782814E-13	P31645, Q9NRD8, P35869, Q9UNQ0, P29474, O15111, P10415, P35354, P23219, Q07812, P09488, P05164, P09211, Q16236, P01375	65	265	19104	16.636284470246736	6.433999999444495E-10	6.069604394072149E-12	4.555151340985593E-12
GOTERM_BP_FAT	GO:0051094~positive regulation of developmental process	27	41.53846153846154	1.8266590786382453E-13	P01583, P24385, P29474, P10415, P28482, P35354, P42224, P01579, Q14790, Q16236, P05231, P05112, P01375, P06400, P35968, P09917, P31749, P10145, P37231, Q07812, P01106, Q16665, P09601, P01344, P60568, P22301, P01584	65	1438	19104	5.518433722049855	6.582046019332211E-10	6.150890336760371E-12	4.616155279100762E-12
GOTERM_BP_FAT	GO:0035295~tube development	23	35.38461538461539	2.5005310280331803E-13	P35968, P29474, P10415, P28482, P31749, P13500, P10145, P42224, P08581, Q07812, P04150, P01106, Q14790, P08253, P00533, Q16236, Q16665, P42574, P05177, P09601, P06400, P01375	65	965	19104	7.0050538062973295	9.010800994246893E-10	8.342049346299582E-12	6.260588796112704E-12
GOTERM_BP_FAT	GO:0043523~regulation of neuron apoptotic process	15	23.076923076923077	2.821053765296325E-13	P35968, P24385, O15392, P10415, P04637, P31749, P13500, Q07812, P04150, Q14790, P08253, Q16665, P42574, P22301, P01375	65	274	19104	16.08983717012914	1.0167160446883372E-9	9.325006161800605E-12	6.99828383611125E-12
GOTERM_BP_FAT	GO:0043065~positive regulation of apoptotic process	19	29.230769230769234	3.236760884198234E-13	O96017, P10415, P04637, P13500, P37231, P14780, Q07812, P04150, P01106, P01579, Q14790, P05362, P08253, P05231, P42574, P09601, P29965, P22301, P01375	65	576	19104	9.694871794871796	1.1663625620883522E-9	1.060186315069658E-11	7.956546755338205E-12
GOTERM_BP_FAT	GO:0012501~programmed cell death	25	38.46153846153847	3.3454883159898864E-13	P01583, P10415, P28482, P04637, P14780, P08581, P01579, Q14790, P05231, P01375, P06400, O96017, P35869, O15392, P31749, P38936, Q07812, P04150, P01106, Q16665, P42574, P09601, P60568, P22301, P01584	65	1216	19104	6.04251012145749	1.205574751139693E-9	1.0859274236496901E-11	8.149730095888877E-12
GOTERM_BP_FAT	GO:0008219~cell death	25	38.46153846153847	3.720356833170332E-13	P01583, P10415, P28482, P04637, P14780, P08581, P01579, Q14790, P05231, P01375, P06400, O96017, P35869, O15392, P31749, P38936, Q07812, P04150, P01106, Q16665, P42574, P09601, P60568, P22301, P01584	65	1222	19104	6.012841495656554	1.3408167909290114E-9	1.1968255062422058E-11	8.982004354368373E-12
GOTERM_BP_FAT	GO:1903037~regulation of leukocyte cell-cell adhesion	17	26.153846153846157	3.8823331278959414E-13	P01583, P09917, P04626, P31749, P19320, P13500, Q07869, Q04206, P05231, P42574, P05112, P01344, P60568, P29965, P01584, P22301, P01375	65	418	19104	11.953183658446818	1.3992349501279477E-9	1.237880199983104E-11	9.29011396268197E-12
KEGG_PATHWAY	hsa05168:Herpes simplex virus 1 infection	16	24.615384615384617	4.1905557946417805E-13	O15111, P10415, P04637, P31749, P13500, P42224, Q04206, Q07812, P01579, Q14790, P05231, P42574, O14920, P25963, P01584, P01375	63	180	9375	13.227513227513228	9.262313138691525E-11	4.2286517564112515E-12	1.6190783752025062E-12
GOTERM_MF_FAT	GO:0140677~molecular function activator activity	27	41.53846153846154	4.4883987665056375E-13	P11926, P01583, P24385, P04637, P13500, P00749, P08581, P01579, Q14790, P05231, P05112, P29965, P01375, P31749, P38936, P10145, P01106, P02778, P05362, Q16665, P00533, P42574, P01344, P60568, P22301, P01584	65	1355	17305	5.304967357365882	2.033350154917457E-10	1.016622320613527E-10	8.079117779710147E-11
GOTERM_BP_FAT	GO:0048660~regulation of smooth muscle cell proliferation	13	20.0	4.841100012828383E-13	P29474, P31749, P38936, P37231, P42224, P14780, P01579, P08253, P09211, P05231, P09601, P22301, P01375	65	174	19104	21.958620689655174	1.744542288406592E-9	1.5300423987912863E-11	1.1482749504112236E-11
GOTERM_BP_FAT	GO:0009892~negative regulation of metabolic process	39	60.0	4.927021263825204E-13	P01583, P24385, O75469, P10415, P04637, P42224, P00749, P08581, Q07869, P01579, P09211, P05231, O14920, P05112, P25963, P01375, P06400, P35869, P35968, O15392, O15111, P31749, P38936, P35228, P10145, P37231, Q04206, P04150, P01106, P08253, Q16665, P08254, P00533, P42574, P09601, P01344, P22301, P01584	65	3547	19104	3.231575979701156	1.7757519898964347E-9	1.5436571837880183E-11	1.1584926519463785E-11
GOTERM_BP_FAT	GO:1902895~positive regulation of miRNA transcription	10	15.384615384615385	5.222269177938647E-13	P37231, Q04206, P04637, P04150, P01106, P05231, Q16665, P00533, P22301, P01375	65	62	19104	47.4044665012407	1.8821850744643598E-9	1.622054814492495E-11	1.21732895320225E-11
GOTERM_BP_FAT	GO:0033554~cellular response to stress	29	44.61538461538462	5.634785110075972E-13	P01583, P24385, P29474, P10415, P28482, P04637, P35354, Q07869, Q16236, P05231, O14920, P25963, P01375, O96017, P31749, P38936, P10145, P37231, Q04206, Q07812, P09488, P01106, P02778, P05164, P08253, Q16665, P08254, P42574, P09601	65	1796	19104	4.745725543943807	2.03063121873015E-9	1.735224850564421E-11	1.3022614476620025E-11
GOTERM_BP_FAT	GO:0009894~regulation of catabolic process	25	38.46153846153847	5.861871711510768E-13	P11926, O96017, P35968, O15111, P10415, P04637, P31749, P35228, P08581, Q07869, Q04206, Q07812, P01579, Q16665, P00533, Q16236, P05231, P42574, P09601, O14920, P05112, P22301, P01375, P01584	65	1248	19104	5.887573964497041	2.112656716235506E-9	1.7898579471672287E-11	1.343262805756366E-11
KEGG_PATHWAY	hsa05144:Malaria	11	16.923076923076923	6.270351757493254E-13	P08581, P01579, P19320, P05362, P05231, P13500, P29965, P01584, P22301, P01375, P10145	63	50	9375	32.73809523809524	1.3857892611213174E-10	6.0522525659282715E-12	2.3173039103779417E-12
KEGG_PATHWAY	hsa05166:Human T-cell leukemia virus 1 infection	17	26.153846153846157	6.822657660294166E-13	O96017, P24385, O15111, P04637, P28482, P31749, P38936, Q04206, Q07812, P01106, P05362, P05231, O14920, P60568, P25963, P06400, P01375	63	224	9375	11.293579931972788	1.5077328274770707E-10	6.3109583357721036E-12	2.4163579213541837E-12
GOTERM_BP_FAT	GO:2000628~regulation of miRNA metabolic process	11	16.923076923076923	7.690162419959178E-13	P37231, Q07869, Q04206, P04637, P04150, P01106, P05231, Q16665, P00533, P22301, P01375	65	96	19104	33.67692307692308	2.7716615669248768E-9	2.3283743864800772E-11	1.7474116960982873E-11
GOTERM_BP_FAT	GO:0048468~cell development	33	50.76923076923077	9.108575911123464E-13	P01583, P10415, P28482, P04637, P14780, P08581, P01579, Q14790, P09211, Q16236, P05231, P05112, P29965, P01375, P06400, P35968, P04626, P31749, P19320, P37231, Q07812, P04150, P08253, P05362, Q16665, P00533, P42574, P09601, P01344, P60568, P22301, P01584	65	2478	19104	3.9140249580927544	3.2826203977265322E-9	2.73484991731482E-11	2.052465771973154E-11
GOTERM_BP_FAT	GO:0000302~response to reactive oxygen species	13	20.0	1.0059288469891182E-12	P29474, P10415, P42224, Q04206, P05164, P08253, P09211, Q16236, P05231, Q16665, P08254, P42574, P09601	65	185	19104	20.652972972972975	3.625526989736727E-9	2.99534019479487E-11	2.2479600018665913E-11
GOTERM_BP_FAT	GO:0010647~positive regulation of cell communication	30	46.15384615384615	1.063893925257317E-12	P01583, P29474, P28482, P04637, P13500, P00749, P14780, P01579, Q14790, P05231, O14920, P29965, P01375, P35968, O15392, O15111, P04626, P31749, P37231, Q04206, Q07812, P01106, P08253, P05362, Q16665, P00533, P09601, P01344, P22301, P01584	65	1997	19104	4.4152382419783525	3.834391915091828E-9	3.1419752563132075E-11	2.3580075195867095E-11
GOTERM_BP_FAT	GO:0023056~positive regulation of signaling	30	46.15384615384615	1.0911428852051665E-12	P01583, P29474, P28482, P04637, P13500, P00749, P14780, P01579, Q14790, P05231, O14920, P29965, P01375, P35968, O15392, O15111, P04626, P31749, P37231, Q04206, Q07812, P01106, P08253, P05362, Q16665, P00533, P09601, P01344, P22301, P01584	65	1999	19104	4.410820795012891	3.93242238772018E-9	3.1962502564180607E-11	2.398740131377862E-11
KEGG_PATHWAY	hsa01524:Platinum drug resistance	12	18.461538461538463	1.4748662066492754E-12	O15392, P10415, P04626, P04637, P28482, Q07812, P31749, P09488, Q14790, P38936, P09211, P42574	63	75	9375	23.809523809523807	3.259352787665648E-10	1.3096811915045567E-11	5.0145451026075365E-12
GOTERM_MF_FAT	GO:0042802~identical protein binding	33	50.76923076923077	1.5606841373986865E-12	P11926, P10415, P28482, P04637, P35354, P42224, P14780, P08581, Q14790, P05231, O14920, P25963, P01375, P06400, P31645, O96017, P35869, P35968, O15392, Q9UNQ0, O15111, P04626, P31749, P35228, P37231, Q04206, Q07812, P04150, P09488, P01106, P00533, P09601	65	2290	17305	3.8365132683909975	7.069701490891589E-10	2.346872573409966E-10	1.8650642967496417E-10
GOTERM_BP_FAT	GO:2000630~positive regulation of miRNA metabolic process	10	15.384615384615385	1.8728044318474423E-12	P37231, Q04206, P04637, P04150, P01106, P05231, Q16665, P00533, P22301, P01375	65	71	19104	41.395449620801735	6.749698133745596E-9	5.441705135440592E-11	4.083921922351196E-11
KEGG_PATHWAY	hsa05220:Chronic myeloid leukemia	12	18.461538461538463	1.9917685072488677E-12	P24385, O15111, Q04206, P04637, P28482, Q07812, P31749, P01106, P38936, O14920, P25963, P06400	63	77	9375	23.19109461966605	4.401745634652343E-10	1.700663879266341E-11	6.511550889082837E-12
GOTERM_MF_FAT	GO:0005126~cytokine receptor binding	15	23.076923076923077	2.0722936630551573E-12	P01583, P13500, P10145, P42224, P01579, Q14790, P02778, P05231, P42574, P05112, P60568, P29965, P01584, P22301, P01375	65	288	17305	13.866185897435898	9.387710608876887E-10	2.346872573409966E-10	1.8650642967496417E-10
KEGG_PATHWAY	hsa05140:Leishmaniasis	12	18.461538461538463	2.3072197372084974E-12	P01583, P42224, Q04206, P28482, P01579, P35354, P35228, P05112, P25963, P01584, P22301, P01375	63	78	9375	22.893772893772894	5.099056732404961E-10	1.8970473394825422E-11	7.263469543063788E-12
KEGG_PATHWAY	hsa04064:NF-kappa B signaling pathway	13	20.0	2.7822521072456908E-12	O15111, P10415, P19320, P35354, P10145, P00749, Q04206, P05362, O14920, P25963, P29965, P01584, P01375	63	105	9375	18.424036281179138	6.148703768360519E-10	2.2059284564590834E-11	8.446122468424419E-12
GOTERM_BP_FAT	GO:0050670~regulation of lymphocyte proliferation	14	21.53846153846154	2.8858251644944565E-12	P01583, P35869, P10415, P04626, P19320, P38936, P05231, P42574, P05112, P01344, P60568, P29965, P01584, P22301	65	260	19104	15.825798816568048	1.0400432959301043E-8	8.257354106471346E-11	6.197026229225234E-11
GOTERM_BP_FAT	GO:0009611~response to wounding	17	26.153846153846157	2.887667547641936E-12	P01583, P31645, P35968, P10415, P04626, P38936, P00749, Q07869, Q07812, P04150, P08253, P05231, Q16665, P42574, P09601, P29965, P01375	65	477	19104	10.47469762941461	1.0407235073728316E-8	8.257354106471346E-11	6.197026229225234E-11
KEGG_PATHWAY	hsa05225:Hepatocellular carcinoma	15	23.076923076923077	3.3159055223439836E-12	P24385, P04637, P28482, P31749, P38936, P08581, Q07812, P09488, P01106, P00533, P09211, Q16236, P09601, P01344, P06400	63	170	9375	13.130252100840334	7.328145867901981E-10	2.5383828481391875E-11	9.719033427559951E-12
GOTERM_BP_FAT	GO:0009725~response to hormone	21	32.30769230769231	3.3410140831926816E-12	P24385, P29474, O15111, P10415, P28482, P31749, P35228, P37231, P42224, Q07869, Q04206, P04150, P08253, P09211, Q16236, P05231, P42574, P01344, P22301, P06400, P01375	65	868	19104	7.110669975186105	1.2040942798385856E-8	9.478483261215144E-11	7.113466205474812E-11
GOTERM_BP_FAT	GO:0032944~regulation of mononuclear cell proliferation	14	21.53846153846154	3.5007413729638487E-12	P01583, P35869, P10415, P04626, P19320, P38936, P05231, P42574, P05112, P01344, P60568, P29965, P01584, P22301	65	264	19104	15.586013986013986	1.2616721778435647E-8	9.854039974053708E-11	7.39531615038613E-11
GOTERM_BP_FAT	GO:0071466~cellular response to xenobiotic stimulus	13	20.0	4.269643407601369E-12	O96017, P35869, O75469, P04637, P35228, P08684, P09488, P01106, P09211, Q16236, P05177, P01584, P06400	65	209	19104	18.281339712918662	1.538798322098245E-8	1.192521333146336E-10	8.949702150507057E-11
KEGG_PATHWAY	hsa04659:Th17 cell differentiation	13	20.0	4.379310418412089E-12	P35869, O15111, P28482, P42224, Q04206, P01579, P05231, Q16665, O14920, P05112, P60568, P25963, P01584	63	109	9375	17.7479248580166	9.678197132600985E-10	3.136151331895109E-11	1.200778663112992E-11
KEGG_PATHWAY	hsa04620:Toll-like receptor signaling pathway	13	20.0	4.379310418412089E-12	O15111, P28482, P31749, P10145, P42224, Q04206, Q14790, P02778, P05231, O14920, P25963, P01584, P01375	63	109	9375	17.7479248580166	9.678197132600985E-10	3.136151331895109E-11	1.200778663112992E-11
KEGG_PATHWAY	hsa04066:HIF-1 signaling pathway	13	20.0	4.89113020604796E-12	P29474, P10415, P04626, P28482, P31749, P38936, P35228, Q04206, P01579, P00533, P05231, Q16665, P09601	63	110	9375	17.586580086580085	1.080930345231934E-9	3.393221580445773E-11	1.2992064609814895E-11
GOTERM_BP_FAT	GO:0035094~response to nicotine	9	13.846153846153847	5.733391443044842E-12	P10415, Q07869, Q04206, P28482, P19320, P08253, P42574, P09601, P01375	65	51	19104	51.8660633484163	2.0663222910499712E-8	1.5890314899454282E-10	1.1925454201533272E-10
GOTERM_BP_FAT	GO:0009416~response to light stimulus	15	23.076923076923077	6.906769203870586E-12	P24385, P10415, P04637, P31749, P03956, P38936, P14780, Q04206, Q07812, P01106, P08253, P00533, Q16665, P08254, P42574	65	347	19104	12.704943471514076	2.4892137351351096E-8	1.899625148209597E-10	1.4256415211653485E-10
GOTERM_BP_FAT	GO:2001141~regulation of RNA biosynthetic process	37	56.92307692307692	7.040933289833934E-12	P01583, P24385, O75469, P28482, P04637, P42224, P08581, Q07869, P01579, P09211, Q16236, P05231, O14920, P05112, P25963, P01375, P06400, O96017, P35869, O15392, O15111, P04626, P31749, P10145, P37231, Q04206, P04150, P01106, P02778, Q16665, P00533, P09601, P01344, P60568, P22301, P01584	65	3436	19104	3.164896570251634	2.5375487600065583E-8	1.9218547457023988E-10	1.4423245163417392E-10
GOTERM_BP_FAT	GO:0051246~regulation of protein metabolic process	27	41.53846153846154	7.26934917216237E-12	P11926, P10415, P28482, P04637, P00749, P14780, P01579, Q14790, Q16236, P05231, P05112, P01375, P06400, O96017, P35968, P04626, P31749, P38936, P35228, Q04206, P01106, P08253, Q16665, P00533, P42574, P22301, P01584	65	1688	19104	4.701130149471382	2.6198543445765665E-8	1.969283087766994E-10	1.4779188091373722E-10
KEGG_PATHWAY	hsa05152:Tuberculosis	15	23.076923076923077	7.825404809001514E-12	P01583, P10415, P28482, P31749, P35228, P42224, Q04206, Q07812, P01579, Q14790, P05231, P42574, P01584, P22301, P01375	63	181	9375	12.332280978689818	1.729414944584562E-9	5.2643632351464733E-11	2.0156345720155414E-11
GOTERM_BP_FAT	GO:0070141~response to UV-A	7	10.76923076923077	8.670553559607757E-12	P24385, P14780, P03956, P31749, P08253, P00533, P08254	65	16	19104	128.5846153846154	3.1248513110426757E-8	2.33134361755722E-10	1.7496400615805502E-10
KEGG_PATHWAY	hsa04151:PI3K-Akt signaling pathway	19	29.230769230769234	9.362302228437382E-12	P35968, P24385, P29474, O15111, P10415, P04626, P04637, P28482, P31749, P38936, P08581, Q04206, P01106, P00533, P05231, O14920, P05112, P01344, P60568	63	362	9375	7.810444619836884	2.0690658075750434E-9	6.113032631509115E-11	2.3405755571093455E-11
GOTERM_BP_FAT	GO:0045785~positive regulation of cell adhesion	17	26.153846153846157	9.422098371872705E-12	P01583, P35968, P09917, P04626, P31749, P19320, P13500, Q04206, P01579, P05231, P05112, P01344, P60568, P29965, P01584, P22301, P01375	65	516	19104	9.683005366726299	3.395735503897157E-8	2.5146533654709153E-10	1.8872114072254662E-10
GOTERM_BP_FAT	GO:0051128~regulation of cellular component organization	33	50.76923076923077	1.2127384291763947E-11	P01583, P10415, P28482, P04637, P13500, P00749, P14780, Q07869, P01579, Q16236, P05231, O14920, P05112, P01375, P06400, O96017, P35968, O15392, P04626, P31749, P03956, P38936, P37231, Q07812, P01106, P02778, P05362, P08254, P00533, P01344, P60568, P22301, P01584	65	2724	19104	3.5605557438156556	4.3707185315433605E-8	3.212865117884228E-10	2.4112093474213024E-10
GOTERM_BP_FAT	GO:0006357~regulation of transcription by RNA polymerase II	33	50.76923076923077	1.3659220115864746E-11	P01583, P24385, O75469, P28482, P04637, P42224, P08581, Q07869, P01579, P09211, Q16236, P05231, O14920, P05112, P25963, P01375, P06400, P35869, O15111, P31749, P37231, Q04206, P04150, P01106, P02778, Q16665, P00533, P09601, P01344, P60568, P22301, P01584	65	2736	19104	3.5449392712550605	4.9227701137688484E-8	3.592275188135816E-10	2.6959511819925744E-10
GOTERM_BP_FAT	GO:0019219~regulation of nucleobase-containing compound metabolic process	40	61.53846153846154	1.6054890130116497E-11	P01583, P24385, O75469, P28482, P04637, P42224, P08581, Q07869, P01579, P09211, Q16236, P05231, O14920, P05112, P25963, P01375, P06400, O96017, P35869, O15392, O15111, P04626, P31749, P38936, P10145, P37231, Q04206, Q07812, P04150, P01106, P02778, Q16665, P00533, P42574, P09601, P01344, P60568, P22301, P01584	65	4174	19104	2.8165567063506693	5.786198464807768E-8	4.1917224013630247E-10	3.145827747234421E-10
GOTERM_BP_FAT	GO:0001775~cell activation	20	30.76923076923077	1.6795908470677232E-11	P31645, P10415, P04626, P04637, P19320, P10145, Q07812, P01106, P01579, Q14790, P02778, P05362, Q16236, P05231, P05112, P60568, P29965, P01584, P22301, P01375	65	836	19104	7.031284504968716	6.05324146363273E-8	4.3536444762482067E-10	3.2673479499792256E-10
GOTERM_BP_FAT	GO:0022407~regulation of cell-cell adhesion	17	26.153846153846157	1.911593697839437E-11	P01583, P09917, P04626, P31749, P19320, P13500, Q07869, Q04206, P05231, P42574, P05112, P01344, P60568, P29965, P01584, P22301, P01375	65	541	19104	9.235546708374805	6.889381320984711E-8	4.919622923796779E-10	3.6921066849698837E-10
KEGG_PATHWAY	hsa05171:Coronavirus disease - COVID-19	16	24.615384615384617	2.4316996206426386E-11	O15111, P28482, P03956, P13500, P10145, P42224, Q04206, P02778, P00533, P05231, P08254, O14920, P60568, P25963, P01584, P01375	63	238	9375	10.004001600640256	5.374055422890933E-9	1.5423923308076164E-10	5.905556221560694E-11
GOTERM_BP_FAT	GO:0001819~positive regulation of cytokine production	17	26.153846153846157	3.030382442249242E-11	P01583, O15111, P35354, P35228, P42224, Q04206, P01579, Q14790, P05231, Q16665, P09601, P05112, P60568, P29965, P01584, P22301, P01375	65	558	19104	8.954177005789909	1.092151433734756E-7	7.743594283279446E-10	5.811456825419824E-10
KEGG_PATHWAY	hsa01522:Endocrine resistance	12	18.461538461538463	3.363994331847667E-11	P24385, P14780, P10415, P04626, P04637, P28482, Q07812, P31749, P08253, P38936, P00533, P06400	63	99	9375	18.037518037518037	7.434435511655124E-9	2.0744631713060614E-10	7.942764394640325E-11
GOTERM_BP_FAT	GO:0006355~regulation of DNA-templated transcription	36	55.38461538461539	3.6763762902846046E-11	P01583, P24385, O75469, P28482, P04637, P42224, P08581, Q07869, P01579, P09211, Q16236, P05231, O14920, P05112, P25963, P01375, P06400, O96017, P35869, O15392, O15111, P04626, P31749, P37231, Q04206, P04150, P01106, P02778, Q16665, P00533, P09601, P01344, P60568, P22301, P01584	65	3424	19104	3.0901509705248027	1.3249677766058454E-7	9.328157587250304E-10	7.000648935865895E-10
GOTERM_BP_FAT	GO:1900015~regulation of cytokine production involved in inflammatory response	10	15.384615384615385	5.313875832387561E-11	P09917, Q07869, Q04206, P05231, Q16665, P09601, O14920, P35228, P25963, P01375	65	102	19104	28.814479638009054	1.9151191288369063E-7	1.3388737499365303E-9	1.0048056119423752E-9
GOTERM_BP_FAT	GO:0045937~positive regulation of phosphate metabolic process	14	21.53846153846154	6.180920369785522E-11	P35968, P04626, P28482, P31749, P38936, P14780, Q07869, P01579, P00533, P05231, Q16665, P05112, P22301, P01375	65	332	19104	12.393697868396663	2.2276041999891305E-7	1.5465177841900857E-9	1.1606394916597257E-9
GOTERM_BP_FAT	GO:0010562~positive regulation of phosphorus metabolic process	14	21.53846153846154	6.658966787007308E-11	P35968, P04626, P28482, P31749, P38936, P14780, Q07869, P01579, P00533, P05231, Q16665, P05112, P22301, P01375	65	334	19104	12.319484108705666	2.399889714732595E-7	1.6546384367991263E-9	1.2417824960046732E-9
KEGG_PATHWAY	hsa04210:Apoptosis	13	20.0	6.75751311645529E-11	O15392, O15111, P10415, P04637, P28482, P31749, Q04206, Q07812, Q14790, P42574, O14920, P25963, P01375	63	137	9375	14.120611748348972	1.4934111947084716E-8	4.054507869873174E-10	1.5524016618883776E-10
GOTERM_BP_FAT	GO:2001237~negative regulation of extrinsic apoptotic signaling pathway	10	15.384615384615385	6.917674991192438E-11	P01583, P29474, P10415, Q04206, P31749, P05362, P09211, P09601, P01584, P01375	65	105	19104	27.99120879120879	2.493130675240707E-7	1.7071495200867365E-9	1.2811913134372844E-9
KEGG_PATHWAY	hsa05135:Yersinia infection	13	20.0	7.364291134803164E-11	O15111, P28482, P31749, P13500, P10145, Q04206, P05231, O14920, P60568, P25963, P01584, P22301, P01375	63	138	9375	14.018288474810213	1.627507406620765E-8	4.302296399806059E-10	1.647275648574392E-10
GOTERM_BP_FAT	GO:0009895~negative regulation of catabolic process	15	23.076923076923077	7.467362318153196E-11	O15111, P10415, P04637, P31749, P35228, P08581, Q07869, Q04206, P00533, P09601, O14920, P01584, P22301, P01375	65	415	19104	10.623169601482854	2.6912362049991145E-7	1.8302657436942835E-9	1.3735882794752546E-9
GOTERM_BP_FAT	GO:0050865~regulation of cell activation	18	27.692307692307693	7.530148587725793E-11	P01583, P35869, P29474, P10415, P04626, P31749, P19320, P38936, P13500, P05231, P42574, P05112, P01344, P60568, P29965, P01584, P22301, P01375	65	693	19104	7.6339660339660345	2.7138632319179123E-7	1.8331841460524345E-9	1.3757784987304423E-9
GOTERM_BP_FAT	GO:0045321~leukocyte activation	18	27.692307692307693	9.405990210314846E-11	P10415, P04626, P04637, P19320, P10145, Q07812, P01106, P01579, Q14790, P05362, Q16236, P05231, P05112, P60568, P29965, P01584, P22301, P01375	65	703	19104	7.525374767480031	3.3899171769657954E-7	2.2744820622660665E-9	1.7069662770933789E-9
GOTERM_BP_FAT	GO:0022409~positive regulation of cell-cell adhesion	14	21.53846153846154	9.946338951000883E-11	P01583, P09917, P31749, P19320, P13500, Q04206, P05231, P05112, P01344, P60568, P29965, P01584, P22301, P01375	65	345	19104	11.926688963210704	3.5846616441848056E-7	2.389110616030412E-9	1.7929933682337592E-9
GOTERM_BP_FAT	GO:0104004~cellular response to environmental stimulus	14	21.53846153846154	1.1069756713291487E-10	O96017, P04637, P03956, P38936, P35354, P14780, Q07812, P01106, Q14790, P08253, P08254, P42574, P01584, P01375	65	348	19104	11.823872679045094	3.9895393466604645E-7	2.62396930513087E-9	1.9692514574171173E-9
GOTERM_BP_FAT	GO:0071214~cellular response to abiotic stimulus	14	21.53846153846154	1.1069756713291487E-10	O96017, P04637, P03956, P38936, P35354, P14780, Q07812, P01106, Q14790, P08253, P08254, P42574, P01584, P01375	65	348	19104	11.823872679045094	3.9895393466604645E-7	2.62396930513087E-9	1.9692514574171173E-9
KEGG_PATHWAY	hsa04936:Alcoholic liver disease	13	20.0	1.216458152688155E-10	P24385, O15111, P31749, P10145, Q07869, Q04206, Q14790, P05231, P42574, O14920, P25963, P01584, P01375	63	144	9375	13.43419312169312	2.688372247039439E-8	6.92445409991719E-10	2.6512549481664915E-10
GOTERM_BP_FAT	GO:0002694~regulation of leukocyte activation	17	26.153846153846157	1.7769764040120888E-10	P01583, P35869, P10415, P04626, P31749, P19320, P38936, P13500, P05231, P42574, P05112, P01344, P60568, P29965, P01584, P22301, P01375	65	629	19104	7.943451143451143	6.404220692646234E-7	4.184605218075527E-9	3.1404864029076394E-9
GOTERM_BP_FAT	GO:0150077~regulation of neuroinflammatory response	8	12.307692307692308	1.9117876824360572E-10	P14780, P28482, P05231, P08254, P35354, P05112, P01584, P01375	65	47	19104	50.02684124386253	6.890079399246574E-7	4.472838324556567E-9	3.3568012294201937E-9
GOTERM_BP_FAT	GO:1902532~negative regulation of intracellular signal transduction	19	29.230769230769234	1.9261711835073787E-10	O96017, P10415, P31749, P35354, P37231, P42224, P14780, Q07869, Q04206, P01106, Q14790, P09211, Q16236, Q16665, P08254, P25963, P01584, P22301, P01375	65	847	19104	6.592970665697939	6.941919477032599E-7	4.477415983340055E-9	3.3602366969057756E-9
GOTERM_BP_FAT	GO:1903039~positive regulation of leukocyte cell-cell adhesion	13	20.0	1.9396307222396493E-10	P01583, P09917, P31749, P19320, P13500, Q04206, P05231, P05112, P01344, P60568, P29965, P01584, P01375	65	290	19104	13.175172413793105	6.990426522079929E-7	4.479800956557344E-9	3.362026585215392E-9
KEGG_PATHWAY	hsa05210:Colorectal cancer	11	16.923076923076923	2.0238564508157655E-10	P24385, O15392, P10415, P04637, P28482, Q07812, P31749, P01106, P38936, P00533, P42574	63	87	9375	18.814997263273124	4.472723069692819E-8	1.1232403302027498E-9	4.300694957983502E-10
GOTERM_BP_FAT	GO:0051252~regulation of RNA metabolic process	37	56.92307692307692	2.0349730716765718E-10	P01583, P24385, O75469, P28482, P04637, P42224, P08581, Q07869, P01579, P09211, Q16236, P05231, O14920, P05112, P25963, P01375, P06400, O96017, P35869, O15392, O15111, P04626, P31749, P10145, P37231, Q04206, P04150, P01106, P02778, Q16665, P00533, P09601, P01344, P60568, P22301, P01584	65	3846	19104	2.827505100204008	7.334041087769805E-7	4.670068775318909E-9	3.5048198635754457E-9
GOTERM_BP_FAT	GO:2001236~regulation of extrinsic apoptotic signaling pathway	11	16.923076923076923	2.38884820364992E-10	P01583, P29474, P10415, Q04206, P31749, P05362, P09211, P09601, P29965, P01584, P01375	65	170	19104	19.017556561085975	8.609404517079255E-7	5.447481061867508E-9	4.0882566725755596E-9
GOTERM_BP_FAT	GO:0071347~cellular response to interleukin-1	9	13.846153846153847	2.419605615262918E-10	P01583, Q04206, P08253, Q16665, O14920, P13500, P25963, P01584, P10145	65	80	19104	33.06461538461539	8.720254878191724E-7	5.482917630058047E-9	4.114851310484862E-9
GOTERM_BP_FAT	GO:1901699~cellular response to nitrogen compound	17	26.153846153846157	2.509428248849148E-10	P31645, P35869, P04637, P28482, P31749, P19320, P37231, P42224, Q04206, P05362, P09211, Q16236, P08254, P42574, P01344, P06400, P01375	65	644	19104	7.75843287147635	9.043975218725464E-7	5.650918737877175E-9	4.24093374055506E-9
GOTERM_BP_FAT	GO:0062013~positive regulation of small molecule metabolic process	11	16.923076923076923	2.6799515943714795E-10	P37231, Q07869, P28482, P31749, P01579, Q16665, P35354, P01344, P05112, P01584, P01375	65	172	19104	18.796422182468696	9.658541682000532E-7	5.9974320462859875E-9	4.500987025577938E-9
GOTERM_BP_FAT	GO:0016477~cell migration	20	30.76923076923077	2.7151441727352716E-10	P35968, P29474, P09917, P10415, P31749, P19320, P13500, P10145, P00749, P14780, Q07812, P02778, P05362, P08253, P00533, P05231, Q16665, P01584, P22301, P01375	65	984	19104	5.973733583489682	9.78537298412796E-7	6.038681761953817E-9	4.531944347577885E-9
GOTERM_BP_FAT	GO:0050776~regulation of immune response	21	32.30769230769231	2.977959600564912E-10	P35869, O15111, P10415, P28482, P31749, P35228, P37231, Q04206, Q07812, P01579, Q14790, P00533, Q16236, P05231, O14920, P05112, P60568, P25963, P01584, P22301, P01375	65	1115	19104	5.535481200413936	1.0732562445436855E-6	6.582569595604526E-9	4.940124392593572E-9
GOTERM_BP_FAT	GO:0051249~regulation of lymphocyte activation	16	24.615384615384617	3.2325083553486294E-10	P01583, P35869, P10415, P04626, P31749, P19320, P38936, P13500, P05231, P42574, P05112, P01344, P60568, P29965, P01584, P22301	65	556	19104	8.457775318206973	1.164995458879936E-6	7.067545591431266E-9	5.304091945387217E-9
GOTERM_BP_FAT	GO:0001934~positive regulation of protein phosphorylation	12	18.461538461538463	3.236594567266608E-10	P14780, P35968, P04626, P28482, P31749, P01579, P05231, P38936, P00533, P05112, P22301, P01375	65	235	19104	15.008052373158757	1.1664679149259172E-6	7.067545591431266E-9	5.304091945387217E-9
KEGG_PATHWAY	hsa04660:T cell receptor signaling pathway	12	18.461538461538463	3.335418552307235E-10	O15111, Q04206, P28482, P31749, P01579, O14920, P05112, P60568, P25963, P29965, P22301, P01375	63	122	9375	14.637002341920374	7.371274857170818E-8	1.769528878892442E-9	6.775223184948538E-10
KEGG_PATHWAY	hsa04932:Non-alcoholic fatty liver disease	13	20.0	3.3477573384451604E-10	P01583, P31749, P10145, P37231, Q07869, Q04206, Q07812, Q14790, P05231, P42574, O14920, P01584, P01375	63	157	9375	12.321807703973308	7.398544077386049E-8	1.769528878892442E-9	6.775223184948538E-10
GOTERM_BP_FAT	GO:0070848~response to growth factor	16	24.615384615384617	3.48205899839189E-10	P35968, P04626, P04637, P28482, P31749, P19320, P13500, P10145, P37231, Q04206, P04150, P01106, P00533, P09211, P42574, P22301	65	559	19104	8.412384752992983	1.2549333071598667E-6	7.557746127232519E-9	5.671980440754019E-9
GOTERM_BP_FAT	GO:0072359~circulatory system development	20	30.76923076923077	3.5631951651959254E-10	P35869, P35968, P29474, P04626, P04637, P28482, P31749, P19320, P38936, P13500, P10145, P37231, Q07869, Q07812, Q14790, P08253, Q16665, P42574, P09601, P06400	65	1000	19104	5.878153846153846	1.28417475975251E-6	7.68754022766522E-9	5.769389057898074E-9
KEGG_PATHWAY	hsa05321:Inflammatory bowel disease	10	15.384615384615385	3.6535347910219623E-10	P01583, P42224, Q04206, P01579, P05231, P05112, P60568, P01584, P22301, P01375	63	66	9375	22.546897546897544	8.074312585204524E-8	1.886243543271804E-9	7.222103656671321E-10
GOTERM_BP_FAT	GO:0002696~positive regulation of leukocyte activation	14	21.53846153846154	3.7147838721411247E-10	P01583, P10415, P31749, P19320, P38936, P13500, P05231, P05112, P01344, P60568, P29965, P01584, P22301, P01375	65	384	19104	10.715384615384616	1.3388072706010945E-6	7.966884697216948E-9	5.979033089446191E-9
GOTERM_BP_FAT	GO:0031667~response to nutrient levels	16	24.615384615384617	3.749209457627325E-10	P31645, P24385, P10415, P04637, P28482, P31749, P19320, P38936, P37231, P42224, Q07869, P02778, P05164, P09211, Q16236, P01375	65	562	19104	8.367478784560635	1.3512143106630958E-6	7.99313708629068E-9	5.99873513220372E-9
GOTERM_BP_FAT	GO:0071887~leukocyte apoptotic process	8	12.307692307692308	4.0139705253516115E-10	O96017, P10415, P04637, Q07812, P31749, P01106, P05231, P42574	65	52	19104	45.21656804733728	1.4466338382757016E-6	8.507256354612857E-9	6.384574294441622E-9
GOTERM_BP_FAT	GO:0010506~regulation of autophagy	14	21.53846153846154	4.351774908694738E-10	P35968, O15111, P10415, P04637, P31749, P08581, P01579, Q16665, P42574, P09601, O14920, P05112, P22301	65	389	19104	10.577654736009492	1.5683782988995532E-6	9.169266079548035E-9	6.881403130474019E-9
GOTERM_MF_FAT	GO:0005102~signaling receptor binding	24	36.92307692307693	4.352453414708989E-10	P01583, P31645, P35968, O15111, P04626, P04637, P19320, P13500, P10145, P42224, P01579, Q14790, P02778, P05362, P05231, P42574, O14920, P05112, P01344, P60568, P29965, P01584, P22301, P01375	65	1412	17305	4.5251688821093925	1.9716614463316517E-7	3.943322793726344E-8	3.1337664585904725E-8
GOTERM_BP_FAT	GO:0010605~negative regulation of macromolecule metabolic process	34	52.307692307692314	4.436514639780466E-10	P01583, P24385, O75469, P04637, P42224, P00749, Q07869, P01579, P09211, P05231, O14920, P05112, P25963, P01375, P06400, P35869, P35968, O15392, P31749, P38936, P35228, P10145, P37231, Q04206, P04150, P01106, P08253, Q16665, P00533, P42574, P09601, P01344, P22301, P01584	65	3318	19104	3.011712338294617	1.598918544010175E-6	9.29346642274943E-9	6.974613712771151E-9
GOTERM_BP_FAT	GO:0032102~negative regulation of response to external stimulus	15	23.076923076923077	4.5034955687771316E-10	P01583, P35869, P29474, P09917, P13500, P37231, P00749, Q07869, P09211, P05112, P60568, P01584, P22301, P06400, P01375	65	476	19104	9.26179702650291	1.623058408894984E-6	9.379245395551447E-9	7.03898960576495E-9
GOTERM_BP_FAT	GO:0010558~negative regulation of macromolecule biosynthetic process	32	49.23076923076923	4.779213806094448E-10	P01583, P24385, O75469, P04637, P42224, P00749, Q07869, P01579, P09211, P05231, O14920, P05112, P25963, P01375, P06400, P35869, P35968, O15392, P31749, P38936, P35228, P10145, P37231, Q04206, P04150, P01106, Q16665, P42574, P09601, P01344, P22301, P01584	65	2932	19104	3.207723790534159	1.7224271314786321E-6	9.896268588136954E-9	7.427008121654821E-9
GOTERM_BP_FAT	GO:0001936~regulation of endothelial cell proliferation	11	16.923076923076923	4.921372716188685E-10	P37231, P42224, P35968, P09917, P31749, Q16665, P09601, P01344, P13500, P22301, P01375	65	183	19104	17.66658259773014	1.7736609678742354E-6	1.0132403369387332E-8	7.604223899756688E-9
GOTERM_BP_FAT	GO:0060284~regulation of cell development	19	29.230769230769234	5.305122162342092E-10	P10415, P04626, P04637, P31749, P37231, P42224, P01106, P01579, Q14790, P05231, Q16665, O14920, P05112, P60568, P25963, P01584, P22301, P06400, P01375	65	902	19104	6.190960259252943	1.9119641044840208E-6	1.0860429063021909E-8	8.150596776689213E-9
KEGG_PATHWAY	hsa05132:Salmonella infection	15	23.076923076923077	5.348205042310767E-10	O15111, P10415, P28482, P31749, P10145, Q04206, Q07812, P01106, Q14790, P05231, P42574, O14920, P25963, P01584, P01375	63	248	9375	9.00057603686636	1.1819532819146161E-7	2.698412544074978E-9	1.0331759740827619E-9
GOTERM_BP_FAT	GO:0071495~cellular response to endogenous stimulus	20	30.76923076923077	5.394896515388586E-10	P35968, P04626, P04637, P28482, P31749, P19320, P13500, P10145, P37231, P42224, Q07869, Q04206, P04150, P00533, P09211, Q16236, P42574, P01344, P22301, P06400	65	1025	19104	5.734784240150094	1.94431889954938E-6	1.098181477115541E-8	8.241695015599287E-9
GOTERM_BP_FAT	GO:0070665~positive regulation of leukocyte proliferation	11	16.923076923076923	6.079459522192113E-10	P01583, P10415, P28482, P19320, P05231, P38936, P01344, P05112, P60568, P29965, P01584	65	187	19104	17.28868778280543	2.191034681020554E-6	1.230578239239224E-8	9.235313791015434E-9
KEGG_PATHWAY	hsa04010:MAPK signaling pathway	16	24.615384615384617	6.389639126321759E-10	P01583, P35968, O15111, P04626, P04637, P28482, P31749, P08581, Q04206, P01106, P00533, P42574, O14920, P01344, P01584, P01375	63	300	9375	7.936507936507936	1.412110079979101E-7	3.152221968985401E-9	1.2069318349718877E-9
GOTERM_BP_FAT	GO:0009888~tissue development	26	40.0	6.665870827291788E-10	Q9NRD8, P24385, P29474, P10415, P28482, P04637, P35354, P42224, P14780, P08581, Q07869, P06400, P35968, P31749, P38936, P37231, Q04206, P04150, P01106, P08253, P05362, Q16665, P00533, P42574, P22301	65	1904	19104	4.0134453781512605	2.402377091370589E-6	1.3417392508789E-8	1.006956129441173E-8
GOTERM_BP_FAT	GO:0050867~positive regulation of cell activation	14	21.53846153846154	7.116343663362453E-10	P01583, P10415, P31749, P19320, P38936, P13500, P05231, P05112, P01344, P60568, P29965, P01584, P22301, P01375	65	405	19104	10.159772079772079	2.564727154652502E-6	1.4244547899497176E-8	1.0690329592073374E-8
GOTERM_BP_FAT	GO:0051049~regulation of transport	25	38.46153846153847	7.643405822471173E-10	P01583, P29474, P10415, P28482, P13500, P14780, Q07869, P01579, Q16236, P05231, P05112, P25963, P01375, P31645, O15392, P09917, P31749, P35228, P37231, Q07812, P02778, P05164, Q16665, P42574, P01584	65	1757	19104	4.181953504662668	2.7546796962374387E-6	1.5215022750477145E-8	1.141865709611163E-8
GOTERM_BP_FAT	GO:0010629~negative regulation of gene expression	25	38.46153846153847	7.912827549432401E-10	P01583, P04637, P00749, Q07869, P01579, P09211, P05231, O14920, P05112, P25963, P01375, P06400, P35968, P31749, P38936, P35228, P10145, P37231, Q04206, P01106, Q16665, P42574, P09601, P22301, P01584	65	1760	19104	4.174825174825175	2.851778807322347E-6	1.5664789923409306E-8	1.1756200930585282E-8
GOTERM_BP_FAT	GO:0042327~positive regulation of phosphorylation	12	18.461538461538463	8.706801445959605E-10	P14780, P35968, P04626, P28482, P31749, P01579, P05231, P38936, P00533, P05112, P22301, P01375	65	258	19104	13.670125223613597	3.1379264994191303E-6	1.714240743704506E-8	1.2865131754029931E-8
KEGG_PATHWAY	hsa05223:Non-small cell lung cancer	10	15.384615384615385	9.245306845749657E-10	P24385, P08581, P04626, P04637, P28482, Q07812, P31749, P38936, P00533, P06400	63	73	9375	20.384866275277233	2.0432125824587644E-7	4.461865477731356E-9	1.7083719171493932E-9
GOTERM_BP_FAT	GO:0009890~negative regulation of biosynthetic process	32	49.23076923076923	1.0108550254869319E-9	P01583, P24385, O75469, P04637, P42224, P00749, Q07869, P01579, P09211, P05231, O14920, P05112, P25963, P01375, P06400, P35869, P35968, O15392, P31749, P38936, P35228, P10145, P37231, Q04206, P04150, P01106, Q16665, P42574, P09601, P01344, P22301, P01584	65	3020	19104	3.114253693326541	3.6431150246540867E-6	1.9794079656681606E-8	1.4855173852807955E-8
GOTERM_BP_FAT	GO:0001818~negative regulation of cytokine production	14	21.53846153846154	1.0756256714129757E-9	P01583, Q07869, Q04206, P01579, P09211, P05231, P42574, P09601, O14920, P05112, P25963, P01584, P22301, P01375	65	419	19104	9.82030475491096	3.876547509662487E-6	2.0948536724870006E-8	1.5721577381084792E-8
GOTERM_BP_FAT	GO:0051174~regulation of phosphorus metabolic process	16	24.615384615384617	1.105269969905046E-9	P35968, P04626, P04637, P28482, P31749, P38936, P14780, Q07869, P01579, P00533, P05231, Q16665, P05112, P22301, P06400, P01375	65	608	19104	7.734412955465587	3.983385100325698E-6	2.13561994977999E-8	1.602752246518205E-8
GOTERM_BP_FAT	GO:0042129~regulation of T cell proliferation	11	16.923076923076923	1.114339579679817E-9	P01583, P04626, P19320, P05231, P42574, P01344, P05112, P60568, P29965, P01584, P22301	65	199	19104	16.24615384615385	4.016071930346143E-6	2.13561994977999E-8	1.602752246518205E-8
GOTERM_BP_FAT	GO:0050673~epithelial cell proliferation	11	16.923076923076923	1.114339579679817E-9	P24385, P35968, P28482, Q07812, P01106, P05231, P38936, P00533, P09601, P01375, P06400	65	199	19104	16.24615384615385	4.016071930346143E-6	2.13561994977999E-8	1.602752246518205E-8
KEGG_PATHWAY	hsa05207:Chemical carcinogenesis - receptor activation	14	21.53846153846154	1.167889578782225E-9	P35869, P24385, O15392, P10415, P28482, P31749, Q07869, Q04206, P08684, P09488, P01106, P00533, P05177, P06400	63	217	9375	9.600614439324117	2.5810356019118075E-7	5.516414606162851E-9	2.1121407275848752E-9
GOTERM_BP_FAT	GO:0051247~positive regulation of protein metabolic process	18	27.692307692307693	1.3409575077119187E-9	P35968, P04626, P28482, P31749, P38936, P14780, Q04206, P01106, P01579, Q14790, P00533, Q16236, P05231, P42574, P05112, P01584, P22301, P01375	65	836	19104	6.328156054471845	4.832798997322918E-6	2.556333280574626E-8	1.918491587752925E-8
GOTERM_BP_FAT	GO:2001242~regulation of intrinsic apoptotic signaling pathway	11	16.923076923076923	1.3519217298618307E-9	P14780, P10415, P04637, Q07812, P31749, P01106, P08253, Q16665, Q16236, P35354, P22301	65	203	19104	15.926032588101554	4.872313888792945E-6	2.5636705224695664E-8	1.9239980829191527E-8
GOTERM_BP_FAT	GO:0009615~response to virus	14	21.53846153846154	1.39165847219344E-9	Q9NRD8, P11926, O15111, P10415, P42224, Q07869, Q04206, Q07812, P01579, P02778, P05231, Q16665, O14920, P01375	65	428	19104	9.613803019410497	5.015524498053203E-6	2.6252070551376777E-8	1.9701803711052677E-8
GOTERM_MF_FAT	GO:0098772~molecular function regulator activity	31	47.69230769230769	1.398511918963294E-9	P11926, P01583, P24385, P10415, P04637, P13500, P00749, P08581, P01579, Q14790, P09211, P05231, P05112, P25963, P29965, P01375, O15392, P31749, P38936, P10145, P01106, P02778, P05362, Q16665, P00533, P42574, P01344, P60568, P22301, P01584	65	2596	17305	3.1791809885030227	6.335257234368896E-7	1.0558764988172869E-7	8.391071513779764E-8
GOTERM_BP_FAT	GO:0035239~tube morphogenesis	17	26.153846153846157	1.4287257482159569E-9	P35968, P29474, P10415, P31749, P13500, P10145, P08581, Q07812, P04150, P01106, Q14790, P08253, P00533, Q16665, P42574, P09601	65	726	19104	6.88213604577241	5.149114145619471E-6	2.6810931618865067E-8	2.0121220954041395E-8
GOTERM_BP_FAT	GO:0010212~response to ionizing radiation	10	15.384615384615385	1.507959128071319E-9	O96017, P24385, P10415, P04637, Q07812, P19320, P02778, P38936, P42574, P01375	65	148	19104	19.85862785862786	5.434669799964098E-6	2.8151174810574933E-8	2.1127054312460348E-8
GOTERM_BP_FAT	GO:0051251~positive regulation of lymphocyte activation	13	20.0	1.602574439535693E-9	P01583, P10415, P31749, P19320, P38936, P13500, P05231, P05112, P01344, P60568, P29965, P01584, P22301	65	349	19104	10.94785100286533	5.775661486517869E-6	2.9763276833232486E-8	2.2336913837652136E-8
GOTERM_MF_FAT	GO:0005125~cytokine activity	12	18.461538461538463	1.666467283412531E-9	P01583, P01579, P02778, P05231, P13500, P05112, P60568, P29965, P01584, P22301, P01375, P10145	65	249	17305	12.830398517145506	7.549094014347446E-7	1.0784423991226807E-7	8.570403171835873E-8
GOTERM_BP_FAT	GO:0050778~positive regulation of immune response	17	26.153846153846157	1.6726992071111813E-9	O15111, P10415, P28482, P31749, P35228, Q04206, Q07812, P01579, P00533, P05231, O14920, P05112, P60568, P25963, P01584, P22301, P01375	65	734	19104	6.807126388597778	6.028389755940999E-6	3.0906334580623516E-8	2.3194762338608383E-8
KEGG_PATHWAY	hsa05133:Pertussis	10	15.384615384615385	1.6927926895490382E-9	P01583, Q04206, P28482, P05231, P42574, P35228, P01584, P22301, P01375, P10145	63	78	9375	19.078144078144078	3.741071135099361E-7	7.760025585965024E-9	2.971180967599221E-9
KEGG_PATHWAY	hsa04380:Osteoclast differentiation	12	18.461538461538463	1.7127984401454332E-9	P01583, P37231, P42224, O15111, Q04206, P28482, P31749, P01579, O14920, P25963, P01584, P01375	63	142	9375	12.575452716297786	3.785283880786139E-7	7.760025585965024E-9	2.971180967599221E-9
GOTERM_BP_FAT	GO:0032879~regulation of localization	27	41.53846153846154	1.7742750159113035E-9	P01583, P29474, P10415, P28482, P13500, P14780, Q07869, P01579, Q16236, P05231, P05112, P25963, P01375, P31645, O15392, P09917, P04626, P31749, P35228, P37231, Q07812, P02778, P05164, Q16665, P00533, P42574, P01584	65	2164	19104	3.6670553106782315	6.394466878001381E-6	3.261588205269605E-8	2.4477753280735534E-8
GOTERM_BP_FAT	GO:0070228~regulation of lymphocyte apoptotic process	8	12.307692307692308	1.8062561497591847E-9	P10415, P04637, Q07812, P01106, P05362, Q16665, P60568, P22301	65	64	19104	36.73846153846154	6.509725962833279E-6	3.3035233033412905E-8	2.4792470197709824E-8
GOTERM_BP_FAT	GO:1902533~positive regulation of intracellular signal transduction	21	32.30769230769231	1.873238243612214E-9	P01583, P35968, O15392, O15111, P04626, P04637, P31749, Q04206, Q07812, P01106, Q14790, P05362, P08253, P00533, P05231, P09601, O14920, P01344, P29965, P01584, P01375	65	1239	19104	4.98148631029987	6.7511278025733645E-6	3.408725955421619E-8	2.5582001064279928E-8
GOTERM_BP_FAT	GO:0097190~apoptotic signaling pathway	13	20.0	2.0055136709238595E-9	P01583, O96017, P10415, P04637, P38936, Q07812, P01106, P01579, Q14790, P42574, P60568, P01584, P01375	65	356	19104	10.732584269662922	7.227845059354365E-6	3.631088319768174E-8	2.7250798825015658E-8
KEGG_PATHWAY	hsa05208:Chemical carcinogenesis - reactive oxygen species	14	21.53846153846154	2.029664176683057E-9	P35869, O15111, P28482, P31749, P08581, Q04206, P09488, P00533, Q16236, Q16665, P05177, P09601, O14920, P25963	63	227	9375	9.177679882525696	4.485556912570132E-7	9.011708944472773E-9	3.4504291003611964E-9
GOTERM_MF_FAT	GO:0044389~ubiquitin-like protein ligase binding	13	20.0	2.154671964968793E-9	O96017, P10415, P04637, P38936, P42224, Q04206, P01106, Q14790, P00533, Q16236, Q16665, P25963, P06400	65	325	17305	10.649230769230769	9.760659390734006E-7	1.220083000163579E-7	9.696023842359568E-8
GOTERM_BP_FAT	GO:0050671~positive regulation of lymphocyte proliferation	10	15.384615384615385	2.2701925386243864E-9	P01583, P10415, P19320, P05231, P38936, P01344, P05112, P60568, P29965, P01584	65	155	19104	18.961786600496282	8.181740631107992E-6	4.0897518583318323E-8	3.06930031222017E-8
GOTERM_BP_FAT	GO:0006935~chemotaxis	13	20.0	2.347054684282675E-9	P00749, P08581, P09917, P28482, P02778, P19320, P08253, P05231, P13500, P01584, P22301, P10145	65	361	19104	10.58393351800554	8.458749235384921E-6	4.2071830982440183E-8	3.1574307792539067E-8
GOTERM_BP_FAT	GO:0042330~taxis	13	20.0	2.4977651804925143E-9	P00749, P08581, P09917, P28482, P02778, P19320, P08253, P05231, P13500, P01584, P22301, P10145	65	363	19104	10.525619834710746	9.00190533548173E-6	4.455172250155707E-8	3.34354309309493E-8
KEGG_PATHWAY	hsa04621:NOD-like receptor signaling pathway	13	20.0	2.521424288087328E-9	O15111, P10415, P28482, P13500, P10145, P42224, Q04206, Q14790, P05231, O14920, P25963, P01584, P01375	63	187	9375	10.34504710975299	5.572346138960071E-7	1.0975611606968368E-8	4.20237381347888E-9
GOTERM_BP_FAT	GO:0032946~positive regulation of mononuclear cell proliferation	10	15.384615384615385	2.542415812765622E-9	P01583, P10415, P19320, P05231, P38936, P01344, P05112, P60568, P29965, P01584	65	157	19104	18.720235178833907	9.162824696318239E-6	4.5124749622633185E-8	3.386547959467114E-8
KEGG_PATHWAY	hsa05165:Human papillomavirus infection	16	24.615384615384617	2.7012612846550033E-9	P24385, O15111, P04637, P28482, P31749, P38936, P35354, P42224, Q04206, Q07812, Q14790, P00533, P42574, O14920, P06400, P01375	63	333	9375	7.150007150007149	5.969785755732815E-7	1.1532307792180975E-8	4.415523253762986E-9
GOTERM_BP_FAT	GO:0070555~response to interleukin-1	9	13.846153846153847	2.731057167401292E-9	P01583, Q04206, P08253, Q16665, O14920, P13500, P25963, P01584, P10145	65	108	19104	24.492307692307694	9.842681572114209E-6	4.8235289088955166E-8	3.619989500320144E-8
GOTERM_BP_FAT	GO:2000351~regulation of endothelial cell apoptotic process	8	12.307692307692308	2.789428766364645E-9	P35968, P05362, Q16236, P13500, P05112, P29965, P22301, P01375	65	68	19104	34.577375565610865	1.0053050873537472E-5	4.902591144005764E-8	3.679324577682927E-8
GOTERM_BP_FAT	GO:0010507~negative regulation of autophagy	9	13.846153846153847	2.9396851656042592E-9	P08581, O15111, P10415, P04637, P31749, P09601, O14920, P22301	65	109	19104	24.267607621736065	1.0594569216482164E-5	5.1415949765398766E-8	3.858693537764037E-8
KEGG_PATHWAY	hsa05226:Gastric cancer	12	18.461538461538463	3.0720662339073515E-9	P24385, P08581, P10415, P04626, P04637, P28482, Q07812, P31749, P01106, P38936, P00533, P06400	63	150	9375	11.904761904761903	6.789264157536223E-7	1.2867900074102493E-8	4.9268986770212245E-9
GOTERM_BP_FAT	GO:0062012~regulation of small molecule metabolic process	13	20.0	3.191907002483093E-9	P04637, P28482, P31749, P35354, P37231, Q07869, P04150, P01579, Q16665, P05112, P01344, P01584, P01375	65	371	19104	10.298652291105123	1.1503566539117216E-5	5.555768565191586E-8	4.169524895997238E-8
GOTERM_MF_FAT	GO:0046983~protein dimerization activity	21	32.30769230769231	3.2257491343571615E-9	P11926, O96017, P35869, O15392, Q9UNQ0, O15111, P10415, P04626, P04637, P31749, P35354, P35228, P42224, Q04206, Q07812, P09488, P01106, Q16665, P09601, O14920, P22301	65	1159	17305	4.82385345456959	1.461263282598324E-6	1.6236270642931047E-7	1.2902996537428646E-7
GOTERM_BP_FAT	GO:0141124~intracellular signaling cassette	18	27.692307692307693	3.2755904451414633E-9	P29474, O15111, P04626, P04637, P28482, P31749, P38936, P35228, P10145, Q04206, P01106, P00533, Q16236, O14920, P25963, P01584, P06400, P01375	65	887	19104	5.964304917179777	1.1805158375732816E-5	5.674015564348409E-8	4.2582675786839025E-8
GOTERM_BP_FAT	GO:0032642~regulation of chemokine production	9	13.846153846153847	3.398668847936967E-9	P01579, P05231, Q16665, P09211, P09601, P01584, P22301, P01375, P10145	65	111	19104	23.83035343035343	1.2248727726871245E-5	5.8590449086683696E-8	4.3971294568524204E-8
GOTERM_BP_FAT	GO:0007346~regulation of mitotic cell cycle	15	23.076923076923077	3.659088581272182E-9	P01583, O96017, P24385, O15392, P10415, P04637, P31749, P38936, P13500, P00533, P01344, P01584, P22301, P06400, P01375	65	560	19104	7.872527472527473	1.3187268341319225E-5	6.277950551582701E-8	4.7115121541714195E-8
KEGG_PATHWAY	hsa05213:Endometrial cancer	9	13.846153846153847	3.909173462833044E-9	P24385, P04626, P04637, P28482, Q07812, P31749, P01106, P38936, P00533	63	59	9375	22.699757869249396	8.639269564181262E-7	1.6071046458313623E-8	6.153328598903866E-9
GOTERM_BP_FAT	GO:0050679~positive regulation of epithelial cell proliferation	11	16.923076923076923	4.32900277806507E-9	P24385, P35968, P04626, P31749, P01106, Q16665, P00533, P09601, P01344, P22301, P01375	65	229	19104	14.117836748404436	1.5601604501092048E-5	7.392131284060874E-8	5.5476888681933406E-8
GOTERM_BP_FAT	GO:0097305~response to alcohol	12	18.461538461538463	4.8608965373577816E-9	P37231, P24385, P35869, Q07869, P31749, P04150, P19320, Q14790, P09211, P42574, P60568, P01375	65	304	19104	11.601619433198382	1.7518517844816728E-5	8.261231237783059E-8	6.19993596085634E-8
GOTERM_BP_FAT	GO:0060429~epithelium development	20	30.76923076923077	4.906748868013923E-9	P35968, P24385, P10415, P04637, P28482, P31749, P38936, P37231, P42224, P08581, Q04206, P04150, P01106, P05362, P08253, P00533, Q16665, P42574, P22301	65	1171	19104	5.019772712343165	1.7683766705189896E-5	8.300007592232002E-8	6.229037060614859E-8
KEGG_PATHWAY	hsa04218:Cellular senescence	12	18.461538461538463	4.982130593799175E-9	P01583, O96017, P24385, Q04206, P04637, P28482, P31749, P01106, P05231, P38936, P06400, P10145	63	157	9375	11.373976342129207	1.1010502585229176E-6	2.010969076042576E-8	7.699656372235088E-9
GOTERM_BP_FAT	GO:0003008~system process	27	41.53846153846154	5.321153195065874E-9	O75469, P29474, P10415, P28482, P35354, P13500, P42224, P08581, Q07869, P01375, P31645, O15392, Q9UNQ0, O15111, P31749, P35228, P37231, P23219, P01106, P02778, P08253, Q16665, P00533, P42574, P09601, P01584	65	2278	19104	3.4835415681772135	1.917725224298561E-5	8.958932225150626E-8	6.723550579186038E-8
GOTERM_BP_FAT	GO:0040011~locomotion	13	20.0	5.4286442488760155E-9	P00749, P08581, P09917, P28482, P02778, P19320, P08253, P05231, P13500, P01584, P22301, P10145	65	389	19104	9.822107969151672	1.956464236274602E-5	9.09739778079083E-8	6.827466999516626E-8
KEGG_PATHWAY	hsa05202:Transcriptional misregulation in cancer	13	20.0	5.735877502403856E-9	P04637, P38936, P10145, P37231, P00749, P14780, P08581, Q04206, Q07812, P01106, P05164, P05231, P08254	63	201	9375	9.624496564795072	1.2676281389012445E-6	2.2738657241672432E-8	8.706242637577282E-9
GOTERM_BP_FAT	GO:0062197~cellular response to chemical stress	12	18.461538461538463	5.759313456740369E-9	P37231, P29474, Q04206, P04637, P05164, P08253, P05231, Q16665, P08254, Q16236, P35354, P42574	65	309	19104	11.413890963405526	2.0756350391670786E-5	9.606854807701644E-8	7.209807216215722E-8
GOTERM_BP_FAT	GO:0009612~response to mechanical stimulus	11	16.923076923076923	6.018428928144725E-9	P37231, P42224, Q04206, P01106, Q14790, P02778, P05164, P08253, P25963, P01584, P01375	65	237	19104	13.6412852969815	2.1690182864464447E-5	9.987615254412803E-8	7.495562489018102E-8
GOTERM_BP_FAT	GO:0051130~positive regulation of cellular component organization	20	30.76923076923077	6.043020054016072E-9	P01583, P35968, P04637, P28482, P03956, P13500, P37231, P00749, P14780, Q07812, P01106, P01579, Q16236, P05231, P08254, P05112, P01344, P01584, P06400, P01375	65	1186	19104	4.956284861849786	2.1778807288042046E-5	9.987615254412803E-8	7.495562489018102E-8
GOTERM_BP_FAT	GO:0042759~long-chain fatty acid biosynthetic process	7	10.76923076923077	6.152347446456013E-9	P09917, P23219, P08684, P09488, P09211, P35354, P05177	65	43	19104	47.845438282647585	2.217281431082796E-5	1.012187573040229E-7	7.596323057176739E-8
KEGG_PATHWAY	hsa05235:PD-L1 expression and PD-1 checkpoint pathway in cancer	10	15.384615384615385	6.1649162423951685E-9	P42224, O15111, Q04206, P28482, P31749, P01579, Q16665, P00533, O14920, P25963	63	90	9375	16.534391534391535	1.3624455660332657E-6	2.4010726417749603E-8	9.193296150940163E-9
GOTERM_BP_FAT	GO:0001932~regulation of protein phosphorylation	13	20.0	6.2613851187771555E-9	P35968, P04626, P28482, P31749, P38936, P14780, P01579, P00533, P05231, P05112, P22301, P06400, P01375	65	394	19104	9.697461928934011	2.2565777277439025E-5	1.0254441174070042E-7	7.695811527806104E-8
GOTERM_BP_FAT	GO:0022603~regulation of anatomical structure morphogenesis	18	27.692307692307693	6.8654728015134195E-9	P01583, P35968, P29474, P09917, P04626, P13500, P10145, P37231, P42224, Q04206, P02778, Q16236, P05231, Q16665, P09601, P01584, P22301, P01375	65	932	19104	5.6763288213931995	2.4742858151571845E-5	1.1192895250612149E-7	8.400107898322301E-8
GOTERM_BP_FAT	GO:0050728~negative regulation of inflammatory response	11	16.923076923076923	7.06444480544726E-9	P01583, P37231, P35869, P09917, Q07869, P09211, P05112, P60568, P01584, P22301, P06400	65	241	19104	13.41487392275774	2.5459935064420236E-5	1.1465402988300215E-7	8.604621060328554E-8
GOTERM_BP_FAT	GO:0022008~neurogenesis	22	33.84615384615385	7.313876722248756E-9	P24385, P10415, P04626, P04637, P28482, P31749, P19320, P13500, P08581, Q07812, P04150, P01579, P08253, P00533, P09211, P05231, Q16665, P42574, P01584, P06400, P01375	65	1489	19104	4.342491088495119	2.635886441759716E-5	1.1816994542718504E-7	8.868485496394904E-8
GOTERM_BP_FAT	GO:0010594~regulation of endothelial cell migration	11	16.923076923076923	7.3498897433081E-9	P37231, P35968, P08581, P29474, P31749, Q16665, Q16236, P35354, P09601, P01375	65	242	19104	13.35944055944056	2.6488651734268842E-5	1.1822166404079947E-7	8.872366904421921E-8
GOTERM_BP_FAT	GO:0031349~positive regulation of defense response	14	21.53846153846154	7.982211159814774E-9	P01583, O15111, P28482, P35354, Q04206, P01579, P00533, P05231, P42574, O14920, P60568, P25963, P01584, P01375	65	495	19104	8.312540792540792	2.8767475178992363E-5	1.2782180803916724E-7	9.592843989395177E-8
GOTERM_BP_FAT	GO:0071478~cellular response to radiation	10	15.384615384615385	9.304120983483182E-9	O96017, P14780, P04637, Q07812, P03956, P01106, P08253, P38936, P08254, P01375	65	182	19104	16.148774302620456	3.353149015217216E-5	1.4833074293579604E-7	1.1132010238645365E-7
KEGG_PATHWAY	hsa05323:Rheumatoid arthritis	10	15.384615384615385	9.997121449676337E-9	P01583, P03956, P01579, P05362, P05231, P08254, P13500, P01584, P01375, P10145	63	95	9375	15.664160401002507	2.209361413929578E-6	3.825622320968946E-8	1.4647653030736955E-8
KEGG_PATHWAY	hsa04630:JAK-STAT signaling pathway	12	18.461538461538463	1.016719445662918E-8	P42224, P24385, P10415, P31749, P01106, P01579, P05231, P38936, P00533, P05112, P60568, P22301	63	168	9375	10.629251700680273	2.2469474537656353E-6	3.825622320968946E-8	1.4647653030736955E-8
GOTERM_BP_FAT	GO:0050729~positive regulation of inflammatory response	10	15.384615384615385	1.1246843271815334E-8	P01583, P28482, P01579, P05231, P35354, P42574, P60568, P25963, P01584, P01375	65	186	19104	15.801488833746898	4.053280176885554E-5	1.7851267096189713E-7	1.339712079603025E-7
GOTERM_BP_FAT	GO:0007259~cell surface receptor signaling pathway via JAK-STAT	8	12.307692307692308	1.148684860446895E-8	P42224, P01579, P05231, P13500, P05112, P60568, P22301, P01375	65	83	19104	28.328452270620947	4.139774562217369E-5	1.8152243649956851E-7	1.3622999397580718E-7
GOTERM_BP_FAT	GO:0097237~cellular response to toxic substance	9	13.846153846153847	1.341721159954072E-8	Q9NRD8, Q9UNQ0, P29474, P23219, P09488, P05164, P09211, P35354, P01375	65	132	19104	20.03916083916084	4.835446168638402E-5	2.1110136852901841E-7	1.5842855967317952E-7
GOTERM_BP_FAT	GO:0071363~cellular response to growth factor stimulus	14	21.53846153846154	1.3689566613343237E-8	P35968, P04626, P04637, P31749, P19320, P13500, P10145, P37231, Q04206, P04150, P00533, P09211, P42574, P22301	65	518	19104	7.943451143451145	4.9335981273657126E-5	2.1445003699076384E-7	1.6094168748904396E-7
GOTERM_BP_FAT	GO:0050863~regulation of T cell activation	13	20.0	1.3796466886988659E-8	P01583, P04626, P31749, P19320, P13500, P05231, P42574, P05112, P01344, P60568, P29965, P01584, P22301	65	423	19104	9.032624113475178	4.9721230757304724E-5	2.1518904845809582E-7	1.6149630503210967E-7
GOTERM_MF_FAT	GO:0031625~ubiquitin protein ligase binding	12	18.461538461538463	1.3802786906609353E-8	O96017, P10415, Q04206, P04637, P01106, Q14790, P38936, Q16665, P00533, Q16236, P25963, P06400	65	305	17305	10.474653215636822	6.252642967052857E-6	6.252662468694036E-7	4.969003286379367E-7
GOTERM_BP_FAT	GO:0050900~leukocyte migration	11	16.923076923076923	1.5666316671730947E-8	P09917, P19320, P02778, P05362, P08253, P05231, P13500, P01584, P22301, P01375, P10145	65	262	19104	12.339635936582502	5.645981187196725E-5	2.4330059900106294E-7	1.8259362189810552E-7
KEGG_PATHWAY	hsa05206:MicroRNAs in cancer	15	23.076923076923077	1.634512379359022E-8	P24385, P10415, P04626, P04637, P28482, P38936, P35354, P00749, P14780, P08581, P01106, P00533, P42574, P09601, O14920	63	323	9375	6.910659000442282	3.612265867314335E-6	6.047695803628381E-8	2.3155592040919478E-8
GOTERM_BP_FAT	GO:0048870~cell motility	20	30.76923076923077	1.7006333814182902E-8	P35968, P29474, P09917, P10415, P31749, P19320, P13500, P10145, P00749, P14780, Q07812, P02778, P05362, P08253, P00533, P05231, Q16665, P01584, P22301, P01375	65	1264	19104	4.650438169425511	6.128894924029016E-5	2.6297777138412447E-7	1.9736105851309258E-7
GOTERM_BP_FAT	GO:0010595~positive regulation of endothelial cell migration	9	13.846153846153847	1.903053103708558E-8	P35968, P08581, P29474, P31749, Q16665, Q16236, P35354, P09601	65	138	19104	19.16789297658863	6.858368255213687E-5	2.930213817376895E-7	2.199083586507667E-7
GOTERM_BP_FAT	GO:0043122~regulation of canonical NF-kappaB signal transduction	12	18.461538461538463	1.9656011576447737E-8	P01583, P42224, O15111, Q04206, Q14790, P09211, P09601, O14920, P25963, P29965, P01584, P01375	65	348	19104	10.13474801061008	7.083775737626308E-5	3.0136429663804764E-7	2.2616959703282844E-7
GOTERM_BP_FAT	GO:0030099~myeloid cell differentiation	12	18.461538461538463	2.0243549479449313E-8	P01583, P37231, P14780, P04150, P01579, Q14790, P42574, P09601, P05112, P01584, P01375, P06400	65	349	19104	10.105708618029535	7.295509179638948E-5	3.090572405697283E-7	2.3194304149335145E-7
GOTERM_BP_FAT	GO:0042325~regulation of phosphorylation	13	20.0	2.1327563685842446E-8	P35968, P04626, P28482, P31749, P38936, P14780, P01579, P00533, P05231, P05112, P22301, P06400, P01375	65	440	19104	8.683636363636364	7.686158644570895E-5	3.242329618569212E-7	2.433322034030294E-7
KEGG_PATHWAY	hsa05218:Melanoma	9	13.846153846153847	2.204979507528583E-8	P24385, P08581, P04637, P28482, Q07812, P31749, P38936, P00533, P06400	63	73	9375	18.34637964774951	4.872992897975159E-6	8.024679519202384E-8	3.0725124285234353E-8
GOTERM_BP_FAT	GO:0032652~regulation of interleukin-1 production	9	13.846153846153847	2.5154985677376276E-8	P01583, Q04206, P01579, Q14790, P05231, P09211, P01584, P22301, P01375	65	143	19104	18.49768692845616	9.065446005906974E-5	3.808126613259946E-7	2.857944591244767E-7
GOTERM_BP_FAT	GO:0034644~cellular response to UV	8	12.307692307692308	2.5533323610633617E-8	P14780, P04637, Q07812, P03956, P01106, P08253, P38936, P08254	65	93	19104	25.282382133995036	9.201786540524726E-5	3.8492286597955194E-7	2.888791089671686E-7
GOTERM_MF_FAT	GO:0001221~transcription coregulator binding	9	13.846153846153847	2.6964121652817224E-8	P37231, P42224, P35869, Q07869, Q04206, P04637, P01106, Q16665, Q16236	65	131	17305	18.290663534938346	1.2214672650778802E-5	1.1104315553387456E-6	8.824621631831091E-7
GOTERM_BP_FAT	GO:0009887~animal organ morphogenesis	18	27.692307692307693	2.837974341150049E-8	P31645, Q9NRD8, P35968, P29474, P10415, P04637, P28482, P13500, Q07869, Q04206, Q07812, P04150, P01106, P08253, P00533, Q16665, P01344, P01375	65	1026	19104	5.156275303643725	1.0227536634221934E-4	4.260508979651511E-7	3.1974510910290554E-7
GOTERM_BP_FAT	GO:0097696~cell surface receptor signaling pathway via STAT	8	12.307692307692308	2.9626795990856116E-8	P42224, P01579, P05231, P13500, P05112, P60568, P22301, P01375	65	95	19104	24.75012145748988	1.0676927418040716E-4	4.429267467014713E-7	3.3241019236213666E-7
GOTERM_BP_FAT	GO:0045787~positive regulation of cell cycle	12	18.461538461538463	3.028480817960933E-8	P01583, P31645, O96017, P24385, O15392, P31749, P00533, P01344, P01584, P22301, P01375, P06400	65	363	19104	9.715956770502226	1.0914049420884808E-4	4.508932391369108E-7	3.383889310647257E-7
GOTERM_BP_FAT	GO:0031399~regulation of protein modification process	15	23.076923076923077	3.202048174080658E-8	P35968, P04626, P28482, P31749, P38936, P14780, Q04206, P01579, P00533, P05231, Q16665, P05112, P22301, P06400, P01375	65	665	19104	6.629496818970504	1.1539515939884559E-4	4.747728218606013E-7	3.563102165725967E-7
GOTERM_BP_FAT	GO:0051726~regulation of cell cycle	19	29.230769230769234	3.355253430268105E-8	P01583, P31645, O96017, P24385, O15392, P10415, P04637, P31749, P38936, P13500, Q07812, P01106, P00533, P42574, P01344, P01584, P22301, P06400, P01375	65	1175	19104	4.75254991816694	1.2091602473729424E-4	4.954499225104911E-7	3.718280850592195E-7
KEGG_PATHWAY	hsa01523:Antifolate resistance	7	10.76923076923077	3.4275878677927494E-8	Q9UNQ0, O15111, Q04206, P05231, O14920, P01584, P01375	63	30	9375	34.72222222222222	7.574940630528104E-6	1.227297591370952E-7	4.699112399393285E-8
GOTERM_BP_FAT	GO:2000106~regulation of leukocyte apoptotic process	8	12.307692307692308	3.680200686335716E-8	P10415, P04637, Q07812, P01106, P05362, Q16665, P60568, P22301	65	98	19104	23.992464678178965	1.3262563970128927E-4	5.412148193007177E-7	4.0617398595313377E-7
GOTERM_MF_FAT	GO:0048018~receptor ligand activity	15	23.076923076923077	3.7062696813317616E-8	P01583, P13500, P10145, P00749, P01579, P02778, P05362, P05231, P05112, P01344, P60568, P29965, P01584, P22301, P01375	65	610	17305	6.5466582597730145	1.6789261020555557E-5	1.39911680470274E-6	1.1118809043995286E-6
GOTERM_BP_FAT	GO:0043467~regulation of generation of precursor metabolites and energy	9	13.846153846153847	3.848850017229967E-8	Q07869, P04637, P31749, P01579, Q16665, P01344, P35228, P05112, P01375	65	151	19104	17.51767702496179	1.3870293712126003E-4	5.63715715938194E-7	4.2306058725974926E-7
GOTERM_BP_FAT	GO:0048661~positive regulation of smooth muscle cell proliferation	8	12.307692307692308	3.9498695836307664E-8	P42224, P14780, P31749, P08253, P05231, P09601, P22301, P01375	65	99	19104	23.75011655011655	1.4234317097483462E-4	5.761692352154515E-7	4.324067754711576E-7
GOTERM_MF_FAT	GO:0030546~signaling receptor activator activity	15	23.076923076923077	4.5376790167747155E-8	P01583, P13500, P10145, P00749, P01579, P02778, P05362, P05231, P05112, P01344, P60568, P29965, P01584, P22301, P01375	65	620	17305	6.441066997518611	2.0555475166772474E-5	1.5812066112299586E-6	1.2565880354145367E-6
KEGG_PATHWAY	hsa01521:EGFR tyrosine kinase inhibitor resistance	9	13.846153846153847	4.586678216989491E-8	P35968, P08581, P10415, P04626, P28482, Q07812, P31749, P05231, P00533	63	80	9375	16.741071428571427	1.0136507712865672E-5	1.6162580383677254E-7	6.18837537212868E-8
GOTERM_BP_FAT	GO:0042063~gliogenesis	11	16.923076923076923	4.652841334033723E-8	P04626, P04637, P28482, P31749, P04150, P01579, P09211, P13500, P01584, P01375, P06400	65	294	19104	10.996546310832025	1.6767434667952497E-4	6.732605352017472E-7	5.05272408322377E-7
GOTERM_BP_FAT	GO:0051054~positive regulation of DNA metabolic process	11	16.923076923076923	4.652841334033723E-8	P28482, Q07812, P31749, P01106, P05231, P38936, P00533, P42574, P05112, P60568, P01375	65	294	19104	10.996546310832025	1.6767434667952497E-4	6.732605352017472E-7	5.05272408322377E-7
GOTERM_BP_FAT	GO:0046649~lymphocyte activation	14	21.53846153846154	4.674407502725955E-8	P10415, P04626, P04637, P19320, Q07812, P01106, Q14790, P05362, Q16236, P05231, P05112, P60568, P29965, P22301	65	575	19104	7.1560133779264214	1.6845146089516927E-4	6.736756092928646E-7	5.055839154948394E-7
GOTERM_BP_FAT	GO:0031401~positive regulation of protein modification process	12	18.461538461538463	4.701367413553981E-8	P14780, P35968, P04626, P28482, P31749, P01579, P05231, P38936, P00533, P05112, P22301, P01375	65	379	19104	9.305784453014004	1.6942293202670822E-4	6.748616251408365E-7	5.064740034362536E-7
GOTERM_BP_FAT	GO:0033209~tumor necrosis factor-mediated signaling pathway	7	10.76923076923077	4.833393309657968E-8	P42224, O15111, Q04206, P04637, O14920, P25963, P01375	65	60	19104	34.28923076923077	1.7418032786831184E-4	6.910601624880023E-7	5.186307741791724E-7
GOTERM_BP_FAT	GO:2000377~regulation of reactive oxygen species metabolic process	9	13.846153846153847	4.9602323220042414E-8	P09917, Q07869, P04637, P38936, Q16665, P09211, P08254, Q16236, P01375	65	156	19104	16.95621301775148	1.7875079959406293E-4	7.06391978505189E-7	5.301370829525482E-7
GOTERM_BP_FAT	GO:0036294~cellular response to decreased oxygen levels	9	13.846153846153847	5.212902970952022E-8	P37231, P24385, P10415, P04637, P31749, P01106, Q16665, Q16236, P35354	65	157	19104	16.848211660950515	1.87855381117763E-4	7.365525256603974E-7	5.527721424884027E-7
GOTERM_BP_FAT	GO:0098754~detoxification	9	13.846153846153847	5.212902970952022E-8	Q9NRD8, Q9UNQ0, P29474, P23219, P09488, P05164, P09211, Q16236, P35354	65	157	19104	16.848211660950515	1.87855381117763E-4	7.365525256603974E-7	5.527721424884027E-7
GOTERM_BP_FAT	GO:0043535~regulation of blood vessel endothelial cell migration	9	13.846153846153847	5.751671636281426E-8	P37231, P35968, P29474, P31749, Q16665, Q16236, P35354, P09601, P01375	65	159	19104	16.636284470246736	2.072687686898167E-4	8.095028478719523E-7	6.075203165822257E-7
KEGG_PATHWAY	hsa04623:Cytosolic DNA-sensing pathway	9	13.846153846153847	6.145419171798226E-8	O15111, Q04206, Q14790, P02778, P05231, P42574, O14920, P25963, P01584	63	83	9375	16.135972461273667	1.3581284564412321E-5	2.1229262230766694E-7	8.128321124392653E-8
KEGG_PATHWAY	hsa05130:Pathogenic Escherichia coli infection	12	18.461538461538463	6.215774977476735E-8	O15111, Q04206, P28482, Q07812, Q14790, P05231, P42574, O14920, P25963, P01584, P01375, P10145	63	200	9375	8.928571428571429	1.3736768765926222E-5	2.1229262230766694E-7	8.128321124392653E-8
GOTERM_MF_FAT	GO:0001223~transcription coactivator binding	7	10.76923076923077	6.304207048988964E-8	P37231, P42224, P35869, Q07869, Q04206, P04637, Q16665	65	57	17305	32.69500674763833	2.8557651037819376E-5	2.039861280851429E-6	1.6210818125971622E-6
GOTERM_BP_FAT	GO:0010575~positive regulation of vascular endothelial growth factor production	6	9.230769230769232	6.757611785487978E-8	P01583, Q04206, P05231, Q16665, P35354, P01584	65	32	19104	55.10769230769231	2.4351468231098572E-4	9.473803604324196E-7	7.109954189867507E-7
GOTERM_BP_FAT	GO:0042110~T cell activation	12	18.461538461538463	6.794178000238001E-8	P10415, P04626, P04637, Q07812, P01106, Q14790, P05362, P05231, Q16236, P05112, P60568, P22301	65	393	19104	8.974280681150912	2.4483220706772446E-4	9.48814857940214E-7	7.120719888621534E-7
KEGG_PATHWAY	hsa05134:Legionellosis	8	12.307692307692308	7.032185363060744E-8	Q04206, Q14790, P05231, P42574, P25963, P01584, P01375, P10145	63	56	9375	21.258503401360542	1.5541009445563247E-5	2.36537144030225E-7	9.056602361517624E-8
GOTERM_BP_FAT	GO:0042542~response to hydrogen peroxide	8	12.307692307692308	7.225907578091421E-8	P42224, P10415, Q04206, P08253, P05231, Q16236, P42574, P09601	65	108	19104	21.77094017094017	2.603878119221692E-4	1.0052102318093975E-6	7.543959108555677E-7
KEGG_PATHWAY	hsa05131:Shigellosis	13	20.0	7.495877807382512E-8	O15111, P10415, P04637, P28482, P31749, P10145, Q04206, Q07812, P00533, O14920, P25963, P01584, P01375	63	253	9375	7.646339168078298	1.656575336150823E-5	2.483708766028235E-7	9.509695725783785E-8
GOTERM_BP_FAT	GO:0031099~regeneration	9	13.846153846153847	7.66555604426771E-8	P37231, P24385, P10415, P08253, P05231, P38936, P09211, P22301, P01375	65	165	19104	16.031328671328673	2.762284923506497E-4	1.0622691702883291E-6	7.972178286038419E-7
GOTERM_BP_FAT	GO:0001890~placenta development	9	13.846153846153847	8.032648894455823E-8	P37231, P28482, P31749, Q14790, Q16665, P00533, P35354, P01344, P22301	65	166	19104	15.934754402224282	2.8945477752051474E-4	1.1088748646254533E-6	8.321947360386416E-7
GOTERM_BP_FAT	GO:0045930~negative regulation of mitotic cell cycle	10	15.384615384615385	8.161285664093755E-8	O96017, P24385, O15392, P10415, P04637, P38936, P13500, P22301, P01375, P06400	65	234	19104	12.560157790927024	2.9408949473530566E-4	1.1223325285393053E-6	8.42294520446928E-7
GOTERM_BP_FAT	GO:0007507~heart development	14	21.53846153846154	8.612453950965847E-8	P35968, P29474, P04626, P04637, P28482, P19320, P38936, P37231, Q07869, Q14790, P08253, Q16665, P42574, P06400	65	606	19104	6.789946686976391	3.1034468684632E-4	1.1798734443091236E-6	8.854781552628005E-7
GOTERM_BP_FAT	GO:0042102~positive regulation of T cell proliferation	8	12.307692307692308	8.732837886619207E-8	P01583, P19320, P05231, P01344, P05112, P60568, P29965, P01584	65	111	19104	21.182536382536384	3.146819683995661E-4	1.1918338979351896E-6	8.944543047506945E-7
GOTERM_BP_FAT	GO:0030162~regulation of proteolysis	9	13.846153846153847	9.226150647524291E-8	P00749, P04637, P31749, P01579, Q14790, P08253, P01584, P22301, P01375	65	169	19104	15.651888939462905	3.3245520904523485E-4	1.254408331435095E-6	9.414155226756861E-7
GOTERM_BP_FAT	GO:0072593~reactive oxygen species metabolic process	8	12.307692307692308	9.290690065740814E-8	Q9NRD8, P29474, P10415, P04637, P05164, Q16236, P05177, P35228	65	112	19104	20.993406593406597	3.347804338991178E-4	1.258434447626472E-6	9.444370653294421E-7
GOTERM_BP_FAT	GO:0007584~response to nutrient	9	13.846153846153847	9.656472681891985E-8	P31645, P37231, P42224, P24385, Q07869, P19320, P02778, P09211, Q16236	65	170	19104	15.55981900452489	3.47958740394283E-4	1.3030813135901433E-6	9.779439000687613E-7
GOTERM_MF_FAT	GO:0020037~heme binding	9	13.846153846153847	1.0001660424260423E-7	Q9NRD8, P29474, P23219, P08684, P05164, P35354, P05177, P09601, P35228	65	155	17305	15.458560794044667	4.530649760747796E-5	3.020501448126648E-6	2.4003985018225015E-6
GOTERM_BP_FAT	GO:0009790~embryo development	18	27.692307692307693	1.0003563284080858E-7	P35968, P29474, P04637, P28482, P31749, P38936, P10145, P14780, Q07812, P01106, Q14790, P08253, P00533, Q16665, P42574, P01344, P22301, P01375	65	1119	19104	4.727737677871726	3.6046345639462185E-4	1.3448820340501243E-6	1.0093147432893522E-6
GOTERM_BP_FAT	GO:0045428~regulation of nitric oxide biosynthetic process	7	10.76923076923077	1.0349179036303563E-7	P42224, P31749, P01579, P35354, P01584, P22301, P01375	65	68	19104	30.255203619909505	3.7291488171098397E-4	1.3861744263123321E-6	1.0403040934633767E-6
GOTERM_BP_FAT	GO:0006955~immune response	23	35.38461538461539	1.0981759390691015E-7	P01583, P09917, O15111, P10415, P04637, P13500, P35228, P10145, P37231, P42224, Q04206, P01579, P02778, P05362, P05231, P08254, O14920, P05112, P60568, P29965, P01584, P22301, P01375	65	1908	19104	3.542912433478471	3.9570431856073007E-4	1.4654547809133233E-6	1.0998028663862407E-6
GOTERM_BP_FAT	GO:0090594~inflammatory response to wounding	5	7.6923076923076925	1.11786763587122E-7	P01583, P05231, Q16665, P09601, P01375	65	14	19104	104.96703296703298	4.0279837356194115E-4	1.4862277092413304E-6	1.115392652175564E-6
GOTERM_BP_FAT	GO:0030098~lymphocyte differentiation	11	16.923076923076923	1.1539512736807434E-7	P10415, P04626, P04637, Q07812, P19320, P05231, Q16236, P05112, P60568, P29965, P22301	65	324	19104	9.978347578347579	4.15797595148204E-4	1.5285611908351905E-6	1.1471633250120332E-6
GOTERM_BP_FAT	GO:0071453~cellular response to oxygen levels	9	13.846153846153847	1.207693320495231E-7	P37231, P24385, P10415, P04637, P31749, P01106, Q16665, Q16236, P35354	65	175	19104	15.11525274725275	4.351579904214864E-4	1.5938897559502993E-6	1.1961914793476575E-6
GOTERM_BP_FAT	GO:0032355~response to estradiol	8	12.307692307692308	1.2553348733078056E-7	P31645, P24385, Q14790, P08253, P00533, P09211, P42574, P22301	65	117	19104	20.096252465483236	4.523203891999561E-4	1.6507195432584028E-6	1.23884142241763E-6
KEGG_PATHWAY	hsa05143:African trypanosomiasis	7	10.76923076923077	1.2946156568113374E-7	P01579, P19320, P05362, P05231, P01584, P22301, P01375	63	37	9375	28.15315315315315	2.8610598578504565E-5	4.1652851566973466E-7	1.5948163888255606E-7
KEGG_PATHWAY	hsa05216:Thyroid cancer	7	10.76923076923077	1.2946156568113374E-7	P37231, P24385, P04637, P28482, Q07812, P01106, P38936	63	37	9375	28.15315315315315	2.8610598578504565E-5	4.1652851566973466E-7	1.5948163888255606E-7
GOTERM_BP_FAT	GO:0002573~myeloid leukocyte differentiation	9	13.846153846153847	1.3181795815565054E-7	P01583, P37231, P14780, P04150, P01579, Q14790, P05112, P01584, P01375	65	177	19104	14.944458930899609	4.7495912350803415E-4	1.7270549208538504E-6	1.2961300321922873E-6
GOTERM_BP_FAT	GO:0071482~cellular response to light stimulus	8	12.307692307692308	1.3310134931904639E-7	P14780, P04637, Q07812, P03956, P01106, P08253, P38936, P08254	65	118	19104	19.92594524119948	4.795822583609777E-4	1.7312785617203038E-6	1.299299814291341E-6
GOTERM_BP_FAT	GO:1990748~cellular detoxification	8	12.307692307692308	1.3310134931904639E-7	Q9NRD8, Q9UNQ0, P29474, P23219, P09488, P05164, P09211, P35354	65	118	19104	19.92594524119948	4.795822583609777E-4	1.7312785617203038E-6	1.299299814291341E-6
GOTERM_BP_FAT	GO:0043525~positive regulation of neuron apoptotic process	7	10.76923076923077	1.3436420815779206E-7	P04637, Q07812, P04150, Q14790, P08253, P42574, P01375	65	71	19104	28.976814734561213	4.8413140945180455E-4	1.7414181366637584E-6	1.3069094203549271E-6
GOTERM_BP_FAT	GO:0051052~regulation of DNA metabolic process	13	20.0	1.348816066265903E-7	P04637, P28482, P31749, P38936, Q07812, P01106, P00533, P05231, P42574, P05112, P60568, P22301, P01375	65	521	19104	7.33358925143954	4.859952092437503E-4	1.7418581672960746E-6	1.3072396570548394E-6
GOTERM_BP_FAT	GO:0048662~negative regulation of smooth muscle cell proliferation	7	10.76923076923077	1.4619781501388926E-7	P37231, P29474, P01579, P38936, P09211, P09601, P22301	65	72	19104	28.574358974358976	5.267581778216623E-4	1.8745577490926798E-6	1.4068287964325855E-6
GOTERM_BP_FAT	GO:0080164~regulation of nitric oxide metabolic process	7	10.76923076923077	1.4619781501388926E-7	P42224, P31749, P01579, P35354, P01584, P22301, P01375	65	72	19104	28.574358974358976	5.267581778216623E-4	1.8745577490926798E-6	1.4068287964325855E-6
GOTERM_BP_FAT	GO:0043434~response to peptide hormone	12	18.461538461538463	1.4960112737223279E-7	P37231, P42224, O15111, Q07869, Q04206, P28482, P31749, P09211, Q16236, P01344, P22301, P06400	65	425	19104	8.298570135746607	5.390171814050326E-4	1.9113931273835274E-6	1.4344732213280761E-6
GOTERM_MF_FAT	GO:0030545~signaling receptor regulator activity	15	23.076923076923077	1.4972894505129514E-7	P01583, P13500, P10145, P00749, P01579, P02778, P05362, P05231, P05112, P01344, P60568, P29965, P01584, P22301, P01375	65	683	17305	5.846942223223336	6.78249169583367E-5	4.2392007567647935E-6	3.3689012636541408E-6
KEGG_PATHWAY	hsa04658:Th1 and Th2 cell differentiation	9	13.846153846153847	1.5070935169977493E-7	P42224, O15111, Q04206, P28482, P01579, O14920, P05112, P60568, P25963	63	93	9375	14.400921658986174	3.330621456354432E-5	4.779639439621433E-7	1.8300421277829812E-7
KEGG_PATHWAY	hsa04926:Relaxin signaling pathway	10	15.384615384615385	1.5654434936768837E-7	P14780, P29474, Q04206, P28482, P03956, P31749, P08253, P00533, P35228, P25963	63	130	9375	11.446886446886447	3.459570547392765E-5	4.894766980229129E-7	1.874122492430072E-7
GOTERM_MF_FAT	GO:0046906~tetrapyrrole binding	9	13.846153846153847	1.6205245662837027E-7	Q9NRD8, P29474, P23219, P08684, P05164, P35354, P05177, P09601, P35228	65	165	17305	14.521678321678323	7.340707439118521E-5	4.318221344273631E-6	3.4316990815419584E-6
GOTERM_BP_FAT	GO:0046651~lymphocyte proliferation	8	12.307692307692308	1.6734472548153077E-7	P10415, P04626, P04637, Q07812, P01106, P60568, P29965, P22301	65	122	19104	19.272635561160154	6.029286066974171E-4	2.1305407982683936E-6	1.5989404159083366E-6
GOTERM_BP_FAT	GO:0030888~regulation of B cell proliferation	7	10.76923076923077	1.7244445399218354E-7	P35869, P10415, P38936, P42574, P05112, P60568, P22301	65	74	19104	27.802079002079005	6.212967807566194E-4	2.187737210330413E-6	1.6418655056157193E-6
GOTERM_BP_FAT	GO:0040008~regulation of growth	14	21.53846153846154	1.832945930330031E-7	P31645, P10415, P04626, P04637, P28482, P31749, P38936, P37231, Q07869, P00533, Q16665, P01344, P60568, P06400	65	647	19104	6.359671858280823	6.603756298970698E-4	2.317229539290913E-6	1.7390476475832996E-6
GOTERM_BP_FAT	GO:0031348~negative regulation of defense response	11	16.923076923076923	1.8543322827241919E-7	P01583, P37231, P35869, P09917, Q07869, P09211, P05112, P60568, P01584, P22301, P06400	65	341	19104	9.48089330024814	6.68078152803564E-4	2.3360696554738685E-6	1.7531868854846906E-6
GOTERM_BP_FAT	GO:0097191~extrinsic apoptotic signaling pathway	8	12.307692307692308	1.8707795766371123E-7	P01583, P10415, Q07812, P01579, Q14790, P60568, P01584, P01375	65	124	19104	18.96178660049628	6.740017812342236E-4	2.3485779841893784E-6	1.7625742073960809E-6
GOTERM_BP_FAT	GO:0070227~lymphocyte apoptotic process	6	9.230769230769232	1.8975603311067693E-7	O96017, P10415, P04637, Q07812, P31749, P01106	65	39	19104	45.216568047337276	6.836470150279883E-4	2.3739270392283645E-6	1.7815983108724668E-6
GOTERM_BP_FAT	GO:0070201~regulation of establishment of protein localization	13	20.0	2.0234774610967408E-7	P01583, O15392, P09917, P04626, P31749, P35228, P37231, P01579, P05231, Q16665, P25963, P01584, P01375	65	541	19104	7.062476894639557	7.289955043473517E-4	2.52269525686213E-6	1.893246731766639E-6
GOTERM_BP_FAT	GO:0032943~mononuclear cell proliferation	8	12.307692307692308	2.0873815787606435E-7	P10415, P04626, P04637, Q07812, P01106, P60568, P29965, P22301	65	126	19104	18.660805860805862	7.520094984971859E-4	2.5933916649222756E-6	1.946303375506476E-6
GOTERM_BP_FAT	GO:0043524~negative regulation of neuron apoptotic process	9	13.846153846153847	2.271332759397782E-7	P24385, P35968, O15392, P10415, Q07812, P31749, Q16665, P13500, P22301	65	190	19104	13.921943319838057	8.182534674445741E-4	2.8122377773574603E-6	2.11054425478062E-6
GOTERM_BP_FAT	GO:0042060~wound healing	11	16.923076923076923	2.485957251144242E-7	P01583, P31645, P00749, P35968, Q07869, P04626, P05231, P38936, Q16665, P09601, P29965	65	352	19104	9.184615384615384	8.955378710789885E-4	3.067432868449556E-6	2.3020645229774076E-6
GOTERM_BP_FAT	GO:0050870~positive regulation of T cell activation	10	15.384615384615385	2.503168591589913E-7	P01583, P31749, P19320, P05231, P01344, P13500, P05112, P60568, P29965, P01584	65	267	19104	11.007778738115817	9.017352653951649E-4	3.078128476279337E-6	2.3100914237744452E-6
GOTERM_BP_FAT	GO:0002429~immune response-activating cell surface receptor signaling pathway	10	15.384615384615385	2.750605201665708E-7	O15111, P10415, Q04206, P28482, Q07812, P31749, P01579, O14920, P35228, P25963	65	270	19104	10.885470085470086	9.908270573011357E-4	3.3634806945644675E-6	2.5242441848743604E-6
GOTERM_BP_FAT	GO:0043536~positive regulation of blood vessel endothelial cell migration	7	10.76923076923077	2.753890660273433E-7	P35968, P29474, P31749, Q16665, Q16236, P35354, P09601	65	80	19104	25.71692307692308	9.92009962977991E-4	3.3634806945644675E-6	2.5242441848743604E-6
KEGG_PATHWAY	hsa05221:Acute myeloid leukemia	8	12.307692307692308	2.76326901622834E-7	P24385, O15111, Q04206, P28482, P31749, P01106, P05164, O14920	63	68	9375	17.507002801120446	6.106638905933881E-5	8.520079466704049E-7	3.2621925886029015E-7
GOTERM_BP_FAT	GO:0045766~positive regulation of angiogenesis	9	13.846153846153847	2.7703375929859824E-7	P01583, P35968, P29474, Q16665, Q16236, P09601, P01584, P22301, P10145	65	195	19104	13.564970414201182	9.979315414965217E-4	3.372137279570437E-6	2.5307408281871948E-6
GOTERM_BP_FAT	GO:0042592~homeostatic process	21	32.30769230769231	2.8325159101108136E-7	P01583, P35968, P29474, P09917, O75469, P10415, P31749, P13500, P35228, P37231, Q07812, P01106, P05362, P09211, Q16236, P05231, Q16665, P42574, P09601, P01584, P06400	65	1672	19104	3.691424365108576	0.0010203179996489675	3.4362137454980677E-6	2.5788292999796765E-6
GOTERM_BP_FAT	GO:0002757~immune response-activating signaling pathway	11	16.923076923076923	2.904551984709919E-7	O15111, P10415, Q04206, P28482, Q07812, P31749, P01579, O14920, P35228, P25963, P01375	65	358	19104	9.03068328319725	0.0010462529825221445	3.5117787922516236E-6	2.635539787468329E-6
GOTERM_MF_FAT	GO:0008134~transcription factor binding	14	21.53846153846154	3.094816148625513E-7	P35869, O75469, P10415, P04637, P37231, P42224, Q07869, Q04206, P04150, P01106, Q16236, Q16665, P25963, P06400	65	614	17305	6.0704084189426215	1.4018536635251877E-4	7.78862064070754E-6	6.1896322972510256E-6
GOTERM_BP_FAT	GO:0045429~positive regulation of nitric oxide biosynthetic process	6	9.230769230769232	3.139990015649019E-7	P42224, P31749, P01579, P35354, P01584, P01375	65	43	19104	41.01037567084079	0.0011310125020458361	3.7837404770513095E-6	2.839643144586939E-6
GOTERM_BP_FAT	GO:0030183~B cell differentiation	8	12.307692307692308	3.177775455638262E-7	P10415, P04637, Q07812, P19320, P05231, P05112, P29965, P22301	65	134	19104	17.546727898966708	0.0011446148844361792	3.816508322221553E-6	2.8642349440152866E-6
GOTERM_BP_FAT	GO:1904018~positive regulation of vasculature development	9	13.846153846153847	3.2346069494236893E-7	P01583, P35968, P29474, Q16665, Q16236, P09601, P01584, P22301, P10145	65	199	19104	13.292307692307693	0.0011650733074185515	3.871856757067625E-6	2.9057731532364307E-6
KEGG_PATHWAY	hsa05146:Amoebiasis	9	13.846153846153847	3.341865983618028E-7	Q04206, P01579, P05231, P42574, P35228, P01584, P22301, P01375, P10145	63	103	9375	13.002773925104021	7.385252335390113E-5	1.0162934909084962E-6	3.89121381654154E-7
GOTERM_BP_FAT	GO:0048511~rhythmic process	10	15.384615384615385	3.517176427387723E-7	P31645, P37231, P35869, P29474, Q07869, P04637, P08253, P42574, P35228, P01375	65	278	19104	10.572219147758718	0.0012667875539013052	4.196154525787406E-6	3.1491539932637095E-6
GOTERM_BP_FAT	GO:0007169~cell surface receptor protein tyrosine kinase signaling pathway	12	18.461538461538463	3.5930093655965203E-7	P14780, P35968, P08581, P04626, Q04206, P28482, P31749, P08253, P00533, P42574, P01344	65	464	19104	7.6010610079575605	0.0012940827598159066	4.272479453545962E-6	3.2064347605851454E-6
GOTERM_BP_FAT	GO:0010720~positive regulation of cell development	12	18.461538461538463	3.6705778426649447E-7	P37231, P10415, P01579, Q14790, P05231, Q16665, P05112, P60568, P01584, P22301, P01375, P06400	65	465	19104	7.584714640198511	0.0013220018819239954	4.350359199711117E-6	3.2648823968967143E-6
GOTERM_BP_FAT	GO:0045597~positive regulation of cell differentiation	16	24.615384615384617	3.702544053733363E-7	P35968, P10415, P31749, P35354, P37231, P42224, P01579, Q14790, P05231, Q16665, P05112, P60568, P01584, P22301, P06400, P01375	65	943	19104	4.9867689044783425	0.0013335072119752267	4.373857778885674E-6	3.28251774468689E-6
KEGG_PATHWAY	hsa05120:Epithelial cell signaling in Helicobacter pylori infection	8	12.307692307692308	3.732518349621278E-7	P08581, O15111, Q04206, P00533, P42574, O14920, P25963, P10145	63	71	9375	16.76727028839705	8.248526883158913E-5	1.1048254314878982E-6	4.230187462904115E-7
KEGG_PATHWAY	hsa05230:Central carbon metabolism in cancer	8	12.307692307692308	3.732518349621278E-7	P08581, P04626, P04637, P28482, P31749, P01106, Q16665, P00533	63	71	9375	16.76727028839705	8.248526883158913E-5	1.1048254314878982E-6	4.230187462904115E-7
GOTERM_BP_FAT	GO:0007167~enzyme-linked receptor protein signaling pathway	14	21.53846153846154	4.0149823478020167E-7	P35968, P04626, P04637, P28482, P31749, P37231, P14780, P08581, Q04206, P08253, P00533, P42574, P01344	65	693	19104	5.937529137529138	0.0014459535289725878	4.727444901676689E-6	3.547879826293024E-6
GOTERM_MF_FAT	GO:0042803~protein homodimerization activity	15	23.076923076923077	4.0971574285752425E-7	P11926, O96017, P35869, O15392, Q9UNQ0, O15111, P31749, P35354, P35228, P42224, Q04206, Q07812, P09488, P09601, O14920	65	742	17305	5.382023636740618	1.8558404670021567E-4	9.768485869182026E-6	7.763035127826775E-6
KEGG_PATHWAY	hsa04622:RIG-I-like receptor signaling pathway	8	12.307692307692308	4.113229112974137E-7	O15111, Q04206, Q14790, P02778, O14920, P25963, P01375, P10145	63	72	9375	16.53439153439153	9.089825059316325E-5	1.2014958724740241E-6	4.60032203424739E-7
GOTERM_BP_FAT	GO:0043200~response to amino acid	8	12.307692307692308	4.492202657791524E-7	O15111, P08253, P00533, P09211, P08254, Q16236, P42574, P01375	65	141	19104	16.675613747954174	0.0016176803437948362	5.272119275577479E-6	3.95665015852387E-6
GOTERM_BP_FAT	GO:0008630~intrinsic apoptotic signaling pathway in response to DNA damage	7	10.76923076923077	4.5442207394025916E-7	O96017, P10415, P04637, Q07812, P01106, P38936, P01375	65	87	19104	23.647745358090187	0.0016363971664158372	5.315853027294655E-6	3.989471714072925E-6
GOTERM_BP_FAT	GO:0010564~regulation of cell cycle process	15	23.076923076923077	4.7008106280529325E-7	P01583, O96017, P24385, O15392, P10415, P04637, P31749, P38936, P13500, P01106, P00533, P01344, P01584, P06400, P01375	65	828	19104	5.3244147157190636	0.001692738248508463	5.472872750818781E-6	4.107312772193723E-6
GOTERM_BP_FAT	GO:0050864~regulation of B cell activation	8	12.307692307692308	4.712785815663094E-7	P35869, P10415, P05231, P38936, P42574, P05112, P60568, P22301	65	142	19104	16.558179848320695	0.001697046793199597	5.472872750818781E-6	4.107312772193723E-6
GOTERM_BP_FAT	GO:1903706~regulation of hemopoiesis	12	18.461538461538463	4.7240172786695557E-7	P42224, P04626, P01106, P01579, Q14790, Q16665, P05112, P60568, P25963, P22301, P01375, P06400	65	477	19104	7.393904208998549	0.0017010877366480104	5.472872750818781E-6	4.107312772193723E-6
KEGG_PATHWAY	hsa05224:Breast cancer	10	15.384615384615385	4.7492540989671524E-7	P24385, P04626, P04637, P28482, Q07812, P31749, P01106, P38936, P00533, P06400	63	148	9375	10.054697554697553	1.0495303255408928E-4	1.3692654674944258E-6	5.242683096262441E-7
GOTERM_BP_FAT	GO:0009056~catabolic process	24	36.92307692307693	4.771893616683812E-7	Q9NRD8, O96017, P29474, O75469, O15111, P10415, P04637, P31749, P03956, P35228, P14780, Q04206, P08684, P09488, Q14790, P05164, P08253, P00533, Q16236, P08254, P42574, P05177, P09601, O14920	65	2257	19104	3.125292253161106	0.0017183128769528988	5.510619455420441E-6	4.135641134459304E-6
GOTERM_BP_FAT	GO:0090068~positive regulation of cell cycle process	10	15.384615384615385	5.310324594185992E-7	P01583, O96017, P24385, O15392, P31749, P00533, P01344, P01584, P01375, P06400	65	292	19104	10.065331928345628	0.0019120112651592747	6.112811345959146E-6	4.587577540791989E-6
GOTERM_BP_FAT	GO:0030522~intracellular receptor signaling pathway	9	13.846153846153847	5.423017444644446E-7	P37231, P35869, O75469, Q07869, Q04206, P04150, O14920, P25963, P01375	65	213	19104	12.418634886240522	0.0019525473117030234	6.222653456386605E-6	4.670012474623753E-6
KEGG_PATHWAY	hsa04115:p53 signaling pathway	8	12.307692307692308	5.457031211958059E-7	O96017, P24385, P10415, P04637, Q07812, Q14790, P38936, P42574	63	75	9375	15.873015873015872	1.2059315076284882E-4	1.5531550372496014E-6	5.946764782261987E-7
GOTERM_BP_FAT	GO:0045834~positive regulation of lipid metabolic process	8	12.307692307692308	5.688514333248291E-7	P37231, Q07869, P28482, P31749, P01579, P35354, P01584, P01375	65	146	19104	16.104531085353006	0.002048041044745097	6.506576870696379E-6	4.883092938762977E-6
GOTERM_BP_FAT	GO:0045786~negative regulation of cell cycle	11	16.923076923076923	5.926618103257689E-7	O96017, P24385, O15392, P10415, P04637, P38936, P42574, P13500, P22301, P01375, P06400	65	387	19104	8.353965414430531	0.00213367427121558	6.757469944948561E-6	5.0713846048129084E-6
GOTERM_BP_FAT	GO:0070661~leukocyte proliferation	8	12.307692307692308	5.957333785210345E-7	P10415, P04626, P04637, Q07812, P01106, P60568, P29965, P22301	65	147	19104	15.99497645211931	0.002144720528881705	6.771064235997751E-6	5.0815869259333664E-6
KEGG_PATHWAY	hsa05214:Glioma	8	12.307692307692308	5.979745399053222E-7	P24385, P04637, P28482, Q07812, P31749, P38936, P00533, P06400	63	76	9375	15.664160401002505	1.3214368108083185E-4	1.68038415011369E-6	6.433903277462327E-7
GOTERM_BP_FAT	GO:0042113~B cell activation	9	13.846153846153847	6.028879511796765E-7	P10415, P04637, Q07812, P19320, Q14790, P05231, P05112, P29965, P22301	65	216	19104	12.246153846153847	0.002170449990845813	6.81818109372991E-6	5.116947454189751E-6
GOTERM_BP_FAT	GO:0048568~embryonic organ development	12	18.461538461538463	6.036635495142495E-7	P35968, P04637, P28482, P31749, P01106, Q14790, Q16665, P00533, P01344, P22301, P01375, P10145	65	489	19104	7.212458706937235	0.002173239177767905	6.81818109372991E-6	5.116947454189751E-6
GOTERM_BP_FAT	GO:0010817~regulation of hormone levels	13	20.0	6.205947599169282E-7	Q9NRD8, O15392, P09917, P35228, P37231, P08684, P04150, P01579, P05231, Q16665, P05177, P01584, P01375	65	601	19104	6.357404326123128	0.0022341248285644433	6.987509124939664E-6	5.244025721298043E-6
GOTERM_BP_FAT	GO:0071456~cellular response to hypoxia	8	12.307692307692308	6.23674967923058E-7	P37231, P24385, P10415, P04637, P01106, Q16665, Q16236, P35354	65	148	19104	15.886902286902288	0.002245201042352374	7.000314359584977E-6	5.253635866865883E-6
GOTERM_BP_FAT	GO:0051223~regulation of protein transport	12	18.461538461538463	6.284232279331131E-7	P01583, P37231, O15392, P09917, P31749, P01579, P05231, Q16665, P35228, P25963, P01584, P01375	65	491	19104	7.183080056399812	0.002262275214497955	7.03170462808387E-6	5.2771938146929744E-6
GOTERM_BP_FAT	GO:0001892~embryonic placenta development	7	10.76923076923077	6.333736420149249E-7	P28482, P31749, Q14790, Q16665, P00533, P01344, P22301	65	92	19104	22.36254180602007	0.0022800759973594653	7.065155517584441E-6	5.30229822912804E-6
GOTERM_BP_FAT	GO:0045471~response to ethanol	8	12.307692307692308	6.527096184670191E-7	P24385, Q07869, P19320, Q14790, P09211, P42574, P60568, P01375	65	149	19104	15.780278781621066	0.0023496015874518994	7.258112888378379E-6	5.44710997784489E-6
GOTERM_BP_FAT	GO:0002902~regulation of B cell apoptotic process	5	7.6923076923076925	6.567151822401754E-7	P10415, Q07812, P01106, P60568, P22301	65	21	19104	69.97802197802199	0.0023640036257817076	7.258112888378379E-6	5.44710997784489E-6
GOTERM_BP_FAT	GO:0070230~positive regulation of lymphocyte apoptotic process	5	7.6923076923076925	6.567151822401754E-7	P04637, Q07812, P01106, P05362, P22301	65	21	19104	69.97802197802199	0.0023640036257817076	7.258112888378379E-6	5.44710997784489E-6
GOTERM_BP_FAT	GO:0050708~regulation of protein secretion	10	15.384615384615385	6.655090087046399E-7	P01583, P37231, O15392, P09917, P01579, P05231, Q16665, P35228, P01584, P01375	65	300	19104	9.796923076923079	0.0023956211739123434	7.332810270222684E-6	5.5031692952212435E-6
GOTERM_BP_FAT	GO:0032880~regulation of protein localization	16	24.615384615384617	6.95318272588394E-7	P01583, O15392, P09917, P10415, P04626, P31749, P35228, P37231, P01579, P00533, P05231, Q16665, P42574, P25963, P01584, P01375	65	991	19104	4.745230148257394	0.00250279070945969	7.637901634560926E-6	5.732136003289688E-6
GOTERM_BP_FAT	GO:0010573~vascular endothelial growth factor production	4	6.153846153846154	7.120549204022372E-7	P05231, Q16665, P01584, P01375	65	6	19104	195.93846153846155	0.0025629568501086553	7.797718584031901E-6	5.852076339501044E-6
GOTERM_BP_FAT	GO:0051384~response to glucocorticoid	8	12.307692307692308	7.141957071136629E-7	P24385, P10415, P04150, P05231, P09211, P42574, P22301, P01375	65	151	19104	15.571268466632704	0.0025706524472027814	7.797718584031901E-6	5.852076339501044E-6
GOTERM_BP_FAT	GO:0002673~regulation of acute inflammatory response	6	9.230769230769232	7.506421986594276E-7	P37231, P05231, P09211, P35354, P01584, P01375	65	51	19104	34.577375565610865	0.002701659430901171	8.170887739486156E-6	6.1321344567223325E-6
GOTERM_BP_FAT	GO:0045892~negative regulation of DNA-templated transcription	19	29.230769230769234	7.716990495031283E-7	P35869, P24385, O15392, O75469, P04637, P37231, P42224, Q07869, Q04206, P04150, P01106, P01579, P09211, Q16665, P05112, P01344, P25963, P06400, P01375	65	1449	19104	3.8538620799490366	0.0027773404816082703	8.374794202890878E-6	6.285163342941141E-6
GOTERM_BP_FAT	GO:0030595~leukocyte chemotaxis	8	12.307692307692308	7.804748925436682E-7	P09917, P02778, P08253, P05231, P13500, P01584, P22301, P10145	65	153	19104	15.367722473604827	0.0028088803031627307	8.444597711215724E-6	6.337549878192429E-6
GOTERM_BP_FAT	GO:1902679~negative regulation of RNA biosynthetic process	19	29.230769230769234	8.445666110203829E-7	P35869, P24385, O15392, O75469, P04637, P37231, P42224, Q07869, Q04206, P04150, P01106, P01579, P09211, Q16665, P05112, P01344, P25963, P06400, P01375	65	1458	19104	3.8300728078505855	0.0030391916297121124	9.110699100318682E-6	6.837449449697951E-6
GOTERM_BP_FAT	GO:0048145~regulation of fibroblast proliferation	7	10.76923076923077	8.6637642267123E-7	P37231, P04637, Q07812, P01106, P38936, P00533, P09211	65	97	19104	21.20983346550357	0.0031175522902765485	9.290340032394173E-6	6.972267401497041E-6
GOTERM_BP_FAT	GO:1904705~regulation of vascular associated smooth muscle cell proliferation	7	10.76923076923077	8.6637642267123E-7	P37231, P14780, P08253, P38936, P09211, P22301, P01375	65	97	19104	21.20983346550357	0.0031175522902765485	9.290340032394173E-6	6.972267401497041E-6
GOTERM_BP_FAT	GO:0002831~regulation of response to biotic stimulus	13	20.0	8.763609418402769E-7	P35869, O15111, P31749, P37231, P42224, Q04206, Q14790, P00533, Q16236, O14920, P25963, P01584, P01375	65	621	19104	6.152657004830918	0.0031534237003191246	9.369520692731505E-6	7.031691355300026E-6
GOTERM_BP_FAT	GO:0001101~response to acid chemical	8	12.307692307692308	8.895327375719378E-7	O15111, P08253, P00533, P09211, P08254, Q16236, P42574, P01375	65	156	19104	15.072189349112426	0.003200744074197459	9.48220844222394E-6	7.116261900575502E-6
GOTERM_BP_FAT	GO:0060326~cell chemotaxis	9	13.846153846153847	9.067298663881823E-7	P09917, P19320, P02778, P08253, P05231, P13500, P01584, P22301, P10145	65	228	19104	11.601619433198382	0.0032625222903504003	9.637013889665549E-6	7.232441176146445E-6
GOTERM_BP_FAT	GO:0055123~digestive system development	8	12.307692307692308	9.286115772331873E-7	P10415, Q16665, P00533, Q16236, P01344, P01375, P06400, P10145	65	157	19104	14.976188143067125	0.0033411236607534534	9.840551508150511E-6	7.385193249525113E-6
GOTERM_BP_FAT	GO:0050920~regulation of chemotaxis	9	13.846153846153847	9.370968347790781E-7	P35968, P08581, P28482, P02778, P05231, P09211, P13500, P10145	65	229	19104	11.55095733960363	0.003371601917112055	9.901348667768383E-6	7.4308206488053585E-6
GOTERM_MF_FAT	GO:0019902~phosphatase binding	9	13.846153846153847	9.46236931619039E-7	P37231, P42224, P08581, P10415, Q07869, P04637, P28482, P00533	65	208	17305	11.519600591715976	4.285536774376597E-4	2.143226650117123E-5	1.7032264769142702E-5
GOTERM_BP_FAT	GO:0010888~negative regulation of lipid storage	5	7.6923076923076925	9.667590651160196E-7	P37231, Q07869, P05231, P25963, P01375	65	23	19104	63.89297658862877	0.003478138568764888	1.0180008457017509E-5	7.639950837572951E-6
GOTERM_BP_FAT	GO:0050921~positive regulation of chemotaxis	8	12.307692307692308	9.691209827246755E-7	P35968, P08581, P28482, P02778, P05231, P13500, P10145	65	158	19104	14.881402142161637	0.0034866212845876543	1.0180008457017509E-5	7.639950837572951E-6
GOTERM_BP_FAT	GO:0002366~leukocyte activation involved in immune response	9	13.846153846153847	1.0004447215119642E-6	P04637, P01579, P05362, P05231, P60568, P29965, P01584, P22301, P01375	65	231	19104	11.45094905094905	0.003599112193072407	1.0478495150022114E-5	7.863960834210322E-6
GOTERM_BP_FAT	GO:0032868~response to insulin	9	13.846153846153847	1.0674144263878125E-6	P37231, P42224, Q07869, P28482, P31749, P09211, P01344, P22301, P06400	65	233	19104	11.352657642786399	0.0038395735607639203	1.1147519357319676E-5	8.366053938993174E-6
GOTERM_BP_FAT	GO:0002263~cell activation involved in immune response	9	13.846153846153847	1.1381750123608116E-6	P04637, P01579, P05362, P05231, P60568, P29965, P01584, P22301, P01375	65	235	19104	11.256039279869068	0.004093583429841896	1.1852151935075157E-5	8.894870616831315E-6
GOTERM_BP_FAT	GO:0070498~interleukin-1-mediated signaling pathway	5	7.6923076923076925	1.1571988539934008E-6	P01583, Q04206, O14920, P25963, P01584	65	24	19104	61.23076923076923	0.004161862428721186	1.2015525852847903E-5	9.017480406911111E-6
KEGG_PATHWAY	hsa05170:Human immunodeficiency virus 1 infection	11	16.923076923076923	1.1871856522538768E-6	O15111, P10415, Q04206, P28482, Q07812, P31749, Q14790, P42574, O14920, P25963, P01375	63	214	9375	7.649087672452159	2.6233376936024566E-4	3.294440185004508E-6	1.261384755519744E-6
GOTERM_BP_FAT	GO:0010332~response to gamma radiation	6	9.230769230769232	1.2050142031573534E-6	O96017, P10415, P04637, Q07812, P02778, P38936	65	56	19104	31.490109890109895	0.0043334571651880704	1.2476052224068806E-5	9.363098865912308E-6
GOTERM_BP_FAT	GO:0022612~gland morphogenesis	7	10.76923076923077	1.2341729523209572E-6	Q9NRD8, P10415, Q07812, P04150, P08253, P00533, P01375	65	103	19104	19.974309185959672	0.004438084531921405	1.2741332800035557E-5	9.562188146349192E-6
GOTERM_BP_FAT	GO:0043123~positive regulation of canonical NF-kappaB signal transduction	9	13.846153846153847	1.2917756141665924E-6	P01583, O15111, Q04206, Q14790, P09601, O14920, P29965, P01584, P01375	65	239	19104	11.067653685226908	0.004644741988172552	1.3297907250977806E-5	9.979889316304189E-6
GOTERM_BP_FAT	GO:0032755~positive regulation of interleukin-6 production	7	10.76923076923077	1.3063285818887075E-6	P01583, Q04206, P01579, P05231, P35228, P01584, P01375	65	104	19104	19.78224852071006	0.0046969459710298755	1.340940706707981E-5	1.0063568334550042E-5
GOTERM_BP_FAT	GO:0007399~nervous system development	24	36.92307692307693	1.3688732123113256E-6	P31645, Q9NRD8, P24385, P10415, P04626, P04637, P28482, P31749, P19320, P13500, P08581, Q07812, P04150, P01579, P08253, P00533, P09211, P05231, Q16665, P42574, P01584, P06400, P01375	65	2395	19104	2.945212783041593	0.004921273092912237	1.4011506204425303E-5	1.0515435130937001E-5
GOTERM_BP_FAT	GO:1904035~regulation of epithelial cell apoptotic process	6	9.230769230769232	1.438071207735274E-6	P10415, Q07869, Q07812, P05231, P09601, P06400	65	58	19104	30.404244031830242	0.005169404760521523	1.4636640004153086E-5	1.0984589112192602E-5
GOTERM_BP_FAT	GO:0031100~animal organ regeneration	6	9.230769230769232	1.438071207735274E-6	P37231, P24385, P05231, P09211, P22301, P01375	65	58	19104	30.404244031830242	0.005169404760521523	1.4636640004153086E-5	1.0984589112192602E-5
GOTERM_BP_FAT	GO:0046889~positive regulation of lipid biosynthetic process	7	10.76923076923077	1.4610017040924751E-6	Q07869, P28482, P31749, P01579, P35354, P01584, P01375	65	106	19104	19.40899854862119	0.005251615783804731	1.4803909972261499E-5	1.1110122832360559E-5
GOTERM_BP_FAT	GO:0045637~regulation of myeloid cell differentiation	9	13.846153846153847	1.462723272307825E-6	P42224, P01106, P01579, Q14790, Q16665, P05112, P25963, P01375, P06400	65	243	19104	10.885470085470086	0.005257787721732354	1.4803909972261499E-5	1.1110122832360559E-5
GOTERM_BP_FAT	GO:0002253~activation of immune response	11	16.923076923076923	1.506180158295848E-6	O15111, P10415, Q04206, P28482, Q07812, P31749, P01579, O14920, P35228, P25963, P01375	65	429	19104	7.536094674556214	0.0054135709030184165	1.5143754722966962E-5	1.1365171460145065E-5
GOTERM_BP_FAT	GO:0034599~cellular response to oxidative stress	9	13.846153846153847	1.5083535995318325E-6	P29474, Q04206, P04637, P05164, P08253, P05231, Q16665, P08254, Q16236	65	244	19104	10.840857503152586	0.005421361561803173	1.5143754722966962E-5	1.1365171460145065E-5
GOTERM_BP_FAT	GO:0003013~circulatory system process	12	18.461538461538463	1.5089114475562419E-6	P31645, P37231, P42224, Q9UNQ0, P29474, Q07869, P23219, P02778, P08253, P35354, P35228, P01375	65	537	19104	6.567769660507091	0.005423361147404271	1.5143754722966962E-5	1.1365171460145065E-5
GOTERM_BP_FAT	GO:0002768~immune response-regulating cell surface receptor signaling pathway	10	15.384615384615385	1.5421772327815283E-6	O15111, P10415, Q04206, P28482, Q07812, P31749, P01579, O14920, P35228, P25963	65	332	19104	8.852641334569045	0.005542593865582313	1.543462380475513E-5	1.1583464548447924E-5
GOTERM_BP_FAT	GO:0002685~regulation of leukocyte migration	9	13.846153846153847	1.6525992289419549E-6	P28482, P31749, P02778, P05362, P05231, P09601, P13500, P01375, P10145	65	247	19104	10.709187169106198	0.00593827089887522	1.6493947429024553E-5	1.2378471786867164E-5
GOTERM_BP_FAT	GO:1904645~response to amyloid-beta	6	9.230769230769232	1.705265221905738E-6	P14780, P19320, P05362, P08253, P08254, P01375	65	60	19104	29.39076923076923	0.006126934416188279	1.6972570703111528E-5	1.2737671712798661E-5
GOTERM_BP_FAT	GO:0031960~response to corticosteroid	8	12.307692307692308	1.8488177835453764E-6	P24385, P10415, P04150, P05231, P09211, P42574, P22301, P01375	65	174	19104	13.512997347480107	0.006640995920163539	1.8350662463123944E-5	1.3771909880734703E-5
GOTERM_BP_FAT	GO:0010574~regulation of vascular endothelial growth factor production	6	9.230769230769232	2.010089754308106E-6	P01583, Q04206, P05231, Q16665, P35354, P01584	65	62	19104	28.44267990074442	0.007218193552236629	1.98965752328904E-5	1.493209531771736E-5
GOTERM_BP_FAT	GO:0009896~positive regulation of catabolic process	13	20.0	2.0294013929087E-6	P35968, P31749, Q07869, Q07812, P01579, Q16236, P05231, Q16665, P42574, P09601, P05112, P01584, P01375	65	673	19104	5.677265973254086	0.007287288052791108	2.003269374972615E-5	1.5034250318972942E-5
GOTERM_BP_FAT	GO:0045934~negative regulation of nucleobase-containing compound metabolic process	20	30.76923076923077	2.0975867524932195E-6	P35869, P24385, O15392, O75469, P04637, P38936, P37231, P42224, Q07869, Q04206, P04150, P01106, P01579, P09211, Q16665, P05112, P01344, P25963, P06400, P01375	65	1722	19104	3.4135620477083894	0.007531207841962928	2.064919417823243E-5	1.5496925078529142E-5
GOTERM_CC_FAT	GO:0005667~transcription regulator complex	12	18.461538461538463	2.1173161608125708E-6	P37231, P42224, P24385, P35869, O75469, Q07869, Q04206, P04637, P01106, Q16665, Q16236, P06400	59	543	16775	6.283359865155914	6.117178425862901E-4	6.119043704748329E-4	5.737926795802067E-4
GOTERM_BP_FAT	GO:0008015~blood circulation	11	16.923076923076923	2.134076919397102E-6	P31645, P37231, P42224, P29474, Q07869, P23219, P02778, P08253, P35354, P35228, P01375	65	446	19104	7.248844429113488	0.007661719664167288	2.095116932040261E-5	1.5723553106402627E-5
GOTERM_BP_FAT	GO:0000122~negative regulation of transcription by RNA polymerase II	16	24.615384615384617	2.183624249409529E-6	P24385, O75469, P04637, P37231, P42224, Q07869, Q04206, P04150, P01106, P01579, P09211, P05112, P01344, P25963, P06400, P01375	65	1086	19104	4.330131746706332	0.007838904661375157	2.1379342854952535E-5	1.604489122392219E-5
GOTERM_BP_FAT	GO:0002764~immune response-regulating signaling pathway	11	16.923076923076923	2.2211620221438568E-6	O15111, P10415, Q04206, P28482, Q07812, P31749, P01579, O14920, P35228, P25963, P01375	65	448	19104	7.2164835164835175	0.007973121515925441	2.168793161459164E-5	1.6276482677173412E-5
GOTERM_BP_FAT	GO:0032675~regulation of interleukin-6 production	8	12.307692307692308	2.232751513487014E-6	P01583, Q04206, P01579, P05231, P35228, P01584, P22301, P01375	65	179	19104	13.135539321014182	0.00801455624380687	2.1742172170523545E-5	1.63171894391051E-5
GOTERM_MF_FAT	GO:0140297~DNA-binding transcription factor binding	12	18.461538461538463	2.2798175519068157E-6	P37231, P35869, O75469, P10415, Q07869, Q04206, P04637, P01106, Q16665, Q16236, P25963, P06400	65	508	17305	6.288915808600849	0.001032225416692678	4.9178921476847025E-5	3.908258660411684E-5
GOTERM_BP_FAT	GO:0001568~blood vessel development	12	18.461538461538463	2.304100484415706E-6	P35869, P35968, P29474, P28482, Q07812, P31749, Q14790, P08253, Q16665, P09601, P13500, P10145	65	561	19104	6.286795557383793	0.008269604843915257	2.2376479906603207E-5	1.67932283284638E-5
KEGG_PATHWAY	hsa04068:FoxO signaling pathway	9	13.846153846153847	2.3593932145294476E-6	P24385, O15111, P28482, P31749, P05231, P38936, P00533, O14920, P22301	63	133	9375	10.069817400644467	5.212905963667414E-4	6.466485106488116E-6	2.475906459691396E-6
GOTERM_BP_FAT	GO:1902894~negative regulation of miRNA transcription	5	7.6923076923076925	2.554251132862601E-6	P37231, Q07869, Q04206, Q16665, P01375	65	29	19104	50.6737400530504	0.009163291638856874	2.4739158149741805E-5	1.8566384578657184E-5
GOTERM_BP_FAT	GO:0051402~neuron apoptotic process	7	10.76923076923077	2.7352785361142744E-6	P10415, P04637, Q07812, Q16665, P42574, P01375, P06400	65	118	19104	17.435202086049543	0.009809526937186952	2.642147068530759E-5	1.9828936090222515E-5
GOTERM_MF_FAT	GO:0019207~kinase regulator activity	10	15.384615384615385	2.748808415339224E-6	P24385, P31749, P02778, P38936, P00533, P09211, P42574, P01344, P60568, P29965	65	323	17305	8.24243867587521	0.0012444369688975332	5.6600464188575836E-5	4.498050134191457E-5
GOTERM_BP_FAT	GO:0010038~response to metal ion	10	15.384615384615385	2.7983130415434044E-6	P01583, P24385, P10415, P19320, Q14790, Q16665, Q16236, P42574, P05177, P09601	65	357	19104	8.232708468002585	0.010034449874787743	2.695807991625905E-5	2.0231653647950175E-5
GOTERM_BP_FAT	GO:0042176~regulation of protein catabolic process	11	16.923076923076923	2.9223955769031656E-6	P11926, O96017, Q04206, P31749, P01579, P00533, Q16236, P35228, P01584, P22301, P01375	65	462	19104	6.997802197802198	0.010477058284732	2.8078376702885615E-5	2.107242037318976E-5
GOTERM_BP_FAT	GO:0051253~negative regulation of RNA metabolic process	19	29.230769230769234	2.965069493716261E-6	P35869, P24385, O15392, O75469, P04637, P37231, P42224, Q07869, Q04206, P04150, P01106, P01579, P09211, Q16665, P05112, P01344, P25963, P06400, P01375	65	1591	19104	3.509897016873761	0.010629232488748919	2.8412620707073642E-5	2.1323265720768006E-5
GOTERM_BP_FAT	GO:0032651~regulation of interleukin-1 beta production	7	10.76923076923077	3.016373997154485E-6	Q04206, P01579, Q14790, P05231, P09211, P01584, P01375	65	120	19104	17.144615384615385	0.010812152194279445	2.88275743017178E-5	2.163468246234941E-5
GOTERM_BP_FAT	GO:0080135~regulation of cellular response to stress	12	18.461538461538463	3.122339801963543E-6	O96017, P09917, P10415, P04637, P28482, Q07812, P31749, P01106, P00533, P09211, Q16236, P35354	65	579	19104	6.091351135910722	0.011189852818253687	2.9761350017128693E-5	2.233546778970746E-5
GOTERM_BP_FAT	GO:2001243~negative regulation of intrinsic apoptotic signaling pathway	7	10.76923076923077	3.165498404170318E-6	P14780, P10415, P31749, Q16665, Q16236, P35354, P22301	65	121	19104	17.002924348378894	0.011343644433282507	3.00931154359516E-5	2.2584452994397204E-5
GOTERM_BP_FAT	GO:0001676~long-chain fatty acid metabolic process	7	10.76923076923077	3.3205753185618887E-6	P09917, P23219, P08684, P09488, P09211, P35354, P05177	65	122	19104	16.863556116015136	0.011896049110124762	3.148429703362759E-5	2.3628514898398283E-5
KEGG_PATHWAY	hsa04060:Cytokine-cytokine receptor interaction	12	18.461538461538463	3.3337614058244966E-6	P01583, P01579, P02778, P05231, P13500, P05112, P60568, P29965, P01584, P22301, P01375, P10145	63	298	9375	5.992329817833173	7.36491155935104E-4	9.02554917186632E-6	3.455728286525393E-6
GOTERM_BP_FAT	GO:2000629~negative regulation of miRNA metabolic process	5	7.6923076923076925	3.366877531107003E-6	P37231, Q07869, Q04206, Q16665, P01375	65	31	19104	47.4044665012407	0.012060923946854096	3.175617734182862E-5	2.3832557183542765E-5
GOTERM_BP_FAT	GO:0070231~T cell apoptotic process	5	7.6923076923076925	3.366877531107003E-6	O96017, P10415, P04637, Q07812, P31749	65	31	19104	47.4044665012407	0.012060923946854096	3.175617734182862E-5	2.3832557183542765E-5
GOTERM_BP_FAT	GO:0002703~regulation of leukocyte mediated immunity	9	13.846153846153847	3.6688329260341894E-6	P35869, P05362, P05231, P35228, P05112, P60568, P01584, P22301, P01375	65	275	19104	9.618797202797204	0.013135464913784145	3.443114335537536E-5	2.5840080941697186E-5
GOTERM_BP_FAT	GO:1905952~regulation of lipid localization	8	12.307692307692308	3.678300309750829E-6	P37231, Q07869, P31749, P05164, P05231, P25963, P01584, P01375	65	193	19104	12.182702271821444	0.013169136726131736	3.443114335537536E-5	2.5840080941697186E-5
GOTERM_BP_FAT	GO:0001944~vasculature development	12	18.461538461538463	3.6791535364472697E-6	P35869, P35968, P29474, P28482, Q07812, P31749, Q14790, P08253, Q16665, P09601, P13500, P10145	65	589	19104	5.9879326106830355	0.01317217126621939	3.443114335537536E-5	2.5840080941697186E-5
GOTERM_BP_FAT	GO:0043436~oxoacid metabolic process	14	21.53846153846154	3.7594626266554234E-6	P11926, P29474, P09917, P35354, P35228, P37231, P23219, Q07869, P08684, P09488, P05164, P09211, Q16665, P05177	65	847	19104	4.857978385251113	0.01345775248515646	3.509156436227847E-5	2.633571746755509E-5
GOTERM_BP_FAT	GO:0050796~regulation of insulin secretion	8	12.307692307692308	3.937418259168739E-6	O15392, P09917, P01579, P05231, Q16665, P35228, P01584, P01375	65	195	19104	12.05775147928994	0.014090273005453957	3.656319069016744E-5	2.7440151991732658E-5
GOTERM_BP_FAT	GO:0097193~intrinsic apoptotic signaling pathway	8	12.307692307692308	3.937418259168739E-6	O96017, P10415, P04637, Q07812, P01106, P38936, P42574, P01375	65	195	19104	12.05775147928994	0.014090273005453957	3.656319069016744E-5	2.7440151991732658E-5
GOTERM_BP_FAT	GO:0043408~regulation of MAPK cascade	13	20.0	3.954676145141085E-6	P01583, P35968, P04626, P28482, P37231, P01106, P05362, P00533, P09211, P05231, P01344, P01584, P01375	65	718	19104	5.321448467966574	0.014151592382587674	3.662904408982861E-5	2.74895740268933E-5
GOTERM_BP_FAT	GO:2000045~regulation of G1/S transition of mitotic cell cycle	8	12.307692307692308	4.211588441220596E-6	P24385, P10415, P04637, P31749, P38936, P00533, P13500, P06400	65	197	19104	11.935337758688012	0.015063982433556	3.887965282804804E-5	2.9178623715526483E-5
GOTERM_BP_FAT	GO:0006082~organic acid metabolic process	14	21.53846153846154	4.219246254722949E-6	P11926, P29474, P09917, P35354, P35228, P37231, P23219, Q07869, P08684, P09488, P05164, P09211, Q16665, P05177	65	856	19104	4.8069015097052485	0.015091165185636357	3.887965282804804E-5	2.9178623715526483E-5
GOTERM_BP_FAT	GO:1905953~negative regulation of lipid localization	6	9.230769230769232	4.235806120166222E-6	P37231, Q07869, P31749, P05231, P25963, P01375	65	72	19104	24.492307692307694	0.01514994476803666	3.893267717081351E-5	2.921841772686088E-5
GOTERM_BP_FAT	GO:0060341~regulation of cellular localization	12	18.461538461538463	4.321273388036718E-6	O15392, P10415, P04626, P28482, Q07812, P31749, P01579, Q16665, P00533, P25963, P01584, P01375	65	599	19104	5.887967124695004	0.01545325683579557	3.9617170526962583E-5	2.9732120206746276E-5
KEGG_PATHWAY	hsa04062:Chemokine signaling pathway	10	15.384615384615385	4.3584831727674654E-6	P42224, O15111, Q04206, P28482, P31749, P02778, O14920, P13500, P25963, P10145	63	193	9375	7.71033802121885	9.627631261988068E-4	1.1657629691016594E-5	4.463506863677525E-6
GOTERM_BP_FAT	GO:2000108~positive regulation of leukocyte apoptotic process	5	7.6923076923076925	4.925158634742434E-6	P04637, Q07812, P01106, P05362, P22301	65	34	19104	43.22171945701358	0.017593706570040668	4.503895066237815E-5	3.380108870137955E-5
GOTERM_BP_FAT	GO:0030879~mammary gland development	7	10.76923076923077	5.015172404796135E-6	P24385, Q07869, P28482, Q07812, P31749, P04150, Q16665	65	131	19104	15.704991192014093	0.017912358523780147	4.574599031514044E-5	3.4331711854604424E-5
GOTERM_BP_FAT	GO:2000134~negative regulation of G1/S transition of mitotic cell cycle	6	9.230769230769232	5.1849495158923105E-6	P24385, P10415, P04637, P38936, P13500, P06400	65	75	19104	23.512615384615387	0.01851309433390802	4.717518461050503E-5	3.5404301744880827E-5
KEGG_PATHWAY	hsa05330:Allograft rejection	6	9.230769230769232	5.20024902300306E-6	P01579, P05112, P60568, P29965, P22301, P01375	63	39	9375	22.893772893772894	0.001148597878204205	1.3743515275079515E-5	5.262156749467382E-6
GOTERM_BP_FAT	GO:0032722~positive regulation of chemokine production	6	9.230769230769232	5.535829871377569E-6	P01579, P05231, Q16665, P09601, P01584, P01375	65	76	19104	23.203238866396763	0.019753478185543405	5.024079351781708E-5	3.770499741109559E-5
GOTERM_BP_FAT	GO:0046883~regulation of hormone secretion	9	13.846153846153847	5.704485841920523E-6	P37231, O15392, P09917, P01579, P05231, Q16665, P35228, P01584, P01375	65	292	19104	9.058798735511065	0.020349129725871107	5.160978387422521E-5	3.8732405105718835E-5
GOTERM_MF_FAT	GO:0044877~protein-containing complex binding	18	27.692307692307693	5.7083525167862045E-6	P31645, P35968, P24385, O15111, P31749, P19320, P38936, P14780, Q07869, P01106, Q14790, P05164, P05362, P00533, P42574, P01344, P29965, P01584	65	1356	17305	3.534036759700477	0.0025825505344269084	1.124297256567022E-4	8.934812634969712E-5
GOTERM_BP_FAT	GO:0034614~cellular response to reactive oxygen species	7	10.76923076923077	5.7153216113838074E-6	P29474, Q04206, P05164, P08253, P05231, P08254, Q16236	65	134	19104	15.353386911595868	0.020387386634075466	5.160978387422521E-5	3.8732405105718835E-5
GOTERM_BP_FAT	GO:0071492~cellular response to UV-A	4	6.153846153846154	5.80447921507599E-6	P14780, P03956, P08253, P08254	65	11	19104	106.87552447552447	0.02070211092671348	5.226017655120243E-5	3.922051551330873E-5
GOTERM_BP_FAT	GO:0002683~negative regulation of immune system process	12	18.461538461538463	5.816356035812426E-6	P37231, P35869, P04626, P31749, P01106, P42574, P09601, P13500, P05112, P60568, P22301, P01375	65	618	19104	5.706945481702763	0.020744028200689768	5.226017655120243E-5	3.922051551330873E-5
GOTERM_BP_FAT	GO:0006633~fatty acid biosynthetic process	7	10.76923076923077	5.965602601851132E-6	P09917, P23219, P08684, P09488, P09211, P35354, P05177	65	135	19104	15.23965811965812	0.02127061639830563	5.3467826304650817E-5	4.012683939155587E-5
GOTERM_BP_FAT	GO:0002009~morphogenesis of an epithelium	11	16.923076923076923	5.983212365464469E-6	P35968, P08581, P10415, P04150, P01106, P08253, Q16665, P00533, P42574, P22301	65	501	19104	6.453063104560111	0.02133273043433148	5.3492590949797725E-5	4.01454249037616E-5
GOTERM_BP_FAT	GO:0071375~cellular response to peptide hormone stimulus	9	13.846153846153847	6.1482085696659796E-6	P37231, P42224, Q04206, P28482, P31749, P09211, Q16236, P01344, P06400	65	295	19104	8.966675358539765	0.02191452185658538	5.48316719715508E-5	4.1150386070239624E-5
KEGG_PATHWAY	hsa04920:Adipocytokine signaling pathway	7	10.76923076923077	6.1639621266004505E-6	O15111, Q07869, Q04206, P31749, O14920, P25963, P01375	63	70	9375	14.88095238095238	0.0013613124008802213	1.6098818730650588E-5	6.1639621266004505E-6
GOTERM_BP_FAT	GO:0001959~regulation of cytokine-mediated signaling pathway	8	12.307692307692308	6.212802391846239E-6	P01583, P37231, Q14790, P05231, Q16665, P09211, O14920, P01584	65	209	19104	11.250055207949947	0.022142191281533052	5.496972661405401E-5	4.125399410613435E-5
GOTERM_BP_FAT	GO:0097192~extrinsic apoptotic signaling pathway in absence of ligand	5	7.6923076923076925	6.22440265295552E-6	P01583, P10415, Q07812, P60568, P01584	65	36	19104	40.820512820512825	0.022183072315996588	5.496972661405401E-5	4.125399410613435E-5
GOTERM_BP_FAT	GO:0010743~regulation of macrophage derived foam cell differentiation	5	7.6923076923076925	6.22440265295552E-6	P37231, Q07869, P25963, P01584, P01375	65	36	19104	40.820512820512825	0.022183072315996588	5.496972661405401E-5	4.125399410613435E-5
GOTERM_BP_FAT	GO:0021782~glial cell development	7	10.76923076923077	6.224715087020271E-6	P04626, P28482, P31749, P01579, P09211, P01584, P01375	65	136	19104	15.127601809954752	0.02218417335623457	5.496972661405401E-5	4.125399410613435E-5
GOTERM_BP_FAT	GO:0048871~multicellular organismal-level homeostasis	13	20.0	6.254091697761997E-6	P01583, P35968, P29474, O75469, P10415, P31749, Q07812, P05231, Q16665, P42574, P09601, P01584, P06400	65	751	19104	5.0876165113182426	0.02228769311526002	5.50941134157371E-5	4.134734462285682E-5
GOTERM_MF_FAT	GO:0019900~kinase binding	14	21.53846153846154	6.301789140018902E-6	O96017, P24385, P04626, P04637, P31749, P38936, Q07869, Q04206, P04150, P00533, P09211, Q16665, O14920, P06400	65	805	17305	4.63010033444816	0.002850648638361597	1.1894627001785677E-4	9.452683710028352E-5
GOTERM_BP_FAT	GO:0019725~cellular homeostasis	13	20.0	6.425239563687802E-6	P01583, P29474, P10415, P13500, P35228, Q07812, P01106, P05362, P09211, Q16236, P05231, Q16665, P09601	65	753	19104	5.074103585657371	0.022890580465746435	5.646375158040768E-5	4.2375238488321505E-5
GOTERM_BP_FAT	GO:0048729~tissue morphogenesis	12	18.461538461538463	6.471674099026155E-6	P35968, P08581, P29474, P10415, P04150, P01106, P08253, Q16665, P00533, P42574, P22301	65	625	19104	5.643027692307693	0.023054087163488113	5.6733434984893524E-5	4.2577632028629495E-5
GOTERM_BP_FAT	GO:0098869~cellular oxidant detoxification	6	9.230769230769232	6.7012708909965535E-6	Q9NRD8, P29474, P23219, P05164, P09211, P35354	65	79	19104	22.322103213242457	0.023862148463131505	5.860358985500141E-5	4.398115652731718E-5
KEGG_PATHWAY	hsa04931:Insulin resistance	8	12.307692307692308	6.875368539739682E-6	P29474, Q07869, Q04206, P31749, P05231, O14920, P25963, P01375	63	109	9375	10.9217999126256	0.0015183078732859956	1.7748044370025693E-5	6.875368539739682E-6
GOTERM_BP_FAT	GO:0048147~negative regulation of fibroblast proliferation	5	7.6923076923076925	6.9613722769731805E-6	P37231, P04637, Q07812, P01106, P09211	65	37	19104	39.71725571725572	0.02477676285033248	6.073080947683867E-5	4.557760444778567E-5
KEGG_PATHWAY	hsa05010:Alzheimer disease	13	20.0	7.0485268227389935E-6	P01583, O15111, P28482, P31749, P35354, P35228, Q04206, Q14790, P05231, P42574, O14920, P01584, P01375	63	388	9375	4.985886107020127	0.001556517286171566	1.7985896030437433E-5	7.0485268227389935E-6
KEGG_PATHWAY	hsa05203:Viral carcinogenesis	10	15.384615384615385	7.131365968218996E-6	P24385, Q04206, P04637, P28482, Q07812, Q14790, P38936, P42574, P25963, P06400	63	205	9375	7.259001161440185	0.001574796203723805	1.7990491419825198E-5	7.131365968218996E-6
GOTERM_BP_FAT	GO:0048545~response to steroid hormone	9	13.846153846153847	7.298571755693646E-6	P24385, P10415, Q07869, P04150, P05231, P09211, P42574, P22301, P01375	65	302	19104	8.758838512480896	0.025961207982346357	6.3518729554986E-5	4.766989861689763E-5
GOTERM_MF_FAT	GO:0061629~RNA polymerase II-specific DNA-binding transcription factor binding	10	15.384615384615385	7.412767290983015E-6	P37231, P35869, O75469, Q07869, Q04206, P04637, Q16665, Q16236, P25963, P06400	65	365	17305	7.293993677555322	0.0033523642657681263	1.3431934331261224E-4	1.0674384899015542E-4
GOTERM_BP_FAT	GO:0046890~regulation of lipid biosynthetic process	8	12.307692307692308	7.477535703012221E-6	Q07869, P28482, P31749, P04150, P01579, P35354, P01584, P01375	65	215	19104	10.936100178890877	0.02658925150930258	6.49194244288025E-5	4.872110009866277E-5
GOTERM_BP_FAT	GO:0038034~signal transduction in absence of ligand	5	7.6923076923076925	7.76084491223364E-6	P01583, P10415, Q07812, P60568, P01584	65	38	19104	38.67206477732793	0.027582649370328505	6.689551248511437E-5	5.0204125939425266E-5
GOTERM_BP_FAT	GO:2001240~negative regulation of extrinsic apoptotic signaling pathway in absence of ligand	5	7.6923076923076925	7.76084491223364E-6	P01583, P10415, P31749, P01584, P01375	65	38	19104	38.67206477732793	0.027582649370328505	6.689551248511437E-5	5.0204125939425266E-5
GOTERM_BP_FAT	GO:1901099~negative regulation of signal transduction in absence of ligand	5	7.6923076923076925	7.76084491223364E-6	P01583, P10415, P31749, P01584, P01375	65	38	19104	38.67206477732793	0.027582649370328505	6.689551248511437E-5	5.0204125939425266E-5
GOTERM_BP_FAT	GO:0002637~regulation of immunoglobulin production	6	9.230769230769232	8.050630201112965E-6	P05231, P05112, P60568, P29965, P22301, P01375	65	82	19104	21.505440900562853	0.028597706490293473	6.922773416374704E-5	5.195442497329226E-5
GOTERM_BP_FAT	GO:0048565~digestive tract development	7	10.76923076923077	8.306119885663398E-6	P10415, Q16665, P00533, Q16236, P01375, P06400, P10145	65	143	19104	14.38708983324368	0.029491754614913823	7.1254642733441E-5	5.347559088293769E-5
GOTERM_BP_FAT	GO:1902807~negative regulation of cell cycle G1/S phase transition	6	9.230769230769232	8.544695360970227E-6	P24385, P10415, P04637, P38936, P13500, P06400	65	83	19104	21.246339202965707	0.03032587122878605	7.312716718664068E-5	5.488089371986578E-5
GOTERM_BP_FAT	GO:2000352~negative regulation of endothelial cell apoptotic process	5	7.6923076923076925	8.626112212666895E-6	P35968, P05362, Q16236, P05112, P22301	65	39	19104	37.680473372781066	0.03061035985530558	7.364901019487871E-5	5.527252943851015E-5
GOTERM_BP_FAT	GO:0051050~positive regulation of transport	14	21.53846153846154	8.783349860499272E-6	P01583, P31645, P31749, P13500, P37231, Q07812, P01579, P02778, P05164, Q16236, Q16665, P05112, P01584, P01375	65	916	19104	4.492038965401411	0.03115954708028501	7.481420696779877E-5	5.6146992961678566E-5
GOTERM_BP_FAT	GO:0010721~negative regulation of cell development	9	13.846153846153847	8.831457908723911E-6	P04626, P04637, P01106, P05231, P05112, P60568, P01584, P01375, P06400	65	310	19104	8.532803970223327	0.03132751291781033	7.504656331399116E-5	5.632137307827702E-5
GOTERM_BP_FAT	GO:0060759~regulation of response to cytokine stimulus	8	12.307692307692308	8.949376262799524E-6	P01583, P37231, Q14790, P05231, Q16665, P09211, O14920, P01584	65	221	19104	10.639192481726418	0.031739093366686344	7.586965335262751E-5	5.693909038731745E-5
GOTERM_BP_FAT	GO:0010638~positive regulation of organelle organization	11	16.923076923076923	9.315205715481025E-6	P01583, P14780, P35968, P04637, P28482, Q07812, P01106, P01344, P01584, P01375, P06400	65	527	19104	6.1346956648664435	0.03301486677161547	7.878564834008951E-5	5.912750294521289E-5
GOTERM_BP_FAT	GO:0001889~liver development	7	10.76923076923077	9.728297364059385E-6	P24385, P08581, Q04206, P05231, P22301, P01375	65	147	19104	13.995604395604396	0.03445343969473835	8.208678080259008E-5	6.160495567310673E-5
GOTERM_BP_FAT	GO:1902806~regulation of cell cycle G1/S phase transition	8	12.307692307692308	1.0352751731540004E-5	P24385, P10415, P04637, P31749, P38936, P00533, P13500, P06400	65	226	19104	10.403812117086453	0.03662401301726681	8.715178618864166E-5	6.540616981795368E-5
GOTERM_MF_FAT	GO:0019887~protein kinase regulator activity	9	13.846153846153847	1.0538297613565746E-5	P24385, P31749, P02778, P38936, P00533, P09211, P42574, P01344, P29965	65	288	17305	8.319711538461538	0.0047624971479214295	1.8360956995943398E-4	1.4591489003398727E-4
GOTERM_BP_FAT	GO:0022414~reproductive process	19	29.230769230769234	1.0558516591456027E-5	P01583, P31645, Q9NRD8, P35968, P24385, O15392, P29474, P10415, P31749, P35354, P14780, Q07812, P04150, Q14790, P08253, P42574, P01344, P01584, P06400	65	1742	19104	3.205652212311225	0.037338172695265515	8.867677221215865E-5	6.655065003099556E-5
KEGG_PATHWAY	hsa05332:Graft-versus-host disease	6	9.230769230769232	1.0704226455668556E-5	P01583, P01579, P05231, P60568, P01584, P01375	63	45	9375	19.841269841269842	0.0023628507709267943	2.670043003548786E-5	1.0704226455668556E-5
GOTERM_BP_FAT	GO:0061008~hepaticobiliary system development	7	10.76923076923077	1.0919395944780098E-5	P24385, P08581, Q04206, P05231, P22301, P01375	65	150	19104	13.71569230769231	0.03858941908342384	9.149438043963417E-5	6.866522473182647E-5
GOTERM_BP_FAT	GO:0090276~regulation of peptide hormone secretion	8	12.307692307692308	1.1279122985461555E-5	O15392, P09917, P01579, P05231, Q16665, P35228, P01584, P01375	65	229	19104	10.267517635203227	0.039835052041218955	9.428928101303476E-5	7.076275766284929E-5
GOTERM_BP_FAT	GO:0007417~central nervous system development	15	23.076923076923077	1.1668778636327294E-5	P31645, Q9NRD8, P10415, P04626, P04637, P28482, Q07812, P04150, P01579, P00533, P09211, Q16665, P42574, P01584, P01375	65	1090	19104	4.044601270289344	0.04118249900425697	9.732085515436862E-5	7.303791072367825E-5
GOTERM_BP_FAT	GO:0010001~glial cell differentiation	8	12.307692307692308	1.1934103199762974E-5	P04626, P28482, P31749, P04150, P01579, P09211, P01584, P01375	65	231	19104	10.17862137862138	0.04209892139120852	9.930386565530252E-5	7.452613176018264E-5
GOTERM_MF_FAT	GO:0016301~kinase activity	14	21.53846153846154	1.2347624668204301E-5	O96017, P35968, P24385, O15111, P04626, P28482, P31749, P38936, P13500, P00749, P08581, P00533, O14920	65	857	17305	4.349160757562158	0.005577893966233982	2.0678571945907797E-4	1.6433302208668452E-4
GOTERM_BP_FAT	GO:0050871~positive regulation of B cell activation	6	9.230769230769232	1.2703371008883283E-5	P10415, P05231, P38936, P05112, P60568, P22301	65	90	19104	19.593846153846158	0.04475100039676905	1.0546139572582136E-4	7.914727006456313E-5
GOTERM_MF_FAT	GO:0004672~protein kinase activity	12	18.461538461538463	1.2781457273408795E-5	O96017, P24385, P35968, P08581, O15111, P04626, P28482, P31749, P00533, O14920, P13500	65	609	17305	5.245926487305797	0.005773307187031396	2.0678571945907797E-4	1.6433302208668452E-4
GOTERM_BP_FAT	GO:0031663~lipopolysaccharide-mediated signaling pathway	5	7.6923076923076925	1.2813362510500694E-5	P29474, P28482, P31749, P25963, P01375	65	43	19104	34.17531305903399	0.045129599837660184	1.0612998879387127E-4	7.964903960550316E-5
GOTERM_CC_FAT	GO:0045121~membrane raft	9	13.846153846153847	1.2838403678514008E-5	P31645, P35968, Q9UNQ0, P29474, P28482, P05362, P00533, O14920, P01375	59	318	16775	8.046850015989767	0.003703447739121013	0.001294182119551931	0.001213575620756309
KEGG_PATHWAY	hsa04722:Neurotrophin signaling pathway	8	12.307692307692308	1.296965905893851E-5	P10415, Q04206, P04637, P28482, Q07812, P31749, O14920, P25963	63	120	9375	9.92063492063492	0.00286220928583536	3.1991825678714994E-5	1.296965905893851E-5
GOTERM_BP_FAT	GO:0002791~regulation of peptide secretion	8	12.307692307692308	1.2975497864116207E-5	O15392, P09917, P01579, P05231, Q16665, P35228, P01584, P01375	65	234	19104	10.048126232741618	0.04568740901371959	1.0722641927617132E-4	8.047189501048217E-5
GOTERM_BP_FAT	GO:0044772~mitotic cell cycle phase transition	7	10.76923076923077	1.3165160301930557E-5	O96017, P24385, O15392, P10415, P01106, P38936, P06400	65	155	19104	13.273250620347396	0.046339508739849045	1.0854478848479587E-4	8.146131225725452E-5
GOTERM_BP_FAT	GO:0002697~regulation of immune effector process	10	15.384615384615385	1.3267295346848629E-5	P35869, P05362, P05231, P35228, P05112, P60568, P29965, P01584, P22301, P01375	65	433	19104	6.787706519808137	0.04669048615245264	1.0913713501072058E-4	8.190585985817053E-5
GOTERM_CC_FAT	GO:0098857~membrane microdomain	9	13.846153846153847	1.3434416465937E-5	P31645, P35968, Q9UNQ0, P29474, P28482, P05362, P00533, O14920, P01375	59	320	16775	7.996557203389831	0.0038750449994887637	0.001294182119551931	0.001213575620756309
GOTERM_BP_FAT	GO:0001558~regulation of cell growth	10	15.384615384615385	1.351285500136919E-5	P37231, P10415, Q07869, P04626, P04637, P31749, P38936, P00533, P60568, P06400	65	434	19104	6.772066643034385	0.047533800279099814	1.1090391018208017E-4	8.323179937062025E-5
GOTERM_BP_FAT	GO:0090087~regulation of peptide transport	8	12.307692307692308	1.3710746501588632E-5	O15392, P09917, P01579, P05231, Q16665, P35228, P01584, P01375	65	236	19104	9.96297262059974	0.048212867152426564	1.1227231737550874E-4	8.425876940976286E-5
GOTERM_BP_FAT	GO:0060251~regulation of glial cell proliferation	5	7.6923076923076925	1.4059364326928744E-5	P04637, P05231, P01584, P01375, P06400	65	44	19104	33.3986013986014	0.04940797590848067	1.1486596297034981E-4	8.620526335604382E-5
GOTERM_BP_FAT	GO:2001235~positive regulation of apoptotic signaling pathway	7	10.76923076923077	1.4161916815275984E-5	P37231, P04637, Q07812, P01106, P08253, P29965, P01375	65	157	19104	13.104164625183733	0.04975925396618308	1.1544205041954608E-4	8.66376087522766E-5
GOTERM_BP_FAT	GO:0045926~negative regulation of growth	8	12.307692307692308	1.4480185605218361E-5	P31645, P37231, P10415, Q07869, P04637, P38936, Q16665, P06400	65	238	19104	9.879250161603103	0.05084860950854608	1.177699971458279E-4	8.83846994955089E-5
GOTERM_BP_FAT	GO:0001701~in utero embryonic development	10	15.384615384615385	1.4799780877401332E-5	P29474, P04637, P28482, P31749, Q14790, P38936, Q16665, P00533, P01344, P22301	65	439	19104	6.694936043455406	0.05194124896741337	1.2009822184972297E-4	9.013199885696667E-5
GOTERM_BP_FAT	GO:0071346~cellular response to type II interferon	6	9.230769230769232	1.4906697050796086E-5	P42224, P04637, P01579, P13500, P35228, P01375	65	93	19104	18.96178660049628	0.05230649559974043	1.2069399881801864E-4	9.057912095584857E-5
GOTERM_BP_FAT	GO:0098586~cellular response to virus	6	9.230769230769232	1.570373282043538E-5	O15111, Q07812, P01579, P02778, P05231, Q16665	65	94	19104	18.760065466448445	0.05502489663010468	1.2686221827809118E-4	9.520828149429879E-5
GOTERM_BP_FAT	GO:0019752~carboxylic acid metabolic process	13	20.0	1.589512384531865E-5	P11926, P29474, P09917, P35354, P35228, P37231, P23219, Q07869, P08684, P09488, P09211, Q16665, P05177	65	824	19104	4.636893203883496	0.05567650072151742	1.2812109891427985E-4	9.61530534177665E-5
GOTERM_BP_FAT	GO:0006631~fatty acid metabolic process	9	13.846153846153847	1.6516525854849427E-5	P37231, P09917, Q07869, P23219, P08684, P09488, P09211, P35354, P05177	65	338	19104	7.825944469731453	0.05778901204468778	1.3283268449781804E-4	9.968903105248404E-5
GOTERM_BP_FAT	GO:1904019~epithelial cell apoptotic process	5	7.6923076923076925	1.6816006571386877E-5	P10415, Q07812, P42574, P09601, P06400	65	46	19104	31.946488294314385	0.05880543553322515	1.3494002600602877E-4	1.0127056073280648E-4
KEGG_PATHWAY	hsa04071:Sphingolipid signaling pathway	8	12.307692307692308	1.6942948262251322E-5	P29474, P10415, Q04206, P04637, P28482, Q07812, P31749, P01375	63	125	9375	9.523809523809522	0.0037374216756846934	4.1333346310107624E-5	1.6942948262251322E-5
GOTERM_BP_FAT	GO:0002687~positive regulation of leukocyte migration	7	10.76923076923077	1.814219204592727E-5	P28482, P02778, P05362, P05231, P13500, P01375, P10145	65	164	19104	12.54484052532833	0.06329328803541245	1.4493640341790677E-4	1.0877269909575906E-4
GOTERM_BP_FAT	GO:0032869~cellular response to insulin stimulus	7	10.76923076923077	1.814219204592727E-5	P37231, P42224, P28482, P31749, P09211, P01344, P06400	65	164	19104	12.54484052532833	0.06329328803541245	1.4493640341790677E-4	1.0877269909575906E-4
GOTERM_BP_FAT	GO:0045840~positive regulation of mitotic nuclear division	5	7.6923076923076925	1.833421707830892E-5	P01583, P01344, P01584, P01375, P06400	65	47	19104	31.26677577741408	0.06394133116372591	1.4614642507333414E-4	1.0968080305253832E-4
GOTERM_BP_FAT	GO:0008585~female gonad development	6	9.230769230769232	2.020072242716682E-5	P35968, P29474, P10415, Q07812, P08253, P42574	65	99	19104	17.812587412587416	0.07021707957396617	1.6066932208627386E-4	1.2058002967562712E-4
GOTERM_BP_FAT	GO:1901988~negative regulation of cell cycle phase transition	8	12.307692307692308	2.0403339804896763E-5	O96017, P24385, O15392, P10415, P04637, P38936, P13500, P06400	65	251	19104	9.367575850444377	0.07089580370861992	1.619234214031785E-4	1.2152121328731464E-4
GOTERM_BP_FAT	GO:0044770~cell cycle phase transition	7	10.76923076923077	2.0793609494203072E-5	O96017, P24385, O15392, P10415, P01106, P38936, P06400	65	168	19104	12.246153846153847	0.07220172672872804	1.6465796704970037E-4	1.2357345070840683E-4
GOTERM_MF_FAT	GO:0019903~protein phosphatase binding	7	10.76923076923077	2.1268374677158603E-5	P37231, P42224, P08581, P10415, P04637, P00533	65	153	17305	12.180492709904476	0.009588411394792162	3.3222668030182234E-4	2.640212028888654E-4
GOTERM_BP_FAT	GO:0048646~anatomical structure formation involved in morphogenesis	14	21.53846153846154	2.162117154474086E-5	P35968, P29474, P04637, P28482, P31749, P13500, P10145, P14780, Q07869, Q14790, P08253, Q16665, P42574, P09601	65	997	19104	4.127088959185248	0.07496485227335192	1.7047224841395327E-4	1.2793698576500962E-4
GOTERM_BP_FAT	GO:2001239~regulation of extrinsic apoptotic signaling pathway in absence of ligand	5	7.6923076923076925	2.1669800103688756E-5	P01583, P10415, P31749, P01584, P01375	65	49	19104	29.990580847723706	0.07512696076339653	1.7047224841395327E-4	1.2793698576500962E-4
GOTERM_BP_FAT	GO:1902175~regulation of oxidative stress-induced intrinsic apoptotic signaling pathway	5	7.6923076923076925	2.1669800103688756E-5	P31749, P08253, Q16665, Q16236, P22301	65	49	19104	29.990580847723706	0.07512696076339653	1.7047224841395327E-4	1.2793698576500962E-4
GOTERM_MF_FAT	GO:0005178~integrin binding	7	10.76923076923077	2.2067125868230773E-5	P31645, P35968, P19320, P05362, P01344, P29965, P01584	65	154	17305	12.101398601398602	0.009946719204114385	3.3321360061028466E-4	2.6480551041876927E-4
GOTERM_BP_FAT	GO:0048514~blood vessel morphogenesis	10	15.384615384615385	2.2157033520123368E-5	P35968, P29474, Q07812, P31749, Q14790, P08253, Q16665, P09601, P13500, P10145	65	462	19104	6.361638361638362	0.07674963830155213	1.7392547227234093E-4	1.3052858091157645E-4
GOTERM_BP_FAT	GO:0048872~homeostasis of number of cells	9	13.846153846153847	2.3486398187340737E-5	P29474, P10415, Q07812, P31749, P05231, Q16665, P42574, P09601, P06400	65	355	19104	7.451180931744313	0.08116247996111248	1.8362877000616934E-4	1.378107671653294E-4
GOTERM_BP_FAT	GO:0010883~regulation of lipid storage	5	7.6923076923076925	2.349510490503582E-5	P37231, Q07869, P05231, P25963, P01375	65	50	19104	29.39076923076923	0.08119131239824584	1.8362877000616934E-4	1.378107671653294E-4
GOTERM_BP_FAT	GO:0046545~development of primary female sexual characteristics	6	9.230769230769232	2.447195460856034E-5	P35968, P29474, P10415, Q07812, P08253, P42574	65	103	19104	17.12083644510829	0.08442042927890836	1.9084946418753876E-4	1.4322979493841377E-4
GOTERM_BP_FAT	GO:0032870~cellular response to hormone stimulus	11	16.923076923076923	2.503453830180434E-5	P37231, P42224, Q07869, Q04206, P28482, P31749, P04150, P09211, Q16236, P01344, P06400	65	591	19104	5.470363139398673	0.08627497930333139	1.9481520842635214E-4	1.462060293047061E-4
GOTERM_BP_FAT	GO:0098542~defense response to other organism	14	21.53846153846154	2.7183567755229878E-5	O15111, P04637, P13500, P35228, P10145, P37231, P42224, Q04206, P01579, P02778, P08254, O14920, P22301, P01375	65	1019	19104	4.037985959085076	0.09332472126022617	2.1108274703037337E-4	1.584145845046155E-4
GOTERM_BP_FAT	GO:0007267~cell-cell signaling	13	20.0	2.8456716612250944E-5	P08581, Q04206, P28482, P31749, P04150, P02778, P35354, P05231, Q16665, P35228, P60568, P01584	65	874	19104	4.37162471395881	0.09747552130051718	2.2049365581492503E-4	1.654773370312399E-4
GOTERM_BP_FAT	GO:0001525~angiogenesis	9	13.846153846153847	2.9771319695676755E-5	P35968, P29474, P31749, Q14790, P08253, Q16665, P09601, P13500, P10145	65	367	19104	7.20754558792706	0.10174153880077486	2.3018468854833334E-4	1.7275031857748915E-4
GOTERM_BP_FAT	GO:0032677~regulation of interleukin-8 production	6	9.230769230769232	3.076317338316746E-5	Q04206, P05231, P35228, P01584, P22301, P01375	65	108	19104	16.328205128205127	0.10494685472226495	2.373441406842663E-4	1.7812338507084544E-4
GOTERM_BP_FAT	GO:1900016~negative regulation of cytokine production involved in inflammatory response	5	7.6923076923076925	3.194164739086495E-5	Q07869, Q04206, P09601, O14920, P25963	65	54	19104	27.213675213675213	0.10874039985477124	2.459097340796718E-4	1.8455174048055302E-4
GOTERM_BP_FAT	GO:1901991~negative regulation of mitotic cell cycle phase transition	7	10.76923076923077	3.2638688212284654E-5	P24385, O15392, P10415, P04637, P38936, P13500, P06400	65	182	19104	11.30414201183432	0.11097662657782836	2.5074028492294586E-4	1.8817699984225524E-4
GOTERM_BP_FAT	GO:1902105~regulation of leukocyte differentiation	9	13.846153846153847	3.277738413074831E-5	P04626, P01106, P01579, Q14790, P05112, P60568, P22301, P01375, P06400	65	372	19104	7.110669975186104	0.11142091736262416	2.512700319640131E-4	1.885745674245605E-4
GOTERM_BP_FAT	GO:0019216~regulation of lipid metabolic process	9	13.846153846153847	3.4049019463250346E-5	P37231, Q07869, P28482, P31749, P04150, P01579, P35354, P01584, P01375	65	374	19104	7.072645002056767	0.11548406995285354	2.6046415525709344E-4	1.954746255384903E-4
GOTERM_MF_FAT	GO:0032813~tumor necrosis factor receptor superfamily binding	5	7.6923076923076925	3.44813128253769E-5	P42224, Q14790, P42574, P29965, P01375	65	50	17305	26.623076923076923	0.015498939803951006	4.8812608468424174E-4	3.8791476928549013E-4
GOTERM_MF_FAT	GO:0001046~core promoter sequence-specific DNA binding	5	7.6923076923076925	3.44813128253769E-5	P42224, Q04206, P04637, P04150, P01106	65	50	17305	26.623076923076923	0.015498939803951006	4.8812608468424174E-4	3.8791476928549013E-4
GOTERM_BP_FAT	GO:1903034~regulation of response to wounding	7	10.76923076923077	3.577158424797791E-5	Q9NRD8, P00749, P09917, P29474, Q16236, P22301, P01375	65	185	19104	11.120831600831602	0.12095843483255131	2.724841819143011E-4	2.0449548373474054E-4
GOTERM_BP_FAT	GO:0072330~monocarboxylic acid biosynthetic process	7	10.76923076923077	3.577158424797791E-5	P09917, P23219, P08684, P09488, P09211, P35354, P05177	65	185	19104	11.120831600831602	0.12095843483255131	2.724841819143011E-4	2.0449548373474054E-4
GOTERM_BP_FAT	GO:0030856~regulation of epithelial cell differentiation	7	10.76923076923077	3.686795319234905E-5	P42224, P24385, P14780, P01579, O14920, P01584, P01375	65	186	19104	11.06104218362283	0.12442507629365374	2.793915205948846E-4	2.0967934268347713E-4
GOTERM_BP_FAT	GO:0150076~neuroinflammatory response	5	7.6923076923076925	3.691100854931032E-5	P04150, P01579, P05112, P01584, P01375	65	56	19104	26.241758241758244	0.1245609350443444	2.793915205948846E-4	2.0967934268347713E-4
GOTERM_BP_FAT	GO:0007249~canonical NF-kappaB signal transduction	5	7.6923076923076925	3.691100854931032E-5	O15111, Q04206, O14920, P25963, P01375	65	56	19104	26.241758241758244	0.1245609350443444	2.793915205948846E-4	2.0967934268347713E-4
GOTERM_MF_FAT	GO:0004601~peroxidase activity	5	7.6923076923076925	3.73124195330131E-5	Q9NRD8, P23219, P05164, P09211, P35354	65	51	17305	26.10105580693816	0.01676078985407048	5.121977590440889E-4	4.070445767237792E-4
GOTERM_BP_FAT	GO:0001938~positive regulation of endothelial cell proliferation	6	9.230769230769232	3.824327607046912E-5	P35968, P31749, Q16665, P09601, P01344, P22301	65	113	19104	15.605718175629681	0.12875443084355898	2.8886902239392084E-4	2.167920723156153E-4
GOTERM_BP_FAT	GO:1903530~regulation of secretion by cell	11	16.923076923076923	3.864486540897408E-5	P01583, P31645, P37231, O15392, P09917, P01579, P05231, Q16665, P35228, P01584, P01375	65	622	19104	5.197724462033144	0.1300145452540985	2.912917365450494E-4	2.1861028465662325E-4
GOTERM_BP_FAT	GO:0033559~unsaturated fatty acid metabolic process	6	9.230769230769232	3.989494133996385E-5	P09917, P23219, P09488, P09211, P35354, P05177	65	114	19104	15.468825910931175	0.13392540502089123	2.9946140343310365E-4	2.2474150288179638E-4
GOTERM_BP_FAT	GO:0014013~regulation of gliogenesis	6	9.230769230769232	3.989494133996385E-5	P37231, P04637, P05231, P01584, P01375, P06400	65	114	19104	15.468825910931175	0.13392540502089123	2.9946140343310365E-4	2.2474150288179638E-4
GOTERM_BP_FAT	GO:0050878~regulation of body fluid levels	9	13.846153846153847	4.257913907619002E-5	P31645, P00749, P24385, P29474, Q07869, P05231, Q16665, Q16236, P29965	65	386	19104	6.852770027899562	0.14226362703071205	3.1894519353744833E-4	2.393638088607439E-4
GOTERM_MF_FAT	GO:0016684~oxidoreductase activity, acting on peroxide as acceptor	5	7.6923076923076925	4.348006369333499E-5	Q9NRD8, P23219, P05164, P09211, P35354	65	53	17305	25.11611030478955	0.019504180570148355	5.793079074435516E-4	4.6037714498825284E-4
GOTERM_BP_FAT	GO:0006109~regulation of carbohydrate metabolic process	7	10.76923076923077	4.532147377759941E-5	Q07869, P04637, P31749, P04150, P01579, Q16665, P01344	65	193	19104	10.659864487843763	0.15069957091895414	3.3878271788525036E-4	2.542515873332548E-4
GOTERM_BP_FAT	GO:1901990~regulation of mitotic cell cycle phase transition	9	13.846153846153847	4.579202305725904E-5	P24385, O15392, P10415, P04637, P31749, P38936, P00533, P13500, P06400	65	390	19104	6.782485207100591	0.15213871013672775	3.415914266569448E-4	2.563594831197276E-4
GOTERM_BP_FAT	GO:1901987~regulation of cell cycle phase transition	10	15.384615384615385	4.6484629536519144E-5	O96017, P24385, O15392, P10415, P04637, P31749, P38936, P00533, P13500, P06400	65	508	19104	5.785584494245912	0.15425256046020297	3.460415707026415E-4	2.5969925261724744E-4
GOTERM_BP_FAT	GO:0045639~positive regulation of myeloid cell differentiation	6	9.230769230769232	4.706167102749757E-5	P42224, P01579, Q14790, Q16665, P01375, P06400	65	118	19104	14.944458930899609	0.15600967994374615	3.4961484682901803E-4	2.6238094527495547E-4
GOTERM_BP_FAT	GO:0009743~response to carbohydrate	7	10.76923076923077	4.8002276875801067E-5	Q07869, P05362, Q16665, P09211, P42574, P01584, P01375	65	195	19104	10.550532544378697	0.1588660509894092	3.558687316533153E-4	2.670743964447862E-4
KEGG_PATHWAY	hsa04061:Viral protein interaction with cytokine and cytokine receptor	7	10.76923076923077	4.804862341731916E-5	P02778, P05231, P13500, P60568, P22301, P01375, P10145	63	100	9375	10.416666666666666	0.01056281834485695	1.159434173765745E-4	4.804862341731916E-5
GOTERM_BP_FAT	GO:0030336~negative regulation of cell migration	9	13.846153846153847	4.9205140345129406E-5	P37231, P10415, P31749, P09211, Q16236, P09601, P13500, P05112, P01375	65	394	19104	6.713627489262008	0.16250475160040856	3.640372087546227E-4	2.7320472175201214E-4
GOTERM_BP_FAT	GO:0002639~positive regulation of immunoglobulin production	5	7.6923076923076925	5.179065682794563E-5	P05231, P05112, P60568, P22301, P01375	65	61	19104	24.090794451450193	0.17027284473345583	3.823806076866559E-4	2.8697118045648565E-4
GOTERM_BP_FAT	GO:0033043~regulation of organelle organization	15	23.076923076923077	5.2432369004835994E-5	P01583, O96017, P35968, O15392, P04637, P28482, P31749, P37231, P14780, Q07812, P01106, P01344, P01584, P06400, P01375	65	1248	19104	3.532544378698225	0.17218966267824976	3.8632684156323944E-4	2.8993277257479864E-4
GOTERM_BP_FAT	GO:0033138~positive regulation of peptidyl-serine phosphorylation	4	6.153846153846154	5.2766924589118506E-5	P31749, P01579, P05231, P00533	65	22	19104	53.437762237762236	0.1731872362730733	3.864211977532398E-4	2.900035855467001E-4
GOTERM_BP_FAT	GO:1903376~regulation of oxidative stress-induced neuron intrinsic apoptotic signaling pathway	4	6.153846153846154	5.2766924589118506E-5	P31749, P08253, Q16665, P22301	65	22	19104	53.437762237762236	0.1731872362730733	3.864211977532398E-4	2.900035855467001E-4
GOTERM_BP_FAT	GO:0150078~positive regulation of neuroinflammatory response	4	6.153846153846154	5.2766924589118506E-5	P28482, P05231, P01584, P01375	65	22	19104	53.437762237762236	0.1731872362730733	3.864211977532398E-4	2.900035855467001E-4
GOTERM_BP_FAT	GO:0010821~regulation of mitochondrion organization	6	9.230769230769232	5.306083851058502E-5	P37231, P14780, P35968, P04637, Q07812, P31749	65	121	19104	14.573935155753338	0.1740626333339378	3.877853978775615E-4	2.910273982406124E-4
KEGG_PATHWAY	hsa04215:Apoptosis - multiple species	5	7.6923076923076925	5.428451174059821E-5	O15392, P10415, Q07812, Q14790, P42574	63	32	9375	23.251488095238095	0.011925523229625368	1.295823828646538E-4	5.428451174059821E-5
GOTERM_BP_FAT	GO:0070849~response to epidermal growth factor	5	7.6923076923076925	5.5223799386025456E-5	P04626, P28482, P31749, P00533, P09211	65	62	19104	23.70223325062035	0.18047638813830302	4.0196232159161555E-4	3.016669768481067E-4
GOTERM_BP_FAT	GO:0034405~response to fluid shear stress	5	7.6923076923076925	5.5223799386025456E-5	P29474, P31749, P08253, Q16236, P35354	65	62	19104	23.70223325062035	0.18047638813830302	4.0196232159161555E-4	3.016669768481067E-4
GOTERM_BP_FAT	GO:0002252~immune effector process	10	15.384615384615385	5.650227461365468E-5	P04637, P01579, P05164, P05362, P05231, P60568, P29965, P01584, P22301, P01375	65	521	19104	5.641222501107339	0.18424396939343712	4.1043890208265684E-4	3.0802852934540774E-4
GOTERM_BP_FAT	GO:0008217~regulation of blood pressure	7	10.76923076923077	5.681596841245276E-5	P37231, P29474, Q07869, P23219, P35354, P35228, P01375	65	201	19104	10.235591274397244	0.18516575543889513	4.118871915293105E-4	3.0911544987378725E-4
GOTERM_BP_FAT	GO:0045088~regulation of innate immune response	10	15.384615384615385	5.7343153709033826E-5	P37231, O15111, Q04206, P31749, Q14790, P00533, Q16236, O14920, P25963, P01375	65	522	19104	5.630415561450045	0.18671253919052155	4.142898945365246E-4	3.1091864413731963E-4
GOTERM_BP_FAT	GO:0006690~icosanoid metabolic process	6	9.230769230769232	5.737736813037074E-5	P09917, P23219, P09488, P09211, P35354, P05177	65	123	19104	14.336960600375235	0.18681282423974555	4.142898945365246E-4	3.1091864413731963E-4
GOTERM_BP_FAT	GO:0016241~regulation of macroautophagy	7	10.76923076923077	5.8403168458854786E-5	P35968, P04637, P31749, Q16665, P42574, P09601, P05112	65	202	19104	10.184920030464585	0.18981378758065892	4.208532319145076E-4	3.158443350254867E-4
GOTERM_BP_FAT	GO:0051785~positive regulation of nuclear division	5	7.6923076923076925	5.882014087652649E-5	P01583, P01344, P01584, P01375, P06400	65	63	19104	23.32600732600733	0.19103046686439007	4.230119113335827E-4	3.17464393074107E-4
GOTERM_BP_FAT	GO:0046660~female sex differentiation	6	9.230769230769232	5.963484944394309E-5	P35968, P29474, P10415, Q07812, P08253, P42574	65	124	19104	14.22133995037221	0.19340242753000791	4.2801665845921703E-4	3.212203842558209E-4
GOTERM_MF_FAT	GO:0019901~protein kinase binding	12	18.461538461538463	6.0964596066245306E-5	O96017, P24385, Q07869, P04626, Q04206, P04637, P31749, P04150, P38936, Q16665, P09211, O14920	65	722	17305	4.424888131259323	0.027239919109162125	7.890560576574036E-4	6.270644166813804E-4
GOTERM_BP_FAT	GO:0061180~mammary gland epithelium development	5	7.6923076923076925	6.258440041046035E-5	P24385, P28482, P31749, P04150, Q16665	65	64	19104	22.961538461538463	0.20193181271764038	4.4829342878506686E-4	3.36437810556431E-4
GOTERM_BP_FAT	GO:2000146~negative regulation of cell motility	9	13.846153846153847	6.39585903869587E-5	P37231, P10415, P31749, P09211, Q16236, P09601, P13500, P05112, P01375	65	409	19104	6.467406432198609	0.20587478726763886	4.5722778008772255E-4	3.431429135046355E-4
GOTERM_MF_FAT	GO:0016773~phosphotransferase activity, alcohol group as acceptor	12	18.461538461538463	6.407119579618992E-5	O96017, P24385, P35968, P08581, O15111, P04626, P28482, P31749, P00533, O14920, P13500	65	726	17305	4.400508582326764	0.02860799699248695	8.062292137687232E-4	6.407119579618992E-4
GOTERM_BP_FAT	GO:0001776~leukocyte homeostasis	6	9.230769230769232	6.435521522834122E-5	P10415, Q07812, P31749, P05231, Q16665, P42574	65	126	19104	13.995604395604397	0.2070092001800533	4.5824474400733877E-4	3.439061303901871E-4
GOTERM_BP_FAT	GO:0071674~mononuclear cell migration	6	9.230769230769232	6.435521522834122E-5	P09917, P02778, P05362, P08253, P05231, P13500	65	126	19104	13.995604395604397	0.2070092001800533	4.5824474400733877E-4	3.439061303901871E-4
KEGG_PATHWAY	hsa04518:Integrin signaling	8	12.307692307692308	6.49428832087454E-5	P24385, P35968, P08581, P04626, P31749, P19320, P05362, P00533	63	154	9375	7.730364873222016	0.01425033222460459	1.5337574545044129E-4	6.49428832087454E-5
GOTERM_BP_FAT	GO:0002700~regulation of production of molecular mediator of immune response	7	10.76923076923077	6.511067201086119E-5	P05231, P05112, P60568, P29965, P01584, P22301, P01375	65	206	19104	9.987154592979836	0.2091654523338211	4.6270956855055793E-4	3.4725691739125963E-4
GOTERM_BP_FAT	GO:0002904~positive regulation of B cell apoptotic process	3	4.615384615384616	6.600314023873984E-5	Q07812, P01106, P22301	65	4	19104	220.43076923076924	0.21170521624943472	4.6812857141767647E-4	3.513238015857333E-4
GOTERM_BP_FAT	GO:0007159~leukocyte cell-cell adhesion	5	7.6923076923076925	6.652134190867236E-5	P19320, P05362, P29965, P01584, P01375	65	65	19104	22.608284023668638	0.2131761581317494	4.7087700372681044E-4	3.533864607486249E-4
GOTERM_BP_FAT	GO:1903708~positive regulation of hemopoiesis	7	10.76923076923077	6.868786635896348E-5	P01579, Q14790, P05112, P60568, P22301, P01375, P06400	65	208	19104	9.89112426035503	0.21929628914333843	4.8380979502615177E-4	3.6309233576206336E-4
GOTERM_BP_FAT	GO:1902107~positive regulation of leukocyte differentiation	7	10.76923076923077	6.868786635896348E-5	P01579, Q14790, P05112, P60568, P22301, P01375, P06400	65	208	19104	9.89112426035503	0.21929628914333843	4.8380979502615177E-4	3.6309233576206336E-4
GOTERM_BP_FAT	GO:0010948~negative regulation of cell cycle process	8	12.307692307692308	6.891618215317364E-5	O96017, P24385, O15392, P10415, P04637, P38936, P13500, P06400	65	304	19104	7.734412955465587	0.2199384712248813	4.8380979502615177E-4	3.6309233576206336E-4
GOTERM_BP_FAT	GO:0010623~programmed cell death involved in cell development	4	6.153846153846154	6.901977092518512E-5	P01583, P10415, Q07812, P01584	65	24	19104	48.98461538461539	0.22022966038836578	4.8380979502615177E-4	3.6309233576206336E-4
GOTERM_BP_FAT	GO:1902004~positive regulation of amyloid-beta formation	4	6.153846153846154	6.901977092518512E-5	Q04206, P01579, P42574, P01375	65	24	19104	48.98461538461539	0.22022966038836578	4.8380979502615177E-4	3.6309233576206336E-4
GOTERM_BP_FAT	GO:0032787~monocarboxylic acid metabolic process	10	15.384615384615385	6.927522819391791E-5	P37231, P09917, Q07869, P23219, P08684, P09488, Q16665, P09211, P35354, P05177	65	535	19104	5.4936017253774265	0.2209472892071066	4.8430270251187196E-4	3.634622557846522E-4
GOTERM_BP_FAT	GO:1901989~positive regulation of cell cycle phase transition	6	9.230769230769232	6.935892159204161E-5	O96017, P24385, O15392, P31749, P00533, P06400	65	128	19104	13.776923076923078	0.22118225650933088	4.8430270251187196E-4	3.634622557846522E-4
GOTERM_BP_FAT	GO:0006959~humoral immune response	8	12.307692307692308	7.035074928073756E-5	P09917, P10415, P01579, P02778, P05231, P13500, P01375, P10145	65	305	19104	7.709054224464062	0.22396140121593444	4.902780457611168E-4	3.679466654837802E-4
GOTERM_BP_FAT	GO:0007088~regulation of mitotic nuclear division	6	9.230769230769232	7.19706350620227E-5	P01583, O15392, P01344, P01584, P01375, P06400	65	129	19104	13.670125223613597	0.22847908896690483	5.005988380858452E-4	3.756922726017555E-4
GOTERM_BP_FAT	GO:0051896~regulation of phosphatidylinositol 3-kinase/protein kinase B signal transduction	8	12.307692307692308	7.329325022052711E-5	P35968, Q07869, P31749, P00533, P08254, P01344, P01584, P01375	65	307	19104	7.658832372838887	0.23214821629939764	5.088161474846997E-4	3.818592458502993E-4
KEGG_PATHWAY	hsa04148:Efferocytosis	8	12.307692307692308	7.33892927402349E-5	P11926, P37231, P09917, P28482, Q16665, P35354, P42574, P22301	63	157	9375	7.582650894752805	0.01608879898841531	1.7149918935086472E-4	7.33892927402349E-5
GOTERM_BP_FAT	GO:0045861~negative regulation of proteolysis	5	7.6923076923076925	7.493254543239617E-5	P00749, P04637, P31749, P08253, P22301	65	67	19104	21.933409873708385	0.23667165974136706	5.191960792171604E-4	3.896492362484601E-4
GOTERM_MF_FAT	GO:0004879~nuclear receptor activity	5	7.6923076923076925	7.579050983608835E-5	P37231, P35869, O75469, Q07869, P04150	65	61	17305	21.82219419924338	0.03375166484982339	9.279216474526493E-4	7.374211767835623E-4
GOTERM_BP_FAT	GO:0002706~regulation of lymphocyte mediated immunity	7	10.76923076923077	7.631326717048089E-5	P35869, P05231, P05112, P60568, P01584, P22301, P01375	65	212	19104	9.704499274310596	0.24046092484956094	5.268917610686124E-4	3.9542473547863667E-4
GOTERM_BP_FAT	GO:0051607~defense response to virus	8	12.307692307692308	7.633569227805042E-5	P42224, P10415, Q07869, Q04206, P01579, P02778, P05231, P01375	65	309	19104	7.6092606422703515	0.2405223130688442	5.268917610686124E-4	3.9542473547863667E-4
GOTERM_BP_FAT	GO:0001816~cytokine production	4	6.153846153846154	7.824417242995883E-5	P05231, Q16665, P01584, P01375	65	25	19104	47.02523076923077	0.24572860100950578	5.390320330117431E-4	4.045358360432288E-4
GOTERM_BP_FAT	GO:0032731~positive regulation of interleukin-1 beta production	5	7.6923076923076925	7.941655161915929E-5	Q04206, P01579, Q14790, P05231, P01375	65	68	19104	21.61085972850679	0.24890911645137892	5.450244485406303E-4	4.0903305824420324E-4
GOTERM_BP_FAT	GO:0032757~positive regulation of interleukin-8 production	5	7.6923076923076925	7.941655161915929E-5	Q04206, P05231, P35228, P01584, P01375	65	68	19104	21.61085972850679	0.24890911645137892	5.450244485406303E-4	4.0903305824420324E-4
GOTERM_MF_FAT	GO:0098531~ligand-modulated transcription factor activity	5	7.6923076923076925	8.079356852383287E-5	P37231, P35869, O75469, Q07869, P04150	65	62	17305	21.470223325062037	0.03593924752962008	9.631443826656918E-4	7.654127544363113E-4
GOTERM_CC_FAT	GO:0005829~cytosol	36	55.38461538461539	8.143710361633493E-5	Q9NRD8, P11926, P01583, P24385, P29474, P10415, P28482, P04637, P35354, P42224, Q14790, P09211, Q16236, O14920, P25963, P06400, P35869, P35968, O15392, P09917, O15111, P04626, P31749, P38936, P35228, P37231, Q04206, Q07812, P04150, P09488, Q16665, P08254, P00533, P42574, P09601, P01584	59	5908	16775	1.7324971598407217	0.023261463338802524	0.005883830736280199	0.005517363770006691
GOTERM_BP_FAT	GO:0051046~regulation of secretion	11	16.923076923076923	8.150371485769556E-5	P01583, P31645, P37231, O15392, P09917, P01579, P05231, Q16665, P35228, P01584, P01375	65	680	19104	4.754389140271494	0.25453817954089797	5.582849517723899E-4	4.18984876378724E-4
GOTERM_BP_FAT	GO:0070372~regulation of ERK1 and ERK2 cascade	8	12.307692307692308	8.608869394390957E-5	P01583, P35968, P04626, P05362, P00533, P09211, P01584, P01375	65	315	19104	7.464322344322345	0.26675618692626113	5.885722282351161E-4	4.4171504444844684E-4
GOTERM_BP_FAT	GO:0040013~negative regulation of locomotion	9	13.846153846153847	8.635996695137679E-5	P37231, P10415, P31749, P09211, Q16236, P09601, P13500, P05112, P01375	65	427	19104	6.194775716087191	0.2674727673198858	5.893086381170655E-4	4.42267709538869E-4
GOTERM_MF_FAT	GO:0016705~oxidoreductase activity, acting on paired donors, with incorporation or reduction of molecular oxygen	7	10.76923076923077	8.734311940156285E-5	P29474, P23219, P08684, P35354, P05177, P09601, P35228	65	197	17305	9.4599765716517	0.03879556501063841	0.0010126987219128635	8.047936862883684E-4
GOTERM_BP_FAT	GO:0030217~T cell differentiation	7	10.76923076923077	8.900408900417045E-5	P10415, P04626, P04637, P05231, Q16236, P60568, P22301	65	218	19104	9.43740296400847	0.2744207753650435	6.062036534631874E-4	4.5494717706479564E-4
GOTERM_MF_FAT	GO:0046982~protein heterodimerization activity	9	13.846153846153847	8.94215206987076E-5	P35869, O15392, O15111, P10415, P04626, P04637, Q07812, Q16665, O14920	65	389	17305	6.159580779118055	0.03970020818098097	0.0010126987219128635	8.047936862883684E-4
GOTERM_BP_FAT	GO:0002822~regulation of adaptive immune response based on somatic recombination of immune receptors built from immunoglobulin superfamily domains	7	10.76923076923077	9.127366345246878E-5	P35869, P05231, P05112, P60568, P01584, P22301, P01375	65	219	19104	9.394309799789253	0.2803320085047246	6.204886970174434E-4	4.65667898066935E-4
GOTERM_BP_FAT	GO:0032963~collagen metabolic process	5	7.6923076923076925	9.40415218331859E-5	P14780, P03956, P08253, Q16665, P08254	65	71	19104	20.697724810400867	0.2874759280577115	6.38100947579979E-4	4.788856403708751E-4
GOTERM_BP_FAT	GO:0097529~myeloid leukocyte migration	6	9.230769230769232	9.569788012377588E-5	P02778, P08253, P05231, P13500, P01584, P10145	65	137	19104	12.871869736103312	0.2917170823355827	6.469033059774193E-4	4.854916845303752E-4
GOTERM_BP_FAT	GO:0034341~response to type II interferon	6	9.230769230769232	9.569788012377588E-5	P42224, P04637, P01579, P13500, P35228, P01375	65	137	19104	12.871869736103312	0.2917170823355827	6.469033059774193E-4	4.854916845303752E-4
GOTERM_BP_FAT	GO:1904996~positive regulation of leukocyte adhesion to vascular endothelial cell	4	6.153846153846154	9.903135776928977E-5	P09917, Q04206, P05231, P01375	65	27	19104	43.54188034188034	0.30017619807537765	6.681834869714439E-4	5.014621561950553E-4
GOTERM_BP_FAT	GO:0048708~astrocyte differentiation	5	7.6923076923076925	9.932421099690021E-5	P28482, P04150, P01579, P01584, P01375	65	72	19104	20.410256410256412	0.3009145057651512	6.68906789199685E-4	5.020049841787255E-4
GOTERM_BP_FAT	GO:0140546~defense response to symbiont	13	20.0	1.0735612043619125E-4	O15111, P04637, P13500, P35228, P10145, P37231, P42224, Q04206, P01579, P02778, P08254, O14920, P01375	65	1003	19104	3.8093718843469593	0.320862880284681	7.216494439022333E-4	5.415875926482484E-4
GOTERM_MF_FAT	GO:0004714~transmembrane receptor protein tyrosine kinase activity	5	7.6923076923076925	1.0948553189133673E-4	P35968, P08581, P04626, P00533	65	67	17305	19.867967853042483	0.048389685233536595	0.00120968160845794	9.61336377582469E-4
GOTERM_BP_FAT	GO:0034349~glial cell apoptotic process	3	4.615384615384616	1.0976731236916732E-4	P04637, P42574, P06400	65	5	19104	176.34461538461542	0.32673960502573784	7.364834757283238E-4	5.527203215013565E-4
GOTERM_BP_FAT	GO:0002675~positive regulation of acute inflammatory response	4	6.153846153846154	1.1065022310997026E-4	P05231, P35354, P01584, P01375	65	28	19104	41.986813186813194	0.3288787570900893	7.410274235413064E-4	5.561304893854268E-4
KEGG_PATHWAY	hsa04217:Necroptosis	8	12.307692307692308	1.1240488521832468E-4	P01583, P42224, P10415, Q07812, P01579, Q14790, P01584, P01375	63	168	9375	7.086167800453515	0.02453683122964445	2.5993629706737585E-4	1.1240488521832468E-4
GOTERM_BP_FAT	GO:0060562~epithelial tube morphogenesis	8	12.307692307692308	1.1284662804790327E-4	P35968, P08581, P10415, P04150, P01106, Q16665, P42574	65	329	19104	7.146691606266074	0.33417086574508204	7.54334695466782E-4	5.661174067560863E-4
GOTERM_BP_FAT	GO:0061041~regulation of wound healing	6	9.230769230769232	1.1712553762023632E-4	Q9NRD8, P00749, P09917, P29474, Q16236, P01375	65	143	19104	12.33179128563744	0.3443611400876929	7.814876148994657E-4	5.864952846761463E-4
GOTERM_BP_FAT	GO:0043009~chordate embryonic development	11	16.923076923076923	1.2046286036113821E-4	P29474, P04637, P28482, P31749, Q14790, P38936, Q16665, P00533, P42574, P01344, P22301	65	713	19104	4.5343402740317185	0.35220066591268073	8.022692899836986E-4	6.02091634780994E-4
GOTERM_CC_FAT	GO:0043235~signaling receptor complex	10	15.384615384615385	1.2110989938027447E-4	P37231, P35869, P35968, P08581, O15111, P04626, P05231, P00533, O14920	59	561	16775	5.068128946493852	0.03439736522408321	0.007000152184179864	0.006564156546410876
GOTERM_BP_FAT	GO:0002819~regulation of adaptive immune response	7	10.76923076923077	1.2228613580626805E-4	P35869, P05231, P05112, P60568, P01584, P22301, P01375	65	231	19104	8.906293706293706	0.35644396841644266	8.129094968818888E-4	6.100769579707542E-4
GOTERM_BP_FAT	GO:0051043~regulation of membrane protein ectodomain proteolysis	4	6.153846153846154	1.2312283526176484E-4	P01579, P01584, P22301, P01375	65	29	19104	40.53899204244032	0.3583819034379244	8.169642273446386E-4	6.131199752261733E-4
GOTERM_BP_FAT	GO:0006805~xenobiotic metabolic process	6	9.230769230769232	1.2502891367184772E-4	P35869, O75469, P08684, P09488, P09211, P05177	65	145	19104	12.161697612732096	0.3627749419692685	8.265672953388392E-4	6.20326940492984E-4
GOTERM_BP_FAT	GO:0002761~regulation of myeloid leukocyte differentiation	6	9.230769230769232	1.2502891367184772E-4	P01106, P01579, Q14790, P05112, P01375, P06400	65	145	19104	12.161697612732096	0.3627749419692685	8.265672953388392E-4	6.20326940492984E-4
GOTERM_BP_FAT	GO:0003006~developmental process involved in reproduction	14	21.53846153846154	1.25326395184688E-4	P01583, P35968, P24385, P29474, P10415, P31749, P35354, Q07812, Q14790, P08253, P42574, P01344, P01584, P06400	65	1183	19104	3.4781975421028677	0.3634578451879966	8.270164869055509E-4	6.206640523432167E-4
GOTERM_BP_FAT	GO:0043269~regulation of monoatomic ion transport	9	13.846153846153847	1.279753619924441E-4	P31645, P14780, P29474, P10415, Q07812, P31749, P01579, P02778, P13500	65	452	19104	5.85214431586113	0.36950668084678584	8.429528871275614E-4	6.326240929206013E-4
GOTERM_BP_FAT	GO:0007623~circadian rhythm	6	9.230769230769232	1.2913080636851827E-4	P31645, P35869, Q07869, P04637, P35228, P01375	65	146	19104	12.078398314014754	0.37212707182972626	8.49011487857247E-4	6.371709861687471E-4
GOTERM_BP_FAT	GO:0034762~regulation of transmembrane transport	9	13.846153846153847	1.2993493208177256E-4	P14780, P10415, Q07812, P31749, P01579, P02778, Q16236, P01584, P01375	65	453	19104	5.839225674987265	0.3739442918461914	8.527423684710866E-4	6.399709587415537E-4
GOTERM_BP_FAT	GO:0001937~negative regulation of endothelial cell proliferation	5	7.6923076923076925	1.356595005566301E-4	P37231, P42224, P09917, P13500, P01375	65	78	19104	18.840236686390533	0.3867300140219204	8.88693055464615E-4	6.669514354638687E-4
GOTERM_BP_FAT	GO:1902993~positive regulation of amyloid precursor protein catabolic process	4	6.153846153846154	1.3647650387475245E-4	Q04206, P01579, P42574, P01375	65	30	19104	39.18769230769231	0.38853336431554375	8.924225834133087E-4	6.697503928808178E-4
GOTERM_BP_FAT	GO:0048878~chemical homeostasis	13	20.0	1.404419971909478E-4	P01583, P35968, P09917, P10415, P31749, P37231, Q07812, P01106, P05362, P09211, P05231, Q16665, P09601	65	1032	19104	3.7023255813953493	0.3972112671554916	9.166893403604801E-4	6.879622471092806E-4
GOTERM_BP_FAT	GO:0002702~positive regulation of production of molecular mediator of immune response	6	9.230769230769232	1.4205794868479924E-4	P05231, P05112, P60568, P01584, P22301, P01375	65	149	19104	11.835209086215798	0.40071213221234825	9.255601973080138E-4	6.946196984515319E-4
KEGG_PATHWAY	hsa04919:Thyroid hormone signaling pathway	7	10.76923076923077	1.455556047407091E-4	P42224, P24385, P04637, P28482, P31749, P01106, Q16665	63	122	9375	8.538251366120218	0.03165817590670095	3.331272603344064E-4	1.455556047407091E-4
GOTERM_BP_FAT	GO:0042098~T cell proliferation	5	7.6923076923076925	1.4966398911673716E-4	P04626, P04637, Q07812, P01106, P60568	65	80	19104	18.36923076923077	0.4169191274692192	9.733562324685993E-4	7.304899396600312E-4
GOTERM_BP_FAT	GO:0051146~striated muscle cell differentiation	7	10.76923076923077	1.5062225464561893E-4	O15111, P10415, P31749, P01106, P42574, P01344, P06400	65	240	19104	8.572307692307692	0.4189296772021548	9.750626806872926E-4	7.317706046567968E-4
GOTERM_BP_FAT	GO:0033135~regulation of peptidyl-serine phosphorylation	4	6.153846153846154	1.5073824955393338E-4	P31749, P01579, P05231, P00533	65	31	19104	37.92357320099256	0.41917257694782206	9.750626806872926E-4	7.317706046567968E-4
GOTERM_BP_FAT	GO:0097421~liver regeneration	4	6.153846153846154	1.5073824955393338E-4	P24385, P05231, P22301, P01375	65	31	19104	37.92357320099256	0.41917257694782206	9.750626806872926E-4	7.317706046567968E-4
GOTERM_BP_FAT	GO:0009792~embryo development ending in birth or egg hatching	11	16.923076923076923	1.510186417160083E-4	P29474, P04637, P28482, P31749, Q14790, P38936, Q16665, P00533, P42574, P01344, P22301	65	733	19104	4.410620211984469	0.4197593144477747	9.75125745703903E-4	7.318179340503341E-4
GOTERM_BP_FAT	GO:0032732~positive regulation of interleukin-1 production	5	7.6923076923076925	1.570450169311184E-4	Q04206, P01579, Q14790, P05231, P01375	65	81	19104	18.142450142450144	0.4322276249009023	0.0010104164214336064	7.583030817531145E-4
GOTERM_BP_FAT	GO:0006970~response to osmotic stress	5	7.6923076923076925	1.570450169311184E-4	P04637, Q07812, P35354, P42574, P01375	65	81	19104	18.142450142450144	0.4322276249009023	0.0010104164214336064	7.583030817531145E-4
KEGG_PATHWAY	hsa04014:Ras signaling pathway	9	13.846153846153847	1.5880128967692296E-4	P35968, P08581, O15111, Q04206, P28482, P31749, P00533, O14920, P01344	63	238	9375	5.627250900360144	0.03448908474110912	3.5973353375792755E-4	1.5880128967692296E-4
GOTERM_BP_FAT	GO:1903626~positive regulation of DNA catabolic process	3	4.615384615384616	1.6429494108349788E-4	Q07812, P05231, P42574	65	6	19104	146.95384615384617	0.4468729815595317	0.0010514292588345343	7.890826299996062E-4
GOTERM_BP_FAT	GO:0031622~positive regulation of fever generation	3	4.615384615384616	1.6429494108349788E-4	P35354, P01584, P01375	65	6	19104	146.95384615384617	0.4468729815595317	0.0010514292588345343	7.890826299996062E-4
GOTERM_BP_FAT	GO:1902512~positive regulation of apoptotic DNA fragmentation	3	4.615384615384616	1.6429494108349788E-4	Q07812, P05231, P42574	65	6	19104	146.95384615384617	0.4468729815595317	0.0010514292588345343	7.890826299996062E-4
GOTERM_BP_FAT	GO:0065009~regulation of molecular function	11	16.923076923076923	1.704580533603751E-4	P14780, P04626, P04637, Q07812, P31749, P08253, P38936, P01584, P22301, P01375, P06400	65	744	19104	4.345409429280397	0.4590255286163827	0.0010889368196053749	8.172315182383941E-4
GOTERM_MF_FAT	GO:0070851~growth factor receptor binding	6	9.230769230769232	1.7332554386896906E-4	P01583, P05231, P05112, P60568, P01584, P22301	65	141	17305	11.328968903436989	0.07551945909563484	0.0018560973725532436	0.0014750442695787367
GOTERM_BP_FAT	GO:0045087~innate immune response	12	18.461538461538463	1.761093707841901E-4	P37231, P42224, O15111, Q04206, P04637, P01579, P02778, P08254, O14920, P13500, P35228, P01375	65	898	19104	3.92749700188453	0.4699341670393511	0.0011230478990007734	8.42831395753009E-4
GOTERM_MF_FAT	GO:0019904~protein domain specific binding	11	16.923076923076923	1.7618584331079355E-4	P37231, P10415, Q07869, Q04206, P04637, Q07812, Q14790, Q16665, Q16236, P01584, P06400	65	677	17305	4.325758436541302	0.07671675638654252	0.0018560973725532436	0.0014750442695787367
GOTERM_BP_FAT	GO:0042594~response to starvation	7	10.76923076923077	1.7996697793876587E-4	P37231, P10415, Q07869, P04637, P28482, P38936, Q16236	65	248	19104	8.295781637717122	0.47725387785022144	0.0011456201793522498	8.597715695166483E-4
GOTERM_BP_FAT	GO:0014074~response to purine-containing compound	6	9.230769230769232	1.8139913980744427E-4	P31645, Q9NRD8, P37231, P42224, P35869, P01584	65	157	19104	11.232141107300343	0.4799455716681761	0.0011527003540145004	8.650851393991698E-4
GOTERM_BP_FAT	GO:0001782~B cell homeostasis	4	6.153846153846154	1.8209262062095317E-4	P10415, Q07812, Q16665, P42574	65	33	19104	35.625174825174824	0.48124395899191874	0.001153039915812468	8.653399756749691E-4
GOTERM_BP_FAT	GO:0046209~nitric oxide metabolic process	4	6.153846153846154	1.8209262062095317E-4	P29474, Q07869, P31749, P35228	65	33	19104	35.625174825174824	0.48124395899191874	0.001153039915812468	8.653399756749691E-4
GOTERM_BP_FAT	GO:0051783~regulation of nuclear division	6	9.230769230769232	1.8684738996383845E-4	P01583, O15392, P01344, P01584, P01375, P06400	65	158	19104	11.161051606621228	0.490059339807116	0.0011810721860345788	8.863777937933669E-4
GOTERM_BP_FAT	GO:0050730~regulation of peptidyl-tyrosine phosphorylation	5	7.6923076923076925	1.8922066135619405E-4	P01579, P05231, P00533, P05112, P22301	65	85	19104	17.288687782805432	0.49440321315507585	0.0011939790593106254	8.960642177007858E-4
GOTERM_BP_FAT	GO:0051960~regulation of nervous system development	9	13.846153846153847	1.9304179211378746E-4	P37231, P04637, P31749, P01579, P05231, Q16665, P01584, P01375, P06400	65	480	19104	5.510769230769231	0.5013195550209286	0.0012159607989265318	9.12561199083359E-4
KEGG_PATHWAY	hsa04940:Type I diabetes mellitus	5	7.6923076923076925	1.9312471280617276E-4	P01583, P01579, P60568, P01584, P01375	63	44	9375	16.91017316017316	0.04178651694199653	4.330675378077813E-4	1.9312471280617276E-4
GOTERM_BP_FAT	GO:0014823~response to activity	5	7.6923076923076925	1.9795481703164532E-4	P08253, P05231, Q16665, P22301, P01375	65	86	19104	17.087656529516995	0.5100734432386926	0.0012447315981937489	9.341532726938376E-4
GOTERM_BP_FAT	GO:0000082~G1/S transition of mitotic cell cycle	5	7.6923076923076925	2.069761136827822E-4	P24385, P10415, P01106, P38936, P06400	65	87	19104	16.891246684350133	0.5257492650440028	0.0012991897867579516	9.750233648053016E-4
GOTERM_BP_FAT	GO:0002705~positive regulation of leukocyte mediated immunity	6	9.230769230769232	2.099004669542692E-4	P05231, P35228, P05112, P60568, P01584, P01375	65	162	19104	10.885470085470086	0.5307223525645838	0.0013129711500629027	9.853660809797638E-4
GOTERM_BP_FAT	GO:0045598~regulation of fat cell differentiation	6	9.230769230769232	2.099004669542692E-4	P37231, P09917, P31749, P05231, P35354, P01375	65	162	19104	10.885470085470086	0.5307223525645838	0.0013129711500629027	9.853660809797638E-4
GOTERM_BP_FAT	GO:0016525~negative regulation of angiogenesis	6	9.230769230769232	2.1598833020247587E-4	P37231, P42224, P09917, Q04206, P02778, P01375	65	163	19104	10.818688060405853	0.5409086270768346	0.0013470617897377766	0.001010950618776283
GOTERM_BP_FAT	GO:0045913~positive regulation of carbohydrate metabolic process	5	7.6923076923076925	2.1629012011045986E-4	Q07869, P31749, P01579, Q16665, P01344	65	88	19104	16.6993006993007	0.5414077945695129	0.0013470617897377766	0.001010950618776283
GOTERM_BP_FAT	GO:0010467~gene expression	22	33.84615384615385	2.1647204447909315E-4	P29474, O75469, P04637, P31749, P37231, P00749, Q07869, Q04206, P04150, P01106, Q14790, P00533, Q16236, P05231, Q16665, P42574, O14920, P60568, P29965, P01584, P06400, P01375	65	2816	19104	2.296153846153846	0.5417084395199177	0.0013470617897377766	0.001010950618776283
GOTERM_BP_FAT	GO:2001057~reactive nitrogen species metabolic process	4	6.153846153846154	2.173964036391975E-4	P29474, Q07869, P31749, P35228	65	35	19104	33.589450549450554	0.543232977529412	0.0013481570435663142	0.001011772591119432
GOTERM_BP_FAT	GO:0042178~xenobiotic catabolic process	4	6.153846153846154	2.173964036391975E-4	O75469, P08684, P09488, P05177	65	35	19104	33.589450549450554	0.543232977529412	0.0013481570435663142	0.001011772591119432
GOTERM_MF_FAT	GO:0016209~antioxidant activity	5	7.6923076923076925	2.1794074710177266E-4	Q9NRD8, P23219, P05164, P09211, P35354	65	80	17305	16.639423076923077	0.09401988231121605	0.0022312850329390646	0.0017732066486932964
GOTERM_MF_FAT	GO:0005164~tumor necrosis factor receptor binding	4	6.153846153846154	2.2165083108666205E-4	P42224, Q14790, P29965, P01375	65	32	17305	33.27884615384615	0.09554158950881042	0.0022312850329390646	0.0017732066486932964
GOTERM_BP_FAT	GO:0048598~embryonic morphogenesis	10	15.384615384615385	2.2393072508898967E-4	P14780, P04637, P28482, Q07812, P01106, P08253, Q16665, P42574, P01344, P22301	65	625	19104	4.702523076923078	0.5538663498986596	0.0013862927877931785	0.001040392922062935
GOTERM_BP_FAT	GO:0044843~cell cycle G1/S phase transition	5	7.6923076923076925	2.2590243106394676E-4	P24385, P10415, P01106, P38936, P06400	65	89	19104	16.511668107173726	0.5570260591372425	0.0013961002729389368	0.0010477532994801237
GOTERM_BP_FAT	GO:2000181~negative regulation of blood vessel morphogenesis	6	9.230769230769232	2.2856715760587775E-4	P37231, P42224, P09917, Q04206, P02778, P01375	65	165	19104	10.687552447552449	0.5612608317021677	0.001410149775434893	0.001058297250284749
GOTERM_BP_FAT	GO:0002246~wound healing involved in inflammatory response	3	4.615384615384616	2.295156724989587E-4	P01583, Q16665, P09601	65	7	19104	125.96043956043958	0.5627584204285898	0.0014111688873954748	0.001059062079244342
GOTERM_BP_FAT	GO:0014805~smooth muscle adaptation	3	4.615384615384616	2.295156724989587E-4	P29474, P09601, P01584	65	7	19104	125.96043956043958	0.5627584204285898	0.0014111688873954748	0.001059062079244342
GOTERM_BP_FAT	GO:0043410~positive regulation of MAPK cascade	9	13.846153846153847	2.3140203280493243E-4	P01583, P35968, P04626, P05362, P05231, P00533, P01344, P01584, P01375	65	493	19104	5.365454829146513	0.5657215812165908	0.0014203433120888783	0.001065947353840779
GOTERM_BP_FAT	GO:0032368~regulation of lipid transport	6	9.230769230769232	2.3506205589802877E-4	P37231, Q07869, P31749, P05164, P25963, P01584	65	166	19104	10.623169601482854	0.5714137308958587	0.0014379093164696055	0.0010791303890462984
GOTERM_BP_FAT	GO:0120254~olefinic compound metabolic process	6	9.230769230769232	2.3506205589802877E-4	P09917, P23219, P08684, P09211, P35354, P05177	65	166	19104	10.623169601482854	0.5714137308958587	0.0014379093164696055	0.0010791303890462984
GOTERM_BP_FAT	GO:1902176~negative regulation of oxidative stress-induced intrinsic apoptotic signaling pathway	4	6.153846153846154	2.3659385827951409E-4	P31749, Q16665, Q16236, P22301	65	36	19104	32.65641025641026	0.5737738270066322	0.001444826561662863	0.0010843216826911966
GOTERM_BP_FAT	GO:0006629~lipid metabolic process	14	21.53846153846154	2.3775827900443064E-4	Q9UNQ0, P09917, O75469, P35354, P37231, P23219, Q07869, Q07812, P08684, P04150, P09488, P09211, P05177, P05112	65	1262	19104	3.260465683286603	0.5755591905755288	0.0014494806755549299	0.0010878145286429448
GOTERM_BP_FAT	GO:1901343~negative regulation of vasculature development	6	9.230769230769232	2.4169658804309323E-4	P37231, P42224, P09917, Q04206, P02778, P01375	65	167	19104	10.559557807462	0.5815424333666521	0.0014710013627014609	0.0011039654967373719
GOTERM_BP_FAT	GO:0002260~lymphocyte homeostasis	5	7.6923076923076925	2.4604447052620985E-4	P10415, Q07812, P31749, Q16665, P42574	65	91	19104	16.148774302620456	0.5880500340746864	0.0014949379887115248	0.0011219295924163094
KEGG_PATHWAY	hsa04012:ErbB signaling pathway	6	9.230769230769232	2.4791994726393763E-4	P04626, P28482, P31749, P01106, P38936, P00533	63	86	9375	10.38205980066445	0.053322791931402436	5.503822829259415E-4	2.4791994726393763E-4
GOTERM_BP_FAT	GO:0008406~gonad development	7	10.76923076923077	2.52156130149813E-4	P24385, P35968, P29474, P10415, Q07812, P08253, P42574	65	264	19104	7.793006993006993	0.5970268273568373	0.0015294924864137647	0.0011478622490321453
GOTERM_BP_FAT	GO:0034284~response to monosaccharide	6	9.230769230769232	2.6245804060296633E-4	Q07869, P05362, Q16665, P09211, P42574, P01375	65	170	19104	10.373212669683259	0.6117178175839977	0.0015893047399873743	0.0011927504904040687
GOTERM_BP_FAT	GO:0044283~small molecule biosynthetic process	9	13.846153846153847	2.6499785000875446E-4	P09917, Q07869, P23219, P08684, P09488, P05164, P09211, P35354, P05177	65	503	19104	5.258785747056125	0.61525666032089	0.0016019920362106415	0.001202272124871933
KEGG_PATHWAY	hsa05022:Pathways of neurodegeneration - multiple diseases	12	18.461538461538463	2.672633489716426E-4	P01583, P10415, Q04206, P28482, Q07812, Q14790, P05231, P35354, P42574, P35228, P01584, P01375	63	480	9375	3.720238095238095	0.05736213501487075	5.874501333832145E-4	2.672633489716426E-4
GOTERM_MF_FAT	GO:0019199~transmembrane receptor protein kinase activity	5	7.6923076923076925	2.751863733216973E-4	P35968, P08581, P04626, P00533	65	85	17305	15.660633484162895	0.11721763635840865	0.0027099875459723668	0.002153632486865457
GOTERM_BP_FAT	GO:0045137~development of primary sexual characteristics	7	10.76923076923077	2.788589430893984E-4	P24385, P35968, P29474, P10415, Q07812, P08253, P42574	65	269	19104	7.648155561910209	0.6340094569710131	0.0016829627670872738	0.0012630395010280288
GOTERM_BP_FAT	GO:0048699~generation of neurons	14	21.53846153846154	2.81475516332422E-4	P24385, P10415, P04626, P04637, P19320, P08581, Q07812, P08253, P00533, P05231, Q16665, P42574, P06400	65	1284	19104	3.2046010064701655	0.6374455312500894	0.001695913520645011	0.0012727588564596473
GOTERM_BP_FAT	GO:0009266~response to temperature stimulus	6	9.230769230769232	2.845489153715645E-4	P01583, P29474, P31749, P02778, P09601, P25963	65	173	19104	10.193330369052912	0.6414403421532204	0.0017115688515588429	0.0012845079585387484
GOTERM_MF_FAT	GO:0001228~DNA-binding transcription activator activity, RNA polymerase II-specific	9	13.846153846153847	2.898648607388355E-4	P37231, O75469, Q07869, Q04206, P04637, P04150, P01106, Q16665, Q16236	65	462	17305	5.186313686313686	0.12306974493482858	0.002793803870525372	0.002220241486510229
KEGG_PATHWAY	hsa04915:Estrogen signaling pathway	7	10.76923076923077	2.9639141643315105E-4	P14780, P29474, P10415, P28482, P31749, P08253, P00533	63	139	9375	7.494004796163069	0.06341239104926844	6.450872004721523E-4	2.9639141643315105E-4
GOTERM_BP_FAT	GO:0044087~regulation of cellular component biogenesis	13	20.0	2.9979691993268045E-4	O96017, P35968, P04637, P31749, P03956, P37231, Q07812, P01579, P05362, P08254, O14920, P01584, P01375	65	1120	19104	3.4114285714285715	0.6606183834889636	0.0018002805041957462	0.0013510847858299467
GOTERM_BP_FAT	GO:0009408~response to heat	5	7.6923076923076925	3.020162020452514E-4	P01583, P29474, P31749, P02778, P09601	65	96	19104	15.307692307692308	0.6633228408525218	0.0018105896438752758	0.001358821647804259
GOTERM_BP_FAT	GO:0031620~regulation of fever generation	3	4.615384615384616	3.053594905154202E-4	P35354, P01584, P01375	65	8	19104	110.21538461538462	0.6673564106622556	0.0018275917679851479	0.0013715814989264058
GOTERM_BP_FAT	GO:0061138~morphogenesis of a branching epithelium	6	9.230769230769232	3.080248669186359E-4	P35968, P08581, P10415, P01106, P22301	65	176	19104	10.01958041958042	0.6705374630035554	0.001840486891389461	0.0013812591047230372
GOTERM_BP_FAT	GO:0050680~negative regulation of epithelial cell proliferation	6	9.230769230769232	3.161677403543564E-4	P37231, P42224, P09917, P13500, P01375, P06400	65	177	19104	9.96297262059974	0.6800686078831721	0.001886013855127063	0.0014154264402618869
KEGG_PATHWAY	hsa04672:Intestinal immune network for IgA production	5	7.6923076923076925	3.1807034684453703E-4	P05231, P05112, P60568, P29965, P22301	63	50	9375	14.880952380952381	0.06789026347028926	6.85549679606672E-4	3.1807034684453703E-4
GOTERM_BP_FAT	GO:0050767~regulation of neurogenesis	8	12.307692307692308	3.196504417774697E-4	P37231, P04637, P01579, P05231, Q16665, P01584, P01375, P06400	65	390	19104	6.02887573964497	0.6840604411948855	0.0019021480703007717	0.0014275349381330242
GOTERM_BP_FAT	GO:0045927~positive regulation of growth	7	10.76923076923077	3.199283182354337E-4	P10415, P04626, P28482, P31749, P00533, P01344, P60568	65	276	19104	7.454180602006689	0.6843767868921475	0.0019021480703007717	0.0014275349381330242
KEGG_PATHWAY	hsa04662:B cell receptor signaling pathway	6	9.230769230769232	3.227901887377742E-4	O15111, Q04206, P28482, P31749, O14920, P25963	63	91	9375	9.811616954474097	0.06886233762507965	6.890329028825565E-4	3.227901887377742E-4
GOTERM_BP_FAT	GO:1903038~negative regulation of leukocyte cell-cell adhesion	6	9.230769230769232	3.2447291813648857E-4	Q07869, P04626, P31749, P42574, P60568, P22301	65	178	19104	9.907000864304235	0.6895058310682662	0.001925989990190722	0.0014454279582225126
GOTERM_BP_FAT	GO:0031669~cellular response to nutrient levels	7	10.76923076923077	3.261634912009807E-4	P37231, P10415, Q07869, P04637, P28482, P38936, Q16236	65	277	19104	7.427270202721467	0.6913924782203208	0.0019300974182502497	0.0014485105242710728
GOTERM_BP_FAT	GO:1900542~regulation of purine nucleotide metabolic process	5	7.6923076923076925	3.267719747800867E-4	Q07869, P04637, P01579, Q16665, P05112	65	98	19104	14.995290423861853	0.6920687257495314	0.0019300974182502497	0.0014485105242710728
GOTERM_BP_FAT	GO:0006140~regulation of nucleotide metabolic process	5	7.6923076923076925	3.267719747800867E-4	Q07869, P04637, P01579, Q16665, P05112	65	98	19104	14.995290423861853	0.6920687257495314	0.0019300974182502497	0.0014485105242710728
GOTERM_MF_FAT	GO:0001216~DNA-binding transcription activator activity	9	13.846153846153847	3.3464459623482035E-4	P37231, O75469, Q07869, Q04206, P04637, P04150, P01106, Q16665, Q16236	65	472	17305	5.076434159061278	0.1406847027328293	0.003158208376966117	0.0025098344717611526
GOTERM_BP_FAT	GO:1900017~positive regulation of cytokine production involved in inflammatory response	4	6.153846153846154	3.4904154369935444E-4	Q04206, P05231, Q16665, P01375	65	41	19104	28.67392120075047	0.7158250792393697	0.0020582597085904647	0.0015446944912652283
GOTERM_BP_FAT	GO:0071230~cellular response to amino acid stimulus	5	7.6923076923076925	3.529498588175454E-4	P08253, P00533, P08254, Q16236, P01375	65	100	19104	14.695384615384615	0.7198011713921109	0.0020779057864699613	0.0015594385918997432
KEGG_PATHWAY	hsa04510:Focal adhesion	8	12.307692307692308	3.6086328906576585E-4	P24385, P35968, P08581, P10415, P04626, P28482, P31749, P00533	63	203	9375	5.864414731409805	0.07666686189904137	7.62968096881905E-4	3.6086328906576585E-4
GOTERM_BP_FAT	GO:0002699~positive regulation of immune effector process	7	10.76923076923077	3.65606706911313E-4	P05231, P35228, P05112, P60568, P01584, P22301, P01375	65	283	19104	7.269801576515358	0.7322997783951297	0.0021489085889093975	0.0016127251802417462
GOTERM_BP_FAT	GO:0030308~negative regulation of cell growth	6	9.230769230769232	3.68508453258228E-4	P37231, P10415, Q07869, P04637, P38936, P06400	65	183	19104	9.636317780580077	0.7350857882197246	0.0021624364121977124	0.0016228776182577339
GOTERM_BP_FAT	GO:0042100~B cell proliferation	4	6.153846153846154	3.74994690814576E-4	P10415, Q07812, P29965, P22301	65	42	19104	27.991208791208795	0.7412089573741059	0.0021827235395879114	0.0016381028173870977
GOTERM_BP_FAT	GO:0006693~prostaglandin metabolic process	4	6.153846153846154	3.74994690814576E-4	P23219, P09488, P09211, P35354	65	42	19104	27.991208791208795	0.7412089573741059	0.0021827235395879114	0.0016381028173870977
GOTERM_BP_FAT	GO:0030574~collagen catabolic process	4	6.153846153846154	3.74994690814576E-4	P14780, P03956, P08253, P08254	65	42	19104	27.991208791208795	0.7412089573741059	0.0021827235395879114	0.0016381028173870977
GOTERM_BP_FAT	GO:0045923~positive regulation of fatty acid metabolic process	4	6.153846153846154	3.74994690814576E-4	P37231, Q07869, P35354, P01584	65	42	19104	27.991208791208795	0.7412089573741059	0.0021827235395879114	0.0016381028173870977
GOTERM_BP_FAT	GO:1904994~regulation of leukocyte adhesion to vascular endothelial cell	4	6.153846153846154	3.74994690814576E-4	P09917, Q04206, P05231, P01375	65	42	19104	27.991208791208795	0.7412089573741059	0.0021827235395879114	0.0016381028173870977
GOTERM_BP_FAT	GO:0007565~female pregnancy	6	9.230769230769232	3.778326679581531E-4	P14780, P10415, P31749, P08253, P35354, P01584	65	184	19104	9.583946488294316	0.7438433862754392	0.0021956953268600413	0.0016478379583207193
GOTERM_CC_FAT	GO:0090575~RNA polymerase II transcription regulator complex	7	10.76923076923077	3.856379788402495E-4	P37231, P42224, Q07869, P01106, Q16665, Q16236, P06400	59	278	16775	7.159187903914156	0.10548255254821604	0.017517493631532537	0.01642643866486269
GOTERM_BP_FAT	GO:0051248~negative regulation of protein metabolic process	10	15.384615384615385	3.900711584183766E-4	P00749, Q04206, P04637, P31749, P08253, P38936, P00533, P35228, P22301, P06400	65	674	19104	4.360648253823328	0.7549004220716649	0.00226316647951918	0.001698474093982754
GOTERM_BP_FAT	GO:0001763~morphogenesis of a branching structure	6	9.230769230769232	3.9701575732044986E-4	P35968, P08581, P10415, P01106, P22301	65	186	19104	9.48089330024814	0.7609610808189897	0.002299755263063635	0.0017259334530458142
GOTERM_BP_FAT	GO:0045123~cellular extravasation	4	6.153846153846154	4.0215829045037876E-4	P19320, P05362, P13500, P01375	65	43	19104	27.34025044722719	0.7653522901698776	0.002322077436687043	0.0017426859252849746
GOTERM_BP_FAT	GO:0090199~regulation of release of cytochrome c from mitochondria	4	6.153846153846154	4.0215829045037876E-4	P14780, P04637, Q07812, P31749	65	43	19104	27.34025044722719	0.7653522901698776	0.002322077436687043	0.0017426859252849746
GOTERM_CC_FAT	GO:0009986~cell surface	12	18.461538461538463	4.242991537049403E-4	Q9NRD8, P00749, P35968, Q9UNQ0, P08581, P19320, P02778, P05362, P00533, P29965, P01375	59	970	16775	3.517385986370785	0.11542544385778797	0.017517493631532537	0.01642643866486269
GOTERM_BP_FAT	GO:0043270~positive regulation of monoatomic ion transport	6	9.230769230769232	4.271604136839556E-4	P31645, Q07812, P31749, P01579, P02778, P13500	65	189	19104	9.330402930402931	0.7855792404788134	0.002462494352805267	0.0018480668137622652
GOTERM_BP_FAT	GO:0070232~regulation of T cell apoptotic process	4	6.153846153846154	4.305557728520023E-4	P10415, P04637, P05362, Q16665	65	44	19104	26.718881118881118	0.7881882039171934	0.002470210906983701	0.0018538579773755002
GOTERM_BP_FAT	GO:0006692~prostanoid metabolic process	4	6.153846153846154	4.305557728520023E-4	P23219, P09488, P09211, P35354	65	44	19104	26.718881118881118	0.7881882039171934	0.002470210906983701	0.0018538579773755002
GOTERM_BP_FAT	GO:1904706~negative regulation of vascular associated smooth muscle cell proliferation	4	6.153846153846154	4.305557728520023E-4	P37231, P38936, P09211, P22301	65	44	19104	26.718881118881118	0.7881882039171934	0.002470210906983701	0.0018538579773755002
GOTERM_BP_FAT	GO:0046394~carboxylic acid biosynthetic process	7	10.76923076923077	4.316812326777999E-4	P09917, P23219, P08684, P09488, P09211, P35354, P05177	65	292	19104	7.0457323498419395	0.7890459748589723	0.0024727304949731525	0.0018557488921474895
GOTERM_BP_FAT	GO:0007610~behavior	10	15.384615384615385	4.4817013117184125E-4	P31645, P10415, Q07869, P04637, P28482, P31749, P04150, Q16665, P00533, P42574	65	687	19104	4.278132348001344	0.8012221092098718	0.002563106321606578	0.0019235746582359661
GOTERM_BP_FAT	GO:0070664~negative regulation of leukocyte proliferation	5	7.6923076923076925	4.564488877296632E-4	P04626, P09211, P42574, P60568, P22301	65	107	19104	13.734004313443567	0.8070679731137107	0.0026021919976107226	0.001952907899400331
GOTERM_BP_FAT	GO:1901992~positive regulation of mitotic cell cycle phase transition	5	7.6923076923076925	4.564488877296632E-4	P24385, O15392, P31749, P00533, P06400	65	107	19104	13.734004313443567	0.8070679731137107	0.0026021919976107226	0.001952907899400331
GOTERM_BP_FAT	GO:1903580~positive regulation of ATP metabolic process	4	6.153846153846154	4.60210304637491E-4	Q07869, P01579, Q16665, P05112	65	45	19104	26.12512820512821	0.8096669234231741	0.0026194908808987046	0.0019658904640438794
GOTERM_BP_FAT	GO:0016053~organic acid biosynthetic process	7	10.76923076923077	4.63886686899625E-4	P09917, P23219, P08684, P09488, P09211, P35354, P05177	65	296	19104	6.950519750519751	0.8121732931795098	0.002636251944636197	0.001978469402802186
GOTERM_BP_FAT	GO:0002690~positive regulation of leukocyte chemotaxis	5	7.6923076923076925	4.7282141521171197E-4	P28482, P02778, P05231, P13500, P10145	65	108	19104	13.606837606837606	0.8181278593582585	0.0026827961559177924	0.0020134001680826284
GOTERM_BP_FAT	GO:0071229~cellular response to acid chemical	5	7.6923076923076925	4.896085380427856E-4	P08253, P00533, P08254, Q16236, P01375	65	109	19104	13.482004234297813	0.8288100090952908	0.0027736785574971013	0.002081606111427189
GOTERM_BP_FAT	GO:0022617~extracellular matrix disassembly	4	6.153846153846154	4.911447905784781E-4	P14780, P03956, P08253, P08254	65	46	19104	25.55719063545151	0.8297556722761379	0.002778013627086745	0.0020848595191902746
GOTERM_CC_FAT	GO:0009897~external side of plasma membrane	8	12.307692307692308	5.082459578100313E-4	P00749, P35968, Q9UNQ0, P19320, P02778, P05362, P29965, P01375	59	410	16775	5.547747002893757	0.13663731962802395	0.01836038522588738	0.01721683182081481
GOTERM_BP_FAT	GO:0030890~positive regulation of B cell proliferation	4	6.153846153846154	5.233818751207287E-4	P10415, P38936, P05112, P60568	65	47	19104	25.013420621931264	0.8484382383653344	0.002951087474272278	0.002214748967647027
GOTERM_BP_FAT	GO:0071498~cellular response to fluid shear stress	4	6.153846153846154	5.233818751207287E-4	P31749, P08253, Q16236, P35354	65	47	19104	25.013420621931264	0.8484382383653344	0.002951087474272278	0.002214748967647027
GOTERM_BP_FAT	GO:0001503~ossification	7	10.76923076923077	5.247362178942066E-4	Q9NRD8, P10415, P31749, P08253, Q16665, P00533, P01344	65	303	19104	6.789946686976391	0.8491766025903178	0.0029541009266762916	0.0022170105206030227
GOTERM_BP_FAT	GO:0042692~muscle cell differentiation	7	10.76923076923077	5.432160711437892E-4	O15111, P10415, P31749, P01106, P42574, P01344, P06400	65	305	19104	6.745422446406054	0.8588994685813433	0.003053365841390129	0.002291507420238387
GOTERM_BP_FAT	GO:0071526~semaphorin-plexin signaling pathway	4	6.153846153846154	5.569439444018559E-4	P35968, P08581, P04626	65	48	19104	24.492307692307694	0.8657142302075309	0.003115945701366284	0.00233847271065624
GOTERM_BP_FAT	GO:0045981~positive regulation of nucleotide metabolic process	4	6.153846153846154	5.569439444018559E-4	Q07869, P01579, Q16665, P05112	65	48	19104	24.492307692307694	0.8657142302075309	0.003115945701366284	0.00233847271065624
GOTERM_BP_FAT	GO:1900544~positive regulation of purine nucleotide metabolic process	4	6.153846153846154	5.569439444018559E-4	Q07869, P01579, Q16665, P05112	65	48	19104	24.492307692307694	0.8657142302075309	0.003115945701366284	0.00233847271065624
GOTERM_BP_FAT	GO:0043124~negative regulation of canonical NF-kappaB signal transduction	5	7.6923076923076925	5.799729679194427E-4	P42224, Q14790, P09211, P25963, P01375	65	114	19104	12.890688259109313	0.8764153517958946	0.003234740872157511	0.002427626788319154
GOTERM_BP_FAT	GO:0001960~negative regulation of cytokine-mediated signaling pathway	5	7.6923076923076925	5.799729679194427E-4	P01583, P37231, P05231, P09211, P01584	65	114	19104	12.890688259109313	0.8764153517958946	0.003234740872157511	0.002427626788319154
GOTERM_BP_FAT	GO:0071364~cellular response to epidermal growth factor stimulus	4	6.153846153846154	5.918531277189856E-4	P04626, P31749, P00533, P09211	65	49	19104	23.992464678178965	0.8815980567728768	0.003280687414110008	0.00246210901131098
GOTERM_BP_FAT	GO:2000378~negative regulation of reactive oxygen species metabolic process	4	6.153846153846154	5.918531277189856E-4	Q07869, P04637, Q16665, P08254	65	49	19104	23.992464678178965	0.8815980567728768	0.003280687414110008	0.00246210901131098
GOTERM_BP_FAT	GO:0006801~superoxide metabolic process	4	6.153846153846154	5.918531277189856E-4	Q9NRD8, P29474, P05164, P35228	65	49	19104	23.992464678178965	0.8815980567728768	0.003280687414110008	0.00246210901131098
GOTERM_BP_FAT	GO:0060711~labyrinthine layer development	4	6.153846153846154	5.918531277189856E-4	P28482, P31749, Q14790, P22301	65	49	19104	23.992464678178965	0.8815980567728768	0.003280687414110008	0.00246210901131098
GOTERM_BP_FAT	GO:0070242~thymocyte apoptotic process	3	4.615384615384616	5.959343413759818E-4	O96017, P04637, Q07812	65	11	19104	80.15664335664336	0.88332786920612	0.0032831061651034596	0.0024639242493588
GOTERM_BP_FAT	GO:1903624~regulation of DNA catabolic process	3	4.615384615384616	5.959343413759818E-4	Q07812, P05231, P42574	65	11	19104	80.15664335664336	0.88332786920612	0.0032831061651034596	0.0024639242493588
GOTERM_BP_FAT	GO:1902510~regulation of apoptotic DNA fragmentation	3	4.615384615384616	5.959343413759818E-4	Q07812, P05231, P42574	65	11	19104	80.15664335664336	0.88332786920612	0.0032831061651034596	0.0024639242493588
GOTERM_BP_FAT	GO:0031652~positive regulation of heat generation	3	4.615384615384616	5.959343413759818E-4	P35354, P01584, P01375	65	11	19104	80.15664335664336	0.88332786920612	0.0032831061651034596	0.0024639242493588
GOTERM_BP_FAT	GO:0044703~multi-organism reproductive process	6	9.230769230769232	6.045971398747639E-4	P14780, P10415, P31749, P08253, P35354, P01584	65	204	19104	8.644343891402716	0.8869163034119449	0.003325745793845457	0.002495924681253987
GOTERM_BP_FAT	GO:0035924~cellular response to vascular endothelial growth factor stimulus	4	6.153846153846154	6.281312994107347E-4	P35968, Q04206, P31749, P19320	65	50	19104	23.512615384615383	0.8961176715997278	0.0034446835186862663	0.0025851857436934955
GOTERM_BP_FAT	GO:0043457~regulation of cellular respiration	4	6.153846153846154	6.281312994107347E-4	P01579, P35228, P05112, P01375	65	50	19104	23.512615384615383	0.8961176715997278	0.0034446835186862663	0.0025851857436934955
KEGG_PATHWAY	hsa04370:VEGF signaling pathway	5	7.6923076923076925	6.410685197694768E-4	P35968, P29474, P28482, P31749, P35354	63	60	9375	12.40079365079365	0.13213714186424008	0.0013426152017813572	6.410685197694768E-4
GOTERM_MF_FAT	GO:0051879~Hsp90 protein binding	4	6.153846153846154	6.537883895445566E-4	P35869, P35968, P04150, Q16665	65	46	17305	23.150501672240804	0.2564081606225844	0.006044206948238452	0.004803343270123273
GOTERM_BP_FAT	GO:0009267~cellular response to starvation	6	9.230769230769232	6.600857833857169E-4	P10415, Q07869, P04637, P28482, P38936, Q16236	65	208	19104	8.47810650887574	0.907424862256175	0.0036144210904844043	0.002712571365159542
GOTERM_BP_FAT	GO:0008625~extrinsic apoptotic signaling pathway via death domain receptors	4	6.153846153846154	6.658000803382622E-4	P10415, Q07812, Q14790, P01375	65	51	19104	23.051583710407243	0.909313126110396	0.0036401785879495584	0.0027319019988386356
GOTERM_BP_FAT	GO:0060761~negative regulation of response to cytokine stimulus	5	7.6923076923076925	6.816046711236814E-4	P01583, P37231, P05231, P09211, P01584	65	119	19104	12.349062702003879	0.9143375578488849	0.003715312602206693	0.0027882890025997496
GOTERM_BP_FAT	GO:0019217~regulation of fatty acid metabolic process	5	7.6923076923076925	6.816046711236814E-4	P37231, Q07869, P31749, P35354, P01584	65	119	19104	12.349062702003879	0.9143375578488849	0.003715312602206693	0.0027882890025997496
GOTERM_BP_FAT	GO:0045776~negative regulation of blood pressure	4	6.153846153846154	7.048808399039331E-4	P29474, Q07869, P35228, P01375	65	52	19104	22.60828402366864	0.9212349811799148	0.0038363831815315273	0.0028791507418432553
GOTERM_BP_FAT	GO:0046222~aflatoxin metabolic process	3	4.615384615384616	7.135770524026484E-4	P08684, Q16236, P05177	65	12	19104	73.47692307692309	0.9236669822173689	0.0038720152406728045	0.002905892092916809
GOTERM_BP_FAT	GO:0043385~mycotoxin metabolic process	3	4.615384615384616	7.135770524026484E-4	P08684, Q16236, P05177	65	12	19104	73.47692307692309	0.9236669822173689	0.0038720152406728045	0.002905892092916809
GOTERM_BP_FAT	GO:0030225~macrophage differentiation	4	6.153846153846154	7.453946974360978E-4	P14780, P04150, P01579, Q14790	65	53	19104	22.181712626995647	0.9319426265581041	0.004038582097537233	0.0030308981381461783
GOTERM_BP_FAT	GO:0051897~positive regulation of phosphatidylinositol 3-kinase/protein kinase B signal transduction	6	9.230769230769232	7.662757163534536E-4	P35968, P31749, P00533, P01344, P01584, P01375	65	215	19104	8.202075134168158	0.9368799189375849	0.004139267475294593	0.003106461074992112
GOTERM_BP_FAT	GO:0032680~regulation of tumor necrosis factor production	6	9.230769230769232	7.662757163534536E-4	P01583, P01579, P05231, P09211, P05112, P22301	65	215	19104	8.202075134168158	0.9368799189375849	0.004139267475294593	0.003106461074992112
GOTERM_BP_FAT	GO:0007548~sex differentiation	7	10.76923076923077	7.694948030139249E-4	P24385, P35968, P29474, P10415, Q07812, P08253, P42574	65	326	19104	6.3109013685700805	0.9376085368865695	0.0041442298583844114	0.0031101852725704832
GOTERM_BP_FAT	GO:1904951~positive regulation of establishment of protein localization	7	10.76923076923077	7.694948030139249E-4	P01583, P37231, P04626, P31749, Q16665, P01584, P01375	65	326	19104	6.3109013685700805	0.9376085368865695	0.0041442298583844114	0.0031101852725704832
GOTERM_BP_FAT	GO:0007093~mitotic cell cycle checkpoint signaling	5	7.6923076923076925	7.715315818632957E-4	O96017, P24385, O15392, P04637, P38936	65	123	19104	11.947467166979363	0.9380651983400454	0.004148997446945454	0.0031137632796393306
GOTERM_BP_FAT	GO:0007566~embryo implantation	4	6.153846153846154	7.87362523913932E-4	P14780, P08253, P35354, P01584	65	54	19104	21.77094017094017	0.941502558125583	0.00421525583010683	0.00316348924912819
GOTERM_BP_FAT	GO:0097194~execution phase of apoptosis	4	6.153846153846154	7.87362523913932E-4	Q07812, P31749, Q14790, P42574	65	54	19104	21.77094017094017	0.941502558125583	0.00421525583010683	0.00316348924912819
GOTERM_BP_FAT	GO:1904707~positive regulation of vascular associated smooth muscle cell proliferation	4	6.153846153846154	7.87362523913932E-4	P14780, P08253, P22301, P01375	65	54	19104	21.77094017094017	0.941502558125583	0.00421525583010683	0.00316348924912819
GOTERM_BP_FAT	GO:0044706~multi-multicellular organism process	6	9.230769230769232	7.988359968968551E-4	P14780, P10415, P31749, P08253, P35354, P01584	65	217	19104	8.126479971641263	0.9438739638698055	0.004270335455221616	0.0032048257204882733
GOTERM_BP_FAT	GO:0048771~tissue remodeling	5	7.6923076923076925	8.195028330778275E-4	P01583, P29474, Q07812, P08253, Q16665	65	125	19104	11.756307692307692	0.9479056649286203	0.00437432401122876	0.0032828676453962153
GOTERM_BP_FAT	GO:0019748~secondary metabolic process	4	6.153846153846154	8.308049437322336E-4	P10415, P08684, Q16236, P05177	65	55	19104	21.375104895104894	0.9499866602110957	0.004428092029981121	0.0033232197749289345
GOTERM_BP_FAT	GO:0022411~cellular component disassembly	7	10.76923076923077	8.327990283298817E-4	P14780, P03956, P01106, P05164, P08253, P08254, P42574	65	331	19104	6.215570532186847	0.9503450987386087	0.004432163809560656	0.0033262755873028067
GOTERM_BP_FAT	GO:0033084~regulation of immature T cell proliferation in thymus	3	4.615384615384616	8.414977877953868E-4	P01583, P04626, P01584	65	13	19104	67.82485207100592	0.9518789117648285	0.004458700778568792	0.0033461912032334206
GOTERM_BP_FAT	GO:0001783~B cell apoptotic process	3	4.615384615384616	8.414977877953868E-4	P10415, Q07812, P01106	65	13	19104	67.82485207100592	0.9518789117648285	0.004458700778568792	0.0033461912032334206
GOTERM_BP_FAT	GO:0034116~positive regulation of heterotypic cell-cell adhesion	3	4.615384615384616	8.414977877953868E-4	P01584, P22301, P01375	65	13	19104	67.82485207100592	0.9518789117648285	0.004458700778568792	0.0033461912032334206
GOTERM_BP_FAT	GO:0006468~protein phosphorylation	7	10.76923076923077	8.459294485247985E-4	O96017, P35968, P04626, P28482, P31749, O14920, P13500	65	332	19104	6.196848934198331	0.9526420211343617	0.0044756002981422155	0.0033588740511175555
GOTERM_BP_FAT	GO:1903555~regulation of tumor necrosis factor superfamily cytokine production	6	9.230769230769232	8.496019739222503E-4	P01583, P01579, P05231, P09211, P05112, P22301	65	220	19104	8.015664335664336	0.9532652358636253	0.004488439753727079	0.0033685098790113854
GOTERM_BP_FAT	GO:0050918~positive chemotaxis	4	6.153846153846154	8.757423362730609E-4	P08581, P02778, P13500	65	56	19104	20.993406593406597	0.957470536546245	0.004619765208772824	0.0034670677559038897
GOTERM_BP_FAT	GO:0006606~protein import into nucleus	5	7.6923076923076925	8.953568350418199E-4	P29474, P04637, P31749, P38936, P25963	65	128	19104	11.480769230769232	0.9603756517407848	0.004716331398619411	0.0035395393011009957
KEGG_PATHWAY	hsa04726:Serotonergic synapse	6	9.230769230769232	9.436854002631775E-4	P31645, P09917, P23219, P28482, P35354, P42574	63	115	9375	7.763975155279502	0.18832311291099646	0.001957926718303041	9.436854002631775E-4
GOTERM_BP_FAT	GO:1901796~regulation of signal transduction by p53 class mediator	5	7.6923076923076925	9.485955950357551E-4	O96017, P10415, P04637, P31749, P01106	65	130	19104	11.304142011834319	0.9672993737806512	0.004989474348779307	0.0037445291809878566
GOTERM_BP_FAT	GO:0048608~reproductive structure development	7	10.76923076923077	9.568291975315193E-4	P24385, P35968, P29474, P10415, Q07812, P08253, P42574	65	340	19104	6.0510407239819015	0.9682563715293984	0.005025445479163358	0.0037715250001825484
GOTERM_BP_FAT	GO:1902003~regulation of amyloid-beta formation	4	6.153846153846154	9.701823420732817E-4	Q04206, P01579, P42574, P01375	65	58	19104	20.26949602122016	0.9697492529208759	0.005058707638914666	0.003796487775638428
GOTERM_BP_FAT	GO:0001541~ovarian follicle development	4	6.153846153846154	9.701823420732817E-4	P35968, P10415, Q07812, P08253	65	58	19104	20.26949602122016	0.9697492529208759	0.005058707638914666	0.003796487775638428
GOTERM_BP_FAT	GO:0050731~positive regulation of peptidyl-tyrosine phosphorylation	4	6.153846153846154	9.701823420732817E-4	P01579, P05231, P05112, P22301	65	58	19104	20.26949602122016	0.9697492529208759	0.005058707638914666	0.003796487775638428
GOTERM_BP_FAT	GO:0032692~negative regulation of interleukin-1 production	4	6.153846153846154	9.701823420732817E-4	P01583, P09211, P01584, P22301	65	58	19104	20.26949602122016	0.9697492529208759	0.005058707638914666	0.003796487775638428
GOTERM_BP_FAT	GO:0030857~negative regulation of epithelial cell differentiation	4	6.153846153846154	9.701823420732817E-4	P42224, P24385, P14780, P01579	65	58	19104	20.26949602122016	0.9697492529208759	0.005058707638914666	0.003796487775638428
GOTERM_BP_FAT	GO:0033083~regulation of immature T cell proliferation	3	4.615384615384616	9.796285289924373E-4	P01583, P04626, P01584	65	14	19104	62.98021978021979	0.9707627494149936	0.005071266652241022	0.0038059131356257907
GOTERM_BP_FAT	GO:0060333~type II interferon-mediated signaling pathway	3	4.615384615384616	9.796285289924373E-4	P42224, P04637, P01579	65	14	19104	62.98021978021979	0.9707627494149936	0.005071266652241022	0.0038059131356257907
GOTERM_BP_FAT	GO:0031650~regulation of heat generation	3	4.615384615384616	9.796285289924373E-4	P35354, P01584, P01375	65	14	19104	62.98021978021979	0.9707627494149936	0.005071266652241022	0.0038059131356257907
GOTERM_BP_FAT	GO:2000660~negative regulation of interleukin-1-mediated signaling pathway	3	4.615384615384616	9.796285289924373E-4	P01583, P05231, P01584	65	14	19104	62.98021978021979	0.9707627494149936	0.005071266652241022	0.0038059131356257907
GOTERM_BP_FAT	GO:0010745~negative regulation of macrophage derived foam cell differentiation	3	4.615384615384616	9.796285289924373E-4	P37231, Q07869, P25963	65	14	19104	62.98021978021979	0.9707627494149936	0.005071266652241022	0.0038059131356257907
GOTERM_BP_FAT	GO:0007162~negative regulation of cell adhesion	7	10.76923076923077	0.0010011891377801163	Q07869, P04626, P31749, P08253, P42574, P60568, P22301	65	343	19104	5.998116169544741	0.9729506728225321	0.005168029317223151	0.003878532132603774
GOTERM_BP_FAT	GO:0048638~regulation of developmental growth	7	10.76923076923077	0.0010011891377801163	P31645, P10415, Q07869, P28482, P31749, P38936, P01344	65	343	19104	5.998116169544741	0.9729506728225321	0.005168029317223151	0.003878532132603774
GOTERM_MF_FAT	GO:0004497~monooxygenase activity	5	7.6923076923076925	0.0010136841033940385	P29474, P08684, P05177, P09601, P35228	65	120	17305	11.092948717948719	0.3683575556556197	0.00918397797674999	0.007298525544437077
GOTERM_BP_FAT	GO:0072332~intrinsic apoptotic signaling pathway by p53 class mediator	4	6.153846153846154	0.0010197245039196621	O96017, P04637, Q07812, P38936	65	59	19104	19.92594524119948	0.974700285682841	0.005256176520203923	0.0039446853484960895
GOTERM_BP_FAT	GO:0061458~reproductive system development	7	10.76923076923077	0.0010316319558500101	P24385, P35968, P29474, P10415, Q07812, P08253, P42574	65	345	19104	5.963344481605352	0.9757641101668998	0.005307256386753144	0.003983020058223842
GOTERM_BP_FAT	GO:0002718~regulation of cytokine production involved in immune response	5	7.6923076923076925	0.0010325802739700122	P05231, P05112, P01584, P22301, P01375	65	133	19104	11.04916136495084	0.9758468860004844	0.005307256386753144	0.003983020058223842
GOTERM_MF_FAT	GO:0140296~general transcription initiation factor binding	4	6.153846153846154	0.0010460329891590187	P35869, Q04206, P04637, P04150	65	54	17305	19.720797720797723	0.3775555863415414	0.009291234197824225	0.007383762276416603
GOTERM_BP_FAT	GO:0002824~positive regulation of adaptive immune response based on somatic recombination of immune receptors built from immunoglobulin superfamily domains	5	7.6923076923076925	0.001061700066312988	P05231, P05112, P60568, P01584, P01375	65	134	19104	10.966704936854192	0.9782556147654594	0.0054491529044525585	0.004089511366538916
GOTERM_BP_FAT	GO:0022408~negative regulation of cell-cell adhesion	6	9.230769230769232	0.0010770769359039873	Q07869, P04626, P31749, P42574, P60568, P22301	65	232	19104	7.6010610079575605	0.9794290886191689	0.005520210810899098	0.004142839309650614
KEGG_PATHWAY	hsa04664:Fc epsilon RI signaling pathway	5	7.6923076923076925	0.0010872324414093102	P09917, P28482, P31749, P05112, P01375	63	69	9375	10.783298826777086	0.21369386961870995	0.0022348666851191375	0.0010872324414093102
GOTERM_BP_FAT	GO:0051170~import into nucleus	5	7.6923076923076925	0.0010913925122649198	P29474, P04637, P31749, P38936, P25963	65	135	19104	10.885470085470086	0.9804645908687879	0.0055856352580831055	0.0041919394221084415
GOTERM_BP_FAT	GO:0046683~response to organophosphorus	5	7.6923076923076925	0.0011216637331101288	P31645, Q9NRD8, P42224, P35869, P01584	65	136	19104	10.805429864253394	0.9824858287544049	0.005707625579140002	0.0042834914143754
GOTERM_BP_FAT	GO:0034763~negative regulation of transmembrane transport	5	7.6923076923076925	0.0011216637331101288	P14780, P10415, P31749, P01584, P01375	65	136	19104	10.805429864253394	0.9824858287544049	0.005707625579140002	0.0042834914143754
GOTERM_BP_FAT	GO:0050853~B cell receptor signaling pathway	4	6.153846153846154	0.0011235502258475903	P10415, P28482, Q07812, P25963	65	61	19104	19.272635561160154	0.9826046352374537	0.005707625579140002	0.0042834914143754
GOTERM_BP_FAT	GO:0043029~T cell homeostasis	4	6.153846153846154	0.0011235502258475903	P10415, Q07812, P31749, P42574	65	61	19104	19.272635561160154	0.9826046352374537	0.005707625579140002	0.0042834914143754
GOTERM_BP_FAT	GO:0002544~chronic inflammatory response	3	4.615384615384616	0.001127901585442043	P19320, P22301, P01375	65	15	19104	58.78153846153846	0.982875609300425	0.005707625579140002	0.0042834914143754
GOTERM_BP_FAT	GO:0045348~positive regulation of MHC class II biosynthetic process	3	4.615384615384616	0.001127901585442043	P01579, P05112, P22301	65	15	19104	58.78153846153846	0.982875609300425	0.005707625579140002	0.0042834914143754
GOTERM_BP_FAT	GO:1901299~negative regulation of hydrogen peroxide-mediated programmed cell death	3	4.615384615384616	0.001127901585442043	P08581, P31749	65	15	19104	58.78153846153846	0.982875609300425	0.005707625579140002	0.0042834914143754
GOTERM_BP_FAT	GO:1903377~negative regulation of oxidative stress-induced neuron intrinsic apoptotic signaling pathway	3	4.615384615384616	0.001127901585442043	P31749, Q16665, P22301	65	15	19104	58.78153846153846	0.982875609300425	0.005707625579140002	0.0042834914143754
GOTERM_MF_FAT	GO:0001217~DNA-binding transcription repressor activity	7	10.76923076923077	0.0011431975448720436	P37231, Q07869, Q04206, P04637, P04150, P01106, Q16665	65	319	17305	5.842054497226912	0.4043873424370579	0.009959009381289149	0.007914444541421841
KEGG_PATHWAY	hsa05211:Renal cell carcinoma	5	7.6923076923076925	0.0011474633064828882	P08581, P28482, P31749, P38936, Q16665	63	70	9375	10.629251700680271	0.22410260803197835	0.0022949266129657763	0.0011474633064828882
KEGG_PATHWAY	hsa05204:Chemical carcinogenesis - DNA adducts	5	7.6923076923076925	0.0011474633064828882	P08684, P09488, P09211, P35354, P05177	63	70	9375	10.629251700680271	0.22410260803197835	0.0022949266129657763	0.0011474633064828882
KEGG_PATHWAY	hsa05416:Viral myocarditis	5	7.6923076923076925	0.0011474633064828882	P24385, Q14790, P05362, P42574, P29965	63	70	9375	10.629251700680271	0.22410260803197835	0.0022949266129657763	0.0011474633064828882
GOTERM_BP_FAT	GO:0002688~regulation of leukocyte chemotaxis	5	7.6923076923076925	0.0011839669782723631	P28482, P02778, P05231, P13500, P10145	65	138	19104	10.648829431438127	0.9860118535321973	0.005975336618439757	0.004484404722803525
GOTERM_BP_FAT	GO:0000165~MAPK cascade	6	9.230769230769232	0.0011841216612728245	P28482, P01106, P00533, O14920, P01584, P01375	65	237	19104	7.440701071080818	0.9860196586754252	0.005975336618439757	0.004484404722803525
KEGG_PATHWAY	hsa05310:Asthma	4	6.153846153846154	0.001191708919619962	P05112, P29965, P22301, P01375	63	32	9375	18.601190476190474	0.23166137483340843	0.0023621373228181392	0.001191708919619962
GOTERM_BP_FAT	GO:0072594~establishment of protein localization to organelle	7	10.76923076923077	0.0011946947983398476	P29474, P04637, Q07812, P31749, P38936, P00533, P25963	65	355	19104	5.795362946912244	0.9865429761555979	0.006020259242543316	0.004518118510085242
KEGG_PATHWAY	hsa04917:Prolactin signaling pathway	5	7.6923076923076925	0.0012099988341105572	P42224, P24385, Q04206, P28482, P31749	63	71	9375	10.479543930248155	0.23476450482672462	0.0023771658510844573	0.0012099988341105572
GOTERM_MF_FAT	GO:0030291~protein serine/threonine kinase inhibitor activity	4	6.153846153846154	0.0012242565195908555	P31749, P38936, P09211, P42574	65	57	17305	18.682860998650472	0.42588638104150145	0.010463928365559576	0.00831570466137185
GOTERM_BP_FAT	GO:0019369~arachidonate metabolic process	4	6.153846153846154	0.0012338244969730017	P09917, P23219, P35354, P05177	65	63	19104	18.660805860805862	0.9883149960326544	0.006208756512002409	0.0046595830165013915
GOTERM_BP_FAT	GO:0042391~regulation of membrane potential	8	12.307692307692308	0.001244506649246702	P31645, P35968, P08581, P10415, Q07812, P31749, P01375	65	491	19104	4.788720037599875	0.9887568386305715	0.006248496440100035	0.0046894072645102675
GOTERM_BP_FAT	GO:0045931~positive regulation of mitotic cell cycle	5	7.6923076923076925	0.0012486587390707813	P24385, O15392, P31749, P00533, P06400	65	140	19104	10.496703296703297	0.9889240370912539	0.006248496440100035	0.0046894072645102675
GOTERM_BP_FAT	GO:0002821~positive regulation of adaptive immune response	5	7.6923076923076925	0.0012486587390707813	P05231, P05112, P60568, P01584, P01375	65	140	19104	10.496703296703297	0.9889240370912539	0.006248496440100035	0.0046894072645102675
GOTERM_BP_FAT	GO:0002221~pattern recognition receptor signaling pathway	5	7.6923076923076925	0.0012486587390707813	O15111, Q04206, O14920, P25963, P01375	65	140	19104	10.496703296703297	0.9889240370912539	0.006248496440100035	0.0046894072645102675
GOTERM_BP_FAT	GO:0050769~positive regulation of neurogenesis	6	9.230769230769232	0.0012752838432467965	P37231, P01579, P05231, Q16665, P01584, P01375	65	241	19104	7.317203957867859	0.9899386723088126	0.006372881674366446	0.004782756604908929
GOTERM_BP_FAT	GO:0002708~positive regulation of lymphocyte mediated immunity	5	7.6923076923076925	0.0012819155949831053	P05231, P05112, P60568, P01584, P01375	65	141	19104	10.422258592471358	0.9901765960056328	0.006391496658780093	0.004796726884635408
GOTERM_BP_FAT	GO:0090399~replicative senescence	3	4.615384615384616	0.0012862495931480905	O96017, P04637, P38936	65	16	19104	55.10769230769231	0.9903290370175503	0.006391496658780093	0.004796726884635408
GOTERM_BP_FAT	GO:2001028~positive regulation of endothelial cell chemotaxis	3	4.615384615384616	0.0012862495931480905	P35968, P08581	65	16	19104	55.10769230769231	0.9903290370175503	0.006391496658780093	0.004796726884635408
GOTERM_BP_FAT	GO:2000659~regulation of interleukin-1-mediated signaling pathway	3	4.615384615384616	0.0012862495931480905	P01583, P05231, P01584	65	16	19104	55.10769230769231	0.9903290370175503	0.006391496658780093	0.004796726884635408
GOTERM_BP_FAT	GO:0002712~regulation of B cell mediated immunity	4	6.153846153846154	0.001291426468940302	P05112, P60568, P22301, P01375	65	64	19104	18.36923076923077	0.990508028356014	0.006391496658780093	0.004796726884635408
GOTERM_BP_FAT	GO:0032655~regulation of interleukin-12 production	4	6.153846153846154	0.001291426468940302	Q04206, P01579, P29965, P22301	65	64	19104	18.36923076923077	0.990508028356014	0.006391496658780093	0.004796726884635408
GOTERM_BP_FAT	GO:0002889~regulation of immunoglobulin mediated immune response	4	6.153846153846154	0.001291426468940302	P05112, P60568, P22301, P01375	65	64	19104	18.36923076923077	0.990508028356014	0.006391496658780093	0.004796726884635408
GOTERM_BP_FAT	GO:0016310~phosphorylation	7	10.76923076923077	0.0013577535090780776	O96017, P35968, P04626, P28482, P31749, O14920, P13500	65	364	19104	5.65207100591716	0.9925285682683114	0.0067013505386415255	0.005029267792530304
GOTERM_BP_FAT	GO:0042742~defense response to bacterium	7	10.76923076923077	0.0013577535090780776	Q9NRD8, P05164, P05231, P35228, P01584, P22301, P01375	65	364	19104	5.65207100591716	0.9925285682683114	0.0067013505386415255	0.005029267792530304
GOTERM_BP_FAT	GO:0009059~macromolecule biosynthetic process	22	33.84615384615385	0.0013779963066099413	P29474, O75469, P04637, P31749, P37231, P00749, Q07869, Q04206, P04150, P01106, Q14790, P00533, Q16236, P05231, Q16665, P42574, O14920, P60568, P29965, P01584, P06400, P01375	65	3226	19104	2.004330201726358	0.9930549326580538	0.00679195717197759	0.005097266775750043
GOTERM_BP_FAT	GO:0042593~glucose homeostasis	6	9.230769230769232	0.0013964258399553192	P37231, P09917, P31749, P05362, P05231, Q16665	65	246	19104	7.168480300187618	0.9935018379989906	0.006873391122075157	0.005158381791310359
GOTERM_BP_FAT	GO:1902991~regulation of amyloid precursor protein catabolic process	4	6.153846153846154	0.0014116513241531504	Q04206, P01579, P42574, P01375	65	66	19104	17.812587412587412	0.9938492773981317	0.0069388536438251035	0.0052075104781857005
GOTERM_BP_FAT	GO:0034976~response to endoplasmic reticulum stress	6	9.230769230769232	0.001447188630859826	P24385, P10415, P04637, Q07812, Q16236, P10145	65	248	19104	7.110669975186105	0.9945896716690101	0.00710384282968386	0.005331332503875981
GOTERM_BP_FAT	GO:0031571~mitotic G1 DNA damage checkpoint signaling	3	4.615384615384616	0.0014546055134767868	P24385, P04637, P38936	65	17	19104	51.86606334841629	0.9947325809632784	0.0071111854342698275	0.005336843023665172
GOTERM_BP_FAT	GO:1903140~regulation of establishment of endothelial barrier	3	4.615384615384616	0.0014546055134767868	O14920, P01584, P01375	65	17	19104	51.86606334841629	0.9947325809632784	0.0071111854342698275	0.005336843023665172
GOTERM_BP_FAT	GO:1901550~regulation of endothelial cell development	3	4.615384615384616	0.0014546055134767868	O14920, P01584, P01375	65	17	19104	51.86606334841629	0.9947325809632784	0.0071111854342698275	0.005336843023665172
GOTERM_BP_FAT	GO:0048754~branching morphogenesis of an epithelial tube	5	7.6923076923076925	0.0014575537909641497	P35968, P08581, P10415, P01106	65	146	19104	10.065331928345628	0.9947883348569104	0.007115943507918471	0.005340413889928267
GOTERM_BP_FAT	GO:0001894~tissue homeostasis	6	9.230769230769232	0.0014730750355024173	O75469, P29474, P10415, Q07812, P05231, P06400	65	249	19104	7.0821130676552375	0.9950722684184693	0.007168608624615533	0.005379938307232972
GOTERM_BP_FAT	GO:0060249~anatomical structure homeostasis	6	9.230769230769232	0.0014730750355024173	O75469, P29474, P10415, Q07812, P05231, P06400	65	249	19104	7.0821130676552375	0.9950722684184693	0.007168608624615533	0.005379938307232972
GOTERM_BP_FAT	GO:1903078~positive regulation of protein localization to plasma membrane	4	6.153846153846154	0.0014743100168859587	P31749, P01579, P00533, P01375	65	67	19104	17.546727898966708	0.9950941846138535	0.007168608624615533	0.005379938307232972
GOTERM_MF_FAT	GO:0070888~E-box binding	4	6.153846153846154	0.0014900977881023203	P37231, P35869, P01106, Q16665	65	61	17305	17.457755359394703	0.4911071100145378	0.012500264777969465	0.00993398525401547
GOTERM_BP_FAT	GO:0050768~negative regulation of neurogenesis	5	7.6923076923076925	0.0014945948726248584	P04637, P05231, P01584, P01375, P06400	65	147	19104	9.996860282574568	0.9954405317258287	0.0072574465310880935	0.005446609886223203
GOTERM_BP_FAT	GO:0033500~carbohydrate homeostasis	6	9.230769230769232	0.0015258715102460841	P37231, P09917, P31749, P05362, P05231, Q16665	65	251	19104	7.025681887833283	0.9959272660109936	0.00739934731011661	0.005553104392604861
GOTERM_MF_FAT	GO:0031072~heat shock protein binding	5	7.6923076923076925	0.0015668811216422128	P35869, P35968, Q07812, P04150, Q16665	65	135	17305	9.860398860398861	0.5085297221442668	0.01290540269279859	0.010255949159839938
GOTERM_CC_FAT	GO:0098552~side of membrane	10	15.384615384615385	0.001575776430821262	P00749, P35968, Q9UNQ0, O15111, P19320, P02778, P05362, O14920, P29965, P01375	59	799	16775	3.5584735156233425	0.366033122559662	0.044809346136210695	0.04201845260523564
GOTERM_BP_FAT	GO:0010959~regulation of metal ion transport	7	10.76923076923077	0.0015796069153922506	P29474, P10415, Q07812, P31749, P01579, P02778, P13500	65	375	19104	5.486276923076923	0.9966453382667857	0.007649628650750375	0.005740936961318072
GOTERM_BP_FAT	GO:0002220~innate immune response activating cell surface receptor signaling pathway	4	6.153846153846154	0.0016048077602623737	O15111, Q04206, O14920, P25963	65	69	19104	17.038127090301003	0.9969370385111983	0.007761238067416553	0.00582469823322075
GOTERM_CC_FAT	GO:0005654~nucleoplasm	28	43.07692307692308	0.0016276276018095622	P24385, O75469, P28482, P04637, P42224, P08581, Q07869, Q16236, P25963, P06400, O96017, P35869, O15392, Q9UNQ0, P09917, O15111, P04626, P31749, P38936, P35228, P37231, Q04206, P04150, P01106, P05164, Q16665, P42574, P09601	59	4642	16775	1.714997188529199	0.37547729819313946	0.044809346136210695	0.04201845260523564
GOTERM_BP_FAT	GO:0044819~mitotic G1/S transition checkpoint signaling	3	4.615384615384616	0.0016329026317174061	P24385, P04637, P38936	65	18	19104	48.98461538461539	0.9972324452826824	0.007875968115231344	0.005910801494195269
GOTERM_BP_FAT	GO:0051044~positive regulation of membrane protein ectodomain proteolysis	3	4.615384615384616	0.0016329026317174061	P01579, P01584, P01375	65	18	19104	48.98461538461539	0.9972324452826824	0.007875968115231344	0.005910801494195269
GOTERM_BP_FAT	GO:0019538~protein metabolic process	23	35.38461538461539	0.0016396581848840091	O96017, P35968, P10415, P04626, P28482, P31749, P03956, P13500, P35228, P00749, P14780, Q07869, Q04206, P01106, Q14790, P08253, P00533, Q16236, Q16665, P08254, P42574, O14920, P01375	65	3504	19104	1.9291886195995787	0.9972991210978744	0.00789797919804423	0.0059273204972277544
GOTERM_BP_FAT	GO:0002763~positive regulation of myeloid leukocyte differentiation	4	6.153846153846154	0.0016726812698324267	P01579, Q14790, P01375, P06400	65	70	19104	16.794725274725277	0.9976026484556781	0.008035560820274979	0.006030573538169176
GOTERM_BP_FAT	GO:2001244~positive regulation of intrinsic apoptotic signaling pathway	4	6.153846153846154	0.0016726812698324267	P04637, Q07812, P01106, P08253	65	70	19104	16.794725274725277	0.9976026484556781	0.008035560820274979	0.006030573538169176
GOTERM_CC_FAT	GO:1902554~serine/threonine protein kinase complex	5	7.6923076923076925	0.0017055460467069814	P24385, O15111, P38936, O14920, P06400	59	148	16775	9.605474118185983	0.3894063633832465	0.044809346136210695	0.04201845260523564
GOTERM_BP_FAT	GO:0014015~positive regulation of gliogenesis	4	6.153846153846154	0.0017423271411583909	P37231, P05231, P01584, P01375	65	71	19104	16.558179848320695	0.9981356144006284	0.008347878576587343	0.006264963550122724
GOTERM_BP_FAT	GO:0050994~regulation of lipid catabolic process	4	6.153846153846154	0.0017423271411583909	Q07869, P31749, P01584, P01375	65	71	19104	16.558179848320695	0.9981356144006284	0.008347878576587343	0.006264963550122724
GOTERM_BP_FAT	GO:0051961~negative regulation of nervous system development	5	7.6923076923076925	0.0017724782582621064	P04637, P05231, P01584, P01375, P06400	65	154	19104	9.542457542457543	0.9983279078417229	0.008469813215541605	0.006356473753767554
GOTERM_BP_FAT	GO:0010565~regulation of ketone metabolic process	5	7.6923076923076925	0.0017724782582621064	P37231, Q07869, P31749, P35354, P01584	65	154	19104	9.542457542457543	0.9983279078417229	0.008469813215541605	0.006356473753767554
GOTERM_BP_FAT	GO:0007173~epidermal growth factor receptor signaling pathway	4	6.153846153846154	0.001813762051116122	P04626, P28482, P31749, P00533	65	72	19104	16.32820512820513	0.9985594549190212	0.00858813039849519	0.006445269108390506
GOTERM_BP_FAT	GO:0008637~apoptotic mitochondrial changes	4	6.153846153846154	0.001813762051116122	P10415, P04637, Q07812, P31749	65	72	19104	16.32820512820513	0.9985594549190212	0.00858813039849519	0.006445269108390506
GOTERM_BP_FAT	GO:2000379~positive regulation of reactive oxygen species metabolic process	4	6.153846153846154	0.001813762051116122	P04637, P38936, P09211, Q16236	65	72	19104	16.32820512820513	0.9985594549190212	0.00858813039849519	0.006445269108390506
GOTERM_BP_FAT	GO:0042116~macrophage activation	4	6.153846153846154	0.001813762051116122	P01579, P05112, P01584, P01375	65	72	19104	16.32820512820513	0.9985594549190212	0.00858813039849519	0.006445269108390506
GOTERM_BP_FAT	GO:0010632~regulation of epithelial cell migration	4	6.153846153846154	0.001813762051116122	P14780, P01579, Q16665, P05112	65	72	19104	16.32820512820513	0.9985594549190212	0.00858813039849519	0.006445269108390506
GOTERM_BP_FAT	GO:0009651~response to salt stress	3	4.615384615384616	0.0018210745557730571	P04637, Q07812, P01375	65	19	19104	46.406477732793526	0.9985969908543969	0.00858813039849519	0.006445269108390506
GOTERM_BP_FAT	GO:0045346~regulation of MHC class II biosynthetic process	3	4.615384615384616	0.0018210745557730571	P01579, P05112, P22301	65	19	19104	46.406477732793526	0.9985969908543969	0.00858813039849519	0.006445269108390506
GOTERM_BP_FAT	GO:0035234~ectopic germ cell programmed cell death	3	4.615384615384616	0.0018210745557730571	P01583, Q07812, P01584	65	19	19104	46.406477732793526	0.9985969908543969	0.00858813039849519	0.006445269108390506
GOTERM_BP_FAT	GO:0006525~arginine metabolic process	3	4.615384615384616	0.0018210745557730571	P11926, P29474, P35228	65	19	19104	46.406477732793526	0.9985969908543969	0.00858813039849519	0.006445269108390506
GOTERM_BP_FAT	GO:1901298~regulation of hydrogen peroxide-mediated programmed cell death	3	4.615384615384616	0.0018210745557730571	P08581, P31749	65	19	19104	46.406477732793526	0.9985969908543969	0.00858813039849519	0.006445269108390506
GOTERM_BP_FAT	GO:0060322~head development	10	15.384615384615385	0.0018644945758824062	P31645, Q9NRD8, P10415, P04637, P28482, Q07812, P08253, Q16665, P00533, P42574	65	841	19104	3.4947406933138208	0.9988005721333688	0.008781403865234391	0.006590318082596113
GOTERM_BP_FAT	GO:0043470~regulation of carbohydrate catabolic process	4	6.153846153846154	0.001887002458885251	Q07869, P04637, P01579, Q16665	65	73	19104	16.104531085353006	0.9988941947404261	0.00887580921587932	0.00666116794885864
GOTERM_BP_FAT	GO:0030855~epithelial cell differentiation	9	13.846153846153847	0.0019384231030215332	P37231, P35968, P08581, P31749, P05362, P38936, Q16665, P42574	65	683	19104	3.8728685662799864	0.999081580786918	0.009105786753828662	0.006833762803872524
GOTERM_BP_FAT	GO:0061045~negative regulation of wound healing	4	6.153846153846154	0.0019620646065336336	P00749, P09917, P29474, P01375	65	74	19104	15.886902286902288	0.9991567331351074	0.009204842157995679	0.006908102468837168
GOTERM_BP_FAT	GO:1903829~positive regulation of protein localization	8	12.307692307692308	0.0019666985924674234	P01583, P37231, P31749, P01579, Q16665, P00533, P01584, P01375	65	532	19104	4.419664545980336	0.9991707267483353	0.009214583912431894	0.006915413516296375
GOTERM_BP_FAT	GO:0090287~regulation of cellular response to growth factor stimulus	7	10.76923076923077	0.001975649310183239	P37231, P35968, Q07869, P04637, Q16665, P05112, P01584	65	392	19104	5.248351648351648	0.9991971020518032	0.00924449930466261	0.006937864590565555
GOTERM_BP_FAT	GO:0002758~innate immune response-activating signaling pathway	5	7.6923076923076925	0.001991675973245334	O15111, Q04206, O14920, P25963, P01375	65	159	19104	9.242380261248186	0.9992422506033134	0.009307404061741815	0.006985073711615284
GOTERM_BP_FAT	GO:0048143~astrocyte activation	3	4.615384615384616	0.002019055214486841	P01579, P01584, P01375	65	20	19104	44.086153846153856	0.9993135868831168	0.009410939117459364	0.007062775291038058
GOTERM_BP_FAT	GO:0110076~negative regulation of ferroptosis	3	4.615384615384616	0.002019055214486841	P09211, Q16236, P09601	65	20	19104	44.086153846153856	0.9993135868831168	0.009410939117459364	0.007062775291038058
GOTERM_BP_FAT	GO:0071479~cellular response to ionizing radiation	4	6.153846153846154	0.002038964521212873	O96017, P04637, P38936, P01375	65	75	19104	15.675076923076926	0.9993612068887476	0.009466996353002554	0.007104845445051042
GOTERM_BP_FAT	GO:0044773~mitotic DNA damage checkpoint signaling	4	6.153846153846154	0.002038964521212873	O96017, P24385, P04637, P38936	65	75	19104	15.675076923076926	0.9993612068887476	0.009466996353002554	0.007104845445051042
GOTERM_BP_FAT	GO:0032890~regulation of organic acid transport	4	6.153846153846154	0.002038964521212873	Q07869, P31749, P01584, P01375	65	75	19104	15.675076923076926	0.9993612068887476	0.009466996353002554	0.007104845445051042
GOTERM_BP_FAT	GO:0030182~neuron differentiation	12	18.461538461538463	0.002048186268201131	P24385, P08581, P10415, P04626, P19320, P08253, P05231, Q16665, P00533, P42574, P06400	65	1206	19104	2.9244546498277844	0.9993821304206228	0.009497574162585167	0.007127793654074463
GOTERM_BP_FAT	GO:0045862~positive regulation of proteolysis	4	6.153846153846154	0.0021177180161219373	P01579, Q14790, P01584, P01375	65	76	19104	15.468825910931175	0.999519339155005	0.009807375336873187	0.0073602950071898696
GOTERM_BP_FAT	GO:0071675~regulation of mononuclear cell migration	5	7.6923076923076925	0.0021318388940333994	P28482, P31749, P02778, P13500, P01375	65	162	19104	9.071225071225072	0.9995432382547634	0.009855381630602162	0.007396323044448584
GOTERM_BP_FAT	GO:0071695~anatomical structure maturation	6	9.230769230769232	0.0021335547243601684	P37231, P35968, P10415, P08253, Q16665, P06400	65	271	19104	6.507181379506103	0.9995460600862274	0.009855381630602162	0.007396323044448584
GOTERM_MF_FAT	GO:0043167~ion binding	37	56.92307692307692	0.0021373921641913637	Q9NRD8, P01583, O75469, P29474, P28482, P04637, P35354, P14780, P08581, Q07869, P08684, P09211, P05177, O14920, P31645, O96017, P35968, O15392, Q9UNQ0, P09917, O15111, P04626, P31749, P03956, P38936, P35228, P37231, P23219, Q04206, P04150, P09488, P05164, P08253, P08254, P00533, P09601	65	6557	17305	1.5022934972607078	0.6206419815369958	0.017289975899619423	0.013740378198373053
GOTERM_BP_FAT	GO:0000075~cell cycle checkpoint signaling	5	7.6923076923076925	0.0021800363924755705	O96017, P24385, O15392, P04637, P38936	65	163	19104	9.015573383671544	0.9996162148765368	0.010044336473260205	0.0075381309530101566
GOTERM_BP_FAT	GO:0009746~response to hexose	5	7.6923076923076925	0.0021800363924755705	Q07869, P05362, Q16665, P42574, P01375	65	163	19104	9.015573383671544	0.9996162148765368	0.010044336473260205	0.0075381309530101566
GOTERM_BP_FAT	GO:1903047~mitotic cell cycle process	8	12.307692307692308	0.0021843810503233	O96017, P24385, O15392, P10415, P04637, P01106, P38936, P06400	65	542	19104	4.338120919670735	0.9996221903751844	0.010051500541909134	0.007543507484130529
GOTERM_BP_FAT	GO:1904037~positive regulation of epithelial cell apoptotic process	3	4.615384615384616	0.0022267788567183855	Q07812, P05231, P09601	65	21	19104	41.98681318681319	0.9996758355414557	0.010217585677841527	0.007668152004685954
GOTERM_BP_FAT	GO:1900221~regulation of amyloid-beta clearance	3	4.615384615384616	0.0022267788567183855	P01579, P05112, P01375	65	21	19104	41.98681318681319	0.9996758355414557	0.010217585677841527	0.007668152004685954
GOTERM_BP_FAT	GO:0002285~lymphocyte activation involved in immune response	5	7.6923076923076925	0.002228982054616553	P04637, P05362, P05231, P29965, P22301	65	164	19104	8.960600375234522	0.9996784050223917	0.010217585677841527	0.007668152004685954
GOTERM_BP_FAT	GO:0010508~positive regulation of autophagy	5	7.6923076923076925	0.0022786818036689494	P35968, P01579, Q16665, P09601, P05112	65	165	19104	8.906293706293708	0.9997312530014729	0.010432135373086689	0.007829168484270444
GOTERM_BP_FAT	GO:0044774~mitotic DNA integrity checkpoint signaling	4	6.153846153846154	0.0023652549400287348	O96017, P24385, P04637, P38936	65	79	19104	14.881402142161637	0.9998034268424726	0.010773721300788283	0.00808552384050278
GOTERM_BP_FAT	GO:0031016~pancreas development	4	6.153846153846154	0.0023652549400287348	P08581, P05231, P01344	65	79	19104	14.881402142161637	0.9998034268424726	0.010773721300788283	0.00808552384050278
GOTERM_BP_FAT	GO:0002753~cytoplasmic pattern recognition receptor signaling pathway	4	6.153846153846154	0.0023652549400287348	Q04206, O14920, P25963, P01375	65	79	19104	14.881402142161637	0.9998034268424726	0.010773721300788283	0.00808552384050278
GOTERM_BP_FAT	GO:1904377~positive regulation of protein localization to cell periphery	4	6.153846153846154	0.0023652549400287348	P31749, P01579, P00533, P01375	65	79	19104	14.881402142161637	0.9998034268424726	0.010773721300788283	0.00808552384050278
GOTERM_CC_FAT	GO:1902911~protein kinase complex	5	7.6923076923076925	0.002370781727353197	P24385, O15111, P38936, O14920, P06400	59	162	16775	8.775371416614353	0.4963981900133082	0.057096326600422825	0.05354015400939303
GOTERM_BP_FAT	GO:0050790~regulation of catalytic activity	8	12.307692307692308	0.0023958799933303	P04626, P04637, P31749, P08253, P38936, P01584, P01375, P06400	65	551	19104	4.267262320256876	0.9998240150295491	0.010885694345484326	0.0081695580100443
GOTERM_BP_FAT	GO:0061061~muscle structure development	8	12.307692307692308	0.0023958799933303	O15111, P10415, P31749, P01106, P02778, P42574, P01344, P06400	65	551	19104	4.267262320256876	0.9998240150295491	0.010885694345484326	0.0081695580100443
GOTERM_BP_FAT	GO:0010224~response to UV-B	3	4.615384615384616	0.002444180050040551	P10415, Q04206, P38936	65	22	19104	40.07832167832168	0.9998521936594674	0.011077208453202649	0.00831328661045239
GOTERM_BP_FAT	GO:0034114~regulation of heterotypic cell-cell adhesion	3	4.615384615384616	0.002444180050040551	P01584, P22301, P01375	65	22	19104	40.07832167832168	0.9998521936594674	0.011077208453202649	0.00831328661045239
GOTERM_BP_FAT	GO:0071621~granulocyte chemotaxis	4	6.153846153846154	0.002451576665455219	P02778, P13500, P01584, P10145	65	80	19104	14.695384615384617	0.9998560911531947	0.011096772268385874	0.008327968974109187
GOTERM_BP_FAT	GO:0007204~positive regulation of cytosolic calcium ion concentration	5	7.6923076923076925	0.002485139699302931	P10415, Q07812, P13500, P60568, P10145	65	169	19104	8.695493855257169	0.9998725250846962	0.011234577586685647	0.008431389895752981
GOTERM_BP_FAT	GO:0045165~cell fate commitment	6	9.230769230769232	0.002496208808834173	P37231, P35968, P10415, P04637, P05231, P42574	65	281	19104	6.2756090884204765	0.9998775225510248	0.011270476614322712	0.008458331602866671
GOTERM_BP_FAT	GO:0006974~DNA damage response	10	15.384615384615385	0.0025354790834966417	O96017, P24385, P10415, P04637, P28482, Q07812, P01106, P38936, P42574, P01375	65	880	19104	3.3398601398601397	0.9998937239570914	0.0114102242656374	0.00856321021767514
GOTERM_BP_FAT	GO:0002262~myeloid cell homeostasis	5	7.6923076923076925	0.0025386982933500815	Q07812, P05231, P42574, P09601, P06400	65	170	19104	8.644343891402716	0.9998949529500104	0.0114102242656374	0.00856321021767514
GOTERM_BP_FAT	GO:0010827~regulation of D-glucose transmembrane transport	4	6.153846153846154	0.0025398278826092684	P31749, Q16236, P01584, P01375	65	81	19104	14.513960113960115	0.9998953808156623	0.0114102242656374	0.00856321021767514
GOTERM_BP_FAT	GO:1903053~regulation of extracellular matrix organization	4	6.153846153846154	0.0025398278826092684	P37231, P00749, P05231, P06400	65	81	19104	14.513960113960115	0.9998953808156623	0.0114102242656374	0.00856321021767514
GOTERM_MF_FAT	GO:0004713~protein tyrosine kinase activity	5	7.6923076923076925	0.002592271845684051	P35968, P08581, P04626, P00533	65	155	17305	8.588089330024815	0.6914353307808254	0.02060173940517325	0.01637224323589927
GOTERM_BP_FAT	GO:0050851~antigen receptor-mediated signaling pathway	5	7.6923076923076925	0.0026481893920832465	P10415, P28482, Q07812, O14920, P25963	65	172	19104	8.543828264758497	0.9999292766083943	0.01188222463222408	0.00891743974619315
GOTERM_BP_FAT	GO:0002281~macrophage activation involved in immune response	3	4.615384615384616	0.0026711936785827864	P01579, P01584, P01375	65	23	19104	38.335785953177265	0.9999349180118915	0.011926035717390062	0.008950319339390153
GOTERM_BP_FAT	GO:0090200~positive regulation of release of cytochrome c from mitochondria	3	4.615384615384616	0.0026711936785827864	P14780, P04637, Q07812	65	23	19104	38.335785953177265	0.9999349180118915	0.011926035717390062	0.008950319339390153
GOTERM_BP_FAT	GO:0006809~nitric oxide biosynthetic process	3	4.615384615384616	0.0026711936785827864	P29474, P31749, P35228	65	23	19104	38.335785953177265	0.9999349180118915	0.011926035717390062	0.008950319339390153
GOTERM_BP_FAT	GO:0009404~toxin metabolic process	3	4.615384615384616	0.0026711936785827864	P08684, Q16236, P05177	65	23	19104	38.335785953177265	0.9999349180118915	0.011926035717390062	0.008950319339390153
GOTERM_MF_FAT	GO:0050839~cell adhesion molecule binding	9	13.846153846153847	0.002703340347609713	P31645, P42224, P35968, P19320, P05362, P00533, P01344, P29965, P01584	65	653	17305	3.6693367887854875	0.706615557574229	0.021114020301158623	0.01677935388171546
GOTERM_BP_FAT	GO:0030307~positive regulation of cell growth	5	7.6923076923076925	0.002760884509756413	P10415, P04626, P31749, P00533, P60568	65	174	19104	8.445623342175066	0.9999529353713104	0.012311221396846974	0.009239395686115521
GOTERM_CC_FAT	GO:0005635~nuclear envelope	8	12.307692307692308	0.00277036583104018	P24385, P35968, P09917, P10415, Q07812, P01106, P00533, P35354	59	550	16775	4.135593220338983	0.5514552406753787	0.06158736347466246	0.05775147232399145
GOTERM_BP_FAT	GO:0043491~phosphatidylinositol 3-kinase/protein kinase B signal transduction	4	6.153846153846154	0.0028163030847173118	P04626, P31749, P00533, P01375	65	84	19104	13.995604395604397	0.9999614778010133	0.012536874577118691	0.009408745172503178
GOTERM_BP_FAT	GO:0002274~myeloid leukocyte activation	5	7.6923076923076925	0.0028184480731241026	P01579, P05112, P01584, P01375, P10145	65	175	19104	8.397362637362638	0.9999617752851274	0.012536874577118691	0.009408745172503178
GOTERM_BP_FAT	GO:0051222~positive regulation of protein transport	6	9.230769230769232	0.002859250180120183	P01583, P37231, P31749, Q16665, P01584, P01375	65	290	19104	6.080848806366048	0.99996701632126	0.01270268606531815	0.009533184324346454
KEGG_PATHWAY	hsa04211:Longevity regulating pathway	5	7.6923076923076925	0.002898359607144012	P37231, Q04206, P04637, Q07812, P31749	63	90	9375	8.267195767195767	0.47348082307680917	0.00564417397180676	0.002898359607144012
GOTERM_MF_FAT	GO:0097110~scaffold protein binding	4	6.153846153846154	0.002904104086209093	O15111, P29474, Q14790, O14920	65	77	17305	13.83016983016983	0.7321888250490279	0.022297612729707105	0.017719957136191074
GOTERM_BP_FAT	GO:1903409~reactive oxygen species biosynthetic process	3	4.615384615384616	0.00290775494297549	Q9NRD8, P05164, P05177	65	24	19104	36.73846153846154	0.9999723203865972	0.01287056641221215	0.009659176125068458
GOTERM_BP_FAT	GO:0060252~positive regulation of glial cell proliferation	3	4.615384615384616	0.00290775494297549	P05231, P01584, P01375	65	24	19104	36.73846153846154	0.9999723203865972	0.01287056641221215	0.009659176125068458
GOTERM_BP_FAT	GO:0038128~ERBB2 signaling pathway	3	4.615384615384616	0.00290775494297549	P04626, P28482, P00533	65	24	19104	36.73846153846154	0.9999723203865972	0.01287056641221215	0.009659176125068458
GOTERM_BP_FAT	GO:0098609~cell-cell adhesion	8	12.307692307692308	0.0029797638240014294	P31645, P10415, P19320, P05362, P00533, P29965, P01584, P01375	65	573	19104	4.1034232782923885	0.9999786636980986	0.01317311540843822	0.009886234822208424
GOTERM_BP_FAT	GO:0001836~release of cytochrome c from mitochondria	3	4.615384615384616	0.0031537993577369057	P10415, P04637, Q07812	65	25	19104	35.26892307692307	0.9999886268377088	0.013891368075704244	0.010425273182543512
GOTERM_BP_FAT	GO:0030224~monocyte differentiation	3	4.615384615384616	0.0031537993577369057	P01583, P37231, P01584	65	25	19104	35.26892307692307	0.9999886268377088	0.013891368075704244	0.010425273182543512
GOTERM_BP_FAT	GO:2001026~regulation of endothelial cell chemotaxis	3	4.615384615384616	0.0031537993577369057	P35968, P08581	65	25	19104	35.26892307692307	0.9999886268377088	0.013891368075704244	0.010425273182543512
GOTERM_BP_FAT	GO:0051962~positive regulation of nervous system development	6	9.230769230769232	0.003166999004184022	P37231, P01579, P05231, Q16665, P01584, P01375	65	297	19104	5.937529137529138	0.9999891568445427	0.013932475472619086	0.010456123696353596
GOTERM_MF_FAT	GO:0019209~kinase activator activity	5	7.6923076923076925	0.0031763834275234186	P24385, P00533, P01344, P60568, P29965	65	164	17305	8.116791744840526	0.7633544424858338	0.02329964882539512	0.01851627721223453
GOTERM_BP_FAT	GO:1903578~regulation of ATP metabolic process	4	6.153846153846154	0.0032128098739902973	Q07869, P01579, Q16665, P05112	65	88	19104	13.359440559440559	0.9999908119536769	0.01411677314144761	0.010594436462524101
GOTERM_MF_FAT	GO:0042379~chemokine receptor binding	4	6.153846153846154	0.003236262980917457	P42224, P02778, P13500, P10145	65	80	17305	13.311538461538461	0.7697073725716355	0.02329964882539512	0.01851627721223453
GOTERM_MF_FAT	GO:0016702~oxidoreductase activity, acting on single donors with incorporation of molecular oxygen, incorporation of two atoms of oxygen	3	4.615384615384616	0.003240162581429267	P09917, P23219, P35354	65	23	17305	34.725752508361204	0.7701151490690819	0.02329964882539512	0.01851627721223453
GOTERM_MF_FAT	GO:0030234~enzyme regulator activity	14	21.53846153846154	0.0032403485121410428	P11926, P24385, O15392, P04637, P31749, P38936, Q14790, P02778, P00533, P09211, P42574, P01344, P60568, P29965	65	1516	17305	2.458595494215547	0.7701345736137765	0.02329964882539512	0.01851627721223453
GOTERM_BP_FAT	GO:0038127~ERBB signaling pathway	4	6.153846153846154	0.0033170043195493207	P04626, P28482, P31749, P00533	65	89	19104	13.209334485738982	0.9999936961755738	0.014556841124648237	0.010924701193741003
GOTERM_MF_FAT	GO:0008083~growth factor activity	5	7.6923076923076925	0.0033895124127405487	P05231, P01344, P05112, P60568, P22301	65	167	17305	7.97098111469369	0.7852020005727225	0.023991392546429197	0.019066007321665586
KEGG_PATHWAY	hsa04921:Oxytocin signaling pathway	6	9.230769230769232	0.003415110418279944	P24385, P29474, P28482, P38936, P00533, P35354	63	154	9375	5.797773654916512	0.5304737650203173	0.0065926479378969356	0.003415110418279944
GOTERM_BP_FAT	GO:0007422~peripheral nervous system development	4	6.153846153846154	0.003423252100761987	P04626, P28482, P31749, P19320	65	90	19104	13.062564102564105	0.9999957071765901	0.015004838587646521	0.011260916886204883
GOTERM_BP_FAT	GO:0034764~positive regulation of transmembrane transport	5	7.6923076923076925	0.0035069184305867277	Q07812, P31749, P01579, P02778, Q16236	65	186	19104	7.900744416873449	0.9999968279986514	0.015334256195878616	0.01150814009260499
GOTERM_BP_FAT	GO:0002218~activation of innate immune response	5	7.6923076923076925	0.0035069184305867277	O15111, Q04206, O14920, P25963, P01375	65	186	19104	7.900744416873449	0.9999968279986514	0.015334256195878616	0.01150814009260499
KEGG_PATHWAY	hsa04934:Cushing syndrome	6	9.230769230769232	0.003511244771153218	P24385, P35869, P28482, P38936, P00533, P06400	63	155	9375	5.76036866359447	0.5403778907045023	0.006719796027551848	0.003511244771153218
GOTERM_MF_FAT	GO:0016701~oxidoreductase activity, acting on single donors with incorporation of molecular oxygen	3	4.615384615384616	0.0035263248380664855	P09917, P23219, P35354	65	24	17305	33.27884615384615	0.7981536088088372	0.02454865680116469	0.019508866332051407
GOTERM_BP_FAT	GO:0014910~regulation of smooth muscle cell migration	4	6.153846153846154	0.0035315659971993625	P00749, P10415, P09211, Q16236	65	91	19104	12.919019442096365	0.9999970985251372	0.015423311864132488	0.011574975098699486
GOTERM_MF_FAT	GO:0043565~sequence-specific DNA binding	15	23.076923076923077	0.003576625494209425	P35869, O75469, P10415, P04637, P37231, P42224, P08581, Q07869, Q04206, P04150, P01106, Q16236, Q16665, P06400, P01375	65	1721	17305	2.3204308765029276	0.802716938431474	0.02454865680116469	0.019508866332051407
GOTERM_BP_FAT	GO:0090596~sensory organ morphogenesis	6	9.230769230769232	0.003597018028680027	P35968, P10415, P28482, Q07812, P01106, Q16665	65	306	19104	5.76289592760181	0.999997710150089	0.015690140384181765	0.011775226089044544
GOTERM_BP_FAT	GO:0008610~lipid biosynthetic process	8	12.307692307692308	0.0036338495151539514	Q9UNQ0, P09917, P23219, P08684, P09488, P09211, P35354, P05177	65	594	19104	3.9583527583527585	0.9999979957619961	0.015828681336505886	0.01187919909350872
GOTERM_BP_FAT	GO:0045446~endothelial cell differentiation	4	6.153846153846154	0.003641958597824974	P35968, P08581, P05362	65	92	19104	12.778595317725754	0.9999980536961737	0.015828681336505886	0.01187919909350872
GOTERM_BP_FAT	GO:0050810~regulation of steroid biosynthetic process	4	6.153846153846154	0.003641958597824974	P28482, P04150, P01579, P01375	65	92	19104	12.778595317725754	0.9999980536961737	0.015828681336505886	0.01187919909350872
GOTERM_BP_FAT	GO:0061756~leukocyte adhesion to vascular endothelial cell	3	4.615384615384616	0.0036740812623929156	P19320, P05362, P01375	65	27	19104	32.656410256410254	0.9999982672028145	0.015929861357884087	0.011955133253321834
GOTERM_BP_FAT	GO:0097300~programmed necrotic cell death	3	4.615384615384616	0.0036740812623929156	P04637, Q07812, P01375	65	27	19104	32.656410256410254	0.9999982672028145	0.015929861357884087	0.011955133253321834
GOTERM_BP_FAT	GO:0034103~regulation of tissue remodeling	4	6.153846153846154	0.003754442301811	P37231, P04637, P05231, P60568	65	93	19104	12.641191066997518	0.99999870431949	0.016258720689212778	0.01220193748088575
KEGG_PATHWAY	hsa04110:Cell cycle	6	9.230769230769232	0.003811354875789029	O96017, P24385, P04637, P01106, P38936, P06400	63	158	9375	5.650994575045207	0.5699779050015836	0.007231801559189439	0.003811354875789029
GOTERM_MF_FAT	GO:0036094~small molecule binding	37	56.92307692307692	0.0038650098276011673	Q9NRD8, P01583, O75469, P29474, P28482, P04637, P35354, P14780, P08581, Q07869, P08684, P09211, P05177, O14920, P31645, O96017, P35968, O15392, Q9UNQ0, P09917, O15111, P04626, P31749, P03956, P38936, P35228, P37231, P23219, Q04206, P04150, P09488, P05164, P08253, P08254, P00533, P09601	65	6756	17305	1.4580429931229222	0.8269615959966716	0.026132081371691474	0.020767216984125675
GOTERM_BP_FAT	GO:0033273~response to vitamin	4	6.153846153846154	0.003869029319662304	P37231, P24385, P02778, P09211	65	94	19104	12.506710310965632	0.9999991440263852	0.01673482909813119	0.012559250036454826
GOTERM_BP_FAT	GO:0002053~positive regulation of mesenchymal cell proliferation	3	4.615384615384616	0.003948191342388165	P42224, P35968, P01106	65	28	19104	31.490109890109895	0.9999993572086868	0.017036327433083302	0.012785520227326465
GOTERM_BP_FAT	GO:0071480~cellular response to gamma radiation	3	4.615384615384616	0.003948191342388165	O96017, P04637, P38936	65	28	19104	31.490109890109895	0.9999993572086868	0.017036327433083302	0.012785520227326465
GOTERM_BP_FAT	GO:1905477~positive regulation of protein localization to membrane	4	6.153846153846154	0.004104561206700354	P31749, P01579, P00533, P01375	65	96	19104	12.246153846153847	0.999999634968058	0.0176687383843983	0.013260135606831253
GOTERM_BP_FAT	GO:0097530~granulocyte migration	4	6.153846153846154	0.004104561206700354	P02778, P13500, P01584, P10145	65	96	19104	12.246153846153847	0.999999634968058	0.0176687383843983	0.013260135606831253
GOTERM_BP_FAT	GO:0051302~regulation of cell division	5	7.6923076923076925	0.004225071398037216	P01583, O15392, P01106, P01344, P01584	65	196	19104	7.4976452119309265	0.9999997639957746	0.01806422001255563	0.013556938915889655
GOTERM_BP_FAT	GO:0072331~signal transduction by p53 class mediator	4	6.153846153846154	0.004225529567489693	O96017, P04637, Q07812, P38936	65	97	19104	12.119904837430612	0.9999997643868042	0.01806422001255563	0.013556938915889655
GOTERM_BP_FAT	GO:0016239~positive regulation of macroautophagy	4	6.153846153846154	0.004225529567489693	P35968, Q16665, P09601, P05112	65	97	19104	12.119904837430612	0.9999997643868042	0.01806422001255563	0.013556938915889655
GOTERM_BP_FAT	GO:0050672~negative regulation of lymphocyte proliferation	4	6.153846153846154	0.004225529567489693	P04626, P42574, P60568, P22301	65	97	19104	12.119904837430612	0.9999997643868042	0.01806422001255563	0.013556938915889655
GOTERM_BP_FAT	GO:0002726~positive regulation of T cell cytokine production	3	4.615384615384616	0.0042315297503738416	P05231, P05112, P01584	65	29	19104	30.404244031830242	0.999999769448337	0.01806422001255563	0.013556938915889655
GOTERM_BP_FAT	GO:0002360~T cell lineage commitment	3	4.615384615384616	0.0042315297503738416	P10415, P04637, P05231	65	29	19104	30.404244031830242	0.999999769448337	0.01806422001255563	0.013556938915889655
GOTERM_BP_FAT	GO:0010165~response to X-ray	3	4.615384615384616	0.0042315297503738416	P24385, P04637, P42574	65	29	19104	30.404244031830242	0.999999769448337	0.01806422001255563	0.013556938915889655
KEGG_PATHWAY	hsa04640:Hematopoietic cell lineage	5	7.6923076923076925	0.0042349909273226025	P01583, P05231, P05112, P01584, P01375	63	100	9375	7.440476190476191	0.6085589861715957	0.007967525303945913	0.0042349909273226025
GOTERM_BP_FAT	GO:1905897~regulation of response to endoplasmic reticulum stress	4	6.153846153846154	0.0043486482281800826	P09917, Q07812, P31749, Q16236	65	98	19104	11.996232339089483	0.9999998491084525	0.018542224338618744	0.013915674330176264
GOTERM_BP_FAT	GO:0048609~multicellular organismal reproductive process	11	16.923076923076923	0.004447270618418148	P31645, P29474, P10415, Q07812, P31749, P04150, P08253, P35354, P42574, P01344, P06400	65	1142	19104	2.830984777044322	0.9999998944107928	0.01894032628624183	0.014214444151539803
GOTERM_BP_FAT	GO:0009791~post-embryonic development	4	6.153846153846154	0.004473928478055482	P35968, P10415, Q07812, P05177	65	99	19104	11.875058275058276	0.9999999041244724	0.019008920172681486	0.014265922882856158
GOTERM_BP_FAT	GO:0032945~negative regulation of mononuclear cell proliferation	4	6.153846153846154	0.004473928478055482	P04626, P42574, P60568, P22301	65	99	19104	11.875058275058276	0.9999999041244724	0.019008920172681486	0.014265922882856158
GOTERM_BP_FAT	GO:0050995~negative regulation of lipid catabolic process	3	4.615384615384616	0.004524033553696363	P31749, P01584, P01375	65	30	19104	29.39076923076923	0.999999920029647	0.019199167130704353	0.014408700505529996
GOTERM_BP_FAT	GO:1903035~negative regulation of response to wounding	4	6.153846153846154	0.004601381425015928	P00749, P09917, P29474, P01375	65	100	19104	11.756307692307692	0.9999999395620928	0.019458658772690596	0.01460344527375947
GOTERM_BP_FAT	GO:0051781~positive regulation of cell division	4	6.153846153846154	0.004601381425015928	P01583, O15392, P01344, P01584	65	100	19104	11.756307692307692	0.9999999395620928	0.019458658772690596	0.01460344527375947
GOTERM_BP_FAT	GO:0002286~T cell activation involved in immune response	4	6.153846153846154	0.004601381425015928	P04637, P05362, P05231, P22301	65	100	19104	11.756307692307692	0.9999999395620928	0.019458658772690596	0.01460344527375947
GOTERM_BP_FAT	GO:0033365~protein localization to organelle	9	13.846153846153847	0.004610918744334978	P29474, P04626, P04637, Q07812, P31749, P38936, P00533, P25963, P06400	65	787	19104	3.3610790734043596	0.999999941613485	0.019476131577771304	0.014616558364222485
GOTERM_BP_FAT	GO:0021700~developmental maturation	6	9.230769230769232	0.004640527547748982	P37231, P35968, P10415, P08253, Q16665, P06400	65	325	19104	5.425988165680474	0.9999999475490251	0.019578244443254778	0.014693192610202865
GOTERM_BP_FAT	GO:0050877~nervous system process	13	20.0	0.004787340198800797	P31645, O15392, P08581, O15111, P28482, P31749, P01106, P00533, Q16665, P42574, P13500, P01375	65	1546	19104	2.471410090556274	0.9999999691770325	0.02017401957459564	0.015140313330476439
GOTERM_BP_FAT	GO:0042531~positive regulation of tyrosine phosphorylation of STAT protein	3	4.615384615384616	0.004825640126425377	P01579, P05112, P22301	65	31	19104	28.44267990074442	0.9999999731689309	0.020287959598028742	0.01522582368944483
GOTERM_BP_FAT	GO:0110075~regulation of ferroptosis	3	4.615384615384616	0.004825640126425377	P09211, Q16236, P09601	65	31	19104	28.44267990074442	0.9999999731689309	0.020287959598028742	0.01522582368944483
GOTERM_BP_FAT	GO:0000278~mitotic cell cycle	8	12.307692307692308	0.0048351716209010425	O96017, P24385, O15392, P10415, P04637, P01106, P38936, P06400	65	626	19104	3.75600884738265	0.9999999740792898	0.020304339568888642	0.01523811662344571
KEGG_PATHWAY	hsa04519:Cadherin signaling	9	13.846153846153847	0.0048763370213251315	P35968, P08581, O15111, P04626, Q04206, P28482, P00533, O14920, P25963	63	404	9375	3.315063649222065	0.6605085774200024	0.009097032090203187	0.0048763370213251315
GOTERM_BP_FAT	GO:0046620~regulation of organ growth	4	6.153846153846154	0.004996884854519695	P31645, Q07869, P31749, P01344	65	103	19104	11.413890963405526	0.9999999855694356	0.020934623407947047	0.01571113563560611
GOTERM_BP_FAT	GO:0010660~regulation of muscle cell apoptotic process	4	6.153846153846154	0.004996884854519695	P37231, P04637, P01579, Q16236	65	103	19104	11.413890963405526	0.9999999855694356	0.020934623407947047	0.01571113563560611
GOTERM_MF_FAT	GO:0004175~endopeptidase activity	7	10.76923076923077	0.005054889951937738	P00749, P14780, P03956, Q14790, P08253, P08254, P42574	65	430	17305	4.333989266547406	0.8993063192154981	0.03367448747393817	0.026761182098493905
GOTERM_BP_FAT	GO:1903532~positive regulation of secretion by cell	6	9.230769230769232	0.005074402529558541	P01583, P31645, P37231, P01579, Q16665, P01584	65	332	19104	5.311584800741427	0.999999989102201	0.02123084394607499	0.015933444915400156
GOTERM_BP_FAT	GO:0098771~inorganic ion homeostasis	7	10.76923076923077	0.005079374821403452	P01583, P35968, P10415, Q07812, P01106, Q16665, P09601	65	475	19104	4.331271255060729	0.9999999892967305	0.02123084394607499	0.015933444915400156
GOTERM_BP_FAT	GO:0043279~response to alkaloid	4	6.153846153846154	0.005133136110868399	P31645, P37231, P01106, P42574	65	104	19104	11.30414201183432	0.999999991190778	0.021330168322507868	0.01600798644020574
GOTERM_BP_FAT	GO:0010906~regulation of glucose metabolic process	4	6.153846153846154	0.005133136110868399	Q07869, P31749, P04150, P01344	65	104	19104	11.30414201183432	0.999999991190778	0.021330168322507868	0.01600798644020574
GOTERM_BP_FAT	GO:0055082~intracellular chemical homeostasis	8	12.307692307692308	0.005133929709632531	P01583, P10415, Q07812, P01106, P05362, Q16665, P09211, P09601	65	633	19104	3.714473204520598	0.9999999912160672	0.021330168322507868	0.01600798644020574
GOTERM_BP_FAT	GO:0010039~response to iron ion	3	4.615384615384616	0.00513628714795353	P24385, P10415, Q16665	65	32	19104	27.553846153846155	0.9999999912907631	0.021330168322507868	0.01600798644020574
GOTERM_BP_FAT	GO:1904036~negative regulation of epithelial cell apoptotic process	3	4.615384615384616	0.00513628714795353	P10415, Q07869, P06400	65	32	19104	27.553846153846155	0.9999999912907631	0.021330168322507868	0.01600798644020574
GOTERM_BP_FAT	GO:0045089~positive regulation of innate immune response	6	9.230769230769232	0.005138658369119298	O15111, Q04206, P00533, O14920, P25963, P01375	65	333	19104	5.295634095634096	0.9999999913652551	0.021330168322507868	0.01600798644020574
GOTERM_BP_FAT	GO:0036211~protein modification process	13	20.0	0.00524930782379129	O96017, P35968, P10415, P04626, P28482, P31749, P13500, P35228, Q07869, P00533, Q16236, O14920, P01375	65	1564	19104	2.4429667519181586	0.9999999942169486	0.021764391356869986	0.016333864620864957
GOTERM_BP_FAT	GO:0000077~DNA damage checkpoint signaling	4	6.153846153846154	0.005271612945474285	O96017, P24385, P04637, P38936	65	105	19104	11.196483516483516	0.9999999946659079	0.02183174878453316	0.016384415407543065
KEGG_PATHWAY	hsa05320:Autoimmune thyroid disease	4	6.153846153846154	0.005375533717063349	P05112, P60568, P29965, P22301	63	54	9375	11.022927689594354	0.6961428194468535	0.009944737376567196	0.005375533717063349
GOTERM_BP_FAT	GO:0070374~positive regulation of ERK1 and ERK2 cascade	5	7.6923076923076925	0.00538883482203243	P35968, P05362, P00533, P01584, P01375	65	210	19104	6.997802197802198	0.9999999965117955	0.02228972552752029	0.016728120406998295
GOTERM_BP_FAT	GO:0051051~negative regulation of transport	7	10.76923076923077	0.00539457137385448	P14780, P29474, P10415, P31749, P25963, P01584, P01375	65	481	19104	4.27724292339677	0.9999999965835551	0.02228972552752029	0.016728120406998295
GOTERM_MF_FAT	GO:0004252~serine-type endopeptidase activity	5	7.6923076923076925	0.005455303416364268	P00749, P14780, P03956, P08253, P08254	65	191	17305	6.969391864679824	0.9160906122316581	0.03545765913808596	0.02817827216271732
GOTERM_BP_FAT	GO:0010893~positive regulation of steroid biosynthetic process	3	4.615384615384616	0.00545591260124939	P28482, P01579, P01375	65	33	19104	26.718881118881118	0.999999997264482	0.022414655760891165	0.016821878761434834
GOTERM_BP_FAT	GO:0048009~insulin-like growth factor receptor signaling pathway	3	4.615384615384616	0.00545591260124939	P28482, P31749, P01344	65	33	19104	26.718881118881118	0.999999997264482	0.022414655760891165	0.016821878761434834
GOTERM_BP_FAT	GO:1902042~negative regulation of extrinsic apoptotic signaling pathway via death domain receptors	3	4.615384615384616	0.00545591260124939	P29474, P05362, P09601	65	33	19104	26.718881118881118	0.999999997264482	0.022414655760891165	0.016821878761434834
GOTERM_BP_FAT	GO:1903055~positive regulation of extracellular matrix organization	3	4.615384615384616	0.00545591260124939	P00749, P05231, P06400	65	33	19104	26.718881118881118	0.999999997264482	0.022414655760891165	0.016821878761434834
GOTERM_BP_FAT	GO:0045742~positive regulation of epidermal growth factor receptor signaling pathway	3	4.615384615384616	0.00545591260124939	P00749, P14780, P00533	65	33	19104	26.718881118881118	0.999999997264482	0.022414655760891165	0.016821878761434834
GOTERM_CC_FAT	GO:0048471~perinuclear region of cytoplasm	9	13.846153846153847	0.005475132562810211	P37231, P42224, P09917, P04626, P31749, P01106, P00533, P09601, P35228	59	788	16775	3.2473328744730274	0.7953923169226144	0.1130223793322965	0.10598292318011195
GOTERM_MF_FAT	GO:0051721~protein phosphatase 2A binding	3	4.615384615384616	0.005479108476083923	P42224, P10415, P04637	65	30	17305	26.623076923076926	0.9169955246064805	0.03545765913808596	0.02817827216271732
GOTERM_BP_FAT	GO:0031334~positive regulation of protein-containing complex assembly	5	7.6923076923076925	0.005479360220580137	P04637, Q07812, P03956, P08254, P01375	65	211	19104	6.964637258476121	0.9999999974873173	0.02248534723775653	0.016874931704383474
GOTERM_MF_FAT	GO:0001227~DNA-binding transcription repressor activity, RNA polymerase II-specific	6	9.230769230769232	0.005595739039630813	P37231, Q07869, Q04206, P04637, P04150, P01106	65	308	17305	5.186313686313686	0.921290277224002	0.03570239133736279	0.028372761327705533
GOTERM_BP_FAT	GO:0002064~epithelial cell development	5	7.6923076923076925	0.005663458122367926	P35968, P08581, P05362, Q16665	65	213	19104	6.899241603466956	0.9999999987106414	0.02321437953912587	0.01742206002603285
GOTERM_BP_FAT	GO:0071677~positive regulation of mononuclear cell migration	4	6.153846153846154	0.005700496585920706	P28482, P02778, P13500, P01375	65	108	19104	10.885470085470086	0.999999998872621	0.023313154595995804	0.017496189294358217
GOTERM_BP_FAT	GO:0043255~regulation of carbohydrate biosynthetic process	4	6.153846153846154	0.005700496585920706	Q07869, P31749, P04150, P01344	65	108	19104	10.885470085470086	0.999999998872621	0.023313154595995804	0.017496189294358217
GOTERM_BP_FAT	GO:0032682~negative regulation of chemokine production	3	4.615384615384616	0.005784454772571289	P05231, P09211, P22301	65	34	19104	25.933031674208145	0.9999999991684281	0.02354959383680718	0.017673633565008773
GOTERM_BP_FAT	GO:0034142~toll-like receptor 4 signaling pathway	3	4.615384615384616	0.005784454772571289	O15111, Q04206, P25963	65	34	19104	25.933031674208145	0.9999999991684281	0.02354959383680718	0.017673633565008773
GOTERM_BP_FAT	GO:2000191~regulation of fatty acid transport	3	4.615384615384616	0.005784454772571289	Q07869, P31749, P01584	65	34	19104	25.933031674208145	0.9999999991684281	0.02354959383680718	0.017673633565008773
GOTERM_BP_FAT	GO:0042771~intrinsic apoptotic signaling pathway in response to DNA damage by p53 class mediator	3	4.615384615384616	0.005784454772571289	O96017, P04637, P38936	65	34	19104	25.933031674208145	0.9999999991684281	0.02354959383680718	0.017673633565008773
GOTERM_BP_FAT	GO:0007155~cell adhesion	10	15.384615384615385	0.005872892884728694	P31645, P10415, P19320, P05362, P00533, P13500, P60568, P29965, P01584, P01375	65	1000	19104	2.939076923076923	0.9999999993965168	0.023882655828078428	0.01792359182878825
GOTERM_BP_FAT	GO:0034504~protein localization to nucleus	5	7.6923076923076925	0.005947298072395576	P29474, P04637, P31749, P38936, P25963	65	216	19104	6.803418803418803	0.9999999995391984	0.02415796499982104	0.01813020742700974
GOTERM_BP_FAT	GO:0050890~cognition	6	9.230769230769232	0.005955513523665845	P31645, P28482, Q16665, P00533, P42574, P01375	65	345	19104	5.1114381270903015	0.9999999995527213	0.024164093722711756	0.01813480694593744
GOTERM_BP_FAT	GO:1901186~positive regulation of ERBB signaling pathway	3	4.615384615384616	0.0061218522493400075	P00749, P14780, P00533	65	35	19104	25.192087912087914	0.9999999997552946	0.024699925704783927	0.01853694118949091
GOTERM_BP_FAT	GO:0032647~regulation of interferon-alpha production	3	4.615384615384616	0.0061218522493400075	P42224, O15111, P22301	65	35	19104	25.192087912087914	0.9999999997552946	0.024699925704783927	0.01853694118949091
GOTERM_BP_FAT	GO:0042509~regulation of tyrosine phosphorylation of STAT protein	3	4.615384615384616	0.0061218522493400075	P01579, P05112, P22301	65	35	19104	25.192087912087914	0.9999999997552946	0.024699925704783927	0.01853694118949091
GOTERM_BP_FAT	GO:0046320~regulation of fatty acid oxidation	3	4.615384615384616	0.0061218522493400075	P37231, Q07869, P31749	65	35	19104	25.192087912087914	0.9999999997552946	0.024699925704783927	0.01853694118949091
GOTERM_BP_FAT	GO:0001774~microglial cell activation	3	4.615384615384616	0.0061218522493400075	P01579, P01584, P01375	65	35	19104	25.192087912087914	0.9999999997552946	0.024699925704783927	0.01853694118949091
GOTERM_BP_FAT	GO:0033036~macromolecule localization	17	26.153846153846157	0.006153232494241023	O15392, Q9UNQ0, P29474, P04626, P04637, P31749, P38936, P35354, P35228, P37231, Q07812, P00533, Q16665, O14920, P25963, P06400, P01375	65	2461	19104	2.0302441159003535	0.9999999997816145	0.024798765857662646	0.01861111931144041
GOTERM_CC_FAT	GO:0031983~vesicle lumen	6	9.230769230769232	0.006169596191948959	P09917, P28482, P05164, P00533, P09211, P01344	59	338	16775	5.047136696419617	0.8327952656977727	0.11465968333437862	0.10751824977029965
GOTERM_MF_FAT	GO:0004860~protein kinase inhibitor activity	4	6.153846153846154	0.0062133905452573385	P31749, P38936, P09211, P42574	65	101	17305	10.543792840822544	0.9405991425267746	0.03909258218057742	0.031066952726286692
GOTERM_BP_FAT	GO:0048469~cell maturation	5	7.6923076923076925	0.006240488999183907	P37231, P35968, P10415, Q16665, P06400	65	219	19104	6.710221285563752	0.9999999998408529	0.025122326105094545	0.018853946652283
GOTERM_BP_FAT	GO:0003158~endothelium development	4	6.153846153846154	0.006304089935890018	P35968, P08581, P05362	65	112	19104	10.496703296703298	0.9999999998736363	0.02535004022211131	0.019024842842239518
GOTERM_BP_FAT	GO:0002709~regulation of T cell mediated immunity	4	6.153846153846154	0.0064607190380995706	P35869, P05231, P05112, P01584	65	113	19104	10.403812117086453	0.9999999999284034	0.025893735825100208	0.019432878620891193
GOTERM_BP_FAT	GO:0042743~hydrogen peroxide metabolic process	3	4.615384615384616	0.0064680439196753235	Q9NRD8, P05164, P05177	65	36	19104	24.492307692307694	0.9999999999302808	0.025893735825100208	0.019432878620891193
GOTERM_BP_FAT	GO:0043500~muscle adaptation	3	4.615384615384616	0.0064680439196753235	P29474, P09601, P01584	65	36	19104	24.492307692307694	0.9999999999302808	0.025893735825100208	0.019432878620891193
GOTERM_BP_FAT	GO:0010464~regulation of mesenchymal cell proliferation	3	4.615384615384616	0.0064680439196753235	P42224, P35968, P01106	65	36	19104	24.492307692307694	0.9999999999302808	0.025893735825100208	0.019432878620891193
GOTERM_CC_FAT	GO:0016604~nuclear body	10	15.384615384615385	0.0064729184067055705	O96017, P08581, O75469, Q07869, P04637, P04150, P01106, P38936, Q16665, P06400	59	988	16775	2.8777533795375008	0.846913786824833	0.11465968333437862	0.10751824977029965
GOTERM_BP_FAT	GO:0032526~response to retinoic acid	4	6.153846153846154	0.006619658121068063	P31645, P37231, P08253, P01375	65	114	19104	10.31255060728745	0.9999999999597762	0.026471285471929226	0.019866321375547218
GOTERM_BP_FAT	GO:0002439~chronic inflammatory response to antigenic stimulus	2	3.076923076923077	0.0066891192251701615	P22301, P01375	65	2	19104	293.90769230769234	0.9999999999687367	0.02660143109082571	0.01996399380227386
GOTERM_BP_FAT	GO:0060557~positive regulation of vitamin D biosynthetic process	2	3.076923076923077	0.0066891192251701615	P01579, P01375	65	2	19104	293.90769230769234	0.9999999999687367	0.02660143109082571	0.01996399380227386
GOTERM_BP_FAT	GO:0014806~smooth muscle hyperplasia	2	3.076923076923077	0.0066891192251701615	P29474, P09601	65	2	19104	293.90769230769234	0.9999999999687367	0.02660143109082571	0.01996399380227386
GOTERM_BP_FAT	GO:0014900~muscle hyperplasia	2	3.076923076923077	0.0066891192251701615	P29474, P09601	65	2	19104	293.90769230769234	0.9999999999687367	0.02660143109082571	0.01996399380227386
GOTERM_BP_FAT	GO:1990268~response to gold nanoparticle	2	3.076923076923077	0.0066891192251701615	P05164, P01375	65	2	19104	293.90769230769234	0.9999999999687367	0.02660143109082571	0.01996399380227386
GOTERM_BP_FAT	GO:0051047~positive regulation of secretion	6	9.230769230769232	0.006703120543433649	P01583, P31645, P37231, P01579, Q16665, P01584	65	355	19104	4.967453954496209	0.9999999999702852	0.02662772140903135	0.01998372431030274
GOTERM_BP_FAT	GO:0007423~sensory organ development	8	12.307692307692308	0.0067879675736172655	Q9NRD8, P35968, P10415, P28482, Q07812, P01106, Q16665, P00533	65	667	19104	3.5251297428208974	0.9999999999781592	0.02693507397328525	0.0202143880165871
GOTERM_BP_FAT	GO:0038061~non-canonical NF-kappaB signal transduction	3	4.615384615384616	0.006822968969167936	O15111, Q04206, P25963	65	37	19104	23.83035343035343	0.9999999999807643	0.026955216223587798	0.020229504487533002
GOTERM_BP_FAT	GO:0090050~positive regulation of cell migration involved in sprouting angiogenesis	3	4.615384615384616	0.006822968969167936	P35968, P35354, P09601	65	37	19104	23.83035343035343	0.9999999999807643	0.026955216223587798	0.020229504487533002
GOTERM_BP_FAT	GO:0140895~cell surface toll-like receptor signaling pathway	3	4.615384615384616	0.006822968969167936	O15111, Q04206, P25963	65	37	19104	23.83035343035343	0.9999999999807643	0.026955216223587798	0.020229504487533002
GOTERM_BP_FAT	GO:0071392~cellular response to estradiol stimulus	3	4.615384615384616	0.006822968969167936	P08253, P00533, P22301	65	37	19104	23.83035343035343	0.9999999999807643	0.026955216223587798	0.020229504487533002
GOTERM_CC_FAT	GO:0031965~nuclear membrane	6	9.230769230769232	0.006878101995779767	P24385, P35968, P09917, P10415, P00533, P35354	59	347	16775	4.916231133688273	0.8639372405136971	0.11465968333437862	0.10751824977029965
GOTERM_MF_FAT	GO:0019210~kinase inhibitor activity	4	6.153846153846154	0.006916644315294996	P31749, P38936, P09211, P42574	65	105	17305	10.142124542124543	0.9568954126734558	0.042921094175734704	0.03410947881515341
GOTERM_BP_FAT	GO:0008544~epidermis development	6	9.230769230769232	0.006939705010392893	P10415, Q07869, Q04206, P38936, P00533, P42574	65	358	19104	4.925827245380319	0.9999999999874071	0.02738637147036757	0.020553080337461536
GOTERM_BP_FAT	GO:0031570~DNA integrity checkpoint signaling	4	6.153846153846154	0.007110419986283032	O96017, P24385, P04637, P38936	65	117	19104	10.048126232741618	0.9999999999932231	0.02802936893936298	0.021035640747165556
GOTERM_CC_FAT	GO:0031981~nuclear lumen	28	43.07692307692308	0.007141433564078944	P24385, O75469, P28482, P04637, P42224, P08581, Q07869, Q16236, P25963, P06400, O96017, P35869, O15392, Q9UNQ0, P09917, O15111, P04626, P31749, P38936, P35228, P37231, Q04206, P04150, P01106, P05164, Q16665, P42574, P09601	59	5111	16775	1.5576241340544985	0.8739755175232308	0.11465968333437862	0.10751824977029965
KEGG_PATHWAY	hsa04650:Natural killer cell mediated cytotoxicity	5	7.6923076923076925	0.007150695804848944	P28482, P01579, P05362, P42574, P01375	63	116	9375	6.414203612479474	0.795253159804757	0.013119458418813765	0.007150695804848944
GOTERM_BP_FAT	GO:0002833~positive regulation of response to biotic stimulus	6	9.230769230769232	0.007182097060687984	O15111, Q04206, P00533, O14920, P25963, P01375	65	361	19104	4.884892392925634	0.9999999999947756	0.028144783129222768	0.021122257446965963
GOTERM_BP_FAT	GO:0010661~positive regulation of muscle cell apoptotic process	3	4.615384615384616	0.007186566882843449	P37231, P04637, P01579	65	38	19104	23.203238866396763	0.9999999999948597	0.028144783129222768	0.021122257446965963
GOTERM_BP_FAT	GO:0014002~astrocyte development	3	4.615384615384616	0.007186566882843449	P01579, P01584, P01375	65	38	19104	23.203238866396763	0.9999999999948597	0.028144783129222768	0.021122257446965963
GOTERM_BP_FAT	GO:0002269~leukocyte activation involved in inflammatory response	3	4.615384615384616	0.007186566882843449	P01579, P01584, P01375	65	38	19104	23.203238866396763	0.9999999999948597	0.028144783129222768	0.021122257446965963
GOTERM_BP_FAT	GO:0070229~negative regulation of lymphocyte apoptotic process	3	4.615384615384616	0.007186566882843449	P10415, Q16665, P60568	65	38	19104	23.203238866396763	0.9999999999948597	0.028144783129222768	0.021122257446965963
GOTERM_BP_FAT	GO:0072678~T cell migration	3	4.615384615384616	0.007186566882843449	P02778, P05362, P13500	65	38	19104	23.203238866396763	0.9999999999948597	0.028144783129222768	0.021122257446965963
GOTERM_MF_FAT	GO:0005008~hepatocyte growth factor receptor activity	2	3.076923076923077	0.007383241276228908	P08581	65	2	17305	266.2307692307692	0.965160951423126	0.045197409434212105	0.03591847107354604
GOTERM_MF_FAT	GO:0008236~serine-type peptidase activity	5	7.6923076923076925	0.007589864105580984	P00749, P14780, P03956, P08253, P08254	65	210	17305	6.338827838827839	0.9682963228331878	0.045689918923076916	0.03630986934284258
GOTERM_BP_FAT	GO:1901655~cellular response to ketone	4	6.153846153846154	0.007622270026893907	P37231, P35869, P31749, P04150	65	120	19104	9.796923076923077	0.9999999999989433	0.029786376254770874	0.02235424962334178
GOTERM_BP_FAT	GO:0019218~regulation of steroid metabolic process	4	6.153846153846154	0.007622270026893907	P28482, P04150, P01579, P01375	65	120	19104	9.796923076923077	0.9999999999989433	0.029786376254770874	0.02235424962334178
GOTERM_MF_FAT	GO:0004222~metalloendopeptidase activity	4	6.153846153846154	0.0076654168612667675	P14780, P03956, P08253, P08254	65	109	17305	9.769936485532817	0.9693710938292809	0.045689918923076916	0.03630986934284258
GOTERM_BP_FAT	GO:0045940~positive regulation of steroid metabolic process	3	4.615384615384616	0.007939540719498494	P28482, P01579, P01375	65	40	19104	22.043076923076928	0.9999999999996663	0.03089218705437697	0.02318414482238005
GOTERM_BP_FAT	GO:0045191~regulation of isotype switching	3	4.615384615384616	0.007939540719498494	P05112, P60568, P22301	65	40	19104	22.043076923076928	0.9999999999996663	0.03089218705437697	0.02318414482238005
GOTERM_BP_FAT	GO:1901889~negative regulation of cell junction assembly	3	4.615384615384616	0.007939540719498494	O14920, P01584, P01375	65	40	19104	22.043076923076928	0.9999999999996663	0.03089218705437697	0.02318414482238005
GOTERM_BP_FAT	GO:0070059~intrinsic apoptotic signaling pathway in response to endoplasmic reticulum stress	3	4.615384615384616	0.007939540719498494	P10415, P04637, Q07812	65	40	19104	22.043076923076928	0.9999999999996663	0.03089218705437697	0.02318414482238005
GOTERM_CC_FAT	GO:0031967~organelle envelope	12	18.461538461538463	0.008127112972872459	P24385, P35968, Q9UNQ0, P09917, P10415, Q07812, P31749, P01106, Q14790, P00533, P35354, P09601	59	1409	16775	2.4214793518663313	0.9054221427744841	0.12361766574527056	0.11591829556044402
GOTERM_BP_FAT	GO:1903076~regulation of protein localization to plasma membrane	4	6.153846153846154	0.00815541785408698	P31749, P01579, P00533, P01375	65	123	19104	9.55797373358349	0.9999999999998477	0.03169791858497884	0.023788834819256952
GOTERM_BP_FAT	GO:0016242~negative regulation of macroautophagy	3	4.615384615384616	0.008328797087307492	P04637, P31749, P09601	65	41	19104	21.505440900562853	0.9999999999999188	0.032267371941471924	0.024216201423741354
GOTERM_BP_FAT	GO:0032350~regulation of hormone metabolic process	3	4.615384615384616	0.008328797087307492	Q9NRD8, P04150, Q16665	65	41	19104	21.505440900562853	0.9999999999999188	0.032267371941471924	0.024216201423741354
GOTERM_BP_FAT	GO:1902253~regulation of intrinsic apoptotic signaling pathway by p53 class mediator	3	4.615384615384616	0.008328797087307492	P10415, P04637, P01106	65	41	19104	21.505440900562853	0.9999999999999188	0.032267371941471924	0.024216201423741354
GOTERM_MF_FAT	GO:0017171~serine hydrolase activity	5	7.6923076923076925	0.008363701327317202	P00749, P14780, P03956, P08253, P08254	65	216	17305	6.162749287749288	0.9777338928843898	0.049204632484086915	0.039103019192651856
GOTERM_BP_FAT	GO:0044092~negative regulation of molecular function	5	7.6923076923076925	0.008565519185396442	P04637, Q07812, P08253, P22301, P06400	65	240	19104	6.1230769230769235	0.9999999999999657	0.033113267837965	0.024851034203124442
GOTERM_BP_FAT	GO:1901654~response to ketone	5	7.6923076923076925	0.008565519185396442	P37231, P24385, P35869, P31749, P04150	65	240	19104	6.1230769230769235	0.9999999999999657	0.033113267837965	0.024851034203124442
GOTERM_MF_FAT	GO:0003690~double-stranded DNA binding	14	21.53846153846154	0.008603473576907763	P35869, O75469, P04637, P37231, P42224, Q07869, Q04206, P04150, P01106, P00533, Q16236, Q16665, P06400, P01375	65	1703	17305	2.1886264058900586	0.9800442067854094	0.04996632731204124	0.039708339585728135
GOTERM_BP_FAT	GO:0051924~regulation of calcium ion transport	5	7.6923076923076925	0.008688561132330637	P29474, P10415, Q07812, P02778, P13500	65	241	19104	6.097669964889882	0.999999999999978	0.033552932218421525	0.02518099603625085
GOTERM_BP_FAT	GO:0007595~lactation	3	4.615384615384616	0.008726487207428415	P24385, Q07869, Q16665	65	42	19104	20.993406593406593	0.9999999999999809	0.033627308458143934	0.02523681434105501
GOTERM_BP_FAT	GO:0061900~glial cell activation	3	4.615384615384616	0.008726487207428415	P01579, P01584, P01375	65	42	19104	20.993406593406593	0.9999999999999809	0.033627308458143934	0.02523681434105501
GOTERM_BP_FAT	GO:0044089~positive regulation of cellular component biogenesis	7	10.76923076923077	0.009068950919154436	P35968, P04637, Q07812, P03956, P01579, P08254, P01375	65	537	19104	3.8311989686291366	0.9999999999999944	0.0349096476086682	0.026199191544223926
GOTERM_BP_FAT	GO:0032107~regulation of response to nutrient levels	3	4.615384615384616	0.009132552032350704	P10415, Q07869, Q07812	65	43	19104	20.505187835420394	0.9999999999999957	0.03507951489611896	0.02632667451543316
GOTERM_BP_FAT	GO:0002724~regulation of T cell cytokine production	3	4.615384615384616	0.009132552032350704	P05231, P05112, P01584	65	43	19104	20.505187835420394	0.9999999999999957	0.03507951489611896	0.02632667451543316
GOTERM_MF_FAT	GO:0016709~oxidoreductase activity, acting on paired donors, with incorporation or reduction of molecular oxygen, NAD(P)H as one donor, and incorporation of one atom of oxygen	3	4.615384615384616	0.009136257375694077	P29474, P08684, P35228	65	39	17305	20.4792899408284	0.9843572349711911	0.052388918875815406	0.04163357791455529
GOTERM_BP_FAT	GO:0050866~negative regulation of cell activation	5	7.6923076923076925	0.009192318030768455	P29474, P04626, P42574, P60568, P22301	65	245	19104	5.998116169544741	0.9999999999999964	0.03527148228419461	0.026470743296270395
KEGG_PATHWAY	hsa05020:Prion disease	7	10.76923076923077	0.009372692011717029	P01583, P28482, Q07812, P05231, P42574, P01584, P01375	63	275	9375	3.7878787878787876	0.8752112724963698	0.01705522644755066	0.009372692011717029
GOTERM_MF_FAT	GO:0097367~carbohydrate derivative binding	17	26.153846153846157	0.00942778664635667	O96017, P35968, Q9UNQ0, P29474, O15111, P04626, P28482, P31749, P35228, P10145, P08581, P02778, P05164, P00533, O14920, P60568	65	2332	17305	1.9407903417337378	0.9863094138129969	0.05252836096776826	0.04174439282206749
GOTERM_BP_FAT	GO:0030163~protein catabolic process	9	13.846153846153847	0.009454469492637754	O96017, Q04206, P31749, Q14790, P08253, P00533, P08254, Q16236, P42574	65	890	19104	2.9721002592912704	0.9999999999999987	0.036238780406355135	0.02719668671073669
GOTERM_BP_FAT	GO:0030278~regulation of ossification	4	6.153846153846154	0.009483339015974021	P09917, P10415, P28482, Q16665	65	130	19104	9.043313609467456	0.9999999999999988	0.03631080815574325	0.027250742507113443
GOTERM_BP_FAT	GO:0032735~positive regulation of interleukin-12 production	3	4.615384615384616	0.00954693280663159	Q04206, P01579, P29965	65	44	19104	20.03916083916084	0.999999999999999	0.03644312688569893	0.027350045822628337
GOTERM_BP_FAT	GO:0006953~acute-phase response	3	4.615384615384616	0.00954693280663159	P01583, P05231, P01584	65	44	19104	20.03916083916084	0.999999999999999	0.03644312688569893	0.027350045822628337
GOTERM_BP_FAT	GO:0055080~monoatomic cation homeostasis	7	10.76923076923077	0.009548240849319952	P01583, P35968, P10415, Q07812, P01106, Q16665, P09601	65	543	19104	3.788865278368041	0.999999999999999	0.03644312688569893	0.027350045822628337
GOTERM_MF_FAT	GO:0000976~transcription cis-regulatory region binding	13	20.0	0.009574417987753622	P35869, O75469, P04637, P37231, P42224, Q07869, Q04206, P04150, P01106, Q16236, Q16665, P06400, P01375	65	1531	17305	2.2606139777922927	0.9871974124304833	0.05252836096776826	0.04174439282206749
GOTERM_BP_FAT	GO:0045732~positive regulation of protein catabolic process	5	7.6923076923076925	0.00958242271926392	P31749, P01579, Q16236, P01584, P01375	65	248	19104	5.925558312655087	0.9999999999999991	0.03653488789154276	0.02741891114591496
GOTERM_MF_FAT	GO:0001067~transcription regulatory region nucleic acid binding	13	20.0	0.00962199203352913	P35869, O75469, P04637, P37231, P42224, Q07869, Q04206, P04150, P01106, Q16236, Q16665, P06400, P01375	65	1532	17305	2.259138381201044	0.9874729863356361	0.05252836096776826	0.04174439282206749
GOTERM_MF_FAT	GO:0000978~RNA polymerase II cis-regulatory region sequence-specific DNA binding	11	16.923076923076923	0.009624401678421116	P37231, P42224, P35869, O75469, Q07869, Q04206, P04637, P04150, P01106, Q16665, Q16236	65	1158	17305	2.528962402019397	0.9874867856982399	0.05252836096776826	0.04174439282206749
GOTERM_CC_FAT	GO:1904813~ficolin-1-rich granule lumen	4	6.153846153846154	0.009658233195387507	P14780, P09917, P28482, P09211	59	127	16775	8.955024689710397	0.9394808835349936	0.13956146967334948	0.13086905979750071
GOTERM_BP_FAT	GO:0006006~glucose metabolic process	4	6.153846153846154	0.00988455925154272	Q07869, P31749, P01344, P01375	65	132	19104	8.906293706293706	0.9999999999999997	0.03764700526776789	0.028253539340561854
GOTERM_BP_FAT	GO:0048873~homeostasis of number of cells within a tissue	3	4.615384615384616	0.009969571063069955	P29474, P10415, Q07812	65	45	19104	19.593846153846158	0.9999999999999998	0.037832037347311706	0.028392403271476786
GOTERM_BP_FAT	GO:0002891~positive regulation of immunoglobulin mediated immune response	3	4.615384615384616	0.009969571063069955	P05112, P60568, P01375	65	45	19104	19.593846153846158	0.9999999999999998	0.037832037347311706	0.028392403271476786
GOTERM_BP_FAT	GO:0002714~positive regulation of B cell mediated immunity	3	4.615384615384616	0.009969571063069955	P05112, P60568, P01375	65	45	19104	19.593846153846158	0.9999999999999998	0.037832037347311706	0.028392403271476786
GOTERM_BP_FAT	GO:1990267~response to transition metal nanoparticle	2	3.076923076923077	0.010017142278472209	P05164, P01375	65	3	19104	195.93846153846155	0.9999999999999998	0.037832037347311706	0.028392403271476786
GOTERM_BP_FAT	GO:0002874~regulation of chronic inflammatory response to antigenic stimulus	2	3.076923076923077	0.010017142278472209	P22301, P01375	65	3	19104	195.93846153846155	0.9999999999999998	0.037832037347311706	0.028392403271476786
GOTERM_BP_FAT	GO:0001660~fever generation	2	3.076923076923077	0.010017142278472209	P01583, P01584	65	3	19104	195.93846153846155	0.9999999999999998	0.037832037347311706	0.028392403271476786
GOTERM_BP_FAT	GO:0046136~positive regulation of vitamin metabolic process	2	3.076923076923077	0.010017142278472209	P01579, P01375	65	3	19104	195.93846153846155	0.9999999999999998	0.037832037347311706	0.028392403271476786
GOTERM_BP_FAT	GO:0006808~regulation of nitrogen utilization	2	3.076923076923077	0.010017142278472209	P10415, Q07812	65	3	19104	195.93846153846155	0.9999999999999998	0.037832037347311706	0.028392403271476786
GOTERM_BP_FAT	GO:0044093~positive regulation of molecular function	6	9.230769230769232	0.01025204126750802	P14780, P04626, P31749, P38936, P01375, P06400	65	394	19104	4.4757516595080045	0.9999999999999999	0.03867864365113235	0.029027769201404905
GOTERM_BP_FAT	GO:0032872~regulation of stress-activated MAPK cascade	3	4.615384615384616	0.010400408620734481	P28482, P01106, P09211	65	46	19104	19.167892976588632	1.0	0.039074736455168235	0.02932503118922423
GOTERM_BP_FAT	GO:0014044~Schwann cell development	3	4.615384615384616	0.010400408620734481	P04626, P28482, P31749	65	46	19104	19.167892976588632	1.0	0.039074736455168235	0.02932503118922423
GOTERM_BP_FAT	GO:0030330~DNA damage response, signal transduction by p53 class mediator	3	4.615384615384616	0.010400408620734481	O96017, P04637, P38936	65	46	19104	19.167892976588632	1.0	0.039074736455168235	0.02932503118922423
GOTERM_BP_FAT	GO:0035272~exocrine system development	3	4.615384615384616	0.010400408620734481	P00533, P01344, P01375	65	46	19104	19.167892976588632	1.0	0.039074736455168235	0.02932503118922423
GOTERM_BP_FAT	GO:0050801~monoatomic ion homeostasis	7	10.76923076923077	0.010560962151642452	P01583, P35968, P10415, Q07812, P01106, Q16665, P09601	65	555	19104	3.7069438669438672	1.0	0.03963661107538308	0.029746710060459577
GOTERM_BP_FAT	GO:0035270~endocrine system development	4	6.153846153846154	0.01071639825796433	Q9NRD8, P28482, P04150, P05231	65	136	19104	8.644343891402716	1.0	0.04017812999317948	0.030153112267987045
GOTERM_BP_FAT	GO:0006508~proteolysis	8	12.307692307692308	0.010788564657259997	P00749, P14780, P03956, P01106, Q14790, P08253, P08254, P42574	65	729	19104	3.225324469768914	1.0	0.04034536516130173	0.0302786198712628
GOTERM_BP_FAT	GO:0045454~cell redox homeostasis	3	4.615384615384616	0.010839387587049701	P29474, Q16236, P35228	65	47	19104	18.760065466448445	1.0	0.04034536516130173	0.0302786198712628
GOTERM_BP_FAT	GO:0045601~regulation of endothelial cell differentiation	3	4.615384615384616	0.010839387587049701	O14920, P01584, P01375	65	47	19104	18.760065466448445	1.0	0.04034536516130173	0.0302786198712628
GOTERM_BP_FAT	GO:1904646~cellular response to amyloid-beta	3	4.615384615384616	0.010839387587049701	P19320, P05362, P01375	65	47	19104	18.760065466448445	1.0	0.04034536516130173	0.0302786198712628
GOTERM_BP_FAT	GO:0046006~regulation of activated T cell proliferation	3	4.615384615384616	0.010839387587049701	P42574, P01344, P60568	65	47	19104	18.760065466448445	1.0	0.04034536516130173	0.0302786198712628
GOTERM_BP_FAT	GO:0022602~ovulation cycle process	3	4.615384615384616	0.010839387587049701	P29474, P08253, P42574	65	47	19104	18.760065466448445	1.0	0.04034536516130173	0.0302786198712628
GOTERM_BP_FAT	GO:0032733~positive regulation of interleukin-10 production	3	4.615384615384616	0.010839387587049701	P05231, P05112, P29965	65	47	19104	18.760065466448445	1.0	0.04034536516130173	0.0302786198712628
GOTERM_MF_FAT	GO:0000987~cis-regulatory region sequence-specific DNA binding	11	16.923076923076923	0.011027816134165643	P37231, P42224, P35869, O75469, Q07869, Q04206, P04637, P04150, P01106, Q16665, Q16236	65	1182	17305	2.477612911623064	0.9934175626954997	0.05690664680755428	0.04522382527752658
GOTERM_MF_FAT	GO:0034617~tetrahydrobiopterin binding	2	3.076923076923077	0.011054712845617608	P29474, P35228	65	3	17305	177.4871794871795	0.9934981623883031	0.05690664680755428	0.04522382527752658
GOTERM_MF_FAT	GO:0004666~prostaglandin-endoperoxide synthase activity	2	3.076923076923077	0.011054712845617608	P23219, P35354	65	3	17305	177.4871794871795	0.9934981623883031	0.05690664680755428	0.04522382527752658
GOTERM_MF_FAT	GO:0004517~nitric-oxide synthase activity	2	3.076923076923077	0.011054712845617608	P29474, P35228	65	3	17305	177.4871794871795	0.9934981623883031	0.05690664680755428	0.04522382527752658
GOTERM_MF_FAT	GO:0008384~IkappaB kinase activity	2	3.076923076923077	0.011054712845617608	O15111, O14920	65	3	17305	177.4871794871795	0.9934981623883031	0.05690664680755428	0.04522382527752658
GOTERM_BP_FAT	GO:0002698~negative regulation of immune effector process	4	6.153846153846154	0.01114710489317571	P35869, P60568, P22301, P01375	65	138	19104	8.519063545150502	1.0	0.04144790395264405	0.03110605947486803
KEGG_PATHWAY	hsa05415:Diabetic cardiomyopathy	6	9.230769230769232	0.011235122831079527	P14780, P29474, Q07869, Q04206, P31749, P08253	63	205	9375	4.355400696864112	0.9176696691775327	0.020278026573167927	0.011235122831079527
GOTERM_BP_FAT	GO:1902106~negative regulation of leukocyte differentiation	4	6.153846153846154	0.011366173135483909	P04626, P01106, P05112, P60568	65	139	19104	8.457775318206973	1.0	0.04221888846097786	0.031684672328194316
GOTERM_MF_FAT	GO:0000977~RNA polymerase II transcription regulatory region sequence-specific DNA binding	12	18.461538461538463	0.011475355206864137	P37231, P42224, P35869, O75469, Q07869, Q04206, P04637, P04150, P01106, Q16665, Q16236, P06400	65	1376	17305	2.321779964221825	0.9946378616903745	0.05840826863718488	0.046417167128888645
GOTERM_BP_FAT	GO:0070302~regulation of stress-activated protein kinase signaling cascade	3	4.615384615384616	0.01174153959802615	P28482, P01106, P09211	65	49	19104	17.99434850863422	1.0	0.04352342301614014	0.032663706865290854
GOTERM_BP_FAT	GO:0002752~cell surface pattern recognition receptor signaling pathway	3	4.615384615384616	0.01174153959802615	O15111, Q04206, P25963	65	49	19104	17.99434850863422	1.0	0.04352342301614014	0.032663706865290854
GOTERM_BP_FAT	GO:0033044~regulation of chromosome organization	5	7.6923076923076925	0.011997467119957101	O15392, P04637, P28482, P01106, P06400	65	265	19104	5.545428156748912	1.0	0.04442638646783703	0.03334136802915108
GOTERM_BP_FAT	GO:0042908~xenobiotic transport	3	4.615384615384616	0.012204598276953513	Q9UNQ0, O75469, P00533	65	50	19104	17.634461538461537	1.0	0.04496233905098518	0.033743592782088244
GOTERM_BP_FAT	GO:1902041~regulation of extrinsic apoptotic signaling pathway via death domain receptors	3	4.615384615384616	0.012204598276953513	P29474, P05362, P09601	65	50	19104	17.634461538461537	1.0	0.04496233905098518	0.033743592782088244
GOTERM_BP_FAT	GO:0010907~positive regulation of glucose metabolic process	3	4.615384615384616	0.012204598276953513	Q07869, P31749, P01344	65	50	19104	17.634461538461537	1.0	0.04496233905098518	0.033743592782088244
GOTERM_BP_FAT	GO:0010634~positive regulation of epithelial cell migration	3	4.615384615384616	0.012204598276953513	P14780, P01579, Q16665	65	50	19104	17.634461538461537	1.0	0.04496233905098518	0.033743592782088244
GOTERM_BP_FAT	GO:0032660~regulation of interleukin-17 production	3	4.615384615384616	0.012204598276953513	P01579, P05231, P60568	65	50	19104	17.634461538461537	1.0	0.04496233905098518	0.033743592782088244
GOTERM_BP_FAT	GO:0032649~regulation of type II interferon production	4	6.153846153846154	0.01226732459571767	P60568, P01584, P22301, P01375	65	143	19104	8.22119419042496	1.0	0.04514726304225818	0.03388237559430089
KEGG_PATHWAY	hsa00982:Drug metabolism - cytochrome P450	4	6.153846153846154	0.012336293077734635	P08684, P09488, P09211, P05177	63	73	9375	8.153946510110893	0.9356408851118405	0.02208594405852491	0.012336293077734635
GOTERM_BP_FAT	GO:0006913~nucleocytoplasmic transport	5	7.6923076923076925	0.01246062084616491	P29474, P04637, P31749, P38936, P25963	65	268	19104	5.483352468427096	1.0	0.04581185398850221	0.03438114160003053
GOTERM_BP_FAT	GO:0051169~nuclear transport	5	7.6923076923076925	0.012617521829221509	P29474, P04637, P31749, P38936, P25963	65	269	19104	5.462968258507292	1.0	0.046341418094480225	0.03477857189216612
GOTERM_BP_FAT	GO:0014037~Schwann cell differentiation	3	4.615384615384616	0.012675569631575408	P04626, P28482, P31749	65	51	19104	17.288687782805432	1.0	0.046507207110556205	0.03490299417900194
GOTERM_BP_FAT	GO:0046631~alpha-beta T cell activation	4	6.153846153846154	0.012732890670491426	P10415, P01106, P05231, P22301	65	145	19104	8.107798408488064	1.0	0.04662256614408598	0.03498956948476506
GOTERM_BP_FAT	GO:0050792~regulation of viral process	4	6.153846153846154	0.012732890670491426	P42224, P10415, P01375, P10145	65	145	19104	8.107798408488064	1.0	0.04662256614408598	0.03498956948476506
GOTERM_BP_FAT	GO:1903707~negative regulation of hemopoiesis	4	6.153846153846154	0.012969436199699516	P04626, P01106, P05112, P60568	65	146	19104	8.052265542676503	1.0	0.0473923718331819	0.03556729765110293
GOTERM_BP_FAT	GO:0042177~negative regulation of protein catabolic process	4	6.153846153846154	0.012969436199699516	Q04206, P00533, P35228, P22301	65	146	19104	8.052265542676503	1.0	0.0473923718331819	0.03556729765110293
GOTERM_CC_FAT	GO:0000785~chromatin	12	18.461538461538463	0.013000544760687502	P37231, P42224, P35869, O75469, Q07869, Q04206, P04637, P04150, P01106, Q16665, Q16236, P06400	59	1505	16775	2.267019539388479	0.9772182098340734	0.17891225884946135	0.16776893476887206
GOTERM_BP_FAT	GO:0008202~steroid metabolic process	5	7.6923076923076925	0.01309582337360151	O75469, P08684, P04150, P05177, P05112	65	272	19104	5.402714932126697	1.0	0.047805726053785455	0.035877514085327744
GOTERM_BP_FAT	GO:0048546~digestive tract morphogenesis	3	4.615384615384616	0.013154397182954065	P10415, Q16665, P00533	65	52	19104	16.95621301775148	1.0	0.04797094438277682	0.036001508079663756
GOTERM_MF_FAT	GO:1990837~sequence-specific double-stranded DNA binding	13	20.0	0.013319628078329575	P35869, O75469, P04637, P37231, P42224, Q07869, Q04206, P04150, P01106, Q16236, Q16665, P06400, P01375	65	1600	17305	2.163125	0.9976988260546927	0.06704212799425886	0.0532785123133183
GOTERM_BP_FAT	GO:1900100~positive regulation of plasma cell differentiation	2	3.076923076923077	0.013334188658343918	P60568, P22301	65	4	19104	146.95384615384617	1.0	0.04833308021731704	0.03627328584724543
GOTERM_BP_FAT	GO:0046666~retinal cell programmed cell death	2	3.076923076923077	0.013334188658343918	P10415, Q07812	65	4	19104	146.95384615384617	1.0	0.04833308021731704	0.03627328584724543
GOTERM_BP_FAT	GO:1901687~glutathione derivative biosynthetic process	2	3.076923076923077	0.013334188658343918	P09488, P09211	65	4	19104	146.95384615384617	1.0	0.04833308021731704	0.03627328584724543
GOTERM_BP_FAT	GO:0048597~post-embryonic camera-type eye morphogenesis	2	3.076923076923077	0.013334188658343918	P35968, Q07812	65	4	19104	146.95384615384617	1.0	0.04833308021731704	0.03627328584724543
GOTERM_BP_FAT	GO:0071460~cellular response to cell-matrix adhesion	2	3.076923076923077	0.013334188658343918	P38936, P09211	65	4	19104	146.95384615384617	1.0	0.04833308021731704	0.03627328584724543
GOTERM_BP_FAT	GO:2000697~negative regulation of epithelial cell differentiation involved in kidney development	2	3.076923076923077	0.013334188658343918	P42224, P14780	65	4	19104	146.95384615384617	1.0	0.04833308021731704	0.03627328584724543
KEGG_PATHWAY	hsa04371:Apelin signaling pathway	5	7.6923076923076925	0.013617480457490902	P24385, P29474, P28482, P31749, P35228	63	140	9375	5.314625850340136	0.9516912113683941	0.024184645292503842	0.013617480457490902
GOTERM_BP_FAT	GO:1905562~regulation of vascular endothelial cell proliferation	3	4.615384615384616	0.013641024732160355	P37231, P01344, P13500	65	53	19104	16.636284470246736	1.0	0.04934599609435116	0.0370334647347004
GOTERM_BP_FAT	GO:1903426~regulation of reactive oxygen species biosynthetic process	3	4.615384615384616	0.013641024732160355	P09917, Q07869, Q16665	65	53	19104	16.636284470246736	1.0	0.04934599609435116	0.0370334647347004
GOTERM_BP_FAT	GO:0045727~positive regulation of translation	4	6.153846153846154	0.013694170036385631	P04626, P01106, P05231, P01375	65	149	19104	7.890139390810533	1.0	0.04948856032206362	0.037140457149836256
GOTERM_BP_FAT	GO:0043412~macromolecule modification	13	20.0	0.01371020192513912	O96017, P35968, P10415, P04626, P28482, P31749, P13500, P35228, Q07869, P00533, Q16236, O14920, P01375	65	1773	19104	2.1549915397631136	1.0	0.049496851238753754	0.03714667936430479
GOTERM_MF_FAT	GO:0042826~histone deacetylase binding	4	6.153846153846154	0.013955536001579857	P24385, Q04206, P04637, Q16665	65	136	17305	7.830316742081448	0.9982816401498985	0.06947096493094149	0.055208713852403835
GOTERM_BP_FAT	GO:0022402~cell cycle process	9	13.846153846153847	0.014208163775643663	O96017, P24385, O15392, P10415, P04637, P04150, P01106, P38936, P06400	65	957	19104	2.7640221847118402	1.0	0.0512432573409851	0.03845733218152198
GOTERM_MF_FAT	GO:0008047~enzyme activator activity	8	12.307692307692308	0.014694812085487336	P11926, P24385, Q14790, P00533, P42574, P01344, P60568, P29965	65	702	17305	3.033968880122726	0.998776627891639	0.07017142330705295	0.05576536951553877
GOTERM_BP_FAT	GO:0046328~regulation of JNK cascade	4	6.153846153846154	0.014695844216634063	P04626, P09211, P01584, P01375	65	153	19104	7.6838612368024135	1.0	0.05294912671253253	0.039737562761778505
GOTERM_MF_FAT	GO:0033695~oxidoreductase activity, acting on CH or CH2 groups, quinone or similar compound as acceptor	2	3.076923076923077	0.01471281586082282	P08684, P05177	65	4	17305	133.1153846153846	0.9987867124615473	0.07017142330705295	0.05576536951553877
GOTERM_MF_FAT	GO:0034875~caffeine oxidase activity	2	3.076923076923077	0.01471281586082282	P08684, P05177	65	4	17305	133.1153846153846	0.9987867124615473	0.07017142330705295	0.05576536951553877
GOTERM_MF_FAT	GO:0016712~oxidoreductase activity, acting on paired donors, with incorporation or reduction of molecular oxygen, reduced flavin or flavoprotein as one donor, and incorporation of one atom of oxygen	3	4.615384615384616	0.014715861399933841	P08684, P05177, P09601	65	50	17305	15.973846153846154	0.9987884101575899	0.07017142330705295	0.05576536951553877
GOTERM_CC_FAT	GO:0070161~anchoring junction	9	13.846153846153847	0.015029246132878257	P31645, Q9NRD8, P00749, P24385, P35968, P28482, P31749, P05362, P00533	59	940	16775	2.722232239451857	0.9874297491404398	0.19404001503757415	0.1819544777687979
GOTERM_BP_FAT	GO:0042149~cellular response to glucose starvation	3	4.615384615384616	0.015147149521804962	P10415, P04637, Q16236	65	56	19104	15.745054945054948	1.0	0.05446624723259808	0.0408761400269068
GOTERM_BP_FAT	GO:0001885~endothelial cell development	3	4.615384615384616	0.015147149521804962	P08581, P05362	65	56	19104	15.745054945054948	1.0	0.05446624723259808	0.0408761400269068
GOTERM_BP_FAT	GO:0009755~hormone-mediated signaling pathway	4	6.153846153846154	0.015211896439813119	P37231, Q07869, Q04206, P04150	65	155	19104	7.584714640198512	1.0	0.05464452928479229	0.04100993815877834
KEGG_PATHWAY	hsa00980:Metabolism of xenobiotics by cytochrome P450	4	6.153846153846154	0.01525361798118558	P08684, P09488, P09211, P05177	63	79	9375	7.534659433393609	0.9665272767661464	0.026875422157326974	0.01525361798118558
GOTERM_BP_FAT	GO:0060485~mesenchyme development	5	7.6923076923076925	0.015302165420305573	P42224, P29474, P10415, P28482, Q16665	65	285	19104	5.156275303643725	1.0	0.05491404582605675	0.04121220647062377
GOTERM_BP_FAT	GO:0046456~icosanoid biosynthetic process	3	4.615384615384616	0.015664420601405087	P09917, P23219, P35354	65	57	19104	15.468825910931175	1.0	0.05615811684264928	0.04214586398626802
GOTERM_CC_FAT	GO:0031968~organelle outer membrane	5	7.6923076923076925	0.015737158003576304	P10415, Q07812, Q14790, P35354, P09601	59	279	16775	5.095376951582528	0.9897881371037848	0.19404001503757415	0.1819544777687979
GOTERM_BP_FAT	GO:0042770~signal transduction in response to DNA damage	4	6.153846153846154	0.0157381240161385	O96017, P24385, P04637, P38936	65	157	19104	7.488094071533562	1.0	0.05636626325064315	0.04230207489029673
GOTERM_BP_FAT	GO:1904062~regulation of monoatomic cation transmembrane transport	5	7.6923076923076925	0.015842667503436096	P14780, P10415, Q07812, P01579, P02778	65	288	19104	5.102564102564103	1.0	0.056684340630466984	0.042540787417369615
GOTERM_CC_FAT	GO:0019867~outer membrane	5	7.6923076923076925	0.01611404969170166	P10415, Q07812, Q14790, P35354, P09601	59	281	16775	5.059110923457386	0.990858123614761	0.19404001503757415	0.1819544777687979
GOTERM_BP_FAT	GO:2000107~negative regulation of leukocyte apoptotic process	3	4.615384615384616	0.016189214825089015	P10415, Q16665, P60568	65	58	19104	15.202122015915121	1.0	0.05758904796195791	0.04321975733808887
GOTERM_BP_FAT	GO:0048146~positive regulation of fibroblast proliferation	3	4.615384615384616	0.016189214825089015	P01106, P38936, P00533	65	58	19104	15.202122015915121	1.0	0.05758904796195791	0.04321975733808887
GOTERM_BP_FAT	GO:0030593~neutrophil chemotaxis	3	4.615384615384616	0.016189214825089015	P02778, P01584, P10145	65	58	19104	15.202122015915121	1.0	0.05758904796195791	0.04321975733808887
GOTERM_BP_FAT	GO:1900087~positive regulation of G1/S transition of mitotic cell cycle	3	4.615384615384616	0.016189214825089015	P24385, P31749, P00533	65	58	19104	15.202122015915121	1.0	0.05758904796195791	0.04321975733808887
GOTERM_BP_FAT	GO:0002686~negative regulation of leukocyte migration	3	4.615384615384616	0.016189214825089015	P31749, P09601, P13500	65	58	19104	15.202122015915121	1.0	0.05758904796195791	0.04321975733808887
GOTERM_BP_FAT	GO:0007420~brain development	8	12.307692307692308	0.016191425363714505	P31645, Q9NRD8, P10415, P04637, Q07812, Q16665, P00533, P42574	65	790	19104	2.976280428432327	1.0	0.05758904796195791	0.04321975733808887
GOTERM_BP_FAT	GO:0003018~vascular process in circulatory system	5	7.6923076923076925	0.01620962517597669	P31645, Q9UNQ0, P29474, P08253, P01375	65	290	19104	5.06737400530504	1.0	0.05759692259274558	0.04322566713593784
GOTERM_MF_FAT	GO:0002020~protease binding	4	6.153846153846154	0.016245502219569684	P10415, P04637, P42574, P01375	65	144	17305	7.395299145299145	0.9994006380915024	0.07665846359859445	0.06092063332338631
GOTERM_BP_FAT	GO:0050868~negative regulation of T cell activation	4	6.153846153846154	0.016274548546334026	P04626, P42574, P60568, P22301	65	159	19104	7.393904208998549	1.0	0.05777063882999162	0.043356038688952915
GOTERM_MF_FAT	GO:0008009~chemokine activity	3	4.615384615384616	0.016437003297012774	P02778, P13500, P10145	65	53	17305	15.06966618287373	0.999451232715756	0.07676249993347203	0.06100331120540824
GOTERM_BP_FAT	GO:0002248~connective tissue replacement involved in inflammatory response wound healing	2	3.076923076923077	0.01664029399492819	P01583, Q16665	65	5	19104	117.56307692307693	1.0	0.05883707484173333	0.04415638367250817
GOTERM_BP_FAT	GO:1904999~positive regulation of leukocyte adhesion to arterial endothelial cell	2	3.076923076923077	0.01664029399492819	P09917, P01375	65	5	19104	117.56307692307693	1.0	0.05883707484173333	0.04415638367250817
GOTERM_BP_FAT	GO:0032310~prostaglandin secretion	2	3.076923076923077	0.01664029399492819	P35354, P35228	65	5	19104	117.56307692307693	1.0	0.05883707484173333	0.04415638367250817
GOTERM_BP_FAT	GO:1904880~response to hydrogen sulfide	2	3.076923076923077	0.01664029399492819	P35968, P01375	65	5	19104	117.56307692307693	1.0	0.05883707484173333	0.04415638367250817
GOTERM_BP_FAT	GO:0048678~response to axon injury	3	4.615384615384616	0.016721477643752387	P10415, Q07812, P08253	65	59	19104	14.944458930899609	1.0	0.059008309451948925	0.044284892799908375
GOTERM_BP_FAT	GO:0034605~cellular response to heat	3	4.615384615384616	0.016721477643752387	P01583, P02778, P09601	65	59	19104	14.944458930899609	1.0	0.059008309451948925	0.044284892799908375
GOTERM_BP_FAT	GO:0018193~peptidyl-amino acid modification	5	7.6923076923076925	0.016770054689458313	P35968, P04626, P31749, O14920, P35228	65	293	19104	5.015489629824101	1.0	0.059121826855301665	0.044370085988547234
KEGG_PATHWAY	hsa00983:Drug metabolism - other enzymes	4	6.153846153846154	0.016846179294007266	P08684, P09488, P05164, P09211	63	82	9375	7.259001161440185	0.9765930322368023	0.02944765199424892	0.016846179294007266
GOTERM_BP_FAT	GO:0043588~skin development	5	7.6923076923076925	0.01715036968389435	P10415, Q04206, P38936, P00533, P42574	65	295	19104	4.98148631029987	1.0	0.0604035014379974	0.04533196444305994
GOTERM_BP_FAT	GO:0038093~Fc receptor signaling pathway	3	4.615384615384616	0.01726115477838546	P01579, O14920, P35228	65	60	19104	14.695384615384615	1.0	0.06067506406490031	0.04553576831293101
GOTERM_BP_FAT	GO:0046902~regulation of mitochondrial membrane permeability	3	4.615384615384616	0.01726115477838546	P10415, P04637, Q07812	65	60	19104	14.695384615384615	1.0	0.06067506406490031	0.04553576831293101
GOTERM_BP_FAT	GO:0030198~extracellular matrix organization	5	7.6923076923076925	0.017342544167361827	P14780, P03956, P08253, P08254, P01375	65	296	19104	4.964656964656965	1.0	0.06090174135965366	0.04570588638259881
GOTERM_BP_FAT	GO:0007611~learning or memory	5	7.6923076923076925	0.017536066968343075	P31645, P28482, Q16665, P00533, P42574	65	297	19104	4.947940947940948	1.0	0.061461526543716054	0.04612599716186739
GOTERM_BP_FAT	GO:0043062~extracellular structure organization	5	7.6923076923076925	0.017536066968343075	P14780, P03956, P08253, P08254, P01375	65	297	19104	4.947940947940948	1.0	0.061461526543716054	0.04612599716186739
GOTERM_MF_FAT	GO:0016538~cyclin-dependent protein serine/threonine kinase regulator activity	3	4.615384615384616	0.017629925509636487	P24385, P38936, P42574	65	55	17305	14.521678321678323	0.9996833122263079	0.0806702652107609	0.06410882003504177
GOTERM_MF_FAT	GO:0019914~cyclin-dependent protein kinase regulator activity	3	4.615384615384616	0.017629925509636487	P24385, P38936, P42574	65	55	17305	14.521678321678323	0.9996833122263079	0.0806702652107609	0.06410882003504177
GOTERM_BP_FAT	GO:1904375~regulation of protein localization to cell periphery	4	6.153846153846154	0.017660346742453086	P31749, P01579, P00533, P01375	65	164	19104	7.168480300187618	1.0	0.061836957544274505	0.046407752761509366
GOTERM_BP_FAT	GO:0046324~regulation of D-glucose import across plasma membrane	3	4.615384615384616	0.017808192220705888	P31749, Q16236, P01375	65	61	19104	14.454476670870115	1.0	0.06229409375844982	0.04675082695610555
GOTERM_BP_FAT	GO:0045229~external encapsulating structure organization	5	7.6923076923076925	0.017927168327659268	P14780, P03956, P08253, P08254, P01375	65	299	19104	4.914844352971444	1.0	0.06264945439821178	0.047017520036848365
GOTERM_BP_FAT	GO:0015718~monocarboxylic acid transport	4	6.153846153846154	0.017945192389727884	P37231, Q9UNQ0, P35354, P35228	65	165	19104	7.125034965034966	1.0	0.06265167459320695	0.04701918626145756
GOTERM_MF_FAT	GO:0030295~protein kinase activator activity	4	6.153846153846154	0.018412591393686107	P24385, P00533, P01344, P29965	65	151	17305	7.052470708099848	0.9997792872615359	0.08340903901339806	0.06628532901726998
GOTERM_BP_FAT	GO:0030003~intracellular monoatomic cation homeostasis	6	9.230769230769232	0.018412951737248884	P01583, P10415, Q07812, P01106, Q16665, P09601	65	457	19104	3.8587443191381925	1.0	0.06422252188703556	0.04819808470234364
GOTERM_BP_FAT	GO:0035296~regulation of tube diameter	4	6.153846153846154	0.018815133765253383	P31645, P29474, P08253, P01375	65	168	19104	6.997802197802199	1.0	0.06549848015092555	0.049155673141299656
GOTERM_BP_FAT	GO:0097746~blood vessel diameter maintenance	4	6.153846153846154	0.018815133765253383	P31645, P29474, P08253, P01375	65	168	19104	6.997802197802199	1.0	0.06549848015092555	0.049155673141299656
GOTERM_MF_FAT	GO:1901681~sulfur compound binding	5	7.6923076923076925	0.018823764355923474	P09488, P02778, P05164, P09211, P10145	65	275	17305	4.840559440559441	0.9998174421628827	0.0844273787448845	0.06709460562507377
GOTERM_BP_FAT	GO:0071622~regulation of granulocyte chemotaxis	3	4.615384615384616	0.018924133337242938	P28482, P13500, P10145	65	63	19104	13.995604395604397	1.0	0.06562430453713793	0.04925010254466304
GOTERM_BP_FAT	GO:0033121~regulation of purine nucleotide catabolic process	3	4.615384615384616	0.018924133337242938	Q07869, P01579, Q16665	65	63	19104	13.995604395604397	1.0	0.06562430453713793	0.04925010254466304
GOTERM_BP_FAT	GO:0006110~regulation of glycolytic process	3	4.615384615384616	0.018924133337242938	Q07869, P01579, Q16665	65	63	19104	13.995604395604397	1.0	0.06562430453713793	0.04925010254466304
GOTERM_BP_FAT	GO:0030811~regulation of nucleotide catabolic process	3	4.615384615384616	0.018924133337242938	Q07869, P01579, Q16665	65	63	19104	13.995604395604397	1.0	0.06562430453713793	0.04925010254466304
GOTERM_BP_FAT	GO:0035150~regulation of tube size	4	6.153846153846154	0.019110254139540785	P31645, P29474, P08253, P01375	65	169	19104	6.956395084205736	1.0	0.06620600544688986	0.04968666076280604
GOTERM_BP_FAT	GO:0051129~negative regulation of cellular component organization	8	12.307692307692308	0.019228590348037693	P37231, O15392, P04637, P31749, P02778, O14920, P01584, P01375	65	818	19104	2.8744028587549373	1.0	0.06655197985012469	0.04994630960719877
GOTERM_MF_FAT	GO:0030554~adenyl nucleotide binding	13	20.0	0.01955744942263478	O96017, P35968, Q9UNQ0, P08581, P29474, O15111, P04626, P28482, P31749, P00533, O14920, P35228	65	1687	17305	2.051570835803201	0.9998699128365115	0.08685808420052506	0.06902629207988745
GOTERM_BP_FAT	GO:0006873~intracellular monoatomic ion homeostasis	6	9.230769230769232	0.01985062050360376	P01583, P10415, Q07812, P01106, Q16665, P09601	65	466	19104	3.784219214262133	1.0	0.06840722302805147	0.05133864309404695
GOTERM_BP_FAT	GO:0033091~positive regulation of immature T cell proliferation	2	3.076923076923077	0.019935493805010834	P01583, P01584	65	6	19104	97.96923076923078	1.0	0.06840722302805147	0.05133864309404695
GOTERM_BP_FAT	GO:1990418~response to insulin-like growth factor stimulus	2	3.076923076923077	0.019935493805010834	P31749, P42574	65	6	19104	97.96923076923078	1.0	0.06840722302805147	0.05133864309404695
GOTERM_BP_FAT	GO:0033092~positive regulation of immature T cell proliferation in thymus	2	3.076923076923077	0.019935493805010834	P01583, P01584	65	6	19104	97.96923076923078	1.0	0.06840722302805147	0.05133864309404695
GOTERM_BP_FAT	GO:0072347~response to anesthetic	2	3.076923076923077	0.019935493805010834	Q14790, P42574	65	6	19104	97.96923076923078	1.0	0.06840722302805147	0.05133864309404695
GOTERM_BP_FAT	GO:0022614~membrane to membrane docking	2	3.076923076923077	0.019935493805010834	P19320, P05362	65	6	19104	97.96923076923078	1.0	0.06840722302805147	0.05133864309404695
GOTERM_BP_FAT	GO:1900098~regulation of plasma cell differentiation	2	3.076923076923077	0.019935493805010834	P60568, P22301	65	6	19104	97.96923076923078	1.0	0.06840722302805147	0.05133864309404695
GOTERM_BP_FAT	GO:0002326~B cell lineage commitment	2	3.076923076923077	0.019935493805010834	P10415, P04637	65	6	19104	97.96923076923078	1.0	0.06840722302805147	0.05133864309404695
GOTERM_BP_FAT	GO:0060556~regulation of vitamin D biosynthetic process	2	3.076923076923077	0.019935493805010834	P01579, P01375	65	6	19104	97.96923076923078	1.0	0.06840722302805147	0.05133864309404695
KEGG_PATHWAY	hsa04150:mTOR signaling pathway	5	7.6923076923076925	0.02034032724746886	O15111, P28482, P31749, O14920, P01375	63	158	9375	4.709162145871006	0.9893432194004458	0.0352777550698288	0.02034032724746886
GOTERM_BP_FAT	GO:0002931~response to ischemia	3	4.615384615384616	0.020651912495354637	P10415, P04637, Q16236	65	66	19104	13.359440559440559	1.0	0.07066366640148411	0.05303207159300943
GOTERM_BP_FAT	GO:0140888~interferon-mediated signaling pathway	3	4.615384615384616	0.020651912495354637	P42224, P04637, P01579	65	66	19104	13.359440559440559	1.0	0.07066366640148411	0.05303207159300943
GOTERM_BP_FAT	GO:0042698~ovulation cycle	3	4.615384615384616	0.020651912495354637	P29474, P08253, P42574	65	66	19104	13.359440559440559	1.0	0.07066366640148411	0.05303207159300943
GOTERM_BP_FAT	GO:0045807~positive regulation of endocytosis	4	6.153846153846154	0.020935032468875188	P37231, P01579, P13500, P05112	65	175	19104	6.717890109890111	1.0	0.07156444211134469	0.05370809088789232
GOTERM_CC_FAT	GO:0005783~endoplasmic reticulum	15	23.076923076923077	0.021207310168382523	Q9NRD8, P35968, P10415, P04637, P28482, P19320, P35354, P23219, Q07812, P08684, P01106, P00533, P05231, P05177, P09601	59	2281	16775	1.8697196442238386	0.9979600606608284	0.24515650554650198	0.22988724222526655
GOTERM_BP_FAT	GO:0043627~response to estrogen	3	4.615384615384616	0.021241992571201122	P37231, P24385, P08253	65	67	19104	13.16004592422503	1.0	0.07242875525119898	0.05435674554516848
GOTERM_BP_FAT	GO:0060079~excitatory postsynaptic potential	3	4.615384615384616	0.021241992571201122	P08581, P31749	65	67	19104	13.16004592422503	1.0	0.07242875525119898	0.05435674554516848
GOTERM_BP_FAT	GO:0045936~negative regulation of phosphate metabolic process	4	6.153846153846154	0.0212481804886254	Q07869, P04637, P38936, P06400	65	176	19104	6.6797202797202795	1.0	0.07242875525119898	0.05435674554516848
GOTERM_BP_FAT	GO:0001822~kidney development	5	7.6923076923076925	0.02169362607584851	P11926, P42224, P10415, Q07812, P01106	65	317	19104	4.635768017471487	1.0	0.07387725401822512	0.05544382316549562
GOTERM_BP_FAT	GO:0072676~lymphocyte migration	3	4.615384615384616	0.021839062355529407	P02778, P05362, P13500	65	68	19104	12.966515837104073	1.0	0.07416224473795707	0.055657704627098514
GOTERM_BP_FAT	GO:0060261~positive regulation of transcription initiation by RNA polymerase II	3	4.615384615384616	0.021839062355529407	P04637, P01106, P25963	65	68	19104	12.966515837104073	1.0	0.07416224473795707	0.055657704627098514
GOTERM_BP_FAT	GO:0090303~positive regulation of wound healing	3	4.615384615384616	0.021839062355529407	Q9NRD8, P00749, Q16236	65	68	19104	12.966515837104073	1.0	0.07416224473795707	0.055657704627098514
GOTERM_BP_FAT	GO:0019318~hexose metabolic process	4	6.153846153846154	0.02188221286110901	Q07869, P31749, P01344, P01375	65	178	19104	6.604667242869491	1.0	0.07416896795726789	0.05566275030709197
GOTERM_BP_FAT	GO:0010563~negative regulation of phosphorus metabolic process	4	6.153846153846154	0.02188221286110901	Q07869, P04637, P38936, P06400	65	178	19104	6.604667242869491	1.0	0.07416896795726789	0.05566275030709197
GOTERM_MF_FAT	GO:0051434~BH3 domain binding	2	3.076923076923077	0.021989107694439992	P10415, Q07812	65	6	17305	88.74358974358975	0.9999577630730023	0.09670937655904191	0.07685513368930483
GOTERM_BP_FAT	GO:0034765~regulation of monoatomic ion transmembrane transport	5	7.6923076923076925	0.022139863069224847	P14780, P10415, Q07812, P01579, P02778	65	319	19104	4.6067036411863995	1.0	0.07497173556242212	0.0562652159202857
GOTERM_BP_FAT	GO:0048592~eye morphogenesis	4	6.153846153846154	0.022203098134022464	P35968, P10415, Q07812, Q16665	65	179	19104	6.567769660507091	1.0	0.0751152700252422	0.05637293648300164
GOTERM_BP_FAT	GO:0030193~regulation of blood coagulation	3	4.615384615384616	0.022443069954233872	P00749, P29474, Q16236	65	69	19104	12.778595317725753	1.0	0.0758558921623871	0.05692876281073958
GOTERM_BP_FAT	GO:0031649~heat generation	2	3.076923076923077	0.023219823494471877	P01583, P01584	65	7	19104	83.97362637362639	1.0	0.07804200004718487	0.05856940553083205
GOTERM_BP_FAT	GO:1903347~negative regulation of bicellular tight junction assembly	2	3.076923076923077	0.023219823494471877	O14920, P01375	65	7	19104	83.97362637362639	1.0	0.07804200004718487	0.05856940553083205
GOTERM_BP_FAT	GO:0006527~L-arginine catabolic process	2	3.076923076923077	0.023219823494471877	P29474, P35228	65	7	19104	83.97362637362639	1.0	0.07804200004718487	0.05856940553083205
GOTERM_BP_FAT	GO:1904997~regulation of leukocyte adhesion to arterial endothelial cell	2	3.076923076923077	0.023219823494471877	P09917, P01375	65	7	19104	83.97362637362639	1.0	0.07804200004718487	0.05856940553083205
GOTERM_BP_FAT	GO:1903944~negative regulation of hepatocyte apoptotic process	2	3.076923076923077	0.023219823494471877	Q07869, P06400	65	7	19104	83.97362637362639	1.0	0.07804200004718487	0.05856940553083205
GOTERM_BP_FAT	GO:0016098~monoterpenoid metabolic process	2	3.076923076923077	0.023219823494471877	P08684, P05177	65	7	19104	83.97362637362639	1.0	0.07804200004718487	0.05856940553083205
KEGG_PATHWAY	hsa04520:Adherens junction	4	6.153846153846154	0.02345804007630282	P08581, P04626, P28482, P00533	63	93	9375	6.400409626216078	0.9947314533515168	0.04036965036386997	0.02345804007630282
GOTERM_BP_FAT	GO:0048762~mesenchymal cell differentiation	4	6.153846153846154	0.023512439351516735	P42224, P10415, P28482, Q16665	65	183	19104	6.424211853720051	1.0	0.07887832307589833	0.059197054009777705
GOTERM_BP_FAT	GO:0007292~female gamete generation	4	6.153846153846154	0.023512439351516735	P29474, P10415, P31749, P08253	65	183	19104	6.424211853720051	1.0	0.07887832307589833	0.059197054009777705
GOTERM_BP_FAT	GO:1900046~regulation of hemostasis	3	4.615384615384616	0.023671692336648	P00749, P29474, Q16236	65	71	19104	12.41863488624052	1.0	0.07919137185602855	0.05943199264465756
GOTERM_BP_FAT	GO:0032653~regulation of interleukin-10 production	3	4.615384615384616	0.023671692336648	P05231, P05112, P29965	65	71	19104	12.41863488624052	1.0	0.07919137185602855	0.05943199264465756
GOTERM_BP_FAT	GO:1990266~neutrophil migration	3	4.615384615384616	0.023671692336648	P02778, P01584, P10145	65	71	19104	12.41863488624052	1.0	0.07919137185602855	0.05943199264465756
GOTERM_BP_FAT	GO:0043409~negative regulation of MAPK cascade	4	6.153846153846154	0.023846225068724587	P37231, P01106, P09211, P01584	65	184	19104	6.389297658862877	1.0	0.0796273854704492	0.059759214630056796
GOTERM_BP_FAT	GO:0048639~positive regulation of developmental growth	4	6.153846153846154	0.023846225068724587	P10415, P28482, P31749, P01344	65	184	19104	6.389297658862877	1.0	0.0796273854704492	0.059759214630056796
GOTERM_CC_FAT	GO:0005819~spindle	6	9.230769230769232	0.024084387280653388	O15392, P28482, P31749, P04150, P01106, P06400	59	476	16775	3.583891183592081	0.9991287458737782	0.2543724709143552	0.23852920282972415
GOTERM_CC_FAT	GO:0061695~transferase complex, transferring phosphorus-containing groups	5	7.6923076923076925	0.02413217944334941	P24385, O15111, P38936, O14920, P06400	59	318	16775	4.4704722311054255	0.9991409900071481	0.2543724709143552	0.23852920282972415
GOTERM_BP_FAT	GO:1903844~regulation of cellular response to transforming growth factor beta stimulus	4	6.153846153846154	0.024182590777560384	P37231, Q07869, P04637, P05112	65	185	19104	6.354760914760916	1.0	0.08060117906711384	0.06049003280529443
GOTERM_BP_FAT	GO:0002520~immune system development	4	6.153846153846154	0.024182590777560384	P10415, P04637, P28482, P29965	65	185	19104	6.354760914760916	1.0	0.08060117906711384	0.06049003280529443
GOTERM_BP_FAT	GO:0072001~renal system development	5	7.6923076923076925	0.024217616298996332	P11926, P42224, P10415, Q07812, P01106	65	328	19104	4.480300187617261	1.0	0.08064331933944897	0.060521658477343886
GOTERM_BP_FAT	GO:1902808~positive regulation of cell cycle G1/S phase transition	3	4.615384615384616	0.024296204630510125	P24385, P31749, P00533	65	72	19104	12.246153846153847	1.0	0.0808303095879298	0.06066199198605668
GOTERM_BP_FAT	GO:0007049~cell cycle	9	13.846153846153847	0.024896213113160617	O96017, P24385, O15392, P10415, P04637, P04150, P01106, P38936, P06400	65	1062	19104	2.490743155149935	1.0	0.08275005151911227	0.06210273086530102
GOTERM_BP_FAT	GO:0002275~myeloid cell activation involved in immune response	3	4.615384615384616	0.02492744976222902	P01579, P01584, P01375	65	73	19104	12.078398314014754	1.0	0.08277751289706098	0.06212334023692836
GOTERM_MF_FAT	GO:0043175~RNA polymerase core enzyme binding	3	4.615384615384616	0.025517591718579386	P35869, P04626, P04637	65	67	17305	11.920780711825488	0.9999917846971871	0.11114874085111982	0.08833012517969788
GOTERM_BP_FAT	GO:0008286~insulin receptor signaling pathway	3	4.615384615384616	0.0255653771269807	P28482, P31749, P01344	65	74	19104	11.915176715176715	1.0	0.08450647136560685	0.06342089885445489
GOTERM_BP_FAT	GO:0070301~cellular response to hydrogen peroxide	3	4.615384615384616	0.0255653771269807	Q04206, P05231, Q16236	65	74	19104	11.915176715176715	1.0	0.08450647136560685	0.06342089885445489
GOTERM_BP_FAT	GO:0071300~cellular response to retinoic acid	3	4.615384615384616	0.0255653771269807	P31645, P37231, P01375	65	74	19104	11.915176715176715	1.0	0.08450647136560685	0.06342089885445489
GOTERM_BP_FAT	GO:0002711~positive regulation of T cell mediated immunity	3	4.615384615384616	0.0255653771269807	P05231, P05112, P01584	65	74	19104	11.915176715176715	1.0	0.08450647136560685	0.06342089885445489
GOTERM_BP_FAT	GO:2000401~regulation of lymphocyte migration	3	4.615384615384616	0.0255653771269807	P31749, P02778, P13500	65	74	19104	11.915176715176715	1.0	0.08450647136560685	0.06342089885445489
KEGG_PATHWAY	hsa04020:Calcium signaling pathway	6	9.230769230769232	0.025935067572894144	P35968, P08581, P29474, P04626, P00533, P35228	63	254	9375	3.5151856017997747	0.9969944235930024	0.04428911539371154	0.025935067572894144
GOTERM_BP_FAT	GO:0070163~regulation of adiponectin secretion	2	3.076923076923077	0.026493318351363197	P37231, P01584	65	8	19104	73.47692307692309	1.0	0.08693572497264263	0.06524401896364852
GOTERM_BP_FAT	GO:0072683~T cell extravasation	2	3.076923076923077	0.026493318351363197	P05362, P13500	65	8	19104	73.47692307692309	1.0	0.08693572497264263	0.06524401896364852
GOTERM_BP_FAT	GO:0051122~hepoxilin biosynthetic process	2	3.076923076923077	0.026493318351363197	P09488, P09211	65	8	19104	73.47692307692309	1.0	0.08693572497264263	0.06524401896364852
GOTERM_BP_FAT	GO:0048050~post-embryonic eye morphogenesis	2	3.076923076923077	0.026493318351363197	P35968, Q07812	65	8	19104	73.47692307692309	1.0	0.08693572497264263	0.06524401896364852
GOTERM_BP_FAT	GO:0090400~stress-induced premature senescence	2	3.076923076923077	0.026493318351363197	P04637, P38936	65	8	19104	73.47692307692309	1.0	0.08693572497264263	0.06524401896364852
GOTERM_BP_FAT	GO:0031077~post-embryonic camera-type eye development	2	3.076923076923077	0.026493318351363197	P35968, Q07812	65	8	19104	73.47692307692309	1.0	0.08693572497264263	0.06524401896364852
GOTERM_BP_FAT	GO:0061044~negative regulation of vascular wound healing	2	3.076923076923077	0.026493318351363197	P09917, P01375	65	8	19104	73.47692307692309	1.0	0.08693572497264263	0.06524401896364852
GOTERM_BP_FAT	GO:0071316~cellular response to nicotine	2	3.076923076923077	0.026493318351363197	Q04206, P01375	65	8	19104	73.47692307692309	1.0	0.08693572497264263	0.06524401896364852
GOTERM_MF_FAT	GO:0000981~DNA-binding transcription factor activity, RNA polymerase II-specific	11	16.923076923076923	0.026847653491922946	P37231, P42224, P35869, O75469, Q07869, Q04206, P04637, P04150, P01106, Q16665, Q16236	65	1360	17305	2.1533371040723983	0.9999955749530791	0.11582844792229613	0.09204909768659295
GOTERM_BP_FAT	GO:0140374~antiviral innate immune response	3	4.615384615384616	0.02686107741320466	Q04206, P02778, P01375	65	76	19104	11.601619433198382	1.0	0.08790232690261252	0.06596943989582688
GOTERM_BP_FAT	GO:0045600~positive regulation of fat cell differentiation	3	4.615384615384616	0.02686107741320466	P37231, P31749, P35354	65	76	19104	11.601619433198382	1.0	0.08790232690261252	0.06596943989582688
GOTERM_BP_FAT	GO:0099565~chemical synaptic transmission, postsynaptic	3	4.615384615384616	0.02686107741320466	P08581, P31749	65	76	19104	11.601619433198382	1.0	0.08790232690261252	0.06596943989582688
GOTERM_BP_FAT	GO:0051250~negative regulation of lymphocyte activation	4	6.153846153846154	0.0269663472181169	P04626, P42574, P60568, P22301	65	193	19104	6.091351135910722	1.0	0.08808680782128304	0.06610789018838449
GOTERM_BP_FAT	GO:1905475~regulation of protein localization to membrane	4	6.153846153846154	0.0269663472181169	P31749, P01579, P00533, P01375	65	193	19104	6.091351135910722	1.0	0.08808680782128304	0.06610789018838449
GOTERM_CC_FAT	GO:0101002~ficolin-1-rich granule	4	6.153846153846154	0.027249742159098065	P14780, P09917, P28482, P09211	59	188	16775	6.049404976559683	0.9996592848249514	0.2543724709143552	0.23852920282972415
GOTERM_MF_FAT	GO:0004674~protein serine/threonine kinase activity	6	9.230769230769232	0.02725142352324373	O96017, O15111, P28482, P31749, P00533, O14920	65	459	17305	3.4801407742584214	0.9999963333151888	0.11646127222669254	0.09255200441856362
GOTERM_CC_FAT	GO:0008385~IkappaB kinase complex	2	3.076923076923077	0.027333422248710947	O15111, O14920	59	8	16775	71.08050847457628	0.9996676512752879	0.2543724709143552	0.23852920282972415
GOTERM_BP_FAT	GO:0090559~regulation of membrane permeability	3	4.615384615384616	0.027518750392580532	P10415, P04637, Q07812	65	77	19104	11.450949050949053	1.0	0.08972855897236892	0.06734000096066765
GOTERM_BP_FAT	GO:2000144~positive regulation of DNA-templated transcription initiation	3	4.615384615384616	0.027518750392580532	P04637, P01106, P25963	65	77	19104	11.450949050949053	1.0	0.08972855897236892	0.06734000096066765
KEGG_PATHWAY	hsa05231:Choline metabolism in cancer	4	6.153846153846154	0.02757836683541882	P28482, P31749, Q16665, P00533	63	99	9375	6.012506012506012	0.9979304819020971	0.046735858301244104	0.02757836683541882
GOTERM_CC_FAT	GO:0034774~secretory granule lumen	5	7.6923076923076925	0.02769927822505195	P09917, P28482, P05164, P09211, P01344	59	332	16775	4.281958341841944	0.9997018905427256	0.2543724709143552	0.23852920282972415
GOTERM_MF_FAT	GO:0001664~G protein-coupled receptor binding	5	7.6923076923076925	0.02771205267347323	P42224, P02778, P13500, P60568, P10145	65	310	17305	4.294044665012407	0.9999970413697737	0.11732298935591937	0.09323681273318096
GOTERM_CC_FAT	GO:0000307~cyclin-dependent protein kinase holoenzyme complex	3	4.615384615384616	0.02774785216890569	P24385, P38936, P06400	59	75	16775	11.372881355932204	0.9997061637678374	0.2543724709143552	0.23852920282972415
GOTERM_BP_FAT	GO:0007596~blood coagulation	4	6.153846153846154	0.028052757441938102	P31645, P00749, P05231, P29965	65	196	19104	5.998116169544741	1.0	0.09138705701926128	0.06858468003887941
GOTERM_BP_FAT	GO:0050818~regulation of coagulation	3	4.615384615384616	0.028182905720667173	P00749, P29474, Q16236	65	78	19104	11.304142011834319	1.0	0.09156267746759587	0.06871648067509831
GOTERM_BP_FAT	GO:0033077~T cell differentiation in thymus	3	4.615384615384616	0.028182905720667173	P10415, P04626, P04637	65	78	19104	11.304142011834319	1.0	0.09156267746759587	0.06871648067509831
GOTERM_BP_FAT	GO:0042058~regulation of epidermal growth factor receptor signaling pathway	3	4.615384615384616	0.028182905720667173	P00749, P14780, P00533	65	78	19104	11.304142011834319	1.0	0.09156267746759587	0.06871648067509831
GOTERM_CC_FAT	GO:0005694~chromosome	14	21.53846153846154	0.028434640907816947	O96017, P35869, O15392, O75469, P04637, P37231, P42224, Q07869, Q04206, P04150, P01106, Q16236, Q16665, P06400	59	2138	16775	1.861790680344374	0.9997604400097524	0.2543724709143552	0.23852920282972415
GOTERM_BP_FAT	GO:0099536~synaptic signaling	6	9.230769230769232	0.028560479363203935	P08581, Q04206, P28482, P31749, P04150	65	513	19104	3.4375168690958167	1.0	0.09270577220326466	0.06957435693522833
GOTERM_BP_FAT	GO:0050817~coagulation	4	6.153846153846154	0.028789888574272695	P31645, P00749, P05231, P29965	65	198	19104	5.937529137529138	1.0	0.09336630831062513	0.07007007984233427
GOTERM_BP_FAT	GO:0007265~Ras protein signal transduction	3	4.615384615384616	0.02885349405220293	P04637, P38936, P06400	65	79	19104	11.161051606621228	1.0	0.09340443761912592	0.07009869534335735
GOTERM_BP_FAT	GO:0007589~body fluid secretion	3	4.615384615384616	0.02885349405220293	P24385, Q07869, Q16665	65	79	19104	11.161051606621228	1.0	0.09340443761912592	0.07009869534335735
GOTERM_CC_FAT	GO:0060205~cytoplasmic vesicle lumen	5	7.6923076923076925	0.02904599148849039	P09917, P28482, P05164, P09211, P01344	59	337	16775	4.2184278026454765	0.9998002841837655	0.2543724709143552	0.23852920282972415
GOTERM_BP_FAT	GO:0023061~signal release	4	6.153846153846154	0.029162307562791007	P05231, Q16665, P35354, P35228	65	199	19104	5.907692307692308	1.0	0.09431938433459246	0.07078534977539216
GOTERM_MF_FAT	GO:0034618~arginine binding	2	3.076923076923077	0.02921249801220103	P29474, P35228	65	8	17305	66.5576923076923	0.9999985302212108	0.11930790032250395	0.09481422542185745
GOTERM_MF_FAT	GO:0051400~BH domain binding	2	3.076923076923077	0.02921249801220103	P10415, Q07812	65	8	17305	66.5576923076923	0.9999985302212108	0.11930790032250395	0.09481422542185745
GOTERM_MF_FAT	GO:0101020~estrogen 16-alpha-hydroxylase activity	2	3.076923076923077	0.02921249801220103	P08684, P05177	65	8	17305	66.5576923076923	0.9999985302212108	0.11930790032250395	0.09481422542185745
GOTERM_MF_FAT	GO:0003677~DNA binding	17	26.153846153846157	0.02923438617173938	P35869, O75469, P10415, P04637, P28482, P37231, P42224, P08581, Q07869, Q04206, P04150, P01106, P00533, Q16236, Q16665, P06400, P01375	65	2650	17305	1.7078955007256893	0.9999985451568608	0.11930790032250395	0.09481422542185745
GOTERM_BP_FAT	GO:0051881~regulation of mitochondrial membrane potential	3	4.615384615384616	0.029530466293681962	P35968, P10415, Q07812	65	80	19104	11.021538461538464	1.0	0.09496095380250649	0.07126683849069596
GOTERM_BP_FAT	GO:0010803~regulation of tumor necrosis factor-mediated signaling pathway	3	4.615384615384616	0.029530466293681962	Q14790, P09211, O14920	65	80	19104	11.021538461538464	1.0	0.09496095380250649	0.07126683849069596
GOTERM_BP_FAT	GO:0006879~intracellular iron ion homeostasis	3	4.615384615384616	0.029530466293681962	P01106, Q16665, P09601	65	80	19104	11.021538461538464	1.0	0.09496095380250649	0.07126683849069596
GOTERM_BP_FAT	GO:0030324~lung development	4	6.153846153846154	0.029537293585111413	P35968, P29474, P28482, P05177	65	200	19104	5.878153846153846	1.0	0.09496095380250649	0.07126683849069596
GOTERM_BP_FAT	GO:0048012~hepatocyte growth factor receptor signaling pathway	2	3.076923076923077	0.029756013556211443	P08581	65	9	19104	65.31282051282052	1.0	0.09496095380250649	0.07126683849069596
GOTERM_BP_FAT	GO:0048087~positive regulation of developmental pigmentation	2	3.076923076923077	0.029756013556211443	P10415, Q07812	65	9	19104	65.31282051282052	1.0	0.09496095380250649	0.07126683849069596
GOTERM_BP_FAT	GO:0038133~ERBB2-ERBB3 signaling pathway	2	3.076923076923077	0.029756013556211443	P04626, P28482	65	9	19104	65.31282051282052	1.0	0.09496095380250649	0.07126683849069596
GOTERM_BP_FAT	GO:0033197~response to vitamin E	2	3.076923076923077	0.029756013556211443	P37231, P24385	65	9	19104	65.31282051282052	1.0	0.09496095380250649	0.07126683849069596
GOTERM_BP_FAT	GO:0032873~negative regulation of stress-activated MAPK cascade	2	3.076923076923077	0.029756013556211443	P01106, P09211	65	9	19104	65.31282051282052	1.0	0.09496095380250649	0.07126683849069596
GOTERM_BP_FAT	GO:0002676~regulation of chronic inflammatory response	2	3.076923076923077	0.029756013556211443	P22301, P01375	65	9	19104	65.31282051282052	1.0	0.09496095380250649	0.07126683849069596
GOTERM_BP_FAT	GO:2000553~positive regulation of T-helper 2 cell cytokine production	2	3.076923076923077	0.029756013556211443	P05231, P05112	65	9	19104	65.31282051282052	1.0	0.09496095380250649	0.07126683849069596
GOTERM_BP_FAT	GO:0038129~ERBB3 signaling pathway	2	3.076923076923077	0.029756013556211443	P04626, P28482	65	9	19104	65.31282051282052	1.0	0.09496095380250649	0.07126683849069596
GOTERM_BP_FAT	GO:0031394~positive regulation of prostaglandin biosynthetic process	2	3.076923076923077	0.029756013556211443	P35354, P01584	65	9	19104	65.31282051282052	1.0	0.09496095380250649	0.07126683849069596
GOTERM_BP_FAT	GO:0038134~ERBB2-EGFR signaling pathway	2	3.076923076923077	0.029756013556211443	P04626, P00533	65	9	19104	65.31282051282052	1.0	0.09496095380250649	0.07126683849069596
GOTERM_BP_FAT	GO:1903943~regulation of hepatocyte apoptotic process	2	3.076923076923077	0.029756013556211443	Q07869, P06400	65	9	19104	65.31282051282052	1.0	0.09496095380250649	0.07126683849069596
GOTERM_BP_FAT	GO:0042130~negative regulation of T cell proliferation	3	4.615384615384616	0.03021377359536523	P04626, P42574, P22301	65	81	19104	10.885470085470086	1.0	0.09625130527329878	0.07223522882570078
GOTERM_BP_FAT	GO:1903036~positive regulation of response to wounding	3	4.615384615384616	0.03021377359536523	Q9NRD8, P00749, Q16236	65	81	19104	10.885470085470086	1.0	0.09625130527329878	0.07223522882570078
GOTERM_BP_FAT	GO:0007599~hemostasis	4	6.153846153846154	0.03029496051122983	P31645, P00749, P05231, P29965	65	202	19104	5.81995430312262	1.0	0.09625462321160588	0.07223771889097483
GOTERM_BP_FAT	GO:0048863~stem cell differentiation	4	6.153846153846154	0.03029496051122983	P10415, P04637, P28482, Q16665	65	202	19104	5.81995430312262	1.0	0.09625462321160588	0.07223771889097483
GOTERM_BP_FAT	GO:0005996~monosaccharide metabolic process	4	6.153846153846154	0.03029496051122983	Q07869, P31749, P01344, P01375	65	202	19104	5.81995430312262	1.0	0.09625462321160588	0.07223771889097483
GOTERM_MF_FAT	GO:0008289~lipid binding	8	12.307692307692308	0.030509459886185596	P37231, Q07869, Q07812, P31749, P08684, P04150, P09211, P60568	65	816	17305	2.610105580693816	0.9999991978791158	0.12339986900394709	0.09806612106273942
GOTERM_BP_FAT	GO:0003012~muscle system process	5	7.6923076923076925	0.03059641580716711	O15111, P29474, P09601, P01584, P01375	65	353	19104	4.162998474613206	1.0	0.09712677194116572	0.07289225404632588
GOTERM_CC_FAT	GO:0031264~death-inducing signaling complex	2	3.076923076923077	0.030698046899148422	Q14790, P42574	59	9	16775	63.18267419962335	0.9998779110438137	0.2566882815767381	0.2407007761498132
GOTERM_BP_FAT	GO:0090049~regulation of cell migration involved in sprouting angiogenesis	3	4.615384615384616	0.030903367354739586	P35968, P35354, P09601	65	82	19104	10.752720450281426	1.0	0.0976709057711638	0.07330061870808406
GOTERM_BP_FAT	GO:1900076~regulation of cellular response to insulin stimulus	3	4.615384615384616	0.030903367354739586	P37231, P01344, P01584	65	82	19104	10.752720450281426	1.0	0.0976709057711638	0.07330061870808406
GOTERM_BP_FAT	GO:0002526~acute inflammatory response	3	4.615384615384616	0.030903367354739586	P01583, P05231, P01584	65	82	19104	10.752720450281426	1.0	0.0976709057711638	0.07330061870808406
GOTERM_BP_FAT	GO:0032374~regulation of cholesterol transport	3	4.615384615384616	0.030903367354739586	P37231, P05164, P25963	65	82	19104	10.752720450281426	1.0	0.0976709057711638	0.07330061870808406
GOTERM_BP_FAT	GO:0032371~regulation of sterol transport	3	4.615384615384616	0.030903367354739586	P37231, P05164, P25963	65	82	19104	10.752720450281426	1.0	0.0976709057711638	0.07330061870808406
GOTERM_BP_FAT	GO:0030323~respiratory tube development	4	6.153846153846154	0.031062876115724666	P35968, P29474, P28482, P05177	65	204	19104	5.762895927601811	1.0	0.0980889944302857	0.07361438827074451
GOTERM_BP_FAT	GO:0007005~mitochondrion organization	5	7.6923076923076925	0.031145778942434102	P29474, P10415, P04637, Q07812, P31749	65	355	19104	4.139544962080174	1.0	0.09826465983326627	0.07374622264478267
GOTERM_BP_FAT	GO:0032720~negative regulation of tumor necrosis factor production	3	4.615384615384616	0.03159919922058115	P09211, P05112, P22301	65	83	19104	10.623169601482854	1.0	0.099433986717689	0.07462378575759951
GOTERM_BP_FAT	GO:0045069~regulation of viral genome replication	3	4.615384615384616	0.03159919922058115	P10415, P01375, P10145	65	83	19104	10.623169601482854	1.0	0.099433986717689	0.07462378575759951
GOTERM_BP_FAT	GO:2000278~regulation of DNA biosynthetic process	3	4.615384615384616	0.03159919922058115	P04637, P38936, P01375	65	83	19104	10.623169601482854	1.0	0.099433986717689	0.07462378575759951
GOTERM_CC_FAT	GO:0005739~mitochondrion	13	20.0	0.03175867697521267	Q9UNQ0, P10415, P04637, P28482, P31749, Q07812, P04150, Q14790, P08253, P09211, P08254, P05177, P09601	59	1943	16775	1.9023090276263335	0.9999110257446381	0.2566882815767381	0.2407007761498132
GOTERM_CC_FAT	GO:0017053~transcription repressor complex	3	4.615384615384616	0.031975010853849725	P24385, P04637, P01106	59	81	16775	10.530445699937227	0.9999165899620464	0.2566882815767381	0.2407007761498132
GOTERM_BP_FAT	GO:1901184~regulation of ERBB signaling pathway	3	4.615384615384616	0.03230122107705902	P00749, P14780, P00533	65	84	19104	10.496703296703297	1.0	0.10155436260091068	0.07621509755005898
GOTERM_MF_FAT	GO:0101021~estrogen 2-hydroxylase activity	2	3.076923076923077	0.032804473507682425	P08684, P05177	65	9	17305	59.16239316239316	0.9999997258624976	0.13071227006028413	0.10387730071015958
GOTERM_MF_FAT	GO:0043168~anion binding	17	26.153846153846157	0.0328944785582172	O96017, P35968, Q9UNQ0, P29474, O15111, P04626, P28482, P31749, P35228, P37231, P08581, Q04206, P09488, P00533, P09211, O14920	65	2688	17305	1.6837511446886446	0.9999997371791328	0.13071227006028413	0.10387730071015958
GOTERM_BP_FAT	GO:0035357~peroxisome proliferator activated receptor signaling pathway	2	3.076923076923077	0.033007944173775505	P37231, Q07869	65	10	19104	58.78153846153847	1.0	0.10279413514989925	0.07714552912720721
GOTERM_BP_FAT	GO:0070303~negative regulation of stress-activated protein kinase signaling cascade	2	3.076923076923077	0.033007944173775505	P01106, P09211	65	10	19104	58.78153846153847	1.0	0.10279413514989925	0.07714552912720721
GOTERM_BP_FAT	GO:0009750~response to fructose	2	3.076923076923077	0.033007944173775505	Q07869, P01375	65	10	19104	58.78153846153847	1.0	0.10279413514989925	0.07714552912720721
GOTERM_BP_FAT	GO:0030656~regulation of vitamin metabolic process	2	3.076923076923077	0.033007944173775505	P01579, P01375	65	10	19104	58.78153846153847	1.0	0.10279413514989925	0.07714552912720721
GOTERM_BP_FAT	GO:1903799~negative regulation of miRNA processing	2	3.076923076923077	0.033007944173775505	P04637, P05231	65	10	19104	58.78153846153847	1.0	0.10279413514989925	0.07714552912720721
GOTERM_BP_FAT	GO:0032025~response to cobalt ion	2	3.076923076923077	0.033007944173775505	Q14790, P42574	65	10	19104	58.78153846153847	1.0	0.10279413514989925	0.07714552912720721
GOTERM_BP_FAT	GO:0001542~ovulation from ovarian follicle	2	3.076923076923077	0.033007944173775505	P29474, P08253	65	10	19104	58.78153846153847	1.0	0.10279413514989925	0.07714552912720721
GOTERM_BP_FAT	GO:0060260~regulation of transcription initiation by RNA polymerase II	3	4.615384615384616	0.0330093850592377	P04637, P01106, P25963	65	85	19104	10.373212669683259	1.0	0.10279413514989925	0.07714552912720721
GOTERM_BP_FAT	GO:0034620~cellular response to unfolded protein	3	4.615384615384616	0.0330093850592377	P24385, Q07812, Q16236	65	85	19104	10.373212669683259	1.0	0.10279413514989925	0.07714552912720721
GOTERM_BP_FAT	GO:0070098~chemokine-mediated signaling pathway	3	4.615384615384616	0.0330093850592377	P28482, P02778, P13500	65	85	19104	10.373212669683259	1.0	0.10279413514989925	0.07714552912720721
GOTERM_BP_FAT	GO:1903556~negative regulation of tumor necrosis factor superfamily cytokine production	3	4.615384615384616	0.0330093850592377	P09211, P05112, P22301	65	85	19104	10.373212669683259	1.0	0.10279413514989925	0.07714552912720721
GOTERM_BP_FAT	GO:0050954~sensory perception of mechanical stimulus	4	6.153846153846154	0.03342796397185625	O15392, P01106, P42574, P01375	65	210	19104	5.598241758241758	1.0	0.10400773246165637	0.07805631656295277
GOTERM_BP_FAT	GO:0061919~process utilizing autophagic mechanism	5	7.6923076923076925	0.03369021355664849	O15111, P10415, P04637, P09601, O14920	65	364	19104	4.037193575655114	1.0	0.10464296503845216	0.07853304953204959
GOTERM_BP_FAT	GO:0006914~autophagy	5	7.6923076923076925	0.03369021355664849	O15111, P10415, P04637, P09601, O14920	65	364	19104	4.037193575655114	1.0	0.10464296503845216	0.07853304953204959
GOTERM_BP_FAT	GO:0050766~positive regulation of phagocytosis	3	4.615384615384616	0.0337236435385158	P37231, P01579, P13500	65	86	19104	10.252593917710197	1.0	0.1046565785265051	0.07854326626024696
GOTERM_MF_FAT	GO:0008237~metallopeptidase activity	4	6.153846153846154	0.0337452971725661	P14780, P03956, P08253, P08254	65	191	17305	5.575513491743859	0.999999823597732	0.13292712712323865	0.1056374520184678
GOTERM_BP_FAT	GO:0021543~pallium development	4	6.153846153846154	0.03383106883490926	Q07812, Q16665, P00533, P42574	65	211	19104	5.571709806780897	1.0	0.1048996050018744	0.07872565415627766
GOTERM_CC_FAT	GO:0097136~Bcl-2 family protein complex	2	3.076923076923077	0.03405123270852615	P10415, Q07812	59	10	16775	56.86440677966102	0.9999551530658071	0.2659677365611907	0.2494022720002861
GOTERM_BP_FAT	GO:0001501~skeletal system development	6	9.230769230769232	0.034051671221379906	P14780, P04637, P01106, P08253, Q16665, P06400	65	538	19104	3.277780955104375	1.0	0.10549283870217695	0.0791708675688833
GOTERM_BP_FAT	GO:0045670~regulation of osteoclast differentiation	3	4.615384615384616	0.03444394913464603	P01579, P05112, P01375	65	87	19104	10.13474801061008	1.0	0.10661645080079868	0.08001412238838736
GOTERM_BP_FAT	GO:0031400~negative regulation of protein modification process	4	6.153846153846154	0.03546889846109762	Q04206, P31749, P38936, P06400	65	215	19104	5.4680500894454385	1.0	0.10969479927496542	0.08232437891743172
GOTERM_BP_FAT	GO:0048864~stem cell development	3	4.615384615384616	0.03590251332707188	P10415, P28482, Q16665	65	89	19104	9.907000864304235	1.0	0.11084554885813196	0.08318800003119312
GOTERM_BP_FAT	GO:0001942~hair follicle development	3	4.615384615384616	0.03590251332707188	P10415, Q04206, P00533	65	89	19104	9.907000864304235	1.0	0.11084554885813196	0.08318800003119312
KEGG_PATHWAY	hsa04350:TGF-beta signaling pathway	4	6.153846153846154	0.03607039866931239	P28482, P01106, P01579, P01375	63	110	9375	5.411255411255411	0.9997021379950879	0.06066385230747993	0.03607039866931239
GOTERM_MF_FAT	GO:0043539~protein serine/threonine kinase activator activity	3	4.615384615384616	0.03618497173144947	P24385, P01344, P29965	65	81	17305	9.86039886039886	0.9999999438766912	0.14086892746548796	0.11194881652886463
GOTERM_BP_FAT	GO:0010887~negative regulation of cholesterol storage	2	3.076923076923077	0.03624914515731991	P37231, Q07869	65	11	19104	53.437762237762236	1.0	0.11115376170367969	0.08341930936629195
GOTERM_BP_FAT	GO:0019372~lipoxygenase pathway	2	3.076923076923077	0.03624914515731991	P09917, P35354	65	11	19104	53.437762237762236	1.0	0.11115376170367969	0.08341930936629195
GOTERM_BP_FAT	GO:0097709~connective tissue replacement	2	3.076923076923077	0.03624914515731991	P01583, Q16665	65	11	19104	53.437762237762236	1.0	0.11115376170367969	0.08341930936629195
GOTERM_BP_FAT	GO:0070431~nucleotide-binding oligomerization domain containing 2 signaling pathway	2	3.076923076923077	0.03624914515731991	Q04206, P25963	65	11	19104	53.437762237762236	1.0	0.11115376170367969	0.08341930936629195
GOTERM_BP_FAT	GO:0019371~cyclooxygenase pathway	2	3.076923076923077	0.03624914515731991	P23219, P35354	65	11	19104	53.437762237762236	1.0	0.11115376170367969	0.08341930936629195
GOTERM_BP_FAT	GO:2001280~positive regulation of unsaturated fatty acid biosynthetic process	2	3.076923076923077	0.03624914515731991	P35354, P01584	65	11	19104	53.437762237762236	1.0	0.11115376170367969	0.08341930936629195
GOTERM_BP_FAT	GO:0048304~positive regulation of isotype switching to IgG isotypes	2	3.076923076923077	0.03624914515731991	P05112, P60568	65	11	19104	53.437762237762236	1.0	0.11115376170367969	0.08341930936629195
GOTERM_BP_FAT	GO:0044346~fibroblast apoptotic process	2	3.076923076923077	0.03624914515731991	P01106, P42574	65	11	19104	53.437762237762236	1.0	0.11115376170367969	0.08341930936629195
GOTERM_MF_FAT	GO:0001094~TFIID-class transcription factor complex binding	2	3.076923076923077	0.036383365371881	P35869, P04637	65	10	17305	53.246153846153845	0.9999999488738976	0.14086892746548796	0.11194881652886463
GOTERM_BP_FAT	GO:0002720~positive regulation of cytokine production involved in immune response	3	4.615384615384616	0.036640678354685326	P05231, P05112, P01584	65	90	19104	9.796923076923079	1.0	0.1122588130203497	0.08424863458424245
GOTERM_CC_FAT	GO:0035631~CD40 receptor complex	2	3.076923076923077	0.037393017886716846	O15111, O14920	59	11	16775	51.69491525423729	0.9999835273621972	0.2843837412963466	0.2666712591394807
GOTERM_BP_FAT	GO:0022404~molting cycle process	3	4.615384615384616	0.03813454212406582	P10415, Q04206, P00533	65	92	19104	9.583946488294316	1.0	0.11663731347454087	0.08753463659038538
GOTERM_BP_FAT	GO:0022405~hair cycle process	3	4.615384615384616	0.03813454212406582	P10415, Q04206, P00533	65	92	19104	9.583946488294316	1.0	0.11663731347454087	0.08753463659038538
GOTERM_BP_FAT	GO:0002695~negative regulation of leukocyte activation	4	6.153846153846154	0.038432520323881024	P04626, P42574, P60568, P22301	65	222	19104	5.295634095634096	1.0	0.11744899976839977	0.08814379555197141
KEGG_PATHWAY	hsa04930:Type II diabetes mellitus	3	4.615384615384616	0.038452734588363346	P28482, O14920, P01375	63	47	9375	9.498480243161094	0.9998276105047349	0.06418426374899747	0.038452734588363346
GOTERM_MF_FAT	GO:0140678~molecular function inhibitor activity	7	10.76923076923077	0.038658168807553975	O15392, P10415, P31749, P38936, P09211, P42574, P25963	65	677	17305	2.752755368708102	0.9999999824748531	0.14713005602579257	0.11692454783506692
GOTERM_MF_FAT	GO:1990841~promoter-specific chromatin binding	3	4.615384615384616	0.03865987287781889	P42224, P04637, P04150	65	84	17305	9.508241758241759	0.9999999824889199	0.14713005602579257	0.11692454783506692
GOTERM_CC_FAT	GO:0030312~external encapsulating structure	6	9.230769230769232	0.0387116565750875	P14780, P03956, P31749, P05362, P08253, P08254	59	541	16775	3.1532942761364704	0.9999889155948688	0.2868633012871869	0.2689963828679157
GOTERM_BP_FAT	GO:0032729~positive regulation of type II interferon production	3	4.615384615384616	0.03889014871334903	P60568, P01584, P01375	65	93	19104	9.48089330024814	1.0	0.11864623692988702	0.08904230492878559
GOTERM_BP_FAT	GO:0061326~renal tubule development	3	4.615384615384616	0.03889014871334903	P42224, P10415, P01106	65	93	19104	9.48089330024814	1.0	0.11864623692988702	0.08904230492878559
GOTERM_BP_FAT	GO:0070989~oxidative demethylation	2	3.076923076923077	0.03947965134829556	P08684, P05177	65	12	19104	48.98461538461539	1.0	0.12013951335127439	0.090162987538675
GOTERM_BP_FAT	GO:1900451~positive regulation of glutamate receptor signaling pathway	2	3.076923076923077	0.03947965134829556	P01579, P13500	65	12	19104	48.98461538461539	1.0	0.12013951335127439	0.090162987538675
GOTERM_BP_FAT	GO:1900222~negative regulation of amyloid-beta clearance	2	3.076923076923077	0.03947965134829556	P01579, P01375	65	12	19104	48.98461538461539	1.0	0.12013951335127439	0.090162987538675
GOTERM_MF_FAT	GO:0070063~RNA polymerase binding	3	4.615384615384616	0.03949890815894235	P35869, P04626, P04637	65	85	17305	9.396380090497738	0.9999999882095092	0.14713005602579257	0.11692454783506692
GOTERM_BP_FAT	GO:1990868~response to chemokine	3	4.615384615384616	0.03965147739587815	P28482, P02778, P13500	65	94	19104	9.380032733224223	1.0	0.12025612210214559	0.09025050073943981
GOTERM_BP_FAT	GO:0032370~positive regulation of lipid transport	3	4.615384615384616	0.03965147739587815	P37231, P05164, P01584	65	94	19104	9.380032733224223	1.0	0.12025612210214559	0.09025050073943981
GOTERM_BP_FAT	GO:0051591~response to cAMP	3	4.615384615384616	0.03965147739587815	Q9NRD8, P42224, P35869	65	94	19104	9.380032733224223	1.0	0.12025612210214559	0.09025050073943981
GOTERM_BP_FAT	GO:1990869~cellular response to chemokine	3	4.615384615384616	0.03965147739587815	P28482, P02778, P13500	65	94	19104	9.380032733224223	1.0	0.12025612210214559	0.09025050073943981
GOTERM_MF_FAT	GO:0003682~chromatin binding	7	10.76923076923077	0.03984282699090172	P37231, P42224, Q04206, P04637, P04150, P05164, P00533	65	682	17305	2.732573877735168	0.9999999899751976	0.14713005602579257	0.11692454783506692
GOTERM_MF_FAT	GO:0016175~superoxide-generating NAD(P)H oxidase activity	2	3.076923076923077	0.039949220510314534	Q9NRD8, P29474	65	11	17305	48.40559440559441	0.9999999904660105	0.14713005602579257	0.11692454783506692
GOTERM_MF_FAT	GO:0070513~death domain binding	2	3.076923076923077	0.039949220510314534	P10415, Q07812	65	11	17305	48.40559440559441	0.9999999904660105	0.14713005602579257	0.11692454783506692
GOTERM_BP_FAT	GO:0016485~protein processing	4	6.153846153846154	0.04018136481382516	P00749, P01106, Q14790, P42574	65	226	19104	5.201906058543226	1.0	0.12176068748882425	0.09137965555641987
KEGG_PATHWAY	hsa04928:Parathyroid hormone synthesis, secretion and action	4	6.153846153846154	0.04032734701607917	P10415, P28482, P38936, P00533	63	115	9375	5.175983436853001	0.9998880022359741	0.06681097789231026	0.04032734701607917
GOTERM_MF_FAT	GO:0008233~peptidase activity	7	10.76923076923077	0.040564704830504034	P00749, P14780, P03956, Q14790, P08253, P08254, P42574	65	685	17305	2.720606400898372	0.9999999928696963	0.14735563091687678	0.11710381264917359
GOTERM_MF_FAT	GO:0046914~transition metal ion binding	16	24.615384615384617	0.04066104605874083	P01583, O15392, P29474, P09917, O75469, P04637, P03956, P38936, P37231, P14780, Q07869, P08684, P04150, P08253, P08254, P05177	65	2534	17305	1.6810151174792058	0.9999999931867873	0.14735563091687678	0.11710381264917359
GOTERM_BP_FAT	GO:2000142~regulation of DNA-templated transcription initiation	3	4.615384615384616	0.04119111930664613	P04637, P01106, P25963	65	96	19104	9.184615384615386	1.0	0.12471563265701345	0.09359729966821104
KEGG_PATHWAY	hsa04670:Leukocyte transendothelial migration	4	6.153846153846154	0.04120814306573287	P14780, P19320, P05362, P08253	63	116	9375	5.1313628899835795	0.9999085721613065	0.06776450193031627	0.04120814306573287
GOTERM_BP_FAT	GO:0060541~respiratory system development	4	6.153846153846154	0.041519255377064856	P35968, P29474, P28482, P05177	65	229	19104	5.133758817601613	1.0	0.12549821906339317	0.0941846195801874
GOTERM_BP_FAT	GO:0050777~negative regulation of immune response	4	6.153846153846154	0.041519255377064856	P37231, P35869, P60568, P22301	65	229	19104	5.133758817601613	1.0	0.12549821906339317	0.0941846195801874
GOTERM_BP_FAT	GO:0015908~fatty acid transport	3	4.615384615384616	0.04196934224807911	P37231, P35354, P35228	65	97	19104	9.08992862807296	1.0	0.12664618100488195	0.09504614860871517
GOTERM_BP_FAT	GO:0051098~regulation of binding	3	4.615384615384616	0.04196934224807911	P14780, Q07812, P06400	65	97	19104	9.08992862807296	1.0	0.12664618100488195	0.09504614860871517
GOTERM_BP_FAT	GO:0072577~endothelial cell apoptotic process	2	3.076923076923077	0.042699497477922635	P22301, P01375	65	13	19104	45.21656804733728	1.0	0.1285265575713912	0.09645734434444678
GOTERM_BP_FAT	GO:2000551~regulation of T-helper 2 cell cytokine production	2	3.076923076923077	0.042699497477922635	P05231, P05112	65	13	19104	45.21656804733728	1.0	0.1285265575713912	0.09645734434444678
GOTERM_BP_FAT	GO:0140353~lipid export from cell	2	3.076923076923077	0.042699497477922635	P35354, P35228	65	13	19104	45.21656804733728	1.0	0.1285265575713912	0.09645734434444678
GOTERM_BP_FAT	GO:0071331~cellular response to hexose stimulus	3	4.615384615384616	0.04275310670721685	Q07869, P05362, Q16665	65	98	19104	8.99717425431711	1.0	0.1285805037279652	0.0964978301638684
GOTERM_BP_FAT	GO:0000902~cell morphogenesis	7	10.76923076923077	0.04300357104664494	P08581, P10415, P04626, P00533, P42574, P06400	65	767	19104	2.6823387824691607	1.0	0.12922591032615657	0.09698219859059876
KEGG_PATHWAY	hsa00330:Arginine and proline metabolism	3	4.615384615384616	0.04303148907737828	P11926, P29474, P35228	63	50	9375	8.928571428571429	0.9999399683740772	0.07024257775866159	0.04303148907737828
GOTERM_MF_FAT	GO:0003700~DNA-binding transcription factor activity	11	16.923076923076923	0.04303272009217393	P37231, P42224, P35869, O75469, Q07869, Q04206, P04637, P04150, P01106, Q16665, Q16236	65	1473	17305	1.9881455950702387	0.9999999977798554	0.15395660002837797	0.12234961591659177
GOTERM_MF_FAT	GO:1990459~transferrin receptor binding	2	3.076923076923077	0.04350208565923263	O15111, O14920	65	12	17305	44.371794871794876	0.9999999982222757	0.15395660002837797	0.12234961591659177
GOTERM_MF_FAT	GO:0097371~MDM2/MDM4 family protein binding	2	3.076923076923077	0.04350208565923263	Q07869, P04637	65	12	17305	44.371794871794876	0.9999999982222757	0.15395660002837797	0.12234961591659177
GOTERM_BP_FAT	GO:0035967~cellular response to topologically incorrect protein	3	4.615384615384616	0.044337082128620385	P24385, Q07812, Q16236	65	100	19104	8.817230769230768	1.0	0.1329005881109977	0.09973999174358528
GOTERM_BP_FAT	GO:0051928~positive regulation of calcium ion transport	3	4.615384615384616	0.044337082128620385	Q07812, P02778, P13500	65	100	19104	8.817230769230768	1.0	0.1329005881109977	0.09973999174358528
GOTERM_BP_FAT	GO:0071326~cellular response to monosaccharide stimulus	3	4.615384615384616	0.044337082128620385	Q07869, P05362, Q16665	65	100	19104	8.817230769230768	1.0	0.1329005881109977	0.09973999174358528
GOTERM_MF_FAT	GO:0046872~metal ion binding	25	38.46153846153847	0.044417334579377826	Q9NRD8, P01583, O75469, P29474, P04637, P35354, P14780, Q07869, P08684, P05177, P31645, O96017, P35968, O15392, P09917, P03956, P38936, P35228, P37231, P23219, P04150, P05164, P08253, P08254, P09601	65	4688	17305	1.4197459963244947	0.9999999988478127	0.1559771516624663	0.12395535231454277
GOTERM_BP_FAT	GO:0048640~negative regulation of developmental growth	3	4.615384615384616	0.045137204635555976	P31645, Q07869, P38936	65	101	19104	8.72993145468393	1.0	0.135186490691528	0.10145552895639515
GOTERM_BP_FAT	GO:0045859~regulation of protein kinase activity	4	6.153846153846154	0.0456669316170063	P04626, P38936, P01375, P06400	65	238	19104	4.939625080801552	1.0	0.136464565849394	0.10241470609402206
GOTERM_BP_FAT	GO:0009057~macromolecule catabolic process	9	13.846153846153847	0.045893716876524854	O96017, Q04206, P31749, Q14790, P08253, P00533, P08254, Q16236, P42574	65	1198	19104	2.207987671760627	1.0	0.136464565849394	0.10241470609402206
GOTERM_BP_FAT	GO:1903845~negative regulation of cellular response to transforming growth factor beta stimulus	2	3.076923076923077	0.04590871816535951	P37231, P05112	65	14	19104	41.986813186813194	1.0	0.136464565849394	0.10241470609402206
GOTERM_BP_FAT	GO:0090091~positive regulation of extracellular matrix disassembly	2	3.076923076923077	0.04590871816535951	P00749, P05231	65	14	19104	41.986813186813194	1.0	0.136464565849394	0.10241470609402206
GOTERM_BP_FAT	GO:0060402~calcium ion transport into cytosol	2	3.076923076923077	0.04590871816535951	P10415, Q07812	65	14	19104	41.986813186813194	1.0	0.136464565849394	0.10241470609402206
GOTERM_BP_FAT	GO:0002674~negative regulation of acute inflammatory response	2	3.076923076923077	0.04590871816535951	P37231, P09211	65	14	19104	41.986813186813194	1.0	0.136464565849394	0.10241470609402206
GOTERM_BP_FAT	GO:0030728~ovulation	2	3.076923076923077	0.04590871816535951	P29474, P08253	65	14	19104	41.986813186813194	1.0	0.136464565849394	0.10241470609402206
GOTERM_BP_FAT	GO:0050665~hydrogen peroxide biosynthetic process	2	3.076923076923077	0.04590871816535951	Q9NRD8, P05177	65	14	19104	41.986813186813194	1.0	0.136464565849394	0.10241470609402206
GOTERM_BP_FAT	GO:0032494~response to peptidoglycan	2	3.076923076923077	0.04590871816535951	Q04206, P05231	65	14	19104	41.986813186813194	1.0	0.136464565849394	0.10241470609402206
GOTERM_BP_FAT	GO:0046632~alpha-beta T cell differentiation	3	4.615384615384616	0.04594269175001803	P10415, P05231, P22301	65	102	19104	8.644343891402716	1.0	0.136464565849394	0.10241470609402206
GOTERM_BP_FAT	GO:0045619~regulation of lymphocyte differentiation	4	6.153846153846154	0.046140109211580564	P04626, P05112, P60568, P22301	65	239	19104	4.918957193434181	1.0	0.13693806712464973	0.10277006203304272
GOTERM_BP_FAT	GO:0006325~chromatin organization	8	12.307692307692308	0.04618182461109923	Q04206, P04637, P04150, P01106, P05164, P01344, P01375, P06400	65	986	19104	2.3846465907317835	1.0	0.13694906508130908	0.10277831584231466
GOTERM_BP_FAT	GO:0046903~secretion	6	9.230769230769232	0.046344132601338586	P24385, Q07869, P05231, Q16665, P35354, P35228	65	586	19104	3.009293777894461	1.0	0.137317360002157	0.10305471591613449
GOTERM_BP_FAT	GO:0030168~platelet activation	3	4.615384615384616	0.04675349980796777	P31645, P05231, P29965	65	103	19104	8.560418222554144	1.0	0.13841648299762357	0.10387959201375914
GOTERM_MF_FAT	GO:0140537~transcription regulator activator activity	2	3.076923076923077	0.047042007392246725	P01106, Q16665	65	13	17305	40.9585798816568	0.9999999996685547	0.1626719797609753	0.12927574550541085
GOTERM_MF_FAT	GO:0004861~cyclin-dependent protein serine/threonine kinase inhibitor activity	2	3.076923076923077	0.047042007392246725	P38936, P42574	65	13	17305	40.9585798816568	0.9999999996685547	0.1626719797609753	0.12927574550541085
GOTERM_MF_FAT	GO:0031406~carboxylic acid binding	4	6.153846153846154	0.0474318124340612	P37231, P29474, P09211, P35228	65	219	17305	4.862662451703549	0.999999999724627	0.16277735630780094	0.12935948845653053
GOTERM_BP_FAT	GO:0046330~positive regulation of JNK cascade	3	4.615384615384616	0.0483909052224773	P04626, P01584, P01375	65	105	19104	8.397362637362637	1.0	0.14302906605134183	0.10734126966495375
GOTERM_BP_FAT	GO:0043502~regulation of muscle adaptation	3	4.615384615384616	0.0483909052224773	P37231, P29474, Q07869	65	105	19104	8.397362637362637	1.0	0.14302906605134183	0.10734126966495375
GOTERM_MF_FAT	GO:0043177~organic acid binding	4	6.153846153846154	0.04849997116144895	P37231, P29474, P09211, P35228	65	221	17305	4.818656456665507	0.999999999834351	0.16519163109876972	0.13127811742948586
GOTERM_BP_FAT	GO:0048302~regulation of isotype switching to IgG isotypes	2	3.076923076923077	0.04910734792180988	P05112, P60568	65	15	19104	39.18769230769231	1.0	0.14349860061823277	0.10769364864604536
GOTERM_BP_FAT	GO:0061043~regulation of vascular wound healing	2	3.076923076923077	0.04910734792180988	P09917, P01375	65	15	19104	39.18769230769231	1.0	0.14349860061823277	0.10769364864604536
GOTERM_BP_FAT	GO:0031392~regulation of prostaglandin biosynthetic process	2	3.076923076923077	0.04910734792180988	P35354, P01584	65	15	19104	39.18769230769231	1.0	0.14349860061823277	0.10769364864604536
GOTERM_BP_FAT	GO:0070243~regulation of thymocyte apoptotic process	2	3.076923076923077	0.04910734792180988	P04637, Q16665	65	15	19104	39.18769230769231	1.0	0.14349860061823277	0.10769364864604536
GOTERM_BP_FAT	GO:2000671~regulation of motor neuron apoptotic process	2	3.076923076923077	0.04910734792180988	P10415, Q07812	65	15	19104	39.18769230769231	1.0	0.14349860061823277	0.10769364864604536
GOTERM_BP_FAT	GO:0014745~negative regulation of muscle adaptation	2	3.076923076923077	0.04910734792180988	P37231, P29474	65	15	19104	39.18769230769231	1.0	0.14349860061823277	0.10769364864604536
GOTERM_BP_FAT	GO:1900449~regulation of glutamate receptor signaling pathway	2	3.076923076923077	0.04910734792180988	P01579, P13500	65	15	19104	39.18769230769231	1.0	0.14349860061823277	0.10769364864604536
GOTERM_BP_FAT	GO:0034138~toll-like receptor 3 signaling pathway	2	3.076923076923077	0.04910734792180988	O14920, P01375	65	15	19104	39.18769230769231	1.0	0.14349860061823277	0.10769364864604536
GOTERM_BP_FAT	GO:0048070~regulation of developmental pigmentation	2	3.076923076923077	0.04910734792180988	P10415, Q07812	65	15	19104	39.18769230769231	1.0	0.14349860061823277	0.10769364864604536
GOTERM_BP_FAT	GO:0019430~removal of superoxide radicals	2	3.076923076923077	0.04910734792180988	P29474, P05164	65	15	19104	39.18769230769231	1.0	0.14349860061823277	0.10769364864604536
GOTERM_BP_FAT	GO:0097049~motor neuron apoptotic process	2	3.076923076923077	0.04910734792180988	P10415, Q07812	65	15	19104	39.18769230769231	1.0	0.14349860061823277	0.10769364864604536
GOTERM_BP_FAT	GO:0035729~cellular response to hepatocyte growth factor stimulus	2	3.076923076923077	0.04910734792180988	Q04206, P22301	65	15	19104	39.18769230769231	1.0	0.14349860061823277	0.10769364864604536
GOTERM_BP_FAT	GO:0002903~negative regulation of B cell apoptotic process	2	3.076923076923077	0.04910734792180988	P10415, P60568	65	15	19104	39.18769230769231	1.0	0.14349860061823277	0.10769364864604536
GOTERM_BP_FAT	GO:0014909~smooth muscle cell migration	2	3.076923076923077	0.04910734792180988	P00749, P10415	65	15	19104	39.18769230769231	1.0	0.14349860061823277	0.10769364864604536
GOTERM_BP_FAT	GO:0070167~regulation of biomineral tissue development	3	4.615384615384616	0.04921741637383354	P09917, P29474, Q16665	65	106	19104	8.318142235123368	1.0	0.14370368816444268	0.10784756391802747
GOTERM_CC_FAT	GO:0030141~secretory granule	8	12.307692307692308	0.049340152489459235	P00749, P14780, P09917, P28482, P05164, P09211, P01344, P01584	59	972	16775	2.3400990444304943	0.9999995540679271	0.35648260173634294	0.3342795331160863
GOTERM_BP_FAT	GO:0060078~regulation of postsynaptic membrane potential	3	4.615384615384616	0.050049076046215626	P08581, P31749	65	107	19104	8.240402588066141	1.0	0.1457775432453637	0.10940396251331208
GOTERM_BP_FAT	GO:0033555~multicellular organismal response to stress	3	4.615384615384616	0.050049076046215626	P10415, P31749, P01375	65	107	19104	8.240402588066141	1.0	0.1457775432453637	0.10940396251331208
GOTERM_BP_FAT	GO:2000177~regulation of neural precursor cell proliferation	3	4.615384615384616	0.050049076046215626	P31645, P04637, Q16665	65	107	19104	8.240402588066141	1.0	0.1457775432453637	0.10940396251331208
KEGG_PATHWAY	hsa04611:Platelet activation	4	6.153846153846154	0.05054699380424863	P29474, P23219, P28482, P31749	63	126	9375	4.724111866969009	0.9999894891525091	0.08190826733243209	0.05054699380424863
GOTERM_BP_FAT	GO:0048534~hematopoietic or lymphoid organ development	3	4.615384615384616	0.050885841698062546	P10415, P04637, P28482	65	108	19104	8.164102564102564	1.0	0.1480950627125358	0.11114322774762612
KEGG_PATHWAY	hsa04015:Rap1 signaling pathway	5	7.6923076923076925	0.05128914802940443	P35968, P08581, P28482, P31749, P00533	63	212	9375	3.5096585804132974	0.9999911572997073	0.08250862943860712	0.05128914802940443
GOTERM_BP_FAT	GO:0045638~negative regulation of myeloid cell differentiation	3	4.615384615384616	0.05172767099039518	P01106, P05112, P25963	65	109	19104	8.089202540578688	1.0	0.15013577879121595	0.11267475599540602
GOTERM_BP_FAT	GO:1904892~regulation of receptor signaling pathway via STAT	3	4.615384615384616	0.05172767099039518	P37231, P05231, P22301	65	109	19104	8.089202540578688	1.0	0.15013577879121595	0.11267475599540602
GOTERM_BP_FAT	GO:0071322~cellular response to carbohydrate stimulus	3	4.615384615384616	0.05172767099039518	Q07869, P05362, Q16665	65	109	19104	8.089202540578688	1.0	0.15013577879121595	0.11267475599540602
GOTERM_MF_FAT	GO:0051213~dioxygenase activity	3	4.615384615384616	0.051945946587908354	P09917, P23219, P35354	65	99	17305	8.067599067599067	0.9999999999679821	0.17560831197255586	0.13955627441527618
GOTERM_BP_FAT	GO:0032661~regulation of interleukin-18 production	2	3.076923076923077	0.05229542114431752	P22301, P01375	65	16	19104	36.73846153846154	1.0	0.15013577879121595	0.11267475599540602
GOTERM_BP_FAT	GO:0001886~endothelial cell morphogenesis	2	3.076923076923077	0.05229542114431752	P08581	65	16	19104	36.73846153846154	1.0	0.15013577879121595	0.11267475599540602
GOTERM_BP_FAT	GO:0015732~prostaglandin transport	2	3.076923076923077	0.05229542114431752	P35354, P35228	65	16	19104	36.73846153846154	1.0	0.15013577879121595	0.11267475599540602
GOTERM_BP_FAT	GO:2001171~positive regulation of ATP biosynthetic process	2	3.076923076923077	0.05229542114431752	Q07869, P05112	65	16	19104	36.73846153846154	1.0	0.15013577879121595	0.11267475599540602
GOTERM_BP_FAT	GO:2000402~negative regulation of lymphocyte migration	2	3.076923076923077	0.05229542114431752	P31749, P13500	65	16	19104	36.73846153846154	1.0	0.15013577879121595	0.11267475599540602
GOTERM_BP_FAT	GO:0033599~regulation of mammary gland epithelial cell proliferation	2	3.076923076923077	0.05229542114431752	P24385, Q07812	65	16	19104	36.73846153846154	1.0	0.15013577879121595	0.11267475599540602
GOTERM_BP_FAT	GO:0046321~positive regulation of fatty acid oxidation	2	3.076923076923077	0.05229542114431752	P37231, Q07869	65	16	19104	36.73846153846154	1.0	0.15013577879121595	0.11267475599540602
GOTERM_BP_FAT	GO:0035728~response to hepatocyte growth factor	2	3.076923076923077	0.05229542114431752	Q04206, P22301	65	16	19104	36.73846153846154	1.0	0.15013577879121595	0.11267475599540602
GOTERM_BP_FAT	GO:0045651~positive regulation of macrophage differentiation	2	3.076923076923077	0.05229542114431752	Q14790, P06400	65	16	19104	36.73846153846154	1.0	0.15013577879121595	0.11267475599540602
GOTERM_BP_FAT	GO:0071450~cellular response to oxygen radical	2	3.076923076923077	0.05229542114431752	P29474, P05164	65	16	19104	36.73846153846154	1.0	0.15013577879121595	0.11267475599540602
GOTERM_BP_FAT	GO:1903798~regulation of miRNA processing	2	3.076923076923077	0.05229542114431752	P04637, P05231	65	16	19104	36.73846153846154	1.0	0.15013577879121595	0.11267475599540602
GOTERM_BP_FAT	GO:0071451~cellular response to superoxide	2	3.076923076923077	0.05229542114431752	P29474, P05164	65	16	19104	36.73846153846154	1.0	0.15013577879121595	0.11267475599540602
GOTERM_BP_FAT	GO:1901857~positive regulation of cellular respiration	2	3.076923076923077	0.05229542114431752	P01579, P05112	65	16	19104	36.73846153846154	1.0	0.15013577879121595	0.11267475599540602
GOTERM_BP_FAT	GO:0033598~mammary gland epithelial cell proliferation	2	3.076923076923077	0.05229542114431752	P24385, P28482	65	16	19104	36.73846153846154	1.0	0.15013577879121595	0.11267475599540602
GOTERM_BP_FAT	GO:0043583~ear development	4	6.153846153846154	0.05251279579766522	Q9NRD8, P10415, P28482, P01106	65	252	19104	4.6652014652014655	1.0	0.1503380968947389	0.11282659284023702
GOTERM_BP_FAT	GO:0042633~hair cycle	3	4.615384615384616	0.05257452181164891	P10415, Q04206, P00533	65	110	19104	8.015664335664336	1.0	0.1503380968947389	0.11282659284023702
GOTERM_BP_FAT	GO:0031214~biomineral tissue development	3	4.615384615384616	0.05257452181164891	Q9NRD8, Q07869, Q16665	65	110	19104	8.015664335664336	1.0	0.1503380968947389	0.11282659284023702
GOTERM_BP_FAT	GO:0042303~molting cycle	3	4.615384615384616	0.05257452181164891	P10415, Q04206, P00533	65	110	19104	8.015664335664336	1.0	0.1503380968947389	0.11282659284023702
GOTERM_BP_FAT	GO:0008593~regulation of Notch signaling pathway	3	4.615384615384616	0.05257452181164891	P29474, P31749, P25963	65	110	19104	8.015664335664336	1.0	0.1503380968947389	0.11282659284023702
GOTERM_CC_FAT	GO:0030054~cell junction	15	23.076923076923077	0.05288099200736458	P31645, Q9NRD8, P35968, P24385, P04626, P28482, P31749, P00749, P08581, Q04206, P04150, P05362, P00533, P42574	59	2576	16775	1.6556019054637328	0.9999998483243995	0.3727465046372772	0.3495304593657512
GOTERM_BP_FAT	GO:0141193~nuclear receptor-mediated signaling pathway	3	4.615384615384616	0.05342635226369146	P37231, Q07869, P04150	65	111	19104	7.943451143451144	1.0	0.1526527733593024	0.11456372444173014
GOTERM_BP_FAT	GO:0060627~regulation of vesicle-mediated transport	6	9.230769230769232	0.053678366109404234	P37231, P28482, P01579, P42574, P13500, P05112	65	611	19104	2.8861639179151455	1.0	0.15325130989871907	0.115012917559294
GOTERM_MF_FAT	GO:0010181~FMN binding	2	3.076923076923077	0.05408320607654119	P29474, P35228	65	15	17305	35.4974358974359	0.9999999999884819	0.18147920261239378	0.1442218828707765
GOTERM_BP_FAT	GO:1905954~positive regulation of lipid localization	3	4.615384615384616	0.05428312067314741	P37231, P05164, P01584	65	112	19104	7.872527472527474	1.0	0.15485517322672218	0.11621659406190864
GOTERM_CC_FAT	GO:0005741~mitochondrial outer membrane	4	6.153846153846154	0.05492796726752115	P10415, Q07812, Q14790, P09601	59	249	16775	4.567422231298074	0.9999999188367568	0.37795672715032413	0.35441616974995793
GOTERM_BP_FAT	GO:1901222~regulation of non-canonical NF-kappaB signal transduction	3	4.615384615384616	0.055144785566927396	Q04206, P01584, P01375	65	113	19104	7.8028590878148405	1.0	0.15718881518800587	0.11796795899760416
GOTERM_BP_FAT	GO:0045725~positive regulation of glycogen biosynthetic process	2	3.076923076923077	0.055472972117938064	P31749, P01344	65	17	19104	34.577375565610865	1.0	0.15737725869364633	0.11810938315504292
GOTERM_BP_FAT	GO:0120305~regulation of pigmentation	2	3.076923076923077	0.055472972117938064	P10415, Q07812	65	17	19104	34.577375565610865	1.0	0.15737725869364633	0.11810938315504292
GOTERM_BP_FAT	GO:2001279~regulation of unsaturated fatty acid biosynthetic process	2	3.076923076923077	0.055472972117938064	P35354, P01584	65	17	19104	34.577375565610865	1.0	0.15737725869364633	0.11810938315504292
GOTERM_BP_FAT	GO:2000696~regulation of epithelial cell differentiation involved in kidney development	2	3.076923076923077	0.055472972117938064	P42224, P14780	65	17	19104	34.577375565610865	1.0	0.15737725869364633	0.11810938315504292
GOTERM_BP_FAT	GO:0070920~regulation of regulatory ncRNA processing	2	3.076923076923077	0.055472972117938064	P04637, P05231	65	17	19104	34.577375565610865	1.0	0.15737725869364633	0.11810938315504292
GOTERM_BP_FAT	GO:0070234~positive regulation of T cell apoptotic process	2	3.076923076923077	0.055472972117938064	P04637, P05362	65	17	19104	34.577375565610865	1.0	0.15737725869364633	0.11810938315504292
GOTERM_BP_FAT	GO:0006351~DNA-templated transcription	6	9.230769230769232	0.055534522799727086	P37231, Q04206, P04637, P01106, P60568, P06400	65	617	19104	2.8580974940780455	1.0	0.15742791947082352	0.11814740334418729
GOTERM_MF_FAT	GO:0043169~cation binding	25	38.46153846153847	0.05582416176266203	Q9NRD8, P01583, O75469, P29474, P04637, P35354, P14780, Q07869, P08684, P05177, P31645, O96017, P35968, O15392, P09917, P03956, P38936, P35228, P37231, P23219, P04150, P05164, P08253, P08254, P09601	65	4791	17305	1.389223383587817	0.9999999999950001	0.18500576336314992	0.1470244477058145
GOTERM_BP_FAT	GO:0031341~regulation of cell killing	3	4.615384615384616	0.05601130569896804	P05362, P35228, P05112	65	114	19104	7.734412955465587	1.0	0.15865466543504864	0.11906805865566791
GOTERM_MF_FAT	GO:0005524~ATP binding	11	16.923076923076923	0.056523898762402595	O96017, P35968, Q9UNQ0, P08581, O15111, P04626, P28482, P31749, P00533, O14920	65	1546	17305	1.8942680863767543	0.9999999999964264	0.18500576336314992	0.1470244477058145
GOTERM_BP_FAT	GO:0019953~sexual reproduction	9	13.846153846153847	0.05656442166784044	Q9NRD8, O15392, P29474, P10415, Q07812, P31749, P08253, P01344, P06400	65	1251	19104	2.1144438295517434	1.0	0.16009553124055703	0.12014940784747884
GOTERM_MF_FAT	GO:0032553~ribonucleotide binding	13	20.0	0.05659870313797147	O96017, P35968, Q9UNQ0, P08581, P29474, O15111, P04626, P28482, P31749, P00533, O14920, P35228	65	1977	17305	1.7506322711178555	0.9999999999965525	0.18500576336314992	0.1470244477058145
GOTERM_BP_FAT	GO:0043549~regulation of kinase activity	4	6.153846153846154	0.05663596078563083	P04626, P38936, P01375, P06400	65	260	19104	4.521656804733728	1.0	0.1601721873709795	0.12020693717766544
GOTERM_BP_FAT	GO:0050764~regulation of phagocytosis	3	4.615384615384616	0.05688264003417241	P37231, P01579, P13500	65	115	19104	7.667157190635452	1.0	0.16074364866127308	0.12063581070776642
GOTERM_CC_FAT	GO:0016605~PML body	3	4.615384615384616	0.057340528169011466	O96017, P04637, P06400	59	112	16775	7.615768765133172	0.9999999612253837	0.3853816893219608	0.3613786775302815
GOTERM_MF_FAT	GO:0016725~oxidoreductase activity, acting on CH or CH2 groups	2	3.076923076923077	0.05758457535144401	P08684, P05177	65	16	17305	33.27884615384615	0.9999999999978532	0.18500576336314992	0.1470244477058145
GOTERM_MF_FAT	GO:0017154~semaphorin receptor activity	2	3.076923076923077	0.05758457535144401	P08581	65	16	17305	33.27884615384615	0.9999999999978532	0.18500576336314992	0.1470244477058145
GOTERM_MF_FAT	GO:0005149~interleukin-1 receptor binding	2	3.076923076923077	0.05758457535144401	P01583, P01584	65	16	17305	33.27884615384615	0.9999999999978532	0.18500576336314992	0.1470244477058145
GOTERM_BP_FAT	GO:0031640~killing of cells of another organism	3	4.615384615384616	0.05775874774873208	P02778, P05164, P10145	65	116	19104	7.6010610079575605	1.0	0.16283628179865547	0.12220630196601842
GOTERM_BP_FAT	GO:0141061~disruption of cell in another organism	3	4.615384615384616	0.05775874774873208	P02778, P05164, P10145	65	116	19104	7.6010610079575605	1.0	0.16283628179865547	0.12220630196601842
GOTERM_BP_FAT	GO:0097306~cellular response to alcohol	3	4.615384615384616	0.05775874774873208	P37231, P35869, P31749	65	116	19104	7.6010610079575605	1.0	0.16283628179865547	0.12220630196601842
KEGG_PATHWAY	hsa04923:Regulation of lipolysis in adipocytes	3	4.615384615384616	0.0578889263478099	P23219, P31749, P35354	63	59	9375	7.566585956416465	0.9999981095465353	0.09179529749438427	0.0578889263478099
KEGG_PATHWAY	hsa00480:Glutathione metabolism	3	4.615384615384616	0.0578889263478099	P11926, P09488, P09211	63	59	9375	7.566585956416465	0.9999981095465353	0.09179529749438427	0.0578889263478099
GOTERM_BP_FAT	GO:0042092~type 2 immune response	2	3.076923076923077	0.05864003503225363	P05112, P22301	65	18	19104	32.65641025641026	1.0	0.16340297464904086	0.1226315968501267
GOTERM_BP_FAT	GO:0060644~mammary gland epithelial cell differentiation	2	3.076923076923077	0.05864003503225363	P31749, Q16665	65	18	19104	32.65641025641026	1.0	0.16340297464904086	0.1226315968501267
GOTERM_BP_FAT	GO:0032966~negative regulation of collagen biosynthetic process	2	3.076923076923077	0.05864003503225363	P37231, P05231	65	18	19104	32.65641025641026	1.0	0.16340297464904086	0.1226315968501267
GOTERM_BP_FAT	GO:0035872~nucleotide-binding domain, leucine rich repeat containing receptor signaling pathway	2	3.076923076923077	0.05864003503225363	Q04206, P25963	65	18	19104	32.65641025641026	1.0	0.16340297464904086	0.1226315968501267
GOTERM_BP_FAT	GO:0030889~negative regulation of B cell proliferation	2	3.076923076923077	0.05864003503225363	P42574, P22301	65	18	19104	32.65641025641026	1.0	0.16340297464904086	0.1226315968501267
GOTERM_BP_FAT	GO:0070988~demethylation	2	3.076923076923077	0.05864003503225363	P08684, P05177	65	18	19104	32.65641025641026	1.0	0.16340297464904086	0.1226315968501267
GOTERM_BP_FAT	GO:0048246~macrophage chemotaxis	2	3.076923076923077	0.05864003503225363	P08253, P13500	65	18	19104	32.65641025641026	1.0	0.16340297464904086	0.1226315968501267
GOTERM_BP_FAT	GO:0002830~positive regulation of type 2 immune response	2	3.076923076923077	0.05864003503225363	P05231, P05112	65	18	19104	32.65641025641026	1.0	0.16340297464904086	0.1226315968501267
GOTERM_BP_FAT	GO:0031998~regulation of fatty acid beta-oxidation	2	3.076923076923077	0.05864003503225363	Q07869, P31749	65	18	19104	32.65641025641026	1.0	0.16340297464904086	0.1226315968501267
GOTERM_BP_FAT	GO:0048643~positive regulation of skeletal muscle tissue development	2	3.076923076923077	0.05864003503225363	P10415, P01344	65	18	19104	32.65641025641026	1.0	0.16340297464904086	0.1226315968501267
GOTERM_BP_FAT	GO:0033631~cell-cell adhesion mediated by integrin	2	3.076923076923077	0.05864003503225363	P19320, P05362	65	18	19104	32.65641025641026	1.0	0.16340297464904086	0.1226315968501267
GOTERM_BP_FAT	GO:0030810~positive regulation of nucleotide biosynthetic process	2	3.076923076923077	0.05864003503225363	Q07869, P05112	65	18	19104	32.65641025641026	1.0	0.16340297464904086	0.1226315968501267
GOTERM_BP_FAT	GO:0060253~negative regulation of glial cell proliferation	2	3.076923076923077	0.05864003503225363	P04637, P06400	65	18	19104	32.65641025641026	1.0	0.16340297464904086	0.1226315968501267
GOTERM_BP_FAT	GO:0033028~myeloid cell apoptotic process	2	3.076923076923077	0.05864003503225363	P10415, P05231	65	18	19104	32.65641025641026	1.0	0.16340297464904086	0.1226315968501267
GOTERM_BP_FAT	GO:1900373~positive regulation of purine nucleotide biosynthetic process	2	3.076923076923077	0.05864003503225363	Q07869, P05112	65	18	19104	32.65641025641026	1.0	0.16340297464904086	0.1226315968501267
GOTERM_BP_FAT	GO:0016567~protein ubiquitination	6	9.230769230769232	0.05871079602018604	P10415, Q07869, P31749, P00533, Q16236, P01375	65	627	19104	2.8125138019874862	1.0	0.1634188774363803	0.12264353166471618
GOTERM_BP_FAT	GO:0030900~forebrain development	5	7.6923076923076925	0.058736454698893284	Q9NRD8, Q07812, Q16665, P00533, P42574	65	437	19104	3.362788241506777	1.0	0.1634188774363803	0.12264353166471618
GOTERM_BP_FAT	GO:0007268~chemical synaptic transmission	5	7.6923076923076925	0.059133941832620496	P08581, P28482, P31749, P04150	65	438	19104	3.355110642781876	1.0	0.16427108128213697	0.12328309846985801
GOTERM_BP_FAT	GO:0098916~anterograde trans-synaptic signaling	5	7.6923076923076925	0.059133941832620496	P08581, P28482, P31749, P04150	65	438	19104	3.355110642781876	1.0	0.16427108128213697	0.12328309846985801
GOTERM_BP_FAT	GO:0046777~protein autophosphorylation	3	4.615384615384616	0.059525121083127554	O96017, P35968, P31749	65	118	19104	7.4722294654498045	1.0	0.1648493553132272	0.12371708486454797
GOTERM_BP_FAT	GO:0007229~integrin-mediated signaling pathway	3	4.615384615384616	0.059525121083127554	O15111, O14920, P29965	65	118	19104	7.4722294654498045	1.0	0.1648493553132272	0.12371708486454797
GOTERM_BP_FAT	GO:0043271~negative regulation of monoatomic ion transport	3	4.615384615384616	0.059525121083127554	P14780, P29474, P10415	65	118	19104	7.4722294654498045	1.0	0.1648493553132272	0.12371708486454797
GOTERM_BP_FAT	GO:1903900~regulation of viral life cycle	3	4.615384615384616	0.059525121083127554	P10415, P01375, P10145	65	118	19104	7.4722294654498045	1.0	0.1648493553132272	0.12371708486454797
GOTERM_BP_FAT	GO:0001654~eye development	5	7.6923076923076925	0.059933279459873895	P35968, P10415, Q07812, Q16665, P00533	65	440	19104	3.3398601398601397	1.0	0.16585223186937453	0.1244697293851759
GOTERM_BP_FAT	GO:0032204~regulation of telomere maintenance	3	4.615384615384616	0.06041530610906583	P04637, P28482, P01106	65	119	19104	7.409437621202327	1.0	0.1670578264857745	0.1253745109124436
GOTERM_MF_FAT	GO:0045236~CXCR chemokine receptor binding	2	3.076923076923077	0.061073185867451515	P02778, P10145	65	17	17305	31.32126696832579	0.9999999999995999	0.19483206477433476	0.15483342895973626
GOTERM_BP_FAT	GO:0141060~disruption of anatomical structure in another organism	3	4.615384615384616	0.06131010333076673	P02778, P05164, P10145	65	120	19104	7.3476923076923075	1.0	0.169402072316528	0.1271338339006083
GOTERM_BP_FAT	GO:0150063~visual system development	5	7.6923076923076925	0.061549378412021384	P35968, P10415, Q07812, Q16665, P00533	65	444	19104	3.30977130977131	1.0	0.16957601534508437	0.1272643756572601
GOTERM_BP_FAT	GO:0000303~response to superoxide	2	3.076923076923077	0.06179664394895803	P29474, P05164	65	19	19104	30.93765182186235	1.0	0.16957601534508437	0.1272643756572601
GOTERM_BP_FAT	GO:0010713~negative regulation of collagen metabolic process	2	3.076923076923077	0.06179664394895803	P37231, P05231	65	19	19104	30.93765182186235	1.0	0.16957601534508437	0.1272643756572601
GOTERM_BP_FAT	GO:0010885~regulation of cholesterol storage	2	3.076923076923077	0.06179664394895803	P37231, Q07869	65	19	19104	30.93765182186235	1.0	0.16957601534508437	0.1272643756572601
GOTERM_BP_FAT	GO:0034393~positive regulation of smooth muscle cell apoptotic process	2	3.076923076923077	0.06179664394895803	P37231, P01579	65	19	19104	30.93765182186235	1.0	0.16957601534508437	0.1272643756572601
GOTERM_BP_FAT	GO:0030949~positive regulation of vascular endothelial growth factor receptor signaling pathway	2	3.076923076923077	0.06179664394895803	Q16665, P01584	65	19	19104	30.93765182186235	1.0	0.16957601534508437	0.1272643756572601
GOTERM_BP_FAT	GO:0070266~necroptotic process	2	3.076923076923077	0.06179664394895803	P04637, P01375	65	19	19104	30.93765182186235	1.0	0.16957601534508437	0.1272643756572601
GOTERM_BP_FAT	GO:0045579~positive regulation of B cell differentiation	2	3.076923076923077	0.06179664394895803	P60568, P22301	65	19	19104	30.93765182186235	1.0	0.16957601534508437	0.1272643756572601
GOTERM_BP_FAT	GO:0060353~regulation of cell adhesion molecule production	2	3.076923076923077	0.06179664394895803	P01584, P10145	65	19	19104	30.93765182186235	1.0	0.16957601534508437	0.1272643756572601
KEGG_PATHWAY	hsa04024:cAMP signaling pathway	5	7.6923076923076925	0.062043813470087576	Q07869, Q04206, P28482, P31749, P25963	63	226	9375	3.292246101980615	0.9999992882228426	0.0976860041869464	0.062043813470087576
GOTERM_BP_FAT	GO:1904064~positive regulation of cation transmembrane transport	3	4.615384615384616	0.06220947297574652	Q07812, P01579, P02778	65	121	19104	7.286967577876669	1.0	0.17057894302253782	0.12801705854369755
GOTERM_BP_FAT	GO:0043254~regulation of protein-containing complex assembly	5	7.6923076923076925	0.06236612199895891	P04637, Q07812, P03956, P08254, P01375	65	446	19104	3.2949292859606762	1.0	0.17087843160627297	0.12824182044500754
GOTERM_BP_FAT	GO:0042752~regulation of circadian rhythm	3	4.615384615384616	0.06402177146646065	P37231, Q07869, P04637	65	123	19104	7.168480300187618	1.0	0.17528149133256668	0.1315462538338219
GOTERM_MF_FAT	GO:0140110~transcription regulator activity	13	20.0	0.06427078114970303	P35869, P24385, O75469, P04637, P37231, P42224, Q07869, Q04206, P04150, P01106, Q16236, Q16665, P06400	65	2018	17305	1.7150644202180378	0.9999999999999147	0.20359904797773057	0.16180056792932232
GOTERM_BP_FAT	GO:0048880~sensory system development	5	7.6923076923076925	0.06443326331793905	P35968, P10415, Q07812, Q16665, P00533	65	451	19104	3.258400136448917	1.0	0.17627414406570568	0.13229122552141775
GOTERM_BP_FAT	GO:0045833~negative regulation of lipid metabolic process	3	4.615384615384616	0.06493462179957211	P31749, P01584, P01375	65	124	19104	7.110669975186105	1.0	0.1764623127298834	0.1324324434142672
GOTERM_BP_FAT	GO:0008203~cholesterol metabolic process	3	4.615384615384616	0.06493462179957211	P08684, P05177, P05112	65	124	19104	7.110669975186105	1.0	0.1764623127298834	0.1324324434142672
GOTERM_BP_FAT	GO:0050901~leukocyte tethering or rolling	2	3.076923076923077	0.06494283282815026	P19320, P01375	65	20	19104	29.390769230769234	1.0	0.1764623127298834	0.1324324434142672
GOTERM_BP_FAT	GO:0002363~alpha-beta T cell lineage commitment	2	3.076923076923077	0.06494283282815026	P10415, P05231	65	20	19104	29.390769230769234	1.0	0.1764623127298834	0.1324324434142672
GOTERM_BP_FAT	GO:1900119~positive regulation of execution phase of apoptosis	2	3.076923076923077	0.06494283282815026	P04637, Q14790	65	20	19104	29.390769230769234	1.0	0.1764623127298834	0.1324324434142672
GOTERM_BP_FAT	GO:0060749~mammary gland alveolus development	2	3.076923076923077	0.06494283282815026	P24385, Q16665	65	20	19104	29.390769230769234	1.0	0.1764623127298834	0.1324324434142672
GOTERM_BP_FAT	GO:0060571~morphogenesis of an epithelial fold	2	3.076923076923077	0.06494283282815026	Q16665, P00533	65	20	19104	29.390769230769234	1.0	0.1764623127298834	0.1324324434142672
GOTERM_BP_FAT	GO:0061377~mammary gland lobule development	2	3.076923076923077	0.06494283282815026	P24385, Q16665	65	20	19104	29.390769230769234	1.0	0.1764623127298834	0.1324324434142672
GOTERM_BP_FAT	GO:0000305~response to oxygen radical	2	3.076923076923077	0.06494283282815026	P29474, P05164	65	20	19104	29.390769230769234	1.0	0.1764623127298834	0.1324324434142672
KEGG_PATHWAY	hsa05217:Basal cell carcinoma	3	4.615384615384616	0.06498675898898965	P04637, Q07812, P38936	63	63	9375	7.086167800453514	0.9999996445936347	0.10088853493395596	0.06498675898898965
KEGG_PATHWAY	hsa00590:Arachidonic acid metabolism	3	4.615384615384616	0.06498675898898965	P09917, P23219, P35354	63	63	9375	7.086167800453514	0.9999996445936347	0.10088853493395596	0.06498675898898965
GOTERM_CC_FAT	GO:0005815~microtubule organizing center	8	12.307692307692308	0.06516957769029888	P24385, O15392, P04637, P28482, P31749, P04150, P00533, Q16236	59	1036	16775	2.195536941299653	0.9999999965183111	0.42616465287144434	0.39962152570298065
GOTERM_BP_FAT	GO:0034767~positive regulation of monoatomic ion transmembrane transport	3	4.615384615384616	0.06585188752428461	Q07812, P01579, P02778	65	125	19104	7.0537846153846155	1.0	0.17879755143179912	0.13418500668098385
GOTERM_MF_FAT	GO:0032559~adenyl ribonucleotide binding	11	16.923076923076923	0.06589719151226692	O96017, P35968, Q9UNQ0, P08581, O15111, P04626, P28482, P31749, P00533, O14920	65	1590	17305	1.8418480890179005	0.9999999999999613	0.2073015816323397	0.1647429787806673
GOTERM_BP_FAT	GO:0008104~intracellular protein localization	12	18.461538461538463	0.0663050404205982	P29474, P04626, P04637, Q07812, P31749, P38936, Q16665, P00533, O14920, P25963, P01375, P06400	65	1996	19104	1.7669801140743027	1.0	0.17989236493630673	0.13500664856724212
GOTERM_CC_FAT	GO:0005925~focal adhesion	5	7.6923076923076925	0.06635781792115915	P31645, P00749, P28482, P05362, P00533	59	442	16775	3.2163126006595593	0.9999999975892377	0.42616465287144434	0.39962152570298065
GOTERM_BP_FAT	GO:0046822~regulation of nucleocytoplasmic transport	3	4.615384615384616	0.06677352989357832	P31749, P25963, P01584	65	126	19104	6.997802197802199	1.0	0.18102710926001706	0.13585825796255513
GOTERM_BP_FAT	GO:1902749~regulation of cell cycle G2/M phase transition	3	4.615384615384616	0.0676995103647981	P24385, P04637, P38936	65	127	19104	6.942701393095095	1.0	0.18264134311010122	0.137069717393759
GOTERM_MF_FAT	GO:0050664~oxidoreductase activity, acting on NAD(P)H, oxygen as acceptor	2	3.076923076923077	0.06801231346954217	Q9NRD8, P29474	65	19	17305	28.024291497975707	0.9999999999999861	0.21247984828760416	0.168858157579553
GOTERM_BP_FAT	GO:0045844~positive regulation of striated muscle tissue development	2	3.076923076923077	0.06807863552508076	P10415, P01344	65	21	19104	27.991208791208795	1.0	0.18264134311010122	0.137069717393759
GOTERM_BP_FAT	GO:0060716~labyrinthine layer blood vessel development	2	3.076923076923077	0.06807863552508076	P28482, P31749	65	21	19104	27.991208791208795	1.0	0.18264134311010122	0.137069717393759
GOTERM_BP_FAT	GO:0010522~regulation of calcium ion transport into cytosol	2	3.076923076923077	0.06807863552508076	P10415, Q07812	65	21	19104	27.991208791208795	1.0	0.18264134311010122	0.137069717393759
GOTERM_BP_FAT	GO:0070875~positive regulation of glycogen metabolic process	2	3.076923076923077	0.06807863552508076	P31749, P01344	65	21	19104	27.991208791208795	1.0	0.18264134311010122	0.137069717393759
GOTERM_BP_FAT	GO:0071380~cellular response to prostaglandin E stimulus	2	3.076923076923077	0.06807863552508076	P37231, P31749	65	21	19104	27.991208791208795	1.0	0.18264134311010122	0.137069717393759
GOTERM_BP_FAT	GO:0007263~nitric oxide mediated signal transduction	2	3.076923076923077	0.06807863552508076	P29474, P35228	65	21	19104	27.991208791208795	1.0	0.18264134311010122	0.137069717393759
GOTERM_BP_FAT	GO:0060218~hematopoietic stem cell differentiation	2	3.076923076923077	0.06807863552508076	P10415, P04637	65	21	19104	27.991208791208795	1.0	0.18264134311010122	0.137069717393759
GOTERM_BP_FAT	GO:0060965~negative regulation of miRNA-mediated gene silencing	2	3.076923076923077	0.06807863552508076	P04637, P05231	65	21	19104	27.991208791208795	1.0	0.18264134311010122	0.137069717393759
GOTERM_BP_FAT	GO:0055093~response to hyperoxia	2	3.076923076923077	0.06807863552508076	P37231, P08253	65	21	19104	27.991208791208795	1.0	0.18264134311010122	0.137069717393759
GOTERM_BP_FAT	GO:1901863~positive regulation of muscle tissue development	2	3.076923076923077	0.06807863552508076	P10415, P01344	65	21	19104	27.991208791208795	1.0	0.18264134311010122	0.137069717393759
GOTERM_BP_FAT	GO:0042744~hydrogen peroxide catabolic process	2	3.076923076923077	0.06807863552508076	Q9NRD8, P05164	65	21	19104	27.991208791208795	1.0	0.18264134311010122	0.137069717393759
GOTERM_BP_FAT	GO:0032495~response to muramyl dipeptide	2	3.076923076923077	0.06807863552508076	Q04206, P25963	65	21	19104	27.991208791208795	1.0	0.18264134311010122	0.137069717393759
GOTERM_BP_FAT	GO:0048636~positive regulation of muscle organ development	2	3.076923076923077	0.06807863552508076	P10415, P01344	65	21	19104	27.991208791208795	1.0	0.18264134311010122	0.137069717393759
KEGG_PATHWAY	hsa05322:Systemic lupus erythematosus	4	6.153846153846154	0.06856358692448265	P01579, P29965, P22301, P01375	63	143	9375	4.162504162504162	0.9999998476438979	0.10570219650857743	0.06856358692448265
GOTERM_BP_FAT	GO:0006275~regulation of DNA replication	3	4.615384615384616	0.06862979059198072	P04637, P38936, P00533	65	128	19104	6.888461538461539	1.0	0.18384619739993052	0.13797394331651738
GOTERM_BP_FAT	GO:0098773~skin epidermis development	3	4.615384615384616	0.06862979059198072	P10415, Q04206, P00533	65	128	19104	6.888461538461539	1.0	0.18384619739993052	0.13797394331651738
GOTERM_BP_FAT	GO:0030218~erythrocyte differentiation	3	4.615384615384616	0.06956433243691687	P42574, P09601, P06400	65	129	19104	6.835062611806799	1.0	0.18621121082482278	0.13974885208723864
GOTERM_BP_FAT	GO:0032760~positive regulation of tumor necrosis factor production	3	4.615384615384616	0.0705030979580531	P01583, P01579, P05231	65	130	19104	6.782485207100592	1.0	0.1885840103510507	0.14152960421572056
GOTERM_BP_FAT	GO:0051276~chromosome organization	5	7.6923076923076925	0.07084995389025314	O96017, O15392, P04637, P01106, P06400	65	466	19104	3.153516011885111	1.0	0.18919492706419236	0.1419880884767072
GOTERM_BP_FAT	GO:0060149~negative regulation of post-transcriptional gene silencing	2	3.076923076923077	0.07120408578935465	P04637, P05231	65	22	19104	26.718881118881118	1.0	0.18919492706419236	0.1419880884767072
GOTERM_BP_FAT	GO:0043388~positive regulation of DNA binding	2	3.076923076923077	0.07120408578935465	P14780, P06400	65	22	19104	26.718881118881118	1.0	0.18919492706419236	0.1419880884767072
GOTERM_BP_FAT	GO:0071637~regulation of monocyte chemotactic protein-1 production	2	3.076923076923077	0.07120408578935465	P09211, P01584	65	22	19104	26.718881118881118	1.0	0.18919492706419236	0.1419880884767072
GOTERM_BP_FAT	GO:0010744~positive regulation of macrophage derived foam cell differentiation	2	3.076923076923077	0.07120408578935465	P01584, P01375	65	22	19104	26.718881118881118	1.0	0.18919492706419236	0.1419880884767072
GOTERM_BP_FAT	GO:0043369~CD4-positive or CD8-positive, alpha-beta T cell lineage commitment	2	3.076923076923077	0.07120408578935465	P10415, P05231	65	22	19104	26.718881118881118	1.0	0.18919492706419236	0.1419880884767072
GOTERM_BP_FAT	GO:1901970~positive regulation of mitotic sister chromatid separation	2	3.076923076923077	0.07120408578935465	O15392, P06400	65	22	19104	26.718881118881118	1.0	0.18919492706419236	0.1419880884767072
GOTERM_BP_FAT	GO:0038084~vascular endothelial growth factor signaling pathway	2	3.076923076923077	0.07120408578935465	P35968, Q04206	65	22	19104	26.718881118881118	1.0	0.18919492706419236	0.1419880884767072
GOTERM_BP_FAT	GO:1900369~negative regulation of post-transcriptional gene silencing by regulatory ncRNA	2	3.076923076923077	0.07120408578935465	P04637, P05231	65	22	19104	26.718881118881118	1.0	0.18919492706419236	0.1419880884767072
GOTERM_CC_FAT	GO:0030055~cell-substrate junction	5	7.6923076923076925	0.07125951268788618	P31645, P00749, P28482, P05362, P00533	59	453	16775	3.138212294683279	0.9999999994734067	0.4409662023286007	0.4135011793461965
GOTERM_BP_FAT	GO:0045860~positive regulation of protein kinase activity	3	4.615384615384616	0.071446049416599	P04626, P38936, P01375	65	131	19104	6.730710510863183	1.0	0.18955825924006348	0.14226076408135765
GOTERM_BP_FAT	GO:0030512~negative regulation of transforming growth factor beta receptor signaling pathway	3	4.615384615384616	0.071446049416599	P37231, Q07869, P04637	65	131	19104	6.730710510863183	1.0	0.18955825924006348	0.14226076408135765
GOTERM_CC_FAT	GO:0031252~cell leading edge	5	7.6923076923076925	0.07171422667627762	Q9NRD8, P04626, P31749, Q14790, P00533	59	454	16775	3.1312999328007165	0.9999999995429015	0.4409662023286007	0.4135011793461965
GOTERM_BP_FAT	GO:0099537~trans-synaptic signaling	5	7.6923076923076925	0.07172973158470303	P08581, P28482, P31749, P04150	65	468	19104	3.140039447731756	1.0	0.190170877777546	0.1427205255371869
GOTERM_BP_FAT	GO:0042552~myelination	3	4.615384615384616	0.07239314926312472	P04626, P28482, P31749	65	132	19104	6.6797202797202795	1.0	0.1917886152904694	0.1439346144172715
GOTERM_MF_FAT	GO:0017076~purine nucleotide binding	13	20.0	0.07240654461769436	O96017, P35968, Q9UNQ0, P08581, P29474, O15111, P04626, P28482, P31749, P00533, O14920, P35228	65	2058	17305	1.6817298347910594	0.9999999999999983	0.2246586624096955	0.17853668535869843
GOTERM_BP_FAT	GO:0006417~regulation of translation	5	7.6923076923076925	0.07261516875684756	P04626, P31749, P01106, P05231, P01375	65	470	19104	3.1266775777414075	1.0	0.19223545410060378	0.1442699605573224
GOTERM_BP_FAT	GO:1903557~positive regulation of tumor necrosis factor superfamily cytokine production	3	4.615384615384616	0.07429964494814752	P01583, P01579, P05231	65	134	19104	6.580022962112515	1.0	0.19531155342126477	0.14657852912880934
GOTERM_BP_FAT	GO:0008366~axon ensheathment	3	4.615384615384616	0.07429964494814752	P04626, P28482, P31749	65	134	19104	6.580022962112515	1.0	0.19531155342126477	0.14657852912880934
GOTERM_BP_FAT	GO:0007272~ensheathment of neurons	3	4.615384615384616	0.07429964494814752	P04626, P28482, P31749	65	134	19104	6.580022962112515	1.0	0.19531155342126477	0.14657852912880934
GOTERM_BP_FAT	GO:0006986~response to unfolded protein	3	4.615384615384616	0.07429964494814752	P24385, Q07812, Q16236	65	134	19104	6.580022962112515	1.0	0.19531155342126477	0.14657852912880934
GOTERM_BP_FAT	GO:0009820~alkaloid metabolic process	2	3.076923076923077	0.0743192172468926	P08684, P05177	65	23	19104	25.55719063545151	1.0	0.19531155342126477	0.14657852912880934
GOTERM_BP_FAT	GO:0051900~regulation of mitochondrial depolarization	2	3.076923076923077	0.0743192172468926	P35968, P10415	65	23	19104	25.55719063545151	1.0	0.19531155342126477	0.14657852912880934
GOTERM_BP_FAT	GO:0038096~Fc-gamma receptor signaling pathway involved in phagocytosis	2	3.076923076923077	0.0743192172468926	P01579, P35228	65	23	19104	25.55719063545151	1.0	0.19531155342126477	0.14657852912880934
GOTERM_BP_FAT	GO:0010829~negative regulation of D-glucose transmembrane transport	2	3.076923076923077	0.0743192172468926	P01584, P01375	65	23	19104	25.55719063545151	1.0	0.19531155342126477	0.14657852912880934
GOTERM_BP_FAT	GO:2001169~regulation of ATP biosynthetic process	2	3.076923076923077	0.0743192172468926	Q07869, P05112	65	23	19104	25.55719063545151	1.0	0.19531155342126477	0.14657852912880934
GOTERM_BP_FAT	GO:0001516~prostaglandin biosynthetic process	2	3.076923076923077	0.0743192172468926	P23219, P35354	65	23	19104	25.55719063545151	1.0	0.19531155342126477	0.14657852912880934
GOTERM_BP_FAT	GO:0006366~transcription by RNA polymerase II	5	7.6923076923076925	0.07440296869915367	P37231, P04637, P01106, P60568, P06400	65	474	19104	3.100292112950341	1.0	0.19538913718881243	0.14663675463739906
GOTERM_MF_FAT	GO:0005123~death receptor binding	2	3.076923076923077	0.07490095300036922	Q14790, P42574	65	21	17305	25.355311355311354	0.9999999999999996	0.2308172225113419	0.1834309053070267
GOTERM_BP_FAT	GO:1902652~secondary alcohol metabolic process	3	4.615384615384616	0.07525896668421668	P08684, P05177, P05112	65	135	19104	6.5312820512820515	1.0	0.19749312233301727	0.14821576541450976
KEGG_PATHWAY	hsa04072:Phospholipase D signaling pathway	4	6.153846153846154	0.07553494054717344	P28482, P31749, P00533, P10145	63	149	9375	3.9948865452221156	0.999999971039849	0.11564659863084485	0.07553494054717344
GOTERM_BP_FAT	GO:0001952~regulation of cell-matrix adhesion	3	4.615384615384616	0.07622228860127431	P00749, P35968, P10415	65	136	19104	6.483257918552036	1.0	0.19987547731469527	0.1500036887757247
GOTERM_BP_FAT	GO:1900407~regulation of cellular response to oxidative stress	2	3.076923076923077	0.07742406343164274	P09917, Q16236	65	24	19104	24.492307692307694	1.0	0.20170564030673085	0.15137719994154877
GOTERM_BP_FAT	GO:1903318~negative regulation of protein maturation	2	3.076923076923077	0.07742406343164274	P00749, P31749	65	24	19104	24.492307692307694	1.0	0.20170564030673085	0.15137719994154877
GOTERM_BP_FAT	GO:2000010~positive regulation of protein localization to cell surface	2	3.076923076923077	0.07742406343164274	P31749, P01375	65	24	19104	24.492307692307694	1.0	0.20170564030673085	0.15137719994154877
GOTERM_BP_FAT	GO:0032891~negative regulation of organic acid transport	2	3.076923076923077	0.07742406343164274	P31749, P01375	65	24	19104	24.492307692307694	1.0	0.20170564030673085	0.15137719994154877
GOTERM_BP_FAT	GO:0097398~cellular response to interleukin-17	2	3.076923076923077	0.07742406343164274	P02778, P01584	65	24	19104	24.492307692307694	1.0	0.20170564030673085	0.15137719994154877
GOTERM_BP_FAT	GO:0046885~regulation of hormone biosynthetic process	2	3.076923076923077	0.07742406343164274	P04150, Q16665	65	24	19104	24.492307692307694	1.0	0.20170564030673085	0.15137719994154877
GOTERM_BP_FAT	GO:0048641~regulation of skeletal muscle tissue development	2	3.076923076923077	0.07742406343164274	P10415, P01344	65	24	19104	24.492307692307694	1.0	0.20170564030673085	0.15137719994154877
GOTERM_BP_FAT	GO:1905517~macrophage migration	2	3.076923076923077	0.07742406343164274	P08253, P13500	65	24	19104	24.492307692307694	1.0	0.20170564030673085	0.15137719994154877
GOTERM_BP_FAT	GO:1903427~negative regulation of reactive oxygen species biosynthetic process	2	3.076923076923077	0.07742406343164274	Q07869, Q16665	65	24	19104	24.492307692307694	1.0	0.20170564030673085	0.15137719994154877
GOTERM_BP_FAT	GO:0062014~negative regulation of small molecule metabolic process	3	4.615384615384616	0.07816078691873869	Q07869, P04637, P31749	65	138	19104	6.389297658862876	1.0	0.20333091355105815	0.15259694428033893
GOTERM_BP_FAT	GO:0033674~positive regulation of kinase activity	3	4.615384615384616	0.07816078691873869	P04626, P38936, P01375	65	138	19104	6.389297658862876	1.0	0.20333091355105815	0.15259694428033893
GOTERM_MF_FAT	GO:0000979~RNA polymerase II core promoter sequence-specific DNA binding	2	3.076923076923077	0.07832645283041396	P42224, Q04206	65	22	17305	24.202797202797203	0.9999999999999999	0.2397424535957941	0.19052380418208803
GOTERM_BP_FAT	GO:1901888~regulation of cell junction assembly	4	6.153846153846154	0.07883807031248577	P35968, O14920, P01584, P01375	65	299	19104	3.9318754823771545	1.0	0.20494485377769567	0.15380818335134308
GOTERM_BP_FAT	GO:0003206~cardiac chamber morphogenesis	3	4.615384615384616	0.08011484970030815	P29474, P04637, Q16665	65	140	19104	6.298021978021978	1.0	0.20751696992113708	0.15573851975208292
GOTERM_BP_FAT	GO:0034101~erythrocyte homeostasis	3	4.615384615384616	0.08011484970030815	P42574, P09601, P06400	65	140	19104	6.298021978021978	1.0	0.20751696992113708	0.15573851975208292
GOTERM_CC_FAT	GO:0005769~early endosome	5	7.6923076923076925	0.08015553146886856	P35968, P04626, P28482, P19320, P00533	59	472	16775	3.0118859523125536	0.9999999999673816	0.48260309571881277	0.45254477141798705
GOTERM_BP_FAT	GO:0097396~response to interleukin-17	2	3.076923076923077	0.08051865777123221	P02778, P01584	65	25	19104	23.512615384615383	1.0	0.20751696992113708	0.15573851975208292
GOTERM_BP_FAT	GO:0032986~protein-DNA complex disassembly	2	3.076923076923077	0.08051865777123221	P01106, P05164	65	25	19104	23.512615384615383	1.0	0.20751696992113708	0.15573851975208292
GOTERM_BP_FAT	GO:0046457~prostanoid biosynthetic process	2	3.076923076923077	0.08051865777123221	P23219, P35354	65	25	19104	23.512615384615383	1.0	0.20751696992113708	0.15573851975208292
GOTERM_BP_FAT	GO:1905563~negative regulation of vascular endothelial cell proliferation	2	3.076923076923077	0.08051865777123221	P37231, P13500	65	25	19104	23.512615384615383	1.0	0.20751696992113708	0.15573851975208292
GOTERM_BP_FAT	GO:0002431~Fc receptor mediated stimulatory signaling pathway	2	3.076923076923077	0.08051865777123221	P01579, P35228	65	25	19104	23.512615384615383	1.0	0.20751696992113708	0.15573851975208292
GOTERM_BP_FAT	GO:2000209~regulation of anoikis	2	3.076923076923077	0.08051865777123221	O96017, P10415	65	25	19104	23.512615384615383	1.0	0.20751696992113708	0.15573851975208292
GOTERM_BP_FAT	GO:0035162~embryonic hemopoiesis	2	3.076923076923077	0.08051865777123221	P35968, Q16665	65	25	19104	23.512615384615383	1.0	0.20751696992113708	0.15573851975208292
GOTERM_BP_FAT	GO:0060967~negative regulation of gene silencing by regulatory ncRNA	2	3.076923076923077	0.08051865777123221	P04637, P05231	65	25	19104	23.512615384615383	1.0	0.20751696992113708	0.15573851975208292
GOTERM_BP_FAT	GO:0002070~epithelial cell maturation	2	3.076923076923077	0.08051865777123221	P35968, Q16665	65	25	19104	23.512615384615383	1.0	0.20751696992113708	0.15573851975208292
GOTERM_BP_FAT	GO:0070233~negative regulation of T cell apoptotic process	2	3.076923076923077	0.08051865777123221	P10415, Q16665	65	25	19104	23.512615384615383	1.0	0.20751696992113708	0.15573851975208292
GOTERM_BP_FAT	GO:0021537~telencephalon development	4	6.153846153846154	0.08068420053348073	Q07812, Q16665, P00533, P42574	65	302	19104	3.892817116658176	1.0	0.20779497821453258	0.15594716100252456
GOTERM_BP_FAT	GO:0045621~positive regulation of lymphocyte differentiation	3	4.615384615384616	0.08109762791601932	P05112, P60568, P22301	65	141	19104	6.253355155482816	1.0	0.20871053812958398	0.15663427563208304
GOTERM_BP_FAT	GO:0021987~cerebral cortex development	3	4.615384615384616	0.08208418980329478	Q07812, Q16665, P00533	65	142	19104	6.20931744312026	1.0	0.2109481710850721	0.15831358718124755
GOTERM_BP_FAT	GO:0061844~antimicrobial humoral immune response mediated by antimicrobial peptide	3	4.615384615384616	0.08208418980329478	P02778, P13500, P10145	65	142	19104	6.20931744312026	1.0	0.2109481710850721	0.15831358718124755
GOTERM_BP_FAT	GO:0051338~regulation of transferase activity	4	6.153846153846154	0.08254922955116362	P04626, P38936, P01375, P06400	65	305	19104	3.854527112232031	1.0	0.21199206990223984	0.1590970183224137
GOTERM_BP_FAT	GO:0045444~fat cell differentiation	3	4.615384615384616	0.08307449994470643	P37231, P24385, P35354	65	143	19104	6.16589564281872	1.0	0.2131788605493273	0.1599876877394896
GOTERM_BP_FAT	GO:0035994~response to muscle stretch	2	3.076923076923077	0.08360303357096849	Q04206, P25963	65	26	19104	22.60828402366864	1.0	0.2131788605493273	0.1599876877394896
GOTERM_BP_FAT	GO:0050927~positive regulation of positive chemotaxis	2	3.076923076923077	0.08360303357096849	P35968, P10145	65	26	19104	22.60828402366864	1.0	0.2131788605493273	0.1599876877394896
GOTERM_BP_FAT	GO:0030194~positive regulation of blood coagulation	2	3.076923076923077	0.08360303357096849	P00749, Q16236	65	26	19104	22.60828402366864	1.0	0.2131788605493273	0.1599876877394896
GOTERM_BP_FAT	GO:0071276~cellular response to cadmium ion	2	3.076923076923077	0.08360303357096849	P05177, P09601	65	26	19104	22.60828402366864	1.0	0.2131788605493273	0.1599876877394896
GOTERM_BP_FAT	GO:1901623~regulation of lymphocyte chemotaxis	2	3.076923076923077	0.08360303357096849	P02778, P13500	65	26	19104	22.60828402366864	1.0	0.2131788605493273	0.1599876877394896
GOTERM_BP_FAT	GO:1900048~positive regulation of hemostasis	2	3.076923076923077	0.08360303357096849	P00749, Q16236	65	26	19104	22.60828402366864	1.0	0.2131788605493273	0.1599876877394896
GOTERM_BP_FAT	GO:0045723~positive regulation of fatty acid biosynthetic process	2	3.076923076923077	0.08360303357096849	P35354, P01584	65	26	19104	22.60828402366864	1.0	0.2131788605493273	0.1599876877394896
GOTERM_BP_FAT	GO:0045649~regulation of macrophage differentiation	2	3.076923076923077	0.08360303357096849	Q14790, P06400	65	26	19104	22.60828402366864	1.0	0.2131788605493273	0.1599876877394896
GOTERM_BP_FAT	GO:1902108~regulation of mitochondrial membrane permeability involved in apoptotic process	2	3.076923076923077	0.08360303357096849	P04637, Q07812	65	26	19104	22.60828402366864	1.0	0.2131788605493273	0.1599876877394896
GOTERM_BP_FAT	GO:0043085~positive regulation of catalytic activity	4	6.153846153846154	0.08443297730637465	P04626, P31749, P38936, P01375	65	308	19104	3.8169830169830172	1.0	0.2149908249009667	0.16134754108582125
GOTERM_BP_FAT	GO:0032386~regulation of intracellular transport	4	6.153846153846154	0.08443297730637465	P28482, P31749, P25963, P01584	65	308	19104	3.8169830169830172	1.0	0.2149908249009667	0.16134754108582125
GOTERM_BP_FAT	GO:0051641~cellular localization	12	18.461538461538463	0.08455956651799387	P31645, P29474, P04626, P04637, Q07812, P31749, P38936, Q16665, P00533, O14920, P25963, P01375	65	2084	19104	1.6923667503322015	1.0	0.2151611003985395	0.16147533041289225
GOTERM_BP_FAT	GO:0000018~regulation of DNA recombination	3	4.615384615384616	0.08506622427042661	P05112, P60568, P22301	65	145	19104	6.080848806366048	1.0	0.21584056763827258	0.16198526086424897
GOTERM_BP_FAT	GO:0032479~regulation of type I interferon production	3	4.615384615384616	0.08506622427042661	P42224, O15111, P22301	65	145	19104	6.080848806366048	1.0	0.21584056763827258	0.16198526086424897
GOTERM_BP_FAT	GO:0016125~sterol metabolic process	3	4.615384615384616	0.08506622427042661	P08684, P05177, P05112	65	145	19104	6.080848806366048	1.0	0.21584056763827258	0.16198526086424897
GOTERM_BP_FAT	GO:0050830~defense response to Gram-positive bacterium	3	4.615384615384616	0.08506622427042661	P05231, P01584, P01375	65	145	19104	6.080848806366048	1.0	0.21584056763827258	0.16198526086424897
GOTERM_BP_FAT	GO:0002460~adaptive immune response based on somatic recombination of immune receptors built from immunoglobulin superfamily domains	4	6.153846153846154	0.0856991186270485	P05362, P05231, P29965, P22301	65	310	19104	3.792357320099256	1.0	0.21729340212051776	0.16307559237687483
GOTERM_BP_FAT	GO:0001667~ameboidal-type cell migration	3	4.615384615384616	0.08606756855105566	P31749, P08253, Q16665	65	146	19104	6.039199157007377	1.0	0.21762929493084154	0.1633276751298905
GOTERM_BP_FAT	GO:0032446~protein modification by small protein conjugation	6	9.230769230769232	0.08620912631529926	P10415, Q07869, P31749, P00533, Q16236, P01375	65	703	19104	2.508458255826677	1.0	0.21762929493084154	0.1633276751298905
GOTERM_BP_FAT	GO:2000810~regulation of bicellular tight junction assembly	2	3.076923076923077	0.08667722404267487	O14920, P01375	65	27	19104	21.77094017094017	1.0	0.21762929493084154	0.1633276751298905
GOTERM_BP_FAT	GO:0030808~regulation of nucleotide biosynthetic process	2	3.076923076923077	0.08667722404267487	Q07869, P05112	65	27	19104	21.77094017094017	1.0	0.21762929493084154	0.1633276751298905
GOTERM_BP_FAT	GO:0002548~monocyte chemotaxis	2	3.076923076923077	0.08667722404267487	P05231, P13500	65	27	19104	21.77094017094017	1.0	0.21762929493084154	0.1633276751298905
GOTERM_BP_FAT	GO:0060669~embryonic placenta morphogenesis	2	3.076923076923077	0.08667722404267487	P01344, P22301	65	27	19104	21.77094017094017	1.0	0.21762929493084154	0.1633276751298905
GOTERM_BP_FAT	GO:1900371~regulation of purine nucleotide biosynthetic process	2	3.076923076923077	0.08667722404267487	Q07869, P05112	65	27	19104	21.77094017094017	1.0	0.21762929493084154	0.1633276751298905
GOTERM_BP_FAT	GO:0006706~steroid catabolic process	2	3.076923076923077	0.08667722404267487	P08684, P05177	65	27	19104	21.77094017094017	1.0	0.21762929493084154	0.1633276751298905
GOTERM_BP_FAT	GO:0034104~negative regulation of tissue remodeling	2	3.076923076923077	0.08667722404267487	P37231, P05231	65	27	19104	21.77094017094017	1.0	0.21762929493084154	0.1633276751298905
GOTERM_BP_FAT	GO:0140894~endolysosomal toll-like receptor signaling pathway	2	3.076923076923077	0.08667722404267487	O14920, P01375	65	27	19104	21.77094017094017	1.0	0.21762929493084154	0.1633276751298905
GOTERM_BP_FAT	GO:0045730~respiratory burst	2	3.076923076923077	0.08667722404267487	P05164, P10145	65	27	19104	21.77094017094017	1.0	0.21762929493084154	0.1633276751298905
GOTERM_BP_FAT	GO:0050926~regulation of positive chemotaxis	2	3.076923076923077	0.08667722404267487	P35968, P10145	65	27	19104	21.77094017094017	1.0	0.21762929493084154	0.1633276751298905
GOTERM_BP_FAT	GO:0032469~endoplasmic reticulum calcium ion homeostasis	2	3.076923076923077	0.08667722404267487	P10415, Q07812	65	27	19104	21.77094017094017	1.0	0.21762929493084154	0.1633276751298905
GOTERM_BP_FAT	GO:0002922~positive regulation of humoral immune response	2	3.076923076923077	0.08667722404267487	P01584, P01375	65	27	19104	21.77094017094017	1.0	0.21762929493084154	0.1633276751298905
GOTERM_BP_FAT	GO:0048593~camera-type eye morphogenesis	3	4.615384615384616	0.08808104798252676	P35968, Q07812, Q16665	65	148	19104	5.9575883575883575	1.0	0.2210000110592228	0.16585734940442365
GOTERM_MF_FAT	GO:0001091~RNA polymerase II general transcription initiation factor binding	2	3.076923076923077	0.08852821153385537	P35869, P04637	65	25	17305	21.298461538461538	1.0	0.26914952902574824	0.21389366545092572
GOTERM_CC_FAT	GO:0046930~pore complex	2	3.076923076923077	0.08934179218905548	P10415, Q07812	59	27	16775	21.06089139987445	0.9999999999982064	0.5269342437272865	0.49411480986191914
GOTERM_BP_FAT	GO:0030813~positive regulation of nucleotide catabolic process	2	3.076923076923077	0.08974126229254266	P01579, Q16665	65	28	19104	20.993406593406597	1.0	0.22376316127337798	0.16793105414466114
GOTERM_BP_FAT	GO:0045821~positive regulation of glycolytic process	2	3.076923076923077	0.08974126229254266	P01579, Q16665	65	28	19104	20.993406593406597	1.0	0.22376316127337798	0.16793105414466114
GOTERM_BP_FAT	GO:0042104~positive regulation of activated T cell proliferation	2	3.076923076923077	0.08974126229254266	P01344, P60568	65	28	19104	20.993406593406597	1.0	0.22376316127337798	0.16793105414466114
GOTERM_BP_FAT	GO:2000353~positive regulation of endothelial cell apoptotic process	2	3.076923076923077	0.08974126229254266	P13500, P29965	65	28	19104	20.993406593406597	1.0	0.22376316127337798	0.16793105414466114
GOTERM_BP_FAT	GO:0033123~positive regulation of purine nucleotide catabolic process	2	3.076923076923077	0.08974126229254266	P01579, Q16665	65	28	19104	20.993406593406597	1.0	0.22376316127337798	0.16793105414466114
GOTERM_BP_FAT	GO:0071379~cellular response to prostaglandin stimulus	2	3.076923076923077	0.08974126229254266	P37231, P31749	65	28	19104	20.993406593406597	1.0	0.22376316127337798	0.16793105414466114
GOTERM_BP_FAT	GO:0031103~axon regeneration	2	3.076923076923077	0.08974126229254266	P10415, P08253	65	28	19104	20.993406593406597	1.0	0.22376316127337798	0.16793105414466114
GOTERM_BP_FAT	GO:0010463~mesenchymal cell proliferation	2	3.076923076923077	0.08974126229254266	P42224, P35968	65	28	19104	20.993406593406597	1.0	0.22376316127337798	0.16793105414466114
GOTERM_BP_FAT	GO:0007435~salivary gland morphogenesis	2	3.076923076923077	0.08974126229254266	P00533, P01375	65	28	19104	20.993406593406597	1.0	0.22376316127337798	0.16793105414466114
KEGG_PATHWAY	hsa03320:PPAR signaling pathway	3	4.615384615384616	0.08986594933657169	P37231, Q07869, P03956	63	76	9375	5.874060150375939	0.9999999990831776	0.13664548460766382	0.08986594933657169
GOTERM_BP_FAT	GO:0015849~organic acid transport	4	6.153846153846154	0.09084497640830318	P37231, Q9UNQ0, P35354, P35228	65	318	19104	3.6969521044992746	1.0	0.22620210780864985	0.1697614486579487
GOTERM_BP_FAT	GO:0046942~carboxylic acid transport	4	6.153846153846154	0.09084497640830318	P37231, Q9UNQ0, P35354, P35228	65	318	19104	3.6969521044992746	1.0	0.22620210780864985	0.1697614486579487
GOTERM_BP_FAT	GO:0035966~response to topologically incorrect protein	3	4.615384615384616	0.09112772978327029	P24385, Q07812, Q16236	65	151	19104	5.839225674987264	1.0	0.22674945470243288	0.17017222467815113
GOTERM_MF_FAT	GO:0017025~TBP-class protein binding	2	3.076923076923077	0.09190403297643533	P35869, P04150	65	26	17305	20.4792899408284	1.0	0.2739826007298351	0.21773451713629277
GOTERM_MF_FAT	GO:0060089~molecular transducer activity	11	16.923076923076923	0.09193235167976807	P37231, P35869, P35968, P08581, O75469, Q07869, P04626, P04150, P05362, P00533	65	1694	17305	1.728771228771229	1.0	0.2739826007298351	0.21773451713629277
GOTERM_MF_FAT	GO:0038023~signaling receptor activity	11	16.923076923076923	0.09193235167976807	P37231, P35869, P35968, P08581, O75469, Q07869, P04626, P04150, P05362, P00533	65	1694	17305	1.728771228771229	1.0	0.2739826007298351	0.21773451713629277
GOTERM_CC_FAT	GO:0009925~basal plasma membrane	4	6.153846153846154	0.09193967062167828	P08581, P04626, P00533	59	310	16775	3.66867140513942	0.9999999999992145	0.5314112961933005	0.49831301476949624
GOTERM_BP_FAT	GO:0032740~positive regulation of interleukin-17 production	2	3.076923076923077	0.09279518131111844	P05231, P60568	65	29	19104	20.26949602122016	1.0	0.23010394925255315	0.17268972489006487
GOTERM_BP_FAT	GO:0045662~negative regulation of myoblast differentiation	2	3.076923076923077	0.09279518131111844	P02778, P01375	65	29	19104	20.26949602122016	1.0	0.23010394925255315	0.17268972489006487
GOTERM_BP_FAT	GO:0032727~positive regulation of interferon-alpha production	2	3.076923076923077	0.09279518131111844	P42224, O15111	65	29	19104	20.26949602122016	1.0	0.23010394925255315	0.17268972489006487
GOTERM_BP_FAT	GO:0035794~positive regulation of mitochondrial membrane permeability	2	3.076923076923077	0.09279518131111844	P04637, Q07812	65	29	19104	20.26949602122016	1.0	0.23010394925255315	0.17268972489006487
GOTERM_BP_FAT	GO:0050996~positive regulation of lipid catabolic process	2	3.076923076923077	0.09279518131111844	Q07869, P01584	65	29	19104	20.26949602122016	1.0	0.23010394925255315	0.17268972489006487
GOTERM_BP_FAT	GO:0008584~male gonad development	3	4.615384615384616	0.09317609681835158	P24385, P10415, Q07812	65	153	19104	5.76289592760181	1.0	0.2308895989247048	0.17327934373921777
GOTERM_BP_FAT	GO:0006066~alcohol metabolic process	4	6.153846153846154	0.09346590598067528	P29474, P08684, P05177, P05112	65	322	19104	3.6510272336359293	1.0	0.23144856305730105	0.1736988383310969
GOTERM_MF_FAT	GO:0019838~growth factor binding	3	4.615384615384616	0.09361241750079467	P35968, P04626, P00533	65	139	17305	5.745987825124516	1.0	0.27716617730627446	0.22026451176657572
GOTERM_BP_FAT	GO:0046546~development of primary male sexual characteristics	3	4.615384615384616	0.09420535335512142	P24385, P10415, Q07812	65	154	19104	5.725474525474526	1.0	0.23295942905868394	0.1748327216693537
GOTERM_BP_FAT	GO:0007519~skeletal muscle tissue development	3	4.615384615384616	0.09420535335512142	P10415, P01106, P06400	65	154	19104	5.725474525474526	1.0	0.23295942905868394	0.1748327216693537
GOTERM_MF_FAT	GO:1901363~heterocyclic compound binding	14	21.53846153846154	0.09493474546452788	P31645, O96017, P35968, Q9UNQ0, P29474, O15111, P04626, P28482, P31749, P35228, P08581, P00533, O14920	65	2385	17305	1.5627801967424608	1.0	0.27925610191838396	0.22192537900798723
GOTERM_BP_FAT	GO:0043086~negative regulation of catalytic activity	3	4.615384615384616	0.09523794756400096	P04637, P08253, P06400	65	155	19104	5.688535980148885	1.0	0.23535138893902297	0.17662785336972467
KEGG_PATHWAY	hsa05014:Amyotrophic lateral sclerosis	6	9.230769230769232	0.09541235515139655	P10415, P04637, Q07812, P42574, P35228, P01375	63	368	9375	2.4262422360248443	0.9999999997625381	0.14409212818782335	0.09541235515139655
GOTERM_BP_FAT	GO:0002446~neutrophil mediated immunity	2	3.076923076923077	0.09583901399329524	P05164, P05231	65	30	19104	19.593846153846155	1.0	0.23538375420439178	0.1766521430387664
GOTERM_BP_FAT	GO:0014812~muscle cell migration	2	3.076923076923077	0.09583901399329524	P00749, P10415	65	30	19104	19.593846153846155	1.0	0.23538375420439178	0.1766521430387664
GOTERM_BP_FAT	GO:2000279~negative regulation of DNA biosynthetic process	2	3.076923076923077	0.09583901399329524	P04637, P38936	65	30	19104	19.593846153846155	1.0	0.23538375420439178	0.1766521430387664
GOTERM_BP_FAT	GO:0010759~positive regulation of macrophage chemotaxis	2	3.076923076923077	0.09583901399329524	P28482, P13500	65	30	19104	19.593846153846155	1.0	0.23538375420439178	0.1766521430387664
GOTERM_BP_FAT	GO:0034695~response to prostaglandin E	2	3.076923076923077	0.09583901399329524	P37231, P31749	65	30	19104	19.593846153846155	1.0	0.23538375420439178	0.1766521430387664
GOTERM_BP_FAT	GO:0010715~regulation of extracellular matrix disassembly	2	3.076923076923077	0.09583901399329524	P00749, P05231	65	30	19104	19.593846153846155	1.0	0.23538375420439178	0.1766521430387664
GOTERM_BP_FAT	GO:0050820~positive regulation of coagulation	2	3.076923076923077	0.09583901399329524	P00749, Q16236	65	30	19104	19.593846153846155	1.0	0.23538375420439178	0.1766521430387664
GOTERM_BP_FAT	GO:0036296~response to increased oxygen levels	2	3.076923076923077	0.09583901399329524	P37231, P08253	65	30	19104	19.593846153846155	1.0	0.23538375420439178	0.1766521430387664
GOTERM_BP_FAT	GO:0014009~glial cell proliferation	2	3.076923076923077	0.09583901399329524	P04637, P06400	65	30	19104	19.593846153846155	1.0	0.23538375420439178	0.1766521430387664
GOTERM_MF_FAT	GO:0051087~protein-folding chaperone binding	3	4.615384615384616	0.09703915532206256	O15392, P04637, Q07812	65	142	17305	5.6245937161430115	1.0	0.2827488231651092	0.2247010515219411
GOTERM_BP_FAT	GO:0009749~response to glucose	3	4.615384615384616	0.09731301701652666	P05362, Q16665, P42574	65	157	19104	5.616070553650172	1.0	0.2388411446257122	0.17924686513125893
GOTERM_BP_FAT	GO:0000819~sister chromatid segregation	3	4.615384615384616	0.0983554267157741	O96017, O15392, P06400	65	158	19104	5.580525803310614	1.0	0.24107115813396876	0.18092045839418583
GOTERM_BP_FAT	GO:0030258~lipid modification	3	4.615384615384616	0.0983554267157741	P37231, P09917, P08684	65	158	19104	5.580525803310614	1.0	0.24107115813396876	0.18092045839418583
GOTERM_MF_FAT	GO:0003707~nuclear steroid receptor activity	2	3.076923076923077	0.0986187948346297	Q07869, P04150	65	28	17305	19.016483516483518	1.0	0.2827488231651092	0.2247010515219411
GOTERM_MF_FAT	GO:0097718~disordered domain specific binding	2	3.076923076923077	0.0986187948346297	P04637, P06400	65	28	17305	19.016483516483518	1.0	0.2827488231651092	0.2247010515219411
GOTERM_MF_FAT	GO:0004364~glutathione transferase activity	2	3.076923076923077	0.0986187948346297	P09488, P09211	65	28	17305	19.016483516483518	1.0	0.2827488231651092	0.2247010515219411
GOTERM_BP_FAT	GO:0071499~cellular response to laminar fluid shear stress	2	3.076923076923077	0.09887279312382946	P31749, Q16236	65	31	19104	18.96178660049628	1.0	0.24151774483061528	0.1812556153266677
GOTERM_BP_FAT	GO:0032309~icosanoid secretion	2	3.076923076923077	0.09887279312382946	P35354, P35228	65	31	19104	18.96178660049628	1.0	0.24151774483061528	0.1812556153266677
GOTERM_BP_FAT	GO:0051403~stress-activated MAPK cascade	2	3.076923076923077	0.09887279312382946	P28482, O14920	65	31	19104	18.96178660049628	1.0	0.24151774483061528	0.1812556153266677
GOTERM_BP_FAT	GO:0070168~negative regulation of biomineral tissue development	2	3.076923076923077	0.09887279312382946	P29474, Q16665	65	31	19104	18.96178660049628	1.0	0.24151774483061528	0.1812556153266677
GOTERM_BP_FAT	GO:0045830~positive regulation of isotype switching	2	3.076923076923077	0.09887279312382946	P05112, P60568	65	31	19104	18.96178660049628	1.0	0.24151774483061528	0.1812556153266677
GOTERM_MF_FAT	GO:0016922~nuclear receptor binding	3	4.615384615384616	0.09934351797052257	P37231, O75469, Q16665	65	144	17305	5.546474358974359	1.0	0.28303530591601717	0.22492871993325864
GOTERM_BP_FAT	GO:1903169~regulation of calcium ion transmembrane transport	3	4.615384615384616	0.09940104299936058	P10415, Q07812, P02778	65	159	19104	5.545428156748912	1.0	0.24264360293136594	0.182100555738666
