run_id,retrieved_at,input_rank,herb_a,herb_b,pair_name,scope,field,query,query_translation,pubmed_reported_count,retrieved_records,retrieval_complete,pmids,esearch_request_path,esearch_request_sha256,esearch_response_path,esearch_response_sha256,parsed_articles_path,parsed_articles_sha256,efetch_request_path,efetch_request_sha256,efetch_response_path,efetch_response_sha256
run_20260926T115108Z,2026-09-26T11:51:08.948468+00:00,1,蒲公英,鱼腥草,蒲公英＋鱼腥草,strict_title_abstract,Title/Abstract,"(""Pu Gong Ying""[Title/Abstract] OR ""Dandelion""[Title/Abstract] OR ""Herba Taraxaci""[Title/Abstract] OR ""Taraxaci Herba""[Title/Abstract] OR ""Taraxacum mongolicum""[Title/Abstract] OR ""Taraxacum sinicum""[Title/Abstract]) AND (""Yuxingcao""[Title/Abstract] OR ""Houttuyniae Herba""[Title/Abstract] OR ""Houttuynia cordata""[Title/Abstract]) AND (""Colitis, Ulcerative""[MeSH Terms] OR ""ulcerative colitis""[Title/Abstract] OR ""colitis""[Title/Abstract] OR ""intestinal barrier""[Title/Abstract] OR ""gut barrier""[Title/Abstract] OR ""intestinal mucosa""[Title/Abstract] OR ""intestinal mucosal barrier""[Title/Abstract] OR ""mucosal barrier""[Title/Abstract])","(""Pu Gong Ying""[Title/Abstract] OR ""Dandelion""[Title/Abstract] OR ""Herba Taraxaci""[Title/Abstract] OR ""Taraxaci Herba""[Title/Abstract] OR ""Taraxacum mongolicum""[Title/Abstract] OR ""Taraxacum sinicum""[Title/Abstract]) AND (""Yuxingcao""[Title/Abstract] OR ""Houttuyniae Herba""[Title/Abstract] OR ""Houttuynia cordata""[Title/Abstract]) AND (""colitis, ulcerative""[MeSH Terms] OR ""ulcerative colitis""[Title/Abstract] OR ""colitis""[Title/Abstract] OR ""intestinal barrier""[Title/Abstract] OR ""gut barrier""[Title/Abstract] OR ""intestinal mucosa""[Title/Abstract] OR ""intestinal mucosal barrier""[Title/Abstract] OR ""mucosal barrier""[Title/Abstract])",0,0,True,,data\formal_analysis\genecards_multisource_pairs_20_strict\pubmed_all_pair_evidence\raw\run_20260926T115108Z\rank_01\strict_title_abstract\esearch_request.json,4555152efb991668e18e033181d897392a58bc1d8dd2031ac755057216cbb1a8,data\formal_analysis\genecards_multisource_pairs_20_strict\pubmed_all_pair_evidence\raw\run_20260926T115108Z\rank_01\strict_title_abstract\esearch_response.json,db648f8c067d3429158aee6981ea91e653df764d85b7ab8c49de06cb9c25402f,data\formal_analysis\genecards_multisource_pairs_20_strict\pubmed_all_pair_evidence\raw\run_20260926T115108Z\rank_01\strict_title_abstract\parsed_articles.json,4f53cda18c2baa0c0354bb5f9a3ecbe5ed12ab4d8e11ba873c2f11161202b945,,,,
run_20260926T115108Z,2026-09-26T11:51:08.948468+00:00,1,蒲公英,鱼腥草,蒲公英＋鱼腥草,broad_all_fields,All Fields,"(""Pu Gong Ying""[All Fields] OR ""Dandelion""[All Fields] OR ""Herba Taraxaci""[All Fields] OR ""Taraxaci Herba""[All Fields] OR ""Taraxacum mongolicum""[All Fields] OR ""Taraxacum sinicum""[All Fields]) AND (""Yuxingcao""[All Fields] OR ""Houttuyniae Herba""[All Fields] OR ""Houttuynia cordata""[All Fields]) AND (""Colitis, Ulcerative""[MeSH Terms] OR ""ulcerative colitis""[All Fields] OR ""colitis""[All Fields] OR ""intestinal barrier""[All Fields] OR ""gut barrier""[All Fields] OR ""intestinal mucosa""[All Fields] OR ""intestinal mucosal barrier""[All Fields] OR ""mucosal barrier""[All Fields])","(""Pu Gong Ying""[All Fields] OR ""Dandelion""[All Fields] OR ""Herba Taraxaci""[All Fields] OR ""Taraxaci Herba""[All Fields] OR ""Taraxacum mongolicum""[All Fields] OR ""Taraxacum sinicum""[All Fields]) AND (""Yuxingcao""[All Fields] OR ""Houttuyniae Herba""[All Fields] OR ""Houttuynia cordata""[All Fields]) AND (""colitis, ulcerative""[MeSH Terms] OR ""ulcerative colitis""[All Fields] OR ""colitis""[All Fields] OR ""intestinal barrier""[All Fields] OR ""gut barrier""[All Fields] OR ""intestinal mucosa""[All Fields] OR ""intestinal mucosal barrier""[All Fields] OR ""mucosal barrier""[All Fields])",0,0,True,,data\formal_analysis\genecards_multisource_pairs_20_strict\pubmed_all_pair_evidence\raw\run_20260926T115108Z\rank_01\broad_all_fields\esearch_request.json,7ba88e59c1c20b12243efa878b8170b4d8dfb9d115fdc6f78af43ad307f7e209,data\formal_analysis\genecards_multisource_pairs_20_strict\pubmed_all_pair_evidence\raw\run_20260926T115108Z\rank_01\broad_all_fields\esearch_response.json,df04a79966cd4e671dfe2b7dbe1bab7e7b4e191833576b3b06d777e9bbdc9a5e,data\formal_analysis\genecards_multisource_pairs_20_strict\pubmed_all_pair_evidence\raw\run_20260926T115108Z\rank_01\broad_all_fields\parsed_articles.json,4f53cda18c2baa0c0354bb5f9a3ecbe5ed12ab4d8e11ba873c2f11161202b945,,,,
run_20260926T115108Z,2026-09-26T11:51:08.948468+00:00,2,蒲公英,大枣,蒲公英＋大枣,strict_title_abstract,Title/Abstract,"(""Pu Gong Ying""[Title/Abstract] OR ""Dandelion""[Title/Abstract] OR ""Herba Taraxaci""[Title/Abstract] OR ""Taraxaci Herba""[Title/Abstract] OR ""Taraxacum mongolicum""[Title/Abstract] OR ""Taraxacum sinicum""[Title/Abstract]) AND (""Dazao""[Title/Abstract] OR ""Jujubae Fructus""[Title/Abstract] OR ""Ziziphus jujuba""[Title/Abstract]) AND (""Colitis, Ulcerative""[MeSH Terms] OR ""ulcerative colitis""[Title/Abstract] OR ""colitis""[Title/Abstract] OR ""intestinal barrier""[Title/Abstract] OR ""gut barrier""[Title/Abstract] OR ""intestinal mucosa""[Title/Abstract] OR ""intestinal mucosal barrier""[Title/Abstract] OR ""mucosal barrier""[Title/Abstract])","(""Pu Gong Ying""[Title/Abstract] OR ""Dandelion""[Title/Abstract] OR ""Herba Taraxaci""[Title/Abstract] OR ""Taraxaci Herba""[Title/Abstract] OR ""Taraxacum mongolicum""[Title/Abstract] OR ""Taraxacum sinicum""[Title/Abstract]) AND (""Dazao""[Title/Abstract] OR ""Jujubae Fructus""[Title/Abstract] OR ""Ziziphus jujuba""[Title/Abstract]) AND (""colitis, ulcerative""[MeSH Terms] OR ""ulcerative colitis""[Title/Abstract] OR ""colitis""[Title/Abstract] OR ""intestinal barrier""[Title/Abstract] OR ""gut barrier""[Title/Abstract] OR ""intestinal mucosa""[Title/Abstract] OR ""intestinal mucosal barrier""[Title/Abstract] OR ""mucosal barrier""[Title/Abstract])",0,0,True,,data\formal_analysis\genecards_multisource_pairs_20_strict\pubmed_all_pair_evidence\raw\run_20260926T115108Z\rank_02\strict_title_abstract\esearch_request.json,6da33c6a5615f7f0e63204f0e1708c7d9e273765dac24505b2e1c42ec7d7af7c,data\formal_analysis\genecards_multisource_pairs_20_strict\pubmed_all_pair_evidence\raw\run_20260926T115108Z\rank_02\strict_title_abstract\esearch_response.json,5a8a6d3bfb2fe919a94f6ff6066bf1fece9e6ce91c2860a45439ddad5eb78b43,data\formal_analysis\genecards_multisource_pairs_20_strict\pubmed_all_pair_evidence\raw\run_20260926T115108Z\rank_02\strict_title_abstract\parsed_articles.json,4f53cda18c2baa0c0354bb5f9a3ecbe5ed12ab4d8e11ba873c2f11161202b945,,,,
run_20260926T115108Z,2026-09-26T11:51:08.948468+00:00,2,蒲公英,大枣,蒲公英＋大枣,broad_all_fields,All Fields,"(""Pu Gong Ying""[All Fields] OR ""Dandelion""[All Fields] OR ""Herba Taraxaci""[All Fields] OR ""Taraxaci Herba""[All Fields] OR ""Taraxacum mongolicum""[All Fields] OR ""Taraxacum sinicum""[All Fields]) AND (""Dazao""[All Fields] OR ""Jujubae Fructus""[All Fields] OR ""Ziziphus jujuba""[All Fields]) AND (""Colitis, Ulcerative""[MeSH Terms] OR ""ulcerative colitis""[All Fields] OR ""colitis""[All Fields] OR ""intestinal barrier""[All Fields] OR ""gut barrier""[All Fields] OR ""intestinal mucosa""[All Fields] OR ""intestinal mucosal barrier""[All Fields] OR ""mucosal barrier""[All Fields])","(""Pu Gong Ying""[All Fields] OR ""Dandelion""[All Fields] OR ""Herba Taraxaci""[All Fields] OR ""Taraxaci Herba""[All Fields] OR ""Taraxacum mongolicum""[All Fields] OR ""Taraxacum sinicum""[All Fields]) AND (""Dazao""[All Fields] OR ""Jujubae Fructus""[All Fields] OR ""Ziziphus jujuba""[All Fields]) AND (""colitis, ulcerative""[MeSH Terms] OR ""ulcerative colitis""[All Fields] OR ""colitis""[All Fields] OR ""intestinal barrier""[All Fields] OR ""gut barrier""[All Fields] OR ""intestinal mucosa""[All Fields] OR ""intestinal mucosal barrier""[All Fields] OR ""mucosal barrier""[All Fields])",0,0,True,,data\formal_analysis\genecards_multisource_pairs_20_strict\pubmed_all_pair_evidence\raw\run_20260926T115108Z\rank_02\broad_all_fields\esearch_request.json,b08d285c1859527c1e07ed9e65fdcb75993e4ae52f0bd8ba842b58afb1b81048,data\formal_analysis\genecards_multisource_pairs_20_strict\pubmed_all_pair_evidence\raw\run_20260926T115108Z\rank_02\broad_all_fields\esearch_response.json,1e17b086a839d624b479ae84505df129168c58447c129d35f7e9da98a9bd1b8a,data\formal_analysis\genecards_multisource_pairs_20_strict\pubmed_all_pair_evidence\raw\run_20260926T115108Z\rank_02\broad_all_fields\parsed_articles.json,4f53cda18c2baa0c0354bb5f9a3ecbe5ed12ab4d8e11ba873c2f11161202b945,,,,
run_20260926T115108Z,2026-09-26T11:51:08.948468+00:00,3,蒲公英,栀子,蒲公英＋栀子,strict_title_abstract,Title/Abstract,"(""Pu Gong Ying""[Title/Abstract] OR ""Dandelion""[Title/Abstract] OR ""Herba Taraxaci""[Title/Abstract] OR ""Taraxaci Herba""[Title/Abstract] OR ""Taraxacum mongolicum""[Title/Abstract] OR ""Taraxacum sinicum""[Title/Abstract]) AND (""Zhizi""[Title/Abstract] OR ""Gardeniae Fructus""[Title/Abstract] OR ""Gardenia jasminoides""[Title/Abstract]) AND (""Colitis, Ulcerative""[MeSH Terms] OR ""ulcerative colitis""[Title/Abstract] OR ""colitis""[Title/Abstract] OR ""intestinal barrier""[Title/Abstract] OR ""gut barrier""[Title/Abstract] OR ""intestinal mucosa""[Title/Abstract] OR ""intestinal mucosal barrier""[Title/Abstract] OR ""mucosal barrier""[Title/Abstract])","(""Pu Gong Ying""[Title/Abstract] OR ""Dandelion""[Title/Abstract] OR ""Herba Taraxaci""[Title/Abstract] OR ""Taraxaci Herba""[Title/Abstract] OR ""Taraxacum mongolicum""[Title/Abstract] OR ""Taraxacum sinicum""[Title/Abstract]) AND (""Zhizi""[Title/Abstract] OR ""Gardeniae Fructus""[Title/Abstract] OR ""Gardenia jasminoides""[Title/Abstract]) AND (""colitis, ulcerative""[MeSH Terms] OR ""ulcerative colitis""[Title/Abstract] OR ""colitis""[Title/Abstract] OR ""intestinal barrier""[Title/Abstract] OR ""gut barrier""[Title/Abstract] OR ""intestinal mucosa""[Title/Abstract] OR ""intestinal mucosal barrier""[Title/Abstract] OR ""mucosal barrier""[Title/Abstract])",0,0,True,,data\formal_analysis\genecards_multisource_pairs_20_strict\pubmed_all_pair_evidence\raw\run_20260926T115108Z\rank_03\strict_title_abstract\esearch_request.json,bbe124c4bfe26a8d2c95087e0d7202e084679024129bdc36d9e91f3c539eada1,data\formal_analysis\genecards_multisource_pairs_20_strict\pubmed_all_pair_evidence\raw\run_20260926T115108Z\rank_03\strict_title_abstract\esearch_response.json,4ec10c61c27ee1357430fb80343de02ede0e5f79ff45b543ae8a90eeae24a534,data\formal_analysis\genecards_multisource_pairs_20_strict\pubmed_all_pair_evidence\raw\run_20260926T115108Z\rank_03\strict_title_abstract\parsed_articles.json,4f53cda18c2baa0c0354bb5f9a3ecbe5ed12ab4d8e11ba873c2f11161202b945,,,,
run_20260926T115108Z,2026-09-26T11:51:08.948468+00:00,3,蒲公英,栀子,蒲公英＋栀子,broad_all_fields,All Fields,"(""Pu Gong Ying""[All Fields] OR ""Dandelion""[All Fields] OR ""Herba Taraxaci""[All Fields] OR ""Taraxaci Herba""[All Fields] OR ""Taraxacum mongolicum""[All Fields] OR ""Taraxacum sinicum""[All Fields]) AND (""Zhizi""[All Fields] OR ""Gardeniae Fructus""[All Fields] OR ""Gardenia jasminoides""[All Fields]) AND (""Colitis, Ulcerative""[MeSH Terms] OR ""ulcerative colitis""[All Fields] OR ""colitis""[All Fields] OR ""intestinal barrier""[All Fields] OR ""gut barrier""[All Fields] OR ""intestinal mucosa""[All Fields] OR ""intestinal mucosal barrier""[All Fields] OR ""mucosal barrier""[All Fields])","(""Pu Gong Ying""[All Fields] OR ""Dandelion""[All Fields] OR ""Herba Taraxaci""[All Fields] OR ""Taraxaci Herba""[All Fields] OR ""Taraxacum mongolicum""[All Fields] OR ""Taraxacum sinicum""[All Fields]) AND (""Zhizi""[All Fields] OR ""Gardeniae Fructus""[All Fields] OR ""Gardenia jasminoides""[All Fields]) AND (""colitis, ulcerative""[MeSH Terms] OR ""ulcerative colitis""[All Fields] OR ""colitis""[All Fields] OR ""intestinal barrier""[All Fields] OR ""gut barrier""[All Fields] OR ""intestinal mucosa""[All Fields] OR ""intestinal mucosal barrier""[All Fields] OR ""mucosal barrier""[All Fields])",0,0,True,,data\formal_analysis\genecards_multisource_pairs_20_strict\pubmed_all_pair_evidence\raw\run_20260926T115108Z\rank_03\broad_all_fields\esearch_request.json,7cef5747c8580eb7964131d5dedb08fdc77f36c6b0a099cf98a180c3654dd814,data\formal_analysis\genecards_multisource_pairs_20_strict\pubmed_all_pair_evidence\raw\run_20260926T115108Z\rank_03\broad_all_fields\esearch_response.json,e6c5b136b2b2c9ed3748b6d8239af5e99e996981c45864b576902f23b1833875,data\formal_analysis\genecards_multisource_pairs_20_strict\pubmed_all_pair_evidence\raw\run_20260926T115108Z\rank_03\broad_all_fields\parsed_articles.json,4f53cda18c2baa0c0354bb5f9a3ecbe5ed12ab4d8e11ba873c2f11161202b945,,,,
run_20260926T115108Z,2026-09-26T11:51:08.948468+00:00,4,蒲公英,乌梅,蒲公英＋乌梅,strict_title_abstract,Title/Abstract,"(""Pu Gong Ying""[Title/Abstract] OR ""Dandelion""[Title/Abstract] OR ""Herba Taraxaci""[Title/Abstract] OR ""Taraxaci Herba""[Title/Abstract] OR ""Taraxacum mongolicum""[Title/Abstract] OR ""Taraxacum sinicum""[Title/Abstract]) AND (""Wumei""[Title/Abstract] OR ""Mume Fructus""[Title/Abstract] OR ""Prunus mume""[Title/Abstract]) AND (""Colitis, Ulcerative""[MeSH Terms] OR ""ulcerative colitis""[Title/Abstract] OR ""colitis""[Title/Abstract] OR ""intestinal barrier""[Title/Abstract] OR ""gut barrier""[Title/Abstract] OR ""intestinal mucosa""[Title/Abstract] OR ""intestinal mucosal barrier""[Title/Abstract] OR ""mucosal barrier""[Title/Abstract])","(""Pu Gong Ying""[Title/Abstract] OR ""Dandelion""[Title/Abstract] OR ""Herba Taraxaci""[Title/Abstract] OR ""Taraxaci Herba""[Title/Abstract] OR ""Taraxacum mongolicum""[Title/Abstract] OR ""Taraxacum sinicum""[Title/Abstract]) AND (""Wumei""[Title/Abstract] OR ""Mume Fructus""[Title/Abstract] OR ""Prunus mume""[Title/Abstract]) AND (""colitis, ulcerative""[MeSH Terms] OR ""ulcerative colitis""[Title/Abstract] OR ""colitis""[Title/Abstract] OR ""intestinal barrier""[Title/Abstract] OR ""gut barrier""[Title/Abstract] OR ""intestinal mucosa""[Title/Abstract] OR ""intestinal mucosal barrier""[Title/Abstract] OR ""mucosal barrier""[Title/Abstract])",1,1,True,40775561,data\formal_analysis\genecards_multisource_pairs_20_strict\pubmed_all_pair_evidence\raw\run_20260926T115108Z\rank_04\strict_title_abstract\esearch_request.json,64a69d3fd82387d9061a42f769b1caa9b2b7ddc6a8b807b142780a076c6b2576,data\formal_analysis\genecards_multisource_pairs_20_strict\pubmed_all_pair_evidence\raw\run_20260926T115108Z\rank_04\strict_title_abstract\esearch_response.json,d9b4149ce8ce65fa5cae391a92ffc5c408f8a6670946c6909404ce726812a5dc,data\formal_analysis\genecards_multisource_pairs_20_strict\pubmed_all_pair_evidence\raw\run_20260926T115108Z\rank_04\strict_title_abstract\parsed_articles.json,f8add50b7dfda5d2f605fb4c7788de6656856b11cab80cafdedca3ad2b1df8e3,data\formal_analysis\genecards_multisource_pairs_20_strict\pubmed_all_pair_evidence\raw\run_20260926T115108Z\rank_04\strict_title_abstract\efetch_request.json,2b7b494b392d500bd8d867b489f40efc86adee0b2a8a786b1df2deafcee9cbc7,data\formal_analysis\genecards_multisource_pairs_20_strict\pubmed_all_pair_evidence\raw\run_20260926T115108Z\rank_04\strict_title_abstract\efetch_response.xml,5be4a0db0b7243761d8a5e32f8e8fc53388276cacdedef8152e7615c958ed5fa
run_20260926T115108Z,2026-09-26T11:51:08.948468+00:00,4,蒲公英,乌梅,蒲公英＋乌梅,broad_all_fields,All Fields,"(""Pu Gong Ying""[All Fields] OR ""Dandelion""[All Fields] OR ""Herba Taraxaci""[All Fields] OR ""Taraxaci Herba""[All Fields] OR ""Taraxacum mongolicum""[All Fields] OR ""Taraxacum sinicum""[All Fields]) AND (""Wumei""[All Fields] OR ""Mume Fructus""[All Fields] OR ""Prunus mume""[All Fields]) AND (""Colitis, Ulcerative""[MeSH Terms] OR ""ulcerative colitis""[All Fields] OR ""colitis""[All Fields] OR ""intestinal barrier""[All Fields] OR ""gut barrier""[All Fields] OR ""intestinal mucosa""[All Fields] OR ""intestinal mucosal barrier""[All Fields] OR ""mucosal barrier""[All Fields])","(""Pu Gong Ying""[All Fields] OR ""Dandelion""[All Fields] OR ""Herba Taraxaci""[All Fields] OR ""Taraxaci Herba""[All Fields] OR ""Taraxacum mongolicum""[All Fields] OR ""Taraxacum sinicum""[All Fields]) AND (""Wumei""[All Fields] OR ""Mume Fructus""[All Fields] OR ""Prunus mume""[All Fields]) AND (""colitis, ulcerative""[MeSH Terms] OR ""ulcerative colitis""[All Fields] OR ""colitis""[All Fields] OR ""intestinal barrier""[All Fields] OR ""gut barrier""[All Fields] OR ""intestinal mucosa""[All Fields] OR ""intestinal mucosal barrier""[All Fields] OR ""mucosal barrier""[All Fields])",1,1,True,40775561,data\formal_analysis\genecards_multisource_pairs_20_strict\pubmed_all_pair_evidence\raw\run_20260926T115108Z\rank_04\broad_all_fields\esearch_request.json,41bee8eac777f45ff2700262e8533bde7f0c5b0a2d3c473e7a7a372bd4f705bc,data\formal_analysis\genecards_multisource_pairs_20_strict\pubmed_all_pair_evidence\raw\run_20260926T115108Z\rank_04\broad_all_fields\esearch_response.json,60e7b06d79c58d948100420dc19204ff09b101e06403d277938d90aa5854dc9d,data\formal_analysis\genecards_multisource_pairs_20_strict\pubmed_all_pair_evidence\raw\run_20260926T115108Z\rank_04\broad_all_fields\parsed_articles.json,f8add50b7dfda5d2f605fb4c7788de6656856b11cab80cafdedca3ad2b1df8e3,data\formal_analysis\genecards_multisource_pairs_20_strict\pubmed_all_pair_evidence\raw\run_20260926T115108Z\rank_04\broad_all_fields\efetch_request.json,6c514a3f24ff516c1675f0fa26c70179cb7de6b4764bb11b31524a8829234350,data\formal_analysis\genecards_multisource_pairs_20_strict\pubmed_all_pair_evidence\raw\run_20260926T115108Z\rank_04\broad_all_fields\efetch_response.xml,5be4a0db0b7243761d8a5e32f8e8fc53388276cacdedef8152e7615c958ed5fa
run_20260926T115108Z,2026-09-26T11:51:08.948468+00:00,5,蒲公英,金银花,蒲公英＋金银花,strict_title_abstract,Title/Abstract,"(""Pu Gong Ying""[Title/Abstract] OR ""Dandelion""[Title/Abstract] OR ""Herba Taraxaci""[Title/Abstract] OR ""Taraxaci Herba""[Title/Abstract] OR ""Taraxacum mongolicum""[Title/Abstract] OR ""Taraxacum sinicum""[Title/Abstract]) AND (""Jinyinhua""[Title/Abstract] OR ""Lonicerae Japonicae Flos""[Title/Abstract] OR ""Lonicera japonica""[Title/Abstract]) AND (""Colitis, Ulcerative""[MeSH Terms] OR ""ulcerative colitis""[Title/Abstract] OR ""colitis""[Title/Abstract] OR ""intestinal barrier""[Title/Abstract] OR ""gut barrier""[Title/Abstract] OR ""intestinal mucosa""[Title/Abstract] OR ""intestinal mucosal barrier""[Title/Abstract] OR ""mucosal barrier""[Title/Abstract])","(""Pu Gong Ying""[Title/Abstract] OR ""Dandelion""[Title/Abstract] OR ""Herba Taraxaci""[Title/Abstract] OR ""Taraxaci Herba""[Title/Abstract] OR ""Taraxacum mongolicum""[Title/Abstract] OR ""Taraxacum sinicum""[Title/Abstract]) AND (""Jinyinhua""[Title/Abstract] OR ""Lonicerae Japonicae Flos""[Title/Abstract] OR ""Lonicera japonica""[Title/Abstract]) AND (""colitis, ulcerative""[MeSH Terms] OR ""ulcerative colitis""[Title/Abstract] OR ""colitis""[Title/Abstract] OR ""intestinal barrier""[Title/Abstract] OR ""gut barrier""[Title/Abstract] OR ""intestinal mucosa""[Title/Abstract] OR ""intestinal mucosal barrier""[Title/Abstract] OR ""mucosal barrier""[Title/Abstract])",0,0,True,,data\formal_analysis\genecards_multisource_pairs_20_strict\pubmed_all_pair_evidence\raw\run_20260926T115108Z\rank_05\strict_title_abstract\esearch_request.json,c0d83d5c39dc58402cf0103d7929a93e363fa981d12119abea3fa66bb6e6132d,data\formal_analysis\genecards_multisource_pairs_20_strict\pubmed_all_pair_evidence\raw\run_20260926T115108Z\rank_05\strict_title_abstract\esearch_response.json,1ade5e7e15e1cd5aef4387db09819d157e4e86af3af4daf7465f78588d396589,data\formal_analysis\genecards_multisource_pairs_20_strict\pubmed_all_pair_evidence\raw\run_20260926T115108Z\rank_05\strict_title_abstract\parsed_articles.json,4f53cda18c2baa0c0354bb5f9a3ecbe5ed12ab4d8e11ba873c2f11161202b945,,,,
run_20260926T115108Z,2026-09-26T11:51:08.948468+00:00,5,蒲公英,金银花,蒲公英＋金银花,broad_all_fields,All Fields,"(""Pu Gong Ying""[All Fields] OR ""Dandelion""[All Fields] OR ""Herba Taraxaci""[All Fields] OR ""Taraxaci Herba""[All Fields] OR ""Taraxacum mongolicum""[All Fields] OR ""Taraxacum sinicum""[All Fields]) AND (""Jinyinhua""[All Fields] OR ""Lonicerae Japonicae Flos""[All Fields] OR ""Lonicera japonica""[All Fields]) AND (""Colitis, Ulcerative""[MeSH Terms] OR ""ulcerative colitis""[All Fields] OR ""colitis""[All Fields] OR ""intestinal barrier""[All Fields] OR ""gut barrier""[All Fields] OR ""intestinal mucosa""[All Fields] OR ""intestinal mucosal barrier""[All Fields] OR ""mucosal barrier""[All Fields])","(""Pu Gong Ying""[All Fields] OR ""Dandelion""[All Fields] OR ""Herba Taraxaci""[All Fields] OR ""Taraxaci Herba""[All Fields] OR ""Taraxacum mongolicum""[All Fields] OR ""Taraxacum sinicum""[All Fields]) AND (""Jinyinhua""[All Fields] OR ""Lonicerae Japonicae Flos""[All Fields] OR ""Lonicera japonica""[All Fields]) AND (""colitis, ulcerative""[MeSH Terms] OR ""ulcerative colitis""[All Fields] OR ""colitis""[All Fields] OR ""intestinal barrier""[All Fields] OR ""gut barrier""[All Fields] OR ""intestinal mucosa""[All Fields] OR ""intestinal mucosal barrier""[All Fields] OR ""mucosal barrier""[All Fields])",0,0,True,,data\formal_analysis\genecards_multisource_pairs_20_strict\pubmed_all_pair_evidence\raw\run_20260926T115108Z\rank_05\broad_all_fields\esearch_request.json,0b76d02f7e6def24f04dec00d73953d76574131ba7fa59e4e2ffba6a3df3367f,data\formal_analysis\genecards_multisource_pairs_20_strict\pubmed_all_pair_evidence\raw\run_20260926T115108Z\rank_05\broad_all_fields\esearch_response.json,21aaf49e1337c34dbff609987c2ed04dc6cc6b96cd81c24f781d867c40a8c918,data\formal_analysis\genecards_multisource_pairs_20_strict\pubmed_all_pair_evidence\raw\run_20260926T115108Z\rank_05\broad_all_fields\parsed_articles.json,4f53cda18c2baa0c0354bb5f9a3ecbe5ed12ab4d8e11ba873c2f11161202b945,,,,
run_20260926T115108Z,2026-09-26T11:51:08.948468+00:00,6,马齿苋,蒲公英,马齿苋＋蒲公英,strict_title_abstract,Title/Abstract,"(""Machixian""[Title/Abstract] OR ""Portulacae Herba""[Title/Abstract] OR ""Portulaca oleracea""[Title/Abstract]) AND (""Pu Gong Ying""[Title/Abstract] OR ""Dandelion""[Title/Abstract] OR ""Herba Taraxaci""[Title/Abstract] OR ""Taraxaci Herba""[Title/Abstract] OR ""Taraxacum mongolicum""[Title/Abstract] OR ""Taraxacum sinicum""[Title/Abstract]) AND (""Colitis, Ulcerative""[MeSH Terms] OR ""ulcerative colitis""[Title/Abstract] OR ""colitis""[Title/Abstract] OR ""intestinal barrier""[Title/Abstract] OR ""gut barrier""[Title/Abstract] OR ""intestinal mucosa""[Title/Abstract] OR ""intestinal mucosal barrier""[Title/Abstract] OR ""mucosal barrier""[Title/Abstract])","(""Machixian""[Title/Abstract] OR ""Portulacae Herba""[Title/Abstract] OR ""Portulaca oleracea""[Title/Abstract]) AND (""Pu Gong Ying""[Title/Abstract] OR ""Dandelion""[Title/Abstract] OR ""Herba Taraxaci""[Title/Abstract] OR ""Taraxaci Herba""[Title/Abstract] OR ""Taraxacum mongolicum""[Title/Abstract] OR ""Taraxacum sinicum""[Title/Abstract]) AND (""colitis, ulcerative""[MeSH Terms] OR ""ulcerative colitis""[Title/Abstract] OR ""colitis""[Title/Abstract] OR ""intestinal barrier""[Title/Abstract] OR ""gut barrier""[Title/Abstract] OR ""intestinal mucosa""[Title/Abstract] OR ""intestinal mucosal barrier""[Title/Abstract] OR ""mucosal barrier""[Title/Abstract])",0,0,True,,data\formal_analysis\genecards_multisource_pairs_20_strict\pubmed_all_pair_evidence\raw\run_20260926T115108Z\rank_06\strict_title_abstract\esearch_request.json,b0654291ec402413f1f763b929bed210434758249f7b4f1fe827cd83a0d34b06,data\formal_analysis\genecards_multisource_pairs_20_strict\pubmed_all_pair_evidence\raw\run_20260926T115108Z\rank_06\strict_title_abstract\esearch_response.json,a9a57c196de591e4fcd57149fd5a9a67ba8cc8fc12e68a6d739f9e0837386e8b,data\formal_analysis\genecards_multisource_pairs_20_strict\pubmed_all_pair_evidence\raw\run_20260926T115108Z\rank_06\strict_title_abstract\parsed_articles.json,4f53cda18c2baa0c0354bb5f9a3ecbe5ed12ab4d8e11ba873c2f11161202b945,,,,
run_20260926T115108Z,2026-09-26T11:51:08.948468+00:00,6,马齿苋,蒲公英,马齿苋＋蒲公英,broad_all_fields,All Fields,"(""Machixian""[All Fields] OR ""Portulacae Herba""[All Fields] OR ""Portulaca oleracea""[All Fields]) AND (""Pu Gong Ying""[All Fields] OR ""Dandelion""[All Fields] OR ""Herba Taraxaci""[All Fields] OR ""Taraxaci Herba""[All Fields] OR ""Taraxacum mongolicum""[All Fields] OR ""Taraxacum sinicum""[All Fields]) AND (""Colitis, Ulcerative""[MeSH Terms] OR ""ulcerative colitis""[All Fields] OR ""colitis""[All Fields] OR ""intestinal barrier""[All Fields] OR ""gut barrier""[All Fields] OR ""intestinal mucosa""[All Fields] OR ""intestinal mucosal barrier""[All Fields] OR ""mucosal barrier""[All Fields])","(""Machixian""[All Fields] OR ""Portulacae Herba""[All Fields] OR ""Portulaca oleracea""[All Fields]) AND (""Pu Gong Ying""[All Fields] OR ""Dandelion""[All Fields] OR ""Herba Taraxaci""[All Fields] OR ""Taraxaci Herba""[All Fields] OR ""Taraxacum mongolicum""[All Fields] OR ""Taraxacum sinicum""[All Fields]) AND (""colitis, ulcerative""[MeSH Terms] OR ""ulcerative colitis""[All Fields] OR ""colitis""[All Fields] OR ""intestinal barrier""[All Fields] OR ""gut barrier""[All Fields] OR ""intestinal mucosa""[All Fields] OR ""intestinal mucosal barrier""[All Fields] OR ""mucosal barrier""[All Fields])",0,0,True,,data\formal_analysis\genecards_multisource_pairs_20_strict\pubmed_all_pair_evidence\raw\run_20260926T115108Z\rank_06\broad_all_fields\esearch_request.json,d2f8592b97df00e9b147ca2f94f109c7267634c99334c4cc16f9c6d1902e0ffb,data\formal_analysis\genecards_multisource_pairs_20_strict\pubmed_all_pair_evidence\raw\run_20260926T115108Z\rank_06\broad_all_fields\esearch_response.json,d51b481fefd0ed3c8e61ea28d76a6f0d827144068dc00ab1267fc740d2db00b8,data\formal_analysis\genecards_multisource_pairs_20_strict\pubmed_all_pair_evidence\raw\run_20260926T115108Z\rank_06\broad_all_fields\parsed_articles.json,4f53cda18c2baa0c0354bb5f9a3ecbe5ed12ab4d8e11ba873c2f11161202b945,,,,
run_20260926T115108Z,2026-09-26T11:51:08.948468+00:00,7,蒲公英,甘草,蒲公英＋甘草,strict_title_abstract,Title/Abstract,"(""Pu Gong Ying""[Title/Abstract] OR ""Dandelion""[Title/Abstract] OR ""Herba Taraxaci""[Title/Abstract] OR ""Taraxaci Herba""[Title/Abstract] OR ""Taraxacum mongolicum""[Title/Abstract] OR ""Taraxacum sinicum""[Title/Abstract]) AND (""Gancao""[Title/Abstract] OR ""licorice""[Title/Abstract] OR ""Glycyrrhiza uralensis""[Title/Abstract] OR ""Glycyrrhiza inflata""[Title/Abstract] OR ""Glycyrrhiza glabra""[Title/Abstract]) AND (""Colitis, Ulcerative""[MeSH Terms] OR ""ulcerative colitis""[Title/Abstract] OR ""colitis""[Title/Abstract] OR ""intestinal barrier""[Title/Abstract] OR ""gut barrier""[Title/Abstract] OR ""intestinal mucosa""[Title/Abstract] OR ""intestinal mucosal barrier""[Title/Abstract] OR ""mucosal barrier""[Title/Abstract])","(""Pu Gong Ying""[Title/Abstract] OR ""Dandelion""[Title/Abstract] OR ""Herba Taraxaci""[Title/Abstract] OR ""Taraxaci Herba""[Title/Abstract] OR ""Taraxacum mongolicum""[Title/Abstract] OR ""Taraxacum sinicum""[Title/Abstract]) AND (""Gancao""[Title/Abstract] OR ""licorice""[Title/Abstract] OR ""Glycyrrhiza uralensis""[Title/Abstract] OR ""Glycyrrhiza inflata""[Title/Abstract] OR ""Glycyrrhiza glabra""[Title/Abstract]) AND (""colitis, ulcerative""[MeSH Terms] OR ""ulcerative colitis""[Title/Abstract] OR ""colitis""[Title/Abstract] OR ""intestinal barrier""[Title/Abstract] OR ""gut barrier""[Title/Abstract] OR ""intestinal mucosa""[Title/Abstract] OR ""intestinal mucosal barrier""[Title/Abstract] OR ""mucosal barrier""[Title/Abstract])",1,1,True,41693711,data\formal_analysis\genecards_multisource_pairs_20_strict\pubmed_all_pair_evidence\raw\run_20260926T115108Z\rank_07\strict_title_abstract\esearch_request.json,0fd34eea5736a1abfe2e79a15f04eea778cecc8ab3ef5f7a979a2103e4735ca3,data\formal_analysis\genecards_multisource_pairs_20_strict\pubmed_all_pair_evidence\raw\run_20260926T115108Z\rank_07\strict_title_abstract\esearch_response.json,918539f80131cdb11984f54ca0e2ae9ed627604da8eb9a8d4e5ffa0bd018eb63,data\formal_analysis\genecards_multisource_pairs_20_strict\pubmed_all_pair_evidence\raw\run_20260926T115108Z\rank_07\strict_title_abstract\parsed_articles.json,e56c0cb90c869b79624c7a9b1b6aa740c055209b504bbaa5aae85ba2e76dbaa2,data\formal_analysis\genecards_multisource_pairs_20_strict\pubmed_all_pair_evidence\raw\run_20260926T115108Z\rank_07\strict_title_abstract\efetch_request.json,58a880b8be0e473fdf96941fe14693eb6a37f6891efb4043ebab96eabcbf8918,data\formal_analysis\genecards_multisource_pairs_20_strict\pubmed_all_pair_evidence\raw\run_20260926T115108Z\rank_07\strict_title_abstract\efetch_response.xml,7a117f8edf7b31ebb1dd8e2b66e3019c4a81f88eedf36485bc716f9e85638f3d
run_20260926T115108Z,2026-09-26T11:51:08.948468+00:00,7,蒲公英,甘草,蒲公英＋甘草,broad_all_fields,All Fields,"(""Pu Gong Ying""[All Fields] OR ""Dandelion""[All Fields] OR ""Herba Taraxaci""[All Fields] OR ""Taraxaci Herba""[All Fields] OR ""Taraxacum mongolicum""[All Fields] OR ""Taraxacum sinicum""[All Fields]) AND (""Gancao""[All Fields] OR ""licorice""[All Fields] OR ""Glycyrrhiza uralensis""[All Fields] OR ""Glycyrrhiza inflata""[All Fields] OR ""Glycyrrhiza glabra""[All Fields]) AND (""Colitis, Ulcerative""[MeSH Terms] OR ""ulcerative colitis""[All Fields] OR ""colitis""[All Fields] OR ""intestinal barrier""[All Fields] OR ""gut barrier""[All Fields] OR ""intestinal mucosa""[All Fields] OR ""intestinal mucosal barrier""[All Fields] OR ""mucosal barrier""[All Fields])","(""Pu Gong Ying""[All Fields] OR ""Dandelion""[All Fields] OR ""Herba Taraxaci""[All Fields] OR ""Taraxaci Herba""[All Fields] OR ""Taraxacum mongolicum""[All Fields] OR ""Taraxacum sinicum""[All Fields]) AND (""Gancao""[All Fields] OR ""licorice""[All Fields] OR ""Glycyrrhiza uralensis""[All Fields] OR ""Glycyrrhiza inflata""[All Fields] OR ""Glycyrrhiza glabra""[All Fields]) AND (""colitis, ulcerative""[MeSH Terms] OR ""ulcerative colitis""[All Fields] OR ""colitis""[All Fields] OR ""intestinal barrier""[All Fields] OR ""gut barrier""[All Fields] OR ""intestinal mucosa""[All Fields] OR ""intestinal mucosal barrier""[All Fields] OR ""mucosal barrier""[All Fields])",1,1,True,41693711,data\formal_analysis\genecards_multisource_pairs_20_strict\pubmed_all_pair_evidence\raw\run_20260926T115108Z\rank_07\broad_all_fields\esearch_request.json,fa9dc5dc441c052f58f062e37a45c22516a8a320e353d6e269cf201360a8b425,data\formal_analysis\genecards_multisource_pairs_20_strict\pubmed_all_pair_evidence\raw\run_20260926T115108Z\rank_07\broad_all_fields\esearch_response.json,d8e1a99df7a0d5c406dcc7c19d6dc505249634e9afde6831c61e14cd6fa236bd,data\formal_analysis\genecards_multisource_pairs_20_strict\pubmed_all_pair_evidence\raw\run_20260926T115108Z\rank_07\broad_all_fields\parsed_articles.json,e56c0cb90c869b79624c7a9b1b6aa740c055209b504bbaa5aae85ba2e76dbaa2,data\formal_analysis\genecards_multisource_pairs_20_strict\pubmed_all_pair_evidence\raw\run_20260926T115108Z\rank_07\broad_all_fields\efetch_request.json,fe7ee04c1fcfabb1bcc221f08bd103366d1751cee3e5c1a241771a47b0e547bc,data\formal_analysis\genecards_multisource_pairs_20_strict\pubmed_all_pair_evidence\raw\run_20260926T115108Z\rank_07\broad_all_fields\efetch_response.xml,7a117f8edf7b31ebb1dd8e2b66e3019c4a81f88eedf36485bc716f9e85638f3d
run_20260926T115108Z,2026-09-26T11:51:08.948468+00:00,8,莲子,陈皮,莲子＋陈皮,strict_title_abstract,Title/Abstract,"(""LianZi""[Title/Abstract] OR ""Nelumbo nucifera Gaertn.""[Title/Abstract] OR ""Nelumbo nucifera""[Title/Abstract]) AND (""Chenpi""[Title/Abstract] OR ""Citrus Reticulata""[Title/Abstract]) AND (""Colitis, Ulcerative""[MeSH Terms] OR ""ulcerative colitis""[Title/Abstract] OR ""colitis""[Title/Abstract] OR ""intestinal barrier""[Title/Abstract] OR ""gut barrier""[Title/Abstract] OR ""intestinal mucosa""[Title/Abstract] OR ""intestinal mucosal barrier""[Title/Abstract] OR ""mucosal barrier""[Title/Abstract])","(""LianZi""[Title/Abstract] OR ""nelumbo nucifera gaertn""[Title/Abstract] OR ""Nelumbo nucifera""[Title/Abstract]) AND (""Chenpi""[Title/Abstract] OR ""Citrus Reticulata""[Title/Abstract]) AND (""colitis, ulcerative""[MeSH Terms] OR ""ulcerative colitis""[Title/Abstract] OR ""colitis""[Title/Abstract] OR ""intestinal barrier""[Title/Abstract] OR ""gut barrier""[Title/Abstract] OR ""intestinal mucosa""[Title/Abstract] OR ""intestinal mucosal barrier""[Title/Abstract] OR ""mucosal barrier""[Title/Abstract])",0,0,True,,data\formal_analysis\genecards_multisource_pairs_20_strict\pubmed_all_pair_evidence\raw\run_20260926T115108Z\rank_08\strict_title_abstract\esearch_request.json,b034a511960a7d3618f26c543dca811000911171608c27dc98b2e4e76b6b5970,data\formal_analysis\genecards_multisource_pairs_20_strict\pubmed_all_pair_evidence\raw\run_20260926T115108Z\rank_08\strict_title_abstract\esearch_response.json,e5bcab3560e5b00ec1477f3b19ba31e62c6329ac1c5d48cf1003d47a6303a881,data\formal_analysis\genecards_multisource_pairs_20_strict\pubmed_all_pair_evidence\raw\run_20260926T115108Z\rank_08\strict_title_abstract\parsed_articles.json,4f53cda18c2baa0c0354bb5f9a3ecbe5ed12ab4d8e11ba873c2f11161202b945,,,,
run_20260926T115108Z,2026-09-26T11:51:08.948468+00:00,8,莲子,陈皮,莲子＋陈皮,broad_all_fields,All Fields,"(""LianZi""[All Fields] OR ""Nelumbo nucifera Gaertn.""[All Fields] OR ""Nelumbo nucifera""[All Fields]) AND (""Chenpi""[All Fields] OR ""Citrus Reticulata""[All Fields]) AND (""Colitis, Ulcerative""[MeSH Terms] OR ""ulcerative colitis""[All Fields] OR ""colitis""[All Fields] OR ""intestinal barrier""[All Fields] OR ""gut barrier""[All Fields] OR ""intestinal mucosa""[All Fields] OR ""intestinal mucosal barrier""[All Fields] OR ""mucosal barrier""[All Fields])","(""LianZi""[All Fields] OR ""nelumbo nucifera gaertn""[All Fields] OR ""Nelumbo nucifera""[All Fields]) AND (""Chenpi""[All Fields] OR ""Citrus Reticulata""[All Fields]) AND (""colitis, ulcerative""[MeSH Terms] OR ""ulcerative colitis""[All Fields] OR ""colitis""[All Fields] OR ""intestinal barrier""[All Fields] OR ""gut barrier""[All Fields] OR ""intestinal mucosa""[All Fields] OR ""intestinal mucosal barrier""[All Fields] OR ""mucosal barrier""[All Fields])",0,0,True,,data\formal_analysis\genecards_multisource_pairs_20_strict\pubmed_all_pair_evidence\raw\run_20260926T115108Z\rank_08\broad_all_fields\esearch_request.json,2bb6337d903378d0711857a018a1eeecc8a1eee26b70292d0b4e0d57783fd7d6,data\formal_analysis\genecards_multisource_pairs_20_strict\pubmed_all_pair_evidence\raw\run_20260926T115108Z\rank_08\broad_all_fields\esearch_response.json,009fc7c29f0f0cd175009458316844d1de43adef9f1e00d541e974e854e28fff,data\formal_analysis\genecards_multisource_pairs_20_strict\pubmed_all_pair_evidence\raw\run_20260926T115108Z\rank_08\broad_all_fields\parsed_articles.json,4f53cda18c2baa0c0354bb5f9a3ecbe5ed12ab4d8e11ba873c2f11161202b945,,,,
run_20260926T115108Z,2026-09-26T11:51:08.948468+00:00,9,蒲公英,莲子,蒲公英＋莲子,strict_title_abstract,Title/Abstract,"(""Pu Gong Ying""[Title/Abstract] OR ""Dandelion""[Title/Abstract] OR ""Herba Taraxaci""[Title/Abstract] OR ""Taraxaci Herba""[Title/Abstract] OR ""Taraxacum mongolicum""[Title/Abstract] OR ""Taraxacum sinicum""[Title/Abstract]) AND (""LianZi""[Title/Abstract] OR ""Nelumbo nucifera Gaertn.""[Title/Abstract] OR ""Nelumbo nucifera""[Title/Abstract]) AND (""Colitis, Ulcerative""[MeSH Terms] OR ""ulcerative colitis""[Title/Abstract] OR ""colitis""[Title/Abstract] OR ""intestinal barrier""[Title/Abstract] OR ""gut barrier""[Title/Abstract] OR ""intestinal mucosa""[Title/Abstract] OR ""intestinal mucosal barrier""[Title/Abstract] OR ""mucosal barrier""[Title/Abstract])","(""Pu Gong Ying""[Title/Abstract] OR ""Dandelion""[Title/Abstract] OR ""Herba Taraxaci""[Title/Abstract] OR ""Taraxaci Herba""[Title/Abstract] OR ""Taraxacum mongolicum""[Title/Abstract] OR ""Taraxacum sinicum""[Title/Abstract]) AND (""LianZi""[Title/Abstract] OR ""nelumbo nucifera gaertn""[Title/Abstract] OR ""Nelumbo nucifera""[Title/Abstract]) AND (""colitis, ulcerative""[MeSH Terms] OR ""ulcerative colitis""[Title/Abstract] OR ""colitis""[Title/Abstract] OR ""intestinal barrier""[Title/Abstract] OR ""gut barrier""[Title/Abstract] OR ""intestinal mucosa""[Title/Abstract] OR ""intestinal mucosal barrier""[Title/Abstract] OR ""mucosal barrier""[Title/Abstract])",0,0,True,,data\formal_analysis\genecards_multisource_pairs_20_strict\pubmed_all_pair_evidence\raw\run_20260926T115108Z\rank_09\strict_title_abstract\esearch_request.json,a291fc2a288b097dae4a0b8bb065b94ae635c07e99e6a5f74b4abb00566246b1,data\formal_analysis\genecards_multisource_pairs_20_strict\pubmed_all_pair_evidence\raw\run_20260926T115108Z\rank_09\strict_title_abstract\esearch_response.json,59d347558a681ba9e0878294be722a7036171a60d1c184835e3ceae967b57839,data\formal_analysis\genecards_multisource_pairs_20_strict\pubmed_all_pair_evidence\raw\run_20260926T115108Z\rank_09\strict_title_abstract\parsed_articles.json,4f53cda18c2baa0c0354bb5f9a3ecbe5ed12ab4d8e11ba873c2f11161202b945,,,,
run_20260926T115108Z,2026-09-26T11:51:08.948468+00:00,9,蒲公英,莲子,蒲公英＋莲子,broad_all_fields,All Fields,"(""Pu Gong Ying""[All Fields] OR ""Dandelion""[All Fields] OR ""Herba Taraxaci""[All Fields] OR ""Taraxaci Herba""[All Fields] OR ""Taraxacum mongolicum""[All Fields] OR ""Taraxacum sinicum""[All Fields]) AND (""LianZi""[All Fields] OR ""Nelumbo nucifera Gaertn.""[All Fields] OR ""Nelumbo nucifera""[All Fields]) AND (""Colitis, Ulcerative""[MeSH Terms] OR ""ulcerative colitis""[All Fields] OR ""colitis""[All Fields] OR ""intestinal barrier""[All Fields] OR ""gut barrier""[All Fields] OR ""intestinal mucosa""[All Fields] OR ""intestinal mucosal barrier""[All Fields] OR ""mucosal barrier""[All Fields])","(""Pu Gong Ying""[All Fields] OR ""Dandelion""[All Fields] OR ""Herba Taraxaci""[All Fields] OR ""Taraxaci Herba""[All Fields] OR ""Taraxacum mongolicum""[All Fields] OR ""Taraxacum sinicum""[All Fields]) AND (""LianZi""[All Fields] OR ""nelumbo nucifera gaertn""[All Fields] OR ""Nelumbo nucifera""[All Fields]) AND (""colitis, ulcerative""[MeSH Terms] OR ""ulcerative colitis""[All Fields] OR ""colitis""[All Fields] OR ""intestinal barrier""[All Fields] OR ""gut barrier""[All Fields] OR ""intestinal mucosa""[All Fields] OR ""intestinal mucosal barrier""[All Fields] OR ""mucosal barrier""[All Fields])",0,0,True,,data\formal_analysis\genecards_multisource_pairs_20_strict\pubmed_all_pair_evidence\raw\run_20260926T115108Z\rank_09\broad_all_fields\esearch_request.json,7819820b76d47d906b78cd1a18bbeea421548307a0548fd704d5b5ab74aa9669,data\formal_analysis\genecards_multisource_pairs_20_strict\pubmed_all_pair_evidence\raw\run_20260926T115108Z\rank_09\broad_all_fields\esearch_response.json,b300c323f3924ebc6cdaff26195f147e57838ee55856057c86e70b32f0796187,data\formal_analysis\genecards_multisource_pairs_20_strict\pubmed_all_pair_evidence\raw\run_20260926T115108Z\rank_09\broad_all_fields\parsed_articles.json,4f53cda18c2baa0c0354bb5f9a3ecbe5ed12ab4d8e11ba873c2f11161202b945,,,,
run_20260926T115108Z,2026-09-26T11:51:08.948468+00:00,10,金银花,槐米,金银花＋槐米,strict_title_abstract,Title/Abstract,"(""Jinyinhua""[Title/Abstract] OR ""Lonicerae Japonicae Flos""[Title/Abstract] OR ""Lonicera japonica""[Title/Abstract]) AND (""Sophora japonica""[Title/Abstract]) AND (""Colitis, Ulcerative""[MeSH Terms] OR ""ulcerative colitis""[Title/Abstract] OR ""colitis""[Title/Abstract] OR ""intestinal barrier""[Title/Abstract] OR ""gut barrier""[Title/Abstract] OR ""intestinal mucosa""[Title/Abstract] OR ""intestinal mucosal barrier""[Title/Abstract] OR ""mucosal barrier""[Title/Abstract])","(""Jinyinhua""[Title/Abstract] OR ""Lonicerae Japonicae Flos""[Title/Abstract] OR ""Lonicera japonica""[Title/Abstract]) AND ""Sophora japonica""[Title/Abstract] AND (""colitis, ulcerative""[MeSH Terms] OR ""ulcerative colitis""[Title/Abstract] OR ""colitis""[Title/Abstract] OR ""intestinal barrier""[Title/Abstract] OR ""gut barrier""[Title/Abstract] OR ""intestinal mucosa""[Title/Abstract] OR ""intestinal mucosal barrier""[Title/Abstract] OR ""mucosal barrier""[Title/Abstract])",0,0,True,,data\formal_analysis\genecards_multisource_pairs_20_strict\pubmed_all_pair_evidence\raw\run_20260926T115108Z\rank_10\strict_title_abstract\esearch_request.json,fa0af7a187d36053c3be6383457208a1823cd52305ce8431f50677c069b1acd1,data\formal_analysis\genecards_multisource_pairs_20_strict\pubmed_all_pair_evidence\raw\run_20260926T115108Z\rank_10\strict_title_abstract\esearch_response.json,460ed746c523cdeec5aa72d42ef1b93852aedef0d07dba50b45bf9182dfd6708,data\formal_analysis\genecards_multisource_pairs_20_strict\pubmed_all_pair_evidence\raw\run_20260926T115108Z\rank_10\strict_title_abstract\parsed_articles.json,4f53cda18c2baa0c0354bb5f9a3ecbe5ed12ab4d8e11ba873c2f11161202b945,,,,
run_20260926T115108Z,2026-09-26T11:51:08.948468+00:00,10,金银花,槐米,金银花＋槐米,broad_all_fields,All Fields,"(""Jinyinhua""[All Fields] OR ""Lonicerae Japonicae Flos""[All Fields] OR ""Lonicera japonica""[All Fields]) AND (""Sophora japonica""[All Fields]) AND (""Colitis, Ulcerative""[MeSH Terms] OR ""ulcerative colitis""[All Fields] OR ""colitis""[All Fields] OR ""intestinal barrier""[All Fields] OR ""gut barrier""[All Fields] OR ""intestinal mucosa""[All Fields] OR ""intestinal mucosal barrier""[All Fields] OR ""mucosal barrier""[All Fields])","(""Jinyinhua""[All Fields] OR ""Lonicerae Japonicae Flos""[All Fields] OR ""Lonicera japonica""[All Fields]) AND ""Sophora japonica""[All Fields] AND (""colitis, ulcerative""[MeSH Terms] OR ""ulcerative colitis""[All Fields] OR ""colitis""[All Fields] OR ""intestinal barrier""[All Fields] OR ""gut barrier""[All Fields] OR ""intestinal mucosa""[All Fields] OR ""intestinal mucosal barrier""[All Fields] OR ""mucosal barrier""[All Fields])",0,0,True,,data\formal_analysis\genecards_multisource_pairs_20_strict\pubmed_all_pair_evidence\raw\run_20260926T115108Z\rank_10\broad_all_fields\esearch_request.json,e7980ce206b3d4b551a243144ff9febe4db552a77f922fc67a014d0b025c3252,data\formal_analysis\genecards_multisource_pairs_20_strict\pubmed_all_pair_evidence\raw\run_20260926T115108Z\rank_10\broad_all_fields\esearch_response.json,9897a38d92b3eae5ee4cb4b53508547925254714e37bdd0b39d586a05bffd9cc,data\formal_analysis\genecards_multisource_pairs_20_strict\pubmed_all_pair_evidence\raw\run_20260926T115108Z\rank_10\broad_all_fields\parsed_articles.json,4f53cda18c2baa0c0354bb5f9a3ecbe5ed12ab4d8e11ba873c2f11161202b945,,,,
run_20260926T115108Z,2026-09-26T11:51:08.948468+00:00,11,马齿苋,槐米,马齿苋＋槐米,strict_title_abstract,Title/Abstract,"(""Machixian""[Title/Abstract] OR ""Portulacae Herba""[Title/Abstract] OR ""Portulaca oleracea""[Title/Abstract]) AND (""Sophora japonica""[Title/Abstract]) AND (""Colitis, Ulcerative""[MeSH Terms] OR ""ulcerative colitis""[Title/Abstract] OR ""colitis""[Title/Abstract] OR ""intestinal barrier""[Title/Abstract] OR ""gut barrier""[Title/Abstract] OR ""intestinal mucosa""[Title/Abstract] OR ""intestinal mucosal barrier""[Title/Abstract] OR ""mucosal barrier""[Title/Abstract])","(""Machixian""[Title/Abstract] OR ""Portulacae Herba""[Title/Abstract] OR ""Portulaca oleracea""[Title/Abstract]) AND ""Sophora japonica""[Title/Abstract] AND (""colitis, ulcerative""[MeSH Terms] OR ""ulcerative colitis""[Title/Abstract] OR ""colitis""[Title/Abstract] OR ""intestinal barrier""[Title/Abstract] OR ""gut barrier""[Title/Abstract] OR ""intestinal mucosa""[Title/Abstract] OR ""intestinal mucosal barrier""[Title/Abstract] OR ""mucosal barrier""[Title/Abstract])",0,0,True,,data\formal_analysis\genecards_multisource_pairs_20_strict\pubmed_all_pair_evidence\raw\run_20260926T115108Z\rank_11\strict_title_abstract\esearch_request.json,1c87d8c871ee549fbed6b4b4e5f8f69e7f8fdb101ca576bafbad5e13f829c54c,data\formal_analysis\genecards_multisource_pairs_20_strict\pubmed_all_pair_evidence\raw\run_20260926T115108Z\rank_11\strict_title_abstract\esearch_response.json,bbdb6dc1397f61112487e247f9e7bec9ab5f89181dc321ae4dc7b92f947893ff,data\formal_analysis\genecards_multisource_pairs_20_strict\pubmed_all_pair_evidence\raw\run_20260926T115108Z\rank_11\strict_title_abstract\parsed_articles.json,4f53cda18c2baa0c0354bb5f9a3ecbe5ed12ab4d8e11ba873c2f11161202b945,,,,
run_20260926T115108Z,2026-09-26T11:51:08.948468+00:00,11,马齿苋,槐米,马齿苋＋槐米,broad_all_fields,All Fields,"(""Machixian""[All Fields] OR ""Portulacae Herba""[All Fields] OR ""Portulaca oleracea""[All Fields]) AND (""Sophora japonica""[All Fields]) AND (""Colitis, Ulcerative""[MeSH Terms] OR ""ulcerative colitis""[All Fields] OR ""colitis""[All Fields] OR ""intestinal barrier""[All Fields] OR ""gut barrier""[All Fields] OR ""intestinal mucosa""[All Fields] OR ""intestinal mucosal barrier""[All Fields] OR ""mucosal barrier""[All Fields])","(""Machixian""[All Fields] OR ""Portulacae Herba""[All Fields] OR ""Portulaca oleracea""[All Fields]) AND ""Sophora japonica""[All Fields] AND (""colitis, ulcerative""[MeSH Terms] OR ""ulcerative colitis""[All Fields] OR ""colitis""[All Fields] OR ""intestinal barrier""[All Fields] OR ""gut barrier""[All Fields] OR ""intestinal mucosa""[All Fields] OR ""intestinal mucosal barrier""[All Fields] OR ""mucosal barrier""[All Fields])",0,0,True,,data\formal_analysis\genecards_multisource_pairs_20_strict\pubmed_all_pair_evidence\raw\run_20260926T115108Z\rank_11\broad_all_fields\esearch_request.json,1d1599f28bf285078d9fa18763898f83619257c79bcdd521423e111347ceb32d,data\formal_analysis\genecards_multisource_pairs_20_strict\pubmed_all_pair_evidence\raw\run_20260926T115108Z\rank_11\broad_all_fields\esearch_response.json,7e34402748050d89b2710947d4f68617bd3e2fd694053642384510af28fcc792,data\formal_analysis\genecards_multisource_pairs_20_strict\pubmed_all_pair_evidence\raw\run_20260926T115108Z\rank_11\broad_all_fields\parsed_articles.json,4f53cda18c2baa0c0354bb5f9a3ecbe5ed12ab4d8e11ba873c2f11161202b945,,,,
run_20260926T115108Z,2026-09-26T11:51:08.948468+00:00,12,藿香,乌梅,藿香＋乌梅,strict_title_abstract,Title/Abstract,"(""HuoXiang""[Title/Abstract] OR ""Pogostemon cablin(Blanco)Benth.""[Title/Abstract] OR ""Pogostemon cablin""[Title/Abstract]) AND (""Wumei""[Title/Abstract] OR ""Mume Fructus""[Title/Abstract] OR ""Prunus mume""[Title/Abstract]) AND (""Colitis, Ulcerative""[MeSH Terms] OR ""ulcerative colitis""[Title/Abstract] OR ""colitis""[Title/Abstract] OR ""intestinal barrier""[Title/Abstract] OR ""gut barrier""[Title/Abstract] OR ""intestinal mucosa""[Title/Abstract] OR ""intestinal mucosal barrier""[Title/Abstract] OR ""mucosal barrier""[Title/Abstract])","(""HuoXiang""[Title/Abstract] OR ""pogostemon cablin blanco benth""[Title/Abstract] OR ""Pogostemon cablin""[Title/Abstract]) AND (""Wumei""[Title/Abstract] OR ""Mume Fructus""[Title/Abstract] OR ""Prunus mume""[Title/Abstract]) AND (""colitis, ulcerative""[MeSH Terms] OR ""ulcerative colitis""[Title/Abstract] OR ""colitis""[Title/Abstract] OR ""intestinal barrier""[Title/Abstract] OR ""gut barrier""[Title/Abstract] OR ""intestinal mucosa""[Title/Abstract] OR ""intestinal mucosal barrier""[Title/Abstract] OR ""mucosal barrier""[Title/Abstract])",0,0,True,,data\formal_analysis\genecards_multisource_pairs_20_strict\pubmed_all_pair_evidence\raw\run_20260926T115108Z\rank_12\strict_title_abstract\esearch_request.json,3b09ddf0743f8ea20b8281fa0bd69081ef06bed1447d4d8f4688caac52efa2fa,data\formal_analysis\genecards_multisource_pairs_20_strict\pubmed_all_pair_evidence\raw\run_20260926T115108Z\rank_12\strict_title_abstract\esearch_response.json,8282d8c1a05a06e2580a10906a100c10ddcbb1a3d3af5cee97475bb1a9454f78,data\formal_analysis\genecards_multisource_pairs_20_strict\pubmed_all_pair_evidence\raw\run_20260926T115108Z\rank_12\strict_title_abstract\parsed_articles.json,4f53cda18c2baa0c0354bb5f9a3ecbe5ed12ab4d8e11ba873c2f11161202b945,,,,
run_20260926T115108Z,2026-09-26T11:51:08.948468+00:00,12,藿香,乌梅,藿香＋乌梅,broad_all_fields,All Fields,"(""HuoXiang""[All Fields] OR ""Pogostemon cablin(Blanco)Benth.""[All Fields] OR ""Pogostemon cablin""[All Fields]) AND (""Wumei""[All Fields] OR ""Mume Fructus""[All Fields] OR ""Prunus mume""[All Fields]) AND (""Colitis, Ulcerative""[MeSH Terms] OR ""ulcerative colitis""[All Fields] OR ""colitis""[All Fields] OR ""intestinal barrier""[All Fields] OR ""gut barrier""[All Fields] OR ""intestinal mucosa""[All Fields] OR ""intestinal mucosal barrier""[All Fields] OR ""mucosal barrier""[All Fields])","(""HuoXiang""[All Fields] OR ""pogostemon cablin blanco benth""[All Fields] OR ""Pogostemon cablin""[All Fields]) AND (""Wumei""[All Fields] OR ""Mume Fructus""[All Fields] OR ""Prunus mume""[All Fields]) AND (""colitis, ulcerative""[MeSH Terms] OR ""ulcerative colitis""[All Fields] OR ""colitis""[All Fields] OR ""intestinal barrier""[All Fields] OR ""gut barrier""[All Fields] OR ""intestinal mucosa""[All Fields] OR ""intestinal mucosal barrier""[All Fields] OR ""mucosal barrier""[All Fields])",0,0,True,,data\formal_analysis\genecards_multisource_pairs_20_strict\pubmed_all_pair_evidence\raw\run_20260926T115108Z\rank_12\broad_all_fields\esearch_request.json,8468da1399349a907c23c13011a563156cdf9c905caa962e8d4782f38f7401e5,data\formal_analysis\genecards_multisource_pairs_20_strict\pubmed_all_pair_evidence\raw\run_20260926T115108Z\rank_12\broad_all_fields\esearch_response.json,a9f11054d976637c9f0609316bd3a0ebe12fb5eadc09c49cd2ea86a81d06fe38,data\formal_analysis\genecards_multisource_pairs_20_strict\pubmed_all_pair_evidence\raw\run_20260926T115108Z\rank_12\broad_all_fields\parsed_articles.json,4f53cda18c2baa0c0354bb5f9a3ecbe5ed12ab4d8e11ba873c2f11161202b945,,,,
run_20260926T115108Z,2026-09-26T11:51:08.948468+00:00,13,栀子,藿香,栀子＋藿香,strict_title_abstract,Title/Abstract,"(""Zhizi""[Title/Abstract] OR ""Gardeniae Fructus""[Title/Abstract] OR ""Gardenia jasminoides""[Title/Abstract]) AND (""HuoXiang""[Title/Abstract] OR ""Pogostemon cablin(Blanco)Benth.""[Title/Abstract] OR ""Pogostemon cablin""[Title/Abstract]) AND (""Colitis, Ulcerative""[MeSH Terms] OR ""ulcerative colitis""[Title/Abstract] OR ""colitis""[Title/Abstract] OR ""intestinal barrier""[Title/Abstract] OR ""gut barrier""[Title/Abstract] OR ""intestinal mucosa""[Title/Abstract] OR ""intestinal mucosal barrier""[Title/Abstract] OR ""mucosal barrier""[Title/Abstract])","(""Zhizi""[Title/Abstract] OR ""Gardeniae Fructus""[Title/Abstract] OR ""Gardenia jasminoides""[Title/Abstract]) AND (""HuoXiang""[Title/Abstract] OR ""pogostemon cablin blanco benth""[Title/Abstract] OR ""Pogostemon cablin""[Title/Abstract]) AND (""colitis, ulcerative""[MeSH Terms] OR ""ulcerative colitis""[Title/Abstract] OR ""colitis""[Title/Abstract] OR ""intestinal barrier""[Title/Abstract] OR ""gut barrier""[Title/Abstract] OR ""intestinal mucosa""[Title/Abstract] OR ""intestinal mucosal barrier""[Title/Abstract] OR ""mucosal barrier""[Title/Abstract])",0,0,True,,data\formal_analysis\genecards_multisource_pairs_20_strict\pubmed_all_pair_evidence\raw\run_20260926T115108Z\rank_13\strict_title_abstract\esearch_request.json,6fb7d1eca016c1e6192ed7bb6fb159b105c9f42febfdfc2859c5f8dac366ff01,data\formal_analysis\genecards_multisource_pairs_20_strict\pubmed_all_pair_evidence\raw\run_20260926T115108Z\rank_13\strict_title_abstract\esearch_response.json,898bd6b33274690b9dd8f487de4ca369db51459930073ac6b37c33ff4b86606c,data\formal_analysis\genecards_multisource_pairs_20_strict\pubmed_all_pair_evidence\raw\run_20260926T115108Z\rank_13\strict_title_abstract\parsed_articles.json,4f53cda18c2baa0c0354bb5f9a3ecbe5ed12ab4d8e11ba873c2f11161202b945,,,,
run_20260926T115108Z,2026-09-26T11:51:08.948468+00:00,13,栀子,藿香,栀子＋藿香,broad_all_fields,All Fields,"(""Zhizi""[All Fields] OR ""Gardeniae Fructus""[All Fields] OR ""Gardenia jasminoides""[All Fields]) AND (""HuoXiang""[All Fields] OR ""Pogostemon cablin(Blanco)Benth.""[All Fields] OR ""Pogostemon cablin""[All Fields]) AND (""Colitis, Ulcerative""[MeSH Terms] OR ""ulcerative colitis""[All Fields] OR ""colitis""[All Fields] OR ""intestinal barrier""[All Fields] OR ""gut barrier""[All Fields] OR ""intestinal mucosa""[All Fields] OR ""intestinal mucosal barrier""[All Fields] OR ""mucosal barrier""[All Fields])","(""Zhizi""[All Fields] OR ""Gardeniae Fructus""[All Fields] OR ""Gardenia jasminoides""[All Fields]) AND (""HuoXiang""[All Fields] OR ""pogostemon cablin blanco benth""[All Fields] OR ""Pogostemon cablin""[All Fields]) AND (""colitis, ulcerative""[MeSH Terms] OR ""ulcerative colitis""[All Fields] OR ""colitis""[All Fields] OR ""intestinal barrier""[All Fields] OR ""gut barrier""[All Fields] OR ""intestinal mucosa""[All Fields] OR ""intestinal mucosal barrier""[All Fields] OR ""mucosal barrier""[All Fields])",0,0,True,,data\formal_analysis\genecards_multisource_pairs_20_strict\pubmed_all_pair_evidence\raw\run_20260926T115108Z\rank_13\broad_all_fields\esearch_request.json,e6556d712708ddf65fdbb099e7598ab4ca50d65e8201e7611bbcb5f5c9fa0e2a,data\formal_analysis\genecards_multisource_pairs_20_strict\pubmed_all_pair_evidence\raw\run_20260926T115108Z\rank_13\broad_all_fields\esearch_response.json,d65b54a2a3922857d248bb0102522c2e254b46d7c019d007d7ad5a07593697f9,data\formal_analysis\genecards_multisource_pairs_20_strict\pubmed_all_pair_evidence\raw\run_20260926T115108Z\rank_13\broad_all_fields\parsed_articles.json,4f53cda18c2baa0c0354bb5f9a3ecbe5ed12ab4d8e11ba873c2f11161202b945,,,,
run_20260926T115108Z,2026-09-26T11:51:08.948468+00:00,14,鱼腥草,藿香,鱼腥草＋藿香,strict_title_abstract,Title/Abstract,"(""Yuxingcao""[Title/Abstract] OR ""Houttuyniae Herba""[Title/Abstract] OR ""Houttuynia cordata""[Title/Abstract]) AND (""HuoXiang""[Title/Abstract] OR ""Pogostemon cablin(Blanco)Benth.""[Title/Abstract] OR ""Pogostemon cablin""[Title/Abstract]) AND (""Colitis, Ulcerative""[MeSH Terms] OR ""ulcerative colitis""[Title/Abstract] OR ""colitis""[Title/Abstract] OR ""intestinal barrier""[Title/Abstract] OR ""gut barrier""[Title/Abstract] OR ""intestinal mucosa""[Title/Abstract] OR ""intestinal mucosal barrier""[Title/Abstract] OR ""mucosal barrier""[Title/Abstract])","(""Yuxingcao""[Title/Abstract] OR ""Houttuyniae Herba""[Title/Abstract] OR ""Houttuynia cordata""[Title/Abstract]) AND (""HuoXiang""[Title/Abstract] OR ""pogostemon cablin blanco benth""[Title/Abstract] OR ""Pogostemon cablin""[Title/Abstract]) AND (""colitis, ulcerative""[MeSH Terms] OR ""ulcerative colitis""[Title/Abstract] OR ""colitis""[Title/Abstract] OR ""intestinal barrier""[Title/Abstract] OR ""gut barrier""[Title/Abstract] OR ""intestinal mucosa""[Title/Abstract] OR ""intestinal mucosal barrier""[Title/Abstract] OR ""mucosal barrier""[Title/Abstract])",0,0,True,,data\formal_analysis\genecards_multisource_pairs_20_strict\pubmed_all_pair_evidence\raw\run_20260926T115108Z\rank_14\strict_title_abstract\esearch_request.json,f8c04c6c694af9b78fc935a716118aa0b7a1fef0cf11a2b31033a4fa35339d16,data\formal_analysis\genecards_multisource_pairs_20_strict\pubmed_all_pair_evidence\raw\run_20260926T115108Z\rank_14\strict_title_abstract\esearch_response.json,29bcbc923b82405111c187d40a598b43082bf616bbc84f7f62b8ccedafc040a7,data\formal_analysis\genecards_multisource_pairs_20_strict\pubmed_all_pair_evidence\raw\run_20260926T115108Z\rank_14\strict_title_abstract\parsed_articles.json,4f53cda18c2baa0c0354bb5f9a3ecbe5ed12ab4d8e11ba873c2f11161202b945,,,,
run_20260926T115108Z,2026-09-26T11:51:08.948468+00:00,14,鱼腥草,藿香,鱼腥草＋藿香,broad_all_fields,All Fields,"(""Yuxingcao""[All Fields] OR ""Houttuyniae Herba""[All Fields] OR ""Houttuynia cordata""[All Fields]) AND (""HuoXiang""[All Fields] OR ""Pogostemon cablin(Blanco)Benth.""[All Fields] OR ""Pogostemon cablin""[All Fields]) AND (""Colitis, Ulcerative""[MeSH Terms] OR ""ulcerative colitis""[All Fields] OR ""colitis""[All Fields] OR ""intestinal barrier""[All Fields] OR ""gut barrier""[All Fields] OR ""intestinal mucosa""[All Fields] OR ""intestinal mucosal barrier""[All Fields] OR ""mucosal barrier""[All Fields])","(""Yuxingcao""[All Fields] OR ""Houttuyniae Herba""[All Fields] OR ""Houttuynia cordata""[All Fields]) AND (""HuoXiang""[All Fields] OR ""pogostemon cablin blanco benth""[All Fields] OR ""Pogostemon cablin""[All Fields]) AND (""colitis, ulcerative""[MeSH Terms] OR ""ulcerative colitis""[All Fields] OR ""colitis""[All Fields] OR ""intestinal barrier""[All Fields] OR ""gut barrier""[All Fields] OR ""intestinal mucosa""[All Fields] OR ""intestinal mucosal barrier""[All Fields] OR ""mucosal barrier""[All Fields])",0,0,True,,data\formal_analysis\genecards_multisource_pairs_20_strict\pubmed_all_pair_evidence\raw\run_20260926T115108Z\rank_14\broad_all_fields\esearch_request.json,5d4518dc9a9a4afd79b50d55ec1e47431f4e89545e3287e187a27afe4c740324,data\formal_analysis\genecards_multisource_pairs_20_strict\pubmed_all_pair_evidence\raw\run_20260926T115108Z\rank_14\broad_all_fields\esearch_response.json,f5f7ca24f444f8b93f883b73f353d94ce18c7cdc66aaab73b6bdf98b002ffcd0,data\formal_analysis\genecards_multisource_pairs_20_strict\pubmed_all_pair_evidence\raw\run_20260926T115108Z\rank_14\broad_all_fields\parsed_articles.json,4f53cda18c2baa0c0354bb5f9a3ecbe5ed12ab4d8e11ba873c2f11161202b945,,,,
run_20260926T115108Z,2026-09-26T11:51:08.948468+00:00,15,槐米,甘草,槐米＋甘草,strict_title_abstract,Title/Abstract,"(""Sophora japonica""[Title/Abstract]) AND (""Gancao""[Title/Abstract] OR ""licorice""[Title/Abstract] OR ""Glycyrrhiza uralensis""[Title/Abstract] OR ""Glycyrrhiza inflata""[Title/Abstract] OR ""Glycyrrhiza glabra""[Title/Abstract]) AND (""Colitis, Ulcerative""[MeSH Terms] OR ""ulcerative colitis""[Title/Abstract] OR ""colitis""[Title/Abstract] OR ""intestinal barrier""[Title/Abstract] OR ""gut barrier""[Title/Abstract] OR ""intestinal mucosa""[Title/Abstract] OR ""intestinal mucosal barrier""[Title/Abstract] OR ""mucosal barrier""[Title/Abstract])","""Sophora japonica""[Title/Abstract] AND (""Gancao""[Title/Abstract] OR ""licorice""[Title/Abstract] OR ""Glycyrrhiza uralensis""[Title/Abstract] OR ""Glycyrrhiza inflata""[Title/Abstract] OR ""Glycyrrhiza glabra""[Title/Abstract]) AND (""colitis, ulcerative""[MeSH Terms] OR ""ulcerative colitis""[Title/Abstract] OR ""colitis""[Title/Abstract] OR ""intestinal barrier""[Title/Abstract] OR ""gut barrier""[Title/Abstract] OR ""intestinal mucosa""[Title/Abstract] OR ""intestinal mucosal barrier""[Title/Abstract] OR ""mucosal barrier""[Title/Abstract])",0,0,True,,data\formal_analysis\genecards_multisource_pairs_20_strict\pubmed_all_pair_evidence\raw\run_20260926T115108Z\rank_15\strict_title_abstract\esearch_request.json,7e1b9fac1d9d24d658eb8b500c4cf526c2852b64c9a364edf5a3b58749ff81d6,data\formal_analysis\genecards_multisource_pairs_20_strict\pubmed_all_pair_evidence\raw\run_20260926T115108Z\rank_15\strict_title_abstract\esearch_response.json,24a56e3d25183d65708984fb58e7a2b6b4eee028f81648266086234602ddae7b,data\formal_analysis\genecards_multisource_pairs_20_strict\pubmed_all_pair_evidence\raw\run_20260926T115108Z\rank_15\strict_title_abstract\parsed_articles.json,4f53cda18c2baa0c0354bb5f9a3ecbe5ed12ab4d8e11ba873c2f11161202b945,,,,
run_20260926T115108Z,2026-09-26T11:51:08.948468+00:00,15,槐米,甘草,槐米＋甘草,broad_all_fields,All Fields,"(""Sophora japonica""[All Fields]) AND (""Gancao""[All Fields] OR ""licorice""[All Fields] OR ""Glycyrrhiza uralensis""[All Fields] OR ""Glycyrrhiza inflata""[All Fields] OR ""Glycyrrhiza glabra""[All Fields]) AND (""Colitis, Ulcerative""[MeSH Terms] OR ""ulcerative colitis""[All Fields] OR ""colitis""[All Fields] OR ""intestinal barrier""[All Fields] OR ""gut barrier""[All Fields] OR ""intestinal mucosa""[All Fields] OR ""intestinal mucosal barrier""[All Fields] OR ""mucosal barrier""[All Fields])","""Sophora japonica""[All Fields] AND (""Gancao""[All Fields] OR ""licorice""[All Fields] OR ""Glycyrrhiza uralensis""[All Fields] OR ""Glycyrrhiza inflata""[All Fields] OR ""Glycyrrhiza glabra""[All Fields]) AND (""colitis, ulcerative""[MeSH Terms] OR ""ulcerative colitis""[All Fields] OR ""colitis""[All Fields] OR ""intestinal barrier""[All Fields] OR ""gut barrier""[All Fields] OR ""intestinal mucosa""[All Fields] OR ""intestinal mucosal barrier""[All Fields] OR ""mucosal barrier""[All Fields])",0,0,True,,data\formal_analysis\genecards_multisource_pairs_20_strict\pubmed_all_pair_evidence\raw\run_20260926T115108Z\rank_15\broad_all_fields\esearch_request.json,b3758164245ea8bd5a3fece8ff5447174836095ea3d92c270acc36956f2d9271,data\formal_analysis\genecards_multisource_pairs_20_strict\pubmed_all_pair_evidence\raw\run_20260926T115108Z\rank_15\broad_all_fields\esearch_response.json,e519e8a43585cb14aeb0ba2cef10fb69d2a1e991f3ad204b239ac4a9d6433ed4,data\formal_analysis\genecards_multisource_pairs_20_strict\pubmed_all_pair_evidence\raw\run_20260926T115108Z\rank_15\broad_all_fields\parsed_articles.json,4f53cda18c2baa0c0354bb5f9a3ecbe5ed12ab4d8e11ba873c2f11161202b945,,,,
run_20260926T115108Z,2026-09-26T11:51:08.948468+00:00,16,藿香,甘草,藿香＋甘草,strict_title_abstract,Title/Abstract,"(""HuoXiang""[Title/Abstract] OR ""Pogostemon cablin(Blanco)Benth.""[Title/Abstract] OR ""Pogostemon cablin""[Title/Abstract]) AND (""Gancao""[Title/Abstract] OR ""licorice""[Title/Abstract] OR ""Glycyrrhiza uralensis""[Title/Abstract] OR ""Glycyrrhiza inflata""[Title/Abstract] OR ""Glycyrrhiza glabra""[Title/Abstract]) AND (""Colitis, Ulcerative""[MeSH Terms] OR ""ulcerative colitis""[Title/Abstract] OR ""colitis""[Title/Abstract] OR ""intestinal barrier""[Title/Abstract] OR ""gut barrier""[Title/Abstract] OR ""intestinal mucosa""[Title/Abstract] OR ""intestinal mucosal barrier""[Title/Abstract] OR ""mucosal barrier""[Title/Abstract])","(""HuoXiang""[Title/Abstract] OR ""pogostemon cablin blanco benth""[Title/Abstract] OR ""Pogostemon cablin""[Title/Abstract]) AND (""Gancao""[Title/Abstract] OR ""licorice""[Title/Abstract] OR ""Glycyrrhiza uralensis""[Title/Abstract] OR ""Glycyrrhiza inflata""[Title/Abstract] OR ""Glycyrrhiza glabra""[Title/Abstract]) AND (""colitis, ulcerative""[MeSH Terms] OR ""ulcerative colitis""[Title/Abstract] OR ""colitis""[Title/Abstract] OR ""intestinal barrier""[Title/Abstract] OR ""gut barrier""[Title/Abstract] OR ""intestinal mucosa""[Title/Abstract] OR ""intestinal mucosal barrier""[Title/Abstract] OR ""mucosal barrier""[Title/Abstract])",0,0,True,,data\formal_analysis\genecards_multisource_pairs_20_strict\pubmed_all_pair_evidence\raw\run_20260926T115108Z\rank_16\strict_title_abstract\esearch_request.json,9f00d077fdb6a78d5154fcc0278c62bdb1091448b6a566f093a99d2970fdf8fe,data\formal_analysis\genecards_multisource_pairs_20_strict\pubmed_all_pair_evidence\raw\run_20260926T115108Z\rank_16\strict_title_abstract\esearch_response.json,80452abd186b72b6372e032aba52ab2401bc489658b6fcd81df3474fb9110d4f,data\formal_analysis\genecards_multisource_pairs_20_strict\pubmed_all_pair_evidence\raw\run_20260926T115108Z\rank_16\strict_title_abstract\parsed_articles.json,4f53cda18c2baa0c0354bb5f9a3ecbe5ed12ab4d8e11ba873c2f11161202b945,,,,
run_20260926T115108Z,2026-09-26T11:51:08.948468+00:00,16,藿香,甘草,藿香＋甘草,broad_all_fields,All Fields,"(""HuoXiang""[All Fields] OR ""Pogostemon cablin(Blanco)Benth.""[All Fields] OR ""Pogostemon cablin""[All Fields]) AND (""Gancao""[All Fields] OR ""licorice""[All Fields] OR ""Glycyrrhiza uralensis""[All Fields] OR ""Glycyrrhiza inflata""[All Fields] OR ""Glycyrrhiza glabra""[All Fields]) AND (""Colitis, Ulcerative""[MeSH Terms] OR ""ulcerative colitis""[All Fields] OR ""colitis""[All Fields] OR ""intestinal barrier""[All Fields] OR ""gut barrier""[All Fields] OR ""intestinal mucosa""[All Fields] OR ""intestinal mucosal barrier""[All Fields] OR ""mucosal barrier""[All Fields])","(""HuoXiang""[All Fields] OR ""pogostemon cablin blanco benth""[All Fields] OR ""Pogostemon cablin""[All Fields]) AND (""Gancao""[All Fields] OR ""licorice""[All Fields] OR ""Glycyrrhiza uralensis""[All Fields] OR ""Glycyrrhiza inflata""[All Fields] OR ""Glycyrrhiza glabra""[All Fields]) AND (""colitis, ulcerative""[MeSH Terms] OR ""ulcerative colitis""[All Fields] OR ""colitis""[All Fields] OR ""intestinal barrier""[All Fields] OR ""gut barrier""[All Fields] OR ""intestinal mucosa""[All Fields] OR ""intestinal mucosal barrier""[All Fields] OR ""mucosal barrier""[All Fields])",0,0,True,,data\formal_analysis\genecards_multisource_pairs_20_strict\pubmed_all_pair_evidence\raw\run_20260926T115108Z\rank_16\broad_all_fields\esearch_request.json,ae46e924a29ccc6b60f50e0059708d4daf36b98147a18ff6a3c677b5aeb30e14,data\formal_analysis\genecards_multisource_pairs_20_strict\pubmed_all_pair_evidence\raw\run_20260926T115108Z\rank_16\broad_all_fields\esearch_response.json,1c533d6ef211ccea75e36bc663dcb8cb04cafbd63a4e309e82b2ad68054a4f73,data\formal_analysis\genecards_multisource_pairs_20_strict\pubmed_all_pair_evidence\raw\run_20260926T115108Z\rank_16\broad_all_fields\parsed_articles.json,4f53cda18c2baa0c0354bb5f9a3ecbe5ed12ab4d8e11ba873c2f11161202b945,,,,
run_20260926T115108Z,2026-09-26T11:51:08.948468+00:00,17,金银花,藿香,金银花＋藿香,strict_title_abstract,Title/Abstract,"(""Jinyinhua""[Title/Abstract] OR ""Lonicerae Japonicae Flos""[Title/Abstract] OR ""Lonicera japonica""[Title/Abstract]) AND (""HuoXiang""[Title/Abstract] OR ""Pogostemon cablin(Blanco)Benth.""[Title/Abstract] OR ""Pogostemon cablin""[Title/Abstract]) AND (""Colitis, Ulcerative""[MeSH Terms] OR ""ulcerative colitis""[Title/Abstract] OR ""colitis""[Title/Abstract] OR ""intestinal barrier""[Title/Abstract] OR ""gut barrier""[Title/Abstract] OR ""intestinal mucosa""[Title/Abstract] OR ""intestinal mucosal barrier""[Title/Abstract] OR ""mucosal barrier""[Title/Abstract])","(""Jinyinhua""[Title/Abstract] OR ""Lonicerae Japonicae Flos""[Title/Abstract] OR ""Lonicera japonica""[Title/Abstract]) AND (""HuoXiang""[Title/Abstract] OR ""pogostemon cablin blanco benth""[Title/Abstract] OR ""Pogostemon cablin""[Title/Abstract]) AND (""colitis, ulcerative""[MeSH Terms] OR ""ulcerative colitis""[Title/Abstract] OR ""colitis""[Title/Abstract] OR ""intestinal barrier""[Title/Abstract] OR ""gut barrier""[Title/Abstract] OR ""intestinal mucosa""[Title/Abstract] OR ""intestinal mucosal barrier""[Title/Abstract] OR ""mucosal barrier""[Title/Abstract])",0,0,True,,data\formal_analysis\genecards_multisource_pairs_20_strict\pubmed_all_pair_evidence\raw\run_20260926T115108Z\rank_17\strict_title_abstract\esearch_request.json,9676b3222779204e5149746aa191d573a9706f49b75e841ee854db77ca3bbbe7,data\formal_analysis\genecards_multisource_pairs_20_strict\pubmed_all_pair_evidence\raw\run_20260926T115108Z\rank_17\strict_title_abstract\esearch_response.json,1fc5e74acd7b89ab891be4d94be8dc4fda96f82c5f72aae63575f206afc88a33,data\formal_analysis\genecards_multisource_pairs_20_strict\pubmed_all_pair_evidence\raw\run_20260926T115108Z\rank_17\strict_title_abstract\parsed_articles.json,4f53cda18c2baa0c0354bb5f9a3ecbe5ed12ab4d8e11ba873c2f11161202b945,,,,
run_20260926T115108Z,2026-09-26T11:51:08.948468+00:00,17,金银花,藿香,金银花＋藿香,broad_all_fields,All Fields,"(""Jinyinhua""[All Fields] OR ""Lonicerae Japonicae Flos""[All Fields] OR ""Lonicera japonica""[All Fields]) AND (""HuoXiang""[All Fields] OR ""Pogostemon cablin(Blanco)Benth.""[All Fields] OR ""Pogostemon cablin""[All Fields]) AND (""Colitis, Ulcerative""[MeSH Terms] OR ""ulcerative colitis""[All Fields] OR ""colitis""[All Fields] OR ""intestinal barrier""[All Fields] OR ""gut barrier""[All Fields] OR ""intestinal mucosa""[All Fields] OR ""intestinal mucosal barrier""[All Fields] OR ""mucosal barrier""[All Fields])","(""Jinyinhua""[All Fields] OR ""Lonicerae Japonicae Flos""[All Fields] OR ""Lonicera japonica""[All Fields]) AND (""HuoXiang""[All Fields] OR ""pogostemon cablin blanco benth""[All Fields] OR ""Pogostemon cablin""[All Fields]) AND (""colitis, ulcerative""[MeSH Terms] OR ""ulcerative colitis""[All Fields] OR ""colitis""[All Fields] OR ""intestinal barrier""[All Fields] OR ""gut barrier""[All Fields] OR ""intestinal mucosa""[All Fields] OR ""intestinal mucosal barrier""[All Fields] OR ""mucosal barrier""[All Fields])",0,0,True,,data\formal_analysis\genecards_multisource_pairs_20_strict\pubmed_all_pair_evidence\raw\run_20260926T115108Z\rank_17\broad_all_fields\esearch_request.json,1887d8fd225780d0bfff5d0404b61d73369ff3a316a996e8426d4427bafd4d7a,data\formal_analysis\genecards_multisource_pairs_20_strict\pubmed_all_pair_evidence\raw\run_20260926T115108Z\rank_17\broad_all_fields\esearch_response.json,b77d9fb80bd09c9170256415db994919636b0e1077bbe55bb6084727c02cbf4b,data\formal_analysis\genecards_multisource_pairs_20_strict\pubmed_all_pair_evidence\raw\run_20260926T115108Z\rank_17\broad_all_fields\parsed_articles.json,4f53cda18c2baa0c0354bb5f9a3ecbe5ed12ab4d8e11ba873c2f11161202b945,,,,
run_20260926T115108Z,2026-09-26T11:51:08.948468+00:00,18,马齿苋,藿香,马齿苋＋藿香,strict_title_abstract,Title/Abstract,"(""Machixian""[Title/Abstract] OR ""Portulacae Herba""[Title/Abstract] OR ""Portulaca oleracea""[Title/Abstract]) AND (""HuoXiang""[Title/Abstract] OR ""Pogostemon cablin(Blanco)Benth.""[Title/Abstract] OR ""Pogostemon cablin""[Title/Abstract]) AND (""Colitis, Ulcerative""[MeSH Terms] OR ""ulcerative colitis""[Title/Abstract] OR ""colitis""[Title/Abstract] OR ""intestinal barrier""[Title/Abstract] OR ""gut barrier""[Title/Abstract] OR ""intestinal mucosa""[Title/Abstract] OR ""intestinal mucosal barrier""[Title/Abstract] OR ""mucosal barrier""[Title/Abstract])","(""Machixian""[Title/Abstract] OR ""Portulacae Herba""[Title/Abstract] OR ""Portulaca oleracea""[Title/Abstract]) AND (""HuoXiang""[Title/Abstract] OR ""pogostemon cablin blanco benth""[Title/Abstract] OR ""Pogostemon cablin""[Title/Abstract]) AND (""colitis, ulcerative""[MeSH Terms] OR ""ulcerative colitis""[Title/Abstract] OR ""colitis""[Title/Abstract] OR ""intestinal barrier""[Title/Abstract] OR ""gut barrier""[Title/Abstract] OR ""intestinal mucosa""[Title/Abstract] OR ""intestinal mucosal barrier""[Title/Abstract] OR ""mucosal barrier""[Title/Abstract])",0,0,True,,data\formal_analysis\genecards_multisource_pairs_20_strict\pubmed_all_pair_evidence\raw\run_20260926T115108Z\rank_18\strict_title_abstract\esearch_request.json,8c62141069e7a6a8d744faaabdc4e21da79645f2db7211ad6c953c375b045d3c,data\formal_analysis\genecards_multisource_pairs_20_strict\pubmed_all_pair_evidence\raw\run_20260926T115108Z\rank_18\strict_title_abstract\esearch_response.json,0ab7ad3a83acfa8c7d5bf2e652d6afd543f009293ef4e86ad2640545babbc64a,data\formal_analysis\genecards_multisource_pairs_20_strict\pubmed_all_pair_evidence\raw\run_20260926T115108Z\rank_18\strict_title_abstract\parsed_articles.json,4f53cda18c2baa0c0354bb5f9a3ecbe5ed12ab4d8e11ba873c2f11161202b945,,,,
run_20260926T115108Z,2026-09-26T11:51:08.948468+00:00,18,马齿苋,藿香,马齿苋＋藿香,broad_all_fields,All Fields,"(""Machixian""[All Fields] OR ""Portulacae Herba""[All Fields] OR ""Portulaca oleracea""[All Fields]) AND (""HuoXiang""[All Fields] OR ""Pogostemon cablin(Blanco)Benth.""[All Fields] OR ""Pogostemon cablin""[All Fields]) AND (""Colitis, Ulcerative""[MeSH Terms] OR ""ulcerative colitis""[All Fields] OR ""colitis""[All Fields] OR ""intestinal barrier""[All Fields] OR ""gut barrier""[All Fields] OR ""intestinal mucosa""[All Fields] OR ""intestinal mucosal barrier""[All Fields] OR ""mucosal barrier""[All Fields])","(""Machixian""[All Fields] OR ""Portulacae Herba""[All Fields] OR ""Portulaca oleracea""[All Fields]) AND (""HuoXiang""[All Fields] OR ""pogostemon cablin blanco benth""[All Fields] OR ""Pogostemon cablin""[All Fields]) AND (""colitis, ulcerative""[MeSH Terms] OR ""ulcerative colitis""[All Fields] OR ""colitis""[All Fields] OR ""intestinal barrier""[All Fields] OR ""gut barrier""[All Fields] OR ""intestinal mucosa""[All Fields] OR ""intestinal mucosal barrier""[All Fields] OR ""mucosal barrier""[All Fields])",0,0,True,,data\formal_analysis\genecards_multisource_pairs_20_strict\pubmed_all_pair_evidence\raw\run_20260926T115108Z\rank_18\broad_all_fields\esearch_request.json,ed91d37c95435913d2b07036ecca32345c39ba3c84403efea1cabb1d4bccaa05,data\formal_analysis\genecards_multisource_pairs_20_strict\pubmed_all_pair_evidence\raw\run_20260926T115108Z\rank_18\broad_all_fields\esearch_response.json,f9c1d059edbc1ff9cacc790f4b14c55c299f59b4c603d2cb9c564f9de784edc1,data\formal_analysis\genecards_multisource_pairs_20_strict\pubmed_all_pair_evidence\raw\run_20260926T115108Z\rank_18\broad_all_fields\parsed_articles.json,4f53cda18c2baa0c0354bb5f9a3ecbe5ed12ab4d8e11ba873c2f11161202b945,,,,
run_20260926T115108Z,2026-09-26T11:51:08.948468+00:00,19,藿香,大枣,藿香＋大枣,strict_title_abstract,Title/Abstract,"(""HuoXiang""[Title/Abstract] OR ""Pogostemon cablin(Blanco)Benth.""[Title/Abstract] OR ""Pogostemon cablin""[Title/Abstract]) AND (""Dazao""[Title/Abstract] OR ""Jujubae Fructus""[Title/Abstract] OR ""Ziziphus jujuba""[Title/Abstract]) AND (""Colitis, Ulcerative""[MeSH Terms] OR ""ulcerative colitis""[Title/Abstract] OR ""colitis""[Title/Abstract] OR ""intestinal barrier""[Title/Abstract] OR ""gut barrier""[Title/Abstract] OR ""intestinal mucosa""[Title/Abstract] OR ""intestinal mucosal barrier""[Title/Abstract] OR ""mucosal barrier""[Title/Abstract])","(""HuoXiang""[Title/Abstract] OR ""pogostemon cablin blanco benth""[Title/Abstract] OR ""Pogostemon cablin""[Title/Abstract]) AND (""Dazao""[Title/Abstract] OR ""Jujubae Fructus""[Title/Abstract] OR ""Ziziphus jujuba""[Title/Abstract]) AND (""colitis, ulcerative""[MeSH Terms] OR ""ulcerative colitis""[Title/Abstract] OR ""colitis""[Title/Abstract] OR ""intestinal barrier""[Title/Abstract] OR ""gut barrier""[Title/Abstract] OR ""intestinal mucosa""[Title/Abstract] OR ""intestinal mucosal barrier""[Title/Abstract] OR ""mucosal barrier""[Title/Abstract])",0,0,True,,data\formal_analysis\genecards_multisource_pairs_20_strict\pubmed_all_pair_evidence\raw\run_20260926T115108Z\rank_19\strict_title_abstract\esearch_request.json,72dd43071ba12cbf962368278ed6536db6a39dcdbdcb0dae6f8c7fa4831e2b53,data\formal_analysis\genecards_multisource_pairs_20_strict\pubmed_all_pair_evidence\raw\run_20260926T115108Z\rank_19\strict_title_abstract\esearch_response.json,88b85c15a25bd8cc8be5b2b2bfd531089abc2f90bf6caf34c36c01bb9cc83e67,data\formal_analysis\genecards_multisource_pairs_20_strict\pubmed_all_pair_evidence\raw\run_20260926T115108Z\rank_19\strict_title_abstract\parsed_articles.json,4f53cda18c2baa0c0354bb5f9a3ecbe5ed12ab4d8e11ba873c2f11161202b945,,,,
run_20260926T115108Z,2026-09-26T11:51:08.948468+00:00,19,藿香,大枣,藿香＋大枣,broad_all_fields,All Fields,"(""HuoXiang""[All Fields] OR ""Pogostemon cablin(Blanco)Benth.""[All Fields] OR ""Pogostemon cablin""[All Fields]) AND (""Dazao""[All Fields] OR ""Jujubae Fructus""[All Fields] OR ""Ziziphus jujuba""[All Fields]) AND (""Colitis, Ulcerative""[MeSH Terms] OR ""ulcerative colitis""[All Fields] OR ""colitis""[All Fields] OR ""intestinal barrier""[All Fields] OR ""gut barrier""[All Fields] OR ""intestinal mucosa""[All Fields] OR ""intestinal mucosal barrier""[All Fields] OR ""mucosal barrier""[All Fields])","(""HuoXiang""[All Fields] OR ""pogostemon cablin blanco benth""[All Fields] OR ""Pogostemon cablin""[All Fields]) AND (""Dazao""[All Fields] OR ""Jujubae Fructus""[All Fields] OR ""Ziziphus jujuba""[All Fields]) AND (""colitis, ulcerative""[MeSH Terms] OR ""ulcerative colitis""[All Fields] OR ""colitis""[All Fields] OR ""intestinal barrier""[All Fields] OR ""gut barrier""[All Fields] OR ""intestinal mucosa""[All Fields] OR ""intestinal mucosal barrier""[All Fields] OR ""mucosal barrier""[All Fields])",0,0,True,,data\formal_analysis\genecards_multisource_pairs_20_strict\pubmed_all_pair_evidence\raw\run_20260926T115108Z\rank_19\broad_all_fields\esearch_request.json,f04e7004c72f7236b67408a4b75512f39bc3136e13303793fa0af9901fdcce34,data\formal_analysis\genecards_multisource_pairs_20_strict\pubmed_all_pair_evidence\raw\run_20260926T115108Z\rank_19\broad_all_fields\esearch_response.json,602f7bd06b32fc212d8363d779147fae8aca228f34bdfc35a60932cc8b731869,data\formal_analysis\genecards_multisource_pairs_20_strict\pubmed_all_pair_evidence\raw\run_20260926T115108Z\rank_19\broad_all_fields\parsed_articles.json,4f53cda18c2baa0c0354bb5f9a3ecbe5ed12ab4d8e11ba873c2f11161202b945,,,,
run_20260926T115108Z,2026-09-26T11:51:08.948468+00:00,20,槐米,薏苡仁,槐米＋薏苡仁,strict_title_abstract,Title/Abstract,"(""Sophora japonica""[Title/Abstract]) AND (""Yiyiren""[Title/Abstract] OR ""Coicis Semen""[Title/Abstract] OR ""Coix lacryma-jobi""[Title/Abstract]) AND (""Colitis, Ulcerative""[MeSH Terms] OR ""ulcerative colitis""[Title/Abstract] OR ""colitis""[Title/Abstract] OR ""intestinal barrier""[Title/Abstract] OR ""gut barrier""[Title/Abstract] OR ""intestinal mucosa""[Title/Abstract] OR ""intestinal mucosal barrier""[Title/Abstract] OR ""mucosal barrier""[Title/Abstract])","""Sophora japonica""[Title/Abstract] AND (""Yiyiren""[Title/Abstract] OR ""Coicis Semen""[Title/Abstract] OR ""Coix lacryma-jobi""[Title/Abstract]) AND (""colitis, ulcerative""[MeSH Terms] OR ""ulcerative colitis""[Title/Abstract] OR ""colitis""[Title/Abstract] OR ""intestinal barrier""[Title/Abstract] OR ""gut barrier""[Title/Abstract] OR ""intestinal mucosa""[Title/Abstract] OR ""intestinal mucosal barrier""[Title/Abstract] OR ""mucosal barrier""[Title/Abstract])",0,0,True,,data\formal_analysis\genecards_multisource_pairs_20_strict\pubmed_all_pair_evidence\raw\run_20260926T115108Z\rank_20\strict_title_abstract\esearch_request.json,3e0325aace35d9a67f5009ff9a9f47b317ab0c91f25e6cc3ff2670380325a4c3,data\formal_analysis\genecards_multisource_pairs_20_strict\pubmed_all_pair_evidence\raw\run_20260926T115108Z\rank_20\strict_title_abstract\esearch_response.json,57675d1fe4c325a40b337c74db40c6e9718424f63ba131f6816256214f603509,data\formal_analysis\genecards_multisource_pairs_20_strict\pubmed_all_pair_evidence\raw\run_20260926T115108Z\rank_20\strict_title_abstract\parsed_articles.json,4f53cda18c2baa0c0354bb5f9a3ecbe5ed12ab4d8e11ba873c2f11161202b945,,,,
run_20260926T115108Z,2026-09-26T11:51:08.948468+00:00,20,槐米,薏苡仁,槐米＋薏苡仁,broad_all_fields,All Fields,"(""Sophora japonica""[All Fields]) AND (""Yiyiren""[All Fields] OR ""Coicis Semen""[All Fields] OR ""Coix lacryma-jobi""[All Fields]) AND (""Colitis, Ulcerative""[MeSH Terms] OR ""ulcerative colitis""[All Fields] OR ""colitis""[All Fields] OR ""intestinal barrier""[All Fields] OR ""gut barrier""[All Fields] OR ""intestinal mucosa""[All Fields] OR ""intestinal mucosal barrier""[All Fields] OR ""mucosal barrier""[All Fields])","""Sophora japonica""[All Fields] AND (""Yiyiren""[All Fields] OR ""Coicis Semen""[All Fields] OR ""Coix lacryma-jobi""[All Fields]) AND (""colitis, ulcerative""[MeSH Terms] OR ""ulcerative colitis""[All Fields] OR ""colitis""[All Fields] OR ""intestinal barrier""[All Fields] OR ""gut barrier""[All Fields] OR ""intestinal mucosa""[All Fields] OR ""intestinal mucosal barrier""[All Fields] OR ""mucosal barrier""[All Fields])",0,0,True,,data\formal_analysis\genecards_multisource_pairs_20_strict\pubmed_all_pair_evidence\raw\run_20260926T115108Z\rank_20\broad_all_fields\esearch_request.json,0c7ea111eb17f360f75ef356850d3fd699a09aa20888b5a360e4623e8e3f400f,data\formal_analysis\genecards_multisource_pairs_20_strict\pubmed_all_pair_evidence\raw\run_20260926T115108Z\rank_20\broad_all_fields\esearch_response.json,e6e2d9667e0b007a5148e22b7670f8d10e131efcdf6d4babda2d7f831f5ff12b,data\formal_analysis\genecards_multisource_pairs_20_strict\pubmed_all_pair_evidence\raw\run_20260926T115108Z\rank_20\broad_all_fields\parsed_articles.json,4f53cda18c2baa0c0354bb5f9a3ecbe5ed12ab4d8e11ba873c2f11161202b945,,,,
run_20260926T115108Z,2026-09-26T11:51:08.948468+00:00,21,槐米,乌梅,槐米＋乌梅,strict_title_abstract,Title/Abstract,"(""Sophora japonica""[Title/Abstract]) AND (""Wumei""[Title/Abstract] OR ""Mume Fructus""[Title/Abstract] OR ""Prunus mume""[Title/Abstract]) AND (""Colitis, Ulcerative""[MeSH Terms] OR ""ulcerative colitis""[Title/Abstract] OR ""colitis""[Title/Abstract] OR ""intestinal barrier""[Title/Abstract] OR ""gut barrier""[Title/Abstract] OR ""intestinal mucosa""[Title/Abstract] OR ""intestinal mucosal barrier""[Title/Abstract] OR ""mucosal barrier""[Title/Abstract])","""Sophora japonica""[Title/Abstract] AND (""Wumei""[Title/Abstract] OR ""Mume Fructus""[Title/Abstract] OR ""Prunus mume""[Title/Abstract]) AND (""colitis, ulcerative""[MeSH Terms] OR ""ulcerative colitis""[Title/Abstract] OR ""colitis""[Title/Abstract] OR ""intestinal barrier""[Title/Abstract] OR ""gut barrier""[Title/Abstract] OR ""intestinal mucosa""[Title/Abstract] OR ""intestinal mucosal barrier""[Title/Abstract] OR ""mucosal barrier""[Title/Abstract])",0,0,True,,data\formal_analysis\genecards_multisource_pairs_20_strict\pubmed_all_pair_evidence\raw\run_20260926T115108Z\rank_21\strict_title_abstract\esearch_request.json,4c24e602eea906ed5647fff97897cec219f28245608da93ce0dc50db848c9932,data\formal_analysis\genecards_multisource_pairs_20_strict\pubmed_all_pair_evidence\raw\run_20260926T115108Z\rank_21\strict_title_abstract\esearch_response.json,2bf762dea18029be45dab7f6d1678f42cd7046974025f01013159ec06f8ef9ab,data\formal_analysis\genecards_multisource_pairs_20_strict\pubmed_all_pair_evidence\raw\run_20260926T115108Z\rank_21\strict_title_abstract\parsed_articles.json,4f53cda18c2baa0c0354bb5f9a3ecbe5ed12ab4d8e11ba873c2f11161202b945,,,,
run_20260926T115108Z,2026-09-26T11:51:08.948468+00:00,21,槐米,乌梅,槐米＋乌梅,broad_all_fields,All Fields,"(""Sophora japonica""[All Fields]) AND (""Wumei""[All Fields] OR ""Mume Fructus""[All Fields] OR ""Prunus mume""[All Fields]) AND (""Colitis, Ulcerative""[MeSH Terms] OR ""ulcerative colitis""[All Fields] OR ""colitis""[All Fields] OR ""intestinal barrier""[All Fields] OR ""gut barrier""[All Fields] OR ""intestinal mucosa""[All Fields] OR ""intestinal mucosal barrier""[All Fields] OR ""mucosal barrier""[All Fields])","""Sophora japonica""[All Fields] AND (""Wumei""[All Fields] OR ""Mume Fructus""[All Fields] OR ""Prunus mume""[All Fields]) AND (""colitis, ulcerative""[MeSH Terms] OR ""ulcerative colitis""[All Fields] OR ""colitis""[All Fields] OR ""intestinal barrier""[All Fields] OR ""gut barrier""[All Fields] OR ""intestinal mucosa""[All Fields] OR ""intestinal mucosal barrier""[All Fields] OR ""mucosal barrier""[All Fields])",0,0,True,,data\formal_analysis\genecards_multisource_pairs_20_strict\pubmed_all_pair_evidence\raw\run_20260926T115108Z\rank_21\broad_all_fields\esearch_request.json,af68b11fa15db92a9c4e4a4f1c26af367d77c5ed3b955e0aa2116c89b021f329,data\formal_analysis\genecards_multisource_pairs_20_strict\pubmed_all_pair_evidence\raw\run_20260926T115108Z\rank_21\broad_all_fields\esearch_response.json,5cf82775586545544a8be627aa880e8b0a1133778882b07a0506e1e41f11419a,data\formal_analysis\genecards_multisource_pairs_20_strict\pubmed_all_pair_evidence\raw\run_20260926T115108Z\rank_21\broad_all_fields\parsed_articles.json,4f53cda18c2baa0c0354bb5f9a3ecbe5ed12ab4d8e11ba873c2f11161202b945,,,,
run_20260926T115108Z,2026-09-26T11:51:08.948468+00:00,22,槐米,大枣,槐米＋大枣,strict_title_abstract,Title/Abstract,"(""Sophora japonica""[Title/Abstract]) AND (""Dazao""[Title/Abstract] OR ""Jujubae Fructus""[Title/Abstract] OR ""Ziziphus jujuba""[Title/Abstract]) AND (""Colitis, Ulcerative""[MeSH Terms] OR ""ulcerative colitis""[Title/Abstract] OR ""colitis""[Title/Abstract] OR ""intestinal barrier""[Title/Abstract] OR ""gut barrier""[Title/Abstract] OR ""intestinal mucosa""[Title/Abstract] OR ""intestinal mucosal barrier""[Title/Abstract] OR ""mucosal barrier""[Title/Abstract])","""Sophora japonica""[Title/Abstract] AND (""Dazao""[Title/Abstract] OR ""Jujubae Fructus""[Title/Abstract] OR ""Ziziphus jujuba""[Title/Abstract]) AND (""colitis, ulcerative""[MeSH Terms] OR ""ulcerative colitis""[Title/Abstract] OR ""colitis""[Title/Abstract] OR ""intestinal barrier""[Title/Abstract] OR ""gut barrier""[Title/Abstract] OR ""intestinal mucosa""[Title/Abstract] OR ""intestinal mucosal barrier""[Title/Abstract] OR ""mucosal barrier""[Title/Abstract])",0,0,True,,data\formal_analysis\genecards_multisource_pairs_20_strict\pubmed_all_pair_evidence\raw\run_20260926T115108Z\rank_22\strict_title_abstract\esearch_request.json,e1aa60e388067cc452d553944e0306baa976368d40d97533ad44762017df67c8,data\formal_analysis\genecards_multisource_pairs_20_strict\pubmed_all_pair_evidence\raw\run_20260926T115108Z\rank_22\strict_title_abstract\esearch_response.json,fb74dc2e90067479308ca3eeedc4c3379e5dda639f69954e48e1de2194d97487,data\formal_analysis\genecards_multisource_pairs_20_strict\pubmed_all_pair_evidence\raw\run_20260926T115108Z\rank_22\strict_title_abstract\parsed_articles.json,4f53cda18c2baa0c0354bb5f9a3ecbe5ed12ab4d8e11ba873c2f11161202b945,,,,
run_20260926T115108Z,2026-09-26T11:51:08.948468+00:00,22,槐米,大枣,槐米＋大枣,broad_all_fields,All Fields,"(""Sophora japonica""[All Fields]) AND (""Dazao""[All Fields] OR ""Jujubae Fructus""[All Fields] OR ""Ziziphus jujuba""[All Fields]) AND (""Colitis, Ulcerative""[MeSH Terms] OR ""ulcerative colitis""[All Fields] OR ""colitis""[All Fields] OR ""intestinal barrier""[All Fields] OR ""gut barrier""[All Fields] OR ""intestinal mucosa""[All Fields] OR ""intestinal mucosal barrier""[All Fields] OR ""mucosal barrier""[All Fields])","""Sophora japonica""[All Fields] AND (""Dazao""[All Fields] OR ""Jujubae Fructus""[All Fields] OR ""Ziziphus jujuba""[All Fields]) AND (""colitis, ulcerative""[MeSH Terms] OR ""ulcerative colitis""[All Fields] OR ""colitis""[All Fields] OR ""intestinal barrier""[All Fields] OR ""gut barrier""[All Fields] OR ""intestinal mucosa""[All Fields] OR ""intestinal mucosal barrier""[All Fields] OR ""mucosal barrier""[All Fields])",0,0,True,,data\formal_analysis\genecards_multisource_pairs_20_strict\pubmed_all_pair_evidence\raw\run_20260926T115108Z\rank_22\broad_all_fields\esearch_request.json,337dbcd7c86802ad89b3af577f705fd8b1bd6382535c3a88466ce8f41d84fcb4,data\formal_analysis\genecards_multisource_pairs_20_strict\pubmed_all_pair_evidence\raw\run_20260926T115108Z\rank_22\broad_all_fields\esearch_response.json,efc18f20c4c3dedaa6cb88e9f6cdfe3a66b10d7ef06fe06ce26beeed01186c3d,data\formal_analysis\genecards_multisource_pairs_20_strict\pubmed_all_pair_evidence\raw\run_20260926T115108Z\rank_22\broad_all_fields\parsed_articles.json,4f53cda18c2baa0c0354bb5f9a3ecbe5ed12ab4d8e11ba873c2f11161202b945,,,,
run_20260926T115108Z,2026-09-26T11:51:08.948468+00:00,23,槐米,生姜,槐米＋生姜,strict_title_abstract,Title/Abstract,"(""Sophora japonica""[Title/Abstract]) AND (""Shengjiang""[Title/Abstract] OR ""Zingiber Officinale Roscoe""[Title/Abstract] OR ""Zingiber officinale""[Title/Abstract]) AND (""Colitis, Ulcerative""[MeSH Terms] OR ""ulcerative colitis""[Title/Abstract] OR ""colitis""[Title/Abstract] OR ""intestinal barrier""[Title/Abstract] OR ""gut barrier""[Title/Abstract] OR ""intestinal mucosa""[Title/Abstract] OR ""intestinal mucosal barrier""[Title/Abstract] OR ""mucosal barrier""[Title/Abstract])","""Sophora japonica""[Title/Abstract] AND (""Shengjiang""[Title/Abstract] OR ""Zingiber Officinale Roscoe""[Title/Abstract] OR ""Zingiber officinale""[Title/Abstract]) AND (""colitis, ulcerative""[MeSH Terms] OR ""ulcerative colitis""[Title/Abstract] OR ""colitis""[Title/Abstract] OR ""intestinal barrier""[Title/Abstract] OR ""gut barrier""[Title/Abstract] OR ""intestinal mucosa""[Title/Abstract] OR ""intestinal mucosal barrier""[Title/Abstract] OR ""mucosal barrier""[Title/Abstract])",0,0,True,,data\formal_analysis\genecards_multisource_pairs_20_strict\pubmed_all_pair_evidence\raw\run_20260926T115108Z\rank_23\strict_title_abstract\esearch_request.json,acdbcf6e95f0ce348ddbc331c65445d199ec4181c4db62a3e228299b1102e034,data\formal_analysis\genecards_multisource_pairs_20_strict\pubmed_all_pair_evidence\raw\run_20260926T115108Z\rank_23\strict_title_abstract\esearch_response.json,2ca517d907dceef532d966f25b9d558fcdd25c065f2c01f132efc98620e3c6c8,data\formal_analysis\genecards_multisource_pairs_20_strict\pubmed_all_pair_evidence\raw\run_20260926T115108Z\rank_23\strict_title_abstract\parsed_articles.json,4f53cda18c2baa0c0354bb5f9a3ecbe5ed12ab4d8e11ba873c2f11161202b945,,,,
run_20260926T115108Z,2026-09-26T11:51:08.948468+00:00,23,槐米,生姜,槐米＋生姜,broad_all_fields,All Fields,"(""Sophora japonica""[All Fields]) AND (""Shengjiang""[All Fields] OR ""Zingiber Officinale Roscoe""[All Fields] OR ""Zingiber officinale""[All Fields]) AND (""Colitis, Ulcerative""[MeSH Terms] OR ""ulcerative colitis""[All Fields] OR ""colitis""[All Fields] OR ""intestinal barrier""[All Fields] OR ""gut barrier""[All Fields] OR ""intestinal mucosa""[All Fields] OR ""intestinal mucosal barrier""[All Fields] OR ""mucosal barrier""[All Fields])","""Sophora japonica""[All Fields] AND (""Shengjiang""[All Fields] OR ""Zingiber Officinale Roscoe""[All Fields] OR ""Zingiber officinale""[All Fields]) AND (""colitis, ulcerative""[MeSH Terms] OR ""ulcerative colitis""[All Fields] OR ""colitis""[All Fields] OR ""intestinal barrier""[All Fields] OR ""gut barrier""[All Fields] OR ""intestinal mucosa""[All Fields] OR ""intestinal mucosal barrier""[All Fields] OR ""mucosal barrier""[All Fields])",0,0,True,,data\formal_analysis\genecards_multisource_pairs_20_strict\pubmed_all_pair_evidence\raw\run_20260926T115108Z\rank_23\broad_all_fields\esearch_request.json,8ba09dcb334fff235fff48f7c6b6a28030a38773b39e06a8b01ba77d5d37d685,data\formal_analysis\genecards_multisource_pairs_20_strict\pubmed_all_pair_evidence\raw\run_20260926T115108Z\rank_23\broad_all_fields\esearch_response.json,2400caed44a0443e5d738afc299ef1f7a2ae7586f840b7f8bb73367fce074d0b,data\formal_analysis\genecards_multisource_pairs_20_strict\pubmed_all_pair_evidence\raw\run_20260926T115108Z\rank_23\broad_all_fields\parsed_articles.json,4f53cda18c2baa0c0354bb5f9a3ecbe5ed12ab4d8e11ba873c2f11161202b945,,,,
run_20260926T115108Z,2026-09-26T11:51:08.948468+00:00,24,槐米,砂仁,槐米＋砂仁,strict_title_abstract,Title/Abstract,"(""Sophora japonica""[Title/Abstract]) AND (""Sharen""[Title/Abstract] OR ""Amomum Aurantiacum H. T. Tsai Et S. W. Zhao""[Title/Abstract] OR ""Amomum villosum""[Title/Abstract]) AND (""Colitis, Ulcerative""[MeSH Terms] OR ""ulcerative colitis""[Title/Abstract] OR ""colitis""[Title/Abstract] OR ""intestinal barrier""[Title/Abstract] OR ""gut barrier""[Title/Abstract] OR ""intestinal mucosa""[Title/Abstract] OR ""intestinal mucosal barrier""[Title/Abstract] OR ""mucosal barrier""[Title/Abstract])","""Sophora japonica""[Title/Abstract] AND (""Sharen""[Title/Abstract] OR ""Amomum villosum""[Title/Abstract]) AND (""colitis, ulcerative""[MeSH Terms] OR ""ulcerative colitis""[Title/Abstract] OR ""colitis""[Title/Abstract] OR ""intestinal barrier""[Title/Abstract] OR ""gut barrier""[Title/Abstract] OR ""intestinal mucosa""[Title/Abstract] OR ""intestinal mucosal barrier""[Title/Abstract] OR ""mucosal barrier""[Title/Abstract])",0,0,True,,data\formal_analysis\genecards_multisource_pairs_20_strict\pubmed_all_pair_evidence\raw\run_20260926T115108Z\rank_24\strict_title_abstract\esearch_request.json,9039f7c7908bfd62b2ecaa026f4b034ff243ea5d9595c7beb7d501dd30dbcd41,data\formal_analysis\genecards_multisource_pairs_20_strict\pubmed_all_pair_evidence\raw\run_20260926T115108Z\rank_24\strict_title_abstract\esearch_response.json,66c2bc4a1b4d45b574929e583af64e9a7284ffa8668f3dae39cb537c0ff56534,data\formal_analysis\genecards_multisource_pairs_20_strict\pubmed_all_pair_evidence\raw\run_20260926T115108Z\rank_24\strict_title_abstract\parsed_articles.json,4f53cda18c2baa0c0354bb5f9a3ecbe5ed12ab4d8e11ba873c2f11161202b945,,,,
run_20260926T115108Z,2026-09-26T11:51:08.948468+00:00,24,槐米,砂仁,槐米＋砂仁,broad_all_fields,All Fields,"(""Sophora japonica""[All Fields]) AND (""Sharen""[All Fields] OR ""Amomum Aurantiacum H. T. Tsai Et S. W. Zhao""[All Fields] OR ""Amomum villosum""[All Fields]) AND (""Colitis, Ulcerative""[MeSH Terms] OR ""ulcerative colitis""[All Fields] OR ""colitis""[All Fields] OR ""intestinal barrier""[All Fields] OR ""gut barrier""[All Fields] OR ""intestinal mucosa""[All Fields] OR ""intestinal mucosal barrier""[All Fields] OR ""mucosal barrier""[All Fields])","""Sophora japonica""[All Fields] AND (""Sharen""[All Fields] OR ""Amomum villosum""[All Fields]) AND (""colitis, ulcerative""[MeSH Terms] OR ""ulcerative colitis""[All Fields] OR ""colitis""[All Fields] OR ""intestinal barrier""[All Fields] OR ""gut barrier""[All Fields] OR ""intestinal mucosa""[All Fields] OR ""intestinal mucosal barrier""[All Fields] OR ""mucosal barrier""[All Fields])",0,0,True,,data\formal_analysis\genecards_multisource_pairs_20_strict\pubmed_all_pair_evidence\raw\run_20260926T115108Z\rank_24\broad_all_fields\esearch_request.json,abb8738bdb076e3d6a664ccb665a69072ce74950c380672f4dd4524b33458d30,data\formal_analysis\genecards_multisource_pairs_20_strict\pubmed_all_pair_evidence\raw\run_20260926T115108Z\rank_24\broad_all_fields\esearch_response.json,e2379ad6f5c30a0d623de3b1684f77b83b8c16a63ce61a5d4ab97124a15a9459,data\formal_analysis\genecards_multisource_pairs_20_strict\pubmed_all_pair_evidence\raw\run_20260926T115108Z\rank_24\broad_all_fields\parsed_articles.json,4f53cda18c2baa0c0354bb5f9a3ecbe5ed12ab4d8e11ba873c2f11161202b945,,,,
run_20260926T115108Z,2026-09-26T11:51:08.948468+00:00,25,栀子,槐米,栀子＋槐米,strict_title_abstract,Title/Abstract,"(""Zhizi""[Title/Abstract] OR ""Gardeniae Fructus""[Title/Abstract] OR ""Gardenia jasminoides""[Title/Abstract]) AND (""Sophora japonica""[Title/Abstract]) AND (""Colitis, Ulcerative""[MeSH Terms] OR ""ulcerative colitis""[Title/Abstract] OR ""colitis""[Title/Abstract] OR ""intestinal barrier""[Title/Abstract] OR ""gut barrier""[Title/Abstract] OR ""intestinal mucosa""[Title/Abstract] OR ""intestinal mucosal barrier""[Title/Abstract] OR ""mucosal barrier""[Title/Abstract])","(""Zhizi""[Title/Abstract] OR ""Gardeniae Fructus""[Title/Abstract] OR ""Gardenia jasminoides""[Title/Abstract]) AND ""Sophora japonica""[Title/Abstract] AND (""colitis, ulcerative""[MeSH Terms] OR ""ulcerative colitis""[Title/Abstract] OR ""colitis""[Title/Abstract] OR ""intestinal barrier""[Title/Abstract] OR ""gut barrier""[Title/Abstract] OR ""intestinal mucosa""[Title/Abstract] OR ""intestinal mucosal barrier""[Title/Abstract] OR ""mucosal barrier""[Title/Abstract])",0,0,True,,data\formal_analysis\genecards_multisource_pairs_20_strict\pubmed_all_pair_evidence\raw\run_20260926T115108Z\rank_25\strict_title_abstract\esearch_request.json,906ec6df5f18975f4893e82da760735e2d564582e5d7b47d9ef1a95364189c75,data\formal_analysis\genecards_multisource_pairs_20_strict\pubmed_all_pair_evidence\raw\run_20260926T115108Z\rank_25\strict_title_abstract\esearch_response.json,89d6de5928e0aed33046c58c42af629e7dfda1edb16399206d3b1bff753bf326,data\formal_analysis\genecards_multisource_pairs_20_strict\pubmed_all_pair_evidence\raw\run_20260926T115108Z\rank_25\strict_title_abstract\parsed_articles.json,4f53cda18c2baa0c0354bb5f9a3ecbe5ed12ab4d8e11ba873c2f11161202b945,,,,
run_20260926T115108Z,2026-09-26T11:51:08.948468+00:00,25,栀子,槐米,栀子＋槐米,broad_all_fields,All Fields,"(""Zhizi""[All Fields] OR ""Gardeniae Fructus""[All Fields] OR ""Gardenia jasminoides""[All Fields]) AND (""Sophora japonica""[All Fields]) AND (""Colitis, Ulcerative""[MeSH Terms] OR ""ulcerative colitis""[All Fields] OR ""colitis""[All Fields] OR ""intestinal barrier""[All Fields] OR ""gut barrier""[All Fields] OR ""intestinal mucosa""[All Fields] OR ""intestinal mucosal barrier""[All Fields] OR ""mucosal barrier""[All Fields])","(""Zhizi""[All Fields] OR ""Gardeniae Fructus""[All Fields] OR ""Gardenia jasminoides""[All Fields]) AND ""Sophora japonica""[All Fields] AND (""colitis, ulcerative""[MeSH Terms] OR ""ulcerative colitis""[All Fields] OR ""colitis""[All Fields] OR ""intestinal barrier""[All Fields] OR ""gut barrier""[All Fields] OR ""intestinal mucosa""[All Fields] OR ""intestinal mucosal barrier""[All Fields] OR ""mucosal barrier""[All Fields])",0,0,True,,data\formal_analysis\genecards_multisource_pairs_20_strict\pubmed_all_pair_evidence\raw\run_20260926T115108Z\rank_25\broad_all_fields\esearch_request.json,f3cadeb869c28ffc993aebe8eca3f587c06da12aa33297b22d89a9d6a2adb375,data\formal_analysis\genecards_multisource_pairs_20_strict\pubmed_all_pair_evidence\raw\run_20260926T115108Z\rank_25\broad_all_fields\esearch_response.json,1cd3b47b415b264aba30d6b2b3edbc2d83a25023a25fe9a9a7401b476451f140,data\formal_analysis\genecards_multisource_pairs_20_strict\pubmed_all_pair_evidence\raw\run_20260926T115108Z\rank_25\broad_all_fields\parsed_articles.json,4f53cda18c2baa0c0354bb5f9a3ecbe5ed12ab4d8e11ba873c2f11161202b945,,,,
run_20260926T115108Z,2026-09-26T11:51:08.948468+00:00,26,鱼腥草,槐米,鱼腥草＋槐米,strict_title_abstract,Title/Abstract,"(""Yuxingcao""[Title/Abstract] OR ""Houttuyniae Herba""[Title/Abstract] OR ""Houttuynia cordata""[Title/Abstract]) AND (""Sophora japonica""[Title/Abstract]) AND (""Colitis, Ulcerative""[MeSH Terms] OR ""ulcerative colitis""[Title/Abstract] OR ""colitis""[Title/Abstract] OR ""intestinal barrier""[Title/Abstract] OR ""gut barrier""[Title/Abstract] OR ""intestinal mucosa""[Title/Abstract] OR ""intestinal mucosal barrier""[Title/Abstract] OR ""mucosal barrier""[Title/Abstract])","(""Yuxingcao""[Title/Abstract] OR ""Houttuyniae Herba""[Title/Abstract] OR ""Houttuynia cordata""[Title/Abstract]) AND ""Sophora japonica""[Title/Abstract] AND (""colitis, ulcerative""[MeSH Terms] OR ""ulcerative colitis""[Title/Abstract] OR ""colitis""[Title/Abstract] OR ""intestinal barrier""[Title/Abstract] OR ""gut barrier""[Title/Abstract] OR ""intestinal mucosa""[Title/Abstract] OR ""intestinal mucosal barrier""[Title/Abstract] OR ""mucosal barrier""[Title/Abstract])",0,0,True,,data\formal_analysis\genecards_multisource_pairs_20_strict\pubmed_all_pair_evidence\raw\run_20260926T115108Z\rank_26\strict_title_abstract\esearch_request.json,d79b851af5bd6a4d685d8abbb5fe1aa3e51ad04512e4a0d76f47ff26b2307298,data\formal_analysis\genecards_multisource_pairs_20_strict\pubmed_all_pair_evidence\raw\run_20260926T115108Z\rank_26\strict_title_abstract\esearch_response.json,e73a970e69577935ad50db46821dec26f6f59d714e1c685d3c038201c079efbb,data\formal_analysis\genecards_multisource_pairs_20_strict\pubmed_all_pair_evidence\raw\run_20260926T115108Z\rank_26\strict_title_abstract\parsed_articles.json,4f53cda18c2baa0c0354bb5f9a3ecbe5ed12ab4d8e11ba873c2f11161202b945,,,,
run_20260926T115108Z,2026-09-26T11:51:08.948468+00:00,26,鱼腥草,槐米,鱼腥草＋槐米,broad_all_fields,All Fields,"(""Yuxingcao""[All Fields] OR ""Houttuyniae Herba""[All Fields] OR ""Houttuynia cordata""[All Fields]) AND (""Sophora japonica""[All Fields]) AND (""Colitis, Ulcerative""[MeSH Terms] OR ""ulcerative colitis""[All Fields] OR ""colitis""[All Fields] OR ""intestinal barrier""[All Fields] OR ""gut barrier""[All Fields] OR ""intestinal mucosa""[All Fields] OR ""intestinal mucosal barrier""[All Fields] OR ""mucosal barrier""[All Fields])","(""Yuxingcao""[All Fields] OR ""Houttuyniae Herba""[All Fields] OR ""Houttuynia cordata""[All Fields]) AND ""Sophora japonica""[All Fields] AND (""colitis, ulcerative""[MeSH Terms] OR ""ulcerative colitis""[All Fields] OR ""colitis""[All Fields] OR ""intestinal barrier""[All Fields] OR ""gut barrier""[All Fields] OR ""intestinal mucosa""[All Fields] OR ""intestinal mucosal barrier""[All Fields] OR ""mucosal barrier""[All Fields])",0,0,True,,data\formal_analysis\genecards_multisource_pairs_20_strict\pubmed_all_pair_evidence\raw\run_20260926T115108Z\rank_26\broad_all_fields\esearch_request.json,bf38765e690223912dcc498ea352a5964e7d4234a9c0cd693cfd8b6aab59af12,data\formal_analysis\genecards_multisource_pairs_20_strict\pubmed_all_pair_evidence\raw\run_20260926T115108Z\rank_26\broad_all_fields\esearch_response.json,623499632fc56f21bd839b8b51dbe64ddb7d28f28eedcf15be2d5c9cf231f1de,data\formal_analysis\genecards_multisource_pairs_20_strict\pubmed_all_pair_evidence\raw\run_20260926T115108Z\rank_26\broad_all_fields\parsed_articles.json,4f53cda18c2baa0c0354bb5f9a3ecbe5ed12ab4d8e11ba873c2f11161202b945,,,,
run_20260926T115108Z,2026-09-26T11:51:08.948468+00:00,27,槐米,山药,槐米＋山药,strict_title_abstract,Title/Abstract,"(""Sophora japonica""[Title/Abstract]) AND (""Shanyao""[Title/Abstract] OR ""Rhizoma Dioscoreae""[Title/Abstract] OR ""Dioscorea opposita""[Title/Abstract]) AND (""Colitis, Ulcerative""[MeSH Terms] OR ""ulcerative colitis""[Title/Abstract] OR ""colitis""[Title/Abstract] OR ""intestinal barrier""[Title/Abstract] OR ""gut barrier""[Title/Abstract] OR ""intestinal mucosa""[Title/Abstract] OR ""intestinal mucosal barrier""[Title/Abstract] OR ""mucosal barrier""[Title/Abstract])","""Sophora japonica""[Title/Abstract] AND (""Shanyao""[Title/Abstract] OR ""Rhizoma Dioscoreae""[Title/Abstract] OR ""Dioscorea opposita""[Title/Abstract]) AND (""colitis, ulcerative""[MeSH Terms] OR ""ulcerative colitis""[Title/Abstract] OR ""colitis""[Title/Abstract] OR ""intestinal barrier""[Title/Abstract] OR ""gut barrier""[Title/Abstract] OR ""intestinal mucosa""[Title/Abstract] OR ""intestinal mucosal barrier""[Title/Abstract] OR ""mucosal barrier""[Title/Abstract])",0,0,True,,data\formal_analysis\genecards_multisource_pairs_20_strict\pubmed_all_pair_evidence\raw\run_20260926T115108Z\rank_27\strict_title_abstract\esearch_request.json,540016883b854aac60e2300d348cbd8e9391cfb82dc3a67cef189a2d24758bee,data\formal_analysis\genecards_multisource_pairs_20_strict\pubmed_all_pair_evidence\raw\run_20260926T115108Z\rank_27\strict_title_abstract\esearch_response.json,066dd1f8d167380b5855f49603ed4cfde31ae855d7c2a08461fe66f6b5106970,data\formal_analysis\genecards_multisource_pairs_20_strict\pubmed_all_pair_evidence\raw\run_20260926T115108Z\rank_27\strict_title_abstract\parsed_articles.json,4f53cda18c2baa0c0354bb5f9a3ecbe5ed12ab4d8e11ba873c2f11161202b945,,,,
run_20260926T115108Z,2026-09-26T11:51:08.948468+00:00,27,槐米,山药,槐米＋山药,broad_all_fields,All Fields,"(""Sophora japonica""[All Fields]) AND (""Shanyao""[All Fields] OR ""Rhizoma Dioscoreae""[All Fields] OR ""Dioscorea opposita""[All Fields]) AND (""Colitis, Ulcerative""[MeSH Terms] OR ""ulcerative colitis""[All Fields] OR ""colitis""[All Fields] OR ""intestinal barrier""[All Fields] OR ""gut barrier""[All Fields] OR ""intestinal mucosa""[All Fields] OR ""intestinal mucosal barrier""[All Fields] OR ""mucosal barrier""[All Fields])","""Sophora japonica""[All Fields] AND (""Shanyao""[All Fields] OR ""Rhizoma Dioscoreae""[All Fields] OR ""Dioscorea opposita""[All Fields]) AND (""colitis, ulcerative""[MeSH Terms] OR ""ulcerative colitis""[All Fields] OR ""colitis""[All Fields] OR ""intestinal barrier""[All Fields] OR ""gut barrier""[All Fields] OR ""intestinal mucosa""[All Fields] OR ""intestinal mucosal barrier""[All Fields] OR ""mucosal barrier""[All Fields])",0,0,True,,data\formal_analysis\genecards_multisource_pairs_20_strict\pubmed_all_pair_evidence\raw\run_20260926T115108Z\rank_27\broad_all_fields\esearch_request.json,c2797ccddbd6b1977d77c00e9b2b309220e2349f0ba1f5137dda5a433b8d03b2,data\formal_analysis\genecards_multisource_pairs_20_strict\pubmed_all_pair_evidence\raw\run_20260926T115108Z\rank_27\broad_all_fields\esearch_response.json,92cdb5bc49b648547b61e179d3ab694beadfa181f0f660de9fcf000818272895,data\formal_analysis\genecards_multisource_pairs_20_strict\pubmed_all_pair_evidence\raw\run_20260926T115108Z\rank_27\broad_all_fields\parsed_articles.json,4f53cda18c2baa0c0354bb5f9a3ecbe5ed12ab4d8e11ba873c2f11161202b945,,,,
run_20260926T115108Z,2026-09-26T11:51:08.948468+00:00,28,槐米,莲子,槐米＋莲子,strict_title_abstract,Title/Abstract,"(""Sophora japonica""[Title/Abstract]) AND (""LianZi""[Title/Abstract] OR ""Nelumbo nucifera Gaertn.""[Title/Abstract] OR ""Nelumbo nucifera""[Title/Abstract]) AND (""Colitis, Ulcerative""[MeSH Terms] OR ""ulcerative colitis""[Title/Abstract] OR ""colitis""[Title/Abstract] OR ""intestinal barrier""[Title/Abstract] OR ""gut barrier""[Title/Abstract] OR ""intestinal mucosa""[Title/Abstract] OR ""intestinal mucosal barrier""[Title/Abstract] OR ""mucosal barrier""[Title/Abstract])","""Sophora japonica""[Title/Abstract] AND (""LianZi""[Title/Abstract] OR ""nelumbo nucifera gaertn""[Title/Abstract] OR ""Nelumbo nucifera""[Title/Abstract]) AND (""colitis, ulcerative""[MeSH Terms] OR ""ulcerative colitis""[Title/Abstract] OR ""colitis""[Title/Abstract] OR ""intestinal barrier""[Title/Abstract] OR ""gut barrier""[Title/Abstract] OR ""intestinal mucosa""[Title/Abstract] OR ""intestinal mucosal barrier""[Title/Abstract] OR ""mucosal barrier""[Title/Abstract])",0,0,True,,data\formal_analysis\genecards_multisource_pairs_20_strict\pubmed_all_pair_evidence\raw\run_20260926T115108Z\rank_28\strict_title_abstract\esearch_request.json,e3916266cd3ed122f1be12e5bce5ec51f8ab2749963139bf6baf7c890e19d7b1,data\formal_analysis\genecards_multisource_pairs_20_strict\pubmed_all_pair_evidence\raw\run_20260926T115108Z\rank_28\strict_title_abstract\esearch_response.json,467028504dc7892c2f4e758e1bffa736121ecf5d26bbcb1633d9936b100bab64,data\formal_analysis\genecards_multisource_pairs_20_strict\pubmed_all_pair_evidence\raw\run_20260926T115108Z\rank_28\strict_title_abstract\parsed_articles.json,4f53cda18c2baa0c0354bb5f9a3ecbe5ed12ab4d8e11ba873c2f11161202b945,,,,
run_20260926T115108Z,2026-09-26T11:51:08.948468+00:00,28,槐米,莲子,槐米＋莲子,broad_all_fields,All Fields,"(""Sophora japonica""[All Fields]) AND (""LianZi""[All Fields] OR ""Nelumbo nucifera Gaertn.""[All Fields] OR ""Nelumbo nucifera""[All Fields]) AND (""Colitis, Ulcerative""[MeSH Terms] OR ""ulcerative colitis""[All Fields] OR ""colitis""[All Fields] OR ""intestinal barrier""[All Fields] OR ""gut barrier""[All Fields] OR ""intestinal mucosa""[All Fields] OR ""intestinal mucosal barrier""[All Fields] OR ""mucosal barrier""[All Fields])","""Sophora japonica""[All Fields] AND (""LianZi""[All Fields] OR ""nelumbo nucifera gaertn""[All Fields] OR ""Nelumbo nucifera""[All Fields]) AND (""colitis, ulcerative""[MeSH Terms] OR ""ulcerative colitis""[All Fields] OR ""colitis""[All Fields] OR ""intestinal barrier""[All Fields] OR ""gut barrier""[All Fields] OR ""intestinal mucosa""[All Fields] OR ""intestinal mucosal barrier""[All Fields] OR ""mucosal barrier""[All Fields])",0,0,True,,data\formal_analysis\genecards_multisource_pairs_20_strict\pubmed_all_pair_evidence\raw\run_20260926T115108Z\rank_28\broad_all_fields\esearch_request.json,3aa1dd2cc25c96976b7e89aa1271b658a32d1ba413df74d6febb95d0b93f9bf6,data\formal_analysis\genecards_multisource_pairs_20_strict\pubmed_all_pair_evidence\raw\run_20260926T115108Z\rank_28\broad_all_fields\esearch_response.json,aee37f1176ed694e4757e7be3630a129d7654af655d254ef083bb21ce066ac0e,data\formal_analysis\genecards_multisource_pairs_20_strict\pubmed_all_pair_evidence\raw\run_20260926T115108Z\rank_28\broad_all_fields\parsed_articles.json,4f53cda18c2baa0c0354bb5f9a3ecbe5ed12ab4d8e11ba873c2f11161202b945,,,,
run_20260926T115108Z,2026-09-26T11:51:08.948468+00:00,29,槐米,藿香,槐米＋藿香,strict_title_abstract,Title/Abstract,"(""Sophora japonica""[Title/Abstract]) AND (""HuoXiang""[Title/Abstract] OR ""Pogostemon cablin(Blanco)Benth.""[Title/Abstract] OR ""Pogostemon cablin""[Title/Abstract]) AND (""Colitis, Ulcerative""[MeSH Terms] OR ""ulcerative colitis""[Title/Abstract] OR ""colitis""[Title/Abstract] OR ""intestinal barrier""[Title/Abstract] OR ""gut barrier""[Title/Abstract] OR ""intestinal mucosa""[Title/Abstract] OR ""intestinal mucosal barrier""[Title/Abstract] OR ""mucosal barrier""[Title/Abstract])","""Sophora japonica""[Title/Abstract] AND (""HuoXiang""[Title/Abstract] OR ""pogostemon cablin blanco benth""[Title/Abstract] OR ""Pogostemon cablin""[Title/Abstract]) AND (""colitis, ulcerative""[MeSH Terms] OR ""ulcerative colitis""[Title/Abstract] OR ""colitis""[Title/Abstract] OR ""intestinal barrier""[Title/Abstract] OR ""gut barrier""[Title/Abstract] OR ""intestinal mucosa""[Title/Abstract] OR ""intestinal mucosal barrier""[Title/Abstract] OR ""mucosal barrier""[Title/Abstract])",0,0,True,,data\formal_analysis\genecards_multisource_pairs_20_strict\pubmed_all_pair_evidence\raw\run_20260926T115108Z\rank_29\strict_title_abstract\esearch_request.json,f85eaa37a071219152db000591257816cac0bac7d9f356920c48c0d9a6c8f7fa,data\formal_analysis\genecards_multisource_pairs_20_strict\pubmed_all_pair_evidence\raw\run_20260926T115108Z\rank_29\strict_title_abstract\esearch_response.json,b32a15b16ea2ec2565b19e5d22173c8f218801bbb3e52d71b9780253733a8d50,data\formal_analysis\genecards_multisource_pairs_20_strict\pubmed_all_pair_evidence\raw\run_20260926T115108Z\rank_29\strict_title_abstract\parsed_articles.json,4f53cda18c2baa0c0354bb5f9a3ecbe5ed12ab4d8e11ba873c2f11161202b945,,,,
run_20260926T115108Z,2026-09-26T11:51:08.948468+00:00,29,槐米,藿香,槐米＋藿香,broad_all_fields,All Fields,"(""Sophora japonica""[All Fields]) AND (""HuoXiang""[All Fields] OR ""Pogostemon cablin(Blanco)Benth.""[All Fields] OR ""Pogostemon cablin""[All Fields]) AND (""Colitis, Ulcerative""[MeSH Terms] OR ""ulcerative colitis""[All Fields] OR ""colitis""[All Fields] OR ""intestinal barrier""[All Fields] OR ""gut barrier""[All Fields] OR ""intestinal mucosa""[All Fields] OR ""intestinal mucosal barrier""[All Fields] OR ""mucosal barrier""[All Fields])","""Sophora japonica""[All Fields] AND (""HuoXiang""[All Fields] OR ""pogostemon cablin blanco benth""[All Fields] OR ""Pogostemon cablin""[All Fields]) AND (""colitis, ulcerative""[MeSH Terms] OR ""ulcerative colitis""[All Fields] OR ""colitis""[All Fields] OR ""intestinal barrier""[All Fields] OR ""gut barrier""[All Fields] OR ""intestinal mucosa""[All Fields] OR ""intestinal mucosal barrier""[All Fields] OR ""mucosal barrier""[All Fields])",0,0,True,,data\formal_analysis\genecards_multisource_pairs_20_strict\pubmed_all_pair_evidence\raw\run_20260926T115108Z\rank_29\broad_all_fields\esearch_request.json,4d22ff8d3d0837cf2456147665663fbb2a93d29709e523ce0532797cad3e4e3f,data\formal_analysis\genecards_multisource_pairs_20_strict\pubmed_all_pair_evidence\raw\run_20260926T115108Z\rank_29\broad_all_fields\esearch_response.json,c562ae3e05210c3bcba001dbb795a61f439292bdd28771e656e413cc82ea03e8,data\formal_analysis\genecards_multisource_pairs_20_strict\pubmed_all_pair_evidence\raw\run_20260926T115108Z\rank_29\broad_all_fields\parsed_articles.json,4f53cda18c2baa0c0354bb5f9a3ecbe5ed12ab4d8e11ba873c2f11161202b945,,,,
run_20260926T115108Z,2026-09-26T11:51:08.948468+00:00,30,山药,陈皮,山药＋陈皮,strict_title_abstract,Title/Abstract,"(""Shanyao""[Title/Abstract] OR ""Rhizoma Dioscoreae""[Title/Abstract] OR ""Dioscorea opposita""[Title/Abstract]) AND (""Chenpi""[Title/Abstract] OR ""Citrus Reticulata""[Title/Abstract]) AND (""Colitis, Ulcerative""[MeSH Terms] OR ""ulcerative colitis""[Title/Abstract] OR ""colitis""[Title/Abstract] OR ""intestinal barrier""[Title/Abstract] OR ""gut barrier""[Title/Abstract] OR ""intestinal mucosa""[Title/Abstract] OR ""intestinal mucosal barrier""[Title/Abstract] OR ""mucosal barrier""[Title/Abstract])","(""Shanyao""[Title/Abstract] OR ""Rhizoma Dioscoreae""[Title/Abstract] OR ""Dioscorea opposita""[Title/Abstract]) AND (""Chenpi""[Title/Abstract] OR ""Citrus Reticulata""[Title/Abstract]) AND (""colitis, ulcerative""[MeSH Terms] OR ""ulcerative colitis""[Title/Abstract] OR ""colitis""[Title/Abstract] OR ""intestinal barrier""[Title/Abstract] OR ""gut barrier""[Title/Abstract] OR ""intestinal mucosa""[Title/Abstract] OR ""intestinal mucosal barrier""[Title/Abstract] OR ""mucosal barrier""[Title/Abstract])",0,0,True,,data\formal_analysis\genecards_multisource_pairs_20_strict\pubmed_all_pair_evidence\raw\run_20260926T115108Z\rank_30\strict_title_abstract\esearch_request.json,b446c9b541d6d3fe6a584b172256a81c17fb83a4affab5fdb9c7db4b7fdc3955,data\formal_analysis\genecards_multisource_pairs_20_strict\pubmed_all_pair_evidence\raw\run_20260926T115108Z\rank_30\strict_title_abstract\esearch_response.json,e14ed5ea39c45c2a24f0abe67987e9888698fe9ab8c772447d5b5bc0deb97595,data\formal_analysis\genecards_multisource_pairs_20_strict\pubmed_all_pair_evidence\raw\run_20260926T115108Z\rank_30\strict_title_abstract\parsed_articles.json,4f53cda18c2baa0c0354bb5f9a3ecbe5ed12ab4d8e11ba873c2f11161202b945,,,,
run_20260926T115108Z,2026-09-26T11:51:08.948468+00:00,30,山药,陈皮,山药＋陈皮,broad_all_fields,All Fields,"(""Shanyao""[All Fields] OR ""Rhizoma Dioscoreae""[All Fields] OR ""Dioscorea opposita""[All Fields]) AND (""Chenpi""[All Fields] OR ""Citrus Reticulata""[All Fields]) AND (""Colitis, Ulcerative""[MeSH Terms] OR ""ulcerative colitis""[All Fields] OR ""colitis""[All Fields] OR ""intestinal barrier""[All Fields] OR ""gut barrier""[All Fields] OR ""intestinal mucosa""[All Fields] OR ""intestinal mucosal barrier""[All Fields] OR ""mucosal barrier""[All Fields])","(""Shanyao""[All Fields] OR ""Rhizoma Dioscoreae""[All Fields] OR ""Dioscorea opposita""[All Fields]) AND (""Chenpi""[All Fields] OR ""Citrus Reticulata""[All Fields]) AND (""colitis, ulcerative""[MeSH Terms] OR ""ulcerative colitis""[All Fields] OR ""colitis""[All Fields] OR ""intestinal barrier""[All Fields] OR ""gut barrier""[All Fields] OR ""intestinal mucosa""[All Fields] OR ""intestinal mucosal barrier""[All Fields] OR ""mucosal barrier""[All Fields])",0,0,True,,data\formal_analysis\genecards_multisource_pairs_20_strict\pubmed_all_pair_evidence\raw\run_20260926T115108Z\rank_30\broad_all_fields\esearch_request.json,7f030a5c92ac4698a5c9922114a60b37f429e54a16a5c246a5a6d72bda44bdd4,data\formal_analysis\genecards_multisource_pairs_20_strict\pubmed_all_pair_evidence\raw\run_20260926T115108Z\rank_30\broad_all_fields\esearch_response.json,c551ee66e7fa308e16ad61a693f2895258932cbc1ab4f14ca99a55f3760b0e3b,data\formal_analysis\genecards_multisource_pairs_20_strict\pubmed_all_pair_evidence\raw\run_20260926T115108Z\rank_30\broad_all_fields\parsed_articles.json,4f53cda18c2baa0c0354bb5f9a3ecbe5ed12ab4d8e11ba873c2f11161202b945,,,,
run_20260926T115108Z,2026-09-26T11:51:08.948468+00:00,31,蒲公英,山药,蒲公英＋山药,strict_title_abstract,Title/Abstract,"(""Pu Gong Ying""[Title/Abstract] OR ""Dandelion""[Title/Abstract] OR ""Herba Taraxaci""[Title/Abstract] OR ""Taraxaci Herba""[Title/Abstract] OR ""Taraxacum mongolicum""[Title/Abstract] OR ""Taraxacum sinicum""[Title/Abstract]) AND (""Shanyao""[Title/Abstract] OR ""Rhizoma Dioscoreae""[Title/Abstract] OR ""Dioscorea opposita""[Title/Abstract]) AND (""Colitis, Ulcerative""[MeSH Terms] OR ""ulcerative colitis""[Title/Abstract] OR ""colitis""[Title/Abstract] OR ""intestinal barrier""[Title/Abstract] OR ""gut barrier""[Title/Abstract] OR ""intestinal mucosa""[Title/Abstract] OR ""intestinal mucosal barrier""[Title/Abstract] OR ""mucosal barrier""[Title/Abstract])","(""Pu Gong Ying""[Title/Abstract] OR ""Dandelion""[Title/Abstract] OR ""Herba Taraxaci""[Title/Abstract] OR ""Taraxaci Herba""[Title/Abstract] OR ""Taraxacum mongolicum""[Title/Abstract] OR ""Taraxacum sinicum""[Title/Abstract]) AND (""Shanyao""[Title/Abstract] OR ""Rhizoma Dioscoreae""[Title/Abstract] OR ""Dioscorea opposita""[Title/Abstract]) AND (""colitis, ulcerative""[MeSH Terms] OR ""ulcerative colitis""[Title/Abstract] OR ""colitis""[Title/Abstract] OR ""intestinal barrier""[Title/Abstract] OR ""gut barrier""[Title/Abstract] OR ""intestinal mucosa""[Title/Abstract] OR ""intestinal mucosal barrier""[Title/Abstract] OR ""mucosal barrier""[Title/Abstract])",0,0,True,,data\formal_analysis\genecards_multisource_pairs_20_strict\pubmed_all_pair_evidence\raw\run_20260926T115108Z\rank_31\strict_title_abstract\esearch_request.json,c5c3e92cdadf02446ec0b0617983fc974392f9c2910a5a87535925773ab9e1c9,data\formal_analysis\genecards_multisource_pairs_20_strict\pubmed_all_pair_evidence\raw\run_20260926T115108Z\rank_31\strict_title_abstract\esearch_response.json,f75fa7e231c8851a7f24ef86cb6b5bcb2f7409098e4330a9f313d18860470403,data\formal_analysis\genecards_multisource_pairs_20_strict\pubmed_all_pair_evidence\raw\run_20260926T115108Z\rank_31\strict_title_abstract\parsed_articles.json,4f53cda18c2baa0c0354bb5f9a3ecbe5ed12ab4d8e11ba873c2f11161202b945,,,,
run_20260926T115108Z,2026-09-26T11:51:08.948468+00:00,31,蒲公英,山药,蒲公英＋山药,broad_all_fields,All Fields,"(""Pu Gong Ying""[All Fields] OR ""Dandelion""[All Fields] OR ""Herba Taraxaci""[All Fields] OR ""Taraxaci Herba""[All Fields] OR ""Taraxacum mongolicum""[All Fields] OR ""Taraxacum sinicum""[All Fields]) AND (""Shanyao""[All Fields] OR ""Rhizoma Dioscoreae""[All Fields] OR ""Dioscorea opposita""[All Fields]) AND (""Colitis, Ulcerative""[MeSH Terms] OR ""ulcerative colitis""[All Fields] OR ""colitis""[All Fields] OR ""intestinal barrier""[All Fields] OR ""gut barrier""[All Fields] OR ""intestinal mucosa""[All Fields] OR ""intestinal mucosal barrier""[All Fields] OR ""mucosal barrier""[All Fields])","(""Pu Gong Ying""[All Fields] OR ""Dandelion""[All Fields] OR ""Herba Taraxaci""[All Fields] OR ""Taraxaci Herba""[All Fields] OR ""Taraxacum mongolicum""[All Fields] OR ""Taraxacum sinicum""[All Fields]) AND (""Shanyao""[All Fields] OR ""Rhizoma Dioscoreae""[All Fields] OR ""Dioscorea opposita""[All Fields]) AND (""colitis, ulcerative""[MeSH Terms] OR ""ulcerative colitis""[All Fields] OR ""colitis""[All Fields] OR ""intestinal barrier""[All Fields] OR ""gut barrier""[All Fields] OR ""intestinal mucosa""[All Fields] OR ""intestinal mucosal barrier""[All Fields] OR ""mucosal barrier""[All Fields])",0,0,True,,data\formal_analysis\genecards_multisource_pairs_20_strict\pubmed_all_pair_evidence\raw\run_20260926T115108Z\rank_31\broad_all_fields\esearch_request.json,51f8d2371d07ffe8625f3732c64c0a0ba32f57b044a05df014a9aa1817b83c8f,data\formal_analysis\genecards_multisource_pairs_20_strict\pubmed_all_pair_evidence\raw\run_20260926T115108Z\rank_31\broad_all_fields\esearch_response.json,03ae4492af91fd956574a19a846e089950845b09a9e113fdb128cbd21a41c172,data\formal_analysis\genecards_multisource_pairs_20_strict\pubmed_all_pair_evidence\raw\run_20260926T115108Z\rank_31\broad_all_fields\parsed_articles.json,4f53cda18c2baa0c0354bb5f9a3ecbe5ed12ab4d8e11ba873c2f11161202b945,,,,
run_20260926T115108Z,2026-09-26T11:51:08.948468+00:00,32,金银花,陈皮,金银花＋陈皮,strict_title_abstract,Title/Abstract,"(""Jinyinhua""[Title/Abstract] OR ""Lonicerae Japonicae Flos""[Title/Abstract] OR ""Lonicera japonica""[Title/Abstract]) AND (""Chenpi""[Title/Abstract] OR ""Citrus Reticulata""[Title/Abstract]) AND (""Colitis, Ulcerative""[MeSH Terms] OR ""ulcerative colitis""[Title/Abstract] OR ""colitis""[Title/Abstract] OR ""intestinal barrier""[Title/Abstract] OR ""gut barrier""[Title/Abstract] OR ""intestinal mucosa""[Title/Abstract] OR ""intestinal mucosal barrier""[Title/Abstract] OR ""mucosal barrier""[Title/Abstract])","(""Jinyinhua""[Title/Abstract] OR ""Lonicerae Japonicae Flos""[Title/Abstract] OR ""Lonicera japonica""[Title/Abstract]) AND (""Chenpi""[Title/Abstract] OR ""Citrus Reticulata""[Title/Abstract]) AND (""colitis, ulcerative""[MeSH Terms] OR ""ulcerative colitis""[Title/Abstract] OR ""colitis""[Title/Abstract] OR ""intestinal barrier""[Title/Abstract] OR ""gut barrier""[Title/Abstract] OR ""intestinal mucosa""[Title/Abstract] OR ""intestinal mucosal barrier""[Title/Abstract] OR ""mucosal barrier""[Title/Abstract])",0,0,True,,data\formal_analysis\genecards_multisource_pairs_20_strict\pubmed_all_pair_evidence\raw\run_20260926T115108Z\rank_32\strict_title_abstract\esearch_request.json,ef1c5dbf536d407edfe370260e3b1b35e6b7c92305fa8dbe66ca5c298810896b,data\formal_analysis\genecards_multisource_pairs_20_strict\pubmed_all_pair_evidence\raw\run_20260926T115108Z\rank_32\strict_title_abstract\esearch_response.json,b5864f806f9d095257040aed02a7bc930d8648ee66431dd77bf1d943f34ddfbf,data\formal_analysis\genecards_multisource_pairs_20_strict\pubmed_all_pair_evidence\raw\run_20260926T115108Z\rank_32\strict_title_abstract\parsed_articles.json,4f53cda18c2baa0c0354bb5f9a3ecbe5ed12ab4d8e11ba873c2f11161202b945,,,,
run_20260926T115108Z,2026-09-26T11:51:08.948468+00:00,32,金银花,陈皮,金银花＋陈皮,broad_all_fields,All Fields,"(""Jinyinhua""[All Fields] OR ""Lonicerae Japonicae Flos""[All Fields] OR ""Lonicera japonica""[All Fields]) AND (""Chenpi""[All Fields] OR ""Citrus Reticulata""[All Fields]) AND (""Colitis, Ulcerative""[MeSH Terms] OR ""ulcerative colitis""[All Fields] OR ""colitis""[All Fields] OR ""intestinal barrier""[All Fields] OR ""gut barrier""[All Fields] OR ""intestinal mucosa""[All Fields] OR ""intestinal mucosal barrier""[All Fields] OR ""mucosal barrier""[All Fields])","(""Jinyinhua""[All Fields] OR ""Lonicerae Japonicae Flos""[All Fields] OR ""Lonicera japonica""[All Fields]) AND (""Chenpi""[All Fields] OR ""Citrus Reticulata""[All Fields]) AND (""colitis, ulcerative""[MeSH Terms] OR ""ulcerative colitis""[All Fields] OR ""colitis""[All Fields] OR ""intestinal barrier""[All Fields] OR ""gut barrier""[All Fields] OR ""intestinal mucosa""[All Fields] OR ""intestinal mucosal barrier""[All Fields] OR ""mucosal barrier""[All Fields])",0,0,True,,data\formal_analysis\genecards_multisource_pairs_20_strict\pubmed_all_pair_evidence\raw\run_20260926T115108Z\rank_32\broad_all_fields\esearch_request.json,c63ee925020cf1eddfb231d390fef7e5dec395218b98212bc6affc5afe0d1033,data\formal_analysis\genecards_multisource_pairs_20_strict\pubmed_all_pair_evidence\raw\run_20260926T115108Z\rank_32\broad_all_fields\esearch_response.json,28b90060f8c62fbdd232d9c048be17b9e875157e6e2a213342b02315fda146ae,data\formal_analysis\genecards_multisource_pairs_20_strict\pubmed_all_pair_evidence\raw\run_20260926T115108Z\rank_32\broad_all_fields\parsed_articles.json,4f53cda18c2baa0c0354bb5f9a3ecbe5ed12ab4d8e11ba873c2f11161202b945,,,,
run_20260926T115108Z,2026-09-26T11:51:08.948468+00:00,33,马齿苋,陈皮,马齿苋＋陈皮,strict_title_abstract,Title/Abstract,"(""Machixian""[Title/Abstract] OR ""Portulacae Herba""[Title/Abstract] OR ""Portulaca oleracea""[Title/Abstract]) AND (""Chenpi""[Title/Abstract] OR ""Citrus Reticulata""[Title/Abstract]) AND (""Colitis, Ulcerative""[MeSH Terms] OR ""ulcerative colitis""[Title/Abstract] OR ""colitis""[Title/Abstract] OR ""intestinal barrier""[Title/Abstract] OR ""gut barrier""[Title/Abstract] OR ""intestinal mucosa""[Title/Abstract] OR ""intestinal mucosal barrier""[Title/Abstract] OR ""mucosal barrier""[Title/Abstract])","(""Machixian""[Title/Abstract] OR ""Portulacae Herba""[Title/Abstract] OR ""Portulaca oleracea""[Title/Abstract]) AND (""Chenpi""[Title/Abstract] OR ""Citrus Reticulata""[Title/Abstract]) AND (""colitis, ulcerative""[MeSH Terms] OR ""ulcerative colitis""[Title/Abstract] OR ""colitis""[Title/Abstract] OR ""intestinal barrier""[Title/Abstract] OR ""gut barrier""[Title/Abstract] OR ""intestinal mucosa""[Title/Abstract] OR ""intestinal mucosal barrier""[Title/Abstract] OR ""mucosal barrier""[Title/Abstract])",0,0,True,,data\formal_analysis\genecards_multisource_pairs_20_strict\pubmed_all_pair_evidence\raw\run_20260926T115108Z\rank_33\strict_title_abstract\esearch_request.json,4de954ed0a7dce07f84792b80aa9719b7ff564785d8b8bc1ac8a601ff777ab7f,data\formal_analysis\genecards_multisource_pairs_20_strict\pubmed_all_pair_evidence\raw\run_20260926T115108Z\rank_33\strict_title_abstract\esearch_response.json,bf7b27786c84964a2eda99d4125df09e8972f8d998312d1388aba0561c18997a,data\formal_analysis\genecards_multisource_pairs_20_strict\pubmed_all_pair_evidence\raw\run_20260926T115108Z\rank_33\strict_title_abstract\parsed_articles.json,4f53cda18c2baa0c0354bb5f9a3ecbe5ed12ab4d8e11ba873c2f11161202b945,,,,
run_20260926T115108Z,2026-09-26T11:51:08.948468+00:00,33,马齿苋,陈皮,马齿苋＋陈皮,broad_all_fields,All Fields,"(""Machixian""[All Fields] OR ""Portulacae Herba""[All Fields] OR ""Portulaca oleracea""[All Fields]) AND (""Chenpi""[All Fields] OR ""Citrus Reticulata""[All Fields]) AND (""Colitis, Ulcerative""[MeSH Terms] OR ""ulcerative colitis""[All Fields] OR ""colitis""[All Fields] OR ""intestinal barrier""[All Fields] OR ""gut barrier""[All Fields] OR ""intestinal mucosa""[All Fields] OR ""intestinal mucosal barrier""[All Fields] OR ""mucosal barrier""[All Fields])","(""Machixian""[All Fields] OR ""Portulacae Herba""[All Fields] OR ""Portulaca oleracea""[All Fields]) AND (""Chenpi""[All Fields] OR ""Citrus Reticulata""[All Fields]) AND (""colitis, ulcerative""[MeSH Terms] OR ""ulcerative colitis""[All Fields] OR ""colitis""[All Fields] OR ""intestinal barrier""[All Fields] OR ""gut barrier""[All Fields] OR ""intestinal mucosa""[All Fields] OR ""intestinal mucosal barrier""[All Fields] OR ""mucosal barrier""[All Fields])",0,0,True,,data\formal_analysis\genecards_multisource_pairs_20_strict\pubmed_all_pair_evidence\raw\run_20260926T115108Z\rank_33\broad_all_fields\esearch_request.json,d74c292167ef76803dd3c2eeb8340b55791da914566408154f3ad4f36383c6e1,data\formal_analysis\genecards_multisource_pairs_20_strict\pubmed_all_pair_evidence\raw\run_20260926T115108Z\rank_33\broad_all_fields\esearch_response.json,0437eb3663c70d455c57af1472f35e02bf770a7630e3357e913db44f9cf5d40a,data\formal_analysis\genecards_multisource_pairs_20_strict\pubmed_all_pair_evidence\raw\run_20260926T115108Z\rank_33\broad_all_fields\parsed_articles.json,4f53cda18c2baa0c0354bb5f9a3ecbe5ed12ab4d8e11ba873c2f11161202b945,,,,
run_20260926T115108Z,2026-09-26T11:51:08.948468+00:00,34,陈皮,乌梅,陈皮＋乌梅,strict_title_abstract,Title/Abstract,"(""Chenpi""[Title/Abstract] OR ""Citrus Reticulata""[Title/Abstract]) AND (""Wumei""[Title/Abstract] OR ""Mume Fructus""[Title/Abstract] OR ""Prunus mume""[Title/Abstract]) AND (""Colitis, Ulcerative""[MeSH Terms] OR ""ulcerative colitis""[Title/Abstract] OR ""colitis""[Title/Abstract] OR ""intestinal barrier""[Title/Abstract] OR ""gut barrier""[Title/Abstract] OR ""intestinal mucosa""[Title/Abstract] OR ""intestinal mucosal barrier""[Title/Abstract] OR ""mucosal barrier""[Title/Abstract])","(""Chenpi""[Title/Abstract] OR ""Citrus Reticulata""[Title/Abstract]) AND (""Wumei""[Title/Abstract] OR ""Mume Fructus""[Title/Abstract] OR ""Prunus mume""[Title/Abstract]) AND (""colitis, ulcerative""[MeSH Terms] OR ""ulcerative colitis""[Title/Abstract] OR ""colitis""[Title/Abstract] OR ""intestinal barrier""[Title/Abstract] OR ""gut barrier""[Title/Abstract] OR ""intestinal mucosa""[Title/Abstract] OR ""intestinal mucosal barrier""[Title/Abstract] OR ""mucosal barrier""[Title/Abstract])",0,0,True,,data\formal_analysis\genecards_multisource_pairs_20_strict\pubmed_all_pair_evidence\raw\run_20260926T115108Z\rank_34\strict_title_abstract\esearch_request.json,b9a6016acc39a7bb9ec0b4ffb7bf6a856cbfe8d3ac0bf8436187c3c82e96e5e3,data\formal_analysis\genecards_multisource_pairs_20_strict\pubmed_all_pair_evidence\raw\run_20260926T115108Z\rank_34\strict_title_abstract\esearch_response.json,c2997217ed13a018afe29ee202a20c1c0dde14da59878cacfdcf7d1defd1e2c3,data\formal_analysis\genecards_multisource_pairs_20_strict\pubmed_all_pair_evidence\raw\run_20260926T115108Z\rank_34\strict_title_abstract\parsed_articles.json,4f53cda18c2baa0c0354bb5f9a3ecbe5ed12ab4d8e11ba873c2f11161202b945,,,,
run_20260926T115108Z,2026-09-26T11:51:08.948468+00:00,34,陈皮,乌梅,陈皮＋乌梅,broad_all_fields,All Fields,"(""Chenpi""[All Fields] OR ""Citrus Reticulata""[All Fields]) AND (""Wumei""[All Fields] OR ""Mume Fructus""[All Fields] OR ""Prunus mume""[All Fields]) AND (""Colitis, Ulcerative""[MeSH Terms] OR ""ulcerative colitis""[All Fields] OR ""colitis""[All Fields] OR ""intestinal barrier""[All Fields] OR ""gut barrier""[All Fields] OR ""intestinal mucosa""[All Fields] OR ""intestinal mucosal barrier""[All Fields] OR ""mucosal barrier""[All Fields])","(""Chenpi""[All Fields] OR ""Citrus Reticulata""[All Fields]) AND (""Wumei""[All Fields] OR ""Mume Fructus""[All Fields] OR ""Prunus mume""[All Fields]) AND (""colitis, ulcerative""[MeSH Terms] OR ""ulcerative colitis""[All Fields] OR ""colitis""[All Fields] OR ""intestinal barrier""[All Fields] OR ""gut barrier""[All Fields] OR ""intestinal mucosa""[All Fields] OR ""intestinal mucosal barrier""[All Fields] OR ""mucosal barrier""[All Fields])",0,0,True,,data\formal_analysis\genecards_multisource_pairs_20_strict\pubmed_all_pair_evidence\raw\run_20260926T115108Z\rank_34\broad_all_fields\esearch_request.json,783817db5bebcf62acb17cf1db2db4ec92ed2d37922e4eda0f34b074e6aea986,data\formal_analysis\genecards_multisource_pairs_20_strict\pubmed_all_pair_evidence\raw\run_20260926T115108Z\rank_34\broad_all_fields\esearch_response.json,c260c82759afb2679662c97fd8f49eca2ac68a2eadda3fa019dd5dab7cd9ac3a,data\formal_analysis\genecards_multisource_pairs_20_strict\pubmed_all_pair_evidence\raw\run_20260926T115108Z\rank_34\broad_all_fields\parsed_articles.json,4f53cda18c2baa0c0354bb5f9a3ecbe5ed12ab4d8e11ba873c2f11161202b945,,,,
run_20260926T115108Z,2026-09-26T11:51:08.948468+00:00,35,陈皮,大枣,陈皮＋大枣,strict_title_abstract,Title/Abstract,"(""Chenpi""[Title/Abstract] OR ""Citrus Reticulata""[Title/Abstract]) AND (""Dazao""[Title/Abstract] OR ""Jujubae Fructus""[Title/Abstract] OR ""Ziziphus jujuba""[Title/Abstract]) AND (""Colitis, Ulcerative""[MeSH Terms] OR ""ulcerative colitis""[Title/Abstract] OR ""colitis""[Title/Abstract] OR ""intestinal barrier""[Title/Abstract] OR ""gut barrier""[Title/Abstract] OR ""intestinal mucosa""[Title/Abstract] OR ""intestinal mucosal barrier""[Title/Abstract] OR ""mucosal barrier""[Title/Abstract])","(""Chenpi""[Title/Abstract] OR ""Citrus Reticulata""[Title/Abstract]) AND (""Dazao""[Title/Abstract] OR ""Jujubae Fructus""[Title/Abstract] OR ""Ziziphus jujuba""[Title/Abstract]) AND (""colitis, ulcerative""[MeSH Terms] OR ""ulcerative colitis""[Title/Abstract] OR ""colitis""[Title/Abstract] OR ""intestinal barrier""[Title/Abstract] OR ""gut barrier""[Title/Abstract] OR ""intestinal mucosa""[Title/Abstract] OR ""intestinal mucosal barrier""[Title/Abstract] OR ""mucosal barrier""[Title/Abstract])",0,0,True,,data\formal_analysis\genecards_multisource_pairs_20_strict\pubmed_all_pair_evidence\raw\run_20260926T115108Z\rank_35\strict_title_abstract\esearch_request.json,b94876352c767f0871eaba842fc9535f4b2a96d9a2e5e0df3d8da8eb2e5f37da,data\formal_analysis\genecards_multisource_pairs_20_strict\pubmed_all_pair_evidence\raw\run_20260926T115108Z\rank_35\strict_title_abstract\esearch_response.json,7bbb003989e78088fffb474a781a7d3ec0b83799cccb312b899d530ae0dbd9ed,data\formal_analysis\genecards_multisource_pairs_20_strict\pubmed_all_pair_evidence\raw\run_20260926T115108Z\rank_35\strict_title_abstract\parsed_articles.json,4f53cda18c2baa0c0354bb5f9a3ecbe5ed12ab4d8e11ba873c2f11161202b945,,,,
run_20260926T115108Z,2026-09-26T11:51:08.948468+00:00,35,陈皮,大枣,陈皮＋大枣,broad_all_fields,All Fields,"(""Chenpi""[All Fields] OR ""Citrus Reticulata""[All Fields]) AND (""Dazao""[All Fields] OR ""Jujubae Fructus""[All Fields] OR ""Ziziphus jujuba""[All Fields]) AND (""Colitis, Ulcerative""[MeSH Terms] OR ""ulcerative colitis""[All Fields] OR ""colitis""[All Fields] OR ""intestinal barrier""[All Fields] OR ""gut barrier""[All Fields] OR ""intestinal mucosa""[All Fields] OR ""intestinal mucosal barrier""[All Fields] OR ""mucosal barrier""[All Fields])","(""Chenpi""[All Fields] OR ""Citrus Reticulata""[All Fields]) AND (""Dazao""[All Fields] OR ""Jujubae Fructus""[All Fields] OR ""Ziziphus jujuba""[All Fields]) AND (""colitis, ulcerative""[MeSH Terms] OR ""ulcerative colitis""[All Fields] OR ""colitis""[All Fields] OR ""intestinal barrier""[All Fields] OR ""gut barrier""[All Fields] OR ""intestinal mucosa""[All Fields] OR ""intestinal mucosal barrier""[All Fields] OR ""mucosal barrier""[All Fields])",0,0,True,,data\formal_analysis\genecards_multisource_pairs_20_strict\pubmed_all_pair_evidence\raw\run_20260926T115108Z\rank_35\broad_all_fields\esearch_request.json,0a05b9e3a04a42857b230c8d67421c4f187810a4a9c347f78198a34c19762a57,data\formal_analysis\genecards_multisource_pairs_20_strict\pubmed_all_pair_evidence\raw\run_20260926T115108Z\rank_35\broad_all_fields\esearch_response.json,156c7213c89ac588986a9b7d189de14f5bdd6296efe8557669d7ce088a9cd9e8,data\formal_analysis\genecards_multisource_pairs_20_strict\pubmed_all_pair_evidence\raw\run_20260926T115108Z\rank_35\broad_all_fields\parsed_articles.json,4f53cda18c2baa0c0354bb5f9a3ecbe5ed12ab4d8e11ba873c2f11161202b945,,,,
run_20260926T115108Z,2026-09-26T11:51:08.948468+00:00,36,栀子,陈皮,栀子＋陈皮,strict_title_abstract,Title/Abstract,"(""Zhizi""[Title/Abstract] OR ""Gardeniae Fructus""[Title/Abstract] OR ""Gardenia jasminoides""[Title/Abstract]) AND (""Chenpi""[Title/Abstract] OR ""Citrus Reticulata""[Title/Abstract]) AND (""Colitis, Ulcerative""[MeSH Terms] OR ""ulcerative colitis""[Title/Abstract] OR ""colitis""[Title/Abstract] OR ""intestinal barrier""[Title/Abstract] OR ""gut barrier""[Title/Abstract] OR ""intestinal mucosa""[Title/Abstract] OR ""intestinal mucosal barrier""[Title/Abstract] OR ""mucosal barrier""[Title/Abstract])","(""Zhizi""[Title/Abstract] OR ""Gardeniae Fructus""[Title/Abstract] OR ""Gardenia jasminoides""[Title/Abstract]) AND (""Chenpi""[Title/Abstract] OR ""Citrus Reticulata""[Title/Abstract]) AND (""colitis, ulcerative""[MeSH Terms] OR ""ulcerative colitis""[Title/Abstract] OR ""colitis""[Title/Abstract] OR ""intestinal barrier""[Title/Abstract] OR ""gut barrier""[Title/Abstract] OR ""intestinal mucosa""[Title/Abstract] OR ""intestinal mucosal barrier""[Title/Abstract] OR ""mucosal barrier""[Title/Abstract])",0,0,True,,data\formal_analysis\genecards_multisource_pairs_20_strict\pubmed_all_pair_evidence\raw\run_20260926T115108Z\rank_36\strict_title_abstract\esearch_request.json,094ea62da32a8c752f6fe98fe5434c45374166064656cad2976a2ac2fd044d9e,data\formal_analysis\genecards_multisource_pairs_20_strict\pubmed_all_pair_evidence\raw\run_20260926T115108Z\rank_36\strict_title_abstract\esearch_response.json,b0cb972400c5799158993226183e3621c4018c01316d093ff2a7fa024251a170,data\formal_analysis\genecards_multisource_pairs_20_strict\pubmed_all_pair_evidence\raw\run_20260926T115108Z\rank_36\strict_title_abstract\parsed_articles.json,4f53cda18c2baa0c0354bb5f9a3ecbe5ed12ab4d8e11ba873c2f11161202b945,,,,
run_20260926T115108Z,2026-09-26T11:51:08.948468+00:00,36,栀子,陈皮,栀子＋陈皮,broad_all_fields,All Fields,"(""Zhizi""[All Fields] OR ""Gardeniae Fructus""[All Fields] OR ""Gardenia jasminoides""[All Fields]) AND (""Chenpi""[All Fields] OR ""Citrus Reticulata""[All Fields]) AND (""Colitis, Ulcerative""[MeSH Terms] OR ""ulcerative colitis""[All Fields] OR ""colitis""[All Fields] OR ""intestinal barrier""[All Fields] OR ""gut barrier""[All Fields] OR ""intestinal mucosa""[All Fields] OR ""intestinal mucosal barrier""[All Fields] OR ""mucosal barrier""[All Fields])","(""Zhizi""[All Fields] OR ""Gardeniae Fructus""[All Fields] OR ""Gardenia jasminoides""[All Fields]) AND (""Chenpi""[All Fields] OR ""Citrus Reticulata""[All Fields]) AND (""colitis, ulcerative""[MeSH Terms] OR ""ulcerative colitis""[All Fields] OR ""colitis""[All Fields] OR ""intestinal barrier""[All Fields] OR ""gut barrier""[All Fields] OR ""intestinal mucosa""[All Fields] OR ""intestinal mucosal barrier""[All Fields] OR ""mucosal barrier""[All Fields])",0,0,True,,data\formal_analysis\genecards_multisource_pairs_20_strict\pubmed_all_pair_evidence\raw\run_20260926T115108Z\rank_36\broad_all_fields\esearch_request.json,6ce24dbbc225efac4fc6e2398adcf76e0e5034c95b1dc3ec541ded1f2218120c,data\formal_analysis\genecards_multisource_pairs_20_strict\pubmed_all_pair_evidence\raw\run_20260926T115108Z\rank_36\broad_all_fields\esearch_response.json,6a7461acc94323544ceada791ab5206bb51a7bf0f80aff568e55cb0aee0a6165,data\formal_analysis\genecards_multisource_pairs_20_strict\pubmed_all_pair_evidence\raw\run_20260926T115108Z\rank_36\broad_all_fields\parsed_articles.json,4f53cda18c2baa0c0354bb5f9a3ecbe5ed12ab4d8e11ba873c2f11161202b945,,,,
run_20260926T115108Z,2026-09-26T11:51:08.948468+00:00,37,槐米,陈皮,槐米＋陈皮,strict_title_abstract,Title/Abstract,"(""Sophora japonica""[Title/Abstract]) AND (""Chenpi""[Title/Abstract] OR ""Citrus Reticulata""[Title/Abstract]) AND (""Colitis, Ulcerative""[MeSH Terms] OR ""ulcerative colitis""[Title/Abstract] OR ""colitis""[Title/Abstract] OR ""intestinal barrier""[Title/Abstract] OR ""gut barrier""[Title/Abstract] OR ""intestinal mucosa""[Title/Abstract] OR ""intestinal mucosal barrier""[Title/Abstract] OR ""mucosal barrier""[Title/Abstract])","""Sophora japonica""[Title/Abstract] AND (""Chenpi""[Title/Abstract] OR ""Citrus Reticulata""[Title/Abstract]) AND (""colitis, ulcerative""[MeSH Terms] OR ""ulcerative colitis""[Title/Abstract] OR ""colitis""[Title/Abstract] OR ""intestinal barrier""[Title/Abstract] OR ""gut barrier""[Title/Abstract] OR ""intestinal mucosa""[Title/Abstract] OR ""intestinal mucosal barrier""[Title/Abstract] OR ""mucosal barrier""[Title/Abstract])",0,0,True,,data\formal_analysis\genecards_multisource_pairs_20_strict\pubmed_all_pair_evidence\raw\run_20260926T115108Z\rank_37\strict_title_abstract\esearch_request.json,d588ebf6c457373a9f78a196c9d9b310893766c12b9c9b7b5af3e060bb771fa7,data\formal_analysis\genecards_multisource_pairs_20_strict\pubmed_all_pair_evidence\raw\run_20260926T115108Z\rank_37\strict_title_abstract\esearch_response.json,359d730900ec04258ea87ddec4ffa02e4ca60568b1e39fc68c051ab2159aee52,data\formal_analysis\genecards_multisource_pairs_20_strict\pubmed_all_pair_evidence\raw\run_20260926T115108Z\rank_37\strict_title_abstract\parsed_articles.json,4f53cda18c2baa0c0354bb5f9a3ecbe5ed12ab4d8e11ba873c2f11161202b945,,,,
run_20260926T115108Z,2026-09-26T11:51:08.948468+00:00,37,槐米,陈皮,槐米＋陈皮,broad_all_fields,All Fields,"(""Sophora japonica""[All Fields]) AND (""Chenpi""[All Fields] OR ""Citrus Reticulata""[All Fields]) AND (""Colitis, Ulcerative""[MeSH Terms] OR ""ulcerative colitis""[All Fields] OR ""colitis""[All Fields] OR ""intestinal barrier""[All Fields] OR ""gut barrier""[All Fields] OR ""intestinal mucosa""[All Fields] OR ""intestinal mucosal barrier""[All Fields] OR ""mucosal barrier""[All Fields])","""Sophora japonica""[All Fields] AND (""Chenpi""[All Fields] OR ""Citrus Reticulata""[All Fields]) AND (""colitis, ulcerative""[MeSH Terms] OR ""ulcerative colitis""[All Fields] OR ""colitis""[All Fields] OR ""intestinal barrier""[All Fields] OR ""gut barrier""[All Fields] OR ""intestinal mucosa""[All Fields] OR ""intestinal mucosal barrier""[All Fields] OR ""mucosal barrier""[All Fields])",0,0,True,,data\formal_analysis\genecards_multisource_pairs_20_strict\pubmed_all_pair_evidence\raw\run_20260926T115108Z\rank_37\broad_all_fields\esearch_request.json,3426ca32c62678e0d0cbe25124d0a35eb7b3c3e1d7ac81230e5e42065912eec4,data\formal_analysis\genecards_multisource_pairs_20_strict\pubmed_all_pair_evidence\raw\run_20260926T115108Z\rank_37\broad_all_fields\esearch_response.json,36d4606ac89a5f5e5ceb01baaf9a12e3692a05a691912c20bc23194b469a8138,data\formal_analysis\genecards_multisource_pairs_20_strict\pubmed_all_pair_evidence\raw\run_20260926T115108Z\rank_37\broad_all_fields\parsed_articles.json,4f53cda18c2baa0c0354bb5f9a3ecbe5ed12ab4d8e11ba873c2f11161202b945,,,,
run_20260926T115108Z,2026-09-26T11:51:08.948468+00:00,38,鱼腥草,陈皮,鱼腥草＋陈皮,strict_title_abstract,Title/Abstract,"(""Yuxingcao""[Title/Abstract] OR ""Houttuyniae Herba""[Title/Abstract] OR ""Houttuynia cordata""[Title/Abstract]) AND (""Chenpi""[Title/Abstract] OR ""Citrus Reticulata""[Title/Abstract]) AND (""Colitis, Ulcerative""[MeSH Terms] OR ""ulcerative colitis""[Title/Abstract] OR ""colitis""[Title/Abstract] OR ""intestinal barrier""[Title/Abstract] OR ""gut barrier""[Title/Abstract] OR ""intestinal mucosa""[Title/Abstract] OR ""intestinal mucosal barrier""[Title/Abstract] OR ""mucosal barrier""[Title/Abstract])","(""Yuxingcao""[Title/Abstract] OR ""Houttuyniae Herba""[Title/Abstract] OR ""Houttuynia cordata""[Title/Abstract]) AND (""Chenpi""[Title/Abstract] OR ""Citrus Reticulata""[Title/Abstract]) AND (""colitis, ulcerative""[MeSH Terms] OR ""ulcerative colitis""[Title/Abstract] OR ""colitis""[Title/Abstract] OR ""intestinal barrier""[Title/Abstract] OR ""gut barrier""[Title/Abstract] OR ""intestinal mucosa""[Title/Abstract] OR ""intestinal mucosal barrier""[Title/Abstract] OR ""mucosal barrier""[Title/Abstract])",0,0,True,,data\formal_analysis\genecards_multisource_pairs_20_strict\pubmed_all_pair_evidence\raw\run_20260926T115108Z\rank_38\strict_title_abstract\esearch_request.json,4c9c433c2a358699933b4965060a35b8723d810c7626d04e75a242e8cf8a8783,data\formal_analysis\genecards_multisource_pairs_20_strict\pubmed_all_pair_evidence\raw\run_20260926T115108Z\rank_38\strict_title_abstract\esearch_response.json,17145cdd2a753e0442a19cf1799a4470d2d4e22d513c500abed4fc1b60a46fc2,data\formal_analysis\genecards_multisource_pairs_20_strict\pubmed_all_pair_evidence\raw\run_20260926T115108Z\rank_38\strict_title_abstract\parsed_articles.json,4f53cda18c2baa0c0354bb5f9a3ecbe5ed12ab4d8e11ba873c2f11161202b945,,,,
run_20260926T115108Z,2026-09-26T11:51:08.948468+00:00,38,鱼腥草,陈皮,鱼腥草＋陈皮,broad_all_fields,All Fields,"(""Yuxingcao""[All Fields] OR ""Houttuyniae Herba""[All Fields] OR ""Houttuynia cordata""[All Fields]) AND (""Chenpi""[All Fields] OR ""Citrus Reticulata""[All Fields]) AND (""Colitis, Ulcerative""[MeSH Terms] OR ""ulcerative colitis""[All Fields] OR ""colitis""[All Fields] OR ""intestinal barrier""[All Fields] OR ""gut barrier""[All Fields] OR ""intestinal mucosa""[All Fields] OR ""intestinal mucosal barrier""[All Fields] OR ""mucosal barrier""[All Fields])","(""Yuxingcao""[All Fields] OR ""Houttuyniae Herba""[All Fields] OR ""Houttuynia cordata""[All Fields]) AND (""Chenpi""[All Fields] OR ""Citrus Reticulata""[All Fields]) AND (""colitis, ulcerative""[MeSH Terms] OR ""ulcerative colitis""[All Fields] OR ""colitis""[All Fields] OR ""intestinal barrier""[All Fields] OR ""gut barrier""[All Fields] OR ""intestinal mucosa""[All Fields] OR ""intestinal mucosal barrier""[All Fields] OR ""mucosal barrier""[All Fields])",0,0,True,,data\formal_analysis\genecards_multisource_pairs_20_strict\pubmed_all_pair_evidence\raw\run_20260926T115108Z\rank_38\broad_all_fields\esearch_request.json,cbfa0a0cd85830ffc48785e3caff5d82126d1903025df44c901e37f6188cf845,data\formal_analysis\genecards_multisource_pairs_20_strict\pubmed_all_pair_evidence\raw\run_20260926T115108Z\rank_38\broad_all_fields\esearch_response.json,c8801f7fc7708ed17c09d478406bf332381743b36bed70ba5af2d4198e1188f2,data\formal_analysis\genecards_multisource_pairs_20_strict\pubmed_all_pair_evidence\raw\run_20260926T115108Z\rank_38\broad_all_fields\parsed_articles.json,4f53cda18c2baa0c0354bb5f9a3ecbe5ed12ab4d8e11ba873c2f11161202b945,,,,
run_20260926T115108Z,2026-09-26T11:51:08.948468+00:00,39,陈皮,甘草,陈皮＋甘草,strict_title_abstract,Title/Abstract,"(""Chenpi""[Title/Abstract] OR ""Citrus Reticulata""[Title/Abstract]) AND (""Gancao""[Title/Abstract] OR ""licorice""[Title/Abstract] OR ""Glycyrrhiza uralensis""[Title/Abstract] OR ""Glycyrrhiza inflata""[Title/Abstract] OR ""Glycyrrhiza glabra""[Title/Abstract]) AND (""Colitis, Ulcerative""[MeSH Terms] OR ""ulcerative colitis""[Title/Abstract] OR ""colitis""[Title/Abstract] OR ""intestinal barrier""[Title/Abstract] OR ""gut barrier""[Title/Abstract] OR ""intestinal mucosa""[Title/Abstract] OR ""intestinal mucosal barrier""[Title/Abstract] OR ""mucosal barrier""[Title/Abstract])","(""Chenpi""[Title/Abstract] OR ""Citrus Reticulata""[Title/Abstract]) AND (""Gancao""[Title/Abstract] OR ""licorice""[Title/Abstract] OR ""Glycyrrhiza uralensis""[Title/Abstract] OR ""Glycyrrhiza inflata""[Title/Abstract] OR ""Glycyrrhiza glabra""[Title/Abstract]) AND (""colitis, ulcerative""[MeSH Terms] OR ""ulcerative colitis""[Title/Abstract] OR ""colitis""[Title/Abstract] OR ""intestinal barrier""[Title/Abstract] OR ""gut barrier""[Title/Abstract] OR ""intestinal mucosa""[Title/Abstract] OR ""intestinal mucosal barrier""[Title/Abstract] OR ""mucosal barrier""[Title/Abstract])",0,0,True,,data\formal_analysis\genecards_multisource_pairs_20_strict\pubmed_all_pair_evidence\raw\run_20260926T115108Z\rank_39\strict_title_abstract\esearch_request.json,60e784ed474941ae2628909c72d01dc7f6cf8ea951c0c2f2b52fd0b5a6768efa,data\formal_analysis\genecards_multisource_pairs_20_strict\pubmed_all_pair_evidence\raw\run_20260926T115108Z\rank_39\strict_title_abstract\esearch_response.json,123750a8888f54fb78a9c3efd6fe5f1f1084a4bee49ff99587586cc2c65cdd6f,data\formal_analysis\genecards_multisource_pairs_20_strict\pubmed_all_pair_evidence\raw\run_20260926T115108Z\rank_39\strict_title_abstract\parsed_articles.json,4f53cda18c2baa0c0354bb5f9a3ecbe5ed12ab4d8e11ba873c2f11161202b945,,,,
run_20260926T115108Z,2026-09-26T11:51:08.948468+00:00,39,陈皮,甘草,陈皮＋甘草,broad_all_fields,All Fields,"(""Chenpi""[All Fields] OR ""Citrus Reticulata""[All Fields]) AND (""Gancao""[All Fields] OR ""licorice""[All Fields] OR ""Glycyrrhiza uralensis""[All Fields] OR ""Glycyrrhiza inflata""[All Fields] OR ""Glycyrrhiza glabra""[All Fields]) AND (""Colitis, Ulcerative""[MeSH Terms] OR ""ulcerative colitis""[All Fields] OR ""colitis""[All Fields] OR ""intestinal barrier""[All Fields] OR ""gut barrier""[All Fields] OR ""intestinal mucosa""[All Fields] OR ""intestinal mucosal barrier""[All Fields] OR ""mucosal barrier""[All Fields])","(""Chenpi""[All Fields] OR ""Citrus Reticulata""[All Fields]) AND (""Gancao""[All Fields] OR ""licorice""[All Fields] OR ""Glycyrrhiza uralensis""[All Fields] OR ""Glycyrrhiza inflata""[All Fields] OR ""Glycyrrhiza glabra""[All Fields]) AND (""colitis, ulcerative""[MeSH Terms] OR ""ulcerative colitis""[All Fields] OR ""colitis""[All Fields] OR ""intestinal barrier""[All Fields] OR ""gut barrier""[All Fields] OR ""intestinal mucosa""[All Fields] OR ""intestinal mucosal barrier""[All Fields] OR ""mucosal barrier""[All Fields])",0,0,True,,data\formal_analysis\genecards_multisource_pairs_20_strict\pubmed_all_pair_evidence\raw\run_20260926T115108Z\rank_39\broad_all_fields\esearch_request.json,6b59e6dc2534391d4ee87b1c50f0a72639f2a86068cae1eb8fbf2ed2a9a5efd2,data\formal_analysis\genecards_multisource_pairs_20_strict\pubmed_all_pair_evidence\raw\run_20260926T115108Z\rank_39\broad_all_fields\esearch_response.json,5e7868fc533f7342c5eec8e41352b5e4147ebf57b36217643ba8abad14e23155,data\formal_analysis\genecards_multisource_pairs_20_strict\pubmed_all_pair_evidence\raw\run_20260926T115108Z\rank_39\broad_all_fields\parsed_articles.json,4f53cda18c2baa0c0354bb5f9a3ecbe5ed12ab4d8e11ba873c2f11161202b945,,,,
run_20260926T115108Z,2026-09-26T11:51:08.948468+00:00,40,白扁豆,山药,白扁豆＋山药,strict_title_abstract,Title/Abstract,"(""Baibiandou""[Title/Abstract] OR ""Lablab Semen Album""[Title/Abstract] OR ""Dolichos lablab""[Title/Abstract]) AND (""Shanyao""[Title/Abstract] OR ""Rhizoma Dioscoreae""[Title/Abstract] OR ""Dioscorea opposita""[Title/Abstract]) AND (""Colitis, Ulcerative""[MeSH Terms] OR ""ulcerative colitis""[Title/Abstract] OR ""colitis""[Title/Abstract] OR ""intestinal barrier""[Title/Abstract] OR ""gut barrier""[Title/Abstract] OR ""intestinal mucosa""[Title/Abstract] OR ""intestinal mucosal barrier""[Title/Abstract] OR ""mucosal barrier""[Title/Abstract])","(""Baibiandou""[Title/Abstract] OR ""Lablab Semen Album""[Title/Abstract] OR ""Dolichos lablab""[Title/Abstract]) AND (""Shanyao""[Title/Abstract] OR ""Rhizoma Dioscoreae""[Title/Abstract] OR ""Dioscorea opposita""[Title/Abstract]) AND (""colitis, ulcerative""[MeSH Terms] OR ""ulcerative colitis""[Title/Abstract] OR ""colitis""[Title/Abstract] OR ""intestinal barrier""[Title/Abstract] OR ""gut barrier""[Title/Abstract] OR ""intestinal mucosa""[Title/Abstract] OR ""intestinal mucosal barrier""[Title/Abstract] OR ""mucosal barrier""[Title/Abstract])",0,0,True,,data\formal_analysis\genecards_multisource_pairs_20_strict\pubmed_all_pair_evidence\raw\run_20260926T115108Z\rank_40\strict_title_abstract\esearch_request.json,c05b73d94c24f33c6cb166569a63a250e289502d4176eae721a5fa77ea703cef,data\formal_analysis\genecards_multisource_pairs_20_strict\pubmed_all_pair_evidence\raw\run_20260926T115108Z\rank_40\strict_title_abstract\esearch_response.json,2e3579cea65677f55d04bd763eb114c030d70174cb7bb749a87f6d144621c541,data\formal_analysis\genecards_multisource_pairs_20_strict\pubmed_all_pair_evidence\raw\run_20260926T115108Z\rank_40\strict_title_abstract\parsed_articles.json,4f53cda18c2baa0c0354bb5f9a3ecbe5ed12ab4d8e11ba873c2f11161202b945,,,,
run_20260926T115108Z,2026-09-26T11:51:08.948468+00:00,40,白扁豆,山药,白扁豆＋山药,broad_all_fields,All Fields,"(""Baibiandou""[All Fields] OR ""Lablab Semen Album""[All Fields] OR ""Dolichos lablab""[All Fields]) AND (""Shanyao""[All Fields] OR ""Rhizoma Dioscoreae""[All Fields] OR ""Dioscorea opposita""[All Fields]) AND (""Colitis, Ulcerative""[MeSH Terms] OR ""ulcerative colitis""[All Fields] OR ""colitis""[All Fields] OR ""intestinal barrier""[All Fields] OR ""gut barrier""[All Fields] OR ""intestinal mucosa""[All Fields] OR ""intestinal mucosal barrier""[All Fields] OR ""mucosal barrier""[All Fields])","(""Baibiandou""[All Fields] OR ""Lablab Semen Album""[All Fields] OR ""Dolichos lablab""[All Fields]) AND (""Shanyao""[All Fields] OR ""Rhizoma Dioscoreae""[All Fields] OR ""Dioscorea opposita""[All Fields]) AND (""colitis, ulcerative""[MeSH Terms] OR ""ulcerative colitis""[All Fields] OR ""colitis""[All Fields] OR ""intestinal barrier""[All Fields] OR ""gut barrier""[All Fields] OR ""intestinal mucosa""[All Fields] OR ""intestinal mucosal barrier""[All Fields] OR ""mucosal barrier""[All Fields])",0,0,True,,data\formal_analysis\genecards_multisource_pairs_20_strict\pubmed_all_pair_evidence\raw\run_20260926T115108Z\rank_40\broad_all_fields\esearch_request.json,c5c8decb35546489aaad6a7d04fba7090cc14f9c179b9ec39869c513a9516767,data\formal_analysis\genecards_multisource_pairs_20_strict\pubmed_all_pair_evidence\raw\run_20260926T115108Z\rank_40\broad_all_fields\esearch_response.json,46ffa549eeaa1c8b3e2e1c876be4e7a49128daa85b50e075265ef64d6d41eb2e,data\formal_analysis\genecards_multisource_pairs_20_strict\pubmed_all_pair_evidence\raw\run_20260926T115108Z\rank_40\broad_all_fields\parsed_articles.json,4f53cda18c2baa0c0354bb5f9a3ecbe5ed12ab4d8e11ba873c2f11161202b945,,,,
run_20260926T115108Z,2026-09-26T11:51:08.948468+00:00,41,山药,芡实,山药＋芡实,strict_title_abstract,Title/Abstract,"(""Shanyao""[Title/Abstract] OR ""Rhizoma Dioscoreae""[Title/Abstract] OR ""Dioscorea opposita""[Title/Abstract]) AND (""Qianshi""[Title/Abstract] OR ""Euryales Semen""[Title/Abstract] OR ""Euryale ferox""[Title/Abstract]) AND (""Colitis, Ulcerative""[MeSH Terms] OR ""ulcerative colitis""[Title/Abstract] OR ""colitis""[Title/Abstract] OR ""intestinal barrier""[Title/Abstract] OR ""gut barrier""[Title/Abstract] OR ""intestinal mucosa""[Title/Abstract] OR ""intestinal mucosal barrier""[Title/Abstract] OR ""mucosal barrier""[Title/Abstract])","(""Shanyao""[Title/Abstract] OR ""Rhizoma Dioscoreae""[Title/Abstract] OR ""Dioscorea opposita""[Title/Abstract]) AND (""Qianshi""[Title/Abstract] OR ""Euryales Semen""[Title/Abstract] OR ""Euryale ferox""[Title/Abstract]) AND (""colitis, ulcerative""[MeSH Terms] OR ""ulcerative colitis""[Title/Abstract] OR ""colitis""[Title/Abstract] OR ""intestinal barrier""[Title/Abstract] OR ""gut barrier""[Title/Abstract] OR ""intestinal mucosa""[Title/Abstract] OR ""intestinal mucosal barrier""[Title/Abstract] OR ""mucosal barrier""[Title/Abstract])",0,0,True,,data\formal_analysis\genecards_multisource_pairs_20_strict\pubmed_all_pair_evidence\raw\run_20260926T115108Z\rank_41\strict_title_abstract\esearch_request.json,d4cc53f6c0a5c6675b6c320f59f85307bc78b7416cf0f30f9ea28a314f193f7d,data\formal_analysis\genecards_multisource_pairs_20_strict\pubmed_all_pair_evidence\raw\run_20260926T115108Z\rank_41\strict_title_abstract\esearch_response.json,10f63ed7b587c6b9f8c7fe734c9b138809cde6594584e47a556f766bb9cc4fdd,data\formal_analysis\genecards_multisource_pairs_20_strict\pubmed_all_pair_evidence\raw\run_20260926T115108Z\rank_41\strict_title_abstract\parsed_articles.json,4f53cda18c2baa0c0354bb5f9a3ecbe5ed12ab4d8e11ba873c2f11161202b945,,,,
run_20260926T115108Z,2026-09-26T11:51:08.948468+00:00,41,山药,芡实,山药＋芡实,broad_all_fields,All Fields,"(""Shanyao""[All Fields] OR ""Rhizoma Dioscoreae""[All Fields] OR ""Dioscorea opposita""[All Fields]) AND (""Qianshi""[All Fields] OR ""Euryales Semen""[All Fields] OR ""Euryale ferox""[All Fields]) AND (""Colitis, Ulcerative""[MeSH Terms] OR ""ulcerative colitis""[All Fields] OR ""colitis""[All Fields] OR ""intestinal barrier""[All Fields] OR ""gut barrier""[All Fields] OR ""intestinal mucosa""[All Fields] OR ""intestinal mucosal barrier""[All Fields] OR ""mucosal barrier""[All Fields])","(""Shanyao""[All Fields] OR ""Rhizoma Dioscoreae""[All Fields] OR ""Dioscorea opposita""[All Fields]) AND (""Qianshi""[All Fields] OR ""Euryales Semen""[All Fields] OR ""Euryale ferox""[All Fields]) AND (""colitis, ulcerative""[MeSH Terms] OR ""ulcerative colitis""[All Fields] OR ""colitis""[All Fields] OR ""intestinal barrier""[All Fields] OR ""gut barrier""[All Fields] OR ""intestinal mucosa""[All Fields] OR ""intestinal mucosal barrier""[All Fields] OR ""mucosal barrier""[All Fields])",0,0,True,,data\formal_analysis\genecards_multisource_pairs_20_strict\pubmed_all_pair_evidence\raw\run_20260926T115108Z\rank_41\broad_all_fields\esearch_request.json,9deccb8f1751948d0d6158a14d52bf4699ce989ac4df30b1315c4675c7e277ba,data\formal_analysis\genecards_multisource_pairs_20_strict\pubmed_all_pair_evidence\raw\run_20260926T115108Z\rank_41\broad_all_fields\esearch_response.json,9faf4c1b046d7e1b24fcea6c34eb4953ef376d092ee6dc42ef060a7abe602816,data\formal_analysis\genecards_multisource_pairs_20_strict\pubmed_all_pair_evidence\raw\run_20260926T115108Z\rank_41\broad_all_fields\parsed_articles.json,4f53cda18c2baa0c0354bb5f9a3ecbe5ed12ab4d8e11ba873c2f11161202b945,,,,
run_20260926T115108Z,2026-09-26T11:51:08.948468+00:00,42,蒲公英,藿香,蒲公英＋藿香,strict_title_abstract,Title/Abstract,"(""Pu Gong Ying""[Title/Abstract] OR ""Dandelion""[Title/Abstract] OR ""Herba Taraxaci""[Title/Abstract] OR ""Taraxaci Herba""[Title/Abstract] OR ""Taraxacum mongolicum""[Title/Abstract] OR ""Taraxacum sinicum""[Title/Abstract]) AND (""HuoXiang""[Title/Abstract] OR ""Pogostemon cablin(Blanco)Benth.""[Title/Abstract] OR ""Pogostemon cablin""[Title/Abstract]) AND (""Colitis, Ulcerative""[MeSH Terms] OR ""ulcerative colitis""[Title/Abstract] OR ""colitis""[Title/Abstract] OR ""intestinal barrier""[Title/Abstract] OR ""gut barrier""[Title/Abstract] OR ""intestinal mucosa""[Title/Abstract] OR ""intestinal mucosal barrier""[Title/Abstract] OR ""mucosal barrier""[Title/Abstract])","(""Pu Gong Ying""[Title/Abstract] OR ""Dandelion""[Title/Abstract] OR ""Herba Taraxaci""[Title/Abstract] OR ""Taraxaci Herba""[Title/Abstract] OR ""Taraxacum mongolicum""[Title/Abstract] OR ""Taraxacum sinicum""[Title/Abstract]) AND (""HuoXiang""[Title/Abstract] OR ""pogostemon cablin blanco benth""[Title/Abstract] OR ""Pogostemon cablin""[Title/Abstract]) AND (""colitis, ulcerative""[MeSH Terms] OR ""ulcerative colitis""[Title/Abstract] OR ""colitis""[Title/Abstract] OR ""intestinal barrier""[Title/Abstract] OR ""gut barrier""[Title/Abstract] OR ""intestinal mucosa""[Title/Abstract] OR ""intestinal mucosal barrier""[Title/Abstract] OR ""mucosal barrier""[Title/Abstract])",0,0,True,,data\formal_analysis\genecards_multisource_pairs_20_strict\pubmed_all_pair_evidence\raw\run_20260926T115108Z\rank_42\strict_title_abstract\esearch_request.json,2249b71024f9bf185a4ba8497eeefab7dafa2b53b8f9fa896f373cbb35950aed,data\formal_analysis\genecards_multisource_pairs_20_strict\pubmed_all_pair_evidence\raw\run_20260926T115108Z\rank_42\strict_title_abstract\esearch_response.json,f2096de266f109d679901bc5735dbaf5512b1ca2a25dc1c885fa3fb3e0d209d4,data\formal_analysis\genecards_multisource_pairs_20_strict\pubmed_all_pair_evidence\raw\run_20260926T115108Z\rank_42\strict_title_abstract\parsed_articles.json,4f53cda18c2baa0c0354bb5f9a3ecbe5ed12ab4d8e11ba873c2f11161202b945,,,,
run_20260926T115108Z,2026-09-26T11:51:08.948468+00:00,42,蒲公英,藿香,蒲公英＋藿香,broad_all_fields,All Fields,"(""Pu Gong Ying""[All Fields] OR ""Dandelion""[All Fields] OR ""Herba Taraxaci""[All Fields] OR ""Taraxaci Herba""[All Fields] OR ""Taraxacum mongolicum""[All Fields] OR ""Taraxacum sinicum""[All Fields]) AND (""HuoXiang""[All Fields] OR ""Pogostemon cablin(Blanco)Benth.""[All Fields] OR ""Pogostemon cablin""[All Fields]) AND (""Colitis, Ulcerative""[MeSH Terms] OR ""ulcerative colitis""[All Fields] OR ""colitis""[All Fields] OR ""intestinal barrier""[All Fields] OR ""gut barrier""[All Fields] OR ""intestinal mucosa""[All Fields] OR ""intestinal mucosal barrier""[All Fields] OR ""mucosal barrier""[All Fields])","(""Pu Gong Ying""[All Fields] OR ""Dandelion""[All Fields] OR ""Herba Taraxaci""[All Fields] OR ""Taraxaci Herba""[All Fields] OR ""Taraxacum mongolicum""[All Fields] OR ""Taraxacum sinicum""[All Fields]) AND (""HuoXiang""[All Fields] OR ""pogostemon cablin blanco benth""[All Fields] OR ""Pogostemon cablin""[All Fields]) AND (""colitis, ulcerative""[MeSH Terms] OR ""ulcerative colitis""[All Fields] OR ""colitis""[All Fields] OR ""intestinal barrier""[All Fields] OR ""gut barrier""[All Fields] OR ""intestinal mucosa""[All Fields] OR ""intestinal mucosal barrier""[All Fields] OR ""mucosal barrier""[All Fields])",0,0,True,,data\formal_analysis\genecards_multisource_pairs_20_strict\pubmed_all_pair_evidence\raw\run_20260926T115108Z\rank_42\broad_all_fields\esearch_request.json,7fccc79c23ebc2b1ca898dc2803e1b8ff2a7c3564814b32370c57571561eab9f,data\formal_analysis\genecards_multisource_pairs_20_strict\pubmed_all_pair_evidence\raw\run_20260926T115108Z\rank_42\broad_all_fields\esearch_response.json,cd9b3735590462ea49570667382bf7c947448505b7ae0730c63d3b7580ec0303,data\formal_analysis\genecards_multisource_pairs_20_strict\pubmed_all_pair_evidence\raw\run_20260926T115108Z\rank_42\broad_all_fields\parsed_articles.json,4f53cda18c2baa0c0354bb5f9a3ecbe5ed12ab4d8e11ba873c2f11161202b945,,,,
run_20260926T115108Z,2026-09-26T11:51:08.948468+00:00,43,莲子,乌梅,莲子＋乌梅,strict_title_abstract,Title/Abstract,"(""LianZi""[Title/Abstract] OR ""Nelumbo nucifera Gaertn.""[Title/Abstract] OR ""Nelumbo nucifera""[Title/Abstract]) AND (""Wumei""[Title/Abstract] OR ""Mume Fructus""[Title/Abstract] OR ""Prunus mume""[Title/Abstract]) AND (""Colitis, Ulcerative""[MeSH Terms] OR ""ulcerative colitis""[Title/Abstract] OR ""colitis""[Title/Abstract] OR ""intestinal barrier""[Title/Abstract] OR ""gut barrier""[Title/Abstract] OR ""intestinal mucosa""[Title/Abstract] OR ""intestinal mucosal barrier""[Title/Abstract] OR ""mucosal barrier""[Title/Abstract])","(""LianZi""[Title/Abstract] OR ""nelumbo nucifera gaertn""[Title/Abstract] OR ""Nelumbo nucifera""[Title/Abstract]) AND (""Wumei""[Title/Abstract] OR ""Mume Fructus""[Title/Abstract] OR ""Prunus mume""[Title/Abstract]) AND (""colitis, ulcerative""[MeSH Terms] OR ""ulcerative colitis""[Title/Abstract] OR ""colitis""[Title/Abstract] OR ""intestinal barrier""[Title/Abstract] OR ""gut barrier""[Title/Abstract] OR ""intestinal mucosa""[Title/Abstract] OR ""intestinal mucosal barrier""[Title/Abstract] OR ""mucosal barrier""[Title/Abstract])",0,0,True,,data\formal_analysis\genecards_multisource_pairs_20_strict\pubmed_all_pair_evidence\raw\run_20260926T115108Z\rank_43\strict_title_abstract\esearch_request.json,e02822da591d38640b902f73e38a6cad3e2afde4375c600f1675fa2ac3e804ad,data\formal_analysis\genecards_multisource_pairs_20_strict\pubmed_all_pair_evidence\raw\run_20260926T115108Z\rank_43\strict_title_abstract\esearch_response.json,d65e2607e931d9b16fe38188914b3b409315ec3410460710ad94dac4df1e1539,data\formal_analysis\genecards_multisource_pairs_20_strict\pubmed_all_pair_evidence\raw\run_20260926T115108Z\rank_43\strict_title_abstract\parsed_articles.json,4f53cda18c2baa0c0354bb5f9a3ecbe5ed12ab4d8e11ba873c2f11161202b945,,,,
run_20260926T115108Z,2026-09-26T11:51:08.948468+00:00,43,莲子,乌梅,莲子＋乌梅,broad_all_fields,All Fields,"(""LianZi""[All Fields] OR ""Nelumbo nucifera Gaertn.""[All Fields] OR ""Nelumbo nucifera""[All Fields]) AND (""Wumei""[All Fields] OR ""Mume Fructus""[All Fields] OR ""Prunus mume""[All Fields]) AND (""Colitis, Ulcerative""[MeSH Terms] OR ""ulcerative colitis""[All Fields] OR ""colitis""[All Fields] OR ""intestinal barrier""[All Fields] OR ""gut barrier""[All Fields] OR ""intestinal mucosa""[All Fields] OR ""intestinal mucosal barrier""[All Fields] OR ""mucosal barrier""[All Fields])","(""LianZi""[All Fields] OR ""nelumbo nucifera gaertn""[All Fields] OR ""Nelumbo nucifera""[All Fields]) AND (""Wumei""[All Fields] OR ""Mume Fructus""[All Fields] OR ""Prunus mume""[All Fields]) AND (""colitis, ulcerative""[MeSH Terms] OR ""ulcerative colitis""[All Fields] OR ""colitis""[All Fields] OR ""intestinal barrier""[All Fields] OR ""gut barrier""[All Fields] OR ""intestinal mucosa""[All Fields] OR ""intestinal mucosal barrier""[All Fields] OR ""mucosal barrier""[All Fields])",0,0,True,,data\formal_analysis\genecards_multisource_pairs_20_strict\pubmed_all_pair_evidence\raw\run_20260926T115108Z\rank_43\broad_all_fields\esearch_request.json,a2c6859062b08535ad3e90426d13aa3157e9f21d0c064b5db2fe5632bda79942,data\formal_analysis\genecards_multisource_pairs_20_strict\pubmed_all_pair_evidence\raw\run_20260926T115108Z\rank_43\broad_all_fields\esearch_response.json,1e2bd517bc799595b05435770d6439c12eb8e27d468aa987bcb2b9c7040b4679,data\formal_analysis\genecards_multisource_pairs_20_strict\pubmed_all_pair_evidence\raw\run_20260926T115108Z\rank_43\broad_all_fields\parsed_articles.json,4f53cda18c2baa0c0354bb5f9a3ecbe5ed12ab4d8e11ba873c2f11161202b945,,,,
run_20260926T115108Z,2026-09-26T11:51:08.948468+00:00,44,鱼腥草,莲子,鱼腥草＋莲子,strict_title_abstract,Title/Abstract,"(""Yuxingcao""[Title/Abstract] OR ""Houttuyniae Herba""[Title/Abstract] OR ""Houttuynia cordata""[Title/Abstract]) AND (""LianZi""[Title/Abstract] OR ""Nelumbo nucifera Gaertn.""[Title/Abstract] OR ""Nelumbo nucifera""[Title/Abstract]) AND (""Colitis, Ulcerative""[MeSH Terms] OR ""ulcerative colitis""[Title/Abstract] OR ""colitis""[Title/Abstract] OR ""intestinal barrier""[Title/Abstract] OR ""gut barrier""[Title/Abstract] OR ""intestinal mucosa""[Title/Abstract] OR ""intestinal mucosal barrier""[Title/Abstract] OR ""mucosal barrier""[Title/Abstract])","(""Yuxingcao""[Title/Abstract] OR ""Houttuyniae Herba""[Title/Abstract] OR ""Houttuynia cordata""[Title/Abstract]) AND (""LianZi""[Title/Abstract] OR ""nelumbo nucifera gaertn""[Title/Abstract] OR ""Nelumbo nucifera""[Title/Abstract]) AND (""colitis, ulcerative""[MeSH Terms] OR ""ulcerative colitis""[Title/Abstract] OR ""colitis""[Title/Abstract] OR ""intestinal barrier""[Title/Abstract] OR ""gut barrier""[Title/Abstract] OR ""intestinal mucosa""[Title/Abstract] OR ""intestinal mucosal barrier""[Title/Abstract] OR ""mucosal barrier""[Title/Abstract])",0,0,True,,data\formal_analysis\genecards_multisource_pairs_20_strict\pubmed_all_pair_evidence\raw\run_20260926T115108Z\rank_44\strict_title_abstract\esearch_request.json,280bdbdb879325fa1c1b77c6e7273dd3ab4067f3a7f8ccd7bc0475082caee056,data\formal_analysis\genecards_multisource_pairs_20_strict\pubmed_all_pair_evidence\raw\run_20260926T115108Z\rank_44\strict_title_abstract\esearch_response.json,445d30b7222d87419abfb245cb5224930261f3532b0a942faf4870b7bf2f352b,data\formal_analysis\genecards_multisource_pairs_20_strict\pubmed_all_pair_evidence\raw\run_20260926T115108Z\rank_44\strict_title_abstract\parsed_articles.json,4f53cda18c2baa0c0354bb5f9a3ecbe5ed12ab4d8e11ba873c2f11161202b945,,,,
run_20260926T115108Z,2026-09-26T11:51:08.948468+00:00,44,鱼腥草,莲子,鱼腥草＋莲子,broad_all_fields,All Fields,"(""Yuxingcao""[All Fields] OR ""Houttuyniae Herba""[All Fields] OR ""Houttuynia cordata""[All Fields]) AND (""LianZi""[All Fields] OR ""Nelumbo nucifera Gaertn.""[All Fields] OR ""Nelumbo nucifera""[All Fields]) AND (""Colitis, Ulcerative""[MeSH Terms] OR ""ulcerative colitis""[All Fields] OR ""colitis""[All Fields] OR ""intestinal barrier""[All Fields] OR ""gut barrier""[All Fields] OR ""intestinal mucosa""[All Fields] OR ""intestinal mucosal barrier""[All Fields] OR ""mucosal barrier""[All Fields])","(""Yuxingcao""[All Fields] OR ""Houttuyniae Herba""[All Fields] OR ""Houttuynia cordata""[All Fields]) AND (""LianZi""[All Fields] OR ""nelumbo nucifera gaertn""[All Fields] OR ""Nelumbo nucifera""[All Fields]) AND (""colitis, ulcerative""[MeSH Terms] OR ""ulcerative colitis""[All Fields] OR ""colitis""[All Fields] OR ""intestinal barrier""[All Fields] OR ""gut barrier""[All Fields] OR ""intestinal mucosa""[All Fields] OR ""intestinal mucosal barrier""[All Fields] OR ""mucosal barrier""[All Fields])",0,0,True,,data\formal_analysis\genecards_multisource_pairs_20_strict\pubmed_all_pair_evidence\raw\run_20260926T115108Z\rank_44\broad_all_fields\esearch_request.json,c33582ed7e68b5f584e570c6563548359ef6448d029ef6400097ea3a16ba2e4b,data\formal_analysis\genecards_multisource_pairs_20_strict\pubmed_all_pair_evidence\raw\run_20260926T115108Z\rank_44\broad_all_fields\esearch_response.json,acb643c545d7dc9c7c7bf8e4312c2534f010ca35e4efb809a2237dbc16213de2,data\formal_analysis\genecards_multisource_pairs_20_strict\pubmed_all_pair_evidence\raw\run_20260926T115108Z\rank_44\broad_all_fields\parsed_articles.json,4f53cda18c2baa0c0354bb5f9a3ecbe5ed12ab4d8e11ba873c2f11161202b945,,,,
run_20260926T115108Z,2026-09-26T11:51:08.948468+00:00,45,栀子,莲子,栀子＋莲子,strict_title_abstract,Title/Abstract,"(""Zhizi""[Title/Abstract] OR ""Gardeniae Fructus""[Title/Abstract] OR ""Gardenia jasminoides""[Title/Abstract]) AND (""LianZi""[Title/Abstract] OR ""Nelumbo nucifera Gaertn.""[Title/Abstract] OR ""Nelumbo nucifera""[Title/Abstract]) AND (""Colitis, Ulcerative""[MeSH Terms] OR ""ulcerative colitis""[Title/Abstract] OR ""colitis""[Title/Abstract] OR ""intestinal barrier""[Title/Abstract] OR ""gut barrier""[Title/Abstract] OR ""intestinal mucosa""[Title/Abstract] OR ""intestinal mucosal barrier""[Title/Abstract] OR ""mucosal barrier""[Title/Abstract])","(""Zhizi""[Title/Abstract] OR ""Gardeniae Fructus""[Title/Abstract] OR ""Gardenia jasminoides""[Title/Abstract]) AND (""LianZi""[Title/Abstract] OR ""nelumbo nucifera gaertn""[Title/Abstract] OR ""Nelumbo nucifera""[Title/Abstract]) AND (""colitis, ulcerative""[MeSH Terms] OR ""ulcerative colitis""[Title/Abstract] OR ""colitis""[Title/Abstract] OR ""intestinal barrier""[Title/Abstract] OR ""gut barrier""[Title/Abstract] OR ""intestinal mucosa""[Title/Abstract] OR ""intestinal mucosal barrier""[Title/Abstract] OR ""mucosal barrier""[Title/Abstract])",0,0,True,,data\formal_analysis\genecards_multisource_pairs_20_strict\pubmed_all_pair_evidence\raw\run_20260926T115108Z\rank_45\strict_title_abstract\esearch_request.json,47b0b87734381f5b32bdd8af22dbf47263b45c04875657b4c5996368caee6702,data\formal_analysis\genecards_multisource_pairs_20_strict\pubmed_all_pair_evidence\raw\run_20260926T115108Z\rank_45\strict_title_abstract\esearch_response.json,c38effc1e7d9ca465af84f6eb67f02d820eb90e12c3856b0d36bd23c7908db7f,data\formal_analysis\genecards_multisource_pairs_20_strict\pubmed_all_pair_evidence\raw\run_20260926T115108Z\rank_45\strict_title_abstract\parsed_articles.json,4f53cda18c2baa0c0354bb5f9a3ecbe5ed12ab4d8e11ba873c2f11161202b945,,,,
run_20260926T115108Z,2026-09-26T11:51:08.948468+00:00,45,栀子,莲子,栀子＋莲子,broad_all_fields,All Fields,"(""Zhizi""[All Fields] OR ""Gardeniae Fructus""[All Fields] OR ""Gardenia jasminoides""[All Fields]) AND (""LianZi""[All Fields] OR ""Nelumbo nucifera Gaertn.""[All Fields] OR ""Nelumbo nucifera""[All Fields]) AND (""Colitis, Ulcerative""[MeSH Terms] OR ""ulcerative colitis""[All Fields] OR ""colitis""[All Fields] OR ""intestinal barrier""[All Fields] OR ""gut barrier""[All Fields] OR ""intestinal mucosa""[All Fields] OR ""intestinal mucosal barrier""[All Fields] OR ""mucosal barrier""[All Fields])","(""Zhizi""[All Fields] OR ""Gardeniae Fructus""[All Fields] OR ""Gardenia jasminoides""[All Fields]) AND (""LianZi""[All Fields] OR ""nelumbo nucifera gaertn""[All Fields] OR ""Nelumbo nucifera""[All Fields]) AND (""colitis, ulcerative""[MeSH Terms] OR ""ulcerative colitis""[All Fields] OR ""colitis""[All Fields] OR ""intestinal barrier""[All Fields] OR ""gut barrier""[All Fields] OR ""intestinal mucosa""[All Fields] OR ""intestinal mucosal barrier""[All Fields] OR ""mucosal barrier""[All Fields])",0,0,True,,data\formal_analysis\genecards_multisource_pairs_20_strict\pubmed_all_pair_evidence\raw\run_20260926T115108Z\rank_45\broad_all_fields\esearch_request.json,c571ae3411d35d902fb3cc665f79528dce564c99685ce0cd776214575801fc63,data\formal_analysis\genecards_multisource_pairs_20_strict\pubmed_all_pair_evidence\raw\run_20260926T115108Z\rank_45\broad_all_fields\esearch_response.json,cbfc0ff8d2345b8105e1fd2de993ce51fe0c468b095ff93c8c41bf41ff3b995f,data\formal_analysis\genecards_multisource_pairs_20_strict\pubmed_all_pair_evidence\raw\run_20260926T115108Z\rank_45\broad_all_fields\parsed_articles.json,4f53cda18c2baa0c0354bb5f9a3ecbe5ed12ab4d8e11ba873c2f11161202b945,,,,
run_20260926T115108Z,2026-09-26T11:51:08.948468+00:00,46,莲子,甘草,莲子＋甘草,strict_title_abstract,Title/Abstract,"(""LianZi""[Title/Abstract] OR ""Nelumbo nucifera Gaertn.""[Title/Abstract] OR ""Nelumbo nucifera""[Title/Abstract]) AND (""Gancao""[Title/Abstract] OR ""licorice""[Title/Abstract] OR ""Glycyrrhiza uralensis""[Title/Abstract] OR ""Glycyrrhiza inflata""[Title/Abstract] OR ""Glycyrrhiza glabra""[Title/Abstract]) AND (""Colitis, Ulcerative""[MeSH Terms] OR ""ulcerative colitis""[Title/Abstract] OR ""colitis""[Title/Abstract] OR ""intestinal barrier""[Title/Abstract] OR ""gut barrier""[Title/Abstract] OR ""intestinal mucosa""[Title/Abstract] OR ""intestinal mucosal barrier""[Title/Abstract] OR ""mucosal barrier""[Title/Abstract])","(""LianZi""[Title/Abstract] OR ""nelumbo nucifera gaertn""[Title/Abstract] OR ""Nelumbo nucifera""[Title/Abstract]) AND (""Gancao""[Title/Abstract] OR ""licorice""[Title/Abstract] OR ""Glycyrrhiza uralensis""[Title/Abstract] OR ""Glycyrrhiza inflata""[Title/Abstract] OR ""Glycyrrhiza glabra""[Title/Abstract]) AND (""colitis, ulcerative""[MeSH Terms] OR ""ulcerative colitis""[Title/Abstract] OR ""colitis""[Title/Abstract] OR ""intestinal barrier""[Title/Abstract] OR ""gut barrier""[Title/Abstract] OR ""intestinal mucosa""[Title/Abstract] OR ""intestinal mucosal barrier""[Title/Abstract] OR ""mucosal barrier""[Title/Abstract])",0,0,True,,data\formal_analysis\genecards_multisource_pairs_20_strict\pubmed_all_pair_evidence\raw\run_20260926T115108Z\rank_46\strict_title_abstract\esearch_request.json,43d29bebc4d8b2dd6a64a22f03d4af96efbd24e211d35b0c99f09f4704354af3,data\formal_analysis\genecards_multisource_pairs_20_strict\pubmed_all_pair_evidence\raw\run_20260926T115108Z\rank_46\strict_title_abstract\esearch_response.json,6974e156b573a71860bd9d876797dea7b0d47840e4385811bb94697dfedef36a,data\formal_analysis\genecards_multisource_pairs_20_strict\pubmed_all_pair_evidence\raw\run_20260926T115108Z\rank_46\strict_title_abstract\parsed_articles.json,4f53cda18c2baa0c0354bb5f9a3ecbe5ed12ab4d8e11ba873c2f11161202b945,,,,
run_20260926T115108Z,2026-09-26T11:51:08.948468+00:00,46,莲子,甘草,莲子＋甘草,broad_all_fields,All Fields,"(""LianZi""[All Fields] OR ""Nelumbo nucifera Gaertn.""[All Fields] OR ""Nelumbo nucifera""[All Fields]) AND (""Gancao""[All Fields] OR ""licorice""[All Fields] OR ""Glycyrrhiza uralensis""[All Fields] OR ""Glycyrrhiza inflata""[All Fields] OR ""Glycyrrhiza glabra""[All Fields]) AND (""Colitis, Ulcerative""[MeSH Terms] OR ""ulcerative colitis""[All Fields] OR ""colitis""[All Fields] OR ""intestinal barrier""[All Fields] OR ""gut barrier""[All Fields] OR ""intestinal mucosa""[All Fields] OR ""intestinal mucosal barrier""[All Fields] OR ""mucosal barrier""[All Fields])","(""LianZi""[All Fields] OR ""nelumbo nucifera gaertn""[All Fields] OR ""Nelumbo nucifera""[All Fields]) AND (""Gancao""[All Fields] OR ""licorice""[All Fields] OR ""Glycyrrhiza uralensis""[All Fields] OR ""Glycyrrhiza inflata""[All Fields] OR ""Glycyrrhiza glabra""[All Fields]) AND (""colitis, ulcerative""[MeSH Terms] OR ""ulcerative colitis""[All Fields] OR ""colitis""[All Fields] OR ""intestinal barrier""[All Fields] OR ""gut barrier""[All Fields] OR ""intestinal mucosa""[All Fields] OR ""intestinal mucosal barrier""[All Fields] OR ""mucosal barrier""[All Fields])",0,0,True,,data\formal_analysis\genecards_multisource_pairs_20_strict\pubmed_all_pair_evidence\raw\run_20260926T115108Z\rank_46\broad_all_fields\esearch_request.json,fd8fe6659444aa7e01527b355bdb8ae6d95dace9bcb6b179f9d0af3d57f419c3,data\formal_analysis\genecards_multisource_pairs_20_strict\pubmed_all_pair_evidence\raw\run_20260926T115108Z\rank_46\broad_all_fields\esearch_response.json,06533f5cf92a1122b0081c4d3f57b40816e6fc431398b5637f0c29e5884111ae,data\formal_analysis\genecards_multisource_pairs_20_strict\pubmed_all_pair_evidence\raw\run_20260926T115108Z\rank_46\broad_all_fields\parsed_articles.json,4f53cda18c2baa0c0354bb5f9a3ecbe5ed12ab4d8e11ba873c2f11161202b945,,,,
run_20260926T115108Z,2026-09-26T11:51:08.948468+00:00,47,金银花,莲子,金银花＋莲子,strict_title_abstract,Title/Abstract,"(""Jinyinhua""[Title/Abstract] OR ""Lonicerae Japonicae Flos""[Title/Abstract] OR ""Lonicera japonica""[Title/Abstract]) AND (""LianZi""[Title/Abstract] OR ""Nelumbo nucifera Gaertn.""[Title/Abstract] OR ""Nelumbo nucifera""[Title/Abstract]) AND (""Colitis, Ulcerative""[MeSH Terms] OR ""ulcerative colitis""[Title/Abstract] OR ""colitis""[Title/Abstract] OR ""intestinal barrier""[Title/Abstract] OR ""gut barrier""[Title/Abstract] OR ""intestinal mucosa""[Title/Abstract] OR ""intestinal mucosal barrier""[Title/Abstract] OR ""mucosal barrier""[Title/Abstract])","(""Jinyinhua""[Title/Abstract] OR ""Lonicerae Japonicae Flos""[Title/Abstract] OR ""Lonicera japonica""[Title/Abstract]) AND (""LianZi""[Title/Abstract] OR ""nelumbo nucifera gaertn""[Title/Abstract] OR ""Nelumbo nucifera""[Title/Abstract]) AND (""colitis, ulcerative""[MeSH Terms] OR ""ulcerative colitis""[Title/Abstract] OR ""colitis""[Title/Abstract] OR ""intestinal barrier""[Title/Abstract] OR ""gut barrier""[Title/Abstract] OR ""intestinal mucosa""[Title/Abstract] OR ""intestinal mucosal barrier""[Title/Abstract] OR ""mucosal barrier""[Title/Abstract])",0,0,True,,data\formal_analysis\genecards_multisource_pairs_20_strict\pubmed_all_pair_evidence\raw\run_20260926T115108Z\rank_47\strict_title_abstract\esearch_request.json,f78b0d54fc24a73af9427015557e65d449d0dee781147899dddd49f51db02900,data\formal_analysis\genecards_multisource_pairs_20_strict\pubmed_all_pair_evidence\raw\run_20260926T115108Z\rank_47\strict_title_abstract\esearch_response.json,4a27a648629506cc0721a4f348b85ce6621b4a1090f8253d51c7c849ff4b2480,data\formal_analysis\genecards_multisource_pairs_20_strict\pubmed_all_pair_evidence\raw\run_20260926T115108Z\rank_47\strict_title_abstract\parsed_articles.json,4f53cda18c2baa0c0354bb5f9a3ecbe5ed12ab4d8e11ba873c2f11161202b945,,,,
run_20260926T115108Z,2026-09-26T11:51:08.948468+00:00,47,金银花,莲子,金银花＋莲子,broad_all_fields,All Fields,"(""Jinyinhua""[All Fields] OR ""Lonicerae Japonicae Flos""[All Fields] OR ""Lonicera japonica""[All Fields]) AND (""LianZi""[All Fields] OR ""Nelumbo nucifera Gaertn.""[All Fields] OR ""Nelumbo nucifera""[All Fields]) AND (""Colitis, Ulcerative""[MeSH Terms] OR ""ulcerative colitis""[All Fields] OR ""colitis""[All Fields] OR ""intestinal barrier""[All Fields] OR ""gut barrier""[All Fields] OR ""intestinal mucosa""[All Fields] OR ""intestinal mucosal barrier""[All Fields] OR ""mucosal barrier""[All Fields])","(""Jinyinhua""[All Fields] OR ""Lonicerae Japonicae Flos""[All Fields] OR ""Lonicera japonica""[All Fields]) AND (""LianZi""[All Fields] OR ""nelumbo nucifera gaertn""[All Fields] OR ""Nelumbo nucifera""[All Fields]) AND (""colitis, ulcerative""[MeSH Terms] OR ""ulcerative colitis""[All Fields] OR ""colitis""[All Fields] OR ""intestinal barrier""[All Fields] OR ""gut barrier""[All Fields] OR ""intestinal mucosa""[All Fields] OR ""intestinal mucosal barrier""[All Fields] OR ""mucosal barrier""[All Fields])",0,0,True,,data\formal_analysis\genecards_multisource_pairs_20_strict\pubmed_all_pair_evidence\raw\run_20260926T115108Z\rank_47\broad_all_fields\esearch_request.json,469a67c5befde4e1efb2925b361490071515061f0fac7d404cb5d0403f1de05c,data\formal_analysis\genecards_multisource_pairs_20_strict\pubmed_all_pair_evidence\raw\run_20260926T115108Z\rank_47\broad_all_fields\esearch_response.json,88ebd985e6f5cca6defd030a7bad37e47780005e7573d1b9ee88a4a2f01c3182,data\formal_analysis\genecards_multisource_pairs_20_strict\pubmed_all_pair_evidence\raw\run_20260926T115108Z\rank_47\broad_all_fields\parsed_articles.json,4f53cda18c2baa0c0354bb5f9a3ecbe5ed12ab4d8e11ba873c2f11161202b945,,,,
run_20260926T115108Z,2026-09-26T11:51:08.948468+00:00,48,马齿苋,莲子,马齿苋＋莲子,strict_title_abstract,Title/Abstract,"(""Machixian""[Title/Abstract] OR ""Portulacae Herba""[Title/Abstract] OR ""Portulaca oleracea""[Title/Abstract]) AND (""LianZi""[Title/Abstract] OR ""Nelumbo nucifera Gaertn.""[Title/Abstract] OR ""Nelumbo nucifera""[Title/Abstract]) AND (""Colitis, Ulcerative""[MeSH Terms] OR ""ulcerative colitis""[Title/Abstract] OR ""colitis""[Title/Abstract] OR ""intestinal barrier""[Title/Abstract] OR ""gut barrier""[Title/Abstract] OR ""intestinal mucosa""[Title/Abstract] OR ""intestinal mucosal barrier""[Title/Abstract] OR ""mucosal barrier""[Title/Abstract])","(""Machixian""[Title/Abstract] OR ""Portulacae Herba""[Title/Abstract] OR ""Portulaca oleracea""[Title/Abstract]) AND (""LianZi""[Title/Abstract] OR ""nelumbo nucifera gaertn""[Title/Abstract] OR ""Nelumbo nucifera""[Title/Abstract]) AND (""colitis, ulcerative""[MeSH Terms] OR ""ulcerative colitis""[Title/Abstract] OR ""colitis""[Title/Abstract] OR ""intestinal barrier""[Title/Abstract] OR ""gut barrier""[Title/Abstract] OR ""intestinal mucosa""[Title/Abstract] OR ""intestinal mucosal barrier""[Title/Abstract] OR ""mucosal barrier""[Title/Abstract])",0,0,True,,data\formal_analysis\genecards_multisource_pairs_20_strict\pubmed_all_pair_evidence\raw\run_20260926T115108Z\rank_48\strict_title_abstract\esearch_request.json,a71101f817d3c7e23e703176da6c037eb0fc1006229d993b33e8d35c7506f1dc,data\formal_analysis\genecards_multisource_pairs_20_strict\pubmed_all_pair_evidence\raw\run_20260926T115108Z\rank_48\strict_title_abstract\esearch_response.json,d6ca228492b6717cf4b9646a75b86ebc686f08e3ed182ce4b5fcad8285be1731,data\formal_analysis\genecards_multisource_pairs_20_strict\pubmed_all_pair_evidence\raw\run_20260926T115108Z\rank_48\strict_title_abstract\parsed_articles.json,4f53cda18c2baa0c0354bb5f9a3ecbe5ed12ab4d8e11ba873c2f11161202b945,,,,
run_20260926T115108Z,2026-09-26T11:51:08.948468+00:00,48,马齿苋,莲子,马齿苋＋莲子,broad_all_fields,All Fields,"(""Machixian""[All Fields] OR ""Portulacae Herba""[All Fields] OR ""Portulaca oleracea""[All Fields]) AND (""LianZi""[All Fields] OR ""Nelumbo nucifera Gaertn.""[All Fields] OR ""Nelumbo nucifera""[All Fields]) AND (""Colitis, Ulcerative""[MeSH Terms] OR ""ulcerative colitis""[All Fields] OR ""colitis""[All Fields] OR ""intestinal barrier""[All Fields] OR ""gut barrier""[All Fields] OR ""intestinal mucosa""[All Fields] OR ""intestinal mucosal barrier""[All Fields] OR ""mucosal barrier""[All Fields])","(""Machixian""[All Fields] OR ""Portulacae Herba""[All Fields] OR ""Portulaca oleracea""[All Fields]) AND (""LianZi""[All Fields] OR ""nelumbo nucifera gaertn""[All Fields] OR ""Nelumbo nucifera""[All Fields]) AND (""colitis, ulcerative""[MeSH Terms] OR ""ulcerative colitis""[All Fields] OR ""colitis""[All Fields] OR ""intestinal barrier""[All Fields] OR ""gut barrier""[All Fields] OR ""intestinal mucosa""[All Fields] OR ""intestinal mucosal barrier""[All Fields] OR ""mucosal barrier""[All Fields])",0,0,True,,data\formal_analysis\genecards_multisource_pairs_20_strict\pubmed_all_pair_evidence\raw\run_20260926T115108Z\rank_48\broad_all_fields\esearch_request.json,4afec94dd3efef6b6d95efe7baadd52f27ce16a55e9ce971e18b6c28c1bf3ad0,data\formal_analysis\genecards_multisource_pairs_20_strict\pubmed_all_pair_evidence\raw\run_20260926T115108Z\rank_48\broad_all_fields\esearch_response.json,0a7180e462b84cc918df95094cb914f40d7182bc9595a58367cfa7fc56c3c197,data\formal_analysis\genecards_multisource_pairs_20_strict\pubmed_all_pair_evidence\raw\run_20260926T115108Z\rank_48\broad_all_fields\parsed_articles.json,4f53cda18c2baa0c0354bb5f9a3ecbe5ed12ab4d8e11ba873c2f11161202b945,,,,
run_20260926T115108Z,2026-09-26T11:51:08.948468+00:00,49,山药,藿香,山药＋藿香,strict_title_abstract,Title/Abstract,"(""Shanyao""[Title/Abstract] OR ""Rhizoma Dioscoreae""[Title/Abstract] OR ""Dioscorea opposita""[Title/Abstract]) AND (""HuoXiang""[Title/Abstract] OR ""Pogostemon cablin(Blanco)Benth.""[Title/Abstract] OR ""Pogostemon cablin""[Title/Abstract]) AND (""Colitis, Ulcerative""[MeSH Terms] OR ""ulcerative colitis""[Title/Abstract] OR ""colitis""[Title/Abstract] OR ""intestinal barrier""[Title/Abstract] OR ""gut barrier""[Title/Abstract] OR ""intestinal mucosa""[Title/Abstract] OR ""intestinal mucosal barrier""[Title/Abstract] OR ""mucosal barrier""[Title/Abstract])","(""Shanyao""[Title/Abstract] OR ""Rhizoma Dioscoreae""[Title/Abstract] OR ""Dioscorea opposita""[Title/Abstract]) AND (""HuoXiang""[Title/Abstract] OR ""pogostemon cablin blanco benth""[Title/Abstract] OR ""Pogostemon cablin""[Title/Abstract]) AND (""colitis, ulcerative""[MeSH Terms] OR ""ulcerative colitis""[Title/Abstract] OR ""colitis""[Title/Abstract] OR ""intestinal barrier""[Title/Abstract] OR ""gut barrier""[Title/Abstract] OR ""intestinal mucosa""[Title/Abstract] OR ""intestinal mucosal barrier""[Title/Abstract] OR ""mucosal barrier""[Title/Abstract])",0,0,True,,data\formal_analysis\genecards_multisource_pairs_20_strict\pubmed_all_pair_evidence\raw\run_20260926T115108Z\rank_49\strict_title_abstract\esearch_request.json,d4d69c44649e9f9e6afa1435d458bf7a39c417db7e0b7699d6db1815c01e2e6f,data\formal_analysis\genecards_multisource_pairs_20_strict\pubmed_all_pair_evidence\raw\run_20260926T115108Z\rank_49\strict_title_abstract\esearch_response.json,ba5cca8988cab649c5e13e4937d088c547d7c0f7d17a1e1077660a00779e1ffd,data\formal_analysis\genecards_multisource_pairs_20_strict\pubmed_all_pair_evidence\raw\run_20260926T115108Z\rank_49\strict_title_abstract\parsed_articles.json,4f53cda18c2baa0c0354bb5f9a3ecbe5ed12ab4d8e11ba873c2f11161202b945,,,,
run_20260926T115108Z,2026-09-26T11:51:08.948468+00:00,49,山药,藿香,山药＋藿香,broad_all_fields,All Fields,"(""Shanyao""[All Fields] OR ""Rhizoma Dioscoreae""[All Fields] OR ""Dioscorea opposita""[All Fields]) AND (""HuoXiang""[All Fields] OR ""Pogostemon cablin(Blanco)Benth.""[All Fields] OR ""Pogostemon cablin""[All Fields]) AND (""Colitis, Ulcerative""[MeSH Terms] OR ""ulcerative colitis""[All Fields] OR ""colitis""[All Fields] OR ""intestinal barrier""[All Fields] OR ""gut barrier""[All Fields] OR ""intestinal mucosa""[All Fields] OR ""intestinal mucosal barrier""[All Fields] OR ""mucosal barrier""[All Fields])","(""Shanyao""[All Fields] OR ""Rhizoma Dioscoreae""[All Fields] OR ""Dioscorea opposita""[All Fields]) AND (""HuoXiang""[All Fields] OR ""pogostemon cablin blanco benth""[All Fields] OR ""Pogostemon cablin""[All Fields]) AND (""colitis, ulcerative""[MeSH Terms] OR ""ulcerative colitis""[All Fields] OR ""colitis""[All Fields] OR ""intestinal barrier""[All Fields] OR ""gut barrier""[All Fields] OR ""intestinal mucosa""[All Fields] OR ""intestinal mucosal barrier""[All Fields] OR ""mucosal barrier""[All Fields])",0,0,True,,data\formal_analysis\genecards_multisource_pairs_20_strict\pubmed_all_pair_evidence\raw\run_20260926T115108Z\rank_49\broad_all_fields\esearch_request.json,5f2688803e3e034891cf419d7350a33bd816fb68e6688984fa26aac17f7a0919,data\formal_analysis\genecards_multisource_pairs_20_strict\pubmed_all_pair_evidence\raw\run_20260926T115108Z\rank_49\broad_all_fields\esearch_response.json,c98d5cd79318b0a5eb8325178d5192e7e11dc00352621b12e0ae8243a2fc632f,data\formal_analysis\genecards_multisource_pairs_20_strict\pubmed_all_pair_evidence\raw\run_20260926T115108Z\rank_49\broad_all_fields\parsed_articles.json,4f53cda18c2baa0c0354bb5f9a3ecbe5ed12ab4d8e11ba873c2f11161202b945,,,,
run_20260926T115108Z,2026-09-26T11:51:08.948468+00:00,50,莲子,大枣,莲子＋大枣,strict_title_abstract,Title/Abstract,"(""LianZi""[Title/Abstract] OR ""Nelumbo nucifera Gaertn.""[Title/Abstract] OR ""Nelumbo nucifera""[Title/Abstract]) AND (""Dazao""[Title/Abstract] OR ""Jujubae Fructus""[Title/Abstract] OR ""Ziziphus jujuba""[Title/Abstract]) AND (""Colitis, Ulcerative""[MeSH Terms] OR ""ulcerative colitis""[Title/Abstract] OR ""colitis""[Title/Abstract] OR ""intestinal barrier""[Title/Abstract] OR ""gut barrier""[Title/Abstract] OR ""intestinal mucosa""[Title/Abstract] OR ""intestinal mucosal barrier""[Title/Abstract] OR ""mucosal barrier""[Title/Abstract])","(""LianZi""[Title/Abstract] OR ""nelumbo nucifera gaertn""[Title/Abstract] OR ""Nelumbo nucifera""[Title/Abstract]) AND (""Dazao""[Title/Abstract] OR ""Jujubae Fructus""[Title/Abstract] OR ""Ziziphus jujuba""[Title/Abstract]) AND (""colitis, ulcerative""[MeSH Terms] OR ""ulcerative colitis""[Title/Abstract] OR ""colitis""[Title/Abstract] OR ""intestinal barrier""[Title/Abstract] OR ""gut barrier""[Title/Abstract] OR ""intestinal mucosa""[Title/Abstract] OR ""intestinal mucosal barrier""[Title/Abstract] OR ""mucosal barrier""[Title/Abstract])",0,0,True,,data\formal_analysis\genecards_multisource_pairs_20_strict\pubmed_all_pair_evidence\raw\run_20260926T115108Z\rank_50\strict_title_abstract\esearch_request.json,8d143dd27ea1f4bb1012048cd4f0a1191a9f667b2773b71b5a94dece7c0781ef,data\formal_analysis\genecards_multisource_pairs_20_strict\pubmed_all_pair_evidence\raw\run_20260926T115108Z\rank_50\strict_title_abstract\esearch_response.json,a5468165227aed97da4a8282763760f2d1b90b80ded86b101bcf127e85ac03de,data\formal_analysis\genecards_multisource_pairs_20_strict\pubmed_all_pair_evidence\raw\run_20260926T115108Z\rank_50\strict_title_abstract\parsed_articles.json,4f53cda18c2baa0c0354bb5f9a3ecbe5ed12ab4d8e11ba873c2f11161202b945,,,,
run_20260926T115108Z,2026-09-26T11:51:08.948468+00:00,50,莲子,大枣,莲子＋大枣,broad_all_fields,All Fields,"(""LianZi""[All Fields] OR ""Nelumbo nucifera Gaertn.""[All Fields] OR ""Nelumbo nucifera""[All Fields]) AND (""Dazao""[All Fields] OR ""Jujubae Fructus""[All Fields] OR ""Ziziphus jujuba""[All Fields]) AND (""Colitis, Ulcerative""[MeSH Terms] OR ""ulcerative colitis""[All Fields] OR ""colitis""[All Fields] OR ""intestinal barrier""[All Fields] OR ""gut barrier""[All Fields] OR ""intestinal mucosa""[All Fields] OR ""intestinal mucosal barrier""[All Fields] OR ""mucosal barrier""[All Fields])","(""LianZi""[All Fields] OR ""nelumbo nucifera gaertn""[All Fields] OR ""Nelumbo nucifera""[All Fields]) AND (""Dazao""[All Fields] OR ""Jujubae Fructus""[All Fields] OR ""Ziziphus jujuba""[All Fields]) AND (""colitis, ulcerative""[MeSH Terms] OR ""ulcerative colitis""[All Fields] OR ""colitis""[All Fields] OR ""intestinal barrier""[All Fields] OR ""gut barrier""[All Fields] OR ""intestinal mucosa""[All Fields] OR ""intestinal mucosal barrier""[All Fields] OR ""mucosal barrier""[All Fields])",0,0,True,,data\formal_analysis\genecards_multisource_pairs_20_strict\pubmed_all_pair_evidence\raw\run_20260926T115108Z\rank_50\broad_all_fields\esearch_request.json,9f8e5a5b51e5c5f4d414dee51f3edd6525cbd49a88f20b46268753063ff11666,data\formal_analysis\genecards_multisource_pairs_20_strict\pubmed_all_pair_evidence\raw\run_20260926T115108Z\rank_50\broad_all_fields\esearch_response.json,8df047e63fbef1af6aaa80889e55f1ba2bd99a7fe1b649b8c30b86b054f67db8,data\formal_analysis\genecards_multisource_pairs_20_strict\pubmed_all_pair_evidence\raw\run_20260926T115108Z\rank_50\broad_all_fields\parsed_articles.json,4f53cda18c2baa0c0354bb5f9a3ecbe5ed12ab4d8e11ba873c2f11161202b945,,,,
run_20260926T115108Z,2026-09-26T11:51:08.948468+00:00,51,白扁豆,莲子,白扁豆＋莲子,strict_title_abstract,Title/Abstract,"(""Baibiandou""[Title/Abstract] OR ""Lablab Semen Album""[Title/Abstract] OR ""Dolichos lablab""[Title/Abstract]) AND (""LianZi""[Title/Abstract] OR ""Nelumbo nucifera Gaertn.""[Title/Abstract] OR ""Nelumbo nucifera""[Title/Abstract]) AND (""Colitis, Ulcerative""[MeSH Terms] OR ""ulcerative colitis""[Title/Abstract] OR ""colitis""[Title/Abstract] OR ""intestinal barrier""[Title/Abstract] OR ""gut barrier""[Title/Abstract] OR ""intestinal mucosa""[Title/Abstract] OR ""intestinal mucosal barrier""[Title/Abstract] OR ""mucosal barrier""[Title/Abstract])","(""Baibiandou""[Title/Abstract] OR ""Lablab Semen Album""[Title/Abstract] OR ""Dolichos lablab""[Title/Abstract]) AND (""LianZi""[Title/Abstract] OR ""nelumbo nucifera gaertn""[Title/Abstract] OR ""Nelumbo nucifera""[Title/Abstract]) AND (""colitis, ulcerative""[MeSH Terms] OR ""ulcerative colitis""[Title/Abstract] OR ""colitis""[Title/Abstract] OR ""intestinal barrier""[Title/Abstract] OR ""gut barrier""[Title/Abstract] OR ""intestinal mucosa""[Title/Abstract] OR ""intestinal mucosal barrier""[Title/Abstract] OR ""mucosal barrier""[Title/Abstract])",0,0,True,,data\formal_analysis\genecards_multisource_pairs_20_strict\pubmed_all_pair_evidence\raw\run_20260926T115108Z\rank_51\strict_title_abstract\esearch_request.json,474be0d8a20f58abd27a4b9b5928d9f4283aaddfc7d2836c9a682560b29ef160,data\formal_analysis\genecards_multisource_pairs_20_strict\pubmed_all_pair_evidence\raw\run_20260926T115108Z\rank_51\strict_title_abstract\esearch_response.json,2f46792a610b3a4fc9dc27b7c589521c7cc9b6a0fd27b18675110072aeecf4ef,data\formal_analysis\genecards_multisource_pairs_20_strict\pubmed_all_pair_evidence\raw\run_20260926T115108Z\rank_51\strict_title_abstract\parsed_articles.json,4f53cda18c2baa0c0354bb5f9a3ecbe5ed12ab4d8e11ba873c2f11161202b945,,,,
run_20260926T115108Z,2026-09-26T11:51:08.948468+00:00,51,白扁豆,莲子,白扁豆＋莲子,broad_all_fields,All Fields,"(""Baibiandou""[All Fields] OR ""Lablab Semen Album""[All Fields] OR ""Dolichos lablab""[All Fields]) AND (""LianZi""[All Fields] OR ""Nelumbo nucifera Gaertn.""[All Fields] OR ""Nelumbo nucifera""[All Fields]) AND (""Colitis, Ulcerative""[MeSH Terms] OR ""ulcerative colitis""[All Fields] OR ""colitis""[All Fields] OR ""intestinal barrier""[All Fields] OR ""gut barrier""[All Fields] OR ""intestinal mucosa""[All Fields] OR ""intestinal mucosal barrier""[All Fields] OR ""mucosal barrier""[All Fields])","(""Baibiandou""[All Fields] OR ""Lablab Semen Album""[All Fields] OR ""Dolichos lablab""[All Fields]) AND (""LianZi""[All Fields] OR ""nelumbo nucifera gaertn""[All Fields] OR ""Nelumbo nucifera""[All Fields]) AND (""colitis, ulcerative""[MeSH Terms] OR ""ulcerative colitis""[All Fields] OR ""colitis""[All Fields] OR ""intestinal barrier""[All Fields] OR ""gut barrier""[All Fields] OR ""intestinal mucosa""[All Fields] OR ""intestinal mucosal barrier""[All Fields] OR ""mucosal barrier""[All Fields])",0,0,True,,data\formal_analysis\genecards_multisource_pairs_20_strict\pubmed_all_pair_evidence\raw\run_20260926T115108Z\rank_51\broad_all_fields\esearch_request.json,762fd712ce37399eb38f8924184d8d30cb2f03965ed64cb92097e73ba3b7c7b6,data\formal_analysis\genecards_multisource_pairs_20_strict\pubmed_all_pair_evidence\raw\run_20260926T115108Z\rank_51\broad_all_fields\esearch_response.json,c2c6992b68dcec64fbd931a2d7c6b08b6b86cb1abf73ee35371f4ca175e7824f,data\formal_analysis\genecards_multisource_pairs_20_strict\pubmed_all_pair_evidence\raw\run_20260926T115108Z\rank_51\broad_all_fields\parsed_articles.json,4f53cda18c2baa0c0354bb5f9a3ecbe5ed12ab4d8e11ba873c2f11161202b945,,,,
run_20260926T115108Z,2026-09-26T11:51:08.948468+00:00,52,莲子,芡实,莲子＋芡实,strict_title_abstract,Title/Abstract,"(""LianZi""[Title/Abstract] OR ""Nelumbo nucifera Gaertn.""[Title/Abstract] OR ""Nelumbo nucifera""[Title/Abstract]) AND (""Qianshi""[Title/Abstract] OR ""Euryales Semen""[Title/Abstract] OR ""Euryale ferox""[Title/Abstract]) AND (""Colitis, Ulcerative""[MeSH Terms] OR ""ulcerative colitis""[Title/Abstract] OR ""colitis""[Title/Abstract] OR ""intestinal barrier""[Title/Abstract] OR ""gut barrier""[Title/Abstract] OR ""intestinal mucosa""[Title/Abstract] OR ""intestinal mucosal barrier""[Title/Abstract] OR ""mucosal barrier""[Title/Abstract])","(""LianZi""[Title/Abstract] OR ""nelumbo nucifera gaertn""[Title/Abstract] OR ""Nelumbo nucifera""[Title/Abstract]) AND (""Qianshi""[Title/Abstract] OR ""Euryales Semen""[Title/Abstract] OR ""Euryale ferox""[Title/Abstract]) AND (""colitis, ulcerative""[MeSH Terms] OR ""ulcerative colitis""[Title/Abstract] OR ""colitis""[Title/Abstract] OR ""intestinal barrier""[Title/Abstract] OR ""gut barrier""[Title/Abstract] OR ""intestinal mucosa""[Title/Abstract] OR ""intestinal mucosal barrier""[Title/Abstract] OR ""mucosal barrier""[Title/Abstract])",0,0,True,,data\formal_analysis\genecards_multisource_pairs_20_strict\pubmed_all_pair_evidence\raw\run_20260926T115108Z\rank_52\strict_title_abstract\esearch_request.json,b3d8a6e8da51f3e633e67b50cffb31b1516bcf358ca06d64d3edb61edee627f4,data\formal_analysis\genecards_multisource_pairs_20_strict\pubmed_all_pair_evidence\raw\run_20260926T115108Z\rank_52\strict_title_abstract\esearch_response.json,62b0df1ac87df2d27691b54493958bc8589a0d621ad314908f6ec38c9952a96f,data\formal_analysis\genecards_multisource_pairs_20_strict\pubmed_all_pair_evidence\raw\run_20260926T115108Z\rank_52\strict_title_abstract\parsed_articles.json,4f53cda18c2baa0c0354bb5f9a3ecbe5ed12ab4d8e11ba873c2f11161202b945,,,,
run_20260926T115108Z,2026-09-26T11:51:08.948468+00:00,52,莲子,芡实,莲子＋芡实,broad_all_fields,All Fields,"(""LianZi""[All Fields] OR ""Nelumbo nucifera Gaertn.""[All Fields] OR ""Nelumbo nucifera""[All Fields]) AND (""Qianshi""[All Fields] OR ""Euryales Semen""[All Fields] OR ""Euryale ferox""[All Fields]) AND (""Colitis, Ulcerative""[MeSH Terms] OR ""ulcerative colitis""[All Fields] OR ""colitis""[All Fields] OR ""intestinal barrier""[All Fields] OR ""gut barrier""[All Fields] OR ""intestinal mucosa""[All Fields] OR ""intestinal mucosal barrier""[All Fields] OR ""mucosal barrier""[All Fields])","(""LianZi""[All Fields] OR ""nelumbo nucifera gaertn""[All Fields] OR ""Nelumbo nucifera""[All Fields]) AND (""Qianshi""[All Fields] OR ""Euryales Semen""[All Fields] OR ""Euryale ferox""[All Fields]) AND (""colitis, ulcerative""[MeSH Terms] OR ""ulcerative colitis""[All Fields] OR ""colitis""[All Fields] OR ""intestinal barrier""[All Fields] OR ""gut barrier""[All Fields] OR ""intestinal mucosa""[All Fields] OR ""intestinal mucosal barrier""[All Fields] OR ""mucosal barrier""[All Fields])",0,0,True,,data\formal_analysis\genecards_multisource_pairs_20_strict\pubmed_all_pair_evidence\raw\run_20260926T115108Z\rank_52\broad_all_fields\esearch_request.json,01b8802a8b5835597c61cb8ee8600439431eed0e99bf42591565ed595e119190,data\formal_analysis\genecards_multisource_pairs_20_strict\pubmed_all_pair_evidence\raw\run_20260926T115108Z\rank_52\broad_all_fields\esearch_response.json,92cc616a392b3caad4c06836e7e05ca15cb4d121e21ebdb1053d6cb98a12c538,data\formal_analysis\genecards_multisource_pairs_20_strict\pubmed_all_pair_evidence\raw\run_20260926T115108Z\rank_52\broad_all_fields\parsed_articles.json,4f53cda18c2baa0c0354bb5f9a3ecbe5ed12ab4d8e11ba873c2f11161202b945,,,,
run_20260926T115108Z,2026-09-26T11:51:08.948468+00:00,53,山药,甘草,山药＋甘草,strict_title_abstract,Title/Abstract,"(""Shanyao""[Title/Abstract] OR ""Rhizoma Dioscoreae""[Title/Abstract] OR ""Dioscorea opposita""[Title/Abstract]) AND (""Gancao""[Title/Abstract] OR ""licorice""[Title/Abstract] OR ""Glycyrrhiza uralensis""[Title/Abstract] OR ""Glycyrrhiza inflata""[Title/Abstract] OR ""Glycyrrhiza glabra""[Title/Abstract]) AND (""Colitis, Ulcerative""[MeSH Terms] OR ""ulcerative colitis""[Title/Abstract] OR ""colitis""[Title/Abstract] OR ""intestinal barrier""[Title/Abstract] OR ""gut barrier""[Title/Abstract] OR ""intestinal mucosa""[Title/Abstract] OR ""intestinal mucosal barrier""[Title/Abstract] OR ""mucosal barrier""[Title/Abstract])","(""Shanyao""[Title/Abstract] OR ""Rhizoma Dioscoreae""[Title/Abstract] OR ""Dioscorea opposita""[Title/Abstract]) AND (""Gancao""[Title/Abstract] OR ""licorice""[Title/Abstract] OR ""Glycyrrhiza uralensis""[Title/Abstract] OR ""Glycyrrhiza inflata""[Title/Abstract] OR ""Glycyrrhiza glabra""[Title/Abstract]) AND (""colitis, ulcerative""[MeSH Terms] OR ""ulcerative colitis""[Title/Abstract] OR ""colitis""[Title/Abstract] OR ""intestinal barrier""[Title/Abstract] OR ""gut barrier""[Title/Abstract] OR ""intestinal mucosa""[Title/Abstract] OR ""intestinal mucosal barrier""[Title/Abstract] OR ""mucosal barrier""[Title/Abstract])",0,0,True,,data\formal_analysis\genecards_multisource_pairs_20_strict\pubmed_all_pair_evidence\raw\run_20260926T115108Z\rank_53\strict_title_abstract\esearch_request.json,3b5175046d075376862c79b5774ec4690461e5d2b1e68c98d8c88d892a2d285f,data\formal_analysis\genecards_multisource_pairs_20_strict\pubmed_all_pair_evidence\raw\run_20260926T115108Z\rank_53\strict_title_abstract\esearch_response.json,d4488ce0e3f5a36fd2fb5f1c9f9bf104c00f3e884135d92cfa0d2c9d4ca94e54,data\formal_analysis\genecards_multisource_pairs_20_strict\pubmed_all_pair_evidence\raw\run_20260926T115108Z\rank_53\strict_title_abstract\parsed_articles.json,4f53cda18c2baa0c0354bb5f9a3ecbe5ed12ab4d8e11ba873c2f11161202b945,,,,
run_20260926T115108Z,2026-09-26T11:51:08.948468+00:00,53,山药,甘草,山药＋甘草,broad_all_fields,All Fields,"(""Shanyao""[All Fields] OR ""Rhizoma Dioscoreae""[All Fields] OR ""Dioscorea opposita""[All Fields]) AND (""Gancao""[All Fields] OR ""licorice""[All Fields] OR ""Glycyrrhiza uralensis""[All Fields] OR ""Glycyrrhiza inflata""[All Fields] OR ""Glycyrrhiza glabra""[All Fields]) AND (""Colitis, Ulcerative""[MeSH Terms] OR ""ulcerative colitis""[All Fields] OR ""colitis""[All Fields] OR ""intestinal barrier""[All Fields] OR ""gut barrier""[All Fields] OR ""intestinal mucosa""[All Fields] OR ""intestinal mucosal barrier""[All Fields] OR ""mucosal barrier""[All Fields])","(""Shanyao""[All Fields] OR ""Rhizoma Dioscoreae""[All Fields] OR ""Dioscorea opposita""[All Fields]) AND (""Gancao""[All Fields] OR ""licorice""[All Fields] OR ""Glycyrrhiza uralensis""[All Fields] OR ""Glycyrrhiza inflata""[All Fields] OR ""Glycyrrhiza glabra""[All Fields]) AND (""colitis, ulcerative""[MeSH Terms] OR ""ulcerative colitis""[All Fields] OR ""colitis""[All Fields] OR ""intestinal barrier""[All Fields] OR ""gut barrier""[All Fields] OR ""intestinal mucosa""[All Fields] OR ""intestinal mucosal barrier""[All Fields] OR ""mucosal barrier""[All Fields])",0,0,True,,data\formal_analysis\genecards_multisource_pairs_20_strict\pubmed_all_pair_evidence\raw\run_20260926T115108Z\rank_53\broad_all_fields\esearch_request.json,87ec8dfa5bfb9631b06bf23477ad5dd87fcb7349df92cc54e39a2afa81cd1c87,data\formal_analysis\genecards_multisource_pairs_20_strict\pubmed_all_pair_evidence\raw\run_20260926T115108Z\rank_53\broad_all_fields\esearch_response.json,37c551f8d9fb6314a0ab71d749131072ad0821524242e4e3d9fb27a1559de2d4,data\formal_analysis\genecards_multisource_pairs_20_strict\pubmed_all_pair_evidence\raw\run_20260926T115108Z\rank_53\broad_all_fields\parsed_articles.json,4f53cda18c2baa0c0354bb5f9a3ecbe5ed12ab4d8e11ba873c2f11161202b945,,,,
run_20260926T115108Z,2026-09-26T11:51:08.948468+00:00,54,金银花,山药,金银花＋山药,strict_title_abstract,Title/Abstract,"(""Jinyinhua""[Title/Abstract] OR ""Lonicerae Japonicae Flos""[Title/Abstract] OR ""Lonicera japonica""[Title/Abstract]) AND (""Shanyao""[Title/Abstract] OR ""Rhizoma Dioscoreae""[Title/Abstract] OR ""Dioscorea opposita""[Title/Abstract]) AND (""Colitis, Ulcerative""[MeSH Terms] OR ""ulcerative colitis""[Title/Abstract] OR ""colitis""[Title/Abstract] OR ""intestinal barrier""[Title/Abstract] OR ""gut barrier""[Title/Abstract] OR ""intestinal mucosa""[Title/Abstract] OR ""intestinal mucosal barrier""[Title/Abstract] OR ""mucosal barrier""[Title/Abstract])","(""Jinyinhua""[Title/Abstract] OR ""Lonicerae Japonicae Flos""[Title/Abstract] OR ""Lonicera japonica""[Title/Abstract]) AND (""Shanyao""[Title/Abstract] OR ""Rhizoma Dioscoreae""[Title/Abstract] OR ""Dioscorea opposita""[Title/Abstract]) AND (""colitis, ulcerative""[MeSH Terms] OR ""ulcerative colitis""[Title/Abstract] OR ""colitis""[Title/Abstract] OR ""intestinal barrier""[Title/Abstract] OR ""gut barrier""[Title/Abstract] OR ""intestinal mucosa""[Title/Abstract] OR ""intestinal mucosal barrier""[Title/Abstract] OR ""mucosal barrier""[Title/Abstract])",0,0,True,,data\formal_analysis\genecards_multisource_pairs_20_strict\pubmed_all_pair_evidence\raw\run_20260926T115108Z\rank_54\strict_title_abstract\esearch_request.json,82bb7df6884b0b441bb287e5fa95369cb8012b1825554a89a246646eab6b0417,data\formal_analysis\genecards_multisource_pairs_20_strict\pubmed_all_pair_evidence\raw\run_20260926T115108Z\rank_54\strict_title_abstract\esearch_response.json,894e80180b8006f8d0fad1afd8e26932a02789702e305517858a82aec833205c,data\formal_analysis\genecards_multisource_pairs_20_strict\pubmed_all_pair_evidence\raw\run_20260926T115108Z\rank_54\strict_title_abstract\parsed_articles.json,4f53cda18c2baa0c0354bb5f9a3ecbe5ed12ab4d8e11ba873c2f11161202b945,,,,
run_20260926T115108Z,2026-09-26T11:51:08.948468+00:00,54,金银花,山药,金银花＋山药,broad_all_fields,All Fields,"(""Jinyinhua""[All Fields] OR ""Lonicerae Japonicae Flos""[All Fields] OR ""Lonicera japonica""[All Fields]) AND (""Shanyao""[All Fields] OR ""Rhizoma Dioscoreae""[All Fields] OR ""Dioscorea opposita""[All Fields]) AND (""Colitis, Ulcerative""[MeSH Terms] OR ""ulcerative colitis""[All Fields] OR ""colitis""[All Fields] OR ""intestinal barrier""[All Fields] OR ""gut barrier""[All Fields] OR ""intestinal mucosa""[All Fields] OR ""intestinal mucosal barrier""[All Fields] OR ""mucosal barrier""[All Fields])","(""Jinyinhua""[All Fields] OR ""Lonicerae Japonicae Flos""[All Fields] OR ""Lonicera japonica""[All Fields]) AND (""Shanyao""[All Fields] OR ""Rhizoma Dioscoreae""[All Fields] OR ""Dioscorea opposita""[All Fields]) AND (""colitis, ulcerative""[MeSH Terms] OR ""ulcerative colitis""[All Fields] OR ""colitis""[All Fields] OR ""intestinal barrier""[All Fields] OR ""gut barrier""[All Fields] OR ""intestinal mucosa""[All Fields] OR ""intestinal mucosal barrier""[All Fields] OR ""mucosal barrier""[All Fields])",0,0,True,,data\formal_analysis\genecards_multisource_pairs_20_strict\pubmed_all_pair_evidence\raw\run_20260926T115108Z\rank_54\broad_all_fields\esearch_request.json,3438e646acafb8905ec743ccfd018234fc76a438a9af2daf5ca23dfd17da7f24,data\formal_analysis\genecards_multisource_pairs_20_strict\pubmed_all_pair_evidence\raw\run_20260926T115108Z\rank_54\broad_all_fields\esearch_response.json,dc1a1b2f6a934791bb062287b60d1d2e7fb62274181034c51202e4524a7ae370,data\formal_analysis\genecards_multisource_pairs_20_strict\pubmed_all_pair_evidence\raw\run_20260926T115108Z\rank_54\broad_all_fields\parsed_articles.json,4f53cda18c2baa0c0354bb5f9a3ecbe5ed12ab4d8e11ba873c2f11161202b945,,,,
run_20260926T115108Z,2026-09-26T11:51:08.948468+00:00,55,马齿苋,山药,马齿苋＋山药,strict_title_abstract,Title/Abstract,"(""Machixian""[Title/Abstract] OR ""Portulacae Herba""[Title/Abstract] OR ""Portulaca oleracea""[Title/Abstract]) AND (""Shanyao""[Title/Abstract] OR ""Rhizoma Dioscoreae""[Title/Abstract] OR ""Dioscorea opposita""[Title/Abstract]) AND (""Colitis, Ulcerative""[MeSH Terms] OR ""ulcerative colitis""[Title/Abstract] OR ""colitis""[Title/Abstract] OR ""intestinal barrier""[Title/Abstract] OR ""gut barrier""[Title/Abstract] OR ""intestinal mucosa""[Title/Abstract] OR ""intestinal mucosal barrier""[Title/Abstract] OR ""mucosal barrier""[Title/Abstract])","(""Machixian""[Title/Abstract] OR ""Portulacae Herba""[Title/Abstract] OR ""Portulaca oleracea""[Title/Abstract]) AND (""Shanyao""[Title/Abstract] OR ""Rhizoma Dioscoreae""[Title/Abstract] OR ""Dioscorea opposita""[Title/Abstract]) AND (""colitis, ulcerative""[MeSH Terms] OR ""ulcerative colitis""[Title/Abstract] OR ""colitis""[Title/Abstract] OR ""intestinal barrier""[Title/Abstract] OR ""gut barrier""[Title/Abstract] OR ""intestinal mucosa""[Title/Abstract] OR ""intestinal mucosal barrier""[Title/Abstract] OR ""mucosal barrier""[Title/Abstract])",0,0,True,,data\formal_analysis\genecards_multisource_pairs_20_strict\pubmed_all_pair_evidence\raw\run_20260926T115108Z\rank_55\strict_title_abstract\esearch_request.json,b829199b1feb6be6959d579343dd4171726aa2197ef23105dca6e8472c707ead,data\formal_analysis\genecards_multisource_pairs_20_strict\pubmed_all_pair_evidence\raw\run_20260926T115108Z\rank_55\strict_title_abstract\esearch_response.json,0684eb3b1f8d1c986d2f75b809db90ee4213f6e403757ee679476ecae9bd77fc,data\formal_analysis\genecards_multisource_pairs_20_strict\pubmed_all_pair_evidence\raw\run_20260926T115108Z\rank_55\strict_title_abstract\parsed_articles.json,4f53cda18c2baa0c0354bb5f9a3ecbe5ed12ab4d8e11ba873c2f11161202b945,,,,
run_20260926T115108Z,2026-09-26T11:51:08.948468+00:00,55,马齿苋,山药,马齿苋＋山药,broad_all_fields,All Fields,"(""Machixian""[All Fields] OR ""Portulacae Herba""[All Fields] OR ""Portulaca oleracea""[All Fields]) AND (""Shanyao""[All Fields] OR ""Rhizoma Dioscoreae""[All Fields] OR ""Dioscorea opposita""[All Fields]) AND (""Colitis, Ulcerative""[MeSH Terms] OR ""ulcerative colitis""[All Fields] OR ""colitis""[All Fields] OR ""intestinal barrier""[All Fields] OR ""gut barrier""[All Fields] OR ""intestinal mucosa""[All Fields] OR ""intestinal mucosal barrier""[All Fields] OR ""mucosal barrier""[All Fields])","(""Machixian""[All Fields] OR ""Portulacae Herba""[All Fields] OR ""Portulaca oleracea""[All Fields]) AND (""Shanyao""[All Fields] OR ""Rhizoma Dioscoreae""[All Fields] OR ""Dioscorea opposita""[All Fields]) AND (""colitis, ulcerative""[MeSH Terms] OR ""ulcerative colitis""[All Fields] OR ""colitis""[All Fields] OR ""intestinal barrier""[All Fields] OR ""gut barrier""[All Fields] OR ""intestinal mucosa""[All Fields] OR ""intestinal mucosal barrier""[All Fields] OR ""mucosal barrier""[All Fields])",0,0,True,,data\formal_analysis\genecards_multisource_pairs_20_strict\pubmed_all_pair_evidence\raw\run_20260926T115108Z\rank_55\broad_all_fields\esearch_request.json,c21f7650934f3562106bbe73c2685980ba4509b0730d634b0fcb20631049da8a,data\formal_analysis\genecards_multisource_pairs_20_strict\pubmed_all_pair_evidence\raw\run_20260926T115108Z\rank_55\broad_all_fields\esearch_response.json,80eac4a54858b37ff2285fac11cd64764cade75977af8b378b2445e46f62f7a2,data\formal_analysis\genecards_multisource_pairs_20_strict\pubmed_all_pair_evidence\raw\run_20260926T115108Z\rank_55\broad_all_fields\parsed_articles.json,4f53cda18c2baa0c0354bb5f9a3ecbe5ed12ab4d8e11ba873c2f11161202b945,,,,
run_20260926T115108Z,2026-09-26T11:51:08.948468+00:00,56,鱼腥草,山药,鱼腥草＋山药,strict_title_abstract,Title/Abstract,"(""Yuxingcao""[Title/Abstract] OR ""Houttuyniae Herba""[Title/Abstract] OR ""Houttuynia cordata""[Title/Abstract]) AND (""Shanyao""[Title/Abstract] OR ""Rhizoma Dioscoreae""[Title/Abstract] OR ""Dioscorea opposita""[Title/Abstract]) AND (""Colitis, Ulcerative""[MeSH Terms] OR ""ulcerative colitis""[Title/Abstract] OR ""colitis""[Title/Abstract] OR ""intestinal barrier""[Title/Abstract] OR ""gut barrier""[Title/Abstract] OR ""intestinal mucosa""[Title/Abstract] OR ""intestinal mucosal barrier""[Title/Abstract] OR ""mucosal barrier""[Title/Abstract])","(""Yuxingcao""[Title/Abstract] OR ""Houttuyniae Herba""[Title/Abstract] OR ""Houttuynia cordata""[Title/Abstract]) AND (""Shanyao""[Title/Abstract] OR ""Rhizoma Dioscoreae""[Title/Abstract] OR ""Dioscorea opposita""[Title/Abstract]) AND (""colitis, ulcerative""[MeSH Terms] OR ""ulcerative colitis""[Title/Abstract] OR ""colitis""[Title/Abstract] OR ""intestinal barrier""[Title/Abstract] OR ""gut barrier""[Title/Abstract] OR ""intestinal mucosa""[Title/Abstract] OR ""intestinal mucosal barrier""[Title/Abstract] OR ""mucosal barrier""[Title/Abstract])",0,0,True,,data\formal_analysis\genecards_multisource_pairs_20_strict\pubmed_all_pair_evidence\raw\run_20260926T115108Z\rank_56\strict_title_abstract\esearch_request.json,979938a0951474c26b2c8cc9914ab9ef9a7d0eed7ad0d561974f86b51b76ac68,data\formal_analysis\genecards_multisource_pairs_20_strict\pubmed_all_pair_evidence\raw\run_20260926T115108Z\rank_56\strict_title_abstract\esearch_response.json,e6e2a1c958d3350818476b34bb3bacbb5cd70eb720078a8bdb4a7315b02b4ce3,data\formal_analysis\genecards_multisource_pairs_20_strict\pubmed_all_pair_evidence\raw\run_20260926T115108Z\rank_56\strict_title_abstract\parsed_articles.json,4f53cda18c2baa0c0354bb5f9a3ecbe5ed12ab4d8e11ba873c2f11161202b945,,,,
run_20260926T115108Z,2026-09-26T11:51:08.948468+00:00,56,鱼腥草,山药,鱼腥草＋山药,broad_all_fields,All Fields,"(""Yuxingcao""[All Fields] OR ""Houttuyniae Herba""[All Fields] OR ""Houttuynia cordata""[All Fields]) AND (""Shanyao""[All Fields] OR ""Rhizoma Dioscoreae""[All Fields] OR ""Dioscorea opposita""[All Fields]) AND (""Colitis, Ulcerative""[MeSH Terms] OR ""ulcerative colitis""[All Fields] OR ""colitis""[All Fields] OR ""intestinal barrier""[All Fields] OR ""gut barrier""[All Fields] OR ""intestinal mucosa""[All Fields] OR ""intestinal mucosal barrier""[All Fields] OR ""mucosal barrier""[All Fields])","(""Yuxingcao""[All Fields] OR ""Houttuyniae Herba""[All Fields] OR ""Houttuynia cordata""[All Fields]) AND (""Shanyao""[All Fields] OR ""Rhizoma Dioscoreae""[All Fields] OR ""Dioscorea opposita""[All Fields]) AND (""colitis, ulcerative""[MeSH Terms] OR ""ulcerative colitis""[All Fields] OR ""colitis""[All Fields] OR ""intestinal barrier""[All Fields] OR ""gut barrier""[All Fields] OR ""intestinal mucosa""[All Fields] OR ""intestinal mucosal barrier""[All Fields] OR ""mucosal barrier""[All Fields])",0,0,True,,data\formal_analysis\genecards_multisource_pairs_20_strict\pubmed_all_pair_evidence\raw\run_20260926T115108Z\rank_56\broad_all_fields\esearch_request.json,10480a68ffca56bfabfd0767860c457876118b33cc2f2553e7331a8c1c181403,data\formal_analysis\genecards_multisource_pairs_20_strict\pubmed_all_pair_evidence\raw\run_20260926T115108Z\rank_56\broad_all_fields\esearch_response.json,fc1a9bf4914c684bc43e02b721a1430cffd86d6f4f70702300d83139b6ebdbdc,data\formal_analysis\genecards_multisource_pairs_20_strict\pubmed_all_pair_evidence\raw\run_20260926T115108Z\rank_56\broad_all_fields\parsed_articles.json,4f53cda18c2baa0c0354bb5f9a3ecbe5ed12ab4d8e11ba873c2f11161202b945,,,,
run_20260926T115108Z,2026-09-26T11:51:08.948468+00:00,57,栀子,山药,栀子＋山药,strict_title_abstract,Title/Abstract,"(""Zhizi""[Title/Abstract] OR ""Gardeniae Fructus""[Title/Abstract] OR ""Gardenia jasminoides""[Title/Abstract]) AND (""Shanyao""[Title/Abstract] OR ""Rhizoma Dioscoreae""[Title/Abstract] OR ""Dioscorea opposita""[Title/Abstract]) AND (""Colitis, Ulcerative""[MeSH Terms] OR ""ulcerative colitis""[Title/Abstract] OR ""colitis""[Title/Abstract] OR ""intestinal barrier""[Title/Abstract] OR ""gut barrier""[Title/Abstract] OR ""intestinal mucosa""[Title/Abstract] OR ""intestinal mucosal barrier""[Title/Abstract] OR ""mucosal barrier""[Title/Abstract])","(""Zhizi""[Title/Abstract] OR ""Gardeniae Fructus""[Title/Abstract] OR ""Gardenia jasminoides""[Title/Abstract]) AND (""Shanyao""[Title/Abstract] OR ""Rhizoma Dioscoreae""[Title/Abstract] OR ""Dioscorea opposita""[Title/Abstract]) AND (""colitis, ulcerative""[MeSH Terms] OR ""ulcerative colitis""[Title/Abstract] OR ""colitis""[Title/Abstract] OR ""intestinal barrier""[Title/Abstract] OR ""gut barrier""[Title/Abstract] OR ""intestinal mucosa""[Title/Abstract] OR ""intestinal mucosal barrier""[Title/Abstract] OR ""mucosal barrier""[Title/Abstract])",0,0,True,,data\formal_analysis\genecards_multisource_pairs_20_strict\pubmed_all_pair_evidence\raw\run_20260926T115108Z\rank_57\strict_title_abstract\esearch_request.json,d54af1d964bd60713be8306e7d9898d60541dacf87ec47d05286223d53e9332d,data\formal_analysis\genecards_multisource_pairs_20_strict\pubmed_all_pair_evidence\raw\run_20260926T115108Z\rank_57\strict_title_abstract\esearch_response.json,e8d0f7d1b54798a8e5ca05ecd0e1332c5841cf0703261b4eb5593be49554b4d9,data\formal_analysis\genecards_multisource_pairs_20_strict\pubmed_all_pair_evidence\raw\run_20260926T115108Z\rank_57\strict_title_abstract\parsed_articles.json,4f53cda18c2baa0c0354bb5f9a3ecbe5ed12ab4d8e11ba873c2f11161202b945,,,,
run_20260926T115108Z,2026-09-26T11:51:08.948468+00:00,57,栀子,山药,栀子＋山药,broad_all_fields,All Fields,"(""Zhizi""[All Fields] OR ""Gardeniae Fructus""[All Fields] OR ""Gardenia jasminoides""[All Fields]) AND (""Shanyao""[All Fields] OR ""Rhizoma Dioscoreae""[All Fields] OR ""Dioscorea opposita""[All Fields]) AND (""Colitis, Ulcerative""[MeSH Terms] OR ""ulcerative colitis""[All Fields] OR ""colitis""[All Fields] OR ""intestinal barrier""[All Fields] OR ""gut barrier""[All Fields] OR ""intestinal mucosa""[All Fields] OR ""intestinal mucosal barrier""[All Fields] OR ""mucosal barrier""[All Fields])","(""Zhizi""[All Fields] OR ""Gardeniae Fructus""[All Fields] OR ""Gardenia jasminoides""[All Fields]) AND (""Shanyao""[All Fields] OR ""Rhizoma Dioscoreae""[All Fields] OR ""Dioscorea opposita""[All Fields]) AND (""colitis, ulcerative""[MeSH Terms] OR ""ulcerative colitis""[All Fields] OR ""colitis""[All Fields] OR ""intestinal barrier""[All Fields] OR ""gut barrier""[All Fields] OR ""intestinal mucosa""[All Fields] OR ""intestinal mucosal barrier""[All Fields] OR ""mucosal barrier""[All Fields])",0,0,True,,data\formal_analysis\genecards_multisource_pairs_20_strict\pubmed_all_pair_evidence\raw\run_20260926T115108Z\rank_57\broad_all_fields\esearch_request.json,f2d60b885007253303b572a35486f1688534b42eff9203bd669775468164b4ce,data\formal_analysis\genecards_multisource_pairs_20_strict\pubmed_all_pair_evidence\raw\run_20260926T115108Z\rank_57\broad_all_fields\esearch_response.json,0e0fc24d3d720949beed5ffdd7aa622e532a1e97d89b5813fd3f91411eff0d24,data\formal_analysis\genecards_multisource_pairs_20_strict\pubmed_all_pair_evidence\raw\run_20260926T115108Z\rank_57\broad_all_fields\parsed_articles.json,4f53cda18c2baa0c0354bb5f9a3ecbe5ed12ab4d8e11ba873c2f11161202b945,,,,
run_20260926T115108Z,2026-09-26T11:51:08.948468+00:00,58,山药,大枣,山药＋大枣,strict_title_abstract,Title/Abstract,"(""Shanyao""[Title/Abstract] OR ""Rhizoma Dioscoreae""[Title/Abstract] OR ""Dioscorea opposita""[Title/Abstract]) AND (""Dazao""[Title/Abstract] OR ""Jujubae Fructus""[Title/Abstract] OR ""Ziziphus jujuba""[Title/Abstract]) AND (""Colitis, Ulcerative""[MeSH Terms] OR ""ulcerative colitis""[Title/Abstract] OR ""colitis""[Title/Abstract] OR ""intestinal barrier""[Title/Abstract] OR ""gut barrier""[Title/Abstract] OR ""intestinal mucosa""[Title/Abstract] OR ""intestinal mucosal barrier""[Title/Abstract] OR ""mucosal barrier""[Title/Abstract])","(""Shanyao""[Title/Abstract] OR ""Rhizoma Dioscoreae""[Title/Abstract] OR ""Dioscorea opposita""[Title/Abstract]) AND (""Dazao""[Title/Abstract] OR ""Jujubae Fructus""[Title/Abstract] OR ""Ziziphus jujuba""[Title/Abstract]) AND (""colitis, ulcerative""[MeSH Terms] OR ""ulcerative colitis""[Title/Abstract] OR ""colitis""[Title/Abstract] OR ""intestinal barrier""[Title/Abstract] OR ""gut barrier""[Title/Abstract] OR ""intestinal mucosa""[Title/Abstract] OR ""intestinal mucosal barrier""[Title/Abstract] OR ""mucosal barrier""[Title/Abstract])",0,0,True,,data\formal_analysis\genecards_multisource_pairs_20_strict\pubmed_all_pair_evidence\raw\run_20260926T115108Z\rank_58\strict_title_abstract\esearch_request.json,2a04959914b1fe2040309161e6d952e5a2f8a542c6bafb200ee6044ab6881fa8,data\formal_analysis\genecards_multisource_pairs_20_strict\pubmed_all_pair_evidence\raw\run_20260926T115108Z\rank_58\strict_title_abstract\esearch_response.json,57a08059d4af9f077d68c135a47f20cf6dd869907bbefa7ac07321e93c2fbb6b,data\formal_analysis\genecards_multisource_pairs_20_strict\pubmed_all_pair_evidence\raw\run_20260926T115108Z\rank_58\strict_title_abstract\parsed_articles.json,4f53cda18c2baa0c0354bb5f9a3ecbe5ed12ab4d8e11ba873c2f11161202b945,,,,
run_20260926T115108Z,2026-09-26T11:51:08.948468+00:00,58,山药,大枣,山药＋大枣,broad_all_fields,All Fields,"(""Shanyao""[All Fields] OR ""Rhizoma Dioscoreae""[All Fields] OR ""Dioscorea opposita""[All Fields]) AND (""Dazao""[All Fields] OR ""Jujubae Fructus""[All Fields] OR ""Ziziphus jujuba""[All Fields]) AND (""Colitis, Ulcerative""[MeSH Terms] OR ""ulcerative colitis""[All Fields] OR ""colitis""[All Fields] OR ""intestinal barrier""[All Fields] OR ""gut barrier""[All Fields] OR ""intestinal mucosa""[All Fields] OR ""intestinal mucosal barrier""[All Fields] OR ""mucosal barrier""[All Fields])","(""Shanyao""[All Fields] OR ""Rhizoma Dioscoreae""[All Fields] OR ""Dioscorea opposita""[All Fields]) AND (""Dazao""[All Fields] OR ""Jujubae Fructus""[All Fields] OR ""Ziziphus jujuba""[All Fields]) AND (""colitis, ulcerative""[MeSH Terms] OR ""ulcerative colitis""[All Fields] OR ""colitis""[All Fields] OR ""intestinal barrier""[All Fields] OR ""gut barrier""[All Fields] OR ""intestinal mucosa""[All Fields] OR ""intestinal mucosal barrier""[All Fields] OR ""mucosal barrier""[All Fields])",0,0,True,,data\formal_analysis\genecards_multisource_pairs_20_strict\pubmed_all_pair_evidence\raw\run_20260926T115108Z\rank_58\broad_all_fields\esearch_request.json,627cf96776309076d4e0cdd75403599267e5bd5e2e04c4b4e5f6ea361354b53c,data\formal_analysis\genecards_multisource_pairs_20_strict\pubmed_all_pair_evidence\raw\run_20260926T115108Z\rank_58\broad_all_fields\esearch_response.json,f45e0a5e092e92f99528817f1c9e108da36e1da47d516a3b6311bf62be9c61b0,data\formal_analysis\genecards_multisource_pairs_20_strict\pubmed_all_pair_evidence\raw\run_20260926T115108Z\rank_58\broad_all_fields\parsed_articles.json,4f53cda18c2baa0c0354bb5f9a3ecbe5ed12ab4d8e11ba873c2f11161202b945,,,,
run_20260926T115108Z,2026-09-26T11:51:08.948468+00:00,59,山药,乌梅,山药＋乌梅,strict_title_abstract,Title/Abstract,"(""Shanyao""[Title/Abstract] OR ""Rhizoma Dioscoreae""[Title/Abstract] OR ""Dioscorea opposita""[Title/Abstract]) AND (""Wumei""[Title/Abstract] OR ""Mume Fructus""[Title/Abstract] OR ""Prunus mume""[Title/Abstract]) AND (""Colitis, Ulcerative""[MeSH Terms] OR ""ulcerative colitis""[Title/Abstract] OR ""colitis""[Title/Abstract] OR ""intestinal barrier""[Title/Abstract] OR ""gut barrier""[Title/Abstract] OR ""intestinal mucosa""[Title/Abstract] OR ""intestinal mucosal barrier""[Title/Abstract] OR ""mucosal barrier""[Title/Abstract])","(""Shanyao""[Title/Abstract] OR ""Rhizoma Dioscoreae""[Title/Abstract] OR ""Dioscorea opposita""[Title/Abstract]) AND (""Wumei""[Title/Abstract] OR ""Mume Fructus""[Title/Abstract] OR ""Prunus mume""[Title/Abstract]) AND (""colitis, ulcerative""[MeSH Terms] OR ""ulcerative colitis""[Title/Abstract] OR ""colitis""[Title/Abstract] OR ""intestinal barrier""[Title/Abstract] OR ""gut barrier""[Title/Abstract] OR ""intestinal mucosa""[Title/Abstract] OR ""intestinal mucosal barrier""[Title/Abstract] OR ""mucosal barrier""[Title/Abstract])",0,0,True,,data\formal_analysis\genecards_multisource_pairs_20_strict\pubmed_all_pair_evidence\raw\run_20260926T115108Z\rank_59\strict_title_abstract\esearch_request.json,b871431f615781f7c7b955fce0bc105fb06d310d15ac9a00c69113dd8e3f35e3,data\formal_analysis\genecards_multisource_pairs_20_strict\pubmed_all_pair_evidence\raw\run_20260926T115108Z\rank_59\strict_title_abstract\esearch_response.json,bdbe45bc6cca4acb32f456b86617d1a1c97e6f443ab57378c2b6f452e52eb354,data\formal_analysis\genecards_multisource_pairs_20_strict\pubmed_all_pair_evidence\raw\run_20260926T115108Z\rank_59\strict_title_abstract\parsed_articles.json,4f53cda18c2baa0c0354bb5f9a3ecbe5ed12ab4d8e11ba873c2f11161202b945,,,,
run_20260926T115108Z,2026-09-26T11:51:08.948468+00:00,59,山药,乌梅,山药＋乌梅,broad_all_fields,All Fields,"(""Shanyao""[All Fields] OR ""Rhizoma Dioscoreae""[All Fields] OR ""Dioscorea opposita""[All Fields]) AND (""Wumei""[All Fields] OR ""Mume Fructus""[All Fields] OR ""Prunus mume""[All Fields]) AND (""Colitis, Ulcerative""[MeSH Terms] OR ""ulcerative colitis""[All Fields] OR ""colitis""[All Fields] OR ""intestinal barrier""[All Fields] OR ""gut barrier""[All Fields] OR ""intestinal mucosa""[All Fields] OR ""intestinal mucosal barrier""[All Fields] OR ""mucosal barrier""[All Fields])","(""Shanyao""[All Fields] OR ""Rhizoma Dioscoreae""[All Fields] OR ""Dioscorea opposita""[All Fields]) AND (""Wumei""[All Fields] OR ""Mume Fructus""[All Fields] OR ""Prunus mume""[All Fields]) AND (""colitis, ulcerative""[MeSH Terms] OR ""ulcerative colitis""[All Fields] OR ""colitis""[All Fields] OR ""intestinal barrier""[All Fields] OR ""gut barrier""[All Fields] OR ""intestinal mucosa""[All Fields] OR ""intestinal mucosal barrier""[All Fields] OR ""mucosal barrier""[All Fields])",0,0,True,,data\formal_analysis\genecards_multisource_pairs_20_strict\pubmed_all_pair_evidence\raw\run_20260926T115108Z\rank_59\broad_all_fields\esearch_request.json,aedeb138c7192974b7cd19485208d6f19240dafea5cd501b3fe023ef7ce1ece4,data\formal_analysis\genecards_multisource_pairs_20_strict\pubmed_all_pair_evidence\raw\run_20260926T115108Z\rank_59\broad_all_fields\esearch_response.json,9573063fa916deb81e26f3fc462b16c01bea3bf1921953b36a8030c6a0e1dd7e,data\formal_analysis\genecards_multisource_pairs_20_strict\pubmed_all_pair_evidence\raw\run_20260926T115108Z\rank_59\broad_all_fields\parsed_articles.json,4f53cda18c2baa0c0354bb5f9a3ecbe5ed12ab4d8e11ba873c2f11161202b945,,,,
run_20260926T115108Z,2026-09-26T11:51:08.948468+00:00,60,乌梅,大枣,乌梅＋大枣,strict_title_abstract,Title/Abstract,"(""Wumei""[Title/Abstract] OR ""Mume Fructus""[Title/Abstract] OR ""Prunus mume""[Title/Abstract]) AND (""Dazao""[Title/Abstract] OR ""Jujubae Fructus""[Title/Abstract] OR ""Ziziphus jujuba""[Title/Abstract]) AND (""Colitis, Ulcerative""[MeSH Terms] OR ""ulcerative colitis""[Title/Abstract] OR ""colitis""[Title/Abstract] OR ""intestinal barrier""[Title/Abstract] OR ""gut barrier""[Title/Abstract] OR ""intestinal mucosa""[Title/Abstract] OR ""intestinal mucosal barrier""[Title/Abstract] OR ""mucosal barrier""[Title/Abstract])","(""Wumei""[Title/Abstract] OR ""Mume Fructus""[Title/Abstract] OR ""Prunus mume""[Title/Abstract]) AND (""Dazao""[Title/Abstract] OR ""Jujubae Fructus""[Title/Abstract] OR ""Ziziphus jujuba""[Title/Abstract]) AND (""colitis, ulcerative""[MeSH Terms] OR ""ulcerative colitis""[Title/Abstract] OR ""colitis""[Title/Abstract] OR ""intestinal barrier""[Title/Abstract] OR ""gut barrier""[Title/Abstract] OR ""intestinal mucosa""[Title/Abstract] OR ""intestinal mucosal barrier""[Title/Abstract] OR ""mucosal barrier""[Title/Abstract])",0,0,True,,data\formal_analysis\genecards_multisource_pairs_20_strict\pubmed_all_pair_evidence\raw\run_20260926T115108Z\rank_60\strict_title_abstract\esearch_request.json,939a9f8f6ffa6fc589aacb1e0e052c7fbe18273b5bde9f79db13772d2de1a705,data\formal_analysis\genecards_multisource_pairs_20_strict\pubmed_all_pair_evidence\raw\run_20260926T115108Z\rank_60\strict_title_abstract\esearch_response.json,c6b838d4852d322f37ef0066115d4a297e19bb37db6b3c867db5f4853c0ead95,data\formal_analysis\genecards_multisource_pairs_20_strict\pubmed_all_pair_evidence\raw\run_20260926T115108Z\rank_60\strict_title_abstract\parsed_articles.json,4f53cda18c2baa0c0354bb5f9a3ecbe5ed12ab4d8e11ba873c2f11161202b945,,,,
run_20260926T115108Z,2026-09-26T11:51:08.948468+00:00,60,乌梅,大枣,乌梅＋大枣,broad_all_fields,All Fields,"(""Wumei""[All Fields] OR ""Mume Fructus""[All Fields] OR ""Prunus mume""[All Fields]) AND (""Dazao""[All Fields] OR ""Jujubae Fructus""[All Fields] OR ""Ziziphus jujuba""[All Fields]) AND (""Colitis, Ulcerative""[MeSH Terms] OR ""ulcerative colitis""[All Fields] OR ""colitis""[All Fields] OR ""intestinal barrier""[All Fields] OR ""gut barrier""[All Fields] OR ""intestinal mucosa""[All Fields] OR ""intestinal mucosal barrier""[All Fields] OR ""mucosal barrier""[All Fields])","(""Wumei""[All Fields] OR ""Mume Fructus""[All Fields] OR ""Prunus mume""[All Fields]) AND (""Dazao""[All Fields] OR ""Jujubae Fructus""[All Fields] OR ""Ziziphus jujuba""[All Fields]) AND (""colitis, ulcerative""[MeSH Terms] OR ""ulcerative colitis""[All Fields] OR ""colitis""[All Fields] OR ""intestinal barrier""[All Fields] OR ""gut barrier""[All Fields] OR ""intestinal mucosa""[All Fields] OR ""intestinal mucosal barrier""[All Fields] OR ""mucosal barrier""[All Fields])",0,0,True,,data\formal_analysis\genecards_multisource_pairs_20_strict\pubmed_all_pair_evidence\raw\run_20260926T115108Z\rank_60\broad_all_fields\esearch_request.json,52424d00285fe09d8238b1831a51ffcdda38937ccb0a941e899c192fb18d9053,data\formal_analysis\genecards_multisource_pairs_20_strict\pubmed_all_pair_evidence\raw\run_20260926T115108Z\rank_60\broad_all_fields\esearch_response.json,1b23981feea5bc8541b5fe21b0540a48c3bc72253d8ccde337e41c7f4168c0c8,data\formal_analysis\genecards_multisource_pairs_20_strict\pubmed_all_pair_evidence\raw\run_20260926T115108Z\rank_60\broad_all_fields\parsed_articles.json,4f53cda18c2baa0c0354bb5f9a3ecbe5ed12ab4d8e11ba873c2f11161202b945,,,,
run_20260926T115108Z,2026-09-26T11:51:08.948468+00:00,61,山药,莲子,山药＋莲子,strict_title_abstract,Title/Abstract,"(""Shanyao""[Title/Abstract] OR ""Rhizoma Dioscoreae""[Title/Abstract] OR ""Dioscorea opposita""[Title/Abstract]) AND (""LianZi""[Title/Abstract] OR ""Nelumbo nucifera Gaertn.""[Title/Abstract] OR ""Nelumbo nucifera""[Title/Abstract]) AND (""Colitis, Ulcerative""[MeSH Terms] OR ""ulcerative colitis""[Title/Abstract] OR ""colitis""[Title/Abstract] OR ""intestinal barrier""[Title/Abstract] OR ""gut barrier""[Title/Abstract] OR ""intestinal mucosa""[Title/Abstract] OR ""intestinal mucosal barrier""[Title/Abstract] OR ""mucosal barrier""[Title/Abstract])","(""Shanyao""[Title/Abstract] OR ""Rhizoma Dioscoreae""[Title/Abstract] OR ""Dioscorea opposita""[Title/Abstract]) AND (""LianZi""[Title/Abstract] OR ""nelumbo nucifera gaertn""[Title/Abstract] OR ""Nelumbo nucifera""[Title/Abstract]) AND (""colitis, ulcerative""[MeSH Terms] OR ""ulcerative colitis""[Title/Abstract] OR ""colitis""[Title/Abstract] OR ""intestinal barrier""[Title/Abstract] OR ""gut barrier""[Title/Abstract] OR ""intestinal mucosa""[Title/Abstract] OR ""intestinal mucosal barrier""[Title/Abstract] OR ""mucosal barrier""[Title/Abstract])",0,0,True,,data\formal_analysis\genecards_multisource_pairs_20_strict\pubmed_all_pair_evidence\raw\run_20260926T115108Z\rank_61\strict_title_abstract\esearch_request.json,7397a10eaf4dad2fe84c29f0c8cc059c927874177306ca21545c0437a286e67b,data\formal_analysis\genecards_multisource_pairs_20_strict\pubmed_all_pair_evidence\raw\run_20260926T115108Z\rank_61\strict_title_abstract\esearch_response.json,c41e8bce532f8e57d76d65b1e9d5519bb8d0a3f5a2156d592d7673051b824e26,data\formal_analysis\genecards_multisource_pairs_20_strict\pubmed_all_pair_evidence\raw\run_20260926T115108Z\rank_61\strict_title_abstract\parsed_articles.json,4f53cda18c2baa0c0354bb5f9a3ecbe5ed12ab4d8e11ba873c2f11161202b945,,,,
run_20260926T115108Z,2026-09-26T11:51:08.948468+00:00,61,山药,莲子,山药＋莲子,broad_all_fields,All Fields,"(""Shanyao""[All Fields] OR ""Rhizoma Dioscoreae""[All Fields] OR ""Dioscorea opposita""[All Fields]) AND (""LianZi""[All Fields] OR ""Nelumbo nucifera Gaertn.""[All Fields] OR ""Nelumbo nucifera""[All Fields]) AND (""Colitis, Ulcerative""[MeSH Terms] OR ""ulcerative colitis""[All Fields] OR ""colitis""[All Fields] OR ""intestinal barrier""[All Fields] OR ""gut barrier""[All Fields] OR ""intestinal mucosa""[All Fields] OR ""intestinal mucosal barrier""[All Fields] OR ""mucosal barrier""[All Fields])","(""Shanyao""[All Fields] OR ""Rhizoma Dioscoreae""[All Fields] OR ""Dioscorea opposita""[All Fields]) AND (""LianZi""[All Fields] OR ""nelumbo nucifera gaertn""[All Fields] OR ""Nelumbo nucifera""[All Fields]) AND (""colitis, ulcerative""[MeSH Terms] OR ""ulcerative colitis""[All Fields] OR ""colitis""[All Fields] OR ""intestinal barrier""[All Fields] OR ""gut barrier""[All Fields] OR ""intestinal mucosa""[All Fields] OR ""intestinal mucosal barrier""[All Fields] OR ""mucosal barrier""[All Fields])",0,0,True,,data\formal_analysis\genecards_multisource_pairs_20_strict\pubmed_all_pair_evidence\raw\run_20260926T115108Z\rank_61\broad_all_fields\esearch_request.json,913b72e4ddd4e74c22b45553503e52d820ff4e1d55e743ba03bdfd5d7f45a119,data\formal_analysis\genecards_multisource_pairs_20_strict\pubmed_all_pair_evidence\raw\run_20260926T115108Z\rank_61\broad_all_fields\esearch_response.json,a7ab08147e6960903f693a86860cc7e2c29d0d7d3922b44812857480878ea4e6,data\formal_analysis\genecards_multisource_pairs_20_strict\pubmed_all_pair_evidence\raw\run_20260926T115108Z\rank_61\broad_all_fields\parsed_articles.json,4f53cda18c2baa0c0354bb5f9a3ecbe5ed12ab4d8e11ba873c2f11161202b945,,,,
run_20260926T115108Z,2026-09-26T11:51:08.948468+00:00,62,鱼腥草,生姜,鱼腥草＋生姜,strict_title_abstract,Title/Abstract,"(""Yuxingcao""[Title/Abstract] OR ""Houttuyniae Herba""[Title/Abstract] OR ""Houttuynia cordata""[Title/Abstract]) AND (""Shengjiang""[Title/Abstract] OR ""Zingiber Officinale Roscoe""[Title/Abstract] OR ""Zingiber officinale""[Title/Abstract]) AND (""Colitis, Ulcerative""[MeSH Terms] OR ""ulcerative colitis""[Title/Abstract] OR ""colitis""[Title/Abstract] OR ""intestinal barrier""[Title/Abstract] OR ""gut barrier""[Title/Abstract] OR ""intestinal mucosa""[Title/Abstract] OR ""intestinal mucosal barrier""[Title/Abstract] OR ""mucosal barrier""[Title/Abstract])","(""Yuxingcao""[Title/Abstract] OR ""Houttuyniae Herba""[Title/Abstract] OR ""Houttuynia cordata""[Title/Abstract]) AND (""Shengjiang""[Title/Abstract] OR ""Zingiber Officinale Roscoe""[Title/Abstract] OR ""Zingiber officinale""[Title/Abstract]) AND (""colitis, ulcerative""[MeSH Terms] OR ""ulcerative colitis""[Title/Abstract] OR ""colitis""[Title/Abstract] OR ""intestinal barrier""[Title/Abstract] OR ""gut barrier""[Title/Abstract] OR ""intestinal mucosa""[Title/Abstract] OR ""intestinal mucosal barrier""[Title/Abstract] OR ""mucosal barrier""[Title/Abstract])",0,0,True,,data\formal_analysis\genecards_multisource_pairs_20_strict\pubmed_all_pair_evidence\raw\run_20260926T115108Z\rank_62\strict_title_abstract\esearch_request.json,6764c15c64bc802d920e1b602ddaf101d9fc2b53aaf874b411d75977341941e1,data\formal_analysis\genecards_multisource_pairs_20_strict\pubmed_all_pair_evidence\raw\run_20260926T115108Z\rank_62\strict_title_abstract\esearch_response.json,5dd9127db3379bf191555b0a95143988dafa02c17b3a3c7ee945961aca7ef2c4,data\formal_analysis\genecards_multisource_pairs_20_strict\pubmed_all_pair_evidence\raw\run_20260926T115108Z\rank_62\strict_title_abstract\parsed_articles.json,4f53cda18c2baa0c0354bb5f9a3ecbe5ed12ab4d8e11ba873c2f11161202b945,,,,
run_20260926T115108Z,2026-09-26T11:51:08.948468+00:00,62,鱼腥草,生姜,鱼腥草＋生姜,broad_all_fields,All Fields,"(""Yuxingcao""[All Fields] OR ""Houttuyniae Herba""[All Fields] OR ""Houttuynia cordata""[All Fields]) AND (""Shengjiang""[All Fields] OR ""Zingiber Officinale Roscoe""[All Fields] OR ""Zingiber officinale""[All Fields]) AND (""Colitis, Ulcerative""[MeSH Terms] OR ""ulcerative colitis""[All Fields] OR ""colitis""[All Fields] OR ""intestinal barrier""[All Fields] OR ""gut barrier""[All Fields] OR ""intestinal mucosa""[All Fields] OR ""intestinal mucosal barrier""[All Fields] OR ""mucosal barrier""[All Fields])","(""Yuxingcao""[All Fields] OR ""Houttuyniae Herba""[All Fields] OR ""Houttuynia cordata""[All Fields]) AND (""Shengjiang""[All Fields] OR ""Zingiber Officinale Roscoe""[All Fields] OR ""Zingiber officinale""[All Fields]) AND (""colitis, ulcerative""[MeSH Terms] OR ""ulcerative colitis""[All Fields] OR ""colitis""[All Fields] OR ""intestinal barrier""[All Fields] OR ""gut barrier""[All Fields] OR ""intestinal mucosa""[All Fields] OR ""intestinal mucosal barrier""[All Fields] OR ""mucosal barrier""[All Fields])",0,0,True,,data\formal_analysis\genecards_multisource_pairs_20_strict\pubmed_all_pair_evidence\raw\run_20260926T115108Z\rank_62\broad_all_fields\esearch_request.json,50168575cd6528b224d9149055c6b9aa1d718d4b3f47c08424abb50a5f6ab676,data\formal_analysis\genecards_multisource_pairs_20_strict\pubmed_all_pair_evidence\raw\run_20260926T115108Z\rank_62\broad_all_fields\esearch_response.json,bd99d89c63cf89dea7b7e48d0f63548588ddee67050eab966cde20685d417376,data\formal_analysis\genecards_multisource_pairs_20_strict\pubmed_all_pair_evidence\raw\run_20260926T115108Z\rank_62\broad_all_fields\parsed_articles.json,4f53cda18c2baa0c0354bb5f9a3ecbe5ed12ab4d8e11ba873c2f11161202b945,,,,
run_20260926T115108Z,2026-09-26T11:51:08.948468+00:00,63,鱼腥草,砂仁,鱼腥草＋砂仁,strict_title_abstract,Title/Abstract,"(""Yuxingcao""[Title/Abstract] OR ""Houttuyniae Herba""[Title/Abstract] OR ""Houttuynia cordata""[Title/Abstract]) AND (""Sharen""[Title/Abstract] OR ""Amomum Aurantiacum H. T. Tsai Et S. W. Zhao""[Title/Abstract] OR ""Amomum villosum""[Title/Abstract]) AND (""Colitis, Ulcerative""[MeSH Terms] OR ""ulcerative colitis""[Title/Abstract] OR ""colitis""[Title/Abstract] OR ""intestinal barrier""[Title/Abstract] OR ""gut barrier""[Title/Abstract] OR ""intestinal mucosa""[Title/Abstract] OR ""intestinal mucosal barrier""[Title/Abstract] OR ""mucosal barrier""[Title/Abstract])","(""Yuxingcao""[Title/Abstract] OR ""Houttuyniae Herba""[Title/Abstract] OR ""Houttuynia cordata""[Title/Abstract]) AND (""Sharen""[Title/Abstract] OR ""Amomum villosum""[Title/Abstract]) AND (""colitis, ulcerative""[MeSH Terms] OR ""ulcerative colitis""[Title/Abstract] OR ""colitis""[Title/Abstract] OR ""intestinal barrier""[Title/Abstract] OR ""gut barrier""[Title/Abstract] OR ""intestinal mucosa""[Title/Abstract] OR ""intestinal mucosal barrier""[Title/Abstract] OR ""mucosal barrier""[Title/Abstract])",0,0,True,,data\formal_analysis\genecards_multisource_pairs_20_strict\pubmed_all_pair_evidence\raw\run_20260926T115108Z\rank_63\strict_title_abstract\esearch_request.json,2d90bb2635b05f3d7a306071a0bdd32531a56f50ab0b1717bd0d01a87335fcd9,data\formal_analysis\genecards_multisource_pairs_20_strict\pubmed_all_pair_evidence\raw\run_20260926T115108Z\rank_63\strict_title_abstract\esearch_response.json,a18c17bd6045a4db65d97441b7a53f925b85c3767a59ba40f3f5d1bbb15bbbd5,data\formal_analysis\genecards_multisource_pairs_20_strict\pubmed_all_pair_evidence\raw\run_20260926T115108Z\rank_63\strict_title_abstract\parsed_articles.json,4f53cda18c2baa0c0354bb5f9a3ecbe5ed12ab4d8e11ba873c2f11161202b945,,,,
run_20260926T115108Z,2026-09-26T11:51:08.948468+00:00,63,鱼腥草,砂仁,鱼腥草＋砂仁,broad_all_fields,All Fields,"(""Yuxingcao""[All Fields] OR ""Houttuyniae Herba""[All Fields] OR ""Houttuynia cordata""[All Fields]) AND (""Sharen""[All Fields] OR ""Amomum Aurantiacum H. T. Tsai Et S. W. Zhao""[All Fields] OR ""Amomum villosum""[All Fields]) AND (""Colitis, Ulcerative""[MeSH Terms] OR ""ulcerative colitis""[All Fields] OR ""colitis""[All Fields] OR ""intestinal barrier""[All Fields] OR ""gut barrier""[All Fields] OR ""intestinal mucosa""[All Fields] OR ""intestinal mucosal barrier""[All Fields] OR ""mucosal barrier""[All Fields])","(""Yuxingcao""[All Fields] OR ""Houttuyniae Herba""[All Fields] OR ""Houttuynia cordata""[All Fields]) AND (""Sharen""[All Fields] OR ""Amomum villosum""[All Fields]) AND (""colitis, ulcerative""[MeSH Terms] OR ""ulcerative colitis""[All Fields] OR ""colitis""[All Fields] OR ""intestinal barrier""[All Fields] OR ""gut barrier""[All Fields] OR ""intestinal mucosa""[All Fields] OR ""intestinal mucosal barrier""[All Fields] OR ""mucosal barrier""[All Fields])",0,0,True,,data\formal_analysis\genecards_multisource_pairs_20_strict\pubmed_all_pair_evidence\raw\run_20260926T115108Z\rank_63\broad_all_fields\esearch_request.json,ec22d32a5aeece814643e27b842c72682de438f05b1acaf597fc76c90b735d32,data\formal_analysis\genecards_multisource_pairs_20_strict\pubmed_all_pair_evidence\raw\run_20260926T115108Z\rank_63\broad_all_fields\esearch_response.json,8f6267bd7d96ecd3c5557ab049d5e352406d68a78a9b5119075215fe93d77856,data\formal_analysis\genecards_multisource_pairs_20_strict\pubmed_all_pair_evidence\raw\run_20260926T115108Z\rank_63\broad_all_fields\parsed_articles.json,4f53cda18c2baa0c0354bb5f9a3ecbe5ed12ab4d8e11ba873c2f11161202b945,,,,
run_20260926T115108Z,2026-09-26T11:51:08.948468+00:00,64,蒲公英,陈皮,蒲公英＋陈皮,strict_title_abstract,Title/Abstract,"(""Pu Gong Ying""[Title/Abstract] OR ""Dandelion""[Title/Abstract] OR ""Herba Taraxaci""[Title/Abstract] OR ""Taraxaci Herba""[Title/Abstract] OR ""Taraxacum mongolicum""[Title/Abstract] OR ""Taraxacum sinicum""[Title/Abstract]) AND (""Chenpi""[Title/Abstract] OR ""Citrus Reticulata""[Title/Abstract]) AND (""Colitis, Ulcerative""[MeSH Terms] OR ""ulcerative colitis""[Title/Abstract] OR ""colitis""[Title/Abstract] OR ""intestinal barrier""[Title/Abstract] OR ""gut barrier""[Title/Abstract] OR ""intestinal mucosa""[Title/Abstract] OR ""intestinal mucosal barrier""[Title/Abstract] OR ""mucosal barrier""[Title/Abstract])","(""Pu Gong Ying""[Title/Abstract] OR ""Dandelion""[Title/Abstract] OR ""Herba Taraxaci""[Title/Abstract] OR ""Taraxaci Herba""[Title/Abstract] OR ""Taraxacum mongolicum""[Title/Abstract] OR ""Taraxacum sinicum""[Title/Abstract]) AND (""Chenpi""[Title/Abstract] OR ""Citrus Reticulata""[Title/Abstract]) AND (""colitis, ulcerative""[MeSH Terms] OR ""ulcerative colitis""[Title/Abstract] OR ""colitis""[Title/Abstract] OR ""intestinal barrier""[Title/Abstract] OR ""gut barrier""[Title/Abstract] OR ""intestinal mucosa""[Title/Abstract] OR ""intestinal mucosal barrier""[Title/Abstract] OR ""mucosal barrier""[Title/Abstract])",0,0,True,,data\formal_analysis\genecards_multisource_pairs_20_strict\pubmed_all_pair_evidence\raw\run_20260926T115108Z\rank_64\strict_title_abstract\esearch_request.json,1c21d50445b355dcd66e2ba8ed5778c87e155a45e95fd12692021120e3a4ba55,data\formal_analysis\genecards_multisource_pairs_20_strict\pubmed_all_pair_evidence\raw\run_20260926T115108Z\rank_64\strict_title_abstract\esearch_response.json,de21b0ce9b0510e82206ee5281a661756f324f7e696e755a2d9ec6f9b1b0d95a,data\formal_analysis\genecards_multisource_pairs_20_strict\pubmed_all_pair_evidence\raw\run_20260926T115108Z\rank_64\strict_title_abstract\parsed_articles.json,4f53cda18c2baa0c0354bb5f9a3ecbe5ed12ab4d8e11ba873c2f11161202b945,,,,
run_20260926T115108Z,2026-09-26T11:51:08.948468+00:00,64,蒲公英,陈皮,蒲公英＋陈皮,broad_all_fields,All Fields,"(""Pu Gong Ying""[All Fields] OR ""Dandelion""[All Fields] OR ""Herba Taraxaci""[All Fields] OR ""Taraxaci Herba""[All Fields] OR ""Taraxacum mongolicum""[All Fields] OR ""Taraxacum sinicum""[All Fields]) AND (""Chenpi""[All Fields] OR ""Citrus Reticulata""[All Fields]) AND (""Colitis, Ulcerative""[MeSH Terms] OR ""ulcerative colitis""[All Fields] OR ""colitis""[All Fields] OR ""intestinal barrier""[All Fields] OR ""gut barrier""[All Fields] OR ""intestinal mucosa""[All Fields] OR ""intestinal mucosal barrier""[All Fields] OR ""mucosal barrier""[All Fields])","(""Pu Gong Ying""[All Fields] OR ""Dandelion""[All Fields] OR ""Herba Taraxaci""[All Fields] OR ""Taraxaci Herba""[All Fields] OR ""Taraxacum mongolicum""[All Fields] OR ""Taraxacum sinicum""[All Fields]) AND (""Chenpi""[All Fields] OR ""Citrus Reticulata""[All Fields]) AND (""colitis, ulcerative""[MeSH Terms] OR ""ulcerative colitis""[All Fields] OR ""colitis""[All Fields] OR ""intestinal barrier""[All Fields] OR ""gut barrier""[All Fields] OR ""intestinal mucosa""[All Fields] OR ""intestinal mucosal barrier""[All Fields] OR ""mucosal barrier""[All Fields])",0,0,True,,data\formal_analysis\genecards_multisource_pairs_20_strict\pubmed_all_pair_evidence\raw\run_20260926T115108Z\rank_64\broad_all_fields\esearch_request.json,b2be35716e98cdcb832b12f78de96f6689d44bf0e589fe93015eb68c8d8791a0,data\formal_analysis\genecards_multisource_pairs_20_strict\pubmed_all_pair_evidence\raw\run_20260926T115108Z\rank_64\broad_all_fields\esearch_response.json,9eab332eeac9fb5c139a96e0dd9ca2cb8d5891a5d2118430fab808478fdfe85d,data\formal_analysis\genecards_multisource_pairs_20_strict\pubmed_all_pair_evidence\raw\run_20260926T115108Z\rank_64\broad_all_fields\parsed_articles.json,4f53cda18c2baa0c0354bb5f9a3ecbe5ed12ab4d8e11ba873c2f11161202b945,,,,
run_20260926T115108Z,2026-09-26T11:51:08.948468+00:00,65,蒲公英,槐米,蒲公英＋槐米,strict_title_abstract,Title/Abstract,"(""Pu Gong Ying""[Title/Abstract] OR ""Dandelion""[Title/Abstract] OR ""Herba Taraxaci""[Title/Abstract] OR ""Taraxaci Herba""[Title/Abstract] OR ""Taraxacum mongolicum""[Title/Abstract] OR ""Taraxacum sinicum""[Title/Abstract]) AND (""Sophora japonica""[Title/Abstract]) AND (""Colitis, Ulcerative""[MeSH Terms] OR ""ulcerative colitis""[Title/Abstract] OR ""colitis""[Title/Abstract] OR ""intestinal barrier""[Title/Abstract] OR ""gut barrier""[Title/Abstract] OR ""intestinal mucosa""[Title/Abstract] OR ""intestinal mucosal barrier""[Title/Abstract] OR ""mucosal barrier""[Title/Abstract])","(""Pu Gong Ying""[Title/Abstract] OR ""Dandelion""[Title/Abstract] OR ""Herba Taraxaci""[Title/Abstract] OR ""Taraxaci Herba""[Title/Abstract] OR ""Taraxacum mongolicum""[Title/Abstract] OR ""Taraxacum sinicum""[Title/Abstract]) AND ""Sophora japonica""[Title/Abstract] AND (""colitis, ulcerative""[MeSH Terms] OR ""ulcerative colitis""[Title/Abstract] OR ""colitis""[Title/Abstract] OR ""intestinal barrier""[Title/Abstract] OR ""gut barrier""[Title/Abstract] OR ""intestinal mucosa""[Title/Abstract] OR ""intestinal mucosal barrier""[Title/Abstract] OR ""mucosal barrier""[Title/Abstract])",0,0,True,,data\formal_analysis\genecards_multisource_pairs_20_strict\pubmed_all_pair_evidence\raw\run_20260926T115108Z\rank_65\strict_title_abstract\esearch_request.json,c27d96f6be61ac22e8ff48c3205601dbf28b898c6adbd426ad06d69e825be308,data\formal_analysis\genecards_multisource_pairs_20_strict\pubmed_all_pair_evidence\raw\run_20260926T115108Z\rank_65\strict_title_abstract\esearch_response.json,fd616a0c8362857ff968f09a194483fbfcc93798c5a87e2a818e5b23192a1460,data\formal_analysis\genecards_multisource_pairs_20_strict\pubmed_all_pair_evidence\raw\run_20260926T115108Z\rank_65\strict_title_abstract\parsed_articles.json,4f53cda18c2baa0c0354bb5f9a3ecbe5ed12ab4d8e11ba873c2f11161202b945,,,,
run_20260926T115108Z,2026-09-26T11:51:08.948468+00:00,65,蒲公英,槐米,蒲公英＋槐米,broad_all_fields,All Fields,"(""Pu Gong Ying""[All Fields] OR ""Dandelion""[All Fields] OR ""Herba Taraxaci""[All Fields] OR ""Taraxaci Herba""[All Fields] OR ""Taraxacum mongolicum""[All Fields] OR ""Taraxacum sinicum""[All Fields]) AND (""Sophora japonica""[All Fields]) AND (""Colitis, Ulcerative""[MeSH Terms] OR ""ulcerative colitis""[All Fields] OR ""colitis""[All Fields] OR ""intestinal barrier""[All Fields] OR ""gut barrier""[All Fields] OR ""intestinal mucosa""[All Fields] OR ""intestinal mucosal barrier""[All Fields] OR ""mucosal barrier""[All Fields])","(""Pu Gong Ying""[All Fields] OR ""Dandelion""[All Fields] OR ""Herba Taraxaci""[All Fields] OR ""Taraxaci Herba""[All Fields] OR ""Taraxacum mongolicum""[All Fields] OR ""Taraxacum sinicum""[All Fields]) AND ""Sophora japonica""[All Fields] AND (""colitis, ulcerative""[MeSH Terms] OR ""ulcerative colitis""[All Fields] OR ""colitis""[All Fields] OR ""intestinal barrier""[All Fields] OR ""gut barrier""[All Fields] OR ""intestinal mucosa""[All Fields] OR ""intestinal mucosal barrier""[All Fields] OR ""mucosal barrier""[All Fields])",0,0,True,,data\formal_analysis\genecards_multisource_pairs_20_strict\pubmed_all_pair_evidence\raw\run_20260926T115108Z\rank_65\broad_all_fields\esearch_request.json,cdfa5f346b38532d444a60da21d53d21c0e3c3b4bb804f74418762736da14c44,data\formal_analysis\genecards_multisource_pairs_20_strict\pubmed_all_pair_evidence\raw\run_20260926T115108Z\rank_65\broad_all_fields\esearch_response.json,246089498d9934d1b5c9c04196576404d1f71c58900608c48edef6a3ab44a1c2,data\formal_analysis\genecards_multisource_pairs_20_strict\pubmed_all_pair_evidence\raw\run_20260926T115108Z\rank_65\broad_all_fields\parsed_articles.json,4f53cda18c2baa0c0354bb5f9a3ecbe5ed12ab4d8e11ba873c2f11161202b945,,,,
run_20260926T115108Z,2026-09-26T11:51:08.948468+00:00,66,莲子,藿香,莲子＋藿香,strict_title_abstract,Title/Abstract,"(""LianZi""[Title/Abstract] OR ""Nelumbo nucifera Gaertn.""[Title/Abstract] OR ""Nelumbo nucifera""[Title/Abstract]) AND (""HuoXiang""[Title/Abstract] OR ""Pogostemon cablin(Blanco)Benth.""[Title/Abstract] OR ""Pogostemon cablin""[Title/Abstract]) AND (""Colitis, Ulcerative""[MeSH Terms] OR ""ulcerative colitis""[Title/Abstract] OR ""colitis""[Title/Abstract] OR ""intestinal barrier""[Title/Abstract] OR ""gut barrier""[Title/Abstract] OR ""intestinal mucosa""[Title/Abstract] OR ""intestinal mucosal barrier""[Title/Abstract] OR ""mucosal barrier""[Title/Abstract])","(""LianZi""[Title/Abstract] OR ""nelumbo nucifera gaertn""[Title/Abstract] OR ""Nelumbo nucifera""[Title/Abstract]) AND (""HuoXiang""[Title/Abstract] OR ""pogostemon cablin blanco benth""[Title/Abstract] OR ""Pogostemon cablin""[Title/Abstract]) AND (""colitis, ulcerative""[MeSH Terms] OR ""ulcerative colitis""[Title/Abstract] OR ""colitis""[Title/Abstract] OR ""intestinal barrier""[Title/Abstract] OR ""gut barrier""[Title/Abstract] OR ""intestinal mucosa""[Title/Abstract] OR ""intestinal mucosal barrier""[Title/Abstract] OR ""mucosal barrier""[Title/Abstract])",0,0,True,,data\formal_analysis\genecards_multisource_pairs_20_strict\pubmed_all_pair_evidence\raw\run_20260926T115108Z\rank_66\strict_title_abstract\esearch_request.json,abea1e85e979bfc0ff067a288e73cd011c13020974fe2d979d5f054f71f349d9,data\formal_analysis\genecards_multisource_pairs_20_strict\pubmed_all_pair_evidence\raw\run_20260926T115108Z\rank_66\strict_title_abstract\esearch_response.json,d5e78c186abb34a0921f00fcc9cbdf6ab65a4c42f159257ba9710c255c33dc25,data\formal_analysis\genecards_multisource_pairs_20_strict\pubmed_all_pair_evidence\raw\run_20260926T115108Z\rank_66\strict_title_abstract\parsed_articles.json,4f53cda18c2baa0c0354bb5f9a3ecbe5ed12ab4d8e11ba873c2f11161202b945,,,,
run_20260926T115108Z,2026-09-26T11:51:08.948468+00:00,66,莲子,藿香,莲子＋藿香,broad_all_fields,All Fields,"(""LianZi""[All Fields] OR ""Nelumbo nucifera Gaertn.""[All Fields] OR ""Nelumbo nucifera""[All Fields]) AND (""HuoXiang""[All Fields] OR ""Pogostemon cablin(Blanco)Benth.""[All Fields] OR ""Pogostemon cablin""[All Fields]) AND (""Colitis, Ulcerative""[MeSH Terms] OR ""ulcerative colitis""[All Fields] OR ""colitis""[All Fields] OR ""intestinal barrier""[All Fields] OR ""gut barrier""[All Fields] OR ""intestinal mucosa""[All Fields] OR ""intestinal mucosal barrier""[All Fields] OR ""mucosal barrier""[All Fields])","(""LianZi""[All Fields] OR ""nelumbo nucifera gaertn""[All Fields] OR ""Nelumbo nucifera""[All Fields]) AND (""HuoXiang""[All Fields] OR ""pogostemon cablin blanco benth""[All Fields] OR ""Pogostemon cablin""[All Fields]) AND (""colitis, ulcerative""[MeSH Terms] OR ""ulcerative colitis""[All Fields] OR ""colitis""[All Fields] OR ""intestinal barrier""[All Fields] OR ""gut barrier""[All Fields] OR ""intestinal mucosa""[All Fields] OR ""intestinal mucosal barrier""[All Fields] OR ""mucosal barrier""[All Fields])",0,0,True,,data\formal_analysis\genecards_multisource_pairs_20_strict\pubmed_all_pair_evidence\raw\run_20260926T115108Z\rank_66\broad_all_fields\esearch_request.json,69b51e06e65a5bd7983144afb6333961acd6c258c8505ac548f6831c0c1e6838,data\formal_analysis\genecards_multisource_pairs_20_strict\pubmed_all_pair_evidence\raw\run_20260926T115108Z\rank_66\broad_all_fields\esearch_response.json,ca72136b766cb580c37ed1871736d6a6d18a8c512587d007e177872f72725e23,data\formal_analysis\genecards_multisource_pairs_20_strict\pubmed_all_pair_evidence\raw\run_20260926T115108Z\rank_66\broad_all_fields\parsed_articles.json,4f53cda18c2baa0c0354bb5f9a3ecbe5ed12ab4d8e11ba873c2f11161202b945,,,,
run_20260926T115108Z,2026-09-26T11:51:08.948468+00:00,67,蒲公英,薏苡仁,蒲公英＋薏苡仁,strict_title_abstract,Title/Abstract,"(""Pu Gong Ying""[Title/Abstract] OR ""Dandelion""[Title/Abstract] OR ""Herba Taraxaci""[Title/Abstract] OR ""Taraxaci Herba""[Title/Abstract] OR ""Taraxacum mongolicum""[Title/Abstract] OR ""Taraxacum sinicum""[Title/Abstract]) AND (""Yiyiren""[Title/Abstract] OR ""Coicis Semen""[Title/Abstract] OR ""Coix lacryma-jobi""[Title/Abstract]) AND (""Colitis, Ulcerative""[MeSH Terms] OR ""ulcerative colitis""[Title/Abstract] OR ""colitis""[Title/Abstract] OR ""intestinal barrier""[Title/Abstract] OR ""gut barrier""[Title/Abstract] OR ""intestinal mucosa""[Title/Abstract] OR ""intestinal mucosal barrier""[Title/Abstract] OR ""mucosal barrier""[Title/Abstract])","(""Pu Gong Ying""[Title/Abstract] OR ""Dandelion""[Title/Abstract] OR ""Herba Taraxaci""[Title/Abstract] OR ""Taraxaci Herba""[Title/Abstract] OR ""Taraxacum mongolicum""[Title/Abstract] OR ""Taraxacum sinicum""[Title/Abstract]) AND (""Yiyiren""[Title/Abstract] OR ""Coicis Semen""[Title/Abstract] OR ""Coix lacryma-jobi""[Title/Abstract]) AND (""colitis, ulcerative""[MeSH Terms] OR ""ulcerative colitis""[Title/Abstract] OR ""colitis""[Title/Abstract] OR ""intestinal barrier""[Title/Abstract] OR ""gut barrier""[Title/Abstract] OR ""intestinal mucosa""[Title/Abstract] OR ""intestinal mucosal barrier""[Title/Abstract] OR ""mucosal barrier""[Title/Abstract])",0,0,True,,data\formal_analysis\genecards_multisource_pairs_20_strict\pubmed_all_pair_evidence\raw\run_20260926T115108Z\rank_67\strict_title_abstract\esearch_request.json,8fdf01a9a44f3e34e4850a077fc110a94dad2fb6eccd2ee4c2883d2680661910,data\formal_analysis\genecards_multisource_pairs_20_strict\pubmed_all_pair_evidence\raw\run_20260926T115108Z\rank_67\strict_title_abstract\esearch_response.json,3ae7eb24b5010cf29825d8477055763825c5aa608378c47351850c07f585cf77,data\formal_analysis\genecards_multisource_pairs_20_strict\pubmed_all_pair_evidence\raw\run_20260926T115108Z\rank_67\strict_title_abstract\parsed_articles.json,4f53cda18c2baa0c0354bb5f9a3ecbe5ed12ab4d8e11ba873c2f11161202b945,,,,
run_20260926T115108Z,2026-09-26T11:51:08.948468+00:00,67,蒲公英,薏苡仁,蒲公英＋薏苡仁,broad_all_fields,All Fields,"(""Pu Gong Ying""[All Fields] OR ""Dandelion""[All Fields] OR ""Herba Taraxaci""[All Fields] OR ""Taraxaci Herba""[All Fields] OR ""Taraxacum mongolicum""[All Fields] OR ""Taraxacum sinicum""[All Fields]) AND (""Yiyiren""[All Fields] OR ""Coicis Semen""[All Fields] OR ""Coix lacryma-jobi""[All Fields]) AND (""Colitis, Ulcerative""[MeSH Terms] OR ""ulcerative colitis""[All Fields] OR ""colitis""[All Fields] OR ""intestinal barrier""[All Fields] OR ""gut barrier""[All Fields] OR ""intestinal mucosa""[All Fields] OR ""intestinal mucosal barrier""[All Fields] OR ""mucosal barrier""[All Fields])","(""Pu Gong Ying""[All Fields] OR ""Dandelion""[All Fields] OR ""Herba Taraxaci""[All Fields] OR ""Taraxaci Herba""[All Fields] OR ""Taraxacum mongolicum""[All Fields] OR ""Taraxacum sinicum""[All Fields]) AND (""Yiyiren""[All Fields] OR ""Coicis Semen""[All Fields] OR ""Coix lacryma-jobi""[All Fields]) AND (""colitis, ulcerative""[MeSH Terms] OR ""ulcerative colitis""[All Fields] OR ""colitis""[All Fields] OR ""intestinal barrier""[All Fields] OR ""gut barrier""[All Fields] OR ""intestinal mucosa""[All Fields] OR ""intestinal mucosal barrier""[All Fields] OR ""mucosal barrier""[All Fields])",0,0,True,,data\formal_analysis\genecards_multisource_pairs_20_strict\pubmed_all_pair_evidence\raw\run_20260926T115108Z\rank_67\broad_all_fields\esearch_request.json,719e0a273ee8041b14d9f29c711b5713ab319ba41f52864ba7a078a95684a15b,data\formal_analysis\genecards_multisource_pairs_20_strict\pubmed_all_pair_evidence\raw\run_20260926T115108Z\rank_67\broad_all_fields\esearch_response.json,d3e967978e69d7e36bdb57274a11a9b2bb1fc045d40c5c27db6fe0de81126f4d,data\formal_analysis\genecards_multisource_pairs_20_strict\pubmed_all_pair_evidence\raw\run_20260926T115108Z\rank_67\broad_all_fields\parsed_articles.json,4f53cda18c2baa0c0354bb5f9a3ecbe5ed12ab4d8e11ba873c2f11161202b945,,,,
run_20260926T115108Z,2026-09-26T11:51:08.948468+00:00,68,蒲公英,生姜,蒲公英＋生姜,strict_title_abstract,Title/Abstract,"(""Pu Gong Ying""[Title/Abstract] OR ""Dandelion""[Title/Abstract] OR ""Herba Taraxaci""[Title/Abstract] OR ""Taraxaci Herba""[Title/Abstract] OR ""Taraxacum mongolicum""[Title/Abstract] OR ""Taraxacum sinicum""[Title/Abstract]) AND (""Shengjiang""[Title/Abstract] OR ""Zingiber Officinale Roscoe""[Title/Abstract] OR ""Zingiber officinale""[Title/Abstract]) AND (""Colitis, Ulcerative""[MeSH Terms] OR ""ulcerative colitis""[Title/Abstract] OR ""colitis""[Title/Abstract] OR ""intestinal barrier""[Title/Abstract] OR ""gut barrier""[Title/Abstract] OR ""intestinal mucosa""[Title/Abstract] OR ""intestinal mucosal barrier""[Title/Abstract] OR ""mucosal barrier""[Title/Abstract])","(""Pu Gong Ying""[Title/Abstract] OR ""Dandelion""[Title/Abstract] OR ""Herba Taraxaci""[Title/Abstract] OR ""Taraxaci Herba""[Title/Abstract] OR ""Taraxacum mongolicum""[Title/Abstract] OR ""Taraxacum sinicum""[Title/Abstract]) AND (""Shengjiang""[Title/Abstract] OR ""Zingiber Officinale Roscoe""[Title/Abstract] OR ""Zingiber officinale""[Title/Abstract]) AND (""colitis, ulcerative""[MeSH Terms] OR ""ulcerative colitis""[Title/Abstract] OR ""colitis""[Title/Abstract] OR ""intestinal barrier""[Title/Abstract] OR ""gut barrier""[Title/Abstract] OR ""intestinal mucosa""[Title/Abstract] OR ""intestinal mucosal barrier""[Title/Abstract] OR ""mucosal barrier""[Title/Abstract])",0,0,True,,data\formal_analysis\genecards_multisource_pairs_20_strict\pubmed_all_pair_evidence\raw\run_20260926T115108Z\rank_68\strict_title_abstract\esearch_request.json,2be9bc37689cea016bc65d9bf0d4c33018f56060bb5eb2a9793f27f80e65976f,data\formal_analysis\genecards_multisource_pairs_20_strict\pubmed_all_pair_evidence\raw\run_20260926T115108Z\rank_68\strict_title_abstract\esearch_response.json,67ff21864d35411746f672c5c4ec3f61224b61544db17eacc835430718b2ccc7,data\formal_analysis\genecards_multisource_pairs_20_strict\pubmed_all_pair_evidence\raw\run_20260926T115108Z\rank_68\strict_title_abstract\parsed_articles.json,4f53cda18c2baa0c0354bb5f9a3ecbe5ed12ab4d8e11ba873c2f11161202b945,,,,
run_20260926T115108Z,2026-09-26T11:51:08.948468+00:00,68,蒲公英,生姜,蒲公英＋生姜,broad_all_fields,All Fields,"(""Pu Gong Ying""[All Fields] OR ""Dandelion""[All Fields] OR ""Herba Taraxaci""[All Fields] OR ""Taraxaci Herba""[All Fields] OR ""Taraxacum mongolicum""[All Fields] OR ""Taraxacum sinicum""[All Fields]) AND (""Shengjiang""[All Fields] OR ""Zingiber Officinale Roscoe""[All Fields] OR ""Zingiber officinale""[All Fields]) AND (""Colitis, Ulcerative""[MeSH Terms] OR ""ulcerative colitis""[All Fields] OR ""colitis""[All Fields] OR ""intestinal barrier""[All Fields] OR ""gut barrier""[All Fields] OR ""intestinal mucosa""[All Fields] OR ""intestinal mucosal barrier""[All Fields] OR ""mucosal barrier""[All Fields])","(""Pu Gong Ying""[All Fields] OR ""Dandelion""[All Fields] OR ""Herba Taraxaci""[All Fields] OR ""Taraxaci Herba""[All Fields] OR ""Taraxacum mongolicum""[All Fields] OR ""Taraxacum sinicum""[All Fields]) AND (""Shengjiang""[All Fields] OR ""Zingiber Officinale Roscoe""[All Fields] OR ""Zingiber officinale""[All Fields]) AND (""colitis, ulcerative""[MeSH Terms] OR ""ulcerative colitis""[All Fields] OR ""colitis""[All Fields] OR ""intestinal barrier""[All Fields] OR ""gut barrier""[All Fields] OR ""intestinal mucosa""[All Fields] OR ""intestinal mucosal barrier""[All Fields] OR ""mucosal barrier""[All Fields])",0,0,True,,data\formal_analysis\genecards_multisource_pairs_20_strict\pubmed_all_pair_evidence\raw\run_20260926T115108Z\rank_68\broad_all_fields\esearch_request.json,706302afda6fbf522c20f91d59e40c50088f5f5488394d9160151d0bce897229,data\formal_analysis\genecards_multisource_pairs_20_strict\pubmed_all_pair_evidence\raw\run_20260926T115108Z\rank_68\broad_all_fields\esearch_response.json,14342a0b2e1c7fee7bd4a4b49e256d268e807cc907f5fb8b69e3e32becbeb764,data\formal_analysis\genecards_multisource_pairs_20_strict\pubmed_all_pair_evidence\raw\run_20260926T115108Z\rank_68\broad_all_fields\parsed_articles.json,4f53cda18c2baa0c0354bb5f9a3ecbe5ed12ab4d8e11ba873c2f11161202b945,,,,
run_20260926T115108Z,2026-09-26T11:51:08.948468+00:00,69,蒲公英,砂仁,蒲公英＋砂仁,strict_title_abstract,Title/Abstract,"(""Pu Gong Ying""[Title/Abstract] OR ""Dandelion""[Title/Abstract] OR ""Herba Taraxaci""[Title/Abstract] OR ""Taraxaci Herba""[Title/Abstract] OR ""Taraxacum mongolicum""[Title/Abstract] OR ""Taraxacum sinicum""[Title/Abstract]) AND (""Sharen""[Title/Abstract] OR ""Amomum Aurantiacum H. T. Tsai Et S. W. Zhao""[Title/Abstract] OR ""Amomum villosum""[Title/Abstract]) AND (""Colitis, Ulcerative""[MeSH Terms] OR ""ulcerative colitis""[Title/Abstract] OR ""colitis""[Title/Abstract] OR ""intestinal barrier""[Title/Abstract] OR ""gut barrier""[Title/Abstract] OR ""intestinal mucosa""[Title/Abstract] OR ""intestinal mucosal barrier""[Title/Abstract] OR ""mucosal barrier""[Title/Abstract])","(""Pu Gong Ying""[Title/Abstract] OR ""Dandelion""[Title/Abstract] OR ""Herba Taraxaci""[Title/Abstract] OR ""Taraxaci Herba""[Title/Abstract] OR ""Taraxacum mongolicum""[Title/Abstract] OR ""Taraxacum sinicum""[Title/Abstract]) AND (""Sharen""[Title/Abstract] OR ""Amomum villosum""[Title/Abstract]) AND (""colitis, ulcerative""[MeSH Terms] OR ""ulcerative colitis""[Title/Abstract] OR ""colitis""[Title/Abstract] OR ""intestinal barrier""[Title/Abstract] OR ""gut barrier""[Title/Abstract] OR ""intestinal mucosa""[Title/Abstract] OR ""intestinal mucosal barrier""[Title/Abstract] OR ""mucosal barrier""[Title/Abstract])",0,0,True,,data\formal_analysis\genecards_multisource_pairs_20_strict\pubmed_all_pair_evidence\raw\run_20260926T115108Z\rank_69\strict_title_abstract\esearch_request.json,99a01c0e59069edc73b3007124427c3918d4b4b29f851d6d1ccae75719ba6830,data\formal_analysis\genecards_multisource_pairs_20_strict\pubmed_all_pair_evidence\raw\run_20260926T115108Z\rank_69\strict_title_abstract\esearch_response.json,d1f4d5a32115cbd608d266b98c9c2b8d944cd90c4a73f60e02796cfd0cf82b6a,data\formal_analysis\genecards_multisource_pairs_20_strict\pubmed_all_pair_evidence\raw\run_20260926T115108Z\rank_69\strict_title_abstract\parsed_articles.json,4f53cda18c2baa0c0354bb5f9a3ecbe5ed12ab4d8e11ba873c2f11161202b945,,,,
run_20260926T115108Z,2026-09-26T11:51:08.948468+00:00,69,蒲公英,砂仁,蒲公英＋砂仁,broad_all_fields,All Fields,"(""Pu Gong Ying""[All Fields] OR ""Dandelion""[All Fields] OR ""Herba Taraxaci""[All Fields] OR ""Taraxaci Herba""[All Fields] OR ""Taraxacum mongolicum""[All Fields] OR ""Taraxacum sinicum""[All Fields]) AND (""Sharen""[All Fields] OR ""Amomum Aurantiacum H. T. Tsai Et S. W. Zhao""[All Fields] OR ""Amomum villosum""[All Fields]) AND (""Colitis, Ulcerative""[MeSH Terms] OR ""ulcerative colitis""[All Fields] OR ""colitis""[All Fields] OR ""intestinal barrier""[All Fields] OR ""gut barrier""[All Fields] OR ""intestinal mucosa""[All Fields] OR ""intestinal mucosal barrier""[All Fields] OR ""mucosal barrier""[All Fields])","(""Pu Gong Ying""[All Fields] OR ""Dandelion""[All Fields] OR ""Herba Taraxaci""[All Fields] OR ""Taraxaci Herba""[All Fields] OR ""Taraxacum mongolicum""[All Fields] OR ""Taraxacum sinicum""[All Fields]) AND (""Sharen""[All Fields] OR ""Amomum villosum""[All Fields]) AND (""colitis, ulcerative""[MeSH Terms] OR ""ulcerative colitis""[All Fields] OR ""colitis""[All Fields] OR ""intestinal barrier""[All Fields] OR ""gut barrier""[All Fields] OR ""intestinal mucosa""[All Fields] OR ""intestinal mucosal barrier""[All Fields] OR ""mucosal barrier""[All Fields])",0,0,True,,data\formal_analysis\genecards_multisource_pairs_20_strict\pubmed_all_pair_evidence\raw\run_20260926T115108Z\rank_69\broad_all_fields\esearch_request.json,2d6b2f9b8444de4ea4e3cb8e6d71e42e0a044759fa401e3688ef8466b8e9e243,data\formal_analysis\genecards_multisource_pairs_20_strict\pubmed_all_pair_evidence\raw\run_20260926T115108Z\rank_69\broad_all_fields\esearch_response.json,16e8065f85bf496cee68900ee06e82bfd548769a012a73132d2cc3b227e49cea,data\formal_analysis\genecards_multisource_pairs_20_strict\pubmed_all_pair_evidence\raw\run_20260926T115108Z\rank_69\broad_all_fields\parsed_articles.json,4f53cda18c2baa0c0354bb5f9a3ecbe5ed12ab4d8e11ba873c2f11161202b945,,,,
run_20260926T115108Z,2026-09-26T11:51:08.948468+00:00,70,蒲公英,白扁豆,蒲公英＋白扁豆,strict_title_abstract,Title/Abstract,"(""Pu Gong Ying""[Title/Abstract] OR ""Dandelion""[Title/Abstract] OR ""Herba Taraxaci""[Title/Abstract] OR ""Taraxaci Herba""[Title/Abstract] OR ""Taraxacum mongolicum""[Title/Abstract] OR ""Taraxacum sinicum""[Title/Abstract]) AND (""Baibiandou""[Title/Abstract] OR ""Lablab Semen Album""[Title/Abstract] OR ""Dolichos lablab""[Title/Abstract]) AND (""Colitis, Ulcerative""[MeSH Terms] OR ""ulcerative colitis""[Title/Abstract] OR ""colitis""[Title/Abstract] OR ""intestinal barrier""[Title/Abstract] OR ""gut barrier""[Title/Abstract] OR ""intestinal mucosa""[Title/Abstract] OR ""intestinal mucosal barrier""[Title/Abstract] OR ""mucosal barrier""[Title/Abstract])","(""Pu Gong Ying""[Title/Abstract] OR ""Dandelion""[Title/Abstract] OR ""Herba Taraxaci""[Title/Abstract] OR ""Taraxaci Herba""[Title/Abstract] OR ""Taraxacum mongolicum""[Title/Abstract] OR ""Taraxacum sinicum""[Title/Abstract]) AND (""Baibiandou""[Title/Abstract] OR ""Lablab Semen Album""[Title/Abstract] OR ""Dolichos lablab""[Title/Abstract]) AND (""colitis, ulcerative""[MeSH Terms] OR ""ulcerative colitis""[Title/Abstract] OR ""colitis""[Title/Abstract] OR ""intestinal barrier""[Title/Abstract] OR ""gut barrier""[Title/Abstract] OR ""intestinal mucosa""[Title/Abstract] OR ""intestinal mucosal barrier""[Title/Abstract] OR ""mucosal barrier""[Title/Abstract])",0,0,True,,data\formal_analysis\genecards_multisource_pairs_20_strict\pubmed_all_pair_evidence\raw\run_20260926T115108Z\rank_70\strict_title_abstract\esearch_request.json,037fd5f725ed60585b703c17768b17aeba5c89ad8b52e1cffcc7fad144fb03e0,data\formal_analysis\genecards_multisource_pairs_20_strict\pubmed_all_pair_evidence\raw\run_20260926T115108Z\rank_70\strict_title_abstract\esearch_response.json,e504ad41116c85d3bfc5c702d5690c4f84eb54481abab768e9cb0b38152b2417,data\formal_analysis\genecards_multisource_pairs_20_strict\pubmed_all_pair_evidence\raw\run_20260926T115108Z\rank_70\strict_title_abstract\parsed_articles.json,4f53cda18c2baa0c0354bb5f9a3ecbe5ed12ab4d8e11ba873c2f11161202b945,,,,
run_20260926T115108Z,2026-09-26T11:51:08.948468+00:00,70,蒲公英,白扁豆,蒲公英＋白扁豆,broad_all_fields,All Fields,"(""Pu Gong Ying""[All Fields] OR ""Dandelion""[All Fields] OR ""Herba Taraxaci""[All Fields] OR ""Taraxaci Herba""[All Fields] OR ""Taraxacum mongolicum""[All Fields] OR ""Taraxacum sinicum""[All Fields]) AND (""Baibiandou""[All Fields] OR ""Lablab Semen Album""[All Fields] OR ""Dolichos lablab""[All Fields]) AND (""Colitis, Ulcerative""[MeSH Terms] OR ""ulcerative colitis""[All Fields] OR ""colitis""[All Fields] OR ""intestinal barrier""[All Fields] OR ""gut barrier""[All Fields] OR ""intestinal mucosa""[All Fields] OR ""intestinal mucosal barrier""[All Fields] OR ""mucosal barrier""[All Fields])","(""Pu Gong Ying""[All Fields] OR ""Dandelion""[All Fields] OR ""Herba Taraxaci""[All Fields] OR ""Taraxaci Herba""[All Fields] OR ""Taraxacum mongolicum""[All Fields] OR ""Taraxacum sinicum""[All Fields]) AND (""Baibiandou""[All Fields] OR ""Lablab Semen Album""[All Fields] OR ""Dolichos lablab""[All Fields]) AND (""colitis, ulcerative""[MeSH Terms] OR ""ulcerative colitis""[All Fields] OR ""colitis""[All Fields] OR ""intestinal barrier""[All Fields] OR ""gut barrier""[All Fields] OR ""intestinal mucosa""[All Fields] OR ""intestinal mucosal barrier""[All Fields] OR ""mucosal barrier""[All Fields])",0,0,True,,data\formal_analysis\genecards_multisource_pairs_20_strict\pubmed_all_pair_evidence\raw\run_20260926T115108Z\rank_70\broad_all_fields\esearch_request.json,f54ba91a18fcf3da35f46063024d429c9c199c9a9ab6bed1c825b4e35dee4e88,data\formal_analysis\genecards_multisource_pairs_20_strict\pubmed_all_pair_evidence\raw\run_20260926T115108Z\rank_70\broad_all_fields\esearch_response.json,fa57e9b4b3f87a3e57d8a81581dc8957c39894e5caf6ae4af04bde307e18c332,data\formal_analysis\genecards_multisource_pairs_20_strict\pubmed_all_pair_evidence\raw\run_20260926T115108Z\rank_70\broad_all_fields\parsed_articles.json,4f53cda18c2baa0c0354bb5f9a3ecbe5ed12ab4d8e11ba873c2f11161202b945,,,,
run_20260926T115108Z,2026-09-26T11:51:08.948468+00:00,71,蒲公英,芡实,蒲公英＋芡实,strict_title_abstract,Title/Abstract,"(""Pu Gong Ying""[Title/Abstract] OR ""Dandelion""[Title/Abstract] OR ""Herba Taraxaci""[Title/Abstract] OR ""Taraxaci Herba""[Title/Abstract] OR ""Taraxacum mongolicum""[Title/Abstract] OR ""Taraxacum sinicum""[Title/Abstract]) AND (""Qianshi""[Title/Abstract] OR ""Euryales Semen""[Title/Abstract] OR ""Euryale ferox""[Title/Abstract]) AND (""Colitis, Ulcerative""[MeSH Terms] OR ""ulcerative colitis""[Title/Abstract] OR ""colitis""[Title/Abstract] OR ""intestinal barrier""[Title/Abstract] OR ""gut barrier""[Title/Abstract] OR ""intestinal mucosa""[Title/Abstract] OR ""intestinal mucosal barrier""[Title/Abstract] OR ""mucosal barrier""[Title/Abstract])","(""Pu Gong Ying""[Title/Abstract] OR ""Dandelion""[Title/Abstract] OR ""Herba Taraxaci""[Title/Abstract] OR ""Taraxaci Herba""[Title/Abstract] OR ""Taraxacum mongolicum""[Title/Abstract] OR ""Taraxacum sinicum""[Title/Abstract]) AND (""Qianshi""[Title/Abstract] OR ""Euryales Semen""[Title/Abstract] OR ""Euryale ferox""[Title/Abstract]) AND (""colitis, ulcerative""[MeSH Terms] OR ""ulcerative colitis""[Title/Abstract] OR ""colitis""[Title/Abstract] OR ""intestinal barrier""[Title/Abstract] OR ""gut barrier""[Title/Abstract] OR ""intestinal mucosa""[Title/Abstract] OR ""intestinal mucosal barrier""[Title/Abstract] OR ""mucosal barrier""[Title/Abstract])",0,0,True,,data\formal_analysis\genecards_multisource_pairs_20_strict\pubmed_all_pair_evidence\raw\run_20260926T115108Z\rank_71\strict_title_abstract\esearch_request.json,57dbd4d896e716649d4b372139d6078a1a2791e1c0d1b9e8116b06127196f0b4,data\formal_analysis\genecards_multisource_pairs_20_strict\pubmed_all_pair_evidence\raw\run_20260926T115108Z\rank_71\strict_title_abstract\esearch_response.json,0102c4de3835cba1100d4ee53254dd8edf6e60dc2329050fdb3d6453a55a0f0a,data\formal_analysis\genecards_multisource_pairs_20_strict\pubmed_all_pair_evidence\raw\run_20260926T115108Z\rank_71\strict_title_abstract\parsed_articles.json,4f53cda18c2baa0c0354bb5f9a3ecbe5ed12ab4d8e11ba873c2f11161202b945,,,,
run_20260926T115108Z,2026-09-26T11:51:08.948468+00:00,71,蒲公英,芡实,蒲公英＋芡实,broad_all_fields,All Fields,"(""Pu Gong Ying""[All Fields] OR ""Dandelion""[All Fields] OR ""Herba Taraxaci""[All Fields] OR ""Taraxaci Herba""[All Fields] OR ""Taraxacum mongolicum""[All Fields] OR ""Taraxacum sinicum""[All Fields]) AND (""Qianshi""[All Fields] OR ""Euryales Semen""[All Fields] OR ""Euryale ferox""[All Fields]) AND (""Colitis, Ulcerative""[MeSH Terms] OR ""ulcerative colitis""[All Fields] OR ""colitis""[All Fields] OR ""intestinal barrier""[All Fields] OR ""gut barrier""[All Fields] OR ""intestinal mucosa""[All Fields] OR ""intestinal mucosal barrier""[All Fields] OR ""mucosal barrier""[All Fields])","(""Pu Gong Ying""[All Fields] OR ""Dandelion""[All Fields] OR ""Herba Taraxaci""[All Fields] OR ""Taraxaci Herba""[All Fields] OR ""Taraxacum mongolicum""[All Fields] OR ""Taraxacum sinicum""[All Fields]) AND (""Qianshi""[All Fields] OR ""Euryales Semen""[All Fields] OR ""Euryale ferox""[All Fields]) AND (""colitis, ulcerative""[MeSH Terms] OR ""ulcerative colitis""[All Fields] OR ""colitis""[All Fields] OR ""intestinal barrier""[All Fields] OR ""gut barrier""[All Fields] OR ""intestinal mucosa""[All Fields] OR ""intestinal mucosal barrier""[All Fields] OR ""mucosal barrier""[All Fields])",0,0,True,,data\formal_analysis\genecards_multisource_pairs_20_strict\pubmed_all_pair_evidence\raw\run_20260926T115108Z\rank_71\broad_all_fields\esearch_request.json,9ee8fa7d6f7c29e5bccf73f1669606d496261c7aa0e46ba15c7cd69705546f1b,data\formal_analysis\genecards_multisource_pairs_20_strict\pubmed_all_pair_evidence\raw\run_20260926T115108Z\rank_71\broad_all_fields\esearch_response.json,975b2e042cac091fffe6cc5bdc0ea5f5520c37d524a7d65fb32b7450fcaf8e7b,data\formal_analysis\genecards_multisource_pairs_20_strict\pubmed_all_pair_evidence\raw\run_20260926T115108Z\rank_71\broad_all_fields\parsed_articles.json,4f53cda18c2baa0c0354bb5f9a3ecbe5ed12ab4d8e11ba873c2f11161202b945,,,,
run_20260926T115108Z,2026-09-26T11:51:08.948468+00:00,72,陈皮,藿香,陈皮＋藿香,strict_title_abstract,Title/Abstract,"(""Chenpi""[Title/Abstract] OR ""Citrus Reticulata""[Title/Abstract]) AND (""HuoXiang""[Title/Abstract] OR ""Pogostemon cablin(Blanco)Benth.""[Title/Abstract] OR ""Pogostemon cablin""[Title/Abstract]) AND (""Colitis, Ulcerative""[MeSH Terms] OR ""ulcerative colitis""[Title/Abstract] OR ""colitis""[Title/Abstract] OR ""intestinal barrier""[Title/Abstract] OR ""gut barrier""[Title/Abstract] OR ""intestinal mucosa""[Title/Abstract] OR ""intestinal mucosal barrier""[Title/Abstract] OR ""mucosal barrier""[Title/Abstract])","(""Chenpi""[Title/Abstract] OR ""Citrus Reticulata""[Title/Abstract]) AND (""HuoXiang""[Title/Abstract] OR ""pogostemon cablin blanco benth""[Title/Abstract] OR ""Pogostemon cablin""[Title/Abstract]) AND (""colitis, ulcerative""[MeSH Terms] OR ""ulcerative colitis""[Title/Abstract] OR ""colitis""[Title/Abstract] OR ""intestinal barrier""[Title/Abstract] OR ""gut barrier""[Title/Abstract] OR ""intestinal mucosa""[Title/Abstract] OR ""intestinal mucosal barrier""[Title/Abstract] OR ""mucosal barrier""[Title/Abstract])",0,0,True,,data\formal_analysis\genecards_multisource_pairs_20_strict\pubmed_all_pair_evidence\raw\run_20260926T115108Z\rank_72\strict_title_abstract\esearch_request.json,0fe4aea01caa60bb7114209eeb6ebae7a35602a455aaa5ad5082707b6de96c62,data\formal_analysis\genecards_multisource_pairs_20_strict\pubmed_all_pair_evidence\raw\run_20260926T115108Z\rank_72\strict_title_abstract\esearch_response.json,7e7d95505145e3c6087c1124f5b2c0525302a87d8198571f885d7c6a2c4695ad,data\formal_analysis\genecards_multisource_pairs_20_strict\pubmed_all_pair_evidence\raw\run_20260926T115108Z\rank_72\strict_title_abstract\parsed_articles.json,4f53cda18c2baa0c0354bb5f9a3ecbe5ed12ab4d8e11ba873c2f11161202b945,,,,
run_20260926T115108Z,2026-09-26T11:51:08.948468+00:00,72,陈皮,藿香,陈皮＋藿香,broad_all_fields,All Fields,"(""Chenpi""[All Fields] OR ""Citrus Reticulata""[All Fields]) AND (""HuoXiang""[All Fields] OR ""Pogostemon cablin(Blanco)Benth.""[All Fields] OR ""Pogostemon cablin""[All Fields]) AND (""Colitis, Ulcerative""[MeSH Terms] OR ""ulcerative colitis""[All Fields] OR ""colitis""[All Fields] OR ""intestinal barrier""[All Fields] OR ""gut barrier""[All Fields] OR ""intestinal mucosa""[All Fields] OR ""intestinal mucosal barrier""[All Fields] OR ""mucosal barrier""[All Fields])","(""Chenpi""[All Fields] OR ""Citrus Reticulata""[All Fields]) AND (""HuoXiang""[All Fields] OR ""pogostemon cablin blanco benth""[All Fields] OR ""Pogostemon cablin""[All Fields]) AND (""colitis, ulcerative""[MeSH Terms] OR ""ulcerative colitis""[All Fields] OR ""colitis""[All Fields] OR ""intestinal barrier""[All Fields] OR ""gut barrier""[All Fields] OR ""intestinal mucosa""[All Fields] OR ""intestinal mucosal barrier""[All Fields] OR ""mucosal barrier""[All Fields])",0,0,True,,data\formal_analysis\genecards_multisource_pairs_20_strict\pubmed_all_pair_evidence\raw\run_20260926T115108Z\rank_72\broad_all_fields\esearch_request.json,03578d198eafad2a2c1465946d706d381dd9ea67d359528fcd38675ae902cad9,data\formal_analysis\genecards_multisource_pairs_20_strict\pubmed_all_pair_evidence\raw\run_20260926T115108Z\rank_72\broad_all_fields\esearch_response.json,5d150d1e762b110481fb97fb376b5a30afdcfd5f22545bf9714cb4cef34e8c6f,data\formal_analysis\genecards_multisource_pairs_20_strict\pubmed_all_pair_evidence\raw\run_20260926T115108Z\rank_72\broad_all_fields\parsed_articles.json,4f53cda18c2baa0c0354bb5f9a3ecbe5ed12ab4d8e11ba873c2f11161202b945,,,,
run_20260926T115108Z,2026-09-26T11:51:08.948468+00:00,73,金银花,大枣,金银花＋大枣,strict_title_abstract,Title/Abstract,"(""Jinyinhua""[Title/Abstract] OR ""Lonicerae Japonicae Flos""[Title/Abstract] OR ""Lonicera japonica""[Title/Abstract]) AND (""Dazao""[Title/Abstract] OR ""Jujubae Fructus""[Title/Abstract] OR ""Ziziphus jujuba""[Title/Abstract]) AND (""Colitis, Ulcerative""[MeSH Terms] OR ""ulcerative colitis""[Title/Abstract] OR ""colitis""[Title/Abstract] OR ""intestinal barrier""[Title/Abstract] OR ""gut barrier""[Title/Abstract] OR ""intestinal mucosa""[Title/Abstract] OR ""intestinal mucosal barrier""[Title/Abstract] OR ""mucosal barrier""[Title/Abstract])","(""Jinyinhua""[Title/Abstract] OR ""Lonicerae Japonicae Flos""[Title/Abstract] OR ""Lonicera japonica""[Title/Abstract]) AND (""Dazao""[Title/Abstract] OR ""Jujubae Fructus""[Title/Abstract] OR ""Ziziphus jujuba""[Title/Abstract]) AND (""colitis, ulcerative""[MeSH Terms] OR ""ulcerative colitis""[Title/Abstract] OR ""colitis""[Title/Abstract] OR ""intestinal barrier""[Title/Abstract] OR ""gut barrier""[Title/Abstract] OR ""intestinal mucosa""[Title/Abstract] OR ""intestinal mucosal barrier""[Title/Abstract] OR ""mucosal barrier""[Title/Abstract])",0,0,True,,data\formal_analysis\genecards_multisource_pairs_20_strict\pubmed_all_pair_evidence\raw\run_20260926T115108Z\rank_73\strict_title_abstract\esearch_request.json,d78d3a066632c2e00dbc181e464fd6c2461de5e06d75beb7789e9156291b307e,data\formal_analysis\genecards_multisource_pairs_20_strict\pubmed_all_pair_evidence\raw\run_20260926T115108Z\rank_73\strict_title_abstract\esearch_response.json,d139cfbcbc66779082ab486261201f645fce7310c546cf4a0f84e0ed7de7ecff,data\formal_analysis\genecards_multisource_pairs_20_strict\pubmed_all_pair_evidence\raw\run_20260926T115108Z\rank_73\strict_title_abstract\parsed_articles.json,4f53cda18c2baa0c0354bb5f9a3ecbe5ed12ab4d8e11ba873c2f11161202b945,,,,
run_20260926T115108Z,2026-09-26T11:51:08.948468+00:00,73,金银花,大枣,金银花＋大枣,broad_all_fields,All Fields,"(""Jinyinhua""[All Fields] OR ""Lonicerae Japonicae Flos""[All Fields] OR ""Lonicera japonica""[All Fields]) AND (""Dazao""[All Fields] OR ""Jujubae Fructus""[All Fields] OR ""Ziziphus jujuba""[All Fields]) AND (""Colitis, Ulcerative""[MeSH Terms] OR ""ulcerative colitis""[All Fields] OR ""colitis""[All Fields] OR ""intestinal barrier""[All Fields] OR ""gut barrier""[All Fields] OR ""intestinal mucosa""[All Fields] OR ""intestinal mucosal barrier""[All Fields] OR ""mucosal barrier""[All Fields])","(""Jinyinhua""[All Fields] OR ""Lonicerae Japonicae Flos""[All Fields] OR ""Lonicera japonica""[All Fields]) AND (""Dazao""[All Fields] OR ""Jujubae Fructus""[All Fields] OR ""Ziziphus jujuba""[All Fields]) AND (""colitis, ulcerative""[MeSH Terms] OR ""ulcerative colitis""[All Fields] OR ""colitis""[All Fields] OR ""intestinal barrier""[All Fields] OR ""gut barrier""[All Fields] OR ""intestinal mucosa""[All Fields] OR ""intestinal mucosal barrier""[All Fields] OR ""mucosal barrier""[All Fields])",0,0,True,,data\formal_analysis\genecards_multisource_pairs_20_strict\pubmed_all_pair_evidence\raw\run_20260926T115108Z\rank_73\broad_all_fields\esearch_request.json,3d2611e455de17f39ed4e377dd8eb321a459d53db2a3c4198b31425eef34a511,data\formal_analysis\genecards_multisource_pairs_20_strict\pubmed_all_pair_evidence\raw\run_20260926T115108Z\rank_73\broad_all_fields\esearch_response.json,5cbac23e6441aa53355bb94c73a86e3f1b4889101847293af426b1a9dd0545c8,data\formal_analysis\genecards_multisource_pairs_20_strict\pubmed_all_pair_evidence\raw\run_20260926T115108Z\rank_73\broad_all_fields\parsed_articles.json,4f53cda18c2baa0c0354bb5f9a3ecbe5ed12ab4d8e11ba873c2f11161202b945,,,,
run_20260926T115108Z,2026-09-26T11:51:08.948468+00:00,74,马齿苋,大枣,马齿苋＋大枣,strict_title_abstract,Title/Abstract,"(""Machixian""[Title/Abstract] OR ""Portulacae Herba""[Title/Abstract] OR ""Portulaca oleracea""[Title/Abstract]) AND (""Dazao""[Title/Abstract] OR ""Jujubae Fructus""[Title/Abstract] OR ""Ziziphus jujuba""[Title/Abstract]) AND (""Colitis, Ulcerative""[MeSH Terms] OR ""ulcerative colitis""[Title/Abstract] OR ""colitis""[Title/Abstract] OR ""intestinal barrier""[Title/Abstract] OR ""gut barrier""[Title/Abstract] OR ""intestinal mucosa""[Title/Abstract] OR ""intestinal mucosal barrier""[Title/Abstract] OR ""mucosal barrier""[Title/Abstract])","(""Machixian""[Title/Abstract] OR ""Portulacae Herba""[Title/Abstract] OR ""Portulaca oleracea""[Title/Abstract]) AND (""Dazao""[Title/Abstract] OR ""Jujubae Fructus""[Title/Abstract] OR ""Ziziphus jujuba""[Title/Abstract]) AND (""colitis, ulcerative""[MeSH Terms] OR ""ulcerative colitis""[Title/Abstract] OR ""colitis""[Title/Abstract] OR ""intestinal barrier""[Title/Abstract] OR ""gut barrier""[Title/Abstract] OR ""intestinal mucosa""[Title/Abstract] OR ""intestinal mucosal barrier""[Title/Abstract] OR ""mucosal barrier""[Title/Abstract])",0,0,True,,data\formal_analysis\genecards_multisource_pairs_20_strict\pubmed_all_pair_evidence\raw\run_20260926T115108Z\rank_74\strict_title_abstract\esearch_request.json,abc9db0777ed00a5d43ef6612adc71bd8c83c9a82bbd541c7721a9ebffb8217f,data\formal_analysis\genecards_multisource_pairs_20_strict\pubmed_all_pair_evidence\raw\run_20260926T115108Z\rank_74\strict_title_abstract\esearch_response.json,8a2ea8bde462ebac7794a94459600680890e6483cccdb081d90252ae61755c01,data\formal_analysis\genecards_multisource_pairs_20_strict\pubmed_all_pair_evidence\raw\run_20260926T115108Z\rank_74\strict_title_abstract\parsed_articles.json,4f53cda18c2baa0c0354bb5f9a3ecbe5ed12ab4d8e11ba873c2f11161202b945,,,,
run_20260926T115108Z,2026-09-26T11:51:08.948468+00:00,74,马齿苋,大枣,马齿苋＋大枣,broad_all_fields,All Fields,"(""Machixian""[All Fields] OR ""Portulacae Herba""[All Fields] OR ""Portulaca oleracea""[All Fields]) AND (""Dazao""[All Fields] OR ""Jujubae Fructus""[All Fields] OR ""Ziziphus jujuba""[All Fields]) AND (""Colitis, Ulcerative""[MeSH Terms] OR ""ulcerative colitis""[All Fields] OR ""colitis""[All Fields] OR ""intestinal barrier""[All Fields] OR ""gut barrier""[All Fields] OR ""intestinal mucosa""[All Fields] OR ""intestinal mucosal barrier""[All Fields] OR ""mucosal barrier""[All Fields])","(""Machixian""[All Fields] OR ""Portulacae Herba""[All Fields] OR ""Portulaca oleracea""[All Fields]) AND (""Dazao""[All Fields] OR ""Jujubae Fructus""[All Fields] OR ""Ziziphus jujuba""[All Fields]) AND (""colitis, ulcerative""[MeSH Terms] OR ""ulcerative colitis""[All Fields] OR ""colitis""[All Fields] OR ""intestinal barrier""[All Fields] OR ""gut barrier""[All Fields] OR ""intestinal mucosa""[All Fields] OR ""intestinal mucosal barrier""[All Fields] OR ""mucosal barrier""[All Fields])",0,0,True,,data\formal_analysis\genecards_multisource_pairs_20_strict\pubmed_all_pair_evidence\raw\run_20260926T115108Z\rank_74\broad_all_fields\esearch_request.json,bafce5db111c3bb5d2a99b1d82779df4f06a766522ace771ce61cefae42d6342,data\formal_analysis\genecards_multisource_pairs_20_strict\pubmed_all_pair_evidence\raw\run_20260926T115108Z\rank_74\broad_all_fields\esearch_response.json,e4c1b25bd1814f20fd172b7174312f97e7a18c8514de80b3030e1c68f2f7ebe0,data\formal_analysis\genecards_multisource_pairs_20_strict\pubmed_all_pair_evidence\raw\run_20260926T115108Z\rank_74\broad_all_fields\parsed_articles.json,4f53cda18c2baa0c0354bb5f9a3ecbe5ed12ab4d8e11ba873c2f11161202b945,,,,
run_20260926T115108Z,2026-09-26T11:51:08.948468+00:00,75,莲子,生姜,莲子＋生姜,strict_title_abstract,Title/Abstract,"(""LianZi""[Title/Abstract] OR ""Nelumbo nucifera Gaertn.""[Title/Abstract] OR ""Nelumbo nucifera""[Title/Abstract]) AND (""Shengjiang""[Title/Abstract] OR ""Zingiber Officinale Roscoe""[Title/Abstract] OR ""Zingiber officinale""[Title/Abstract]) AND (""Colitis, Ulcerative""[MeSH Terms] OR ""ulcerative colitis""[Title/Abstract] OR ""colitis""[Title/Abstract] OR ""intestinal barrier""[Title/Abstract] OR ""gut barrier""[Title/Abstract] OR ""intestinal mucosa""[Title/Abstract] OR ""intestinal mucosal barrier""[Title/Abstract] OR ""mucosal barrier""[Title/Abstract])","(""LianZi""[Title/Abstract] OR ""nelumbo nucifera gaertn""[Title/Abstract] OR ""Nelumbo nucifera""[Title/Abstract]) AND (""Shengjiang""[Title/Abstract] OR ""Zingiber Officinale Roscoe""[Title/Abstract] OR ""Zingiber officinale""[Title/Abstract]) AND (""colitis, ulcerative""[MeSH Terms] OR ""ulcerative colitis""[Title/Abstract] OR ""colitis""[Title/Abstract] OR ""intestinal barrier""[Title/Abstract] OR ""gut barrier""[Title/Abstract] OR ""intestinal mucosa""[Title/Abstract] OR ""intestinal mucosal barrier""[Title/Abstract] OR ""mucosal barrier""[Title/Abstract])",0,0,True,,data\formal_analysis\genecards_multisource_pairs_20_strict\pubmed_all_pair_evidence\raw\run_20260926T115108Z\rank_75\strict_title_abstract\esearch_request.json,eb1cdb22f0e575d169de9a39d2174130985151c73f810e7b1bb519afc26669f0,data\formal_analysis\genecards_multisource_pairs_20_strict\pubmed_all_pair_evidence\raw\run_20260926T115108Z\rank_75\strict_title_abstract\esearch_response.json,7db19eec68e6a694503ff87b9f81349182e71b859efcf8350f66de851fcea08c,data\formal_analysis\genecards_multisource_pairs_20_strict\pubmed_all_pair_evidence\raw\run_20260926T115108Z\rank_75\strict_title_abstract\parsed_articles.json,4f53cda18c2baa0c0354bb5f9a3ecbe5ed12ab4d8e11ba873c2f11161202b945,,,,
run_20260926T115108Z,2026-09-26T11:51:08.948468+00:00,75,莲子,生姜,莲子＋生姜,broad_all_fields,All Fields,"(""LianZi""[All Fields] OR ""Nelumbo nucifera Gaertn.""[All Fields] OR ""Nelumbo nucifera""[All Fields]) AND (""Shengjiang""[All Fields] OR ""Zingiber Officinale Roscoe""[All Fields] OR ""Zingiber officinale""[All Fields]) AND (""Colitis, Ulcerative""[MeSH Terms] OR ""ulcerative colitis""[All Fields] OR ""colitis""[All Fields] OR ""intestinal barrier""[All Fields] OR ""gut barrier""[All Fields] OR ""intestinal mucosa""[All Fields] OR ""intestinal mucosal barrier""[All Fields] OR ""mucosal barrier""[All Fields])","(""LianZi""[All Fields] OR ""nelumbo nucifera gaertn""[All Fields] OR ""Nelumbo nucifera""[All Fields]) AND (""Shengjiang""[All Fields] OR ""Zingiber Officinale Roscoe""[All Fields] OR ""Zingiber officinale""[All Fields]) AND (""colitis, ulcerative""[MeSH Terms] OR ""ulcerative colitis""[All Fields] OR ""colitis""[All Fields] OR ""intestinal barrier""[All Fields] OR ""gut barrier""[All Fields] OR ""intestinal mucosa""[All Fields] OR ""intestinal mucosal barrier""[All Fields] OR ""mucosal barrier""[All Fields])",0,0,True,,data\formal_analysis\genecards_multisource_pairs_20_strict\pubmed_all_pair_evidence\raw\run_20260926T115108Z\rank_75\broad_all_fields\esearch_request.json,49c878535e541867f9ada0b8ad4ab6e53256fb63a082020b1372239b819b1a2b,data\formal_analysis\genecards_multisource_pairs_20_strict\pubmed_all_pair_evidence\raw\run_20260926T115108Z\rank_75\broad_all_fields\esearch_response.json,0f180ced063bb65ca8742f86cf577db89e6a0c1d924e477975b340389c56ec42,data\formal_analysis\genecards_multisource_pairs_20_strict\pubmed_all_pair_evidence\raw\run_20260926T115108Z\rank_75\broad_all_fields\parsed_articles.json,4f53cda18c2baa0c0354bb5f9a3ecbe5ed12ab4d8e11ba873c2f11161202b945,,,,
run_20260926T115108Z,2026-09-26T11:51:08.948468+00:00,76,莲子,砂仁,莲子＋砂仁,strict_title_abstract,Title/Abstract,"(""LianZi""[Title/Abstract] OR ""Nelumbo nucifera Gaertn.""[Title/Abstract] OR ""Nelumbo nucifera""[Title/Abstract]) AND (""Sharen""[Title/Abstract] OR ""Amomum Aurantiacum H. T. Tsai Et S. W. Zhao""[Title/Abstract] OR ""Amomum villosum""[Title/Abstract]) AND (""Colitis, Ulcerative""[MeSH Terms] OR ""ulcerative colitis""[Title/Abstract] OR ""colitis""[Title/Abstract] OR ""intestinal barrier""[Title/Abstract] OR ""gut barrier""[Title/Abstract] OR ""intestinal mucosa""[Title/Abstract] OR ""intestinal mucosal barrier""[Title/Abstract] OR ""mucosal barrier""[Title/Abstract])","(""LianZi""[Title/Abstract] OR ""nelumbo nucifera gaertn""[Title/Abstract] OR ""Nelumbo nucifera""[Title/Abstract]) AND (""Sharen""[Title/Abstract] OR ""Amomum villosum""[Title/Abstract]) AND (""colitis, ulcerative""[MeSH Terms] OR ""ulcerative colitis""[Title/Abstract] OR ""colitis""[Title/Abstract] OR ""intestinal barrier""[Title/Abstract] OR ""gut barrier""[Title/Abstract] OR ""intestinal mucosa""[Title/Abstract] OR ""intestinal mucosal barrier""[Title/Abstract] OR ""mucosal barrier""[Title/Abstract])",0,0,True,,data\formal_analysis\genecards_multisource_pairs_20_strict\pubmed_all_pair_evidence\raw\run_20260926T115108Z\rank_76\strict_title_abstract\esearch_request.json,953e5664b744b1fd942b0f9e29f7b4516fcfb4e72f8f22360f8777402981216b,data\formal_analysis\genecards_multisource_pairs_20_strict\pubmed_all_pair_evidence\raw\run_20260926T115108Z\rank_76\strict_title_abstract\esearch_response.json,6abde6dfd21862b39443d731b745c4ece3f99580e5ef985b9858de248959d880,data\formal_analysis\genecards_multisource_pairs_20_strict\pubmed_all_pair_evidence\raw\run_20260926T115108Z\rank_76\strict_title_abstract\parsed_articles.json,4f53cda18c2baa0c0354bb5f9a3ecbe5ed12ab4d8e11ba873c2f11161202b945,,,,
run_20260926T115108Z,2026-09-26T11:51:08.948468+00:00,76,莲子,砂仁,莲子＋砂仁,broad_all_fields,All Fields,"(""LianZi""[All Fields] OR ""Nelumbo nucifera Gaertn.""[All Fields] OR ""Nelumbo nucifera""[All Fields]) AND (""Sharen""[All Fields] OR ""Amomum Aurantiacum H. T. Tsai Et S. W. Zhao""[All Fields] OR ""Amomum villosum""[All Fields]) AND (""Colitis, Ulcerative""[MeSH Terms] OR ""ulcerative colitis""[All Fields] OR ""colitis""[All Fields] OR ""intestinal barrier""[All Fields] OR ""gut barrier""[All Fields] OR ""intestinal mucosa""[All Fields] OR ""intestinal mucosal barrier""[All Fields] OR ""mucosal barrier""[All Fields])","(""LianZi""[All Fields] OR ""nelumbo nucifera gaertn""[All Fields] OR ""Nelumbo nucifera""[All Fields]) AND (""Sharen""[All Fields] OR ""Amomum villosum""[All Fields]) AND (""colitis, ulcerative""[MeSH Terms] OR ""ulcerative colitis""[All Fields] OR ""colitis""[All Fields] OR ""intestinal barrier""[All Fields] OR ""gut barrier""[All Fields] OR ""intestinal mucosa""[All Fields] OR ""intestinal mucosal barrier""[All Fields] OR ""mucosal barrier""[All Fields])",0,0,True,,data\formal_analysis\genecards_multisource_pairs_20_strict\pubmed_all_pair_evidence\raw\run_20260926T115108Z\rank_76\broad_all_fields\esearch_request.json,d3573a643b7161b5481d00d6a4c6619122ca192b2a5c0ce9635be38767dd7f77,data\formal_analysis\genecards_multisource_pairs_20_strict\pubmed_all_pair_evidence\raw\run_20260926T115108Z\rank_76\broad_all_fields\esearch_response.json,dfa75d2c38626f5ba1cfa77b01eceb6e74dab27323afda9c47b4f5772e8635d2,data\formal_analysis\genecards_multisource_pairs_20_strict\pubmed_all_pair_evidence\raw\run_20260926T115108Z\rank_76\broad_all_fields\parsed_articles.json,4f53cda18c2baa0c0354bb5f9a3ecbe5ed12ab4d8e11ba873c2f11161202b945,,,,
run_20260926T115108Z,2026-09-26T11:51:08.948468+00:00,77,山药,生姜,山药＋生姜,strict_title_abstract,Title/Abstract,"(""Shanyao""[Title/Abstract] OR ""Rhizoma Dioscoreae""[Title/Abstract] OR ""Dioscorea opposita""[Title/Abstract]) AND (""Shengjiang""[Title/Abstract] OR ""Zingiber Officinale Roscoe""[Title/Abstract] OR ""Zingiber officinale""[Title/Abstract]) AND (""Colitis, Ulcerative""[MeSH Terms] OR ""ulcerative colitis""[Title/Abstract] OR ""colitis""[Title/Abstract] OR ""intestinal barrier""[Title/Abstract] OR ""gut barrier""[Title/Abstract] OR ""intestinal mucosa""[Title/Abstract] OR ""intestinal mucosal barrier""[Title/Abstract] OR ""mucosal barrier""[Title/Abstract])","(""Shanyao""[Title/Abstract] OR ""Rhizoma Dioscoreae""[Title/Abstract] OR ""Dioscorea opposita""[Title/Abstract]) AND (""Shengjiang""[Title/Abstract] OR ""Zingiber Officinale Roscoe""[Title/Abstract] OR ""Zingiber officinale""[Title/Abstract]) AND (""colitis, ulcerative""[MeSH Terms] OR ""ulcerative colitis""[Title/Abstract] OR ""colitis""[Title/Abstract] OR ""intestinal barrier""[Title/Abstract] OR ""gut barrier""[Title/Abstract] OR ""intestinal mucosa""[Title/Abstract] OR ""intestinal mucosal barrier""[Title/Abstract] OR ""mucosal barrier""[Title/Abstract])",0,0,True,,data\formal_analysis\genecards_multisource_pairs_20_strict\pubmed_all_pair_evidence\raw\run_20260926T115108Z\rank_77\strict_title_abstract\esearch_request.json,ce7d5899cb01b29472c33a733d3f0f44ace6615a143331e751630eaa5c217d0a,data\formal_analysis\genecards_multisource_pairs_20_strict\pubmed_all_pair_evidence\raw\run_20260926T115108Z\rank_77\strict_title_abstract\esearch_response.json,9c7482d610005dd8d7b77c89753614e078bca2cdab22043eed3e0c3245007b1d,data\formal_analysis\genecards_multisource_pairs_20_strict\pubmed_all_pair_evidence\raw\run_20260926T115108Z\rank_77\strict_title_abstract\parsed_articles.json,4f53cda18c2baa0c0354bb5f9a3ecbe5ed12ab4d8e11ba873c2f11161202b945,,,,
run_20260926T115108Z,2026-09-26T11:51:08.948468+00:00,77,山药,生姜,山药＋生姜,broad_all_fields,All Fields,"(""Shanyao""[All Fields] OR ""Rhizoma Dioscoreae""[All Fields] OR ""Dioscorea opposita""[All Fields]) AND (""Shengjiang""[All Fields] OR ""Zingiber Officinale Roscoe""[All Fields] OR ""Zingiber officinale""[All Fields]) AND (""Colitis, Ulcerative""[MeSH Terms] OR ""ulcerative colitis""[All Fields] OR ""colitis""[All Fields] OR ""intestinal barrier""[All Fields] OR ""gut barrier""[All Fields] OR ""intestinal mucosa""[All Fields] OR ""intestinal mucosal barrier""[All Fields] OR ""mucosal barrier""[All Fields])","(""Shanyao""[All Fields] OR ""Rhizoma Dioscoreae""[All Fields] OR ""Dioscorea opposita""[All Fields]) AND (""Shengjiang""[All Fields] OR ""Zingiber Officinale Roscoe""[All Fields] OR ""Zingiber officinale""[All Fields]) AND (""colitis, ulcerative""[MeSH Terms] OR ""ulcerative colitis""[All Fields] OR ""colitis""[All Fields] OR ""intestinal barrier""[All Fields] OR ""gut barrier""[All Fields] OR ""intestinal mucosa""[All Fields] OR ""intestinal mucosal barrier""[All Fields] OR ""mucosal barrier""[All Fields])",0,0,True,,data\formal_analysis\genecards_multisource_pairs_20_strict\pubmed_all_pair_evidence\raw\run_20260926T115108Z\rank_77\broad_all_fields\esearch_request.json,a80d8ac198899e2ebb57163bbedd23be4ba380402af7100ce3829bf3c5a816d4,data\formal_analysis\genecards_multisource_pairs_20_strict\pubmed_all_pair_evidence\raw\run_20260926T115108Z\rank_77\broad_all_fields\esearch_response.json,b64b1089597161fbd13190a00f337000b92084b66e55b0486f31d386cf00e3d2,data\formal_analysis\genecards_multisource_pairs_20_strict\pubmed_all_pair_evidence\raw\run_20260926T115108Z\rank_77\broad_all_fields\parsed_articles.json,4f53cda18c2baa0c0354bb5f9a3ecbe5ed12ab4d8e11ba873c2f11161202b945,,,,
run_20260926T115108Z,2026-09-26T11:51:08.948468+00:00,78,山药,砂仁,山药＋砂仁,strict_title_abstract,Title/Abstract,"(""Shanyao""[Title/Abstract] OR ""Rhizoma Dioscoreae""[Title/Abstract] OR ""Dioscorea opposita""[Title/Abstract]) AND (""Sharen""[Title/Abstract] OR ""Amomum Aurantiacum H. T. Tsai Et S. W. Zhao""[Title/Abstract] OR ""Amomum villosum""[Title/Abstract]) AND (""Colitis, Ulcerative""[MeSH Terms] OR ""ulcerative colitis""[Title/Abstract] OR ""colitis""[Title/Abstract] OR ""intestinal barrier""[Title/Abstract] OR ""gut barrier""[Title/Abstract] OR ""intestinal mucosa""[Title/Abstract] OR ""intestinal mucosal barrier""[Title/Abstract] OR ""mucosal barrier""[Title/Abstract])","(""Shanyao""[Title/Abstract] OR ""Rhizoma Dioscoreae""[Title/Abstract] OR ""Dioscorea opposita""[Title/Abstract]) AND (""Sharen""[Title/Abstract] OR ""Amomum villosum""[Title/Abstract]) AND (""colitis, ulcerative""[MeSH Terms] OR ""ulcerative colitis""[Title/Abstract] OR ""colitis""[Title/Abstract] OR ""intestinal barrier""[Title/Abstract] OR ""gut barrier""[Title/Abstract] OR ""intestinal mucosa""[Title/Abstract] OR ""intestinal mucosal barrier""[Title/Abstract] OR ""mucosal barrier""[Title/Abstract])",0,0,True,,data\formal_analysis\genecards_multisource_pairs_20_strict\pubmed_all_pair_evidence\raw\run_20260926T115108Z\rank_78\strict_title_abstract\esearch_request.json,8b566f665b3e2ff8ce9a914b47e1aa639dc28ad9908df16c12f47545fc59a03f,data\formal_analysis\genecards_multisource_pairs_20_strict\pubmed_all_pair_evidence\raw\run_20260926T115108Z\rank_78\strict_title_abstract\esearch_response.json,68615fe949ba5d14767aaeebb05de125125edb0375262b0225e4b4017b28b4f3,data\formal_analysis\genecards_multisource_pairs_20_strict\pubmed_all_pair_evidence\raw\run_20260926T115108Z\rank_78\strict_title_abstract\parsed_articles.json,4f53cda18c2baa0c0354bb5f9a3ecbe5ed12ab4d8e11ba873c2f11161202b945,,,,
run_20260926T115108Z,2026-09-26T11:51:08.948468+00:00,78,山药,砂仁,山药＋砂仁,broad_all_fields,All Fields,"(""Shanyao""[All Fields] OR ""Rhizoma Dioscoreae""[All Fields] OR ""Dioscorea opposita""[All Fields]) AND (""Sharen""[All Fields] OR ""Amomum Aurantiacum H. T. Tsai Et S. W. Zhao""[All Fields] OR ""Amomum villosum""[All Fields]) AND (""Colitis, Ulcerative""[MeSH Terms] OR ""ulcerative colitis""[All Fields] OR ""colitis""[All Fields] OR ""intestinal barrier""[All Fields] OR ""gut barrier""[All Fields] OR ""intestinal mucosa""[All Fields] OR ""intestinal mucosal barrier""[All Fields] OR ""mucosal barrier""[All Fields])","(""Shanyao""[All Fields] OR ""Rhizoma Dioscoreae""[All Fields] OR ""Dioscorea opposita""[All Fields]) AND (""Sharen""[All Fields] OR ""Amomum villosum""[All Fields]) AND (""colitis, ulcerative""[MeSH Terms] OR ""ulcerative colitis""[All Fields] OR ""colitis""[All Fields] OR ""intestinal barrier""[All Fields] OR ""gut barrier""[All Fields] OR ""intestinal mucosa""[All Fields] OR ""intestinal mucosal barrier""[All Fields] OR ""mucosal barrier""[All Fields])",0,0,True,,data\formal_analysis\genecards_multisource_pairs_20_strict\pubmed_all_pair_evidence\raw\run_20260926T115108Z\rank_78\broad_all_fields\esearch_request.json,35581c350333f3e7bdc2aac53350fa199b2981766f360d2c687eb42345117902,data\formal_analysis\genecards_multisource_pairs_20_strict\pubmed_all_pair_evidence\raw\run_20260926T115108Z\rank_78\broad_all_fields\esearch_response.json,711eb0d5cbe0ed24c9a97a036c6bb2757d489a33f876c08acf559cc3adfdc5ec,data\formal_analysis\genecards_multisource_pairs_20_strict\pubmed_all_pair_evidence\raw\run_20260926T115108Z\rank_78\broad_all_fields\parsed_articles.json,4f53cda18c2baa0c0354bb5f9a3ecbe5ed12ab4d8e11ba873c2f11161202b945,,,,
run_20260926T115108Z,2026-09-26T11:51:08.948468+00:00,79,茯苓,莲子,茯苓＋莲子,strict_title_abstract,Title/Abstract,"(""Fuling""[Title/Abstract] OR ""Poria Cocos(Schw.) Wolf.""[Title/Abstract] OR ""Poria cocos""[Title/Abstract]) AND (""LianZi""[Title/Abstract] OR ""Nelumbo nucifera Gaertn.""[Title/Abstract] OR ""Nelumbo nucifera""[Title/Abstract]) AND (""Colitis, Ulcerative""[MeSH Terms] OR ""ulcerative colitis""[Title/Abstract] OR ""colitis""[Title/Abstract] OR ""intestinal barrier""[Title/Abstract] OR ""gut barrier""[Title/Abstract] OR ""intestinal mucosa""[Title/Abstract] OR ""intestinal mucosal barrier""[Title/Abstract] OR ""mucosal barrier""[Title/Abstract])","(""Fuling""[Title/Abstract] OR ""poria cocos schw wolf""[Title/Abstract] OR ""poria cocos""[Title/Abstract]) AND (""LianZi""[Title/Abstract] OR ""nelumbo nucifera gaertn""[Title/Abstract] OR ""Nelumbo nucifera""[Title/Abstract]) AND (""colitis, ulcerative""[MeSH Terms] OR ""ulcerative colitis""[Title/Abstract] OR ""colitis""[Title/Abstract] OR ""intestinal barrier""[Title/Abstract] OR ""gut barrier""[Title/Abstract] OR ""intestinal mucosa""[Title/Abstract] OR ""intestinal mucosal barrier""[Title/Abstract] OR ""mucosal barrier""[Title/Abstract])",0,0,True,,data\formal_analysis\genecards_multisource_pairs_20_strict\pubmed_all_pair_evidence\raw\run_20260926T115108Z\rank_79\strict_title_abstract\esearch_request.json,62d09f9390b45b2f0fee6be598587644aebedf84a5249411cb847897b2e24cef,data\formal_analysis\genecards_multisource_pairs_20_strict\pubmed_all_pair_evidence\raw\run_20260926T115108Z\rank_79\strict_title_abstract\esearch_response.json,dd8ee029bb39e149229184490ef2e6fe7e327dc553faf3f4f8e9bd46388165ad,data\formal_analysis\genecards_multisource_pairs_20_strict\pubmed_all_pair_evidence\raw\run_20260926T115108Z\rank_79\strict_title_abstract\parsed_articles.json,4f53cda18c2baa0c0354bb5f9a3ecbe5ed12ab4d8e11ba873c2f11161202b945,,,,
run_20260926T115108Z,2026-09-26T11:51:08.948468+00:00,79,茯苓,莲子,茯苓＋莲子,broad_all_fields,All Fields,"(""Fuling""[All Fields] OR ""Poria Cocos(Schw.) Wolf.""[All Fields] OR ""Poria cocos""[All Fields]) AND (""LianZi""[All Fields] OR ""Nelumbo nucifera Gaertn.""[All Fields] OR ""Nelumbo nucifera""[All Fields]) AND (""Colitis, Ulcerative""[MeSH Terms] OR ""ulcerative colitis""[All Fields] OR ""colitis""[All Fields] OR ""intestinal barrier""[All Fields] OR ""gut barrier""[All Fields] OR ""intestinal mucosa""[All Fields] OR ""intestinal mucosal barrier""[All Fields] OR ""mucosal barrier""[All Fields])","(""Fuling""[All Fields] OR ""poria cocos schw wolf""[All Fields] OR ""poria cocos""[All Fields]) AND (""LianZi""[All Fields] OR ""nelumbo nucifera gaertn""[All Fields] OR ""Nelumbo nucifera""[All Fields]) AND (""colitis, ulcerative""[MeSH Terms] OR ""ulcerative colitis""[All Fields] OR ""colitis""[All Fields] OR ""intestinal barrier""[All Fields] OR ""gut barrier""[All Fields] OR ""intestinal mucosa""[All Fields] OR ""intestinal mucosal barrier""[All Fields] OR ""mucosal barrier""[All Fields])",0,0,True,,data\formal_analysis\genecards_multisource_pairs_20_strict\pubmed_all_pair_evidence\raw\run_20260926T115108Z\rank_79\broad_all_fields\esearch_request.json,ccf89f0639064a2bd3310fd75debe45d1b9d30a72b149a15bb368d9a72ed5554,data\formal_analysis\genecards_multisource_pairs_20_strict\pubmed_all_pair_evidence\raw\run_20260926T115108Z\rank_79\broad_all_fields\esearch_response.json,60a9e9d2f45fb9775ff33c72e1e466cd3053fa7d96f9e46608d10e72c4fad987,data\formal_analysis\genecards_multisource_pairs_20_strict\pubmed_all_pair_evidence\raw\run_20260926T115108Z\rank_79\broad_all_fields\parsed_articles.json,4f53cda18c2baa0c0354bb5f9a3ecbe5ed12ab4d8e11ba873c2f11161202b945,,,,
run_20260926T115108Z,2026-09-26T11:51:08.948468+00:00,80,白扁豆,陈皮,白扁豆＋陈皮,strict_title_abstract,Title/Abstract,"(""Baibiandou""[Title/Abstract] OR ""Lablab Semen Album""[Title/Abstract] OR ""Dolichos lablab""[Title/Abstract]) AND (""Chenpi""[Title/Abstract] OR ""Citrus Reticulata""[Title/Abstract]) AND (""Colitis, Ulcerative""[MeSH Terms] OR ""ulcerative colitis""[Title/Abstract] OR ""colitis""[Title/Abstract] OR ""intestinal barrier""[Title/Abstract] OR ""gut barrier""[Title/Abstract] OR ""intestinal mucosa""[Title/Abstract] OR ""intestinal mucosal barrier""[Title/Abstract] OR ""mucosal barrier""[Title/Abstract])","(""Baibiandou""[Title/Abstract] OR ""Lablab Semen Album""[Title/Abstract] OR ""Dolichos lablab""[Title/Abstract]) AND (""Chenpi""[Title/Abstract] OR ""Citrus Reticulata""[Title/Abstract]) AND (""colitis, ulcerative""[MeSH Terms] OR ""ulcerative colitis""[Title/Abstract] OR ""colitis""[Title/Abstract] OR ""intestinal barrier""[Title/Abstract] OR ""gut barrier""[Title/Abstract] OR ""intestinal mucosa""[Title/Abstract] OR ""intestinal mucosal barrier""[Title/Abstract] OR ""mucosal barrier""[Title/Abstract])",0,0,True,,data\formal_analysis\genecards_multisource_pairs_20_strict\pubmed_all_pair_evidence\raw\run_20260926T115108Z\rank_80\strict_title_abstract\esearch_request.json,b735607629d6d8a29cc3dfec1f8fce5ebbd6c20609c07811ae44f8f7e6433e4f,data\formal_analysis\genecards_multisource_pairs_20_strict\pubmed_all_pair_evidence\raw\run_20260926T115108Z\rank_80\strict_title_abstract\esearch_response.json,7dc4645bbf9c4e893f0a505c6d8b78274dce47b4aeb3651c957b50840e0c895b,data\formal_analysis\genecards_multisource_pairs_20_strict\pubmed_all_pair_evidence\raw\run_20260926T115108Z\rank_80\strict_title_abstract\parsed_articles.json,4f53cda18c2baa0c0354bb5f9a3ecbe5ed12ab4d8e11ba873c2f11161202b945,,,,
run_20260926T115108Z,2026-09-26T11:51:08.948468+00:00,80,白扁豆,陈皮,白扁豆＋陈皮,broad_all_fields,All Fields,"(""Baibiandou""[All Fields] OR ""Lablab Semen Album""[All Fields] OR ""Dolichos lablab""[All Fields]) AND (""Chenpi""[All Fields] OR ""Citrus Reticulata""[All Fields]) AND (""Colitis, Ulcerative""[MeSH Terms] OR ""ulcerative colitis""[All Fields] OR ""colitis""[All Fields] OR ""intestinal barrier""[All Fields] OR ""gut barrier""[All Fields] OR ""intestinal mucosa""[All Fields] OR ""intestinal mucosal barrier""[All Fields] OR ""mucosal barrier""[All Fields])","(""Baibiandou""[All Fields] OR ""Lablab Semen Album""[All Fields] OR ""Dolichos lablab""[All Fields]) AND (""Chenpi""[All Fields] OR ""Citrus Reticulata""[All Fields]) AND (""colitis, ulcerative""[MeSH Terms] OR ""ulcerative colitis""[All Fields] OR ""colitis""[All Fields] OR ""intestinal barrier""[All Fields] OR ""gut barrier""[All Fields] OR ""intestinal mucosa""[All Fields] OR ""intestinal mucosal barrier""[All Fields] OR ""mucosal barrier""[All Fields])",0,0,True,,data\formal_analysis\genecards_multisource_pairs_20_strict\pubmed_all_pair_evidence\raw\run_20260926T115108Z\rank_80\broad_all_fields\esearch_request.json,28cda2331f2fec31b0e237a5442492c0ce7767a4918f661deb8ff4a676cd0e0a,data\formal_analysis\genecards_multisource_pairs_20_strict\pubmed_all_pair_evidence\raw\run_20260926T115108Z\rank_80\broad_all_fields\esearch_response.json,6ece2b156b94156800ce63aa242a07fd82298c8b98b8a4fb8004acd35a47cba4,data\formal_analysis\genecards_multisource_pairs_20_strict\pubmed_all_pair_evidence\raw\run_20260926T115108Z\rank_80\broad_all_fields\parsed_articles.json,4f53cda18c2baa0c0354bb5f9a3ecbe5ed12ab4d8e11ba873c2f11161202b945,,,,
run_20260926T115108Z,2026-09-26T11:51:08.948468+00:00,81,芡实,陈皮,芡实＋陈皮,strict_title_abstract,Title/Abstract,"(""Qianshi""[Title/Abstract] OR ""Euryales Semen""[Title/Abstract] OR ""Euryale ferox""[Title/Abstract]) AND (""Chenpi""[Title/Abstract] OR ""Citrus Reticulata""[Title/Abstract]) AND (""Colitis, Ulcerative""[MeSH Terms] OR ""ulcerative colitis""[Title/Abstract] OR ""colitis""[Title/Abstract] OR ""intestinal barrier""[Title/Abstract] OR ""gut barrier""[Title/Abstract] OR ""intestinal mucosa""[Title/Abstract] OR ""intestinal mucosal barrier""[Title/Abstract] OR ""mucosal barrier""[Title/Abstract])","(""Qianshi""[Title/Abstract] OR ""Euryales Semen""[Title/Abstract] OR ""Euryale ferox""[Title/Abstract]) AND (""Chenpi""[Title/Abstract] OR ""Citrus Reticulata""[Title/Abstract]) AND (""colitis, ulcerative""[MeSH Terms] OR ""ulcerative colitis""[Title/Abstract] OR ""colitis""[Title/Abstract] OR ""intestinal barrier""[Title/Abstract] OR ""gut barrier""[Title/Abstract] OR ""intestinal mucosa""[Title/Abstract] OR ""intestinal mucosal barrier""[Title/Abstract] OR ""mucosal barrier""[Title/Abstract])",0,0,True,,data\formal_analysis\genecards_multisource_pairs_20_strict\pubmed_all_pair_evidence\raw\run_20260926T115108Z\rank_81\strict_title_abstract\esearch_request.json,9823b0a27e6e033a2b045d980dddac28eb66d38291c4d2d553fb0939bad379d9,data\formal_analysis\genecards_multisource_pairs_20_strict\pubmed_all_pair_evidence\raw\run_20260926T115108Z\rank_81\strict_title_abstract\esearch_response.json,76ab1a2ffb54c6a1244b6d3e9f74b62c5cac906a8ab6aef20cf73a36e6b8d000,data\formal_analysis\genecards_multisource_pairs_20_strict\pubmed_all_pair_evidence\raw\run_20260926T115108Z\rank_81\strict_title_abstract\parsed_articles.json,4f53cda18c2baa0c0354bb5f9a3ecbe5ed12ab4d8e11ba873c2f11161202b945,,,,
run_20260926T115108Z,2026-09-26T11:51:08.948468+00:00,81,芡实,陈皮,芡实＋陈皮,broad_all_fields,All Fields,"(""Qianshi""[All Fields] OR ""Euryales Semen""[All Fields] OR ""Euryale ferox""[All Fields]) AND (""Chenpi""[All Fields] OR ""Citrus Reticulata""[All Fields]) AND (""Colitis, Ulcerative""[MeSH Terms] OR ""ulcerative colitis""[All Fields] OR ""colitis""[All Fields] OR ""intestinal barrier""[All Fields] OR ""gut barrier""[All Fields] OR ""intestinal mucosa""[All Fields] OR ""intestinal mucosal barrier""[All Fields] OR ""mucosal barrier""[All Fields])","(""Qianshi""[All Fields] OR ""Euryales Semen""[All Fields] OR ""Euryale ferox""[All Fields]) AND (""Chenpi""[All Fields] OR ""Citrus Reticulata""[All Fields]) AND (""colitis, ulcerative""[MeSH Terms] OR ""ulcerative colitis""[All Fields] OR ""colitis""[All Fields] OR ""intestinal barrier""[All Fields] OR ""gut barrier""[All Fields] OR ""intestinal mucosa""[All Fields] OR ""intestinal mucosal barrier""[All Fields] OR ""mucosal barrier""[All Fields])",0,0,True,,data\formal_analysis\genecards_multisource_pairs_20_strict\pubmed_all_pair_evidence\raw\run_20260926T115108Z\rank_81\broad_all_fields\esearch_request.json,ba5ac401b7d9df1fa5899c4084c85625e2b99da2ec6be56791ff793ffde7faf9,data\formal_analysis\genecards_multisource_pairs_20_strict\pubmed_all_pair_evidence\raw\run_20260926T115108Z\rank_81\broad_all_fields\esearch_response.json,0a3954720fff94015fda30fe1b7b47278820b953616bcd2a45571615ce1288af,data\formal_analysis\genecards_multisource_pairs_20_strict\pubmed_all_pair_evidence\raw\run_20260926T115108Z\rank_81\broad_all_fields\parsed_articles.json,4f53cda18c2baa0c0354bb5f9a3ecbe5ed12ab4d8e11ba873c2f11161202b945,,,,
run_20260926T115108Z,2026-09-26T11:51:08.948468+00:00,82,金银花,甘草,金银花＋甘草,strict_title_abstract,Title/Abstract,"(""Jinyinhua""[Title/Abstract] OR ""Lonicerae Japonicae Flos""[Title/Abstract] OR ""Lonicera japonica""[Title/Abstract]) AND (""Gancao""[Title/Abstract] OR ""licorice""[Title/Abstract] OR ""Glycyrrhiza uralensis""[Title/Abstract] OR ""Glycyrrhiza inflata""[Title/Abstract] OR ""Glycyrrhiza glabra""[Title/Abstract]) AND (""Colitis, Ulcerative""[MeSH Terms] OR ""ulcerative colitis""[Title/Abstract] OR ""colitis""[Title/Abstract] OR ""intestinal barrier""[Title/Abstract] OR ""gut barrier""[Title/Abstract] OR ""intestinal mucosa""[Title/Abstract] OR ""intestinal mucosal barrier""[Title/Abstract] OR ""mucosal barrier""[Title/Abstract])","(""Jinyinhua""[Title/Abstract] OR ""Lonicerae Japonicae Flos""[Title/Abstract] OR ""Lonicera japonica""[Title/Abstract]) AND (""Gancao""[Title/Abstract] OR ""licorice""[Title/Abstract] OR ""Glycyrrhiza uralensis""[Title/Abstract] OR ""Glycyrrhiza inflata""[Title/Abstract] OR ""Glycyrrhiza glabra""[Title/Abstract]) AND (""colitis, ulcerative""[MeSH Terms] OR ""ulcerative colitis""[Title/Abstract] OR ""colitis""[Title/Abstract] OR ""intestinal barrier""[Title/Abstract] OR ""gut barrier""[Title/Abstract] OR ""intestinal mucosa""[Title/Abstract] OR ""intestinal mucosal barrier""[Title/Abstract] OR ""mucosal barrier""[Title/Abstract])",0,0,True,,data\formal_analysis\genecards_multisource_pairs_20_strict\pubmed_all_pair_evidence\raw\run_20260926T115108Z\rank_82\strict_title_abstract\esearch_request.json,269873129f311f94f9fc32391daad3216726b3bf1b6b06c45b4de3d5a1592e33,data\formal_analysis\genecards_multisource_pairs_20_strict\pubmed_all_pair_evidence\raw\run_20260926T115108Z\rank_82\strict_title_abstract\esearch_response.json,b3838e69595692e367db0a433a4fe0ace783a1d6d9ef29adec342713227d6997,data\formal_analysis\genecards_multisource_pairs_20_strict\pubmed_all_pair_evidence\raw\run_20260926T115108Z\rank_82\strict_title_abstract\parsed_articles.json,4f53cda18c2baa0c0354bb5f9a3ecbe5ed12ab4d8e11ba873c2f11161202b945,,,,
run_20260926T115108Z,2026-09-26T11:51:08.948468+00:00,82,金银花,甘草,金银花＋甘草,broad_all_fields,All Fields,"(""Jinyinhua""[All Fields] OR ""Lonicerae Japonicae Flos""[All Fields] OR ""Lonicera japonica""[All Fields]) AND (""Gancao""[All Fields] OR ""licorice""[All Fields] OR ""Glycyrrhiza uralensis""[All Fields] OR ""Glycyrrhiza inflata""[All Fields] OR ""Glycyrrhiza glabra""[All Fields]) AND (""Colitis, Ulcerative""[MeSH Terms] OR ""ulcerative colitis""[All Fields] OR ""colitis""[All Fields] OR ""intestinal barrier""[All Fields] OR ""gut barrier""[All Fields] OR ""intestinal mucosa""[All Fields] OR ""intestinal mucosal barrier""[All Fields] OR ""mucosal barrier""[All Fields])","(""Jinyinhua""[All Fields] OR ""Lonicerae Japonicae Flos""[All Fields] OR ""Lonicera japonica""[All Fields]) AND (""Gancao""[All Fields] OR ""licorice""[All Fields] OR ""Glycyrrhiza uralensis""[All Fields] OR ""Glycyrrhiza inflata""[All Fields] OR ""Glycyrrhiza glabra""[All Fields]) AND (""colitis, ulcerative""[MeSH Terms] OR ""ulcerative colitis""[All Fields] OR ""colitis""[All Fields] OR ""intestinal barrier""[All Fields] OR ""gut barrier""[All Fields] OR ""intestinal mucosa""[All Fields] OR ""intestinal mucosal barrier""[All Fields] OR ""mucosal barrier""[All Fields])",0,0,True,,data\formal_analysis\genecards_multisource_pairs_20_strict\pubmed_all_pair_evidence\raw\run_20260926T115108Z\rank_82\broad_all_fields\esearch_request.json,6b7c77c648769481359e52ddb8fb4454a7af1774025cf2593b2fd40ec6f7931c,data\formal_analysis\genecards_multisource_pairs_20_strict\pubmed_all_pair_evidence\raw\run_20260926T115108Z\rank_82\broad_all_fields\esearch_response.json,cebe0a4c6cfdcc24b6f6e3f0a0ddf9ac163cc5cbb910c1774a575ff669972052,data\formal_analysis\genecards_multisource_pairs_20_strict\pubmed_all_pair_evidence\raw\run_20260926T115108Z\rank_82\broad_all_fields\parsed_articles.json,4f53cda18c2baa0c0354bb5f9a3ecbe5ed12ab4d8e11ba873c2f11161202b945,,,,
run_20260926T115108Z,2026-09-26T11:51:08.948468+00:00,83,马齿苋,甘草,马齿苋＋甘草,strict_title_abstract,Title/Abstract,"(""Machixian""[Title/Abstract] OR ""Portulacae Herba""[Title/Abstract] OR ""Portulaca oleracea""[Title/Abstract]) AND (""Gancao""[Title/Abstract] OR ""licorice""[Title/Abstract] OR ""Glycyrrhiza uralensis""[Title/Abstract] OR ""Glycyrrhiza inflata""[Title/Abstract] OR ""Glycyrrhiza glabra""[Title/Abstract]) AND (""Colitis, Ulcerative""[MeSH Terms] OR ""ulcerative colitis""[Title/Abstract] OR ""colitis""[Title/Abstract] OR ""intestinal barrier""[Title/Abstract] OR ""gut barrier""[Title/Abstract] OR ""intestinal mucosa""[Title/Abstract] OR ""intestinal mucosal barrier""[Title/Abstract] OR ""mucosal barrier""[Title/Abstract])","(""Machixian""[Title/Abstract] OR ""Portulacae Herba""[Title/Abstract] OR ""Portulaca oleracea""[Title/Abstract]) AND (""Gancao""[Title/Abstract] OR ""licorice""[Title/Abstract] OR ""Glycyrrhiza uralensis""[Title/Abstract] OR ""Glycyrrhiza inflata""[Title/Abstract] OR ""Glycyrrhiza glabra""[Title/Abstract]) AND (""colitis, ulcerative""[MeSH Terms] OR ""ulcerative colitis""[Title/Abstract] OR ""colitis""[Title/Abstract] OR ""intestinal barrier""[Title/Abstract] OR ""gut barrier""[Title/Abstract] OR ""intestinal mucosa""[Title/Abstract] OR ""intestinal mucosal barrier""[Title/Abstract] OR ""mucosal barrier""[Title/Abstract])",0,0,True,,data\formal_analysis\genecards_multisource_pairs_20_strict\pubmed_all_pair_evidence\raw\run_20260926T115108Z\rank_83\strict_title_abstract\esearch_request.json,c07f1fbc6bdb64ae387ac84c8d5f5a23df6c38344219a4a0937847817b9be01e,data\formal_analysis\genecards_multisource_pairs_20_strict\pubmed_all_pair_evidence\raw\run_20260926T115108Z\rank_83\strict_title_abstract\esearch_response.json,526169a725c6d93c04a392bd6ece3fa762842914b987d4fe60c852d68cab69fa,data\formal_analysis\genecards_multisource_pairs_20_strict\pubmed_all_pair_evidence\raw\run_20260926T115108Z\rank_83\strict_title_abstract\parsed_articles.json,4f53cda18c2baa0c0354bb5f9a3ecbe5ed12ab4d8e11ba873c2f11161202b945,,,,
run_20260926T115108Z,2026-09-26T11:51:08.948468+00:00,83,马齿苋,甘草,马齿苋＋甘草,broad_all_fields,All Fields,"(""Machixian""[All Fields] OR ""Portulacae Herba""[All Fields] OR ""Portulaca oleracea""[All Fields]) AND (""Gancao""[All Fields] OR ""licorice""[All Fields] OR ""Glycyrrhiza uralensis""[All Fields] OR ""Glycyrrhiza inflata""[All Fields] OR ""Glycyrrhiza glabra""[All Fields]) AND (""Colitis, Ulcerative""[MeSH Terms] OR ""ulcerative colitis""[All Fields] OR ""colitis""[All Fields] OR ""intestinal barrier""[All Fields] OR ""gut barrier""[All Fields] OR ""intestinal mucosa""[All Fields] OR ""intestinal mucosal barrier""[All Fields] OR ""mucosal barrier""[All Fields])","(""Machixian""[All Fields] OR ""Portulacae Herba""[All Fields] OR ""Portulaca oleracea""[All Fields]) AND (""Gancao""[All Fields] OR ""licorice""[All Fields] OR ""Glycyrrhiza uralensis""[All Fields] OR ""Glycyrrhiza inflata""[All Fields] OR ""Glycyrrhiza glabra""[All Fields]) AND (""colitis, ulcerative""[MeSH Terms] OR ""ulcerative colitis""[All Fields] OR ""colitis""[All Fields] OR ""intestinal barrier""[All Fields] OR ""gut barrier""[All Fields] OR ""intestinal mucosa""[All Fields] OR ""intestinal mucosal barrier""[All Fields] OR ""mucosal barrier""[All Fields])",0,0,True,,data\formal_analysis\genecards_multisource_pairs_20_strict\pubmed_all_pair_evidence\raw\run_20260926T115108Z\rank_83\broad_all_fields\esearch_request.json,879866082e228b7fd961fda56d50733deb5ed48ca45b2c7b2612e3a60f74cfa2,data\formal_analysis\genecards_multisource_pairs_20_strict\pubmed_all_pair_evidence\raw\run_20260926T115108Z\rank_83\broad_all_fields\esearch_response.json,1d2e31f403834c75d74575f5a80b6d4e229e0bfa4a7ba3395610d80b097b8e20,data\formal_analysis\genecards_multisource_pairs_20_strict\pubmed_all_pair_evidence\raw\run_20260926T115108Z\rank_83\broad_all_fields\parsed_articles.json,4f53cda18c2baa0c0354bb5f9a3ecbe5ed12ab4d8e11ba873c2f11161202b945,,,,
run_20260926T115108Z,2026-09-26T11:51:08.948468+00:00,84,薏苡仁,莲子,薏苡仁＋莲子,strict_title_abstract,Title/Abstract,"(""Yiyiren""[Title/Abstract] OR ""Coicis Semen""[Title/Abstract] OR ""Coix lacryma-jobi""[Title/Abstract]) AND (""LianZi""[Title/Abstract] OR ""Nelumbo nucifera Gaertn.""[Title/Abstract] OR ""Nelumbo nucifera""[Title/Abstract]) AND (""Colitis, Ulcerative""[MeSH Terms] OR ""ulcerative colitis""[Title/Abstract] OR ""colitis""[Title/Abstract] OR ""intestinal barrier""[Title/Abstract] OR ""gut barrier""[Title/Abstract] OR ""intestinal mucosa""[Title/Abstract] OR ""intestinal mucosal barrier""[Title/Abstract] OR ""mucosal barrier""[Title/Abstract])","(""Yiyiren""[Title/Abstract] OR ""Coicis Semen""[Title/Abstract] OR ""Coix lacryma-jobi""[Title/Abstract]) AND (""LianZi""[Title/Abstract] OR ""nelumbo nucifera gaertn""[Title/Abstract] OR ""Nelumbo nucifera""[Title/Abstract]) AND (""colitis, ulcerative""[MeSH Terms] OR ""ulcerative colitis""[Title/Abstract] OR ""colitis""[Title/Abstract] OR ""intestinal barrier""[Title/Abstract] OR ""gut barrier""[Title/Abstract] OR ""intestinal mucosa""[Title/Abstract] OR ""intestinal mucosal barrier""[Title/Abstract] OR ""mucosal barrier""[Title/Abstract])",0,0,True,,data\formal_analysis\genecards_multisource_pairs_20_strict\pubmed_all_pair_evidence\raw\run_20260926T115108Z\rank_84\strict_title_abstract\esearch_request.json,e98f9ef0b8c98a77203a45c6779b8efe4ed3a8025e9e87ebebc37d942e3cae10,data\formal_analysis\genecards_multisource_pairs_20_strict\pubmed_all_pair_evidence\raw\run_20260926T115108Z\rank_84\strict_title_abstract\esearch_response.json,25f2740c016bd544fc3b30cd3790d9c4ff206413d98d657c7da7b042f6cd4786,data\formal_analysis\genecards_multisource_pairs_20_strict\pubmed_all_pair_evidence\raw\run_20260926T115108Z\rank_84\strict_title_abstract\parsed_articles.json,4f53cda18c2baa0c0354bb5f9a3ecbe5ed12ab4d8e11ba873c2f11161202b945,,,,
run_20260926T115108Z,2026-09-26T11:51:08.948468+00:00,84,薏苡仁,莲子,薏苡仁＋莲子,broad_all_fields,All Fields,"(""Yiyiren""[All Fields] OR ""Coicis Semen""[All Fields] OR ""Coix lacryma-jobi""[All Fields]) AND (""LianZi""[All Fields] OR ""Nelumbo nucifera Gaertn.""[All Fields] OR ""Nelumbo nucifera""[All Fields]) AND (""Colitis, Ulcerative""[MeSH Terms] OR ""ulcerative colitis""[All Fields] OR ""colitis""[All Fields] OR ""intestinal barrier""[All Fields] OR ""gut barrier""[All Fields] OR ""intestinal mucosa""[All Fields] OR ""intestinal mucosal barrier""[All Fields] OR ""mucosal barrier""[All Fields])","(""Yiyiren""[All Fields] OR ""Coicis Semen""[All Fields] OR ""Coix lacryma-jobi""[All Fields]) AND (""LianZi""[All Fields] OR ""nelumbo nucifera gaertn""[All Fields] OR ""Nelumbo nucifera""[All Fields]) AND (""colitis, ulcerative""[MeSH Terms] OR ""ulcerative colitis""[All Fields] OR ""colitis""[All Fields] OR ""intestinal barrier""[All Fields] OR ""gut barrier""[All Fields] OR ""intestinal mucosa""[All Fields] OR ""intestinal mucosal barrier""[All Fields] OR ""mucosal barrier""[All Fields])",0,0,True,,data\formal_analysis\genecards_multisource_pairs_20_strict\pubmed_all_pair_evidence\raw\run_20260926T115108Z\rank_84\broad_all_fields\esearch_request.json,40aac411bf4a730c43922aac7a2774f4a092accf1a6aaf9f37c10944ffc208aa,data\formal_analysis\genecards_multisource_pairs_20_strict\pubmed_all_pair_evidence\raw\run_20260926T115108Z\rank_84\broad_all_fields\esearch_response.json,b7387fa8794f538d5fe28ce121c155bca011385350f168f89744afa1c08a118c,data\formal_analysis\genecards_multisource_pairs_20_strict\pubmed_all_pair_evidence\raw\run_20260926T115108Z\rank_84\broad_all_fields\parsed_articles.json,4f53cda18c2baa0c0354bb5f9a3ecbe5ed12ab4d8e11ba873c2f11161202b945,,,,
run_20260926T115108Z,2026-09-26T11:51:08.948468+00:00,85,陈皮,生姜,陈皮＋生姜,strict_title_abstract,Title/Abstract,"(""Chenpi""[Title/Abstract] OR ""Citrus Reticulata""[Title/Abstract]) AND (""Shengjiang""[Title/Abstract] OR ""Zingiber Officinale Roscoe""[Title/Abstract] OR ""Zingiber officinale""[Title/Abstract]) AND (""Colitis, Ulcerative""[MeSH Terms] OR ""ulcerative colitis""[Title/Abstract] OR ""colitis""[Title/Abstract] OR ""intestinal barrier""[Title/Abstract] OR ""gut barrier""[Title/Abstract] OR ""intestinal mucosa""[Title/Abstract] OR ""intestinal mucosal barrier""[Title/Abstract] OR ""mucosal barrier""[Title/Abstract])","(""Chenpi""[Title/Abstract] OR ""Citrus Reticulata""[Title/Abstract]) AND (""Shengjiang""[Title/Abstract] OR ""Zingiber Officinale Roscoe""[Title/Abstract] OR ""Zingiber officinale""[Title/Abstract]) AND (""colitis, ulcerative""[MeSH Terms] OR ""ulcerative colitis""[Title/Abstract] OR ""colitis""[Title/Abstract] OR ""intestinal barrier""[Title/Abstract] OR ""gut barrier""[Title/Abstract] OR ""intestinal mucosa""[Title/Abstract] OR ""intestinal mucosal barrier""[Title/Abstract] OR ""mucosal barrier""[Title/Abstract])",0,0,True,,data\formal_analysis\genecards_multisource_pairs_20_strict\pubmed_all_pair_evidence\raw\run_20260926T115108Z\rank_85\strict_title_abstract\esearch_request.json,4424ff20df9096428cd55304188f01e8746bfe9fa040d9882d5b7f00800c73f1,data\formal_analysis\genecards_multisource_pairs_20_strict\pubmed_all_pair_evidence\raw\run_20260926T115108Z\rank_85\strict_title_abstract\esearch_response.json,94ab8946faaa130ea1c445fc58281f5ac9fc534501c185e6891ab527ae326e55,data\formal_analysis\genecards_multisource_pairs_20_strict\pubmed_all_pair_evidence\raw\run_20260926T115108Z\rank_85\strict_title_abstract\parsed_articles.json,4f53cda18c2baa0c0354bb5f9a3ecbe5ed12ab4d8e11ba873c2f11161202b945,,,,
run_20260926T115108Z,2026-09-26T11:51:08.948468+00:00,85,陈皮,生姜,陈皮＋生姜,broad_all_fields,All Fields,"(""Chenpi""[All Fields] OR ""Citrus Reticulata""[All Fields]) AND (""Shengjiang""[All Fields] OR ""Zingiber Officinale Roscoe""[All Fields] OR ""Zingiber officinale""[All Fields]) AND (""Colitis, Ulcerative""[MeSH Terms] OR ""ulcerative colitis""[All Fields] OR ""colitis""[All Fields] OR ""intestinal barrier""[All Fields] OR ""gut barrier""[All Fields] OR ""intestinal mucosa""[All Fields] OR ""intestinal mucosal barrier""[All Fields] OR ""mucosal barrier""[All Fields])","(""Chenpi""[All Fields] OR ""Citrus Reticulata""[All Fields]) AND (""Shengjiang""[All Fields] OR ""Zingiber Officinale Roscoe""[All Fields] OR ""Zingiber officinale""[All Fields]) AND (""colitis, ulcerative""[MeSH Terms] OR ""ulcerative colitis""[All Fields] OR ""colitis""[All Fields] OR ""intestinal barrier""[All Fields] OR ""gut barrier""[All Fields] OR ""intestinal mucosa""[All Fields] OR ""intestinal mucosal barrier""[All Fields] OR ""mucosal barrier""[All Fields])",0,0,True,,data\formal_analysis\genecards_multisource_pairs_20_strict\pubmed_all_pair_evidence\raw\run_20260926T115108Z\rank_85\broad_all_fields\esearch_request.json,8cd463e0a13a9b5197786fdf85493164ca1ae6ddc37c00c7f7db11b1c9d3a1fd,data\formal_analysis\genecards_multisource_pairs_20_strict\pubmed_all_pair_evidence\raw\run_20260926T115108Z\rank_85\broad_all_fields\esearch_response.json,07ea8dd7c57e63ae09f7013d60d95c518cbb66e19e87956ac0eefc04439afd35,data\formal_analysis\genecards_multisource_pairs_20_strict\pubmed_all_pair_evidence\raw\run_20260926T115108Z\rank_85\broad_all_fields\parsed_articles.json,4f53cda18c2baa0c0354bb5f9a3ecbe5ed12ab4d8e11ba873c2f11161202b945,,,,
run_20260926T115108Z,2026-09-26T11:51:08.948468+00:00,86,陈皮,砂仁,陈皮＋砂仁,strict_title_abstract,Title/Abstract,"(""Chenpi""[Title/Abstract] OR ""Citrus Reticulata""[Title/Abstract]) AND (""Sharen""[Title/Abstract] OR ""Amomum Aurantiacum H. T. Tsai Et S. W. Zhao""[Title/Abstract] OR ""Amomum villosum""[Title/Abstract]) AND (""Colitis, Ulcerative""[MeSH Terms] OR ""ulcerative colitis""[Title/Abstract] OR ""colitis""[Title/Abstract] OR ""intestinal barrier""[Title/Abstract] OR ""gut barrier""[Title/Abstract] OR ""intestinal mucosa""[Title/Abstract] OR ""intestinal mucosal barrier""[Title/Abstract] OR ""mucosal barrier""[Title/Abstract])","(""Chenpi""[Title/Abstract] OR ""Citrus Reticulata""[Title/Abstract]) AND (""Sharen""[Title/Abstract] OR ""Amomum villosum""[Title/Abstract]) AND (""colitis, ulcerative""[MeSH Terms] OR ""ulcerative colitis""[Title/Abstract] OR ""colitis""[Title/Abstract] OR ""intestinal barrier""[Title/Abstract] OR ""gut barrier""[Title/Abstract] OR ""intestinal mucosa""[Title/Abstract] OR ""intestinal mucosal barrier""[Title/Abstract] OR ""mucosal barrier""[Title/Abstract])",0,0,True,,data\formal_analysis\genecards_multisource_pairs_20_strict\pubmed_all_pair_evidence\raw\run_20260926T115108Z\rank_86\strict_title_abstract\esearch_request.json,8d63bc7121b1526e664a29445f9cd0d3adb24cc4218aa6d0e3088f8699c8a9aa,data\formal_analysis\genecards_multisource_pairs_20_strict\pubmed_all_pair_evidence\raw\run_20260926T115108Z\rank_86\strict_title_abstract\esearch_response.json,905e7684c10c1a664ba3df0364e37e70059c5eb6b1d52201c18026e0d3e1d768,data\formal_analysis\genecards_multisource_pairs_20_strict\pubmed_all_pair_evidence\raw\run_20260926T115108Z\rank_86\strict_title_abstract\parsed_articles.json,4f53cda18c2baa0c0354bb5f9a3ecbe5ed12ab4d8e11ba873c2f11161202b945,,,,
run_20260926T115108Z,2026-09-26T11:51:08.948468+00:00,86,陈皮,砂仁,陈皮＋砂仁,broad_all_fields,All Fields,"(""Chenpi""[All Fields] OR ""Citrus Reticulata""[All Fields]) AND (""Sharen""[All Fields] OR ""Amomum Aurantiacum H. T. Tsai Et S. W. Zhao""[All Fields] OR ""Amomum villosum""[All Fields]) AND (""Colitis, Ulcerative""[MeSH Terms] OR ""ulcerative colitis""[All Fields] OR ""colitis""[All Fields] OR ""intestinal barrier""[All Fields] OR ""gut barrier""[All Fields] OR ""intestinal mucosa""[All Fields] OR ""intestinal mucosal barrier""[All Fields] OR ""mucosal barrier""[All Fields])","(""Chenpi""[All Fields] OR ""Citrus Reticulata""[All Fields]) AND (""Sharen""[All Fields] OR ""Amomum villosum""[All Fields]) AND (""colitis, ulcerative""[MeSH Terms] OR ""ulcerative colitis""[All Fields] OR ""colitis""[All Fields] OR ""intestinal barrier""[All Fields] OR ""gut barrier""[All Fields] OR ""intestinal mucosa""[All Fields] OR ""intestinal mucosal barrier""[All Fields] OR ""mucosal barrier""[All Fields])",0,0,True,,data\formal_analysis\genecards_multisource_pairs_20_strict\pubmed_all_pair_evidence\raw\run_20260926T115108Z\rank_86\broad_all_fields\esearch_request.json,f8ee6876726db548be0d858a2bcd65376e94ca2b8ebb2e01dbb6c3f889f604c9,data\formal_analysis\genecards_multisource_pairs_20_strict\pubmed_all_pair_evidence\raw\run_20260926T115108Z\rank_86\broad_all_fields\esearch_response.json,c4df23a9f0a36f53141e50ca8904f719c38b8e5be3c0902ee0560b7cd4feffcf,data\formal_analysis\genecards_multisource_pairs_20_strict\pubmed_all_pair_evidence\raw\run_20260926T115108Z\rank_86\broad_all_fields\parsed_articles.json,4f53cda18c2baa0c0354bb5f9a3ecbe5ed12ab4d8e11ba873c2f11161202b945,,,,
run_20260926T115108Z,2026-09-26T11:51:08.948468+00:00,87,栀子,大枣,栀子＋大枣,strict_title_abstract,Title/Abstract,"(""Zhizi""[Title/Abstract] OR ""Gardeniae Fructus""[Title/Abstract] OR ""Gardenia jasminoides""[Title/Abstract]) AND (""Dazao""[Title/Abstract] OR ""Jujubae Fructus""[Title/Abstract] OR ""Ziziphus jujuba""[Title/Abstract]) AND (""Colitis, Ulcerative""[MeSH Terms] OR ""ulcerative colitis""[Title/Abstract] OR ""colitis""[Title/Abstract] OR ""intestinal barrier""[Title/Abstract] OR ""gut barrier""[Title/Abstract] OR ""intestinal mucosa""[Title/Abstract] OR ""intestinal mucosal barrier""[Title/Abstract] OR ""mucosal barrier""[Title/Abstract])","(""Zhizi""[Title/Abstract] OR ""Gardeniae Fructus""[Title/Abstract] OR ""Gardenia jasminoides""[Title/Abstract]) AND (""Dazao""[Title/Abstract] OR ""Jujubae Fructus""[Title/Abstract] OR ""Ziziphus jujuba""[Title/Abstract]) AND (""colitis, ulcerative""[MeSH Terms] OR ""ulcerative colitis""[Title/Abstract] OR ""colitis""[Title/Abstract] OR ""intestinal barrier""[Title/Abstract] OR ""gut barrier""[Title/Abstract] OR ""intestinal mucosa""[Title/Abstract] OR ""intestinal mucosal barrier""[Title/Abstract] OR ""mucosal barrier""[Title/Abstract])",0,0,True,,data\formal_analysis\genecards_multisource_pairs_20_strict\pubmed_all_pair_evidence\raw\run_20260926T115108Z\rank_87\strict_title_abstract\esearch_request.json,ea043a1587ea7c3a52e350cbcb7f774338e5d24bdd6020abda59ba0060c6b088,data\formal_analysis\genecards_multisource_pairs_20_strict\pubmed_all_pair_evidence\raw\run_20260926T115108Z\rank_87\strict_title_abstract\esearch_response.json,b8fb9dc5714ead2d9f2bdad222f1084262bf0ad2b92dcfd1da3b6f71c758281d,data\formal_analysis\genecards_multisource_pairs_20_strict\pubmed_all_pair_evidence\raw\run_20260926T115108Z\rank_87\strict_title_abstract\parsed_articles.json,4f53cda18c2baa0c0354bb5f9a3ecbe5ed12ab4d8e11ba873c2f11161202b945,,,,
run_20260926T115108Z,2026-09-26T11:51:08.948468+00:00,87,栀子,大枣,栀子＋大枣,broad_all_fields,All Fields,"(""Zhizi""[All Fields] OR ""Gardeniae Fructus""[All Fields] OR ""Gardenia jasminoides""[All Fields]) AND (""Dazao""[All Fields] OR ""Jujubae Fructus""[All Fields] OR ""Ziziphus jujuba""[All Fields]) AND (""Colitis, Ulcerative""[MeSH Terms] OR ""ulcerative colitis""[All Fields] OR ""colitis""[All Fields] OR ""intestinal barrier""[All Fields] OR ""gut barrier""[All Fields] OR ""intestinal mucosa""[All Fields] OR ""intestinal mucosal barrier""[All Fields] OR ""mucosal barrier""[All Fields])","(""Zhizi""[All Fields] OR ""Gardeniae Fructus""[All Fields] OR ""Gardenia jasminoides""[All Fields]) AND (""Dazao""[All Fields] OR ""Jujubae Fructus""[All Fields] OR ""Ziziphus jujuba""[All Fields]) AND (""colitis, ulcerative""[MeSH Terms] OR ""ulcerative colitis""[All Fields] OR ""colitis""[All Fields] OR ""intestinal barrier""[All Fields] OR ""gut barrier""[All Fields] OR ""intestinal mucosa""[All Fields] OR ""intestinal mucosal barrier""[All Fields] OR ""mucosal barrier""[All Fields])",0,0,True,,data\formal_analysis\genecards_multisource_pairs_20_strict\pubmed_all_pair_evidence\raw\run_20260926T115108Z\rank_87\broad_all_fields\esearch_request.json,cfa95d8087e7affbf1aeca9da559ed279d5679df3a786c6ddbaddb4b48527031,data\formal_analysis\genecards_multisource_pairs_20_strict\pubmed_all_pair_evidence\raw\run_20260926T115108Z\rank_87\broad_all_fields\esearch_response.json,fc03f702afd9f3d54e644864495c9382103c30bd1eae0d8683712a66651f8d21,data\formal_analysis\genecards_multisource_pairs_20_strict\pubmed_all_pair_evidence\raw\run_20260926T115108Z\rank_87\broad_all_fields\parsed_articles.json,4f53cda18c2baa0c0354bb5f9a3ecbe5ed12ab4d8e11ba873c2f11161202b945,,,,
run_20260926T115108Z,2026-09-26T11:51:08.948468+00:00,88,白扁豆,生姜,白扁豆＋生姜,strict_title_abstract,Title/Abstract,"(""Baibiandou""[Title/Abstract] OR ""Lablab Semen Album""[Title/Abstract] OR ""Dolichos lablab""[Title/Abstract]) AND (""Shengjiang""[Title/Abstract] OR ""Zingiber Officinale Roscoe""[Title/Abstract] OR ""Zingiber officinale""[Title/Abstract]) AND (""Colitis, Ulcerative""[MeSH Terms] OR ""ulcerative colitis""[Title/Abstract] OR ""colitis""[Title/Abstract] OR ""intestinal barrier""[Title/Abstract] OR ""gut barrier""[Title/Abstract] OR ""intestinal mucosa""[Title/Abstract] OR ""intestinal mucosal barrier""[Title/Abstract] OR ""mucosal barrier""[Title/Abstract])","(""Baibiandou""[Title/Abstract] OR ""Lablab Semen Album""[Title/Abstract] OR ""Dolichos lablab""[Title/Abstract]) AND (""Shengjiang""[Title/Abstract] OR ""Zingiber Officinale Roscoe""[Title/Abstract] OR ""Zingiber officinale""[Title/Abstract]) AND (""colitis, ulcerative""[MeSH Terms] OR ""ulcerative colitis""[Title/Abstract] OR ""colitis""[Title/Abstract] OR ""intestinal barrier""[Title/Abstract] OR ""gut barrier""[Title/Abstract] OR ""intestinal mucosa""[Title/Abstract] OR ""intestinal mucosal barrier""[Title/Abstract] OR ""mucosal barrier""[Title/Abstract])",0,0,True,,data\formal_analysis\genecards_multisource_pairs_20_strict\pubmed_all_pair_evidence\raw\run_20260926T115108Z\rank_88\strict_title_abstract\esearch_request.json,bed141649c0bb395bc15e3449322b3481865812cb5f47d03d18083a800a0d5c1,data\formal_analysis\genecards_multisource_pairs_20_strict\pubmed_all_pair_evidence\raw\run_20260926T115108Z\rank_88\strict_title_abstract\esearch_response.json,aa225174825b0f2f10f6326825e0ce798b90fe6fd460c3c1ad7efae084840b3a,data\formal_analysis\genecards_multisource_pairs_20_strict\pubmed_all_pair_evidence\raw\run_20260926T115108Z\rank_88\strict_title_abstract\parsed_articles.json,4f53cda18c2baa0c0354bb5f9a3ecbe5ed12ab4d8e11ba873c2f11161202b945,,,,
run_20260926T115108Z,2026-09-26T11:51:08.948468+00:00,88,白扁豆,生姜,白扁豆＋生姜,broad_all_fields,All Fields,"(""Baibiandou""[All Fields] OR ""Lablab Semen Album""[All Fields] OR ""Dolichos lablab""[All Fields]) AND (""Shengjiang""[All Fields] OR ""Zingiber Officinale Roscoe""[All Fields] OR ""Zingiber officinale""[All Fields]) AND (""Colitis, Ulcerative""[MeSH Terms] OR ""ulcerative colitis""[All Fields] OR ""colitis""[All Fields] OR ""intestinal barrier""[All Fields] OR ""gut barrier""[All Fields] OR ""intestinal mucosa""[All Fields] OR ""intestinal mucosal barrier""[All Fields] OR ""mucosal barrier""[All Fields])","(""Baibiandou""[All Fields] OR ""Lablab Semen Album""[All Fields] OR ""Dolichos lablab""[All Fields]) AND (""Shengjiang""[All Fields] OR ""Zingiber Officinale Roscoe""[All Fields] OR ""Zingiber officinale""[All Fields]) AND (""colitis, ulcerative""[MeSH Terms] OR ""ulcerative colitis""[All Fields] OR ""colitis""[All Fields] OR ""intestinal barrier""[All Fields] OR ""gut barrier""[All Fields] OR ""intestinal mucosa""[All Fields] OR ""intestinal mucosal barrier""[All Fields] OR ""mucosal barrier""[All Fields])",0,0,True,,data\formal_analysis\genecards_multisource_pairs_20_strict\pubmed_all_pair_evidence\raw\run_20260926T115108Z\rank_88\broad_all_fields\esearch_request.json,5a01a185d6d559137b2ae20060057d2b15d53a7352e3dce0f3242bc88670b5ae,data\formal_analysis\genecards_multisource_pairs_20_strict\pubmed_all_pair_evidence\raw\run_20260926T115108Z\rank_88\broad_all_fields\esearch_response.json,0d303d9983d4202e21aefdb175e13d0f405ae26641208068eb05de7dfef511af,data\formal_analysis\genecards_multisource_pairs_20_strict\pubmed_all_pair_evidence\raw\run_20260926T115108Z\rank_88\broad_all_fields\parsed_articles.json,4f53cda18c2baa0c0354bb5f9a3ecbe5ed12ab4d8e11ba873c2f11161202b945,,,,
run_20260926T115108Z,2026-09-26T11:51:08.948468+00:00,89,芡实,生姜,芡实＋生姜,strict_title_abstract,Title/Abstract,"(""Qianshi""[Title/Abstract] OR ""Euryales Semen""[Title/Abstract] OR ""Euryale ferox""[Title/Abstract]) AND (""Shengjiang""[Title/Abstract] OR ""Zingiber Officinale Roscoe""[Title/Abstract] OR ""Zingiber officinale""[Title/Abstract]) AND (""Colitis, Ulcerative""[MeSH Terms] OR ""ulcerative colitis""[Title/Abstract] OR ""colitis""[Title/Abstract] OR ""intestinal barrier""[Title/Abstract] OR ""gut barrier""[Title/Abstract] OR ""intestinal mucosa""[Title/Abstract] OR ""intestinal mucosal barrier""[Title/Abstract] OR ""mucosal barrier""[Title/Abstract])","(""Qianshi""[Title/Abstract] OR ""Euryales Semen""[Title/Abstract] OR ""Euryale ferox""[Title/Abstract]) AND (""Shengjiang""[Title/Abstract] OR ""Zingiber Officinale Roscoe""[Title/Abstract] OR ""Zingiber officinale""[Title/Abstract]) AND (""colitis, ulcerative""[MeSH Terms] OR ""ulcerative colitis""[Title/Abstract] OR ""colitis""[Title/Abstract] OR ""intestinal barrier""[Title/Abstract] OR ""gut barrier""[Title/Abstract] OR ""intestinal mucosa""[Title/Abstract] OR ""intestinal mucosal barrier""[Title/Abstract] OR ""mucosal barrier""[Title/Abstract])",0,0,True,,data\formal_analysis\genecards_multisource_pairs_20_strict\pubmed_all_pair_evidence\raw\run_20260926T115108Z\rank_89\strict_title_abstract\esearch_request.json,9bcdba9530427ea12e855855de6035619791ae883de8285757d9543caddd9594,data\formal_analysis\genecards_multisource_pairs_20_strict\pubmed_all_pair_evidence\raw\run_20260926T115108Z\rank_89\strict_title_abstract\esearch_response.json,64aad976b75093a27141aef3a4dad67bc7692882e08c1303b7a9696f4cbeb623,data\formal_analysis\genecards_multisource_pairs_20_strict\pubmed_all_pair_evidence\raw\run_20260926T115108Z\rank_89\strict_title_abstract\parsed_articles.json,4f53cda18c2baa0c0354bb5f9a3ecbe5ed12ab4d8e11ba873c2f11161202b945,,,,
run_20260926T115108Z,2026-09-26T11:51:08.948468+00:00,89,芡实,生姜,芡实＋生姜,broad_all_fields,All Fields,"(""Qianshi""[All Fields] OR ""Euryales Semen""[All Fields] OR ""Euryale ferox""[All Fields]) AND (""Shengjiang""[All Fields] OR ""Zingiber Officinale Roscoe""[All Fields] OR ""Zingiber officinale""[All Fields]) AND (""Colitis, Ulcerative""[MeSH Terms] OR ""ulcerative colitis""[All Fields] OR ""colitis""[All Fields] OR ""intestinal barrier""[All Fields] OR ""gut barrier""[All Fields] OR ""intestinal mucosa""[All Fields] OR ""intestinal mucosal barrier""[All Fields] OR ""mucosal barrier""[All Fields])","(""Qianshi""[All Fields] OR ""Euryales Semen""[All Fields] OR ""Euryale ferox""[All Fields]) AND (""Shengjiang""[All Fields] OR ""Zingiber Officinale Roscoe""[All Fields] OR ""Zingiber officinale""[All Fields]) AND (""colitis, ulcerative""[MeSH Terms] OR ""ulcerative colitis""[All Fields] OR ""colitis""[All Fields] OR ""intestinal barrier""[All Fields] OR ""gut barrier""[All Fields] OR ""intestinal mucosa""[All Fields] OR ""intestinal mucosal barrier""[All Fields] OR ""mucosal barrier""[All Fields])",0,0,True,,data\formal_analysis\genecards_multisource_pairs_20_strict\pubmed_all_pair_evidence\raw\run_20260926T115108Z\rank_89\broad_all_fields\esearch_request.json,1638d33e575500e4fe2fe06209bf52eaf1bb28259f7e4436a4a4659e9965e931,data\formal_analysis\genecards_multisource_pairs_20_strict\pubmed_all_pair_evidence\raw\run_20260926T115108Z\rank_89\broad_all_fields\esearch_response.json,bd211dc59c0b852146ccf1ab32f015360b02d4137c519ddef3f6bf053ddbfdd5,data\formal_analysis\genecards_multisource_pairs_20_strict\pubmed_all_pair_evidence\raw\run_20260926T115108Z\rank_89\broad_all_fields\parsed_articles.json,4f53cda18c2baa0c0354bb5f9a3ecbe5ed12ab4d8e11ba873c2f11161202b945,,,,
run_20260926T115108Z,2026-09-26T11:51:08.948468+00:00,90,白扁豆,砂仁,白扁豆＋砂仁,strict_title_abstract,Title/Abstract,"(""Baibiandou""[Title/Abstract] OR ""Lablab Semen Album""[Title/Abstract] OR ""Dolichos lablab""[Title/Abstract]) AND (""Sharen""[Title/Abstract] OR ""Amomum Aurantiacum H. T. Tsai Et S. W. Zhao""[Title/Abstract] OR ""Amomum villosum""[Title/Abstract]) AND (""Colitis, Ulcerative""[MeSH Terms] OR ""ulcerative colitis""[Title/Abstract] OR ""colitis""[Title/Abstract] OR ""intestinal barrier""[Title/Abstract] OR ""gut barrier""[Title/Abstract] OR ""intestinal mucosa""[Title/Abstract] OR ""intestinal mucosal barrier""[Title/Abstract] OR ""mucosal barrier""[Title/Abstract])","(""Baibiandou""[Title/Abstract] OR ""Lablab Semen Album""[Title/Abstract] OR ""Dolichos lablab""[Title/Abstract]) AND (""Sharen""[Title/Abstract] OR ""Amomum villosum""[Title/Abstract]) AND (""colitis, ulcerative""[MeSH Terms] OR ""ulcerative colitis""[Title/Abstract] OR ""colitis""[Title/Abstract] OR ""intestinal barrier""[Title/Abstract] OR ""gut barrier""[Title/Abstract] OR ""intestinal mucosa""[Title/Abstract] OR ""intestinal mucosal barrier""[Title/Abstract] OR ""mucosal barrier""[Title/Abstract])",0,0,True,,data\formal_analysis\genecards_multisource_pairs_20_strict\pubmed_all_pair_evidence\raw\run_20260926T115108Z\rank_90\strict_title_abstract\esearch_request.json,81246c6bd08816da4d22606a82c1baea842e638ab2005789ff1140624738833b,data\formal_analysis\genecards_multisource_pairs_20_strict\pubmed_all_pair_evidence\raw\run_20260926T115108Z\rank_90\strict_title_abstract\esearch_response.json,3ec1336d2def655e1d00f9de19d262f4d5162c2f1989b3072b160895fb699e42,data\formal_analysis\genecards_multisource_pairs_20_strict\pubmed_all_pair_evidence\raw\run_20260926T115108Z\rank_90\strict_title_abstract\parsed_articles.json,4f53cda18c2baa0c0354bb5f9a3ecbe5ed12ab4d8e11ba873c2f11161202b945,,,,
run_20260926T115108Z,2026-09-26T11:51:08.948468+00:00,90,白扁豆,砂仁,白扁豆＋砂仁,broad_all_fields,All Fields,"(""Baibiandou""[All Fields] OR ""Lablab Semen Album""[All Fields] OR ""Dolichos lablab""[All Fields]) AND (""Sharen""[All Fields] OR ""Amomum Aurantiacum H. T. Tsai Et S. W. Zhao""[All Fields] OR ""Amomum villosum""[All Fields]) AND (""Colitis, Ulcerative""[MeSH Terms] OR ""ulcerative colitis""[All Fields] OR ""colitis""[All Fields] OR ""intestinal barrier""[All Fields] OR ""gut barrier""[All Fields] OR ""intestinal mucosa""[All Fields] OR ""intestinal mucosal barrier""[All Fields] OR ""mucosal barrier""[All Fields])","(""Baibiandou""[All Fields] OR ""Lablab Semen Album""[All Fields] OR ""Dolichos lablab""[All Fields]) AND (""Sharen""[All Fields] OR ""Amomum villosum""[All Fields]) AND (""colitis, ulcerative""[MeSH Terms] OR ""ulcerative colitis""[All Fields] OR ""colitis""[All Fields] OR ""intestinal barrier""[All Fields] OR ""gut barrier""[All Fields] OR ""intestinal mucosa""[All Fields] OR ""intestinal mucosal barrier""[All Fields] OR ""mucosal barrier""[All Fields])",0,0,True,,data\formal_analysis\genecards_multisource_pairs_20_strict\pubmed_all_pair_evidence\raw\run_20260926T115108Z\rank_90\broad_all_fields\esearch_request.json,93d6d84927d3005d3521ff5acfd6341444112bef28aea1168ee7ae67df8a2435,data\formal_analysis\genecards_multisource_pairs_20_strict\pubmed_all_pair_evidence\raw\run_20260926T115108Z\rank_90\broad_all_fields\esearch_response.json,01f4aa701749484ba0275ce6143a87474a75c9ce0a08e13b804f71ea21a6a573,data\formal_analysis\genecards_multisource_pairs_20_strict\pubmed_all_pair_evidence\raw\run_20260926T115108Z\rank_90\broad_all_fields\parsed_articles.json,4f53cda18c2baa0c0354bb5f9a3ecbe5ed12ab4d8e11ba873c2f11161202b945,,,,
run_20260926T115108Z,2026-09-26T11:51:08.948468+00:00,91,芡实,砂仁,芡实＋砂仁,strict_title_abstract,Title/Abstract,"(""Qianshi""[Title/Abstract] OR ""Euryales Semen""[Title/Abstract] OR ""Euryale ferox""[Title/Abstract]) AND (""Sharen""[Title/Abstract] OR ""Amomum Aurantiacum H. T. Tsai Et S. W. Zhao""[Title/Abstract] OR ""Amomum villosum""[Title/Abstract]) AND (""Colitis, Ulcerative""[MeSH Terms] OR ""ulcerative colitis""[Title/Abstract] OR ""colitis""[Title/Abstract] OR ""intestinal barrier""[Title/Abstract] OR ""gut barrier""[Title/Abstract] OR ""intestinal mucosa""[Title/Abstract] OR ""intestinal mucosal barrier""[Title/Abstract] OR ""mucosal barrier""[Title/Abstract])","(""Qianshi""[Title/Abstract] OR ""Euryales Semen""[Title/Abstract] OR ""Euryale ferox""[Title/Abstract]) AND (""Sharen""[Title/Abstract] OR ""Amomum villosum""[Title/Abstract]) AND (""colitis, ulcerative""[MeSH Terms] OR ""ulcerative colitis""[Title/Abstract] OR ""colitis""[Title/Abstract] OR ""intestinal barrier""[Title/Abstract] OR ""gut barrier""[Title/Abstract] OR ""intestinal mucosa""[Title/Abstract] OR ""intestinal mucosal barrier""[Title/Abstract] OR ""mucosal barrier""[Title/Abstract])",0,0,True,,data\formal_analysis\genecards_multisource_pairs_20_strict\pubmed_all_pair_evidence\raw\run_20260926T115108Z\rank_91\strict_title_abstract\esearch_request.json,3f2a091f56f2d64a77233dea1bcd77a7c722746a124f6b79e2a7b306df0692aa,data\formal_analysis\genecards_multisource_pairs_20_strict\pubmed_all_pair_evidence\raw\run_20260926T115108Z\rank_91\strict_title_abstract\esearch_response.json,79e8c01c94cfbaf515e19decb35191c6939024bde535ee2e8c5db1708cf916e3,data\formal_analysis\genecards_multisource_pairs_20_strict\pubmed_all_pair_evidence\raw\run_20260926T115108Z\rank_91\strict_title_abstract\parsed_articles.json,4f53cda18c2baa0c0354bb5f9a3ecbe5ed12ab4d8e11ba873c2f11161202b945,,,,
run_20260926T115108Z,2026-09-26T11:51:08.948468+00:00,91,芡实,砂仁,芡实＋砂仁,broad_all_fields,All Fields,"(""Qianshi""[All Fields] OR ""Euryales Semen""[All Fields] OR ""Euryale ferox""[All Fields]) AND (""Sharen""[All Fields] OR ""Amomum Aurantiacum H. T. Tsai Et S. W. Zhao""[All Fields] OR ""Amomum villosum""[All Fields]) AND (""Colitis, Ulcerative""[MeSH Terms] OR ""ulcerative colitis""[All Fields] OR ""colitis""[All Fields] OR ""intestinal barrier""[All Fields] OR ""gut barrier""[All Fields] OR ""intestinal mucosa""[All Fields] OR ""intestinal mucosal barrier""[All Fields] OR ""mucosal barrier""[All Fields])","(""Qianshi""[All Fields] OR ""Euryales Semen""[All Fields] OR ""Euryale ferox""[All Fields]) AND (""Sharen""[All Fields] OR ""Amomum villosum""[All Fields]) AND (""colitis, ulcerative""[MeSH Terms] OR ""ulcerative colitis""[All Fields] OR ""colitis""[All Fields] OR ""intestinal barrier""[All Fields] OR ""gut barrier""[All Fields] OR ""intestinal mucosa""[All Fields] OR ""intestinal mucosal barrier""[All Fields] OR ""mucosal barrier""[All Fields])",0,0,True,,data\formal_analysis\genecards_multisource_pairs_20_strict\pubmed_all_pair_evidence\raw\run_20260926T115108Z\rank_91\broad_all_fields\esearch_request.json,b61acf1a7ce0a1aebe6da5e64795ed052a2f2424e5c41481d1ebb73c255dfd9a,data\formal_analysis\genecards_multisource_pairs_20_strict\pubmed_all_pair_evidence\raw\run_20260926T115108Z\rank_91\broad_all_fields\esearch_response.json,2a2657bf143251936acdaa7ad8bd3b52d006629615d37db829bd85a723a5880c,data\formal_analysis\genecards_multisource_pairs_20_strict\pubmed_all_pair_evidence\raw\run_20260926T115108Z\rank_91\broad_all_fields\parsed_articles.json,4f53cda18c2baa0c0354bb5f9a3ecbe5ed12ab4d8e11ba873c2f11161202b945,,,,
run_20260926T115108Z,2026-09-26T11:51:08.948468+00:00,92,乌梅,甘草,乌梅＋甘草,strict_title_abstract,Title/Abstract,"(""Wumei""[Title/Abstract] OR ""Mume Fructus""[Title/Abstract] OR ""Prunus mume""[Title/Abstract]) AND (""Gancao""[Title/Abstract] OR ""licorice""[Title/Abstract] OR ""Glycyrrhiza uralensis""[Title/Abstract] OR ""Glycyrrhiza inflata""[Title/Abstract] OR ""Glycyrrhiza glabra""[Title/Abstract]) AND (""Colitis, Ulcerative""[MeSH Terms] OR ""ulcerative colitis""[Title/Abstract] OR ""colitis""[Title/Abstract] OR ""intestinal barrier""[Title/Abstract] OR ""gut barrier""[Title/Abstract] OR ""intestinal mucosa""[Title/Abstract] OR ""intestinal mucosal barrier""[Title/Abstract] OR ""mucosal barrier""[Title/Abstract])","(""Wumei""[Title/Abstract] OR ""Mume Fructus""[Title/Abstract] OR ""Prunus mume""[Title/Abstract]) AND (""Gancao""[Title/Abstract] OR ""licorice""[Title/Abstract] OR ""Glycyrrhiza uralensis""[Title/Abstract] OR ""Glycyrrhiza inflata""[Title/Abstract] OR ""Glycyrrhiza glabra""[Title/Abstract]) AND (""colitis, ulcerative""[MeSH Terms] OR ""ulcerative colitis""[Title/Abstract] OR ""colitis""[Title/Abstract] OR ""intestinal barrier""[Title/Abstract] OR ""gut barrier""[Title/Abstract] OR ""intestinal mucosa""[Title/Abstract] OR ""intestinal mucosal barrier""[Title/Abstract] OR ""mucosal barrier""[Title/Abstract])",0,0,True,,data\formal_analysis\genecards_multisource_pairs_20_strict\pubmed_all_pair_evidence\raw\run_20260926T115108Z\rank_92\strict_title_abstract\esearch_request.json,0b82da46a749b48a7c92c7e2f7f8e433fb886b4bbc1243c9ec321b87d97b2178,data\formal_analysis\genecards_multisource_pairs_20_strict\pubmed_all_pair_evidence\raw\run_20260926T115108Z\rank_92\strict_title_abstract\esearch_response.json,203efd17bc0df3a3e65d80ed13d4d2f33cea9a54b271bbf0e08c0fb22c160187,data\formal_analysis\genecards_multisource_pairs_20_strict\pubmed_all_pair_evidence\raw\run_20260926T115108Z\rank_92\strict_title_abstract\parsed_articles.json,4f53cda18c2baa0c0354bb5f9a3ecbe5ed12ab4d8e11ba873c2f11161202b945,,,,
run_20260926T115108Z,2026-09-26T11:51:08.948468+00:00,92,乌梅,甘草,乌梅＋甘草,broad_all_fields,All Fields,"(""Wumei""[All Fields] OR ""Mume Fructus""[All Fields] OR ""Prunus mume""[All Fields]) AND (""Gancao""[All Fields] OR ""licorice""[All Fields] OR ""Glycyrrhiza uralensis""[All Fields] OR ""Glycyrrhiza inflata""[All Fields] OR ""Glycyrrhiza glabra""[All Fields]) AND (""Colitis, Ulcerative""[MeSH Terms] OR ""ulcerative colitis""[All Fields] OR ""colitis""[All Fields] OR ""intestinal barrier""[All Fields] OR ""gut barrier""[All Fields] OR ""intestinal mucosa""[All Fields] OR ""intestinal mucosal barrier""[All Fields] OR ""mucosal barrier""[All Fields])","(""Wumei""[All Fields] OR ""Mume Fructus""[All Fields] OR ""Prunus mume""[All Fields]) AND (""Gancao""[All Fields] OR ""licorice""[All Fields] OR ""Glycyrrhiza uralensis""[All Fields] OR ""Glycyrrhiza inflata""[All Fields] OR ""Glycyrrhiza glabra""[All Fields]) AND (""colitis, ulcerative""[MeSH Terms] OR ""ulcerative colitis""[All Fields] OR ""colitis""[All Fields] OR ""intestinal barrier""[All Fields] OR ""gut barrier""[All Fields] OR ""intestinal mucosa""[All Fields] OR ""intestinal mucosal barrier""[All Fields] OR ""mucosal barrier""[All Fields])",0,0,True,,data\formal_analysis\genecards_multisource_pairs_20_strict\pubmed_all_pair_evidence\raw\run_20260926T115108Z\rank_92\broad_all_fields\esearch_request.json,905531fc3680db914eac924937a5b5260f764a5a51865b63a602791a4b18e487,data\formal_analysis\genecards_multisource_pairs_20_strict\pubmed_all_pair_evidence\raw\run_20260926T115108Z\rank_92\broad_all_fields\esearch_response.json,a3ad13794f86d0ade0d9d7eb6936abae46e85a5f526eb1aece3620ac37289121,data\formal_analysis\genecards_multisource_pairs_20_strict\pubmed_all_pair_evidence\raw\run_20260926T115108Z\rank_92\broad_all_fields\parsed_articles.json,4f53cda18c2baa0c0354bb5f9a3ecbe5ed12ab4d8e11ba873c2f11161202b945,,,,
run_20260926T115108Z,2026-09-26T11:51:08.948468+00:00,93,藿香,生姜,藿香＋生姜,strict_title_abstract,Title/Abstract,"(""HuoXiang""[Title/Abstract] OR ""Pogostemon cablin(Blanco)Benth.""[Title/Abstract] OR ""Pogostemon cablin""[Title/Abstract]) AND (""Shengjiang""[Title/Abstract] OR ""Zingiber Officinale Roscoe""[Title/Abstract] OR ""Zingiber officinale""[Title/Abstract]) AND (""Colitis, Ulcerative""[MeSH Terms] OR ""ulcerative colitis""[Title/Abstract] OR ""colitis""[Title/Abstract] OR ""intestinal barrier""[Title/Abstract] OR ""gut barrier""[Title/Abstract] OR ""intestinal mucosa""[Title/Abstract] OR ""intestinal mucosal barrier""[Title/Abstract] OR ""mucosal barrier""[Title/Abstract])","(""HuoXiang""[Title/Abstract] OR ""pogostemon cablin blanco benth""[Title/Abstract] OR ""Pogostemon cablin""[Title/Abstract]) AND (""Shengjiang""[Title/Abstract] OR ""Zingiber Officinale Roscoe""[Title/Abstract] OR ""Zingiber officinale""[Title/Abstract]) AND (""colitis, ulcerative""[MeSH Terms] OR ""ulcerative colitis""[Title/Abstract] OR ""colitis""[Title/Abstract] OR ""intestinal barrier""[Title/Abstract] OR ""gut barrier""[Title/Abstract] OR ""intestinal mucosa""[Title/Abstract] OR ""intestinal mucosal barrier""[Title/Abstract] OR ""mucosal barrier""[Title/Abstract])",0,0,True,,data\formal_analysis\genecards_multisource_pairs_20_strict\pubmed_all_pair_evidence\raw\run_20260926T115108Z\rank_93\strict_title_abstract\esearch_request.json,dbf683f8ff3e56a3b1b7b9564680ae99483958c31b13096594773c6ee93a73a1,data\formal_analysis\genecards_multisource_pairs_20_strict\pubmed_all_pair_evidence\raw\run_20260926T115108Z\rank_93\strict_title_abstract\esearch_response.json,97eb2c35fc0a4616660ba24450412133db72762aecb78e1e61cb87326f565659,data\formal_analysis\genecards_multisource_pairs_20_strict\pubmed_all_pair_evidence\raw\run_20260926T115108Z\rank_93\strict_title_abstract\parsed_articles.json,4f53cda18c2baa0c0354bb5f9a3ecbe5ed12ab4d8e11ba873c2f11161202b945,,,,
run_20260926T115108Z,2026-09-26T11:51:08.948468+00:00,93,藿香,生姜,藿香＋生姜,broad_all_fields,All Fields,"(""HuoXiang""[All Fields] OR ""Pogostemon cablin(Blanco)Benth.""[All Fields] OR ""Pogostemon cablin""[All Fields]) AND (""Shengjiang""[All Fields] OR ""Zingiber Officinale Roscoe""[All Fields] OR ""Zingiber officinale""[All Fields]) AND (""Colitis, Ulcerative""[MeSH Terms] OR ""ulcerative colitis""[All Fields] OR ""colitis""[All Fields] OR ""intestinal barrier""[All Fields] OR ""gut barrier""[All Fields] OR ""intestinal mucosa""[All Fields] OR ""intestinal mucosal barrier""[All Fields] OR ""mucosal barrier""[All Fields])","(""HuoXiang""[All Fields] OR ""pogostemon cablin blanco benth""[All Fields] OR ""Pogostemon cablin""[All Fields]) AND (""Shengjiang""[All Fields] OR ""Zingiber Officinale Roscoe""[All Fields] OR ""Zingiber officinale""[All Fields]) AND (""colitis, ulcerative""[MeSH Terms] OR ""ulcerative colitis""[All Fields] OR ""colitis""[All Fields] OR ""intestinal barrier""[All Fields] OR ""gut barrier""[All Fields] OR ""intestinal mucosa""[All Fields] OR ""intestinal mucosal barrier""[All Fields] OR ""mucosal barrier""[All Fields])",0,0,True,,data\formal_analysis\genecards_multisource_pairs_20_strict\pubmed_all_pair_evidence\raw\run_20260926T115108Z\rank_93\broad_all_fields\esearch_request.json,98c59ab6b999441eea692df4dbf0998c9b4c409cf3a6eee4d91fdc47bf01d1b0,data\formal_analysis\genecards_multisource_pairs_20_strict\pubmed_all_pair_evidence\raw\run_20260926T115108Z\rank_93\broad_all_fields\esearch_response.json,fab3421a1fe0384da009c605e2fbe72d3d881f4ff9ee93c9fdb2d059320cf812,data\formal_analysis\genecards_multisource_pairs_20_strict\pubmed_all_pair_evidence\raw\run_20260926T115108Z\rank_93\broad_all_fields\parsed_articles.json,4f53cda18c2baa0c0354bb5f9a3ecbe5ed12ab4d8e11ba873c2f11161202b945,,,,
run_20260926T115108Z,2026-09-26T11:51:08.948468+00:00,94,砂仁,藿香,砂仁＋藿香,strict_title_abstract,Title/Abstract,"(""Sharen""[Title/Abstract] OR ""Amomum Aurantiacum H. T. Tsai Et S. W. Zhao""[Title/Abstract] OR ""Amomum villosum""[Title/Abstract]) AND (""HuoXiang""[Title/Abstract] OR ""Pogostemon cablin(Blanco)Benth.""[Title/Abstract] OR ""Pogostemon cablin""[Title/Abstract]) AND (""Colitis, Ulcerative""[MeSH Terms] OR ""ulcerative colitis""[Title/Abstract] OR ""colitis""[Title/Abstract] OR ""intestinal barrier""[Title/Abstract] OR ""gut barrier""[Title/Abstract] OR ""intestinal mucosa""[Title/Abstract] OR ""intestinal mucosal barrier""[Title/Abstract] OR ""mucosal barrier""[Title/Abstract])","(""Sharen""[Title/Abstract] OR ""Amomum villosum""[Title/Abstract]) AND (""HuoXiang""[Title/Abstract] OR ""pogostemon cablin blanco benth""[Title/Abstract] OR ""Pogostemon cablin""[Title/Abstract]) AND (""colitis, ulcerative""[MeSH Terms] OR ""ulcerative colitis""[Title/Abstract] OR ""colitis""[Title/Abstract] OR ""intestinal barrier""[Title/Abstract] OR ""gut barrier""[Title/Abstract] OR ""intestinal mucosa""[Title/Abstract] OR ""intestinal mucosal barrier""[Title/Abstract] OR ""mucosal barrier""[Title/Abstract])",0,0,True,,data\formal_analysis\genecards_multisource_pairs_20_strict\pubmed_all_pair_evidence\raw\run_20260926T115108Z\rank_94\strict_title_abstract\esearch_request.json,19eeb36e5ccad3f478a97c366d803686e1b29da8d0577a8898232e159d4f630d,data\formal_analysis\genecards_multisource_pairs_20_strict\pubmed_all_pair_evidence\raw\run_20260926T115108Z\rank_94\strict_title_abstract\esearch_response.json,c2c2ccf98197af452e0389fc8055b813616b784af68e9abff87ac395c9076740,data\formal_analysis\genecards_multisource_pairs_20_strict\pubmed_all_pair_evidence\raw\run_20260926T115108Z\rank_94\strict_title_abstract\parsed_articles.json,4f53cda18c2baa0c0354bb5f9a3ecbe5ed12ab4d8e11ba873c2f11161202b945,,,,
run_20260926T115108Z,2026-09-26T11:51:08.948468+00:00,94,砂仁,藿香,砂仁＋藿香,broad_all_fields,All Fields,"(""Sharen""[All Fields] OR ""Amomum Aurantiacum H. T. Tsai Et S. W. Zhao""[All Fields] OR ""Amomum villosum""[All Fields]) AND (""HuoXiang""[All Fields] OR ""Pogostemon cablin(Blanco)Benth.""[All Fields] OR ""Pogostemon cablin""[All Fields]) AND (""Colitis, Ulcerative""[MeSH Terms] OR ""ulcerative colitis""[All Fields] OR ""colitis""[All Fields] OR ""intestinal barrier""[All Fields] OR ""gut barrier""[All Fields] OR ""intestinal mucosa""[All Fields] OR ""intestinal mucosal barrier""[All Fields] OR ""mucosal barrier""[All Fields])","(""Sharen""[All Fields] OR ""Amomum villosum""[All Fields]) AND (""HuoXiang""[All Fields] OR ""pogostemon cablin blanco benth""[All Fields] OR ""Pogostemon cablin""[All Fields]) AND (""colitis, ulcerative""[MeSH Terms] OR ""ulcerative colitis""[All Fields] OR ""colitis""[All Fields] OR ""intestinal barrier""[All Fields] OR ""gut barrier""[All Fields] OR ""intestinal mucosa""[All Fields] OR ""intestinal mucosal barrier""[All Fields] OR ""mucosal barrier""[All Fields])",0,0,True,,data\formal_analysis\genecards_multisource_pairs_20_strict\pubmed_all_pair_evidence\raw\run_20260926T115108Z\rank_94\broad_all_fields\esearch_request.json,50eef38f26d4377ab0cf446227be2d890cf50d094e17b625de873def89f58f6c,data\formal_analysis\genecards_multisource_pairs_20_strict\pubmed_all_pair_evidence\raw\run_20260926T115108Z\rank_94\broad_all_fields\esearch_response.json,c9734dd0b496adc18d3741620dce1c8c38a3ffdb92c1f080eca476006beb6d20,data\formal_analysis\genecards_multisource_pairs_20_strict\pubmed_all_pair_evidence\raw\run_20260926T115108Z\rank_94\broad_all_fields\parsed_articles.json,4f53cda18c2baa0c0354bb5f9a3ecbe5ed12ab4d8e11ba873c2f11161202b945,,,,
run_20260926T115108Z,2026-09-26T11:51:08.948468+00:00,95,金银花,乌梅,金银花＋乌梅,strict_title_abstract,Title/Abstract,"(""Jinyinhua""[Title/Abstract] OR ""Lonicerae Japonicae Flos""[Title/Abstract] OR ""Lonicera japonica""[Title/Abstract]) AND (""Wumei""[Title/Abstract] OR ""Mume Fructus""[Title/Abstract] OR ""Prunus mume""[Title/Abstract]) AND (""Colitis, Ulcerative""[MeSH Terms] OR ""ulcerative colitis""[Title/Abstract] OR ""colitis""[Title/Abstract] OR ""intestinal barrier""[Title/Abstract] OR ""gut barrier""[Title/Abstract] OR ""intestinal mucosa""[Title/Abstract] OR ""intestinal mucosal barrier""[Title/Abstract] OR ""mucosal barrier""[Title/Abstract])","(""Jinyinhua""[Title/Abstract] OR ""Lonicerae Japonicae Flos""[Title/Abstract] OR ""Lonicera japonica""[Title/Abstract]) AND (""Wumei""[Title/Abstract] OR ""Mume Fructus""[Title/Abstract] OR ""Prunus mume""[Title/Abstract]) AND (""colitis, ulcerative""[MeSH Terms] OR ""ulcerative colitis""[Title/Abstract] OR ""colitis""[Title/Abstract] OR ""intestinal barrier""[Title/Abstract] OR ""gut barrier""[Title/Abstract] OR ""intestinal mucosa""[Title/Abstract] OR ""intestinal mucosal barrier""[Title/Abstract] OR ""mucosal barrier""[Title/Abstract])",0,0,True,,data\formal_analysis\genecards_multisource_pairs_20_strict\pubmed_all_pair_evidence\raw\run_20260926T115108Z\rank_95\strict_title_abstract\esearch_request.json,ac92693f9af57c2635aa40c80e9502d3268de4353aed0d08a7c246c820e11943,data\formal_analysis\genecards_multisource_pairs_20_strict\pubmed_all_pair_evidence\raw\run_20260926T115108Z\rank_95\strict_title_abstract\esearch_response.json,9ce7fefaa267cddac17358220910680a962f0ddef52e82ca6d9a83ab32a9435e,data\formal_analysis\genecards_multisource_pairs_20_strict\pubmed_all_pair_evidence\raw\run_20260926T115108Z\rank_95\strict_title_abstract\parsed_articles.json,4f53cda18c2baa0c0354bb5f9a3ecbe5ed12ab4d8e11ba873c2f11161202b945,,,,
run_20260926T115108Z,2026-09-26T11:51:08.948468+00:00,95,金银花,乌梅,金银花＋乌梅,broad_all_fields,All Fields,"(""Jinyinhua""[All Fields] OR ""Lonicerae Japonicae Flos""[All Fields] OR ""Lonicera japonica""[All Fields]) AND (""Wumei""[All Fields] OR ""Mume Fructus""[All Fields] OR ""Prunus mume""[All Fields]) AND (""Colitis, Ulcerative""[MeSH Terms] OR ""ulcerative colitis""[All Fields] OR ""colitis""[All Fields] OR ""intestinal barrier""[All Fields] OR ""gut barrier""[All Fields] OR ""intestinal mucosa""[All Fields] OR ""intestinal mucosal barrier""[All Fields] OR ""mucosal barrier""[All Fields])","(""Jinyinhua""[All Fields] OR ""Lonicerae Japonicae Flos""[All Fields] OR ""Lonicera japonica""[All Fields]) AND (""Wumei""[All Fields] OR ""Mume Fructus""[All Fields] OR ""Prunus mume""[All Fields]) AND (""colitis, ulcerative""[MeSH Terms] OR ""ulcerative colitis""[All Fields] OR ""colitis""[All Fields] OR ""intestinal barrier""[All Fields] OR ""gut barrier""[All Fields] OR ""intestinal mucosa""[All Fields] OR ""intestinal mucosal barrier""[All Fields] OR ""mucosal barrier""[All Fields])",0,0,True,,data\formal_analysis\genecards_multisource_pairs_20_strict\pubmed_all_pair_evidence\raw\run_20260926T115108Z\rank_95\broad_all_fields\esearch_request.json,b0fedce7edde7fa9697ac17f71a1caae6eb03094bb67bf0e36026c4558a0eece,data\formal_analysis\genecards_multisource_pairs_20_strict\pubmed_all_pair_evidence\raw\run_20260926T115108Z\rank_95\broad_all_fields\esearch_response.json,57b78b589f8251f1cfeff837b058d063a609720da2242fbdc903542e14e15e53,data\formal_analysis\genecards_multisource_pairs_20_strict\pubmed_all_pair_evidence\raw\run_20260926T115108Z\rank_95\broad_all_fields\parsed_articles.json,4f53cda18c2baa0c0354bb5f9a3ecbe5ed12ab4d8e11ba873c2f11161202b945,,,,
run_20260926T115108Z,2026-09-26T11:51:08.948468+00:00,96,马齿苋,乌梅,马齿苋＋乌梅,strict_title_abstract,Title/Abstract,"(""Machixian""[Title/Abstract] OR ""Portulacae Herba""[Title/Abstract] OR ""Portulaca oleracea""[Title/Abstract]) AND (""Wumei""[Title/Abstract] OR ""Mume Fructus""[Title/Abstract] OR ""Prunus mume""[Title/Abstract]) AND (""Colitis, Ulcerative""[MeSH Terms] OR ""ulcerative colitis""[Title/Abstract] OR ""colitis""[Title/Abstract] OR ""intestinal barrier""[Title/Abstract] OR ""gut barrier""[Title/Abstract] OR ""intestinal mucosa""[Title/Abstract] OR ""intestinal mucosal barrier""[Title/Abstract] OR ""mucosal barrier""[Title/Abstract])","(""Machixian""[Title/Abstract] OR ""Portulacae Herba""[Title/Abstract] OR ""Portulaca oleracea""[Title/Abstract]) AND (""Wumei""[Title/Abstract] OR ""Mume Fructus""[Title/Abstract] OR ""Prunus mume""[Title/Abstract]) AND (""colitis, ulcerative""[MeSH Terms] OR ""ulcerative colitis""[Title/Abstract] OR ""colitis""[Title/Abstract] OR ""intestinal barrier""[Title/Abstract] OR ""gut barrier""[Title/Abstract] OR ""intestinal mucosa""[Title/Abstract] OR ""intestinal mucosal barrier""[Title/Abstract] OR ""mucosal barrier""[Title/Abstract])",0,0,True,,data\formal_analysis\genecards_multisource_pairs_20_strict\pubmed_all_pair_evidence\raw\run_20260926T115108Z\rank_96\strict_title_abstract\esearch_request.json,6fce3f177384dfcd570ea04182018c9e4d0bba111f05c703946329c422e516e9,data\formal_analysis\genecards_multisource_pairs_20_strict\pubmed_all_pair_evidence\raw\run_20260926T115108Z\rank_96\strict_title_abstract\esearch_response.json,fa249cf8503c98e45b139410bcd19c30b1a3005ba68bc6452c429d8f1db61567,data\formal_analysis\genecards_multisource_pairs_20_strict\pubmed_all_pair_evidence\raw\run_20260926T115108Z\rank_96\strict_title_abstract\parsed_articles.json,4f53cda18c2baa0c0354bb5f9a3ecbe5ed12ab4d8e11ba873c2f11161202b945,,,,
run_20260926T115108Z,2026-09-26T11:51:08.948468+00:00,96,马齿苋,乌梅,马齿苋＋乌梅,broad_all_fields,All Fields,"(""Machixian""[All Fields] OR ""Portulacae Herba""[All Fields] OR ""Portulaca oleracea""[All Fields]) AND (""Wumei""[All Fields] OR ""Mume Fructus""[All Fields] OR ""Prunus mume""[All Fields]) AND (""Colitis, Ulcerative""[MeSH Terms] OR ""ulcerative colitis""[All Fields] OR ""colitis""[All Fields] OR ""intestinal barrier""[All Fields] OR ""gut barrier""[All Fields] OR ""intestinal mucosa""[All Fields] OR ""intestinal mucosal barrier""[All Fields] OR ""mucosal barrier""[All Fields])","(""Machixian""[All Fields] OR ""Portulacae Herba""[All Fields] OR ""Portulaca oleracea""[All Fields]) AND (""Wumei""[All Fields] OR ""Mume Fructus""[All Fields] OR ""Prunus mume""[All Fields]) AND (""colitis, ulcerative""[MeSH Terms] OR ""ulcerative colitis""[All Fields] OR ""colitis""[All Fields] OR ""intestinal barrier""[All Fields] OR ""gut barrier""[All Fields] OR ""intestinal mucosa""[All Fields] OR ""intestinal mucosal barrier""[All Fields] OR ""mucosal barrier""[All Fields])",0,0,True,,data\formal_analysis\genecards_multisource_pairs_20_strict\pubmed_all_pair_evidence\raw\run_20260926T115108Z\rank_96\broad_all_fields\esearch_request.json,04aacb53bcfda3be07241f6bb15722ddeb568cd43ead4b78780f9cda2e7cadcb,data\formal_analysis\genecards_multisource_pairs_20_strict\pubmed_all_pair_evidence\raw\run_20260926T115108Z\rank_96\broad_all_fields\esearch_response.json,2dc5a5432422dadbde587c93d70b33a087b7bd976f349abd5b13992b836c3a6b,data\formal_analysis\genecards_multisource_pairs_20_strict\pubmed_all_pair_evidence\raw\run_20260926T115108Z\rank_96\broad_all_fields\parsed_articles.json,4f53cda18c2baa0c0354bb5f9a3ecbe5ed12ab4d8e11ba873c2f11161202b945,,,,
run_20260926T115108Z,2026-09-26T11:51:08.948468+00:00,97,鱼腥草,大枣,鱼腥草＋大枣,strict_title_abstract,Title/Abstract,"(""Yuxingcao""[Title/Abstract] OR ""Houttuyniae Herba""[Title/Abstract] OR ""Houttuynia cordata""[Title/Abstract]) AND (""Dazao""[Title/Abstract] OR ""Jujubae Fructus""[Title/Abstract] OR ""Ziziphus jujuba""[Title/Abstract]) AND (""Colitis, Ulcerative""[MeSH Terms] OR ""ulcerative colitis""[Title/Abstract] OR ""colitis""[Title/Abstract] OR ""intestinal barrier""[Title/Abstract] OR ""gut barrier""[Title/Abstract] OR ""intestinal mucosa""[Title/Abstract] OR ""intestinal mucosal barrier""[Title/Abstract] OR ""mucosal barrier""[Title/Abstract])","(""Yuxingcao""[Title/Abstract] OR ""Houttuyniae Herba""[Title/Abstract] OR ""Houttuynia cordata""[Title/Abstract]) AND (""Dazao""[Title/Abstract] OR ""Jujubae Fructus""[Title/Abstract] OR ""Ziziphus jujuba""[Title/Abstract]) AND (""colitis, ulcerative""[MeSH Terms] OR ""ulcerative colitis""[Title/Abstract] OR ""colitis""[Title/Abstract] OR ""intestinal barrier""[Title/Abstract] OR ""gut barrier""[Title/Abstract] OR ""intestinal mucosa""[Title/Abstract] OR ""intestinal mucosal barrier""[Title/Abstract] OR ""mucosal barrier""[Title/Abstract])",0,0,True,,data\formal_analysis\genecards_multisource_pairs_20_strict\pubmed_all_pair_evidence\raw\run_20260926T115108Z\rank_97\strict_title_abstract\esearch_request.json,b8fab52a4cd344891a6a5b48d6c449d834047028dc6992ed19cd685515b7fa92,data\formal_analysis\genecards_multisource_pairs_20_strict\pubmed_all_pair_evidence\raw\run_20260926T115108Z\rank_97\strict_title_abstract\esearch_response.json,13ecd235a38226f066f13dbdfa3eb2f8f310d251f403ef70fe38de9fd73fc687,data\formal_analysis\genecards_multisource_pairs_20_strict\pubmed_all_pair_evidence\raw\run_20260926T115108Z\rank_97\strict_title_abstract\parsed_articles.json,4f53cda18c2baa0c0354bb5f9a3ecbe5ed12ab4d8e11ba873c2f11161202b945,,,,
run_20260926T115108Z,2026-09-26T11:51:08.948468+00:00,97,鱼腥草,大枣,鱼腥草＋大枣,broad_all_fields,All Fields,"(""Yuxingcao""[All Fields] OR ""Houttuyniae Herba""[All Fields] OR ""Houttuynia cordata""[All Fields]) AND (""Dazao""[All Fields] OR ""Jujubae Fructus""[All Fields] OR ""Ziziphus jujuba""[All Fields]) AND (""Colitis, Ulcerative""[MeSH Terms] OR ""ulcerative colitis""[All Fields] OR ""colitis""[All Fields] OR ""intestinal barrier""[All Fields] OR ""gut barrier""[All Fields] OR ""intestinal mucosa""[All Fields] OR ""intestinal mucosal barrier""[All Fields] OR ""mucosal barrier""[All Fields])","(""Yuxingcao""[All Fields] OR ""Houttuyniae Herba""[All Fields] OR ""Houttuynia cordata""[All Fields]) AND (""Dazao""[All Fields] OR ""Jujubae Fructus""[All Fields] OR ""Ziziphus jujuba""[All Fields]) AND (""colitis, ulcerative""[MeSH Terms] OR ""ulcerative colitis""[All Fields] OR ""colitis""[All Fields] OR ""intestinal barrier""[All Fields] OR ""gut barrier""[All Fields] OR ""intestinal mucosa""[All Fields] OR ""intestinal mucosal barrier""[All Fields] OR ""mucosal barrier""[All Fields])",0,0,True,,data\formal_analysis\genecards_multisource_pairs_20_strict\pubmed_all_pair_evidence\raw\run_20260926T115108Z\rank_97\broad_all_fields\esearch_request.json,2975a8c1f8d099ea56d40bb1dd058f7a08ce0a073a01fcfe0eecd66a2e8c6a9e,data\formal_analysis\genecards_multisource_pairs_20_strict\pubmed_all_pair_evidence\raw\run_20260926T115108Z\rank_97\broad_all_fields\esearch_response.json,335873347f6cba8f776b882f97dffc81699b711b3e8492f0e718aeb29361f278,data\formal_analysis\genecards_multisource_pairs_20_strict\pubmed_all_pair_evidence\raw\run_20260926T115108Z\rank_97\broad_all_fields\parsed_articles.json,4f53cda18c2baa0c0354bb5f9a3ecbe5ed12ab4d8e11ba873c2f11161202b945,,,,
run_20260926T115108Z,2026-09-26T11:51:08.948468+00:00,98,薏苡仁,陈皮,薏苡仁＋陈皮,strict_title_abstract,Title/Abstract,"(""Yiyiren""[Title/Abstract] OR ""Coicis Semen""[Title/Abstract] OR ""Coix lacryma-jobi""[Title/Abstract]) AND (""Chenpi""[Title/Abstract] OR ""Citrus Reticulata""[Title/Abstract]) AND (""Colitis, Ulcerative""[MeSH Terms] OR ""ulcerative colitis""[Title/Abstract] OR ""colitis""[Title/Abstract] OR ""intestinal barrier""[Title/Abstract] OR ""gut barrier""[Title/Abstract] OR ""intestinal mucosa""[Title/Abstract] OR ""intestinal mucosal barrier""[Title/Abstract] OR ""mucosal barrier""[Title/Abstract])","(""Yiyiren""[Title/Abstract] OR ""Coicis Semen""[Title/Abstract] OR ""Coix lacryma-jobi""[Title/Abstract]) AND (""Chenpi""[Title/Abstract] OR ""Citrus Reticulata""[Title/Abstract]) AND (""colitis, ulcerative""[MeSH Terms] OR ""ulcerative colitis""[Title/Abstract] OR ""colitis""[Title/Abstract] OR ""intestinal barrier""[Title/Abstract] OR ""gut barrier""[Title/Abstract] OR ""intestinal mucosa""[Title/Abstract] OR ""intestinal mucosal barrier""[Title/Abstract] OR ""mucosal barrier""[Title/Abstract])",0,0,True,,data\formal_analysis\genecards_multisource_pairs_20_strict\pubmed_all_pair_evidence\raw\run_20260926T115108Z\rank_98\strict_title_abstract\esearch_request.json,e104fc155d4cddfe8dbb4924c6bae9b5f0f59891da35fe56bd24dc5060a65818,data\formal_analysis\genecards_multisource_pairs_20_strict\pubmed_all_pair_evidence\raw\run_20260926T115108Z\rank_98\strict_title_abstract\esearch_response.json,b088d974157ac3e1ac787726458711e6a7b6ded6498350a5e97dbdbe0ab89061,data\formal_analysis\genecards_multisource_pairs_20_strict\pubmed_all_pair_evidence\raw\run_20260926T115108Z\rank_98\strict_title_abstract\parsed_articles.json,4f53cda18c2baa0c0354bb5f9a3ecbe5ed12ab4d8e11ba873c2f11161202b945,,,,
run_20260926T115108Z,2026-09-26T11:51:08.948468+00:00,98,薏苡仁,陈皮,薏苡仁＋陈皮,broad_all_fields,All Fields,"(""Yiyiren""[All Fields] OR ""Coicis Semen""[All Fields] OR ""Coix lacryma-jobi""[All Fields]) AND (""Chenpi""[All Fields] OR ""Citrus Reticulata""[All Fields]) AND (""Colitis, Ulcerative""[MeSH Terms] OR ""ulcerative colitis""[All Fields] OR ""colitis""[All Fields] OR ""intestinal barrier""[All Fields] OR ""gut barrier""[All Fields] OR ""intestinal mucosa""[All Fields] OR ""intestinal mucosal barrier""[All Fields] OR ""mucosal barrier""[All Fields])","(""Yiyiren""[All Fields] OR ""Coicis Semen""[All Fields] OR ""Coix lacryma-jobi""[All Fields]) AND (""Chenpi""[All Fields] OR ""Citrus Reticulata""[All Fields]) AND (""colitis, ulcerative""[MeSH Terms] OR ""ulcerative colitis""[All Fields] OR ""colitis""[All Fields] OR ""intestinal barrier""[All Fields] OR ""gut barrier""[All Fields] OR ""intestinal mucosa""[All Fields] OR ""intestinal mucosal barrier""[All Fields] OR ""mucosal barrier""[All Fields])",0,0,True,,data\formal_analysis\genecards_multisource_pairs_20_strict\pubmed_all_pair_evidence\raw\run_20260926T115108Z\rank_98\broad_all_fields\esearch_request.json,852873f47e3fdf2e5fdc1237d85e1f1d75424d90fd0fbb123baf07ca42ea8056,data\formal_analysis\genecards_multisource_pairs_20_strict\pubmed_all_pair_evidence\raw\run_20260926T115108Z\rank_98\broad_all_fields\esearch_response.json,29b14b0c484fc24eb0d132577d085a678f8b58807f8bec3a584a84e11c988d29,data\formal_analysis\genecards_multisource_pairs_20_strict\pubmed_all_pair_evidence\raw\run_20260926T115108Z\rank_98\broad_all_fields\parsed_articles.json,4f53cda18c2baa0c0354bb5f9a3ecbe5ed12ab4d8e11ba873c2f11161202b945,,,,
run_20260926T115108Z,2026-09-26T11:51:08.948468+00:00,99,薏苡仁,藿香,薏苡仁＋藿香,strict_title_abstract,Title/Abstract,"(""Yiyiren""[Title/Abstract] OR ""Coicis Semen""[Title/Abstract] OR ""Coix lacryma-jobi""[Title/Abstract]) AND (""HuoXiang""[Title/Abstract] OR ""Pogostemon cablin(Blanco)Benth.""[Title/Abstract] OR ""Pogostemon cablin""[Title/Abstract]) AND (""Colitis, Ulcerative""[MeSH Terms] OR ""ulcerative colitis""[Title/Abstract] OR ""colitis""[Title/Abstract] OR ""intestinal barrier""[Title/Abstract] OR ""gut barrier""[Title/Abstract] OR ""intestinal mucosa""[Title/Abstract] OR ""intestinal mucosal barrier""[Title/Abstract] OR ""mucosal barrier""[Title/Abstract])","(""Yiyiren""[Title/Abstract] OR ""Coicis Semen""[Title/Abstract] OR ""Coix lacryma-jobi""[Title/Abstract]) AND (""HuoXiang""[Title/Abstract] OR ""pogostemon cablin blanco benth""[Title/Abstract] OR ""Pogostemon cablin""[Title/Abstract]) AND (""colitis, ulcerative""[MeSH Terms] OR ""ulcerative colitis""[Title/Abstract] OR ""colitis""[Title/Abstract] OR ""intestinal barrier""[Title/Abstract] OR ""gut barrier""[Title/Abstract] OR ""intestinal mucosa""[Title/Abstract] OR ""intestinal mucosal barrier""[Title/Abstract] OR ""mucosal barrier""[Title/Abstract])",0,0,True,,data\formal_analysis\genecards_multisource_pairs_20_strict\pubmed_all_pair_evidence\raw\run_20260926T115108Z\rank_99\strict_title_abstract\esearch_request.json,b4018f7ed9195ff1ef86276fd5c0f97669c7964719919042d858475c5f0c9ca8,data\formal_analysis\genecards_multisource_pairs_20_strict\pubmed_all_pair_evidence\raw\run_20260926T115108Z\rank_99\strict_title_abstract\esearch_response.json,6d8b825fd27b88653fa06579705c477e9ad6d6f35679c4b99c65aff1ccfbeefe,data\formal_analysis\genecards_multisource_pairs_20_strict\pubmed_all_pair_evidence\raw\run_20260926T115108Z\rank_99\strict_title_abstract\parsed_articles.json,4f53cda18c2baa0c0354bb5f9a3ecbe5ed12ab4d8e11ba873c2f11161202b945,,,,
run_20260926T115108Z,2026-09-26T11:51:08.948468+00:00,99,薏苡仁,藿香,薏苡仁＋藿香,broad_all_fields,All Fields,"(""Yiyiren""[All Fields] OR ""Coicis Semen""[All Fields] OR ""Coix lacryma-jobi""[All Fields]) AND (""HuoXiang""[All Fields] OR ""Pogostemon cablin(Blanco)Benth.""[All Fields] OR ""Pogostemon cablin""[All Fields]) AND (""Colitis, Ulcerative""[MeSH Terms] OR ""ulcerative colitis""[All Fields] OR ""colitis""[All Fields] OR ""intestinal barrier""[All Fields] OR ""gut barrier""[All Fields] OR ""intestinal mucosa""[All Fields] OR ""intestinal mucosal barrier""[All Fields] OR ""mucosal barrier""[All Fields])","(""Yiyiren""[All Fields] OR ""Coicis Semen""[All Fields] OR ""Coix lacryma-jobi""[All Fields]) AND (""HuoXiang""[All Fields] OR ""pogostemon cablin blanco benth""[All Fields] OR ""Pogostemon cablin""[All Fields]) AND (""colitis, ulcerative""[MeSH Terms] OR ""ulcerative colitis""[All Fields] OR ""colitis""[All Fields] OR ""intestinal barrier""[All Fields] OR ""gut barrier""[All Fields] OR ""intestinal mucosa""[All Fields] OR ""intestinal mucosal barrier""[All Fields] OR ""mucosal barrier""[All Fields])",0,0,True,,data\formal_analysis\genecards_multisource_pairs_20_strict\pubmed_all_pair_evidence\raw\run_20260926T115108Z\rank_99\broad_all_fields\esearch_request.json,4d18cab6d6b970f43aa55d3c09bae3b0f52eb310876d8920c265dc6b74498864,data\formal_analysis\genecards_multisource_pairs_20_strict\pubmed_all_pair_evidence\raw\run_20260926T115108Z\rank_99\broad_all_fields\esearch_response.json,1eefc1b0db5f844b3162ba8139368772d0209ab0a244d00609db9ac9056ad533,data\formal_analysis\genecards_multisource_pairs_20_strict\pubmed_all_pair_evidence\raw\run_20260926T115108Z\rank_99\broad_all_fields\parsed_articles.json,4f53cda18c2baa0c0354bb5f9a3ecbe5ed12ab4d8e11ba873c2f11161202b945,,,,
run_20260926T115108Z,2026-09-26T11:51:08.948468+00:00,100,薏苡仁,白扁豆,薏苡仁＋白扁豆,strict_title_abstract,Title/Abstract,"(""Yiyiren""[Title/Abstract] OR ""Coicis Semen""[Title/Abstract] OR ""Coix lacryma-jobi""[Title/Abstract]) AND (""Baibiandou""[Title/Abstract] OR ""Lablab Semen Album""[Title/Abstract] OR ""Dolichos lablab""[Title/Abstract]) AND (""Colitis, Ulcerative""[MeSH Terms] OR ""ulcerative colitis""[Title/Abstract] OR ""colitis""[Title/Abstract] OR ""intestinal barrier""[Title/Abstract] OR ""gut barrier""[Title/Abstract] OR ""intestinal mucosa""[Title/Abstract] OR ""intestinal mucosal barrier""[Title/Abstract] OR ""mucosal barrier""[Title/Abstract])","(""Yiyiren""[Title/Abstract] OR ""Coicis Semen""[Title/Abstract] OR ""Coix lacryma-jobi""[Title/Abstract]) AND (""Baibiandou""[Title/Abstract] OR ""Lablab Semen Album""[Title/Abstract] OR ""Dolichos lablab""[Title/Abstract]) AND (""colitis, ulcerative""[MeSH Terms] OR ""ulcerative colitis""[Title/Abstract] OR ""colitis""[Title/Abstract] OR ""intestinal barrier""[Title/Abstract] OR ""gut barrier""[Title/Abstract] OR ""intestinal mucosa""[Title/Abstract] OR ""intestinal mucosal barrier""[Title/Abstract] OR ""mucosal barrier""[Title/Abstract])",0,0,True,,data\formal_analysis\genecards_multisource_pairs_20_strict\pubmed_all_pair_evidence\raw\run_20260926T115108Z\rank_100\strict_title_abstract\esearch_request.json,870d3dd63751dd05db1c063eede29153061f9496214876c57136e3e730f8680b,data\formal_analysis\genecards_multisource_pairs_20_strict\pubmed_all_pair_evidence\raw\run_20260926T115108Z\rank_100\strict_title_abstract\esearch_response.json,f2e217f22e2f2bdf2cf78b5f4afeefca27ab0a7040ba0948e136ad16e17f9408,data\formal_analysis\genecards_multisource_pairs_20_strict\pubmed_all_pair_evidence\raw\run_20260926T115108Z\rank_100\strict_title_abstract\parsed_articles.json,4f53cda18c2baa0c0354bb5f9a3ecbe5ed12ab4d8e11ba873c2f11161202b945,,,,
run_20260926T115108Z,2026-09-26T11:51:08.948468+00:00,100,薏苡仁,白扁豆,薏苡仁＋白扁豆,broad_all_fields,All Fields,"(""Yiyiren""[All Fields] OR ""Coicis Semen""[All Fields] OR ""Coix lacryma-jobi""[All Fields]) AND (""Baibiandou""[All Fields] OR ""Lablab Semen Album""[All Fields] OR ""Dolichos lablab""[All Fields]) AND (""Colitis, Ulcerative""[MeSH Terms] OR ""ulcerative colitis""[All Fields] OR ""colitis""[All Fields] OR ""intestinal barrier""[All Fields] OR ""gut barrier""[All Fields] OR ""intestinal mucosa""[All Fields] OR ""intestinal mucosal barrier""[All Fields] OR ""mucosal barrier""[All Fields])","(""Yiyiren""[All Fields] OR ""Coicis Semen""[All Fields] OR ""Coix lacryma-jobi""[All Fields]) AND (""Baibiandou""[All Fields] OR ""Lablab Semen Album""[All Fields] OR ""Dolichos lablab""[All Fields]) AND (""colitis, ulcerative""[MeSH Terms] OR ""ulcerative colitis""[All Fields] OR ""colitis""[All Fields] OR ""intestinal barrier""[All Fields] OR ""gut barrier""[All Fields] OR ""intestinal mucosa""[All Fields] OR ""intestinal mucosal barrier""[All Fields] OR ""mucosal barrier""[All Fields])",0,0,True,,data\formal_analysis\genecards_multisource_pairs_20_strict\pubmed_all_pair_evidence\raw\run_20260926T115108Z\rank_100\broad_all_fields\esearch_request.json,b742cd3a7a3dd8e2d92de1255a7f835183650a42be65f9e3deeb909251fb3c75,data\formal_analysis\genecards_multisource_pairs_20_strict\pubmed_all_pair_evidence\raw\run_20260926T115108Z\rank_100\broad_all_fields\esearch_response.json,e59b58b7f25330049ddfcfd31619cfb30da33462c84cba07cf271a1ace86b71c,data\formal_analysis\genecards_multisource_pairs_20_strict\pubmed_all_pair_evidence\raw\run_20260926T115108Z\rank_100\broad_all_fields\parsed_articles.json,4f53cda18c2baa0c0354bb5f9a3ecbe5ed12ab4d8e11ba873c2f11161202b945,,,,
run_20260926T115108Z,2026-09-26T11:51:08.948468+00:00,101,薏苡仁,芡实,薏苡仁＋芡实,strict_title_abstract,Title/Abstract,"(""Yiyiren""[Title/Abstract] OR ""Coicis Semen""[Title/Abstract] OR ""Coix lacryma-jobi""[Title/Abstract]) AND (""Qianshi""[Title/Abstract] OR ""Euryales Semen""[Title/Abstract] OR ""Euryale ferox""[Title/Abstract]) AND (""Colitis, Ulcerative""[MeSH Terms] OR ""ulcerative colitis""[Title/Abstract] OR ""colitis""[Title/Abstract] OR ""intestinal barrier""[Title/Abstract] OR ""gut barrier""[Title/Abstract] OR ""intestinal mucosa""[Title/Abstract] OR ""intestinal mucosal barrier""[Title/Abstract] OR ""mucosal barrier""[Title/Abstract])","(""Yiyiren""[Title/Abstract] OR ""Coicis Semen""[Title/Abstract] OR ""Coix lacryma-jobi""[Title/Abstract]) AND (""Qianshi""[Title/Abstract] OR ""Euryales Semen""[Title/Abstract] OR ""Euryale ferox""[Title/Abstract]) AND (""colitis, ulcerative""[MeSH Terms] OR ""ulcerative colitis""[Title/Abstract] OR ""colitis""[Title/Abstract] OR ""intestinal barrier""[Title/Abstract] OR ""gut barrier""[Title/Abstract] OR ""intestinal mucosa""[Title/Abstract] OR ""intestinal mucosal barrier""[Title/Abstract] OR ""mucosal barrier""[Title/Abstract])",0,0,True,,data\formal_analysis\genecards_multisource_pairs_20_strict\pubmed_all_pair_evidence\raw\run_20260926T115108Z\rank_101\strict_title_abstract\esearch_request.json,12a2f67c1370316662d2027e38cf77fa200173dacf1b5dc34f1d81dbdf3fc646,data\formal_analysis\genecards_multisource_pairs_20_strict\pubmed_all_pair_evidence\raw\run_20260926T115108Z\rank_101\strict_title_abstract\esearch_response.json,68c398e72fa764ab00f82cdafde88b748227e19175164266009c34f478276852,data\formal_analysis\genecards_multisource_pairs_20_strict\pubmed_all_pair_evidence\raw\run_20260926T115108Z\rank_101\strict_title_abstract\parsed_articles.json,4f53cda18c2baa0c0354bb5f9a3ecbe5ed12ab4d8e11ba873c2f11161202b945,,,,
run_20260926T115108Z,2026-09-26T11:51:08.948468+00:00,101,薏苡仁,芡实,薏苡仁＋芡实,broad_all_fields,All Fields,"(""Yiyiren""[All Fields] OR ""Coicis Semen""[All Fields] OR ""Coix lacryma-jobi""[All Fields]) AND (""Qianshi""[All Fields] OR ""Euryales Semen""[All Fields] OR ""Euryale ferox""[All Fields]) AND (""Colitis, Ulcerative""[MeSH Terms] OR ""ulcerative colitis""[All Fields] OR ""colitis""[All Fields] OR ""intestinal barrier""[All Fields] OR ""gut barrier""[All Fields] OR ""intestinal mucosa""[All Fields] OR ""intestinal mucosal barrier""[All Fields] OR ""mucosal barrier""[All Fields])","(""Yiyiren""[All Fields] OR ""Coicis Semen""[All Fields] OR ""Coix lacryma-jobi""[All Fields]) AND (""Qianshi""[All Fields] OR ""Euryales Semen""[All Fields] OR ""Euryale ferox""[All Fields]) AND (""colitis, ulcerative""[MeSH Terms] OR ""ulcerative colitis""[All Fields] OR ""colitis""[All Fields] OR ""intestinal barrier""[All Fields] OR ""gut barrier""[All Fields] OR ""intestinal mucosa""[All Fields] OR ""intestinal mucosal barrier""[All Fields] OR ""mucosal barrier""[All Fields])",0,0,True,,data\formal_analysis\genecards_multisource_pairs_20_strict\pubmed_all_pair_evidence\raw\run_20260926T115108Z\rank_101\broad_all_fields\esearch_request.json,31784ffcaaa140dbc49e02d1be7be0fff9f3e9644a4b1b8919cbb5098909184b,data\formal_analysis\genecards_multisource_pairs_20_strict\pubmed_all_pair_evidence\raw\run_20260926T115108Z\rank_101\broad_all_fields\esearch_response.json,6a95b71f82e7e54cae400d2916b35d169b112a9432b47f251b2fa6f3abf2bcbb,data\formal_analysis\genecards_multisource_pairs_20_strict\pubmed_all_pair_evidence\raw\run_20260926T115108Z\rank_101\broad_all_fields\parsed_articles.json,4f53cda18c2baa0c0354bb5f9a3ecbe5ed12ab4d8e11ba873c2f11161202b945,,,,
run_20260926T115108Z,2026-09-26T11:51:08.948468+00:00,102,白扁豆,藿香,白扁豆＋藿香,strict_title_abstract,Title/Abstract,"(""Baibiandou""[Title/Abstract] OR ""Lablab Semen Album""[Title/Abstract] OR ""Dolichos lablab""[Title/Abstract]) AND (""HuoXiang""[Title/Abstract] OR ""Pogostemon cablin(Blanco)Benth.""[Title/Abstract] OR ""Pogostemon cablin""[Title/Abstract]) AND (""Colitis, Ulcerative""[MeSH Terms] OR ""ulcerative colitis""[Title/Abstract] OR ""colitis""[Title/Abstract] OR ""intestinal barrier""[Title/Abstract] OR ""gut barrier""[Title/Abstract] OR ""intestinal mucosa""[Title/Abstract] OR ""intestinal mucosal barrier""[Title/Abstract] OR ""mucosal barrier""[Title/Abstract])","(""Baibiandou""[Title/Abstract] OR ""Lablab Semen Album""[Title/Abstract] OR ""Dolichos lablab""[Title/Abstract]) AND (""HuoXiang""[Title/Abstract] OR ""pogostemon cablin blanco benth""[Title/Abstract] OR ""Pogostemon cablin""[Title/Abstract]) AND (""colitis, ulcerative""[MeSH Terms] OR ""ulcerative colitis""[Title/Abstract] OR ""colitis""[Title/Abstract] OR ""intestinal barrier""[Title/Abstract] OR ""gut barrier""[Title/Abstract] OR ""intestinal mucosa""[Title/Abstract] OR ""intestinal mucosal barrier""[Title/Abstract] OR ""mucosal barrier""[Title/Abstract])",0,0,True,,data\formal_analysis\genecards_multisource_pairs_20_strict\pubmed_all_pair_evidence\raw\run_20260926T115108Z\rank_102\strict_title_abstract\esearch_request.json,d7b68c6de2d1f67c70bbff5a7e53cbf0d0f4906fc2a3842c36990c30fdc580a7,data\formal_analysis\genecards_multisource_pairs_20_strict\pubmed_all_pair_evidence\raw\run_20260926T115108Z\rank_102\strict_title_abstract\esearch_response.json,b84c62f53a844133a7434d1583469fb8399c981b1ae35d64f93f46de25e2882e,data\formal_analysis\genecards_multisource_pairs_20_strict\pubmed_all_pair_evidence\raw\run_20260926T115108Z\rank_102\strict_title_abstract\parsed_articles.json,4f53cda18c2baa0c0354bb5f9a3ecbe5ed12ab4d8e11ba873c2f11161202b945,,,,
run_20260926T115108Z,2026-09-26T11:51:08.948468+00:00,102,白扁豆,藿香,白扁豆＋藿香,broad_all_fields,All Fields,"(""Baibiandou""[All Fields] OR ""Lablab Semen Album""[All Fields] OR ""Dolichos lablab""[All Fields]) AND (""HuoXiang""[All Fields] OR ""Pogostemon cablin(Blanco)Benth.""[All Fields] OR ""Pogostemon cablin""[All Fields]) AND (""Colitis, Ulcerative""[MeSH Terms] OR ""ulcerative colitis""[All Fields] OR ""colitis""[All Fields] OR ""intestinal barrier""[All Fields] OR ""gut barrier""[All Fields] OR ""intestinal mucosa""[All Fields] OR ""intestinal mucosal barrier""[All Fields] OR ""mucosal barrier""[All Fields])","(""Baibiandou""[All Fields] OR ""Lablab Semen Album""[All Fields] OR ""Dolichos lablab""[All Fields]) AND (""HuoXiang""[All Fields] OR ""pogostemon cablin blanco benth""[All Fields] OR ""Pogostemon cablin""[All Fields]) AND (""colitis, ulcerative""[MeSH Terms] OR ""ulcerative colitis""[All Fields] OR ""colitis""[All Fields] OR ""intestinal barrier""[All Fields] OR ""gut barrier""[All Fields] OR ""intestinal mucosa""[All Fields] OR ""intestinal mucosal barrier""[All Fields] OR ""mucosal barrier""[All Fields])",0,0,True,,data\formal_analysis\genecards_multisource_pairs_20_strict\pubmed_all_pair_evidence\raw\run_20260926T115108Z\rank_102\broad_all_fields\esearch_request.json,b38ad1aa5e70ded81b8b3e0d1c51e9a3e517ff6d05953fa3fd2fbdb529ea1c8b,data\formal_analysis\genecards_multisource_pairs_20_strict\pubmed_all_pair_evidence\raw\run_20260926T115108Z\rank_102\broad_all_fields\esearch_response.json,82e7b91b594b89802877d5c3620790aa7fde5353be1c8d3876f24ae537bda99f,data\formal_analysis\genecards_multisource_pairs_20_strict\pubmed_all_pair_evidence\raw\run_20260926T115108Z\rank_102\broad_all_fields\parsed_articles.json,4f53cda18c2baa0c0354bb5f9a3ecbe5ed12ab4d8e11ba873c2f11161202b945,,,,
run_20260926T115108Z,2026-09-26T11:51:08.948468+00:00,103,芡实,藿香,芡实＋藿香,strict_title_abstract,Title/Abstract,"(""Qianshi""[Title/Abstract] OR ""Euryales Semen""[Title/Abstract] OR ""Euryale ferox""[Title/Abstract]) AND (""HuoXiang""[Title/Abstract] OR ""Pogostemon cablin(Blanco)Benth.""[Title/Abstract] OR ""Pogostemon cablin""[Title/Abstract]) AND (""Colitis, Ulcerative""[MeSH Terms] OR ""ulcerative colitis""[Title/Abstract] OR ""colitis""[Title/Abstract] OR ""intestinal barrier""[Title/Abstract] OR ""gut barrier""[Title/Abstract] OR ""intestinal mucosa""[Title/Abstract] OR ""intestinal mucosal barrier""[Title/Abstract] OR ""mucosal barrier""[Title/Abstract])","(""Qianshi""[Title/Abstract] OR ""Euryales Semen""[Title/Abstract] OR ""Euryale ferox""[Title/Abstract]) AND (""HuoXiang""[Title/Abstract] OR ""pogostemon cablin blanco benth""[Title/Abstract] OR ""Pogostemon cablin""[Title/Abstract]) AND (""colitis, ulcerative""[MeSH Terms] OR ""ulcerative colitis""[Title/Abstract] OR ""colitis""[Title/Abstract] OR ""intestinal barrier""[Title/Abstract] OR ""gut barrier""[Title/Abstract] OR ""intestinal mucosa""[Title/Abstract] OR ""intestinal mucosal barrier""[Title/Abstract] OR ""mucosal barrier""[Title/Abstract])",0,0,True,,data\formal_analysis\genecards_multisource_pairs_20_strict\pubmed_all_pair_evidence\raw\run_20260926T115108Z\rank_103\strict_title_abstract\esearch_request.json,5fcd9937ef85adae32e47f7e2a5bd798241b9d98f00842189c061ff7e655f314,data\formal_analysis\genecards_multisource_pairs_20_strict\pubmed_all_pair_evidence\raw\run_20260926T115108Z\rank_103\strict_title_abstract\esearch_response.json,55948fc6e27b602b16ce3c4a64fac0ab6d118d1065d6e9b7daba5ba89a6bfcdf,data\formal_analysis\genecards_multisource_pairs_20_strict\pubmed_all_pair_evidence\raw\run_20260926T115108Z\rank_103\strict_title_abstract\parsed_articles.json,4f53cda18c2baa0c0354bb5f9a3ecbe5ed12ab4d8e11ba873c2f11161202b945,,,,
run_20260926T115108Z,2026-09-26T11:51:08.948468+00:00,103,芡实,藿香,芡实＋藿香,broad_all_fields,All Fields,"(""Qianshi""[All Fields] OR ""Euryales Semen""[All Fields] OR ""Euryale ferox""[All Fields]) AND (""HuoXiang""[All Fields] OR ""Pogostemon cablin(Blanco)Benth.""[All Fields] OR ""Pogostemon cablin""[All Fields]) AND (""Colitis, Ulcerative""[MeSH Terms] OR ""ulcerative colitis""[All Fields] OR ""colitis""[All Fields] OR ""intestinal barrier""[All Fields] OR ""gut barrier""[All Fields] OR ""intestinal mucosa""[All Fields] OR ""intestinal mucosal barrier""[All Fields] OR ""mucosal barrier""[All Fields])","(""Qianshi""[All Fields] OR ""Euryales Semen""[All Fields] OR ""Euryale ferox""[All Fields]) AND (""HuoXiang""[All Fields] OR ""pogostemon cablin blanco benth""[All Fields] OR ""Pogostemon cablin""[All Fields]) AND (""colitis, ulcerative""[MeSH Terms] OR ""ulcerative colitis""[All Fields] OR ""colitis""[All Fields] OR ""intestinal barrier""[All Fields] OR ""gut barrier""[All Fields] OR ""intestinal mucosa""[All Fields] OR ""intestinal mucosal barrier""[All Fields] OR ""mucosal barrier""[All Fields])",0,0,True,,data\formal_analysis\genecards_multisource_pairs_20_strict\pubmed_all_pair_evidence\raw\run_20260926T115108Z\rank_103\broad_all_fields\esearch_request.json,11e42bc50e563e38e1b4342734fe98834f88b67068e1e1f38959a94d31b374fa,data\formal_analysis\genecards_multisource_pairs_20_strict\pubmed_all_pair_evidence\raw\run_20260926T115108Z\rank_103\broad_all_fields\esearch_response.json,20ae6e6d0cd8478a96a7cb09c38ba1c8dfab1952ad195bfdcb15a5c491b7026f,data\formal_analysis\genecards_multisource_pairs_20_strict\pubmed_all_pair_evidence\raw\run_20260926T115108Z\rank_103\broad_all_fields\parsed_articles.json,4f53cda18c2baa0c0354bb5f9a3ecbe5ed12ab4d8e11ba873c2f11161202b945,,,,
run_20260926T115108Z,2026-09-26T11:51:08.948468+00:00,104,茯苓,藿香,茯苓＋藿香,strict_title_abstract,Title/Abstract,"(""Fuling""[Title/Abstract] OR ""Poria Cocos(Schw.) Wolf.""[Title/Abstract] OR ""Poria cocos""[Title/Abstract]) AND (""HuoXiang""[Title/Abstract] OR ""Pogostemon cablin(Blanco)Benth.""[Title/Abstract] OR ""Pogostemon cablin""[Title/Abstract]) AND (""Colitis, Ulcerative""[MeSH Terms] OR ""ulcerative colitis""[Title/Abstract] OR ""colitis""[Title/Abstract] OR ""intestinal barrier""[Title/Abstract] OR ""gut barrier""[Title/Abstract] OR ""intestinal mucosa""[Title/Abstract] OR ""intestinal mucosal barrier""[Title/Abstract] OR ""mucosal barrier""[Title/Abstract])","(""Fuling""[Title/Abstract] OR ""poria cocos schw wolf""[Title/Abstract] OR ""poria cocos""[Title/Abstract]) AND (""HuoXiang""[Title/Abstract] OR ""pogostemon cablin blanco benth""[Title/Abstract] OR ""Pogostemon cablin""[Title/Abstract]) AND (""colitis, ulcerative""[MeSH Terms] OR ""ulcerative colitis""[Title/Abstract] OR ""colitis""[Title/Abstract] OR ""intestinal barrier""[Title/Abstract] OR ""gut barrier""[Title/Abstract] OR ""intestinal mucosa""[Title/Abstract] OR ""intestinal mucosal barrier""[Title/Abstract] OR ""mucosal barrier""[Title/Abstract])",0,0,True,,data\formal_analysis\genecards_multisource_pairs_20_strict\pubmed_all_pair_evidence\raw\run_20260926T115108Z\rank_104\strict_title_abstract\esearch_request.json,10fbd5c70579e6659555bbcde9c85e5434ae711f8feb061d2ce6f73fe5e1e730,data\formal_analysis\genecards_multisource_pairs_20_strict\pubmed_all_pair_evidence\raw\run_20260926T115108Z\rank_104\strict_title_abstract\esearch_response.json,bd75d14b4d6465100564e3f49961c62746b83e458f49792c2384f811abb0bd57,data\formal_analysis\genecards_multisource_pairs_20_strict\pubmed_all_pair_evidence\raw\run_20260926T115108Z\rank_104\strict_title_abstract\parsed_articles.json,4f53cda18c2baa0c0354bb5f9a3ecbe5ed12ab4d8e11ba873c2f11161202b945,,,,
run_20260926T115108Z,2026-09-26T11:51:08.948468+00:00,104,茯苓,藿香,茯苓＋藿香,broad_all_fields,All Fields,"(""Fuling""[All Fields] OR ""Poria Cocos(Schw.) Wolf.""[All Fields] OR ""Poria cocos""[All Fields]) AND (""HuoXiang""[All Fields] OR ""Pogostemon cablin(Blanco)Benth.""[All Fields] OR ""Pogostemon cablin""[All Fields]) AND (""Colitis, Ulcerative""[MeSH Terms] OR ""ulcerative colitis""[All Fields] OR ""colitis""[All Fields] OR ""intestinal barrier""[All Fields] OR ""gut barrier""[All Fields] OR ""intestinal mucosa""[All Fields] OR ""intestinal mucosal barrier""[All Fields] OR ""mucosal barrier""[All Fields])","(""Fuling""[All Fields] OR ""poria cocos schw wolf""[All Fields] OR ""poria cocos""[All Fields]) AND (""HuoXiang""[All Fields] OR ""pogostemon cablin blanco benth""[All Fields] OR ""Pogostemon cablin""[All Fields]) AND (""colitis, ulcerative""[MeSH Terms] OR ""ulcerative colitis""[All Fields] OR ""colitis""[All Fields] OR ""intestinal barrier""[All Fields] OR ""gut barrier""[All Fields] OR ""intestinal mucosa""[All Fields] OR ""intestinal mucosal barrier""[All Fields] OR ""mucosal barrier""[All Fields])",0,0,True,,data\formal_analysis\genecards_multisource_pairs_20_strict\pubmed_all_pair_evidence\raw\run_20260926T115108Z\rank_104\broad_all_fields\esearch_request.json,91706fb2d6a171abd67b86412f6199b85639e92ebfcdc154e1284c7daffeec4b,data\formal_analysis\genecards_multisource_pairs_20_strict\pubmed_all_pair_evidence\raw\run_20260926T115108Z\rank_104\broad_all_fields\esearch_response.json,685c7c84203876ad3749bd8b97901d3c7e9a6f57f178c59245463a18c55b36d3,data\formal_analysis\genecards_multisource_pairs_20_strict\pubmed_all_pair_evidence\raw\run_20260926T115108Z\rank_104\broad_all_fields\parsed_articles.json,4f53cda18c2baa0c0354bb5f9a3ecbe5ed12ab4d8e11ba873c2f11161202b945,,,,
run_20260926T115108Z,2026-09-26T11:51:08.948468+00:00,105,茯苓,白扁豆,茯苓＋白扁豆,strict_title_abstract,Title/Abstract,"(""Fuling""[Title/Abstract] OR ""Poria Cocos(Schw.) Wolf.""[Title/Abstract] OR ""Poria cocos""[Title/Abstract]) AND (""Baibiandou""[Title/Abstract] OR ""Lablab Semen Album""[Title/Abstract] OR ""Dolichos lablab""[Title/Abstract]) AND (""Colitis, Ulcerative""[MeSH Terms] OR ""ulcerative colitis""[Title/Abstract] OR ""colitis""[Title/Abstract] OR ""intestinal barrier""[Title/Abstract] OR ""gut barrier""[Title/Abstract] OR ""intestinal mucosa""[Title/Abstract] OR ""intestinal mucosal barrier""[Title/Abstract] OR ""mucosal barrier""[Title/Abstract])","(""Fuling""[Title/Abstract] OR ""poria cocos schw wolf""[Title/Abstract] OR ""poria cocos""[Title/Abstract]) AND (""Baibiandou""[Title/Abstract] OR ""Lablab Semen Album""[Title/Abstract] OR ""Dolichos lablab""[Title/Abstract]) AND (""colitis, ulcerative""[MeSH Terms] OR ""ulcerative colitis""[Title/Abstract] OR ""colitis""[Title/Abstract] OR ""intestinal barrier""[Title/Abstract] OR ""gut barrier""[Title/Abstract] OR ""intestinal mucosa""[Title/Abstract] OR ""intestinal mucosal barrier""[Title/Abstract] OR ""mucosal barrier""[Title/Abstract])",0,0,True,,data\formal_analysis\genecards_multisource_pairs_20_strict\pubmed_all_pair_evidence\raw\run_20260926T115108Z\rank_105\strict_title_abstract\esearch_request.json,0bf55614d4a3079bc1e021f3c8a6a9a19582545a84bd1615973b7d54e5202a12,data\formal_analysis\genecards_multisource_pairs_20_strict\pubmed_all_pair_evidence\raw\run_20260926T115108Z\rank_105\strict_title_abstract\esearch_response.json,a48bd8fdc2c6a9baf06eaada5fc8242ec1e548f5873527302313d2528090baa9,data\formal_analysis\genecards_multisource_pairs_20_strict\pubmed_all_pair_evidence\raw\run_20260926T115108Z\rank_105\strict_title_abstract\parsed_articles.json,4f53cda18c2baa0c0354bb5f9a3ecbe5ed12ab4d8e11ba873c2f11161202b945,,,,
run_20260926T115108Z,2026-09-26T11:51:08.948468+00:00,105,茯苓,白扁豆,茯苓＋白扁豆,broad_all_fields,All Fields,"(""Fuling""[All Fields] OR ""Poria Cocos(Schw.) Wolf.""[All Fields] OR ""Poria cocos""[All Fields]) AND (""Baibiandou""[All Fields] OR ""Lablab Semen Album""[All Fields] OR ""Dolichos lablab""[All Fields]) AND (""Colitis, Ulcerative""[MeSH Terms] OR ""ulcerative colitis""[All Fields] OR ""colitis""[All Fields] OR ""intestinal barrier""[All Fields] OR ""gut barrier""[All Fields] OR ""intestinal mucosa""[All Fields] OR ""intestinal mucosal barrier""[All Fields] OR ""mucosal barrier""[All Fields])","(""Fuling""[All Fields] OR ""poria cocos schw wolf""[All Fields] OR ""poria cocos""[All Fields]) AND (""Baibiandou""[All Fields] OR ""Lablab Semen Album""[All Fields] OR ""Dolichos lablab""[All Fields]) AND (""colitis, ulcerative""[MeSH Terms] OR ""ulcerative colitis""[All Fields] OR ""colitis""[All Fields] OR ""intestinal barrier""[All Fields] OR ""gut barrier""[All Fields] OR ""intestinal mucosa""[All Fields] OR ""intestinal mucosal barrier""[All Fields] OR ""mucosal barrier""[All Fields])",0,0,True,,data\formal_analysis\genecards_multisource_pairs_20_strict\pubmed_all_pair_evidence\raw\run_20260926T115108Z\rank_105\broad_all_fields\esearch_request.json,4ca16d5bb23e8191904b0b5cf63e2ec2d0f6d2dfe1ff50f760e99c45f30ddffe,data\formal_analysis\genecards_multisource_pairs_20_strict\pubmed_all_pair_evidence\raw\run_20260926T115108Z\rank_105\broad_all_fields\esearch_response.json,5555a09d86e87002a79f5e63669b9bf6e52709a33d9f518fcb9b8a2aeee2c9cd,data\formal_analysis\genecards_multisource_pairs_20_strict\pubmed_all_pair_evidence\raw\run_20260926T115108Z\rank_105\broad_all_fields\parsed_articles.json,4f53cda18c2baa0c0354bb5f9a3ecbe5ed12ab4d8e11ba873c2f11161202b945,,,,
run_20260926T115108Z,2026-09-26T11:51:08.948468+00:00,106,茯苓,芡实,茯苓＋芡实,strict_title_abstract,Title/Abstract,"(""Fuling""[Title/Abstract] OR ""Poria Cocos(Schw.) Wolf.""[Title/Abstract] OR ""Poria cocos""[Title/Abstract]) AND (""Qianshi""[Title/Abstract] OR ""Euryales Semen""[Title/Abstract] OR ""Euryale ferox""[Title/Abstract]) AND (""Colitis, Ulcerative""[MeSH Terms] OR ""ulcerative colitis""[Title/Abstract] OR ""colitis""[Title/Abstract] OR ""intestinal barrier""[Title/Abstract] OR ""gut barrier""[Title/Abstract] OR ""intestinal mucosa""[Title/Abstract] OR ""intestinal mucosal barrier""[Title/Abstract] OR ""mucosal barrier""[Title/Abstract])","(""Fuling""[Title/Abstract] OR ""poria cocos schw wolf""[Title/Abstract] OR ""poria cocos""[Title/Abstract]) AND (""Qianshi""[Title/Abstract] OR ""Euryales Semen""[Title/Abstract] OR ""Euryale ferox""[Title/Abstract]) AND (""colitis, ulcerative""[MeSH Terms] OR ""ulcerative colitis""[Title/Abstract] OR ""colitis""[Title/Abstract] OR ""intestinal barrier""[Title/Abstract] OR ""gut barrier""[Title/Abstract] OR ""intestinal mucosa""[Title/Abstract] OR ""intestinal mucosal barrier""[Title/Abstract] OR ""mucosal barrier""[Title/Abstract])",0,0,True,,data\formal_analysis\genecards_multisource_pairs_20_strict\pubmed_all_pair_evidence\raw\run_20260926T115108Z\rank_106\strict_title_abstract\esearch_request.json,815e755ea14e12443e6904ad27beb0a8b025ad9ddd5a82db36a92fa70b3359c2,data\formal_analysis\genecards_multisource_pairs_20_strict\pubmed_all_pair_evidence\raw\run_20260926T115108Z\rank_106\strict_title_abstract\esearch_response.json,56f8f054f77c7beff2fdb4ec372a5f796c2df8ea1371a18b2439effdc9d28ff3,data\formal_analysis\genecards_multisource_pairs_20_strict\pubmed_all_pair_evidence\raw\run_20260926T115108Z\rank_106\strict_title_abstract\parsed_articles.json,4f53cda18c2baa0c0354bb5f9a3ecbe5ed12ab4d8e11ba873c2f11161202b945,,,,
run_20260926T115108Z,2026-09-26T11:51:08.948468+00:00,106,茯苓,芡实,茯苓＋芡实,broad_all_fields,All Fields,"(""Fuling""[All Fields] OR ""Poria Cocos(Schw.) Wolf.""[All Fields] OR ""Poria cocos""[All Fields]) AND (""Qianshi""[All Fields] OR ""Euryales Semen""[All Fields] OR ""Euryale ferox""[All Fields]) AND (""Colitis, Ulcerative""[MeSH Terms] OR ""ulcerative colitis""[All Fields] OR ""colitis""[All Fields] OR ""intestinal barrier""[All Fields] OR ""gut barrier""[All Fields] OR ""intestinal mucosa""[All Fields] OR ""intestinal mucosal barrier""[All Fields] OR ""mucosal barrier""[All Fields])","(""Fuling""[All Fields] OR ""poria cocos schw wolf""[All Fields] OR ""poria cocos""[All Fields]) AND (""Qianshi""[All Fields] OR ""Euryales Semen""[All Fields] OR ""Euryale ferox""[All Fields]) AND (""colitis, ulcerative""[MeSH Terms] OR ""ulcerative colitis""[All Fields] OR ""colitis""[All Fields] OR ""intestinal barrier""[All Fields] OR ""gut barrier""[All Fields] OR ""intestinal mucosa""[All Fields] OR ""intestinal mucosal barrier""[All Fields] OR ""mucosal barrier""[All Fields])",0,0,True,,data\formal_analysis\genecards_multisource_pairs_20_strict\pubmed_all_pair_evidence\raw\run_20260926T115108Z\rank_106\broad_all_fields\esearch_request.json,2f4fd11befd6cc56ca74025eb6ccf7da788e93f0b9999fe8ac28906481c09087,data\formal_analysis\genecards_multisource_pairs_20_strict\pubmed_all_pair_evidence\raw\run_20260926T115108Z\rank_106\broad_all_fields\esearch_response.json,8f4bc5e8a9e0f5eb1bae4029574f51fdd35b162a447e985a70ef58a220b6f889,data\formal_analysis\genecards_multisource_pairs_20_strict\pubmed_all_pair_evidence\raw\run_20260926T115108Z\rank_106\broad_all_fields\parsed_articles.json,4f53cda18c2baa0c0354bb5f9a3ecbe5ed12ab4d8e11ba873c2f11161202b945,,,,
