Category	Term	Count	%	PValue	Genes	List Total	Pop Hits	Pop Total	Fold Enrichment	Bonferroni	Benjamini	FDR
GOTERM_BP_FAT	GO:0070887~cellular response to chemical stimulus	52	81.25	9.7878812708398E-38	O75469, P28482, P04637, P13500, P42224, Q07869, P08684, P04040, P09211, Q16236, P05177, P25963, P31645, P01033, O96017, P35968, P27361, P37231, P01106, P08253, P00533, P08254, P42574, P01344, P22301, P01584, Q9NRD8, P01583, P24385, P29474, P10415, P35354, P14780, P05231, P06400, P01375, P35869, Q9UNQ0, Q15848, P09917, P31749, P19320, P35228, P10145, P23219, Q04206, P09488, P02778, P05164, P05362, Q16665, P09601	64	2129	19104	7.290746829497417	3.5402766556627557E-34	3.5392978675356714E-34	2.6495794600163336E-34
GOTERM_BP_FAT	GO:0042127~regulation of cell population proliferation	48	75.0	7.181987751062458E-35	P11926, P01583, P24385, P29474, P10415, P28482, P04637, P35354, P13500, P42224, P00749, P14780, P01579, P09211, P05231, P25963, P29965, P01375, P06400, P31645, P01033, P35869, P35968, O15392, Q15848, P09917, P04626, P31749, P27361, P19320, P38936, P35228, P10145, P37231, P23219, Q04206, Q07812, P01106, P02778, P08253, Q16665, P00533, P42574, P09601, P01344, P60568, P22301, P01584	64	1838	19104	7.7954298150163215	2.597724969559291E-31	1.2985033853920925E-31	9.720820421063037E-32
GOTERM_BP_FAT	GO:1901700~response to oxygen-containing compound	45	70.3125	2.635000661113427E-32	Q9NRD8, P01583, P24385, P29474, P10415, P28482, P04637, P13500, P42224, P14780, Q07869, P04040, Q14790, P09211, Q16236, P05231, P25963, P01375, P06400, P31645, P01033, O96017, P35869, Q15848, O15111, P31749, P27361, P19320, P35228, P10145, P37231, Q04206, P02778, P05164, P08253, P05362, Q16665, P08254, P00533, P42574, P09601, P01344, P60568, P22301, P01584	64	1685	19104	7.971810089020771	9.530797391247267E-29	3.176054130195384E-29	2.377648929878016E-29
GOTERM_BP_FAT	GO:0009628~response to abiotic stimulus	38	59.375	1.4703060725498235E-28	P01583, P24385, P29474, P10415, P04637, P35354, P42224, P00749, P14780, Q07869, P04040, Q14790, Q16236, P25963, P01375, P31645, P01033, O96017, Q15848, P31749, P03956, P27361, P19320, P38936, P35228, P37231, Q04206, Q07812, P01106, P02778, P05164, P08253, Q16665, P08254, P00533, P42574, P09601, P01584	64	1202	19104	9.436772046589018	5.318097064412712E-25	1.3291566895850404E-25	9.95029634598093E-26
GOTERM_BP_FAT	GO:0043067~regulation of programmed cell death	42	65.625	2.394023803084108E-28	P01583, P24385, P29474, P10415, P04637, P35354, P13500, P42224, P14780, Q07869, P04040, P01579, Q14790, P09211, Q16236, P05231, P29965, P01375, P06400, P01033, O96017, P35968, O15392, Q15848, P04626, P31749, P38936, P37231, Q04206, Q07812, P01106, P02778, P05164, P08253, P05362, Q16665, P00533, P42574, P09601, P60568, P22301, P01584	64	1680	19104	7.4624999999999995	8.659184095755218E-25	1.731358014390427E-25	1.296124486989736E-25
GOTERM_BP_FAT	GO:1901701~cellular response to oxygen-containing compound	37	57.8125	8.1975171566061E-28	P01583, P29474, P28482, P04637, P13500, P42224, P14780, Q07869, P04040, P09211, Q16236, P05231, P25963, P01375, P06400, P31645, P01033, O96017, P35869, Q15848, P31749, P27361, P19320, P35228, P10145, P37231, Q04206, P02778, P05164, P08253, P05362, Q16665, P08254, P00533, P01344, P22301, P01584	64	1157	19104	9.54580812445981	2.9650419555444263E-24	4.940370339714609E-25	3.6984464904887854E-25
GOTERM_BP_FAT	GO:0042981~regulation of apoptotic process	41	64.0625	1.0472721309617202E-27	P01583, P24385, P29474, P10415, P04637, P35354, P13500, P42224, P14780, Q07869, P04040, P01579, Q14790, P09211, Q16236, P05231, P29965, P01375, P06400, P01033, O96017, P35968, O15392, Q15848, P04626, P31749, P37231, Q04206, Q07812, P01106, P02778, P05164, P08253, P05362, Q16665, P00533, P42574, P09601, P60568, P22301, P01584	64	1617	19104	7.568645640074212	3.787983297688542E-24	5.4099086079394E-25	4.049950940733395E-25
KEGG_PATHWAY	hsa05200:Pathways in cancer	35	54.6875	1.246577429776952E-26	P24385, P10415, P28482, P04637, P35354, P42224, P14780, P01579, Q14790, P09211, Q16236, P05231, P25963, P06400, O15392, O15111, P04626, P31749, P03956, P27361, P38936, P35228, P10145, P37231, Q04206, Q07812, P09488, P01106, P08253, Q16665, P00533, P42574, P09601, P01344, P60568	63	533	9375	9.771732332707943	2.754936119807064E-24	2.7674018941048334E-24	9.224672980349445E-25
GOTERM_BP_FAT	GO:1901698~response to nitrogen compound	33	51.5625	3.5718482012007445E-25	Q9NRD8, P28482, P04637, P42224, P14780, Q07869, P04040, P09211, Q16236, P05231, P25963, P01375, P06400, P31645, P01033, P35869, Q15848, O15111, P31749, P27361, P19320, P37231, Q04206, P09488, P01106, P08253, P05362, P08254, P42574, P01344, P60568, P22301, P01584	64	963	19104	10.228971962616823	1.2919374943743094E-21	1.6144753869427366E-22	1.2086241350813018E-22
GOTERM_BP_FAT	GO:0043069~negative regulation of programmed cell death	33	51.5625	2.2314140378751293E-24	P01583, P24385, P29474, P10415, P04637, P35354, P13500, P14780, Q07869, P04040, Q14790, P09211, Q16236, P05231, P29965, P01375, P06400, P01033, P35968, O15392, P04626, P31749, Q04206, Q07812, P01106, P05164, P05362, Q16665, P00533, P09601, P60568, P22301, P01584	64	1022	19104	9.638454011741683	8.071024574994342E-21	8.965325734396074E-22	6.711597556142195E-22
GOTERM_BP_FAT	GO:0033993~response to lipid	32	50.0	3.954389177994897E-24	P01583, P24385, P29474, P10415, P28482, P13500, P14780, Q07869, P04040, Q14790, P09211, P05231, P25963, P01375, P31645, P35869, Q15848, P31749, P27361, P19320, P35228, P10145, P37231, Q04206, P02778, P05164, P08253, P08254, P00533, P42574, P22301, P01584	64	945	19104	10.107936507936508	1.4303025656807543E-20	1.4299071267629548E-21	1.0704531504832185E-21
KEGG_PATHWAY	hsa05417:Lipid and atherosclerosis	25	39.0625	6.0221531883337895E-24	P29474, P10415, P28482, P04637, P13500, P14780, Q14790, Q16236, P05231, P25963, P29965, P01375, O15111, P31749, P03956, P27361, P19320, P10145, P37231, Q04206, Q07812, P05362, P08254, P42574, P01584	63	216	9375	17.22332451499118	1.3308958546217675E-21	6.684590039050507E-22	2.228196679683502E-22
GOTERM_BP_FAT	GO:0002237~response to molecule of bacterial origin	24	37.5	6.664992555453113E-24	P01583, P35869, P29474, O75469, P28482, P31749, P27361, P19320, P13500, P35228, P10145, P14780, Q04206, Q14790, P02778, P05164, P09211, P05231, P08254, P42574, P25963, P01584, P22301, P01375	64	365	19104	19.627397260273973	2.4107278073073908E-20	2.190964825501678E-21	1.6401940770555979E-21
GOTERM_BP_FAT	GO:0043066~negative regulation of apoptotic process	32	50.0	1.0035900325753289E-23	P01583, P24385, P29474, P10415, P04637, P35354, P13500, P14780, Q07869, P04040, P09211, Q16236, P05231, P29965, P01375, P06400, P01033, P35968, O15392, P04626, P31749, Q04206, Q07812, P01106, P05164, P05362, Q16665, P00533, P09601, P60568, P22301, P01584	64	975	19104	9.796923076923077	3.629985147824965E-20	3.0241512981603244E-21	2.263931848484513E-21
GOTERM_BP_FAT	GO:0009410~response to xenobiotic stimulus	25	39.0625	2.303338034760859E-23	P24385, O75469, P10415, P04637, P42224, P04040, P08684, P09211, Q16236, P05177, P01375, P06400, P31645, O96017, P35869, Q15848, O15111, P35228, P37231, P09488, P01106, P08253, P42574, P22301, P01584	64	445	19104	16.769662921348313	8.331173671730026E-20	6.4068233336117426E-21	4.796258507767419E-21
GOTERM_BP_FAT	GO:0032101~regulation of response to external stimulus	34	53.125	5.439756665420809E-23	P01583, P29474, P28482, P35354, P13500, P42224, P00749, P14780, Q07869, P01579, Q14790, P09211, Q16236, P05231, P25963, P01375, P06400, P35869, P35968, Q15848, P09917, O15111, P31749, P27361, P10145, P37231, Q04206, P02778, P08254, P00533, P42574, P60568, P22301, P01584	64	1242	19104	8.171497584541063	1.9675599858827066E-19	1.3711163481208105E-20	1.0264413590605736E-20
GOTERM_BP_FAT	GO:0051707~response to other organism	37	57.8125	5.693311815513842E-23	Q9NRD8, P11926, P01583, O75469, P29474, P10415, P28482, P04637, P35354, P13500, P42224, P14780, Q07869, P01579, Q14790, P09211, P05231, P25963, P01375, P35869, Q15848, O15111, P31749, P27361, P19320, P35228, P10145, P37231, Q04206, Q07812, P02778, P05164, Q16665, P08254, P42574, P22301, P01584	64	1600	19104	6.9028125	2.0592708836713567E-19	1.3711163481208105E-20	1.0264413590605736E-20
GOTERM_BP_FAT	GO:0043207~response to external biotic stimulus	37	57.8125	6.066886496109781E-23	Q9NRD8, P11926, P01583, O75469, P29474, P10415, P28482, P04637, P35354, P13500, P42224, P14780, Q07869, P01579, Q14790, P09211, P05231, P25963, P01375, P35869, Q15848, O15111, P31749, P27361, P19320, P35228, P10145, P37231, Q04206, Q07812, P02778, P05164, Q16665, P08254, P42574, P22301, P01584	64	1603	19104	6.889893948845914	2.1943928456429076E-19	1.3711163481208105E-20	1.0264413590605736E-20
GOTERM_BP_FAT	GO:0009605~response to external stimulus	41	64.0625	6.464116609761968E-23	Q9NRD8, P11926, P01583, O75469, P29474, P10415, P28482, P04637, P35354, P13500, P42224, P00749, P14780, Q07869, P01579, Q14790, P09211, P05231, P25963, P01375, P35869, Q15848, P09917, O15111, P31749, P27361, P19320, P35228, P10145, P37231, Q04206, Q07812, P01106, P02778, P05164, P08253, Q16665, P08254, P42574, P22301, P01584	64	2163	19104	5.658113730929265	2.3380709777509037E-19	1.3749556271117223E-20	1.0293155095662146E-20
GOTERM_BP_FAT	GO:0034097~response to cytokine	31	48.4375	7.586434513566055E-23	Q9NRD8, P01583, P10415, P28482, P04637, P13500, P42224, P01579, Q14790, Q16236, P05231, P25963, P01375, P01033, Q15848, O15111, P31749, P27361, P19320, P35228, P10145, Q04206, P01106, P02778, P08253, P05362, Q16665, P42574, P60568, P22301, P01584	64	946	19104	9.78171247357294	2.744013363556842E-19	1.524030400058603E-20	1.1409154571235173E-20
GOTERM_BP_FAT	GO:0044419~biological process involved in interspecies interaction between organisms	38	59.375	8.486224616051217E-23	Q9NRD8, P11926, P01583, O75469, P29474, P10415, P28482, P04637, P35354, P13500, P42224, P14780, Q07869, P01579, Q14790, P09211, P05231, P25963, P01375, P35869, Q15848, O15111, P31749, P27361, P19320, P35228, P10145, P37231, Q04206, Q07812, P02778, P05164, P05362, Q16665, P08254, P42574, P22301, P01584	64	1750	19104	6.481714285714285	3.0694674436257255E-19	1.6034604148968178E-20	1.200378136926351E-20
GOTERM_BP_FAT	GO:0006950~response to stress	50	78.125	8.86869698504877E-23	P28482, P04637, P13500, P42224, P00749, Q07869, P04040, P09211, Q16236, P25963, P29965, P31645, P01033, O96017, P35968, P27361, P37231, Q07812, P01106, P08253, P08254, P42574, P22301, P01584, Q9NRD8, P01583, P24385, P29474, P10415, P35354, P01579, Q14790, P05231, P01375, Q15848, P09917, O15111, P04626, P31749, P19320, P38936, P35228, P10145, P23219, Q04206, P09488, P02778, P05164, Q16665, P09601	64	3835	19104	3.8917861799217732	3.2078076994921403E-19	1.6034604148968178E-20	1.200378136926351E-20
GOTERM_BP_FAT	GO:1901652~response to peptide	31	48.4375	1.3037536302970665E-22	Q9NRD8, P01583, P10415, P28482, P04637, P13500, P42224, P01579, Q14790, Q16236, P05231, P25963, P01375, P01033, Q15848, O15111, P31749, P27361, P19320, P35228, P10145, Q04206, P01106, P02778, P08253, P05362, Q16665, P42574, P60568, P22301, P01584	64	964	19104	9.599066390041493	4.71567688078449E-19	2.2449395843591393E-20	1.680600512959123E-20
GOTERM_BP_FAT	GO:0009607~response to biotic stimulus	37	57.8125	1.5185049417433443E-22	Q9NRD8, P11926, P01583, O75469, P29474, P10415, P28482, P04637, P35354, P13500, P42224, P14780, Q07869, P01579, Q14790, P09211, P05231, P25963, P01375, P35869, Q15848, O15111, P31749, P27361, P19320, P35228, P10145, P37231, Q04206, Q07812, P02778, P05164, Q16665, P08254, P42574, P22301, P01584	64	1647	19104	6.705828779599272	5.492432374285676E-19	2.4958699406108786E-20	1.8684513078632878E-20
GOTERM_BP_FAT	GO:0071216~cellular response to biotic stimulus	21	32.8125	1.7743894737522915E-22	P01583, P35869, P29474, O75469, P04637, P28482, P31749, P27361, P13500, P35228, P10145, P14780, Q04206, P02778, P09211, P05231, P08254, P25963, P01584, P22301, P01375	64	260	19104	24.109615384615385	6.417966726562039E-19	2.789648842212298E-20	2.0883792632380232E-20
GOTERM_BP_FAT	GO:0071219~cellular response to molecule of bacterial origin	20	31.25	6.524802160502625E-22	P01583, P35869, P29474, O75469, P28482, P31749, P27361, P13500, P35228, P10145, P14780, Q04206, P02778, P09211, P05231, P08254, P25963, P01584, P22301, P01375	64	231	19104	25.844155844155843	2.3600209414537996E-18	9.830701921823955E-20	7.359433103533586E-20
GOTERM_BP_FAT	GO:0080134~regulation of response to stress	36	56.25	7.84576049066863E-22	Q9NRD8, P01583, P29474, P10415, P28482, P04637, P35354, P42224, P00749, P14780, Q07869, P01579, Q14790, P09211, Q16236, P05231, P25963, P01375, P06400, O96017, P35869, Q15848, P09917, O15111, P31749, P27361, P37231, Q04206, Q07812, P01106, P08254, P00533, P42574, P60568, P22301, P01584	64	1598	19104	6.724655819774718	2.8378115694748434E-18	1.1348107973703105E-19	8.495389459295992E-20
KEGG_PATHWAY	hsa04933:AGE-RAGE signaling pathway in diabetic complications	19	29.6875	9.68571344822204E-22	P01583, P24385, P29474, P10415, P28482, P31749, P27361, P19320, P13500, P10145, P42224, Q04206, Q07812, P05362, P08253, P05231, P42574, P01584, P01375	63	101	9375	27.993870815652993	2.1405426720570711E-19	7.16742795168431E-20	2.389142650561437E-20
GOTERM_BP_FAT	GO:0032496~response to lipopolysaccharide	22	34.375	1.5902147338187464E-21	P01583, P29474, P28482, P31749, P27361, P19320, P13500, P35228, P10145, P14780, Q04206, Q14790, P02778, P05164, P09211, P05231, P08254, P42574, P25963, P01584, P22301, P01375	64	343	19104	19.145772594752188	5.751806692222406E-18	2.211621722110995E-19	1.6556581863259025E-19
GOTERM_BP_FAT	GO:0048584~positive regulation of response to stimulus	42	65.625	1.7271672173885155E-21	Q9NRD8, P01583, P29474, P10415, P28482, P04637, P35354, P13500, P00749, P14780, P04040, P01579, Q14790, Q16236, P05231, P25963, P29965, P01375, P35968, O15392, Q15848, O15111, P04626, P31749, P27361, P35228, P10145, P37231, Q04206, Q07812, P01106, P02778, P08253, P05362, Q16665, P00533, P42574, P09601, P01344, P60568, P22301, P01584	64	2526	19104	4.963182897862232	6.24716382529426E-18	2.313124688176619E-19	1.7316450583224855E-19
GOTERM_BP_FAT	GO:0002682~regulation of immune system process	37	57.8125	4.228193278585033E-21	P01583, P10415, P28482, P13500, P42224, P01579, Q14790, Q16236, P05231, P25963, P29965, P01375, P06400, P35869, Q15848, O15111, P04626, P31749, P27361, P19320, P38936, P35228, P10145, P37231, Q04206, Q07812, P01106, P02778, P05362, Q16665, P00533, P42574, P09601, P01344, P60568, P22301, P01584	64	1818	19104	6.075082508250825	1.5293375088642063E-17	5.460409605486957E-19	4.0877568589748874E-19
GOTERM_BP_FAT	GO:0008284~positive regulation of cell population proliferation	30	46.875	1.027725036732617E-20	P11926, P01583, P24385, P10415, P28482, P42224, P14780, P01579, P05231, P29965, P01375, P01033, P35968, O15392, P04626, P31749, P27361, P19320, P38936, Q04206, P01106, P02778, P08253, Q16665, P00533, P09601, P01344, P60568, P22301, P01584	64	1019	19104	8.78802747791953	3.7172814578618756E-17	1.2814668044224632E-18	9.593281635983429E-19
KEGG_PATHWAY	hsa04657:IL-17 signaling pathway	18	28.125	1.1598810836508961E-20	O15111, P28482, P03956, P27361, P35354, P13500, P10145, P14780, Q04206, P01579, Q14790, P02778, P05231, P08254, P42574, P25963, P01584, P01375	63	94	9375	28.49544072948328	2.5633371948684804E-18	6.437340014262474E-19	2.1457800047541578E-19
KEGG_PATHWAY	hsa05418:Fluid shear stress and atherosclerosis	20	31.25	1.864676601126352E-20	P01583, P35968, P29474, O15111, P10415, P04637, P31749, P19320, P13500, P14780, Q04206, P09488, P01579, P05362, P08253, P09211, Q16236, P09601, P01584, P01375	63	142	9375	20.95908786049631	4.120935288489238E-18	8.279164109001003E-19	2.7597213696670013E-19
GOTERM_BP_FAT	GO:0009719~response to endogenous stimulus	32	50.0	7.711600667965859E-20	P24385, P29474, P10415, P28482, P04637, P13500, P42224, Q07869, P04040, P09211, Q16236, P05231, P01375, P06400, P01033, P35968, Q15848, O15111, P04626, P31749, P27361, P19320, P35228, P10145, P37231, Q04206, P01106, P08253, P00533, P42574, P01344, P22301	64	1322	19104	7.225416036308624	2.789285961603251E-16	9.295049338454848E-18	6.958434336061194E-18
GOTERM_BP_FAT	GO:2001233~regulation of apoptotic signaling pathway	22	34.375	1.0062425904419693E-19	P01583, P29474, P10415, P04637, P31749, P35354, P37231, P14780, Q04206, Q07812, P01106, P05362, P08253, P09211, Q16236, Q16665, P09601, P29965, P01584, P22301, P06400, P01375	64	419	19104	15.673031026252984	3.639579449628603E-16	1.1737332925929552E-17	8.786769975246487E-18
KEGG_PATHWAY	hsa05160:Hepatitis C	20	31.25	1.1730647294982917E-19	P24385, O15111, P04637, P28482, P31749, P27361, P38936, P42224, Q07869, Q04206, Q07812, P01106, P01579, Q14790, P02778, P00533, P42574, P25963, P06400, P01375	63	156	9375	19.078144078144078	2.5924730521912248E-17	4.340339499143679E-18	1.4467798330478932E-18
GOTERM_BP_FAT	GO:0071345~cellular response to cytokine stimulus	27	42.1875	2.654354309611734E-19	Q9NRD8, P01583, P28482, P04637, P13500, P42224, P01579, Q16236, P05231, P25963, P01375, Q15848, O15111, P31749, P27361, P19320, P35228, P10145, Q04206, P01106, P02778, P08253, P05362, Q16665, P60568, P22301, P01584	64	841	19104	9.583234244946492	9.600799537865641E-16	2.999420369861259E-17	2.2454178487871764E-17
KEGG_PATHWAY	hsa05161:Hepatitis B	20	31.25	2.750925954195177E-19	O15392, O15111, P10415, P04637, P28482, P31749, P27361, P38936, P10145, P42224, P14780, Q04206, Q07812, P01106, Q14790, P05231, P42574, P25963, P06400, P01375	63	163	9375	18.258837277242183	6.079546358771341E-17	8.724365169018989E-18	2.9081217230063297E-18
GOTERM_BP_FAT	GO:0071222~cellular response to lipopolysaccharide	18	28.125	2.879718311015608E-19	P01583, P29474, P28482, P31749, P27361, P13500, P35228, P10145, P14780, Q04206, P02778, P09211, P05231, P08254, P25963, P01584, P22301, P01375	64	217	19104	24.76036866359447	1.0415941130943452E-15	3.155473155343163E-17	2.3622416569452273E-17
GOTERM_BP_FAT	GO:0023051~regulation of signaling	47	73.4375	3.730096431034791E-19	P01583, P29474, P10415, P28482, P04637, P35354, P13500, P42224, P00749, P14780, Q07869, P04040, P01579, Q14790, P09211, Q16236, P05231, P25963, P29965, P01375, P06400, P31645, P01033, O96017, P35968, O15392, Q15848, P09917, O15111, P04626, P31749, P27361, P35228, P10145, P37231, Q04206, Q07812, P01106, P08253, P05362, Q16665, P08254, P00533, P09601, P01344, P22301, P01584	64	3915	19104	3.5835249042145594	1.349175879105284E-15	3.96706726312406E-17	2.969815011415053E-17
GOTERM_BP_FAT	GO:0010646~regulation of cell communication	47	73.4375	4.0198451593860753E-19	P01583, P29474, P10415, P28482, P04637, P35354, P13500, P42224, P00749, P14780, Q07869, P04040, P01579, Q14790, P09211, Q16236, P05231, P25963, P29965, P01375, P06400, P31645, P01033, O96017, P35968, O15392, Q15848, P09917, O15111, P04626, P31749, P27361, P35228, P10145, P37231, Q04206, Q07812, P01106, P08253, P05362, Q16665, P08254, P00533, P09601, P01344, P22301, P01584	64	3922	19104	3.577129015808261	1.4539779941499434E-15	4.153074313240014E-17	3.1090630989880303E-17
GOTERM_BP_FAT	GO:0009617~response to bacterium	26	40.625	5.169512219929695E-19	Q9NRD8, P01583, O75469, P29474, P28482, P13500, P14780, Q14790, P09211, P05231, P25963, P01375, P35869, Q15848, P31749, P27361, P19320, P35228, P10145, Q04206, P02778, P05164, P08254, P42574, P22301, P01584	64	771	19104	10.066147859922179	1.869812569948571E-15	5.1924878297960494E-17	3.887185994263801E-17
GOTERM_BP_FAT	GO:0031347~regulation of defense response	28	43.75	6.450957359663232E-19	P01583, P28482, P35354, P42224, P14780, Q07869, P01579, Q14790, P09211, Q16236, P05231, P25963, P01375, P06400, P35869, Q15848, P09917, O15111, P31749, P27361, P37231, Q04206, P08254, P00533, P42574, P60568, P22301, P01584	64	971	19104	8.607621009268795	2.333311276990191E-15	6.304503192578985E-17	4.7196598844887484E-17
KEGG_PATHWAY	hsa04668:TNF signaling pathway	18	28.125	7.950626782245358E-19	O15111, P28482, P31749, P27361, P19320, P35354, P13500, P14780, Q04206, Q14790, P02778, P05362, P05231, P08254, P42574, P25963, P01584, P01375	63	119	9375	22.509003601440575	1.757088518876224E-16	2.2062989320730868E-17	7.354329773576955E-18
GOTERM_BP_FAT	GO:0071396~cellular response to lipid	24	37.5	8.785106701167083E-19	P01583, P31645, P35869, P29474, P28482, P31749, P27361, P13500, P35228, P10145, P37231, P14780, Q07869, Q04206, P02778, P08253, P00533, P09211, P05231, P08254, P25963, P01584, P22301, P01375	64	616	19104	11.629870129870131	3.177573093812134E-15	8.359722587215835E-17	6.258232589489288E-17
GOTERM_BP_FAT	GO:0048585~negative regulation of response to stimulus	36	56.25	9.37514620799825E-19	P01583, P29474, P10415, P04637, P35354, P13500, P42224, P00749, P14780, Q07869, Q14790, P09211, Q16236, P05231, P25963, P01375, P06400, O96017, P35869, Q15848, P09917, P31749, P27361, P10145, P37231, Q04206, Q07812, P01106, P05362, Q16665, P08254, P00533, P09601, P60568, P22301, P01584	64	1988	19104	5.405432595573441	3.3909903834329675E-15	8.692443253364532E-17	6.507313021808017E-17
GOTERM_BP_FAT	GO:0009966~regulation of signal transduction	44	68.75	1.778155425435523E-18	P01583, P29474, P10415, P28482, P04637, P35354, P13500, P42224, P00749, P14780, Q07869, P04040, P01579, Q14790, P09211, Q16236, P05231, P25963, P29965, P01375, P06400, P01033, O96017, P35968, O15392, Q15848, O15111, P04626, P31749, P27361, P10145, P37231, Q04206, Q07812, P01106, P08253, P05362, Q16665, P08254, P00533, P09601, P01344, P22301, P01584	64	3427	19104	3.832506565509192	6.4315881738002865E-15	1.607452504593713E-16	1.2033666841634902E-16
GOTERM_BP_FAT	GO:1902531~regulation of intracellular signal transduction	37	57.8125	2.8157867438143375E-18	P01583, P10415, P28482, P04637, P35354, P42224, P14780, Q07869, P04040, Q14790, P09211, Q16236, P05231, P25963, P29965, P01375, O96017, P35968, O15392, Q15848, O15111, P04626, P31749, P27361, P37231, Q04206, Q07812, P01106, P08253, P05362, Q16665, P08254, P00533, P09601, P01344, P22301, P01584	64	2212	19104	4.992992766726943	1.0184700652376459E-14	2.4833865525933275E-16	1.8591060281720517E-16
GOTERM_BP_FAT	GO:2000147~positive regulation of cell motility	24	37.5	2.9690935222144582E-18	Q9NRD8, P35968, P29474, P10415, P28482, P31749, P27361, P35354, P13500, P10145, P00749, P14780, P01579, Q14790, P02778, P05362, P08253, P00533, Q16236, P05231, Q16665, P09601, P01584, P01375	64	651	19104	11.004608294930875	1.0739211269849695E-14	2.556248137220829E-16	1.913651467770128E-16
GOTERM_BP_FAT	GO:0009411~response to UV	16	25.0	3.329250939965667E-18	P01033, P24385, P10415, P04637, P31749, P03956, P38936, P14780, Q04206, Q07812, P04040, P01106, P08253, P00533, P08254, P42574	64	161	19104	29.664596273291924	1.2041900649855817E-14	2.7996677671897325E-16	2.0958796033690838E-16
GOTERM_BP_FAT	GO:0050727~regulation of inflammatory response	22	34.375	3.4376236139434838E-18	P01583, P35869, P09917, Q15848, P28482, P27361, P35354, P37231, P14780, Q07869, Q04206, P01579, P09211, P05231, P08254, P42574, P60568, P25963, P01584, P22301, P06400, P01375	64	498	19104	13.186746987951809	1.2433884611633581E-14	2.8251015881862814E-16	2.1149198006693206E-16
KEGG_PATHWAY	hsa05215:Prostate cancer	17	26.5625	3.8421470001353566E-18	P24385, O15111, P10415, P04626, P04637, P28482, P31749, P27361, P38936, P00749, P14780, Q04206, P00533, P09211, P08254, P25963, P06400	63	106	9375	23.865678346810423	8.491144870299138E-16	9.477295933667214E-17	3.1590986445557374E-17
GOTERM_BP_FAT	GO:0006979~response to oxidative stress	21	32.8125	4.1638283016140564E-18	Q9NRD8, P29474, Q15848, O15111, P10415, P04637, P31749, P35354, P42224, P23219, Q04206, P04040, P05164, P08253, P09211, Q16236, P05231, Q16665, P08254, P42574, P09601	64	432	19104	14.510416666666666	1.506056696693804E-14	3.3458673641414285E-16	2.504774047215389E-16
GOTERM_BP_FAT	GO:0040017~positive regulation of locomotion	24	37.5	5.229824829901837E-18	Q9NRD8, P35968, P29474, P10415, P28482, P31749, P27361, P35354, P13500, P10145, P00749, P14780, P01579, Q14790, P02778, P05362, P08253, P00533, Q16236, P05231, Q16665, P09601, P01584, P01375	64	668	19104	10.724550898203592	1.8916276409754945E-14	4.091969013062272E-16	3.0633186168029784E-16
GOTERM_BP_FAT	GO:2000145~regulation of cell motility	29	45.3125	5.3186544141019575E-18	Q9NRD8, P29474, P10415, P28482, P35354, P13500, P00749, P14780, P01579, Q14790, P09211, Q16236, P05231, P01375, P01033, P35968, Q15848, P31749, P27361, P10145, P37231, P02778, P08253, P05362, Q16665, P08254, P00533, P09601, P01584	64	1166	19104	7.42409948542024	1.9237573015806782E-14	4.091969013062272E-16	3.0633186168029784E-16
GOTERM_BP_FAT	GO:0007166~cell surface receptor signaling pathway	37	57.8125	6.562933654990615E-18	Q9NRD8, P01583, P24385, P29474, P10415, P28482, P04637, P13500, P42224, P00749, P14780, P01579, Q14790, P05231, P25963, P29965, P01375, P06400, P35968, Q15848, O15111, P04626, P31749, P27361, P35228, P37231, Q04206, Q07812, P01106, P02778, P08253, P00533, P42574, P01344, P60568, P22301, P01584	64	2270	19104	4.865418502202643	2.3738131030101055E-14	4.944076686759596E-16	3.701221125845749E-16
KEGG_PATHWAY	hsa05163:Human cytomegalovirus infection	21	32.8125	7.422645715823513E-18	P24385, O15111, P04637, P28482, P31749, P27361, P38936, P35354, P13500, P10145, Q04206, Q07812, P01106, Q14790, P00533, P05231, P42574, P25963, P01584, P06400, P01375	63	227	9375	13.766519823788546	1.6404047031969964E-15	1.64782734891282E-16	5.4927578297094E-17
KEGG_PATHWAY	hsa05167:Kaposi sarcoma-associated herpesvirus infection	20	31.25	9.464263548120916E-18	P24385, O15111, P04637, P28482, P31749, P27361, P38936, P35354, P10145, P42224, Q04206, Q07812, P01106, Q14790, P05362, P05231, Q16665, P42574, P25963, P06400	63	196	9375	15.184645286686102	2.0916022441347224E-15	1.9100604615298576E-16	6.366868205099525E-17
GOTERM_BP_FAT	GO:0036293~response to decreased oxygen levels	19	29.6875	1.1704356507968541E-17	P31645, P24385, Q15848, P10415, P04637, P31749, P19320, P35354, P35228, P37231, P00749, Q07869, P04040, P01106, P08253, Q16236, Q16665, P42574, P01375	64	326	19104	17.39723926380368	4.233465748932221E-14	8.637337374043724E-16	6.466059809606294E-16
GOTERM_BP_FAT	GO:0040012~regulation of locomotion	29	45.3125	1.4543754755256613E-17	Q9NRD8, P29474, P10415, P28482, P35354, P13500, P00749, P14780, P01579, Q14790, P09211, Q16236, P05231, P01375, P01033, P35968, Q15848, P31749, P27361, P10145, P37231, P02778, P08253, P05362, Q16665, P08254, P00533, P09601, P01584	64	1212	19104	7.142326732673268	5.2604760949763166E-14	1.0518043439001582E-15	7.87398882449593E-16
KEGG_PATHWAY	hsa05219:Bladder cancer	13	20.3125	1.528408713310721E-17	P24385, P04626, P04637, P28482, P03956, P27361, P38936, P10145, P14780, P01106, P08253, P00533, P06400	63	41	9375	47.18350754936121	3.3777832564166936E-15	2.8275561196248343E-16	9.425187065416114E-17
GOTERM_BP_FAT	GO:0034612~response to tumor necrosis factor	16	25.0	1.5354044823023288E-17	Q15848, O15111, P04637, P28482, P31749, P27361, P19320, P13500, P10145, P42224, Q04206, Q14790, Q16236, P42574, P25963, P01375	64	178	19104	26.831460674157302	5.553558012487523E-14	1.0886318839225925E-15	8.149686144298832E-16
GOTERM_BP_FAT	GO:0051093~negative regulation of developmental process	28	43.75	1.5817044145926848E-17	P24385, P29474, P10415, P28482, P04637, P42224, P14780, Q07869, P01579, Q16236, P05231, P25963, P01375, P06400, P31645, Q15848, P09917, P04626, P38936, P37231, Q04206, P01106, P02778, Q16665, P00533, P01344, P60568, P01584	64	1102	19104	7.584392014519056	5.721024867581741E-14	1.0998929159936822E-15	8.233988173658457E-16
GOTERM_BP_FAT	GO:0030334~regulation of cell migration	28	43.75	1.6554008184188765E-17	P29474, P10415, P28482, P35354, P13500, P00749, P14780, P01579, Q14790, P09211, Q16236, P05231, P01375, P01033, P35968, Q15848, P31749, P27361, P10145, P37231, P02778, P08253, P05362, Q16665, P08254, P00533, P09601, P01584	64	1104	19104	7.570652173913043	5.987584760221076E-14	1.1277255514935173E-15	8.442348085987144E-16
GOTERM_BP_FAT	GO:0010604~positive regulation of macromolecule metabolic process	43	67.1875	1.684103423137443E-17	P01583, O75469, P29474, P28482, P04637, P35354, P13500, P42224, P14780, Q07869, P01579, Q14790, Q16236, P05231, P25963, P29965, P01375, P06400, P31645, O96017, P35869, P35968, Q15848, O15111, P04626, P31749, P27361, P38936, P35228, P10145, P37231, Q04206, Q07812, P01106, P02778, Q16665, P00533, P42574, P09601, P01344, P60568, P22301, P01584	64	3427	19104	3.745404143565801	6.091402081488131E-14	1.1277255514935173E-15	8.442348085987144E-16
GOTERM_BP_FAT	GO:0051241~negative regulation of multicellular organismal process	30	46.875	1.7659760430042176E-17	P01583, P29474, P10415, P04637, P42224, P00749, Q07869, P01579, P09211, P05231, P25963, P01375, P06400, P31645, P01033, Q15848, P09917, P04626, P37231, Q04206, P01106, P02778, P08253, Q16665, P00533, P42574, P09601, P60568, P22301, P01584	64	1341	19104	6.677852348993288	6.387535347546255E-14	1.1610489766369548E-15	8.691812997113486E-16
GOTERM_BP_FAT	GO:0030335~positive regulation of cell migration	23	35.9375	1.9406097057291313E-17	P35968, P29474, P10415, P28482, P31749, P27361, P35354, P13500, P10145, P00749, P14780, P01579, Q14790, P02778, P05362, P08253, P00533, Q16236, P05231, Q16665, P09601, P01584, P01375	64	623	19104	11.020064205457464	7.019185305622267E-14	1.2530794099850962E-15	9.38076870251564E-16
KEGG_PATHWAY	hsa05164:Influenza A	19	29.6875	2.216789529348783E-17	P01583, O15111, P28482, P31749, P27361, P13500, P10145, P42224, Q04206, Q07812, P01579, Q14790, P02778, P05362, P05231, P42574, P25963, P01584, P01375	63	173	9375	16.343242499311863	4.8991048598608104E-15	3.785594427041768E-16	1.2618648090139226E-16
GOTERM_BP_FAT	GO:0009314~response to radiation	21	32.8125	2.225529014402717E-17	P01033, O96017, P24385, P10415, P04637, P31749, P03956, P19320, P38936, P14780, Q04206, Q07812, P04040, P01106, P02778, P08253, P00533, Q16665, P08254, P42574, P01375	64	471	19104	13.30891719745223	8.049738445094628E-14	1.4118443712421448E-15	1.056931059997922E-15
GOTERM_BP_FAT	GO:0008285~negative regulation of cell population proliferation	25	39.0625	2.3491701966008355E-17	P01583, P29474, P10415, P04637, P13500, P42224, P01579, P09211, P05231, P01375, P06400, P31645, Q15848, P09917, P04626, P38936, P10145, P37231, Q07812, P01106, P42574, P09601, P60568, P22301, P01584	64	808	19104	9.235767326732674	8.496948601105223E-14	1.4645861087773485E-15	1.0964144348618036E-15
GOTERM_BP_FAT	GO:0009893~positive regulation of metabolic process	44	68.75	4.108315098453764E-17	P01583, O75469, P29474, P28482, P04637, P35354, P13500, P42224, P14780, Q07869, P01579, Q14790, P09211, Q16236, P05231, P25963, P29965, P01375, P06400, P31645, O96017, P35869, P35968, Q15848, O15111, P04626, P31749, P27361, P38936, P35228, P10145, P37231, Q04206, Q07812, P01106, P02778, Q16665, P00533, P42574, P09601, P01344, P60568, P22301, P01584	64	3717	19104	3.5334947538337365	1.4859775711107264E-13	2.5179097281370864E-15	1.8849506731380235E-15
GOTERM_BP_FAT	GO:0070482~response to oxygen levels	19	29.6875	6.106895046517454E-17	P31645, P24385, Q15848, P10415, P04637, P31749, P19320, P35354, P35228, P37231, P00749, Q07869, P04040, P01106, P08253, Q16236, Q16665, P42574, P01375	64	358	19104	15.842178770949722	4.015676680069191E-13	3.680422081367852E-15	2.755227481820458E-15
GOTERM_BP_FAT	GO:0051240~positive regulation of multicellular organismal process	33	51.5625	8.247129368771912E-17	P01583, P24385, P29474, P10415, P35354, P13500, P42224, P00749, P01579, Q14790, Q16236, P05231, P29965, P01375, P06400, P35968, Q15848, P09917, O15111, P31749, P19320, P38936, P35228, P10145, P37231, Q04206, P01106, Q16665, P09601, P01344, P60568, P22301, P01584	64	1829	19104	5.385729907053035	4.015676680069191E-13	4.888790130734301E-15	3.659832655945175E-15
KEGG_PATHWAY	hsa05142:Chagas disease	16	25.0	8.47606313845206E-17	O15111, P28482, P31749, P27361, P13500, P35228, P10145, Q04206, P01579, Q14790, P05231, P60568, P25963, P01584, P22301, P01375	63	103	9375	23.11604253351826	2.453592884421596E-14	1.3440614405259696E-15	4.480204801753232E-16
GOTERM_BP_FAT	GO:0023057~negative regulation of signaling	32	50.0	1.0893745489310064E-16	P01583, P29474, P10415, P04637, P35354, P42224, P14780, Q07869, Q14790, P09211, Q16236, P05231, P25963, P01375, P06400, P31645, O96017, Q15848, P31749, P27361, P10145, P37231, Q04206, Q07812, P01106, P05362, Q16665, P08254, P00533, P09601, P22301, P01584	64	1704	19104	5.605633802816902	4.015676680069191E-13	6.353513498281482E-15	4.756349845090701E-15
GOTERM_BP_FAT	GO:0010648~negative regulation of cell communication	32	50.0	1.1075076033568578E-16	P01583, P29474, P10415, P04637, P35354, P42224, P14780, Q07869, Q14790, P09211, Q16236, P05231, P25963, P01375, P06400, P31645, O96017, Q15848, P31749, P27361, P10145, P37231, Q04206, Q07812, P01106, P05362, Q16665, P08254, P00533, P09601, P22301, P01584	64	1705	19104	5.602346041055718	4.015676680069191E-13	6.356742053553013E-15	4.758766797280974E-15
GOTERM_BP_FAT	GO:2001234~negative regulation of apoptotic signaling pathway	17	26.5625	1.2026173305821202E-16	P01583, P29474, P10415, P31749, P35354, P14780, Q04206, Q07812, P05362, P09211, Q16236, Q16665, P09601, P01584, P22301, P06400, P01375	64	254	19104	19.978346456692915	4.015676680069191E-13	6.794787917788979E-15	5.086695490446561E-15
GOTERM_BP_FAT	GO:0001666~response to hypoxia	18	28.125	1.3363647117914632E-16	P31645, P24385, Q15848, P10415, P04637, P19320, P35354, P35228, P37231, P00749, Q07869, P04040, P01106, P08253, Q16236, Q16665, P42574, P01375	64	312	19104	17.221153846153843	4.015676680069191E-13	7.434299688981432E-15	5.565445038183832E-15
GOTERM_BP_FAT	GO:0009968~negative regulation of signal transduction	31	48.4375	1.7053199740770105E-16	P01583, P29474, P10415, P04637, P35354, P42224, P14780, Q07869, Q14790, P09211, Q16236, P05231, P25963, P01375, P06400, O96017, Q15848, P31749, P27361, P10145, P37231, Q04206, Q07812, P01106, P05362, Q16665, P08254, P00533, P09601, P22301, P01584	64	1593	19104	5.808851224105461	8.031353360138382E-13	9.343086403427985E-15	6.994395711858284E-15
GOTERM_BP_FAT	GO:0002684~positive regulation of immune system process	27	42.1875	2.3430455904608824E-16	P01583, P10415, P28482, P13500, P01579, Q14790, P05231, P25963, P29965, P01375, P06400, O15111, P31749, P27361, P19320, P38936, P35228, P10145, Q04206, Q07812, P02778, P05362, P00533, P01344, P60568, P22301, P01584	64	1111	19104	7.254275427542754	8.031353360138382E-13	1.264545202254709E-14	9.466603602056132E-15
GOTERM_BP_FAT	GO:0007165~signal transduction	49	76.5625	3.0059424278478785E-16	O75469, P28482, P04637, P13500, P42224, P00749, Q07869, Q16236, P25963, P29965, P01033, O96017, P35968, P27361, P37231, Q07812, P01106, P08253, P00533, P42574, P01344, P22301, P01584, Q9NRD8, P01583, P24385, P29474, P10415, P14780, P01579, Q14790, P05231, P06400, P01375, P35869, O15392, Q15848, O15111, P04626, P31749, P38936, P35228, P10145, Q04206, P02778, P05362, Q16665, P09601, P60568	64	5100	19104	2.8679411764705884	1.2047030040207574E-12	1.598454091043813E-14	1.1966303164976777E-14
KEGG_PATHWAY	hsa05145:Toxoplasmosis	16	25.0	3.113001031445083E-16	P09917, O15111, P10415, P28482, P31749, P27361, P35228, P42224, Q04206, P01579, Q14790, P42574, P25963, P29965, P22301, P01375	63	112	9375	21.258503401360542	7.360778653264788E-14	4.607241526538723E-15	1.5357471755129078E-15
GOTERM_BP_FAT	GO:0009967~positive regulation of signal transduction	32	50.0	3.4252402630609625E-16	P01583, P29474, P28482, P04637, P13500, P00749, P14780, P04040, P01579, Q14790, P05231, P29965, P01375, P35968, O15392, Q15848, O15111, P04626, P31749, P27361, P37231, Q04206, Q07812, P01106, P08253, P05362, Q16665, P00533, P09601, P01344, P22301, P01584	64	1775	19104	5.3814084507042255	1.2047030040207574E-12	1.7950244624968753E-14	1.3437862887110182E-14
GOTERM_BP_FAT	GO:0006954~inflammatory response	22	34.375	5.839012529608087E-16	P01583, P01033, P09917, O15111, P31749, P19320, P13500, P35228, P10145, Q04206, P01579, Q14790, P02778, Q16236, P05231, Q16665, P42574, P09601, P29965, P01584, P22301, P01375	64	643	19104	10.213063763608087	2.0078383400345956E-12	3.016267043866121E-14	2.258029559664156E-14
GOTERM_BP_FAT	GO:0023052~signaling	50	78.125	6.986840951671417E-16	O75469, P28482, P04637, P13500, P42224, P00749, Q07869, Q16236, P25963, P29965, P01033, O96017, P35968, P27361, P37231, Q07812, P01106, P08253, P00533, P42574, P01344, P22301, P01584, Q9NRD8, P01583, P24385, P29474, P10415, P35354, P14780, P01579, Q14790, P05231, P06400, P01375, P35869, O15392, Q15848, O15111, P04626, P31749, P38936, P35228, P10145, Q04206, P02778, P05362, Q16665, P09601, P60568	64	5445	19104	2.741046831955923	2.4094060080415147E-12	3.558368574823077E-14	2.663856120587961E-14
GOTERM_BP_FAT	GO:0006952~defense response	31	48.4375	8.002449691858116E-16	Q9NRD8, P01583, P10415, P04637, P13500, P42224, Q07869, P01579, Q14790, Q16236, P05231, P29965, P01375, P01033, P09917, O15111, P31749, P27361, P19320, P35228, P10145, P37231, Q04206, P02778, P05164, Q16665, P08254, P42574, P09601, P22301, P01584	64	1677	19104	5.517889087656529	2.810973676048434E-12	3.971357310532517E-14	2.973026614936815E-14
GOTERM_BP_FAT	GO:0002376~immune system process	37	57.8125	8.017397225356022E-16	P01583, P10415, P28482, P04637, P13500, P42224, P01579, Q14790, Q16236, P05231, P25963, P29965, P01375, P06400, P09917, O15111, P04626, P31749, P27361, P19320, P35228, P10145, P37231, Q04206, Q07812, P01106, P02778, P05164, P08253, P05362, Q16665, P08254, P42574, P09601, P60568, P22301, P01584	64	2622	19104	4.212242562929061	2.810973676048434E-12	3.971357310532517E-14	2.973026614936815E-14
GOTERM_BP_FAT	GO:0007154~cell communication	50	78.125	1.0290197229602786E-15	O75469, P28482, P04637, P13500, P42224, P00749, Q07869, Q16236, P25963, P29965, P01033, O96017, P35968, P27361, P37231, Q07812, P01106, P08253, P00533, P42574, P01344, P22301, P01584, Q9NRD8, P01583, P24385, P29474, P10415, P35354, P14780, P01579, Q14790, P05231, P06400, P01375, P35869, O15392, Q15848, O15111, P04626, P31749, P38936, P35228, P10145, Q04206, P02778, P05362, Q16665, P09601, P60568	64	5501	19104	2.713143064897291	3.614109012062272E-12	5.0282909705734695E-14	3.764265391964154E-14
GOTERM_BP_FAT	GO:0010628~positive regulation of gene expression	28	43.75	1.4663170155796738E-15	P01583, O75469, P29474, P04637, P35354, P13500, P42224, P01579, Q14790, Q16236, P05231, P29965, P01375, P31645, Q15848, O15111, P04626, P31749, P35228, P10145, P37231, Q04206, P01106, Q16665, P09601, P60568, P22301, P01584	64	1318	19104	6.341426403641881	5.2203796840899486E-12	7.069603104448134E-14	5.2924268815655694E-14
GOTERM_BP_FAT	GO:0009725~response to hormone	24	37.5	1.6370626860310536E-15	P01033, P24385, P29474, Q15848, O15111, P10415, P28482, P31749, P27361, P35228, P37231, P42224, Q07869, Q04206, P04040, P08253, P09211, Q16236, P05231, P42574, P01344, P22301, P06400, P01375	64	868	19104	8.253456221198157	6.023515020103787E-12	7.78897193774775E-14	5.830958804060608E-14
GOTERM_BP_FAT	GO:0019221~cytokine-mediated signaling pathway	19	29.6875	1.6690711181847965E-15	P01583, Q9NRD8, Q15848, O15111, P04637, P28482, P31749, P27361, P13500, P42224, Q04206, P01579, P02778, P05231, P60568, P25963, P01584, P22301, P01375	64	431	19104	13.158932714617169	6.023515020103787E-12	7.838131380982109E-14	5.867760411592525E-14
GOTERM_BP_FAT	GO:0009891~positive regulation of biosynthetic process	38	59.375	1.8773335925636195E-15	P01583, O75469, P29474, P28482, P04637, P35354, P13500, P42224, Q07869, P01579, Q14790, Q16236, P05231, P25963, P29965, P01375, P06400, P31645, O96017, P35869, Q15848, O15111, P04626, P31749, P27361, P35228, P10145, P37231, Q04206, P01106, P02778, Q16665, P00533, P09601, P01344, P60568, P22301, P01584	64	2876	19104	3.9440194714881778	6.826650356117625E-12	8.703125988089805E-14	6.515310301371434E-14
GOTERM_BP_FAT	GO:2000026~regulation of multicellular organismal development	30	46.875	1.9596771248794242E-15	P01583, P24385, P29474, P28482, P04637, P42224, P14780, Q07869, P01579, Q14790, Q16236, P05231, P25963, P01375, P06400, P35968, Q15848, P09917, P04626, P31749, P10145, P37231, Q04206, P01106, P02778, Q16665, P09601, P60568, P22301, P01584	64	1595	19104	5.614420062695924	7.228218024124544E-12	8.969863903245568E-14	6.714994907656458E-14
GOTERM_BP_FAT	GO:0010557~positive regulation of macromolecule biosynthetic process	37	57.8125	3.1046796042449637E-15	P01583, O75469, P29474, P04637, P35354, P13500, P42224, Q07869, P01579, Q14790, Q16236, P05231, P25963, P29965, P01375, P06400, P31645, O96017, P35869, Q15848, O15111, P04626, P31749, P27361, P35228, P10145, P37231, Q04206, P01106, P02778, Q16665, P00533, P09601, P01344, P60568, P22301, P01584	64	2739	19104	4.032311062431544	1.1243894704193735E-11	1.4033151811187238E-13	1.0505459610863895E-13
GOTERM_BP_FAT	GO:0009636~response to toxic substance	16	25.0	6.118300827936955E-15	P31645, Q9NRD8, P35869, Q9UNQ0, P29474, O15111, P10415, P35354, P23219, Q07812, P04040, P09488, P05164, P09211, Q16236, P01375	64	265	19104	18.02264150943396	2.2086221740380552E-11	2.731330344916053E-13	2.0447210297809059E-13
KEGG_PATHWAY	hsa04066:HIF-1 signaling pathway	15	23.4375	7.290335289061212E-15	P01033, P29474, P10415, P04626, P28482, P31749, P27361, P38936, P35228, Q04206, P01579, P00533, P05231, Q16665, P09601	63	110	9375	20.29220779220779	1.6193713037182533E-12	1.0115340213572432E-13	3.3717800711908103E-14
KEGG_PATHWAY	hsa05169:Epstein-Barr virus infection	18	28.125	9.519957048738935E-15	P24385, O15111, P10415, P04637, P31749, P38936, P42224, Q04206, Q07812, P01106, Q14790, P02778, P05362, P05231, P42574, P25963, P06400, P01375	63	205	9375	13.066202090592334	2.1100898806025725E-12	1.2431943910706138E-13	4.143981303568713E-14
GOTERM_BP_FAT	GO:0010647~positive regulation of cell communication	32	50.0	1.0119668581927288E-14	P01583, P29474, P28482, P04637, P13500, P00749, P14780, P04040, P01579, Q14790, P05231, P29965, P01375, P35968, O15392, Q15848, O15111, P04626, P31749, P27361, P37231, Q04206, Q07812, P01106, P08253, P05362, Q16665, P00533, P09601, P01344, P22301, P01584	64	1997	19104	4.783174762143215	3.654265778862964E-11	4.4625270234450086E-13	3.340724737960631E-13
GOTERM_BP_FAT	GO:0023056~positive regulation of signaling	32	50.0	1.0482089051428778E-14	P01583, P29474, P28482, P04637, P13500, P00749, P14780, P04040, P01579, Q14790, P05231, P29965, P01375, P35968, O15392, Q15848, O15111, P04626, P31749, P27361, P37231, Q04206, Q07812, P01106, P08253, P05362, Q16665, P00533, P09601, P01344, P22301, P01584	64	1999	19104	4.778389194597299	3.77473607926504E-11	4.566654699995959E-13	3.4186765135202054E-13
GOTERM_BP_FAT	GO:0048660~regulation of smooth muscle cell proliferation	14	21.875	1.3341973201106407E-14	P29474, Q15848, P31749, P38936, P37231, P42224, P14780, P01579, P08253, P09211, P05231, P09601, P22301, P01375	64	174	19104	24.017241379310345	4.8188120160830294E-11	5.74340179704771E-13	4.2996096970708384E-13
GOTERM_BP_FAT	GO:0030155~regulation of cell adhesion	23	35.9375	1.588030365905936E-14	P01583, P35968, P09917, Q15848, P10415, P04626, P31749, P19320, P13500, P10145, P00749, Q07869, Q04206, P01579, P08253, P05231, P42574, P01344, P60568, P29965, P01584, P22301, P01375	64	858	19104	8.001748251748252	5.7424176524989434E-11	6.755668003665723E-13	5.057409647655727E-13
GOTERM_BP_FAT	GO:0009416~response to light stimulus	17	26.5625	1.677234446939773E-14	P01033, P24385, P10415, P04637, P31749, P03956, P38936, P14780, Q04206, Q07812, P04040, P01106, P08253, P00533, Q16665, P08254, P42574	64	347	19104	14.623919308357348	6.063671786904479E-11	7.052185767597929E-13	5.279387962634844E-13
GOTERM_BP_FAT	GO:0045595~regulation of cell differentiation	30	46.875	1.8790937889960615E-14	P24385, P10415, P28482, P04637, P35354, P42224, P14780, Q07869, P01579, Q14790, Q16236, P05231, P25963, P01375, P06400, P31645, P35968, Q15848, P09917, P04626, P31749, P37231, P01106, P02778, Q16665, P00533, P01344, P60568, P22301, P01584	64	1740	19104	5.146551724137931	6.786493589316933E-11	7.81011855288478E-13	5.846789525071653E-13
KEGG_PATHWAY	hsa05222:Small cell lung cancer	14	21.875	2.1221318402282682E-14	P24385, O15111, P10415, P04637, P31749, P38936, P35354, P35228, Q04206, Q07812, P01106, P42574, P25963, P06400	63	93	9375	22.40143369175627	4.686362409245248E-12	2.617295936281531E-13	8.724319787605101E-14
GOTERM_BP_FAT	GO:0030097~hemopoiesis	22	34.375	2.4373373365621852E-14	P01583, P35968, P10415, P04626, P04637, P19320, P37231, P14780, Q07812, P01579, Q14790, Q16236, P05231, Q16665, P42574, P09601, P60568, P29965, P01584, P22301, P06400, P01375	64	774	19104	8.484496124031008	8.834488696152221E-11	1.0015240692055524E-12	7.49758201144754E-13
GOTERM_BP_FAT	GO:0050678~regulation of epithelial cell proliferation	18	28.125	2.698795003063609E-14	P35968, P24385, O15392, P09917, P04626, P31749, P13500, P37231, P42224, Q07812, P01106, P00533, Q16665, P09601, P01344, P22301, P06400, P01375	64	429	19104	12.524475524475525	9.758094332568135E-11	1.0964991832671922E-12	8.208582104823808E-13
GOTERM_BP_FAT	GO:0000302~response to reactive oxygen species	14	21.875	2.958273645977277E-14	P29474, P10415, P42224, Q04206, P04040, P05164, P08253, P09211, Q16236, P05231, Q16665, P08254, P42574, P09601	64	185	19104	22.58918918918919	1.0681699968984049E-10	1.1885686115393148E-12	8.8978297329561E-13
GOTERM_BP_FAT	GO:0070141~response to UV-A	8	12.5	3.360143737916013E-14	P01033, P24385, P14780, P03956, P31749, P08253, P00533, P08254	64	16	19104	149.25	1.216750034060965E-10	1.3351955776158574E-12	9.995504503888623E-13
GOTERM_BP_FAT	GO:0043068~positive regulation of programmed cell death	20	31.25	3.6543428625947114E-14	O96017, Q15848, P10415, P04637, P38936, P13500, P37231, P14780, Q07812, P01106, P01579, Q14790, P05362, P08253, P05231, P42574, P09601, P29965, P22301, P01375	64	601	19104	9.933444259567388	1.321157627742764E-10	1.4363156294720082E-12	1.0752506662004222E-12
GOTERM_BP_FAT	GO:0070663~regulation of leukocyte proliferation	16	25.0	3.814163299752504E-14	P01583, P35869, P10415, P04626, P28482, P27361, P19320, P38936, P09211, P05231, P42574, P01344, P60568, P29965, P01584, P22301	64	300	19104	15.920000000000002	1.3813927779438018E-10	1.4830123109575328E-12	1.110208607788175E-12
GOTERM_BP_FAT	GO:0008283~cell population proliferation	22	34.375	3.916849852568772E-14	P11926, P35968, P24385, P10415, P04626, P04637, P28482, P31749, P38936, P42224, Q07812, P01106, P00533, P09211, P05231, Q16665, P09601, P60568, P29965, P22301, P06400, P01375	64	793	19104	8.281210592686003	1.4175338680644245E-10	1.5067371347753915E-12	1.1279694203089006E-12
GOTERM_BP_FAT	GO:0033554~cellular response to stress	30	46.875	4.261102166370613E-14	P01583, P24385, P29474, P10415, P28482, P04637, P35354, Q07869, P04040, Q16236, P05231, P25963, P01375, O96017, P31749, P27361, P38936, P10145, P37231, Q04206, Q07812, P09488, P01106, P02778, P05164, P08253, Q16665, P08254, P42574, P09601	64	1796	19104	4.98608017817372	1.5420198451465694E-10	1.6219100456416984E-12	1.2141898488805524E-12
GOTERM_BP_FAT	GO:0045596~negative regulation of cell differentiation	22	34.375	4.320750501401124E-14	P31645, P24385, Q15848, P04626, P04637, P28482, P37231, P42224, P14780, Q07869, P01106, P01579, P02778, P00533, Q16236, P05231, P01344, P60568, P25963, P01584, P06400, P01375	64	797	19104	8.239648682559599	1.5620982285469154E-10	1.6274826888610897E-12	1.218361625759671E-12
KEGG_PATHWAY	hsa01524:Platinum drug resistance	13	20.3125	4.3209310639450666E-14	O15392, P10415, P04626, P04637, P28482, P31749, P27361, P38936, Q07812, P09488, Q14790, P09211, P42574	63	75	9375	25.79365079365079	9.544476320400008E-12	5.048666822083183E-13	1.6828889406943944E-13
GOTERM_BP_FAT	GO:0045765~regulation of angiogenesis	17	26.5625	4.737276939323719E-14	P01583, P35968, P29474, P09917, P04626, P10145, P37231, P42224, Q04206, P02778, Q16236, P05231, Q16665, P09601, P01584, P22301, P01375	64	371	19104	13.677897574123989	1.7146939423895446E-10	1.765978702329337E-12	1.3220421314174543E-12
KEGG_PATHWAY	hsa05212:Pancreatic cancer	13	20.3125	6.02522976232273E-14	P24385, O15111, P04626, P04637, P28482, P31749, P27361, P38936, P42224, Q04206, Q07812, P00533, P06400	63	77	9375	25.123685837971554	1.3323009362409266E-11	6.68800503617823E-13	2.22933501205941E-13
GOTERM_BP_FAT	GO:1901342~regulation of vasculature development	17	26.5625	7.153070020692976E-14	P01583, P35968, P29474, P09917, P04626, P10145, P37231, P42224, Q04206, P02778, Q16236, P05231, Q16665, P09601, P01584, P22301, P01375	64	381	19104	13.318897637795276	2.586095781964559E-10	2.639336856614878E-12	1.9758531169403965E-12
GOTERM_BP_FAT	GO:0071356~cellular response to tumor necrosis factor	13	20.3125	9.878850241378746E-14	O15111, P04637, P28482, P31749, P27361, P19320, P13500, P10145, P42224, Q04206, Q16236, P25963, P01375	64	155	19104	25.035483870967745	3.57395224526158E-10	3.6082749972551057E-12	2.7012169296376026E-12
KEGG_PATHWAY	hsa04625:C-type lectin receptor signaling pathway	14	21.875	1.0753239103429813E-13	O15111, P28482, P31749, P27361, P35354, P42224, Q04206, Q14790, P05231, P60568, P25963, P01584, P22301, P01375	63	105	9375	19.841269841269842	2.3775315050045265E-11	1.1367709909340088E-12	3.789236636446696E-13
GOTERM_BP_FAT	GO:0035556~intracellular signal transduction	30	46.875	1.0952186509338361E-13	P24385, O75469, P29474, P10415, P28482, P04637, Q07869, Q16236, P25963, P01375, P06400, O96017, P35869, O15392, O15111, P04626, P31749, P27361, P38936, P35228, P10145, P37231, Q04206, Q07812, P01106, Q16665, P00533, P42574, P09601, P01584	64	1863	19104	4.806763285024155	3.9594572065482225E-10	3.960310641776751E-12	2.964756888077894E-12
GOTERM_BP_FAT	GO:0051094~positive regulation of developmental process	27	42.1875	1.1681173661919204E-13	P01583, P24385, P29474, P10415, P28482, P35354, P42224, P01579, Q14790, Q16236, P05231, P01375, P06400, P35968, Q15848, P09917, P31749, P10145, P37231, Q07812, P01106, Q16665, P09601, P01344, P60568, P22301, P01584	64	1438	19104	5.604659248956884	4.224491867432789E-10	4.182091481336619E-12	3.13078585176389E-12
GOTERM_BP_FAT	GO:0071466~cellular response to xenobiotic stimulus	14	21.875	1.4309753351986176E-13	O96017, P35869, O75469, Q15848, P04637, P35228, P08684, P09488, P01106, P09211, Q16236, P05177, P01584, P06400	64	209	19104	19.995215311004785	5.176207240609187E-10	5.072947854978629E-12	3.797696306257508E-12
KEGG_PATHWAY	hsa05162:Measles	15	23.4375	1.491731368140541E-13	P01583, P24385, O15111, P10415, P04637, P31749, P42224, Q04206, Q07812, Q14790, P05231, P42574, P60568, P25963, P01584	63	136	9375	16.412815126050422	3.297628836662625E-11	1.5052925623963641E-12	5.017641874654547E-13
GOTERM_BP_FAT	GO:0031667~response to nutrient levels	19	29.6875	1.5754034121710665E-13	P31645, P24385, Q15848, P10415, P04637, P28482, P31749, P27361, P19320, P38936, P37231, P42224, Q07869, P04040, P02778, P05164, P09211, Q16236, P01375	64	562	19104	10.091637010676157	5.698245209018182E-10	5.5307366392335694E-12	4.140404890045706E-12
KEGG_PATHWAY	hsa05205:Proteoglycans in cancer	17	26.5625	1.5882286445815417E-13	P35968, P24385, P04626, P04637, P28482, P31749, P27361, P38936, P00749, P14780, P01106, P08253, P00533, Q16665, P42574, P01344, P01375	63	204	9375	12.400793650793648	3.511091417607304E-11	1.532985909117836E-12	5.109953030392786E-13
GOTERM_BP_FAT	GO:0001817~regulation of cytokine production	23	35.9375	1.651573984312428E-13	P01583, P09917, Q15848, O15111, P35354, P35228, P10145, P42224, Q07869, Q04206, P01579, Q14790, P09211, P05231, Q16665, P42574, P09601, P60568, P25963, P29965, P01584, P22301, P01375	64	963	19104	7.129283489096573	5.975326899942957E-10	5.742395699301672E-12	4.298856514936291E-12
GOTERM_BP_FAT	GO:0043065~positive regulation of apoptotic process	19	29.6875	2.3922429956952623E-13	O96017, Q15848, P10415, P04637, P13500, P37231, P14780, Q07812, P01106, P01579, Q14790, P05362, P08253, P05231, P42574, P09601, P29965, P22301, P01375	64	576	19104	9.846354166666668	8.653783245549107E-10	8.23842921184197E-12	6.167430275568643E-12
GOTERM_MF_FAT	GO:0019899~enzyme binding	33	51.5625	2.682632046788473E-13	P24385, P10415, P28482, P04637, P35354, P42224, Q07869, P04040, P08684, Q14790, P09211, Q16236, P05177, P25963, P01375, P06400, P31645, P01033, O96017, P35869, O15392, P04626, P31749, P27361, P38936, P37231, Q04206, P09488, P01106, Q16665, P00533, P42574, P09601	64	2193	17305	4.0688055745554035	1.2177636676824477E-10	1.2179149492419667E-10	9.550170086566964E-11
GOTERM_BP_FAT	GO:0010468~regulation of gene expression	48	75.0	2.9218172202547993E-13	P01583, P24385, O75469, P29474, P10415, P28482, P04637, P35354, P13500, P42224, P00749, Q07869, P01579, Q14790, P09211, Q16236, P05231, P05177, P25963, P29965, P01375, P06400, P31645, O96017, P35869, P35968, O15392, Q15848, P09917, O15111, P04626, P31749, P27361, P38936, P35228, P10145, P37231, Q04206, P01106, P02778, Q16665, P00533, P42574, P09601, P01344, P60568, P22301, P01584	64	5709	19104	2.509721492380452	1.0569261021942111E-9	9.967255724944675E-12	7.46165963700919E-12
GOTERM_BP_FAT	GO:0071214~cellular response to abiotic stimulus	16	25.0	3.307445968518728E-13	P01033, O96017, P04637, P03956, P27361, P38936, P35354, P14780, Q07812, P01106, Q14790, P08253, P08254, P42574, P01584, P01375	64	348	19104	13.724137931034484	1.196270082992612E-9	1.1073819094596038E-11	8.290052071092775E-12
GOTERM_BP_FAT	GO:0104004~cellular response to environmental stimulus	16	25.0	3.307445968518728E-13	P01033, O96017, P04637, P03956, P27361, P38936, P35354, P14780, Q07812, P01106, Q14790, P08253, P08254, P42574, P01584, P01375	64	348	19104	13.724137931034484	1.196270082992612E-9	1.1073819094596038E-11	8.290052071092775E-12
KEGG_PATHWAY	hsa05152:Tuberculosis	16	25.0	4.5471164346294407E-13	P01583, P10415, P28482, P31749, P27361, P35228, P42224, Q04206, Q07812, P01579, Q14790, P05231, P42574, P01584, P22301, P01375	63	181	9375	13.154433043935805	1.0049916454590857E-10	4.206082702032233E-12	1.4020275673440775E-12
GOTERM_BP_FAT	GO:0051246~regulation of protein metabolic process	28	43.75	6.115639644585901E-13	P11926, P10415, P28482, P04637, P00749, P14780, P01579, Q14790, Q16236, P05231, P01375, P06400, P01033, O96017, P35968, Q15848, P04626, P31749, P38936, P35228, Q04206, P01106, P08253, Q16665, P00533, P42574, P22301, P01584	64	1688	19104	4.951421800947867	2.2118347153821105E-9	2.0288213720020748E-11	1.518810689715049E-11
GOTERM_BP_FAT	GO:0010556~regulation of macromolecule biosynthetic process	48	75.0	6.64602611171966E-13	P01583, P24385, O75469, P29474, P10415, P28482, P04637, P35354, P13500, P42224, P00749, Q07869, P01579, Q14790, P09211, Q16236, P05231, P05177, P25963, P29965, P01375, P06400, P31645, O96017, P35869, P35968, O15392, Q15848, P09917, O15111, P04626, P31749, P27361, P38936, P35228, P10145, P37231, Q04206, P01106, P02778, Q16665, P00533, P42574, P09601, P01344, P60568, P22301, P01584	64	5826	19104	2.4593202883625125	2.403784060689418E-9	2.1847300381798446E-11	1.6355266076750108E-11
KEGG_PATHWAY	hsa05166:Human T-cell leukemia virus 1 infection	17	26.5625	6.822657660294166E-13	O96017, P24385, O15111, P04637, P28482, P31749, P27361, P38936, Q04206, Q07812, P01106, P05362, P05231, P60568, P25963, P06400, P01375	63	224	9375	11.293579931972788	1.5077328274770707E-10	6.05852000234122E-12	2.019506667447073E-12
GOTERM_BP_FAT	GO:0006915~apoptotic process	24	37.5	8.293299188641612E-13	P01583, O96017, P35869, O15392, P10415, P04637, P28482, P31749, P27361, P38936, P14780, Q07812, P01106, P01579, Q14790, P05231, Q16665, P42574, P09601, P60568, P01584, P22301, P06400, P01375	64	1165	19104	6.149356223175966	2.999710480011686E-9	2.701672960912439E-11	2.022519000329085E-11
GOTERM_BP_FAT	GO:0045944~positive regulation of transcription by RNA polymerase II	25	39.0625	1.1656391418486234E-12	P01583, O75469, P04637, P42224, Q07869, P01579, Q16236, P05231, P25963, P01375, P06400, P35869, O15111, P31749, P27361, P37231, Q04206, P01106, P02778, Q16665, P00533, P01344, P60568, P22301, P01584	64	1313	19104	5.683549124143183	4.216058946404644E-9	3.763349229396984E-11	2.817308175878771E-11
GOTERM_BP_FAT	GO:0032103~positive regulation of response to external stimulus	19	29.6875	1.2073681975066701E-12	P01583, P35968, O15111, P28482, P27361, P35354, P13500, P10145, P00749, Q04206, P01579, P02778, P00533, P05231, P42574, P60568, P25963, P01584, P01375	64	634	19104	8.94558359621451	4.3670483895752454E-9	3.8635782320213444E-11	2.8923413368588994E-11
GOTERM_BP_FAT	GO:0065008~regulation of biological quality	37	57.8125	1.3140439010741691E-12	Q9NRD8, P24385, P29474, P10415, P28482, P04637, P35354, P13500, P42224, P00749, Q07869, P08684, P01579, Q16236, P05231, P05177, P29965, P01375, P31645, O96017, P35968, O15392, Q15848, P09917, P04626, P31749, P35228, P10145, P37231, P23219, Q07812, P08253, Q16665, P42574, P60568, P22301, P01584	64	3321	19104	3.325654923215899	4.752954918529895E-9	4.168055040600171E-11	3.120277930006821E-11
KEGG_PATHWAY	hsa01522:Endocrine resistance	13	20.3125	1.3577172176987863E-12	P24385, P10415, P04626, P04637, P28482, P31749, P27361, P38936, P14780, Q07812, P08253, P00533, P06400	63	99	9375	19.54064454064454	3.0004987383591697E-10	1.1592816243428098E-11	3.8642720811427E-12
GOTERM_BP_FAT	GO:1902532~negative regulation of intracellular signal transduction	21	32.8125	1.5315189559189661E-12	O96017, Q15848, P10415, P31749, P27361, P35354, P37231, P42224, P14780, Q07869, Q04206, P01106, Q14790, P09211, Q16236, Q16665, P08254, P25963, P01584, P22301, P01375	64	847	19104	7.400826446280992	5.539625980155449E-9	4.815628299654766E-11	3.6050624466718623E-11
GOTERM_BP_FAT	GO:1901699~cellular response to nitrogen compound	19	29.6875	1.5697917670207974E-12	P31645, P35869, Q15848, P04637, P28482, P31749, P27361, P19320, P37231, P42224, Q04206, P05362, P09211, Q16236, P08254, P42574, P01344, P06400, P01375	64	644	19104	8.80667701863354	5.6777652579498294E-9	4.893419853057934E-11	3.663298545970085E-11
GOTERM_BP_FAT	GO:0035295~tube development	22	34.375	1.7420058221905555E-12	P35968, P29474, P10415, P28482, P31749, P27361, P13500, P10145, P42224, Q07812, P04040, P01106, Q14790, P08253, P00533, Q16236, Q16665, P42574, P05177, P09601, P06400, P01375	64	965	19104	6.805181347150259	6.300998278696568E-9	5.3838402162744005E-11	4.0304356928802E-11
KEGG_PATHWAY	hsa05220:Chronic myeloid leukemia	12	18.75	1.9917685072488677E-12	P24385, O15111, Q04206, P04637, P28482, Q07812, P27361, P31749, P01106, P38936, P25963, P06400	63	77	9375	23.19109461966605	4.401745634652343E-10	1.6376763281824023E-11	5.458921093941341E-12
GOTERM_BP_FAT	GO:0012501~programmed cell death	24	37.5	2.0120901898911116E-12	P01583, O96017, P35869, O15392, P10415, P04637, P28482, P31749, P27361, P38936, P14780, Q07812, P01106, P01579, Q14790, P05231, Q16665, P42574, P09601, P60568, P01584, P22301, P06400, P01375	64	1216	19104	5.891447368421052	7.277610847289395E-9	6.165862819191745E-11	4.61587130850444E-11
GOTERM_BP_FAT	GO:0002521~leukocyte differentiation	17	26.5625	2.146755069579944E-12	P01583, P10415, P04626, P04637, P19320, P37231, P14780, Q07812, P01579, Q14790, Q16236, P05231, P60568, P29965, P01584, P22301, P01375	64	476	19104	10.660714285714286	7.764712428581788E-9	6.523249018152165E-11	4.883416784330175E-11
GOTERM_BP_FAT	GO:0009611~response to wounding	17	26.5625	2.2159649384698024E-12	P01583, P31645, P01033, P35968, P10415, P04626, P38936, P00749, Q07869, Q07812, P08253, P05231, Q16665, P42574, P09601, P29965, P01375	64	477	19104	10.638364779874214	8.015290653418106E-9	6.655252465189122E-11	4.9822368427176314E-11
GOTERM_BP_FAT	GO:0008219~cell death	24	37.5	2.2270064941589705E-12	P01583, O96017, P35869, O15392, P10415, P04637, P28482, P31749, P27361, P38936, P14780, Q07812, P01106, P01579, Q14790, P05231, Q16665, P42574, P09601, P60568, P01584, P22301, P06400, P01375	64	1222	19104	5.86252045826514	8.05504585255079E-9	6.655252465189122E-11	4.9822368427176314E-11
KEGG_PATHWAY	hsa05140:Leishmaniasis	12	18.75	2.3072197372084974E-12	P01583, P42224, Q04206, P28482, P27361, P01579, P35354, P35228, P25963, P01584, P22301, P01375	63	78	9375	22.893772893772894	5.099056732404961E-10	1.8292956487867373E-11	6.0976521626224575E-12
GOTERM_MF_FAT	GO:0140677~molecular function activator activity	26	40.625	2.3762268435071492E-12	P11926, P01583, P24385, P04637, P13500, P00749, P01579, Q14790, P05231, P29965, P01375, P01033, Q15848, P31749, P38936, P10145, P01106, P02778, P05362, Q16665, P00533, P42574, P01344, P60568, P22301, P01584	64	1355	17305	5.188307195571956	1.078799494180771E-9	5.394034934761229E-10	4.2296837814427257E-10
KEGG_PATHWAY	hsa05225:Hepatocellular carcinoma	15	23.4375	3.3159055223439836E-12	P24385, P04637, P28482, P31749, P27361, P38936, Q07812, P09488, P01106, P00533, P09211, Q16236, P09601, P01344, P06400	63	170	9375	13.130252100840334	7.328145867901981E-10	2.5383828481391875E-11	8.461276160463958E-12
GOTERM_BP_FAT	GO:1903131~mononuclear cell differentiation	16	25.0	3.746719011025193E-12	P01583, P10415, P04626, P04637, P19320, P37231, P14780, Q07812, P01579, Q14790, Q16236, P05231, P60568, P29965, P01584, P22301	64	412	19104	11.592233009708737	1.3551703981207197E-8	1.1105029462186147E-10	8.31341669085672E-11
KEGG_PATHWAY	hsa04620:Toll-like receptor signaling pathway	13	20.3125	4.379310418412089E-12	O15111, P28482, P31749, P27361, P10145, P42224, Q04206, Q14790, P02778, P05231, P25963, P01584, P01375	63	109	9375	17.7479248580166	9.678197132600985E-10	3.240689709624946E-11	1.0802299032083155E-11
GOTERM_BP_FAT	GO:0043523~regulation of neuron apoptotic process	14	21.875	4.518001632623526E-12	P35968, P24385, O15392, P10415, P04637, P31749, P13500, Q07812, Q14790, P08253, Q16665, P42574, P22301, P01375	64	274	19104	15.251824817518248	1.634179613851927E-8	1.3282190165501358E-10	9.943276763830801E-11
GOTERM_BP_FAT	GO:1903037~regulation of leukocyte cell-cell adhesion	16	25.0	4.604904408764014E-12	P01583, P09917, P04626, P31749, P19320, P13500, Q07869, Q04206, P05231, P42574, P01344, P60568, P29965, P01584, P22301, P01375	64	418	19104	11.425837320574164	1.6655822054900682E-8	1.34284954371699E-10	1.005280341493886E-10
GOTERM_BP_FAT	GO:0035094~response to nicotine	9	14.0625	5.026774722409484E-12	P10415, Q07869, Q04206, P28482, P19320, P08253, P42574, P09601, P01375	64	51	19104	52.6764705882353	1.8181779193326975E-8	1.4541453916986155E-10	1.0885983338849977E-10
GOTERM_BP_FAT	GO:0071495~cellular response to endogenous stimulus	22	34.375	5.488636361060763E-12	P35968, Q15848, P04626, P04637, P28482, P31749, P27361, P19320, P13500, P10145, P37231, P42224, Q07869, Q04206, P04040, P00533, P09211, Q16236, P42574, P01344, P22301, P06400	64	1025	19104	6.406829268292682	1.9852300581213456E-8	1.569454861844615E-10	1.1749209930899815E-10
GOTERM_BP_FAT	GO:1902893~regulation of miRNA transcription	10	15.625	5.5121893654387754E-12	P37231, Q07869, Q04206, P04637, P01106, P05231, Q16665, P00533, P22301, P01375	64	81	19104	36.85185185185185	1.9937432926830922E-8	1.569454861844615E-10	1.1749209930899815E-10
GOTERM_BP_FAT	GO:0043434~response to peptide hormone	16	25.0	5.833772434522688E-12	P01033, Q15848, O15111, P28482, P31749, P27361, P37231, P42224, Q07869, Q04206, P04040, P09211, Q16236, P01344, P22301, P06400	64	425	19104	11.237647058823528	2.1100774461046967E-8	1.6480407127526593E-10	1.233751717207259E-10
GOTERM_MF_FAT	GO:0042802~identical protein binding	32	50.0	5.9874060382687795E-12	P11926, P10415, P28482, P04637, P35354, P42224, P14780, P04040, Q14790, P05231, P25963, P01375, P06400, P31645, O96017, P35869, P35968, O15392, Q9UNQ0, Q15848, O15111, P04626, P31749, P27361, P35228, P37231, Q04206, Q07812, P09488, P01106, P00533, P09601	64	2290	17305	3.7783842794759828	2.718294478398775E-9	9.06094113791342E-10	7.105055165412285E-10
GOTERM_BP_FAT	GO:0051128~regulation of cellular component organization	33	51.5625	7.021207518156378E-12	P01583, P10415, P28482, P04637, P13500, P00749, P14780, Q07869, P01579, Q16236, P05231, P01375, P06400, O96017, P35968, O15392, Q15848, P04626, P31749, P03956, P27361, P38936, P37231, Q07812, P01106, P02778, P05362, P08254, P00533, P01344, P60568, P22301, P01584	64	2724	19104	3.6161894273127757	2.5395540559358665E-8	1.968115223694067E-10	1.473365019507699E-10
KEGG_PATHWAY	hsa05168:Herpes simplex virus 1 infection	15	23.4375	7.255347272226872E-12	O15111, P10415, P04637, P31749, P13500, P42224, Q04206, Q07812, P01579, Q14790, P05231, P42574, P25963, P01584, P01375	63	180	9375	12.400793650793652	1.603422949969513E-9	5.195764820756018E-11	1.731921606918673E-11
KEGG_PATHWAY	hsa05210:Colorectal cancer	12	18.75	7.939064411775763E-12	P24385, O15392, P10415, P04637, P28482, Q07812, P27361, P31749, P01106, P38936, P00533, P42574	63	87	9375	20.525451559934318	1.754539735721039E-9	5.5077259356694355E-11	1.8359086452231452E-11
GOTERM_BP_FAT	GO:0045893~positive regulation of DNA-templated transcription	27	42.1875	1.1246436333923773E-11	P01583, O75469, P04637, P42224, Q07869, P01579, Q16236, P05231, P25963, P01375, P06400, O96017, P35869, O15111, P04626, P31749, P27361, P37231, Q04206, P01106, P02778, Q16665, P00533, P01344, P60568, P22301, P01584	64	1754	19104	4.594925883694413	4.067840242427678E-8	3.128239521805259E-10	2.3418540889178195E-10
GOTERM_BP_FAT	GO:1902680~positive regulation of RNA biosynthetic process	27	42.1875	1.1540032586297083E-11	P01583, O75469, P04637, P42224, Q07869, P01579, Q16236, P05231, P25963, P01375, P06400, O96017, P35869, O15111, P04626, P31749, P27361, P37231, Q04206, P01106, P02778, Q16665, P00533, P01344, P60568, P22301, P01584	64	1756	19104	4.5896924829157175	4.1740147227464774E-8	3.18540136122521E-10	2.3846464283287177E-10
GOTERM_BP_FAT	GO:0048732~gland development	16	25.0	1.2725182526961784E-11	Q9NRD8, P24385, P10415, P28482, P31749, P27361, Q07869, Q04206, Q07812, P08253, P00533, P05231, Q16665, P01344, P22301, P01375	64	449	19104	10.6369710467706	4.602688186139403E-8	3.485928789204077E-10	2.6096264470064814E-10
GOTERM_BP_FAT	GO:0022407~regulation of cell-cell adhesion	17	26.5625	1.4717069707348246E-11	P01583, P09917, Q15848, P04626, P31749, P19320, P13500, Q07869, Q04206, P05231, P42574, P01344, P60568, P29965, P01584, P22301, P01375	64	541	19104	9.37985212569316	5.3231808627707267E-8	4.001272485847463E-10	2.9954216314129095E-10
GOTERM_BP_FAT	GO:0001819~positive regulation of cytokine production	17	26.5625	2.335035254402491E-11	P01583, Q15848, O15111, P35354, P35228, P42224, Q04206, P01579, Q14790, P05231, Q16665, P09601, P60568, P29965, P01584, P22301, P01375	64	558	19104	9.094086021505376	8.445810995016956E-8	6.301110059641349E-10	4.717119726617569E-10
GOTERM_BP_FAT	GO:0070848~response to growth factor	17	26.5625	2.398141749147628E-11	P35968, P04626, P04637, P28482, P31749, P27361, P19320, P13500, P10145, P37231, Q04206, P04040, P01106, P00533, P09211, P42574, P22301	64	559	19104	9.077817531305904	8.674062035307628E-8	6.423467085124314E-10	4.80871830736491E-10
KEGG_PATHWAY	hsa05171:Coronavirus disease - COVID-19	16	25.0	2.4316996206426386E-11	O15111, P28482, P03956, P27361, P13500, P10145, P42224, Q04206, P02778, P00533, P05231, P08254, P60568, P25963, P01584, P01375	63	238	9375	10.004001600640256	5.374055422890933E-9	1.6358706538868662E-10	5.452902179622886E-11
GOTERM_BP_FAT	GO:1902533~positive regulation of intracellular signal transduction	23	35.9375	2.453494759025238E-11	P01583, P35968, O15392, Q15848, O15111, P04626, P04637, P31749, P27361, Q04206, Q07812, P04040, P01106, Q14790, P05362, P08253, P00533, P05231, P09601, P01344, P29965, P01584, P01375	64	1239	19104	5.541162227602905	8.874283663473648E-8	6.52340959458475E-10	4.883536994618617E-10
GOTERM_BP_FAT	GO:1902895~positive regulation of miRNA transcription	9	14.0625	2.594871426149706E-11	P37231, Q04206, P04637, P01106, P05231, Q16665, P00533, P22301, P01375	64	62	19104	43.33064516129033	9.385639876402507E-8	6.848945311647691E-10	5.127238650063689E-10
GOTERM_BP_FAT	GO:2000628~regulation of miRNA metabolic process	10	15.625	2.6364995414969838E-11	P37231, Q07869, Q04206, P04637, P01106, P05231, Q16665, P00533, P22301, P01375	64	96	19104	31.09375	9.536227740802872E-8	6.908393001487749E-10	5.17174221654517E-10
KEGG_PATHWAY	hsa05144:Malaria	10	15.625	2.6840139820764264E-11	P01579, P19320, P05362, P05231, P13500, P29965, P01584, P22301, P01375, P10145	63	50	9375	29.761904761904763	5.931658941804585E-9	1.75250324712049E-10	5.841677490401634E-11
GOTERM_BP_FAT	GO:0009894~regulation of catabolic process	23	35.9375	2.8249541343275588E-11	P01033, P11926, O96017, P35968, O15111, P10415, P04637, P31749, P27361, P35228, Q07869, Q04206, Q07812, P01579, P00533, Q16236, P05231, Q16665, P42574, P09601, P01584, P22301, P01375	64	1248	19104	5.5012019230769225	1.0217848633864435E-7	7.348945431459319E-10	5.501547368075324E-10
GOTERM_MF_FAT	GO:0005126~cytokine receptor binding	14	21.875	2.854252355244503E-11	P01583, P13500, P10145, P42224, P01579, Q14790, P02778, P05231, P42574, P60568, P29965, P01584, P22301, P01375	64	288	17305	13.143988715277777	1.2958295658727081E-8	3.239576423202511E-9	2.5402845961676078E-9
GOTERM_BP_FAT	GO:0072359~circulatory system development	21	32.8125	3.1177653537498716E-11	P35869, P35968, P29474, P04626, P04637, P28482, P31749, P27361, P19320, P38936, P13500, P10145, P37231, Q07869, Q07812, Q14790, P08253, Q16665, P42574, P09601, P06400	64	1000	19104	6.2684999999999995	1.1276943090443581E-7	8.052742513685383E-10	6.028422009000645E-10
GOTERM_BP_FAT	GO:0050670~regulation of lymphocyte proliferation	13	20.3125	4.5188416395205957E-11	P01583, P35869, P10415, P04626, P19320, P38936, P05231, P42574, P01344, P60568, P29965, P01584, P22301	64	260	19104	14.924999999999999	1.6344646047716793E-7	1.1588745651423031E-9	8.675534977434222E-10
GOTERM_BP_FAT	GO:0032944~regulation of mononuclear cell proliferation	13	20.3125	5.394988046630667E-11	P01583, P35869, P10415, P04626, P19320, P38936, P05231, P42574, P01344, P60568, P29965, P01584, P22301	64	264	19104	14.698863636363635	1.9513656890346454E-7	1.373822308212429E-9	1.0284670874809306E-9
GOTERM_BP_FAT	GO:0009892~negative regulation of metabolic process	36	56.25	5.632897668448218E-11	P01583, P24385, O75469, P10415, P04637, P42224, P00749, Q07869, P01579, P09211, P05231, P25963, P01375, P06400, P01033, P35869, P35968, O15392, Q15848, O15111, P31749, P38936, P35228, P10145, P37231, Q04206, P01106, P08253, Q16665, P08254, P00533, P42574, P09601, P01344, P22301, P01584	64	3547	19104	3.029602480969834	2.0374176068482797E-7	1.4243746831544583E-9	1.0663114677265263E-9
GOTERM_BP_FAT	GO:2001237~negative regulation of extrinsic apoptotic signaling pathway	10	15.625	5.971899081892739E-11	P01583, P29474, P10415, Q04206, P31749, P05362, P09211, P09601, P01584, P01375	64	105	19104	28.428571428571427	2.1600362687390628E-7	1.49961021389751E-9	1.1226340843530308E-9
KEGG_PATHWAY	hsa04064:NF-kappa B signaling pathway	12	18.75	6.45132305974149E-11	P00749, O15111, P10415, Q04206, P19320, P05362, P35354, P25963, P29965, P01584, P01375, P10145	63	105	9375	17.006802721088434	1.4257435565490084E-8	4.054507869873174E-10	1.351502623291058E-10
KEGG_PATHWAY	hsa05133:Pertussis	11	17.1875	6.663238860619815E-11	P01583, Q04206, P28482, P27361, P05231, P42574, P35228, P01584, P22301, P01375, P10145	63	78	9375	20.985958485958488	1.4725752839339634E-8	4.054507869873174E-10	1.351502623291058E-10
KEGG_PATHWAY	hsa04210:Apoptosis	13	20.3125	6.75751311645529E-11	O15392, O15111, P10415, P04637, P28482, P31749, P27361, Q04206, Q07812, Q14790, P42574, P25963, P01375	63	137	9375	14.120611748348972	1.4934111947084716E-8	4.054507869873174E-10	1.351502623291058E-10
KEGG_PATHWAY	hsa05135:Yersinia infection	13	20.3125	7.364291134803164E-11	O15111, P28482, P31749, P27361, P13500, P10145, Q04206, P05231, P60568, P25963, P01584, P22301, P01375	63	138	9375	14.018288474810213	1.627507406620765E-8	4.302296399806059E-10	1.434098799935353E-10
GOTERM_BP_FAT	GO:2000630~positive regulation of miRNA metabolic process	9	14.0625	7.978747588162775E-11	P37231, Q04206, P04637, P01106, P05231, Q16665, P00533, P22301, P01375	64	71	19104	37.83802816901408	2.885913817918251E-7	1.989734570951489E-9	1.4895496359418365E-9
GOTERM_BP_FAT	GO:0051049~regulation of transport	26	40.625	8.077589857058267E-11	P01583, P29474, P10415, P28482, P13500, P14780, Q07869, P01579, Q16236, P05231, P25963, P01375, P31645, O15392, Q15848, P09917, P31749, P27361, P35228, P37231, Q07812, P02778, P05164, Q16665, P42574, P01584	64	1757	19104	4.417188389299944	2.9216653774088996E-7	2.0005866385700474E-9	1.4976736810312828E-9
GOTERM_MF_FAT	GO:0005125~cytokine activity	13	20.3125	8.423718926433589E-11	P01583, P01033, Q15848, P13500, P10145, P01579, P02778, P05231, P60568, P29965, P01584, P22301, P01375	64	249	17305	14.116779618473895	3.8243675670734945E-8	7.648736785201699E-9	5.997687875620716E-9
GOTERM_BP_FAT	GO:0045785~positive regulation of cell adhesion	16	25.0	8.999437282208383E-11	P01583, P35968, P09917, P04626, P31749, P19320, P13500, Q04206, P01579, P05231, P01344, P60568, P29965, P01584, P22301, P01375	64	516	19104	9.255813953488373	3.2550949402576634E-7	2.2137391300996946E-9	1.6572433144855848E-9
KEGG_PATHWAY	hsa05207:Chemical carcinogenesis - receptor activation	15	23.4375	9.08487022215042E-11	P35869, P24385, O15392, P10415, P28482, P31749, P27361, Q07869, Q04206, P08684, P09488, P01106, P00533, P05177, P06400	63	217	9375	10.286372613561554	2.007755406374656E-8	5.171387664916393E-10	1.723795888305464E-10
KEGG_PATHWAY	hsa04659:Th17 cell differentiation	12	18.75	9.737535195657984E-11	P42224, P35869, O15111, Q04206, P28482, P27361, P01579, P05231, Q16665, P60568, P25963, P01584	63	109	9375	16.3826998689384	2.1519947712711485E-8	5.404332033590181E-10	1.801444011196727E-10
GOTERM_BP_FAT	GO:0032642~regulation of chemokine production	10	15.625	9.889148023456646E-11	Q15848, P01579, P05231, Q16665, P09211, P09601, P01584, P22301, P01375, P10145	64	111	19104	26.89189189189189	3.576903128132969E-7	2.416159408974272E-9	1.8087786283444014E-9
GOTERM_BP_FAT	GO:0001775~cell activation	19	29.6875	1.1675908490205998E-10	P31645, P10415, P04626, P04637, P19320, P10145, Q07812, P01106, P01579, Q14790, P02778, P05362, Q16236, P05231, P60568, P29965, P01584, P22301, P01375	64	836	19104	6.784090909090909	4.2231738339726377E-7	2.8335627584285162E-9	2.1212539787240026E-9
KEGG_PATHWAY	hsa04936:Alcoholic liver disease	13	20.3125	1.216458152688155E-10	P24385, Q15848, O15111, P31749, P10145, Q07869, Q04206, Q14790, P05231, P42574, P25963, P01584, P01375	63	144	9375	13.43419312169312	2.688372247039439E-8	6.586675851140743E-10	2.1955586170469142E-10
KEGG_PATHWAY	hsa05213:Endometrial cancer	10	15.625	1.285552606649882E-10	P24385, P04626, P04637, P28482, Q07812, P27361, P31749, P01106, P38936, P00533	63	59	9375	25.221953188054883	2.8410715890991867E-8	6.795063778006519E-10	2.2650212593355064E-10
GOTERM_BP_FAT	GO:0048468~cell development	30	46.875	1.3875346552099448E-10	P01583, P10415, P28482, P04637, P14780, P01579, Q14790, P09211, Q16236, P05231, P29965, P01375, P06400, P35968, P04626, P31749, P27361, P19320, P37231, Q07812, P08253, P05362, Q16665, P00533, P42574, P09601, P01344, P60568, P22301, P01584	64	2478	19104	3.6138014527845037	5.018711142223964E-7	3.34488354215944E-9	2.504037541102214E-9
GOTERM_BP_FAT	GO:0150077~regulation of neuroinflammatory response	8	12.5	1.7058154344966077E-10	P14780, P28482, P27361, P05231, P08254, P35354, P01584, P01375	64	47	19104	50.808510638297875	6.169932720290205E-7	4.084919610026314E-9	3.0580413120412693E-9
GOTERM_BP_FAT	GO:0016477~cell migration	20	31.25	2.0050146454301682E-10	P35968, P29474, P09917, P10415, P31749, P19320, P13500, P10145, P00749, P14780, Q07812, P02778, P05362, P08253, P00533, P05231, Q16665, P01584, P22301, P01375	64	984	19104	6.067073170731708	7.252136781099594E-7	4.7298083813409214E-9	3.540816174858926E-9
GOTERM_BP_FAT	GO:0032879~regulation of localization	28	43.75	2.0198883331358322E-10	P01583, P29474, P10415, P28482, P13500, P14780, Q07869, P01579, Q16236, P05231, P25963, P01375, P31645, O15392, Q15848, P09917, P04626, P31749, P27361, P35228, P37231, Q07812, P02778, P05164, Q16665, P00533, P42574, P01584	64	2164	19104	3.8622920517560075	7.305934762724675E-7	4.7298083813409214E-9	3.540816174858926E-9
GOTERM_BP_FAT	GO:0007584~response to nutrient	11	17.1875	2.0310485101828066E-10	P31645, P37231, P42224, P24385, Q15848, Q07869, P04040, P19320, P02778, P09211, Q16236	64	170	19104	19.314705882352943	7.346300314736709E-7	4.7298083813409214E-9	3.540816174858926E-9
GOTERM_BP_FAT	GO:2001236~regulation of extrinsic apoptotic signaling pathway	11	17.1875	2.0310485101828066E-10	P01583, P29474, P10415, Q04206, P31749, P05362, P09211, P09601, P29965, P01584, P01375	64	170	19104	19.314705882352943	7.346300314736709E-7	4.7298083813409214E-9	3.540816174858926E-9
GOTERM_BP_FAT	GO:0051254~positive regulation of RNA metabolic process	27	42.1875	2.0405146777908844E-10	P01583, O75469, P04637, P42224, Q07869, P01579, Q16236, P05231, P25963, P01375, P06400, O96017, P35869, O15111, P04626, P31749, P27361, P37231, Q04206, P01106, P02778, Q16665, P00533, P01344, P60568, P22301, P01584	64	1997	19104	4.035803705558338	7.380537948575849E-7	4.7298083813409214E-9	3.540816174858926E-9
GOTERM_BP_FAT	GO:0071347~cellular response to interleukin-1	9	14.0625	2.1242768852226743E-10	P01583, Q04206, P27361, P08253, Q16665, P13500, P25963, P01584, P10145	64	80	19104	33.581250000000004	7.68350847946131E-7	4.892602049022414E-9	3.6626863237565473E-9
GOTERM_BP_FAT	GO:0062013~positive regulation of small molecule metabolic process	11	17.1875	2.2787678466698656E-10	P37231, Q15848, Q07869, P28482, P31749, P01579, Q16665, P35354, P01344, P01584, P01375	64	172	19104	19.09011627906977	8.242301491323545E-7	5.215205400986224E-9	3.904192760085649E-9
GOTERM_BP_FAT	GO:0032868~response to insulin	12	18.75	2.4735876460993124E-10	P37231, P42224, Q15848, Q07869, P28482, P27361, P31749, P04040, P09211, P01344, P22301, P06400	64	233	19104	15.373390557939915	8.946963798717178E-7	5.625467250500071E-9	4.211321860371596E-9
GOTERM_BP_FAT	GO:0097305~response to alcohol	13	20.3125	2.745585804605711E-10	P35869, P24385, Q15848, P31749, P19320, P37231, Q07869, P04040, Q14790, P09211, P42574, P60568, P01375	64	304	19104	12.764802631578947	9.9307795631276E-7	6.205023918408906E-9	4.6451879831672864E-9
GOTERM_BP_FAT	GO:0009612~response to mechanical stimulus	12	18.75	2.9652130039870036E-10	P37231, P42224, Q04206, P27361, P01106, Q14790, P02778, P05164, P08253, P25963, P01584, P01375	64	237	19104	15.113924050632912	1.0725167934877433E-6	6.659757902122363E-9	4.985609690554546E-9
GOTERM_BP_FAT	GO:0062197~cellular response to chemical stress	13	20.3125	3.309826501195219E-10	P29474, P04637, P35354, P37231, Q04206, P04040, P05164, P08253, Q16236, P05231, Q16665, P08254, P42574	64	309	19104	12.558252427184465	1.1971636577623457E-6	7.3878596471122914E-9	5.530679221441641E-9
KEGG_PATHWAY	hsa04218:Cellular senescence	13	20.3125	3.3477573384451604E-10	P01583, O96017, P24385, P04637, P28482, P31749, P27361, P38936, P10145, Q04206, P01106, P05231, P06400	63	157	9375	12.321807703973308	7.398544077386049E-8	1.6890957480336947E-9	5.630319160112315E-10
KEGG_PATHWAY	hsa04932:Non-alcoholic fatty liver disease	13	20.3125	3.3477573384451604E-10	P01583, Q15848, P31749, P10145, P37231, Q07869, Q04206, Q07812, Q14790, P05231, P42574, P01584, P01375	63	157	9375	12.321807703973308	7.398544077386049E-8	1.6890957480336947E-9	5.630319160112315E-10
GOTERM_MF_FAT	GO:0046983~protein dimerization activity	22	34.375	3.387412161343136E-10	P11926, O96017, P35869, O15392, Q9UNQ0, Q15848, O15111, P10415, P04626, P04637, P31749, P35354, P35228, P42224, Q04206, Q07812, P04040, P09488, P01106, Q16665, P09601, P22301	64	1159	17305	5.132522648835203	1.5378851903058433E-7	2.5631418687496397E-8	2.009864549063594E-8
GOTERM_BP_FAT	GO:0071887~leukocyte apoptotic process	8	12.5	3.582333719731511E-10	O96017, P10415, P04637, Q07812, P31749, P01106, P05231, P42574	64	52	19104	45.92307692307693	1.2957291222193135E-6	7.936267241880924E-9	5.941226610556322E-9
GOTERM_BP_FAT	GO:0032102~negative regulation of response to external stimulus	15	23.4375	3.5994132402336047E-10	P01583, P35869, P29474, P09917, Q15848, P13500, P37231, P00749, Q07869, P09211, P60568, P01584, P22301, P06400, P01375	64	476	19104	9.406512605042018	1.3019068312303261E-6	7.936267241880924E-9	5.941226610556322E-9
GOTERM_BP_FAT	GO:0071478~cellular response to radiation	11	17.1875	3.968119441244953E-10	P01033, O96017, P14780, P04637, Q07812, P03956, P01106, P08253, P38936, P08254, P01375	64	182	19104	18.041208791208792	1.4352676728224267E-6	8.696193878510152E-9	6.510120804515205E-9
GOTERM_BP_FAT	GO:0001936~regulation of endothelial cell proliferation	11	17.1875	4.186850239484591E-10	P37231, P42224, P35968, P09917, P31749, Q16665, P09601, P01344, P13500, P22301, P01375	64	183	19104	17.942622950819672	1.51438241025037E-6	9.120271365045953E-9	6.827592529087222E-9
GOTERM_BP_FAT	GO:0009888~tissue development	26	40.625	4.484617258952003E-10	Q9NRD8, P24385, P29474, P10415, P28482, P04637, P35354, P42224, P14780, Q07869, P04040, P06400, P01033, P35968, P31749, P27361, P38936, P37231, Q04206, P01106, P08253, P05362, Q16665, P00533, P42574, P22301	64	1904	19104	4.076155462184874	1.622084697894266E-6	9.710404795431403E-9	7.269376598792259E-9
GOTERM_BP_FAT	GO:0097237~cellular response to toxic substance	10	15.625	4.705878687979106E-10	Q9NRD8, Q9UNQ0, P29474, P23219, P04040, P09488, P05164, P09211, P35354, P01375	64	132	19104	22.613636363636363	1.7021149932849866E-6	1.0128843652221694E-8	7.582627147832999E-9
GOTERM_BP_FAT	GO:0050729~positive regulation of inflammatory response	11	17.1875	4.908887711197524E-10	P01583, P28482, P27361, P01579, P05231, P35354, P42574, P60568, P25963, P01584, P01375	64	186	19104	17.653225806451612	1.775543119975076E-6	1.0503276901591862E-8	7.862934339770235E-9
GOTERM_BP_FAT	GO:0070665~positive regulation of leukocyte proliferation	11	17.1875	5.173079823195049E-10	P01583, P10415, P28482, P27361, P19320, P05231, P38936, P01344, P60568, P29965, P01584	64	187	19104	17.558823529411764	1.871101192763014E-6	1.1003445082748997E-8	8.237368871405292E-9
KEGG_PATHWAY	hsa05132:Salmonella infection	15	23.4375	5.348205042310767E-10	O15111, P10415, P28482, P31749, P27361, P10145, Q04206, Q07812, P01106, Q14790, P05231, P42574, P25963, P01584, P01375	63	248	9375	9.00057603686636	1.1819532819146161E-7	2.6384478208733116E-9	8.794826069577705E-10
GOTERM_BP_FAT	GO:0050865~regulation of cell activation	17	26.5625	5.661191318306038E-10	P01583, P35869, P29474, P10415, P04626, P31749, P19320, P38936, P13500, P05231, P42574, P01344, P60568, P29965, P01584, P22301, P01375	64	693	19104	7.322510822510822	2.0476508753031197E-6	1.1971267723388675E-8	8.961897601552307E-9
GOTERM_BP_FAT	GO:0090594~inflammatory response to wounding	6	9.375	6.489813971099604E-10	P01583, P01033, P05231, Q16665, P09601, P01375	64	14	19104	127.92857142857143	2.347363056820484E-6	1.364370192993963E-8	1.0213910709166644E-8
GOTERM_BP_FAT	GO:2001141~regulation of RNA biosynthetic process	34	53.125	6.619230952494182E-10	P01583, P24385, O75469, P28482, P04637, P42224, Q07869, P01579, P09211, Q16236, P05231, P25963, P01375, P06400, O96017, P35869, O15392, Q15848, O15111, P04626, P31749, P27361, P10145, P37231, Q04206, P01106, P02778, Q16665, P00533, P09601, P01344, P60568, P22301, P01584	64	3436	19104	2.9537252619324796	2.3941728858334343E-6	1.3835340534230612E-8	1.0357374675376734E-8
GOTERM_BP_FAT	GO:0045321~leukocyte activation	17	26.5625	6.969236794867502E-10	P10415, P04626, P04637, P19320, P10145, Q07812, P01106, P01579, Q14790, P05362, Q16236, P05231, P60568, P29965, P01584, P22301, P01375	64	703	19104	7.218349928876244	2.5207695931728225E-6	1.4483195546115454E-8	1.0842370117072602E-8
GOTERM_BP_FAT	GO:0034644~cellular response to UV	9	14.0625	7.218305640421838E-10	P01033, P14780, P04637, Q07812, P03956, P01106, P08253, P38936, P08254	64	93	19104	28.887096774193548	2.610857855800397E-6	1.4915081826151637E-8	1.1165687639212522E-8
GOTERM_BP_FAT	GO:0045937~positive regulation of phosphate metabolic process	13	20.3125	7.509848757706735E-10	P35968, P04626, P28482, P31749, P38936, P14780, Q07869, P01579, P00533, P05231, Q16665, P22301, P01375	64	332	19104	11.688253012048191	2.716308441508275E-6	1.5429325629470202E-8	1.1550659424495529E-8
GOTERM_BP_FAT	GO:0010562~positive regulation of phosphorus metabolic process	13	20.3125	8.040696172426211E-10	P35968, P04626, P28482, P31749, P38936, P14780, Q07869, P01579, P00533, P05231, Q16665, P22301, P01375	64	334	19104	11.618263473053892	2.9083154743370088E-6	1.6426642575984846E-8	1.2297268100993082E-8
GOTERM_BP_FAT	GO:0051174~regulation of phosphorus metabolic process	16	25.0	8.715081502963656E-10	P35968, Q15848, P04626, P04637, P28482, P31749, P38936, P14780, Q07869, P01579, P00533, P05231, Q16665, P22301, P06400, P01375	64	608	19104	7.855263157894736	3.1522401886530105E-6	1.7704345345346395E-8	1.3253778442990235E-8
KEGG_PATHWAY	hsa05223:Non-small cell lung cancer	10	15.625	9.245306845749657E-10	P24385, P04626, P04637, P28482, Q07812, P27361, P31749, P38936, P00533, P06400	63	73	9375	20.384866275277233	2.0432125824587644E-7	4.461865477731356E-9	1.4872884925771189E-9
KEGG_PATHWAY	hsa04151:PI3K-Akt signaling pathway	17	26.5625	9.484646640642317E-10	P35968, P24385, P29474, O15111, P10415, P04626, P04637, P28482, P31749, P27361, P38936, Q04206, P01106, P00533, P05231, P01344, P60568	63	362	9375	6.988292554590897	2.096106636040318E-7	4.47998203026084E-9	1.4933273434202797E-9
GOTERM_BP_FAT	GO:0050673~epithelial cell proliferation	11	17.1875	9.487474085523892E-10	P24385, P35968, P28482, Q07812, P01106, P05231, P38936, P00533, P09601, P01375, P06400	64	199	19104	16.5	3.431613509907727E-6	1.916575770572871E-8	1.4347816955035292E-8
GOTERM_BP_FAT	GO:0071363~cellular response to growth factor stimulus	15	23.4375	1.078085431027374E-9	P35968, P04626, P04637, P31749, P27361, P19320, P13500, P10145, P37231, Q04206, P04040, P00533, P09211, P42574, P22301	64	518	19104	8.643822393822395	3.8994272865133794E-6	2.1657538436638803E-8	1.6213207009950567E-8
GOTERM_BP_FAT	GO:2001242~regulation of intrinsic apoptotic signaling pathway	11	17.1875	1.151244542518877E-9	P14780, P10415, P04637, Q07812, P31749, P01106, P08253, Q16665, Q16236, P35354, P22301	64	203	19104	16.17487684729064	4.164042848864291E-6	2.299944898203458E-8	1.721778440109724E-8
GOTERM_BP_FAT	GO:0022409~positive regulation of cell-cell adhesion	13	20.3125	1.161561807108076E-9	P01583, P09917, P31749, P19320, P13500, Q04206, P05231, P01344, P60568, P29965, P01584, P22301, P01375	64	345	19104	11.247826086956522	4.201360376265839E-6	2.3078063156608805E-8	1.727663632879979E-8
GOTERM_BP_FAT	GO:0019219~regulation of nucleobase-containing compound metabolic process	37	57.8125	1.2121055652504718E-9	P01583, P24385, O75469, P28482, P04637, P42224, Q07869, P01579, P09211, Q16236, P05231, P25963, P01375, P06400, O96017, P35869, O15392, Q15848, O15111, P04626, P31749, P27361, P38936, P10145, P37231, Q04206, Q07812, P01106, P02778, Q16665, P00533, P42574, P09601, P01344, P60568, P22301, P01584	64	4174	19104	2.6460229995208433	4.384176083505054E-6	2.3950676087135007E-8	1.7929889426956433E-8
GOTERM_BP_FAT	GO:0010212~response to ionizing radiation	10	15.625	1.3044386517119753E-9	O96017, P24385, P10415, P04637, Q07812, P19320, P02778, P38936, P42574, P01375	64	148	19104	20.16891891891892	4.718143535420438E-6	2.5635055242339685E-8	1.9190844729262594E-8
GOTERM_BP_FAT	GO:0010605~negative regulation of macromolecule metabolic process	33	51.5625	1.3347733195140933E-9	P01583, P24385, O75469, P04637, P42224, P00749, Q07869, P01579, P09211, P05231, P25963, P01375, P06400, P01033, P35869, P35968, O15392, Q15848, P31749, P38936, P35228, P10145, P37231, Q04206, P01106, P08253, Q16665, P00533, P42574, P09601, P01344, P22301, P01584	64	3318	19104	2.9688065099457503	4.827863345879813E-6	2.6089407153313305E-8	1.9530980410403515E-8
GOTERM_BP_FAT	GO:0045471~response to ethanol	10	15.625	1.384751618657631E-9	P24385, Q15848, Q07869, P04040, P19320, Q14790, P09211, P42574, P60568, P01375	64	149	19104	20.033557046979865	5.008634166303594E-6	2.68141757407259E-8	2.007355468200913E-8
GOTERM_BP_FAT	GO:0002694~regulation of leukocyte activation	16	25.0	1.3866844202200617E-9	P01583, P35869, P10415, P04626, P31749, P19320, P38936, P13500, P05231, P42574, P01344, P60568, P29965, P01584, P22301, P01375	64	629	19104	7.593004769475357	5.015625022752879E-6	2.68141757407259E-8	2.007355468200913E-8
GOTERM_BP_FAT	GO:1900015~regulation of cytokine production involved in inflammatory response	9	14.0625	1.5188231234927244E-9	P09917, Q07869, Q04206, P05231, Q16665, P09601, P35228, P25963, P01375	64	102	19104	26.33823529411765	5.493568350556366E-6	2.9213108588030273E-8	2.1869437209014918E-8
GOTERM_BP_FAT	GO:0070228~regulation of lymphocyte apoptotic process	8	12.5	1.612910308429351E-9	P10415, P04637, Q07812, P01106, P05362, Q16665, P60568, P22301	64	64	19104	37.3125	5.833879762717764E-6	3.0858643784553085E-8	2.310131325353573E-8
GOTERM_BP_FAT	GO:0050776~regulation of immune response	20	31.25	1.6285866569354158E-9	P35869, O15111, P10415, P28482, P31749, P27361, P35228, P37231, Q04206, Q07812, P01579, Q14790, P00533, Q16236, P05231, P60568, P25963, P01584, P22301, P01375	64	1115	19104	5.354260089686099	5.8905807850395675E-6	3.0994575534097175E-8	2.320307410696932E-8
GOTERM_BP_FAT	GO:0097190~apoptotic signaling pathway	13	20.3125	1.6569566186777864E-9	P01583, O96017, P10415, P04637, P38936, Q07812, P01106, P01579, Q14790, P42574, P60568, P01584, P01375	64	356	19104	10.900280898876405	5.993193966435939E-6	3.136939860282134E-8	2.3483673124401924E-8
KEGG_PATHWAY	hsa04380:Osteoclast differentiation	12	18.75	1.7127984401454332E-9	P01583, P37231, P42224, O15111, Q04206, P28482, P27361, P31749, P01579, P25963, P01584, P01375	63	142	9375	12.575452716297786	3.785283880786139E-7	7.921692785672629E-9	2.6405642618908763E-9
GOTERM_MF_FAT	GO:0044389~ubiquitin-like protein ligase binding	13	20.3125	1.7803344835608702E-9	O96017, P10415, P04637, P38936, P42224, Q04206, P01106, Q14790, P00533, Q16236, Q16665, P25963, P06400	64	325	17305	10.815625	8.08271507724001E-7	1.1094444515144372E-7	8.69960847443039E-8
GOTERM_MF_FAT	GO:0005102~signaling receptor binding	23	35.9375	1.954968196501211E-9	P01583, P31645, P35968, Q15848, O15111, P04626, P04637, P19320, P13500, P10145, P42224, P01579, Q14790, P02778, P05362, P05231, P42574, P01344, P60568, P29965, P01584, P22301, P01375	64	1412	17305	4.40437986898017	8.875551640308288E-7	1.1094444515144372E-7	8.69960847443039E-8
KEGG_PATHWAY	hsa05208:Chemical carcinogenesis - reactive oxygen species	14	21.875	2.029664176683057E-9	P35869, O15111, P28482, P31749, P27361, Q04206, P04040, P09488, P00533, Q16236, Q16665, P05177, P09601, P25963	63	227	9375	9.177679882525696	4.485556912570132E-7	9.195621371910993E-9	3.0652071239703305E-9
GOTERM_BP_FAT	GO:0098754~detoxification	10	15.625	2.2002151794389405E-9	Q9NRD8, Q9UNQ0, P29474, P23219, P04040, P09488, P05164, P09211, Q16236, P35354	64	157	19104	19.012738853503183	7.958146837516722E-6	4.1437385879433376E-8	3.1020742139277145E-8
GOTERM_BP_FAT	GO:0042542~response to hydrogen peroxide	9	14.0625	2.400842681942069E-9	P42224, P10415, Q04206, P04040, P08253, P05231, Q16236, P42574, P09601	64	108	19104	24.875	8.683810119647362E-6	4.474972751496145E-8	3.3500418247511236E-8
GOTERM_BP_FAT	GO:0070555~response to interleukin-1	9	14.0625	2.400842681942069E-9	P01583, Q04206, P27361, P08253, Q16665, P13500, P25963, P01584, P10145	64	108	19104	24.875	8.683810119647362E-6	4.474972751496145E-8	3.3500418247511236E-8
GOTERM_BP_FAT	GO:1903039~positive regulation of leukocyte cell-cell adhesion	12	18.75	2.495505108795243E-9	P01583, P09917, Q04206, P31749, P19320, P05231, P01344, P13500, P60568, P29965, P01584, P01375	64	290	19104	12.351724137931035	9.026201351347574E-6	4.627562294053128E-8	3.464272989491653E-8
GOTERM_BP_FAT	GO:0141124~intracellular signaling cassette	18	28.125	2.5131772538764717E-9	P29474, O15111, P04626, P04637, P28482, P31749, P27361, P38936, P35228, P10145, Q04206, P01106, P00533, Q16236, P25963, P01584, P06400, P01375	64	887	19104	6.05749718151071	9.090120707599958E-6	4.636555586743532E-8	3.471005523593678E-8
KEGG_PATHWAY	hsa04621:NOD-like receptor signaling pathway	13	20.3125	2.521424288087328E-9	O15111, P10415, P28482, P27361, P13500, P10145, P42224, Q04206, Q14790, P05231, P25963, P01584, P01375	63	187	9375	10.34504710975299	5.572346138960071E-7	1.1195123839107738E-8	3.731707946369246E-9
GOTERM_BP_FAT	GO:0051249~regulation of lymphocyte activation	15	23.4375	2.6792702470966904E-9	P01583, P35869, P10415, P04626, P31749, P19320, P38936, P13500, P05231, P42574, P01344, P60568, P29965, P01584, P22301	64	556	19104	8.053057553956835	9.69087355084941E-6	4.917888940863773E-8	3.6816165273557066E-8
KEGG_PATHWAY	hsa05165:Human papillomavirus infection	16	25.0	2.7012612846550033E-9	P24385, O15111, P04637, P28482, P31749, P27361, P38936, P35354, P42224, Q04206, Q07812, Q14790, P00533, P42574, P06400, P01375	63	333	9375	7.150007150007149	5.969785755732815E-7	1.1758431474380602E-8	3.919477158126868E-9
GOTERM_BP_FAT	GO:0007346~regulation of mitotic cell cycle	15	23.4375	2.9367369380333325E-9	P01583, O96017, P24385, O15392, P10415, P04637, P31749, P38936, P13500, P00533, P01344, P01584, P22301, P06400, P01375	64	560	19104	7.995535714285714	1.0622121201842027E-5	5.3632529130952174E-8	4.0150236824526416E-8
GOTERM_BP_FAT	GO:0006355~regulation of DNA-templated transcription	33	51.5625	3.0039904733220114E-9	P01583, P24385, O75469, P28482, P04637, P42224, Q07869, P01579, P09211, Q16236, P05231, P25963, P01375, P06400, O96017, P35869, O15392, Q15848, O15111, P04626, P31749, P27361, P37231, Q04206, P01106, P02778, Q16665, P00533, P09601, P01344, P60568, P22301, P01584	64	3424	19104	2.8768983644859816	1.0865374629132063E-5	5.458507312327836E-8	4.0863327694887865E-8
KEGG_PATHWAY	hsa05226:Gastric cancer	12	18.75	3.0720662339073515E-9	P24385, P10415, P04626, P04637, P28482, Q07812, P27361, P31749, P01106, P38936, P00533, P06400	63	150	9375	11.904761904761903	6.789264157536223E-7	1.3115359690912155E-8	4.371786563637385E-9
GOTERM_BP_FAT	GO:0072593~reactive oxygen species metabolic process	9	14.0625	3.209757360447557E-9	Q9NRD8, P29474, P10415, P04637, P04040, P05164, Q16236, P05177, P35228	64	112	19104	23.986607142857146	1.1609624957054088E-5	5.803241307689183E-8	4.344406587365769E-8
GOTERM_BP_FAT	GO:0060284~regulation of cell development	18	28.125	3.2340636777584693E-9	Q15848, P10415, P04626, P04637, P31749, P37231, P42224, P01106, P01579, Q14790, P05231, Q16665, P60568, P25963, P01584, P22301, P06400, P01375	64	902	19104	5.9567627494456765	1.1697539945454416E-5	5.81809664615653E-8	4.35552755009561E-8
GOTERM_BP_FAT	GO:0010629~negative regulation of gene expression	24	37.5	3.2783490307762784E-9	P01583, P35968, Q15848, P04637, P31749, P38936, P35228, P10145, P37231, P00749, Q07869, Q04206, P01106, P01579, P09211, P05231, Q16665, P42574, P09601, P25963, P01584, P22301, P06400, P01375	64	1760	19104	4.070454545454545	1.1857718181795818E-5	5.868569354102487E-8	4.393312290253161E-8
KEGG_PATHWAY	hsa05216:Thyroid cancer	8	12.5	3.4428693654664216E-9	P37231, P24385, P04637, P28482, Q07812, P27361, P01106, P38936	63	37	9375	32.17503217503217	7.60873832272857E-7	1.4421075455349919E-8	4.807025151783306E-9
GOTERM_MF_FAT	GO:0048018~receptor ligand activity	16	25.0	3.4612289594280447E-9	P01583, P01033, Q15848, P13500, P10145, P00749, P01579, P02778, P05362, P05231, P01344, P60568, P29965, P01584, P22301, P01375	64	610	17305	7.092213114754098	1.5713967205233104E-6	1.7413658417423888E-7	1.3654762988112122E-7
GOTERM_BP_FAT	GO:0003008~system process	27	42.1875	3.5619547817085447E-9	O75469, P29474, P10415, P28482, P35354, P13500, P42224, Q07869, P01375, P31645, O15392, Q9UNQ0, Q15848, O15111, P31749, P27361, P35228, P37231, P23219, P01106, P02778, P08253, Q16665, P00533, P42574, P09601, P01584	64	2278	19104	3.5379719051799823	1.2883507292449359E-5	6.34484162101384E-8	4.7498579281207046E-8
GOTERM_BP_FAT	GO:0050679~positive regulation of epithelial cell proliferation	11	17.1875	3.6909922590561497E-9	P24385, P35968, P04626, P31749, P01106, Q16665, P00533, P09601, P01344, P22301, P01375	64	229	19104	14.338427947598253	1.3350230020914289E-5	6.542464710170116E-8	4.897801982973038E-8
GOTERM_BP_FAT	GO:1905953~negative regulation of lipid localization	8	12.5	3.746914001236073E-9	P37231, Q15848, Q07869, P27361, P31749, P05231, P25963, P01375	64	72	19104	33.16666666666667	1.3552496132107628E-5	6.57710729537361E-8	4.923736020070898E-8
GOTERM_BP_FAT	GO:0048662~negative regulation of smooth muscle cell proliferation	8	12.5	3.746914001236073E-9	P37231, Q15848, P29474, P01579, P38936, P09211, P09601, P22301	64	72	19104	33.16666666666667	1.3552496132107628E-5	6.57710729537361E-8	4.923736020070898E-8
GOTERM_BP_FAT	GO:0002696~positive regulation of leukocyte activation	13	20.3125	3.886006357292459E-9	P01583, P10415, P31749, P19320, P38936, P13500, P05231, P01344, P60568, P29965, P01584, P22301, P01375	64	384	19104	10.10546875	1.4055586415540056E-5	6.788308689840353E-8	5.081845028594534E-8
GOTERM_BP_FAT	GO:0030162~regulation of proteolysis	10	15.625	4.210678354949328E-9	P01033, P00749, P04637, P31749, P01579, Q14790, P08253, P01584, P22301, P01375	64	169	19104	17.662721893491124	1.5229907689540134E-5	7.320102370911908E-8	5.479954955215303E-8
GOTERM_MF_FAT	GO:0030546~signaling receptor activator activity	16	25.0	4.312867553457492E-9	P01583, P01033, Q15848, P13500, P10145, P00749, P01579, P02778, P05362, P05231, P01344, P60568, P29965, P01584, P22301, P01375	64	620	17305	6.977822580645162	1.9580399357455036E-6	1.7413658417423888E-7	1.3654762988112122E-7
GOTERM_MF_FAT	GO:0098772~molecular function regulator activity	30	46.875	4.437302162584842E-9	P11926, P01583, P24385, P10415, P04637, P13500, P00749, P01579, Q14790, P09211, P05231, P25963, P29965, P01375, P01033, O15392, Q15848, P31749, P38936, P10145, P01106, P02778, P05362, Q16665, P00533, P42574, P01344, P60568, P22301, P01584	64	2596	17305	3.12469905624037	2.0145331706133973E-6	1.7413658417423888E-7	1.3654762988112122E-7
GOTERM_BP_FAT	GO:0051130~positive regulation of cellular component organization	20	31.25	4.509511610320366E-9	P01583, P35968, P04637, P28482, P03956, P27361, P13500, P37231, P00749, P14780, Q07812, P01106, P01579, Q16236, P05231, P08254, P01344, P01584, P06400, P01375	64	1186	19104	5.033726812816188	1.6310770663552354E-5	7.802102384171505E-8	5.840788482840781E-8
GOTERM_BP_FAT	GO:0032355~response to estradiol	9	14.0625	4.544574303065737E-9	P31645, P24385, P04040, Q14790, P08253, P00533, P09211, P42574, P22301	64	117	19104	22.961538461538463	1.6437590082185594E-5	7.825324133278906E-8	5.858172684951881E-8
GOTERM_MF_FAT	GO:0020037~heme binding	10	15.625	4.6027290971164455E-9	Q9NRD8, P29474, P23219, P08684, P04040, P05164, P35354, P05177, P09601, P35228	64	155	17305	17.444556451612904	2.0896368269074372E-6	1.7413658417423888E-7	1.3654762988112122E-7
GOTERM_BP_FAT	GO:0001934~positive regulation of protein phosphorylation	11	17.1875	4.7324461335824225E-9	P14780, P35968, P04626, P28482, P31749, P01579, P05231, P38936, P00533, P22301, P01375	64	235	19104	13.972340425531915	1.711711109075864E-5	8.110201525608549E-8	6.071436816875647E-8
GOTERM_BP_FAT	GO:0071482~cellular response to light stimulus	9	14.0625	4.862588493825825E-9	P01033, P14780, P04637, Q07812, P03956, P01106, P08253, P38936, P08254	64	118	19104	22.766949152542374	1.7587827773501985E-5	8.254985912523091E-8	6.179824907411506E-8
GOTERM_BP_FAT	GO:1990748~cellular detoxification	9	14.0625	4.862588493825825E-9	Q9NRD8, Q9UNQ0, P29474, P23219, P04040, P09488, P05164, P09211, P35354	64	118	19104	22.766949152542374	1.7587827773501985E-5	8.254985912523091E-8	6.179824907411506E-8
GOTERM_BP_FAT	GO:0001932~regulation of protein phosphorylation	13	20.3125	5.182750977851064E-9	P35968, Q15848, P04626, P28482, P31749, P38936, P14780, P01579, P00533, P05231, P22301, P06400, P01375	64	394	19104	9.848984771573605	1.8745834732381006E-5	8.757396044817498E-8	6.555937802356462E-8
GOTERM_BP_FAT	GO:0022603~regulation of anatomical structure morphogenesis	18	28.125	5.279609066412762E-9	P01583, P35968, P29474, P09917, P04626, P13500, P10145, P37231, P42224, Q04206, P02778, Q16236, P05231, Q16665, P09601, P01584, P22301, P01375	64	932	19104	5.765021459227468	1.909616377049339E-5	8.879565760069091E-8	6.647396159432254E-8
GOTERM_BP_FAT	GO:0042759~long-chain fatty acid biosynthetic process	7	10.9375	5.584844733820419E-9	P09917, P23219, P08684, P09488, P09211, P35354, P05177	64	43	19104	48.593023255813954	2.020017930204343E-5	9.349443776617887E-8	6.999154951135126E-8
KEGG_PATHWAY	hsa04660:T cell receptor signaling pathway	11	17.1875	5.835020345786563E-9	O15111, Q04206, P28482, P27361, P31749, P01579, P60568, P25963, P29965, P22301, P01375	63	122	9375	13.417252146760342	1.2895386709566026E-6	2.3988416977122537E-8	7.99613899237418E-9
GOTERM_BP_FAT	GO:0050728~negative regulation of inflammatory response	11	17.1875	6.026736146602787E-9	P01583, P37231, P35869, P09917, Q15848, Q07869, P09211, P60568, P01584, P22301, P06400	64	241	19104	13.62448132780083	2.1798466986133747E-5	1.0042708712495703E-7	7.518145045554722E-8
KEGG_PATHWAY	hsa05235:PD-L1 expression and PD-1 checkpoint pathway in cancer	10	15.625	6.1649162423951685E-9	P42224, O15111, Q04206, P28482, P27361, P31749, P01579, Q16665, P00533, P25963	63	90	9375	16.534391534391535	1.3624455660332657E-6	2.4883843742031407E-8	8.294614580677136E-9
KEGG_PATHWAY	hsa04010:MAPK signaling pathway	15	23.4375	6.36236959129673E-9	P01583, P35968, O15111, P04626, P04637, P28482, P31749, P27361, Q04206, P01106, P00533, P42574, P01344, P01584, P01375	63	300	9375	7.44047619047619	1.4060827043804736E-6	2.522225087978347E-8	8.407416959927822E-9
GOTERM_BP_FAT	GO:0031349~positive regulation of defense response	14	21.875	6.512872055697208E-9	P01583, O15111, P28482, P27361, P35354, Q04206, P01579, P00533, P05231, P42574, P60568, P25963, P01584, P01375	64	495	19104	8.442424242424241	2.3556780705868974E-5	1.080300245568858E-7	8.087314061822176E-8
GOTERM_BP_FAT	GO:0050867~positive regulation of cell activation	13	20.3125	7.04912498506969E-9	P01583, P10415, P31749, P19320, P38936, P13500, P05231, P01344, P60568, P29965, P01584, P22301, P01375	64	405	19104	9.58148148148148	2.549635999782307E-5	1.1639103171694978E-7	8.713233486111256E-8
GOTERM_BP_FAT	GO:0006357~regulation of transcription by RNA polymerase II	29	45.3125	7.602390041346197E-9	P01583, P24385, O75469, P28482, P04637, P42224, Q07869, P01579, P09211, Q16236, P05231, P25963, P01375, P06400, P35869, O15111, P31749, P27361, P37231, Q04206, P01106, P02778, Q16665, P00533, P09601, P01344, P60568, P22301, P01584	64	2736	19104	3.163925438596491	2.7497466856041264E-5	1.2463964016572104E-7	9.330738548910587E-8
GOTERM_BP_FAT	GO:0010558~negative regulation of macromolecule biosynthetic process	30	46.875	7.617632875172663E-9	P01583, P24385, O75469, P04637, P42224, P00749, Q07869, P01579, P09211, P05231, P25963, P01375, P06400, P35869, P35968, O15392, Q15848, P31749, P38936, P35228, P10145, P37231, Q04206, P01106, Q16665, P42574, P09601, P01344, P22301, P01584	64	2932	19104	3.0542291950886766	2.755259857190051E-5	1.2463964016572104E-7	9.330738548910587E-8
GOTERM_MF_FAT	GO:0046906~tetrapyrrole binding	10	15.625	7.970065884731191E-9	Q9NRD8, P29474, P23219, P08684, P04040, P05164, P35354, P05177, P09601, P35228	64	165	17305	16.387310606060606	3.6184033546105E-6	2.783392239744585E-7	2.18257188843408E-7
GOTERM_BP_FAT	GO:0007507~heart development	15	23.4375	8.023028180442584E-9	P35968, P29474, P04626, P04637, P28482, P27361, P19320, P38936, P37231, Q07869, Q14790, P08253, Q16665, P42574, P06400	64	606	19104	7.388613861386139	2.9018871809727287E-5	1.3068139594810985E-7	9.783034812818953E-8
GOTERM_BP_FAT	GO:0051247~positive regulation of protein metabolic process	17	26.5625	8.33576720052575E-9	P35968, P04626, P28482, P31749, P38936, P14780, Q04206, P01106, P01579, Q14790, P00533, Q16236, P05231, P42574, P01584, P22301, P01375	64	836	19104	6.069976076555024	3.0150015522423246E-5	1.351665210632337E-7	1.01187990187548E-7
GOTERM_BP_FAT	GO:0009895~negative regulation of catabolic process	13	20.3125	9.249685471158544E-9	P01033, O15111, P10415, P04637, P31749, P35228, Q07869, Q04206, P00533, P09601, P01584, P22301, P01375	64	415	19104	9.350602409638553	3.34555528213043E-5	1.4931635117727363E-7	1.1178079718940258E-7
KEGG_PATHWAY	hsa05321:Inflammatory bowel disease	9	14.0625	9.767093548902075E-9	P01583, P42224, Q04206, P01579, P05231, P60568, P01584, P22301, P01375	63	66	9375	20.29220779220779	2.1585253617839584E-6	3.8040259085197553E-8	1.2680086361732518E-8
KEGG_PATHWAY	hsa05323:Rheumatoid arthritis	10	15.625	9.997121449676337E-9	P01583, P03956, P01579, P05362, P05231, P08254, P13500, P01584, P01375, P10145	63	95	9375	15.664160401002507	2.209361413929578E-6	3.826484416945081E-8	1.2754948056483604E-8
GOTERM_BP_FAT	GO:0001818~negative regulation of cytokine production	13	20.3125	1.0290669299384885E-8	P01583, Q15848, Q07869, Q04206, P01579, P09211, P05231, P42574, P09601, P25963, P01584, P22301, P01375	64	419	19104	9.261336515513127	3.722065840405797E-5	1.6538248971811442E-7	1.238081857485995E-7
KEGG_PATHWAY	hsa04926:Relaxin signaling pathway	11	17.1875	1.082854336079986E-8	P14780, P29474, Q04206, P28482, P03956, P27361, P31749, P08253, P00533, P35228, P25963	63	130	9375	12.591575091575091	2.3931052398618036E-6	4.07446885779249E-8	1.3581562859308299E-8
GOTERM_BP_FAT	GO:0042327~positive regulation of phosphorylation	11	17.1875	1.1556403181856108E-8	P14780, P35968, P04626, P28482, P31749, P01579, P05231, P38936, P00533, P22301, P01375	64	258	19104	12.726744186046512	4.1798636911893894E-5	1.8490245090969773E-7	1.3842116554550656E-7
GOTERM_MF_FAT	GO:0031625~ubiquitin protein ligase binding	12	18.75	1.1610764445912845E-8	O96017, P10415, Q04206, P04637, P01106, Q14790, P38936, Q16665, P00533, Q16236, P25963, P06400	64	305	17305	10.638319672131148	5.2712732027115905E-6	3.765205041746023E-7	2.9524515305321235E-7
GOTERM_BP_FAT	GO:0009790~embryo development	19	29.6875	1.2031894733839832E-8	P35968, P29474, P04637, P28482, P31749, P27361, P38936, P10145, P14780, Q07812, P01106, Q14790, P08253, P00533, Q16665, P42574, P01344, P22301, P01375	64	1119	19104	5.068364611260054	4.351841644800736E-5	1.9166225267649705E-7	1.4348166979957896E-7
GOTERM_BP_FAT	GO:0048870~cell motility	20	31.25	1.2742412892901841E-8	P35968, P29474, P09917, P10415, P31749, P19320, P13500, P10145, P00749, P14780, Q07812, P02778, P05362, P08253, P00533, P05231, Q16665, P01584, P22301, P01375	64	1264	19104	4.723101265822785	4.608824566654235E-5	2.020901974593555E-7	1.5128820921528633E-7
GOTERM_BP_FAT	GO:0051252~regulation of RNA metabolic process	34	53.125	1.2970573080417097E-8	P01583, P24385, O75469, P28482, P04637, P42224, Q07869, P01579, P09211, Q16236, P05231, P25963, P01375, P06400, O96017, P35869, O15392, Q15848, O15111, P04626, P31749, P27361, P10145, P37231, Q04206, P01106, P02778, Q16665, P00533, P09601, P01344, P60568, P22301, P01584	64	3846	19104	2.638845553822153	4.691346259155793E-5	2.0481044654492673E-7	1.5332463462309644E-7
GOTERM_BP_FAT	GO:0009615~response to virus	13	20.3125	1.3028208564253393E-8	Q9NRD8, P11926, O15111, P10415, P42224, Q07869, Q04206, Q07812, P01579, P02778, P05231, Q16665, P01375	64	428	19104	9.06658878504673	4.71219202223816E-5	2.048260963840881E-7	1.5333635036275625E-7
GOTERM_BP_FAT	GO:0050900~leukocyte migration	11	17.1875	1.337847314441019E-8	P09917, P19320, P02778, P05362, P08253, P05231, P13500, P01584, P22301, P01375, P10145	64	262	19104	12.532442748091603	4.838876677804027E-5	2.0942233285795345E-7	1.56777172302677E-7
GOTERM_BP_FAT	GO:1905952~regulation of lipid localization	10	15.625	1.3446514618763764E-8	P37231, Q15848, Q07869, P27361, P31749, P05164, P05231, P25963, P01584, P01375	64	193	19104	15.466321243523316	4.86348608079723E-5	2.0958015888555936E-7	1.5689532359048926E-7
GOTERM_BP_FAT	GO:0009890~negative regulation of biosynthetic process	30	46.875	1.5109411833593342E-8	P01583, P24385, O75469, P04637, P42224, P00749, Q07869, P01579, P09211, P05231, P25963, P01375, P06400, P35869, P35968, O15392, Q15848, P31749, P38936, P35228, P10145, P37231, Q04206, P01106, Q16665, P42574, P09601, P01344, P22301, P01584	64	3020	19104	2.96523178807947	5.4649249687455104E-5	2.344876960955945E-7	1.75541535766254E-7
GOTERM_BP_FAT	GO:0009056~catabolic process	26	40.625	1.527408796677134E-8	Q9NRD8, O75469, P29474, P10415, P04637, P14780, P04040, P08684, Q14790, Q16236, P05177, O96017, Q15848, O15111, P31749, P03956, P27361, P35228, Q04206, P09488, P05164, P08253, P08254, P00533, P42574, P09601	64	2257	19104	3.4386353566681436	5.524485064467566E-5	2.3603035080275713E-7	1.7669639370106845E-7
GOTERM_MF_FAT	GO:0030545~signaling receptor regulator activity	16	25.0	1.5804732934861015E-8	P01583, P01033, Q15848, P13500, P10145, P00749, P01579, P02778, P05362, P05231, P01344, P60568, P29965, P01584, P22301, P01375	64	683	17305	6.334187408491948	7.175323080921281E-6	4.783565834951268E-7	3.750989949873681E-7
GOTERM_BP_FAT	GO:0043122~regulation of canonical NF-kappaB signal transduction	12	18.75	1.6544284055906216E-8	P01583, P42224, Q15848, O15111, Q04206, Q14790, P09211, P09601, P25963, P29965, P01584, P01375	64	348	19104	10.293103448275863	5.983888550020744E-5	2.545707708347101E-7	1.905760720822899E-7
GOTERM_BP_FAT	GO:0051251~positive regulation of lymphocyte activation	12	18.75	1.703963183813746E-8	P01583, P10415, P31749, P19320, P05231, P38936, P01344, P13500, P60568, P29965, P01584, P22301	64	349	19104	10.263610315186247	6.16304495717479E-5	2.6108181663858076E-7	1.9545035332982248E-7
GOTERM_BP_FAT	GO:0042129~regulation of T cell proliferation	10	15.625	1.7543688668139868E-8	P01583, P04626, P19320, P05231, P42574, P01344, P60568, P29965, P01584, P22301	64	199	19104	15.0	6.345350901060254E-5	2.676707941940665E-7	2.0038297563145408E-7
GOTERM_BP_FAT	GO:0042325~regulation of phosphorylation	13	20.3125	1.769315876485111E-8	P35968, Q15848, P04626, P28482, P31749, P38936, P14780, P01579, P00533, P05231, P22301, P06400, P01375	64	440	19104	8.819318181818181	6.399410793134219E-5	2.68817067620595E-7	2.0124109569937797E-7
GOTERM_BP_FAT	GO:0042060~wound healing	12	18.75	1.860610046688047E-8	P01583, P31645, P01033, P00749, P35968, Q07869, P04626, P05231, P38936, Q16665, P09601, P29965	64	352	19104	10.176136363636363	6.72960014332924E-5	2.8150485057840914E-7	2.1073938897006459E-7
GOTERM_BP_FAT	GO:0009887~animal organ morphogenesis	18	28.125	2.192947119944549E-8	P31645, Q9NRD8, P35968, P29474, P10415, P04637, P28482, P27361, P13500, Q07869, Q04206, Q07812, P01106, P08253, P00533, Q16665, P01344, P01375	64	1026	19104	5.236842105263158	7.931575268016466E-5	3.3040403273831204E-7	2.4734616057041226E-7
KEGG_PATHWAY	hsa05218:Melanoma	9	14.0625	2.204979507528583E-8	P24385, P04637, P28482, Q07812, P27361, P31749, P38936, P00533, P06400	63	73	9375	18.34637964774951	4.872992897975159E-6	8.158424177855757E-8	2.719474725951919E-8
GOTERM_BP_FAT	GO:0032652~regulation of interleukin-1 production	9	14.0625	2.214953626336762E-8	P01583, Q04206, P01579, Q14790, P05231, P09211, P01584, P22301, P01375	64	143	19104	18.786713286713287	8.011166463206543E-5	3.3233495073998886E-7	2.4879167910761887E-7
GOTERM_BP_FAT	GO:0048511~rhythmic process	11	17.1875	2.3472763076464177E-8	P31645, P37231, P35869, Q15848, P29474, Q07869, P04637, P08253, P42574, P35228, P01375	64	278	19104	11.81115107913669	8.489738102157585E-5	3.507335177045226E-7	2.6256516383466333E-7
GOTERM_MF_FAT	GO:0001221~transcription coregulator binding	9	14.0625	2.3743437826897902E-8	P37231, P42224, P35869, Q07869, Q04206, P04637, P01106, Q16665, Q16236	64	131	17305	18.576455152671755	1.0779462777388282E-5	6.73720048338228E-7	5.282914916484783E-7
GOTERM_BP_FAT	GO:0045787~positive regulation of cell cycle	12	18.75	2.5508910101645907E-8	P01583, P31645, O96017, P24385, O15392, P31749, P00533, P01344, P01584, P22301, P01375, P06400	64	363	19104	9.867768595041323	9.226147264018714E-5	3.7901576735992295E-7	2.837377439832166E-7
GOTERM_BP_FAT	GO:0051726~regulation of cell cycle	19	29.6875	2.557517899220719E-8	P01583, P31645, O96017, P24385, O15392, P10415, P04637, P31749, P38936, P13500, Q07812, P01106, P00533, P42574, P01344, P01584, P22301, P06400, P01375	64	1175	19104	4.826808510638298	9.250114503933649E-5	3.7901576735992295E-7	2.837377439832166E-7
GOTERM_BP_FAT	GO:0031399~regulation of protein modification process	15	23.4375	2.5833715094724644E-8	P35968, Q15848, P04626, P28482, P31749, P38936, P14780, Q04206, P01579, P00533, P05231, Q16665, P22301, P06400, P01375	64	665	19104	6.733082706766918	9.343618313262247E-5	3.812845460511196E-7	2.854361908629372E-7
GOTERM_BP_FAT	GO:0045834~positive regulation of lipid metabolic process	9	14.0625	2.605933047116431E-8	P37231, Q15848, Q07869, P28482, P31749, P01579, P35354, P01584, P01375	64	146	19104	18.40068493150685	9.425215752900673E-5	3.8305097147857786E-7	2.867585674204951E-7
KEGG_PATHWAY	hsa05214:Glioma	9	14.0625	3.045627978237017E-8	P24385, P04637, P28482, Q07812, P27361, P31749, P38936, P00533, P06400	63	76	9375	17.622180451127818	6.730815293232162E-6	1.108408870768226E-7	3.6946962358940867E-8
GOTERM_BP_FAT	GO:1904705~regulation of vascular associated smooth muscle cell proliferation	8	12.5	3.064152005294259E-8	P37231, P14780, Q15848, P08253, P38936, P09211, P22301, P01375	64	97	19104	24.61855670103093	1.1082423843644662E-4	4.4858192919611504E-7	3.35816173211804E-7
GOTERM_BP_FAT	GO:0062012~regulation of small molecule metabolic process	12	18.75	3.187880638140196E-8	P37231, Q15848, Q07869, P04637, P28482, P31749, P01579, Q16665, P35354, P01344, P01584, P01375	64	371	19104	9.65498652291105	1.1529899704676438E-4	4.648135640126995E-7	3.4796745513893187E-7
GOTERM_BP_FAT	GO:2000106~regulation of leukocyte apoptotic process	8	12.5	3.2913855574605204E-8	P10415, P04637, Q07812, P01106, P05362, Q16665, P60568, P22301	64	98	19104	24.36734693877551	1.1904233131032615E-4	4.779779187059133E-7	3.578225182347642E-7
GOTERM_BP_FAT	GO:0071492~cellular response to UV-A	5	7.8125	3.482137154561708E-8	P01033, P14780, P03956, P08253, P08254	64	11	19104	135.6818181818182	1.259409719095439E-4	5.036563180358054E-7	3.7704581109594173E-7
GOTERM_BP_FAT	GO:0048661~positive regulation of smooth muscle cell proliferation	8	12.5	3.5327255105815844E-8	P42224, P14780, P31749, P08253, P05231, P09601, P22301, P01375	64	99	19104	24.12121212121212	1.2777052068213557E-4	5.089376671817931E-7	3.8099952020495417E-7
KEGG_PATHWAY	hsa05224:Breast cancer	11	17.1875	3.7764859279157925E-8	P24385, P04626, P04637, P28482, Q07812, P27361, P31749, P01106, P38936, P00533, P06400	63	148	9375	11.060167310167309	8.34599922150403E-6	1.3522256064472676E-7	4.507418688157559E-8
GOTERM_BP_FAT	GO:0051054~positive regulation of DNA metabolic process	11	17.1875	3.9794355029475294E-8	P28482, Q07812, P27361, P31749, P01106, P05231, P38936, P00533, P42574, P60568, P01375	64	294	19104	11.168367346938775	1.439258267041943E-4	5.687604260339235E-7	4.2578386982130284E-7
GOTERM_BP_FAT	GO:0042063~gliogenesis	11	17.1875	3.9794355029475294E-8	P04626, P04637, P28482, P27361, P31749, P01579, P09211, P13500, P01584, P01375, P06400	64	294	19104	11.168367346938775	1.439258267041943E-4	5.687604260339235E-7	4.2578386982130284E-7
GOTERM_BP_FAT	GO:0042592~homeostatic process	22	34.375	4.06094246851839E-8	P01583, P35968, P29474, P09917, O75469, Q15848, P10415, P31749, P13500, P35228, P37231, Q07812, P01106, P05362, P09211, Q16236, P05231, Q16665, P42574, P09601, P01584, P06400	64	1672	19104	3.9276315789473686	1.468735051957104E-4	5.781247230772637E-7	4.3279414418422373E-7
GOTERM_BP_FAT	GO:0071375~cellular response to peptide hormone stimulus	11	17.1875	4.108595111797764E-8	P37231, P42224, Q15848, Q04206, P28482, P27361, P31749, P09211, Q16236, P01344, P06400	64	295	19104	11.13050847457627	1.4859684652479555E-4	5.826148989906162E-7	4.3615556735829596E-7
GOTERM_BP_FAT	GO:0050671~positive regulation of lymphocyte proliferation	9	14.0625	4.1567885019551484E-8	P01583, P10415, P19320, P05231, P38936, P01344, P60568, P29965, P01584	64	155	19104	17.33225806451613	1.5033974110123527E-4	5.871463759011648E-7	4.395479091715854E-7
GOTERM_BP_FAT	GO:2000377~regulation of reactive oxygen species metabolic process	9	14.0625	4.3702397857396575E-8	P09917, Q07869, P04637, P38936, Q16665, P09211, P08254, Q16236, P01375	64	156	19104	17.221153846153843	1.5805908368560218E-4	6.148944383359767E-7	4.603205875485312E-7
KEGG_PATHWAY	hsa01521:EGFR tyrosine kinase inhibitor resistance	9	14.0625	4.586678216989491E-8	P35968, P10415, P04626, P28482, Q07812, P27361, P31749, P05231, P00533	63	80	9375	16.741071428571427	1.0136507712865672E-5	1.6162580383677254E-7	5.387526794559085E-8
GOTERM_BP_FAT	GO:0032946~positive regulation of mononuclear cell proliferation	9	14.0625	4.5930702918796676E-8	P01583, P10415, P19320, P05231, P38936, P01344, P60568, P29965, P01584	64	157	19104	17.111464968152866	1.6611755718287657E-4	6.412564546500725E-7	4.800556478810139E-7
GOTERM_BP_FAT	GO:0036294~cellular response to decreased oxygen levels	9	14.0625	4.5930702918796676E-8	P37231, P24385, P10415, P04637, P31749, P01106, Q16665, Q16236, P35354	64	157	19104	17.111464968152866	1.6611755718287657E-4	6.412564546500725E-7	4.800556478810139E-7
GOTERM_MF_FAT	GO:0042803~protein homodimerization activity	16	25.0	4.73252427359899E-8	P11926, O96017, P35869, O15392, Q9UNQ0, Q15848, O15111, P31749, P35354, P35228, P42224, Q04206, Q07812, P04040, P09488, P09601	64	742	17305	5.830525606469002	2.1485429890222285E-5	1.2638623648317304E-6	9.910462596477885E-7
GOTERM_BP_FAT	GO:0043535~regulation of blood vessel endothelial cell migration	9	14.0625	5.068248956959453E-8	P37231, P35968, P29474, P31749, Q16665, Q16236, P35354, P09601, P01375	64	159	19104	16.89622641509434	1.833017674842674E-4	7.048764703217455E-7	5.276826894803553E-7
GOTERM_BP_FAT	GO:0048568~embryonic organ development	13	20.3125	5.641528007501907E-8	P35968, P04637, P28482, P31749, P27361, P10145, P01106, Q14790, P00533, Q16665, P01344, P22301, P01375	64	489	19104	7.935582822085889	2.0403325631213054E-4	7.816002021121416E-7	5.851193990922476E-7
GOTERM_MF_FAT	GO:0001223~transcription coactivator binding	7	10.9375	5.727658721520587E-8	P37231, P42224, P35869, Q07869, Q04206, P04637, Q16665	64	57	17305	33.20586622807018	2.6003233266624903E-5	1.4446428108724147E-6	1.1328036138118494E-6
KEGG_PATHWAY	hsa05130:Pathogenic Escherichia coli infection	12	18.75	6.215774977476735E-8	O15111, Q04206, P28482, Q07812, P27361, Q14790, P05231, P42574, P25963, P01584, P01375, P10145	63	200	9375	8.928571428571429	1.3736768765926222E-5	2.1560969453122424E-7	7.186989817707475E-8
GOTERM_BP_FAT	GO:0010575~positive regulation of vascular endothelial growth factor production	6	9.375	6.237025649741556E-8	P01583, Q04206, P05231, Q16665, P35354, P01584	64	32	19104	55.96875	2.255677806117795E-4	8.608047614299795E-7	6.444132990019233E-7
GOTERM_BP_FAT	GO:0032869~cellular response to insulin stimulus	9	14.0625	6.445551679011621E-8	P37231, P42224, Q15848, P28482, P27361, P31749, P09211, P01344, P06400	64	164	19104	16.38109756097561	2.3310843783030943E-4	8.862020863614457E-7	6.634261747180403E-7
KEGG_PATHWAY	hsa05202:Transcriptional misregulation in cancer	12	18.75	6.542427922179737E-8	P37231, P00749, P14780, Q04206, P04637, Q07812, P01106, P05164, P05231, P38936, P08254, P10145	63	201	9375	8.88415067519545	1.4458661652394511E-5	2.234490767267541E-7	7.44830255755847E-8
GOTERM_BP_FAT	GO:0043408~regulation of MAPK cascade	15	23.4375	6.70264278636018E-8	P01583, P35968, Q15848, P04626, P28482, P27361, P37231, P01106, P05362, P00533, P09211, P05231, P01344, P01584, P01375	64	718	19104	6.236072423398329	2.4240521277452132E-4	9.180589513438793E-7	6.872747735862504E-7
GOTERM_BP_FAT	GO:0031099~regeneration	9	14.0625	6.756607932883478E-8	P37231, P24385, P10415, P08253, P05231, P38936, P09211, P22301, P01375	64	165	19104	16.281818181818185	2.4435665708499865E-4	9.219582749172324E-7	6.901938745024745E-7
KEGG_PATHWAY	hsa05134:Legionellosis	8	12.5	7.032185363060744E-8	Q04206, Q14790, P05231, P42574, P25963, P01584, P01375, P10145	63	56	9375	21.258503401360542	1.5541009445563247E-5	2.36537144030225E-7	7.884571467674166E-8
GOTERM_BP_FAT	GO:0001890~placenta development	9	14.0625	7.080501806950517E-8	P37231, P28482, P31749, Q14790, Q16665, P00533, P35354, P01344, P22301	64	166	19104	16.183734939759034	2.5606896817276237E-4	9.600018604801318E-7	7.186739591592138E-7
GOTERM_BP_FAT	GO:0045930~negative regulation of mitotic cell cycle	10	15.625	7.088509312726638E-8	O96017, P24385, O15392, P10415, P04637, P38936, P13500, P22301, P01375, P06400	64	234	19104	12.756410256410257	2.563585254694578E-4	9.600018604801318E-7	7.186739591592138E-7
KEGG_PATHWAY	hsa05131:Shigellosis	13	20.3125	7.495877807382512E-8	O15111, P10415, P04637, P28482, P31749, P27361, P10145, Q04206, Q07812, P00533, P25963, P01584, P01375	63	253	9375	7.646339168078298	1.656575336150823E-5	2.483708766028235E-7	8.279029220094118E-8
GOTERM_BP_FAT	GO:0050778~positive regulation of immune response	15	23.4375	8.797271887227486E-8	O15111, P10415, P28482, P31749, P35228, Q04206, Q07812, P01579, P00533, P05231, P60568, P25963, P01584, P22301, P01375	64	734	19104	6.100136239782016	3.1814671880814327E-4	1.1869751919483056E-6	8.885901118927165E-7
GOTERM_BP_FAT	GO:2000351~regulation of endothelial cell apoptotic process	7	10.9375	9.40509439118222E-8	P35968, P05362, Q16236, P13500, P29965, P22301, P01375	64	68	19104	30.727941176470587	3.4012442473108084E-4	1.2595859747598113E-6	9.429477969233433E-7
GOTERM_BP_FAT	GO:0045428~regulation of nitric oxide biosynthetic process	7	10.9375	9.40509439118222E-8	P42224, P31749, P01579, P35354, P01584, P22301, P01375	64	68	19104	30.727941176470587	3.4012442473108084E-4	1.2595859747598113E-6	9.429477969233433E-7
GOTERM_BP_FAT	GO:0034599~cellular response to oxidative stress	10	15.625	1.0134591418349723E-7	P29474, Q04206, P04637, P04040, P05164, P08253, P05231, Q16665, P08254, Q16236	64	244	19104	12.23360655737705	3.66501012385001E-4	1.3522761095480663E-6	1.0123372313458561E-6
GOTERM_BP_FAT	GO:0071453~cellular response to oxygen levels	9	14.0625	1.064985456359227E-7	P37231, P24385, P10415, P04637, P31749, P01106, Q16665, Q16236, P35354	64	175	19104	15.351428571428572	3.851310781032291E-4	1.4158041949246195E-6	1.059895452339863E-6
GOTERM_BP_FAT	GO:0051052~regulation of DNA metabolic process	13	20.3125	1.123397265068683E-7	P04637, P28482, P31749, P27361, P38936, Q07812, P01106, P00533, P05231, P42574, P60568, P22301, P01375	64	521	19104	7.448176583493282	4.062502716535299E-4	1.4842556456604924E-6	1.1111393896025865E-6
GOTERM_BP_FAT	GO:0002685~regulation of leukocyte migration	10	15.625	1.1246848642449527E-7	P28482, P27361, P31749, P02778, P05362, P05231, P09601, P13500, P01375, P10145	64	247	19104	12.08502024291498	4.067158069247512E-4	1.4842556456604924E-6	1.1111393896025865E-6
GOTERM_BP_FAT	GO:0010743~regulation of macrophage derived foam cell differentiation	6	9.375	1.1558559394514352E-7	P37231, Q15848, Q07869, P25963, P01584, P01375	64	36	19104	49.75	4.179857372168527E-4	1.5198454825659597E-6	1.137782555670922E-6
GOTERM_BP_FAT	GO:0050863~regulation of T cell activation	12	18.75	1.2053003228155086E-7	P01583, P04626, P31749, P19320, P05231, P42574, P01344, P13500, P60568, P29965, P01584, P22301	64	423	19104	8.46808510638298	4.3586213754776004E-4	1.5791181040945213E-6	1.1821550629933267E-6
KEGG_PATHWAY	hsa04630:JAK-STAT signaling pathway	11	17.1875	1.2579022695984518E-7	P42224, P24385, P10415, P31749, P01106, P01579, P05231, P38936, P00533, P60568, P22301	63	168	9375	9.743480725623582	2.7799255511773424E-5	4.1066809389831807E-7	1.3688936463277268E-7
KEGG_PATHWAY	hsa05143:African trypanosomiasis	7	10.9375	1.2946156568113374E-7	P01579, P19320, P05362, P05231, P01584, P22301, P01375	63	37	9375	28.15315315315315	2.8610598578504565E-5	4.1652851566973466E-7	1.3884283855657822E-7
GOTERM_BP_FAT	GO:0080164~regulation of nitric oxide metabolic process	7	10.9375	1.3288500730998099E-7	P42224, P31749, P01579, P35354, P01584, P22301, P01375	64	72	19104	29.020833333333336	4.805296120987679E-4	1.734701034053759E-6	1.298627129198984E-6
KEGG_PATHWAY	hsa05206:MicroRNAs in cancer	14	21.875	1.372437214479848E-7	P24385, P10415, P04626, P04637, P28482, P27361, P38936, P35354, P00749, P14780, P01106, P00533, P42574, P09601	63	323	9375	6.449948400412796	3.033040455657776E-5	4.352586594493232E-7	1.4508621981644106E-7
GOTERM_BP_FAT	GO:0060429~epithelium development	18	28.125	1.4928111461316846E-7	P35968, P24385, P10415, P04637, P28482, P31749, P38936, P37231, P42224, Q04206, P04040, P01106, P05362, P08253, P00533, Q16665, P42574, P22301	64	1171	19104	4.588385994876174	5.39804085064044E-4	1.9417284548245223E-6	1.453611428985061E-6
GOTERM_BP_FAT	GO:0046651~lymphocyte proliferation	8	12.5	1.498290918728086E-7	P10415, P04626, P04637, Q07812, P01106, P60568, P29965, P22301	64	122	19104	19.57377049180328	5.417850474903618E-4	1.9418709541651467E-6	1.4537181064505122E-6
GOTERM_BP_FAT	GO:0040008~regulation of growth	14	21.875	1.506788916265999E-7	P31645, P10415, P04626, P04637, P28482, P31749, P38936, P37231, Q07869, P00533, Q16665, P01344, P60568, P06400	64	647	19104	6.459041731066461	5.448571033568328E-4	1.9459102575778045E-6	1.456741998690021E-6
GOTERM_BP_FAT	GO:0003013~circulatory system process	13	20.3125	1.5573624325959762E-7	P31645, Q9UNQ0, P29474, Q15848, P35354, P35228, P37231, P42224, P23219, Q07869, P02778, P08253, P01375	64	537	19104	7.226256983240224	5.631394130898304E-4	2.004064966643078E-6	1.5002776174509992E-6
GOTERM_BP_FAT	GO:0031348~negative regulation of defense response	11	17.1875	1.5895172782479658E-7	P01583, P37231, P35869, P09917, Q15848, Q07869, P09211, P60568, P01584, P22301, P06400	64	341	19104	9.629032258064516	5.747632053832996E-4	2.038189531256966E-6	1.5258238553961856E-6
GOTERM_BP_FAT	GO:0097191~extrinsic apoptotic signaling pathway	8	12.5	1.6751220465152554E-7	P01583, P10415, Q07812, P01579, Q14790, P60568, P01584, P01375	64	124	19104	19.258064516129032	6.057081797052888E-4	2.1403679576675488E-6	1.602316388663179E-6
GOTERM_BP_FAT	GO:0070201~regulation of establishment of protein localization	13	20.3125	1.686953119715456E-7	P01583, O15392, P09917, P04626, P31749, P35228, P37231, P01579, P05231, Q16665, P25963, P01584, P01375	64	541	19104	7.1728280961183	6.099848782945561E-4	2.1478952397503835E-6	1.6079514419259646E-6
GOTERM_BP_FAT	GO:0022008~neurogenesis	20	31.25	1.731563242884608E-7	P24385, P10415, P04626, P04637, P28482, P31749, P27361, P19320, P13500, Q07812, P01579, P08253, P00533, P09211, P05231, Q16665, P42574, P01584, P06400, P01375	64	1489	19104	4.009402283411686	6.261103901783471E-4	2.19695883728798E-6	1.6446812977153104E-6
GOTERM_BP_FAT	GO:0070227~lymphocyte apoptotic process	6	9.375	1.7519126746630232E-7	O96017, P10415, P04637, Q07812, P31749, P01106	64	39	19104	45.92307692307692	6.334661455772439E-4	2.215005675378144E-6	1.658191472137344E-6
GOTERM_BP_FAT	GO:0032722~positive regulation of chemokine production	7	10.9375	1.8404643790577273E-7	Q15848, P01579, P05231, Q16665, P09601, P01584, P01375	64	76	19104	27.49342105263158	6.654745005860718E-4	2.3188568622553105E-6	1.7359362627558422E-6
GOTERM_BP_FAT	GO:0032943~mononuclear cell proliferation	8	12.5	1.8692414062443906E-7	P10415, P04626, P04637, Q07812, P01106, P60568, P29965, P22301	64	126	19104	18.952380952380953	6.758761725105256E-4	2.3469364322846238E-6	1.756957113438738E-6
KEGG_PATHWAY	hsa04068:FoxO signaling pathway	10	15.625	1.9052891758176977E-7	P24385, O15111, P28482, P27361, P31749, P04040, P05231, P38936, P00533, P22301	63	133	9375	11.188686000716075	4.2106008303011144E-5	5.957383056782097E-7	1.985794352260699E-7
GOTERM_BP_FAT	GO:0043524~negative regulation of neuron apoptotic process	9	14.0625	2.0043363848206095E-7	P24385, P35968, O15392, P10415, Q07812, P31749, Q16665, P13500, P22301	64	190	19104	14.139473684210525	7.247058167781928E-4	2.5078478780316E-6	1.8774181985153598E-6
GOTERM_BP_FAT	GO:0008015~blood circulation	12	18.75	2.049814024757842E-7	P31645, P37231, P42224, Q15848, P29474, Q07869, P23219, P02778, P08253, P35354, P35228, P01375	64	446	19104	8.031390134529149	7.411430266276442E-4	2.55590603914633E-6	1.913395367248096E-6
GOTERM_BP_FAT	GO:0098869~cellular oxidant detoxification	7	10.9375	2.3221532609937744E-7	Q9NRD8, P29474, P23219, P04040, P05164, P09211, P35354	64	79	19104	26.449367088607595	8.395702954202555E-4	2.8855347737984497E-6	2.160161126292147E-6
GOTERM_MF_FAT	GO:0019207~kinase regulator activity	11	17.1875	2.3766409662853376E-7	P24385, Q15848, P31749, P02778, P38936, P00533, P09211, P42574, P01344, P60568, P29965	64	323	17305	9.208349458204335	1.078936917466855E-4	5.508210274557329E-6	4.319213343044954E-6
GOTERM_BP_FAT	GO:0010038~response to metal ion	11	17.1875	2.4283562741356933E-7	P01583, P24385, P10415, P04040, P19320, Q14790, Q16665, Q16236, P42574, P05177, P09601	64	357	19104	9.197478991596638	8.779509462396584E-4	3.007169961395434E-6	2.2512193267415483E-6
GOTERM_BP_FAT	GO:0045766~positive regulation of angiogenesis	9	14.0625	2.4452510659099343E-7	P01583, P35968, P29474, Q16665, Q16236, P09601, P01584, P22301, P10145	64	195	19104	13.776923076923076	8.840564103995696E-4	3.0074924674592933E-6	2.251460760346324E-6
GOTERM_BP_FAT	GO:0009743~response to carbohydrate	9	14.0625	2.4452510659099343E-7	Q15848, Q07869, P04040, P05362, Q16665, P09211, P42574, P01584, P01375	64	195	19104	13.776923076923076	8.840564103995696E-4	3.0074924674592933E-6	2.251460760346324E-6
GOTERM_MF_FAT	GO:0140297~DNA-binding transcription factor binding	13	20.3125	2.459392247267335E-7	P35869, O75469, P10415, P04637, P27361, P37231, Q07869, Q04206, P01106, Q16236, Q16665, P25963, P06400	64	508	17305	6.919445127952756	1.1165018842662633E-4	5.508210274557329E-6	4.319213343044954E-6
GOTERM_BP_FAT	GO:0043536~positive regulation of blood vessel endothelial cell migration	7	10.9375	2.504017842802618E-7	P35968, P29474, P31749, Q16665, Q16236, P35354, P09601	64	80	19104	26.118750000000002	9.052933417367237E-4	3.069331701550599E-6	2.2977546781243004E-6
GOTERM_MF_FAT	GO:0008134~transcription factor binding	14	21.875	2.5478505675265175E-7	P35869, O75469, P10415, P04637, P27361, P37231, P42224, Q07869, Q04206, P01106, Q16236, Q16665, P25963, P06400	64	614	17305	6.1652585504886	1.1566574068866409E-4	5.508210274557329E-6	4.319213343044954E-6
GOTERM_BP_FAT	GO:0006935~chemotaxis	11	17.1875	2.6908646940345856E-7	P00749, P09917, P28482, P19320, P02778, P08253, P05231, P13500, P01584, P22301, P10145	64	361	19104	9.095567867036012	9.728124018263395E-4	3.2872184910908992E-6	2.4608684887674403E-6
KEGG_PATHWAY	hsa05221:Acute myeloid leukemia	8	12.5	2.76326901622834E-7	P24385, O15111, Q04206, P28482, P27361, P31749, P01106, P05164	63	68	9375	17.507002801120446	6.106638905933881E-5	8.520079466704049E-7	2.840026488901349E-7
GOTERM_BP_FAT	GO:0042330~taxis	11	17.1875	2.8312328401017616E-7	P00749, P09917, P28482, P19320, P02778, P08253, P05231, P13500, P01584, P22301, P10145	64	363	19104	9.045454545454547	0.0010235328958445589	3.447049814750158E-6	2.580520975809922E-6
GOTERM_BP_FAT	GO:0034614~cellular response to reactive oxygen species	8	12.5	2.846725325107173E-7	P29474, Q04206, P04040, P05164, P08253, P05231, P08254, Q16236	64	134	19104	17.82089552238806	0.0010291307780987413	3.453426624116975E-6	2.5852947653442067E-6
GOTERM_BP_FAT	GO:1904018~positive regulation of vasculature development	9	14.0625	2.8555712406276977E-7	P01583, P35968, P29474, Q16665, Q16236, P09601, P01584, P22301, P10145	64	199	19104	13.5	0.0010323270486191083	3.453426624116975E-6	2.5852947653442067E-6
GOTERM_BP_FAT	GO:0031663~lipopolysaccharide-mediated signaling pathway	6	9.375	2.899484817743049E-7	P29474, P28482, P27361, P31749, P25963, P01375	64	43	19104	41.651162790697676	0.0010481940710435067	3.483234917262082E-6	2.607609767983533E-6
GOTERM_BP_FAT	GO:0045429~positive regulation of nitric oxide biosynthetic process	6	9.375	2.899484817743049E-7	P42224, P31749, P01579, P35354, P01584, P01375	64	43	19104	41.651162790697676	0.0010481940710435067	3.483234917262082E-6	2.607609767983533E-6
GOTERM_BP_FAT	GO:0042176~regulation of protein catabolic process	12	18.75	2.913272158327583E-7	P01033, P11926, O96017, Q04206, P31749, P01579, P00533, Q16236, P35228, P01584, P22301, P01375	64	462	19104	7.753246753246753	0.0010531757137862696	3.4882093127524967E-6	2.6113336862889953E-6
GOTERM_BP_FAT	GO:0045597~positive regulation of cell differentiation	16	25.0	2.96901403803576E-7	P35968, Q15848, P10415, P31749, P35354, P37231, P42224, P01579, Q14790, P05231, Q16665, P60568, P01584, P22301, P06400, P01375	64	943	19104	5.064687168610816	0.0010733161207134856	3.5432193932466367E-6	2.6525151818359084E-6
GOTERM_BP_FAT	GO:0010720~positive regulation of cell development	12	18.75	3.106994376819624E-7	P37231, Q15848, P10415, P01579, Q14790, P05231, Q16665, P60568, P01584, P22301, P01375, P06400	64	465	19104	7.703225806451613	0.0011231688140772578	3.6956880482170267E-6	2.766655848043001E-6
GOTERM_BP_FAT	GO:0007259~cell surface receptor signaling pathway via JAK-STAT	7	10.9375	3.121143146172345E-7	P42224, P01579, P05231, P13500, P60568, P22301, P01375	64	83	19104	25.17469879518072	0.0011282806643325705	3.7003454480521964E-6	2.770142457930668E-6
GOTERM_BP_FAT	GO:0021782~glial cell development	8	12.5	3.149095648836967E-7	P04626, P28482, P27361, P31749, P01579, P09211, P01584, P01375	64	136	19104	17.558823529411764	0.0011383796292215864	3.7212842699981934E-6	2.7858176213730947E-6
GOTERM_BP_FAT	GO:0046649~lymphocyte activation	13	20.3125	3.242061300175919E-7	P10415, P04626, P04637, P19320, Q07812, P01106, Q14790, P05362, Q16236, P05231, P60568, P29965, P22301	64	575	19104	6.748695652173913	0.0011719664727479762	3.818662430435219E-6	2.8587165926958345E-6
KEGG_PATHWAY	hsa05146:Amoebiasis	9	14.0625	3.341865983618028E-7	Q04206, P01579, P05231, P42574, P35228, P01584, P22301, P01375, P10145	63	103	9375	13.002773925104021	7.385252335390113E-5	1.0162934909084962E-6	3.3876449696949877E-7
GOTERM_BP_FAT	GO:0080135~regulation of cellular response to stress	13	20.3125	3.490848507661268E-7	O96017, P09917, P10415, P04637, P28482, P31749, P27361, P35354, Q07812, P01106, P00533, P09211, Q16236	64	579	19104	6.7020725388601035	0.0012618433310878086	4.098346819384138E-6	3.068093152675017E-6
KEGG_PATHWAY	hsa05230:Central carbon metabolism in cancer	8	12.5	3.732518349621278E-7	P04626, P04637, P28482, P27361, P31749, P01106, Q16665, P00533	63	71	9375	16.76727028839705	8.248526883158913E-5	1.1197555048863834E-6	3.732518349621278E-7
GOTERM_BP_FAT	GO:0010564~regulation of cell cycle process	15	23.4375	3.8234847094074797E-7	P01583, O96017, P24385, O15392, P10415, P04637, P31749, P38936, P13500, P01106, P00533, P01344, P01584, P06400, P01375	64	828	19104	5.407608695652174	0.001381998842825416	4.4743432715914065E-6	3.349570585231731E-6
GOTERM_BP_FAT	GO:0014823~response to activity	7	10.9375	3.858012745228118E-7	Q15848, P04040, P08253, P05231, Q16665, P22301, P01375	64	86	19104	24.296511627906977	0.0013944703004593606	4.5001851892725406E-6	3.3689162907524245E-6
GOTERM_BP_FAT	GO:1903706~regulation of hemopoiesis	12	18.75	4.001005696935711E-7	P42224, Q15848, P04626, P01106, P01579, Q14790, Q16665, P60568, P25963, P22301, P01375, P06400	64	477	19104	7.509433962264151	0.0014461174130729892	4.651973183318177E-6	3.482547402445328E-6
GOTERM_BP_FAT	GO:0043200~response to amino acid	8	12.5	4.0255072407245244E-7	O15111, P08253, P00533, P09211, P08254, Q16236, P42574, P01375	64	141	19104	16.93617021276596	0.001454966770128685	4.665459673865346E-6	3.492643622000413E-6
GOTERM_BP_FAT	GO:0008630~intrinsic apoptotic signaling pathway in response to DNA damage	7	10.9375	4.1331983229945947E-7	O96017, P10415, P04637, Q07812, P01106, P38936, P01375	64	87	19104	24.017241379310345	0.0014938612190339429	4.774966497108133E-6	3.5746223195994785E-6
GOTERM_BP_FAT	GO:0031401~positive regulation of protein modification process	11	17.1875	4.2062720810113405E-7	P14780, P35968, P04626, P28482, P31749, P01579, P05231, P38936, P00533, P22301, P01375	64	379	19104	8.66358839050132	0.0015202521756801923	4.843910778642359E-6	3.6262351985024516E-6
GOTERM_BP_FAT	GO:0090068~positive regulation of cell cycle process	10	15.625	4.624925454984554E-7	P01583, O96017, P24385, O15392, P31749, P00533, P01344, P01584, P01375, P06400	64	292	19104	10.222602739726028	0.0016714375137149018	5.2923197611468824E-6	3.961921900836452E-6
GOTERM_BP_FAT	GO:0046883~regulation of hormone secretion	10	15.625	4.624925454984554E-7	P37231, O15392, P09917, Q15848, P01579, P05231, Q16665, P35228, P01584, P01375	64	292	19104	10.222602739726028	0.0016714375137149018	5.2923197611468824E-6	3.961921900836452E-6
GOTERM_BP_FAT	GO:0060341~regulation of cellular localization	13	20.3125	5.008843981195551E-7	O15392, P10415, P04626, P28482, P31749, P27361, Q07812, P01579, P00533, Q16665, P25963, P01584, P01375	64	599	19104	6.478297161936561	0.001810059184954027	5.713208184020265E-6	4.277006237318268E-6
GOTERM_BP_FAT	GO:0043436~oxoacid metabolic process	15	23.4375	5.02433684324791E-7	P11926, P29474, P09917, Q15848, P35354, P35228, P37231, P23219, Q07869, P08684, P09488, P05164, P09211, Q16665, P05177	64	847	19104	5.286304604486423	0.0018156527973187675	5.713208184020265E-6	4.277006237318268E-6
GOTERM_BP_FAT	GO:0045786~negative regulation of cell cycle	11	17.1875	5.091410490285728E-7	O96017, P24385, O15392, P10415, P04637, P38936, P42574, P13500, P22301, P01375, P06400	64	387	19104	8.484496124031008	0.0018398690050915878	5.771329257953979E-6	4.320516676239331E-6
GOTERM_BP_FAT	GO:0010817~regulation of hormone levels	13	20.3125	5.18901753922527E-7	Q9NRD8, O15392, P09917, Q15848, P35228, P37231, P08684, P01579, P05231, Q16665, P05177, P01584, P01375	64	601	19104	6.456738768718802	0.0018751079152194983	5.863589819324556E-6	4.389584524588377E-6
GOTERM_BP_FAT	GO:0051223~regulation of protein transport	12	18.75	5.326029037860051E-7	P01583, P37231, O15392, P09917, P31749, P01579, P05231, Q16665, P35228, P25963, P01584, P01375	64	491	19104	7.29531568228106	0.001924570849882734	5.959579941132351E-6	4.461444386240397E-6
GOTERM_BP_FAT	GO:0040011~locomotion	11	17.1875	5.336702550462284E-7	P00749, P09917, P28482, P19320, P02778, P08253, P05231, P13500, P01584, P22301, P10145	64	389	19104	8.440874035989717	0.0019284240242010142	5.959579941132351E-6	4.461444386240397E-6
GOTERM_BP_FAT	GO:0010506~regulation of autophagy	11	17.1875	5.336702550462284E-7	P35968, O15111, P10415, P04637, P27361, P31749, P01579, Q16665, P42574, P09601, P22301	64	389	19104	8.440874035989717	0.0019284240242010142	5.959579941132351E-6	4.461444386240397E-6
GOTERM_BP_FAT	GO:0070661~leukocyte proliferation	8	12.5	5.33988910654558E-7	P10415, P04626, P04637, Q07812, P01106, P60568, P29965, P22301	64	147	19104	16.24489795918367	0.0019295743786060804	5.959579941132351E-6	4.461444386240397E-6
KEGG_PATHWAY	hsa04115:p53 signaling pathway	8	12.5	5.457031211958059E-7	O96017, P24385, P10415, P04637, Q07812, Q14790, P38936, P42574	63	75	9375	15.873015873015872	1.2059315076284882E-4	1.6152812387395853E-6	5.457031211958059E-7
GOTERM_BP_FAT	GO:0032880~regulation of protein localization	16	25.0	5.589166963110336E-7	P01583, O15392, P09917, P10415, P04626, P31749, P35228, P37231, P01579, P00533, P05231, Q16665, P42574, P25963, P01584, P01375	64	991	19104	4.819374369323915	0.0020195601937911256	6.199970854600894E-6	4.6414051724017205E-6
GOTERM_BP_FAT	GO:0071456~cellular response to hypoxia	8	12.5	5.590600422539339E-7	P37231, P24385, P10415, P04637, P01106, Q16665, Q16236, P35354	64	148	19104	16.135135135135137	0.0020200776293278766	6.199970854600894E-6	4.6414051724017205E-6
GOTERM_BP_FAT	GO:0035239~tube morphogenesis	14	21.875	5.606721431013529E-7	P35968, P29474, P10415, P31749, P13500, P10145, Q07812, P01106, Q14790, P08253, P00533, Q16665, P42574, P09601	64	726	19104	5.756198347107438	0.0020258968051546367	6.199970854600894E-6	4.6414051724017205E-6
GOTERM_BP_FAT	GO:0006082~organic acid metabolic process	15	23.4375	5.7038585494678E-7	P11926, P29474, P09917, Q15848, P35354, P35228, P37231, P23219, Q07869, P08684, P09488, P05164, P09211, Q16665, P05177	64	856	19104	5.230724299065421	0.0020609595262695013	6.288156254535233E-6	4.707422284576017E-6
GOTERM_BP_FAT	GO:0001892~embryonic placenta development	7	10.9375	5.762142356099808E-7	P28482, P31749, Q14790, Q16665, P00533, P01344, P22301	64	92	19104	22.711956521739133	0.0020819971218436484	6.33310235855833E-6	4.741069713666316E-6
GOTERM_BP_FAT	GO:0050708~regulation of protein secretion	10	15.625	5.798308128930992E-7	P01583, P37231, O15392, P09917, P01579, P05231, Q16665, P35228, P01584, P01375	64	300	19104	9.950000000000001	0.0020950509690208508	6.353540058852868E-6	4.756369728792786E-6
GOTERM_BP_FAT	GO:0042110~T cell activation	11	17.1875	5.858562929629473E-7	P10415, P04626, P04637, Q07812, P01106, Q14790, P05362, P05231, Q16236, P60568, P22301	64	393	19104	8.354961832061068	0.002116799245998502	6.400170257867122E-6	4.791277900455282E-6
GOTERM_BP_FAT	GO:0070230~positive regulation of lymphocyte apoptotic process	5	7.8125	6.161095342343952E-7	P04637, Q07812, P01106, P05362, P22301	64	21	19104	71.07142857142857	0.0022259876786518973	6.690246473848568E-6	5.008433961479002E-6
GOTERM_BP_FAT	GO:0002902~regulation of B cell apoptotic process	5	7.8125	6.161095342343952E-7	P10415, Q07812, P01106, P60568, P22301	64	21	19104	71.07142857142857	0.0022259876786518973	6.690246473848568E-6	5.008433961479002E-6
GOTERM_BP_FAT	GO:0051384~response to glucocorticoid	8	12.5	6.402902312939035E-7	P24385, Q15848, P10415, P05231, P09211, P42574, P22301, P01375	64	151	19104	15.81456953642384	0.002313250809977463	6.911311869727626E-6	5.173927331679393E-6
GOTERM_BP_FAT	GO:0043467~regulation of generation of precursor metabolites and energy	8	12.5	6.402902312939035E-7	Q07869, P04637, P31749, P01579, Q16665, P01344, P35228, P01375	64	151	19104	15.81456953642384	0.002313250809977463	6.911311869727626E-6	5.173927331679393E-6
GOTERM_BP_FAT	GO:0010573~vascular endothelial growth factor production	4	6.25	6.78757463637897E-7	P05231, Q16665, P01584, P01375	64	6	19104	199.0	0.0024520553681156576	7.304723180103083E-6	5.4684418275827005E-6
GOTERM_BP_FAT	GO:0002673~regulation of acute inflammatory response	6	9.375	6.93388875325939E-7	P37231, P05231, P09211, P35354, P01584, P01375	64	51	19104	35.11764705882353	0.002504846056103238	7.434106290779708E-6	5.565300256952619E-6
GOTERM_BP_FAT	GO:0097696~cell surface receptor signaling pathway via STAT	7	10.9375	6.969341805133345E-7	P42224, P01579, P05231, P13500, P60568, P22301, P01375	64	95	19104	21.99473684210526	0.002517637231183145	7.434106290779708E-6	5.565300256952619E-6
GOTERM_BP_FAT	GO:0002683~negative regulation of immune system process	13	20.3125	6.969474647605976E-7	P35869, Q15848, P04626, P31749, P27361, P13500, P37231, P01106, P42574, P09601, P60568, P22301, P01375	64	618	19104	6.2791262135922326	0.0025176851594227445	7.434106290779708E-6	5.565300256952619E-6
GOTERM_BP_FAT	GO:0030595~leukocyte chemotaxis	8	12.5	6.997747049944336E-7	P09917, P02778, P08253, P05231, P13500, P01584, P22301, P10145	64	153	19104	15.607843137254902	0.0025278854960955055	7.4423098037055056E-6	5.571441548293917E-6
GOTERM_BP_FAT	GO:0002831~regulation of response to biotic stimulus	13	20.3125	7.334732555399243E-7	P35869, O15111, P31749, P27361, P37231, P42224, Q04206, Q14790, P00533, Q16236, P25963, P01584, P01375	64	621	19104	6.248792270531402	0.002649457713528758	7.777827835872042E-6	5.822616137086731E-6
GOTERM_BP_FAT	GO:0065009~regulation of molecular function	14	21.875	7.389300842623126E-7	P01033, Q15848, P04626, P04637, P31749, P27361, P38936, P14780, Q07812, P08253, P01584, P22301, P06400, P01375	64	744	19104	5.616935483870967	0.00266914258973161	7.812781241791E-6	5.848782859935907E-6
GOTERM_BP_FAT	GO:0150078~positive regulation of neuroinflammatory response	5	7.8125	7.51163795957788E-7	P28482, P27361, P05231, P01584, P01375	64	22	19104	67.8409090909091	0.002713272873706707	7.918974595286768E-6	5.928281036903009E-6
GOTERM_BP_FAT	GO:0048145~regulation of fibroblast proliferation	7	10.9375	7.883657711606777E-7	P37231, P04637, Q07812, P01106, P38936, P00533, P09211	64	97	19104	21.54123711340206	0.0028474583962424527	8.28700764103782E-6	6.203796925964984E-6
GOTERM_BP_FAT	GO:0001101~response to acid chemical	8	12.5	7.976653484742654E-7	O15111, P08253, P00533, P09211, P08254, Q16236, P42574, P01375	64	156	19104	15.307692307692307	0.0028809986512146057	8.360457681399837E-6	6.258782893680685E-6
KEGG_PATHWAY	hsa05203:Viral carcinogenesis	11	17.1875	8.01252248698481E-7	P24385, Q04206, P04637, P28482, Q07812, P27361, Q14790, P38936, P42574, P25963, P06400	63	205	9375	7.984901277584204	1.7706114072135737E-4	2.3404999896192473E-6	8.01252248698481E-7
GOTERM_BP_FAT	GO:0060326~cell chemotaxis	9	14.0625	8.015569088832894E-7	P09917, P19320, P02778, P08253, P05231, P13500, P01584, P22301, P10145	64	228	19104	11.782894736842106	0.0028950337853664854	8.376964689369868E-6	6.271140324702499E-6
GOTERM_BP_FAT	GO:0055123~digestive system development	8	12.5	8.327462985726167E-7	P10415, Q16665, P00533, Q16236, P01344, P01375, P06400, P10145	64	157	19104	15.210191082802547	0.003007512960721881	8.677840390889286E-6	6.496381066962748E-6
GOTERM_BP_FAT	GO:0070372~regulation of ERK1 and ERK2 cascade	10	15.625	8.706295689286083E-7	P01583, P35968, Q15848, P04626, P27361, P05362, P00533, P09211, P01584, P01375	64	315	19104	9.476190476190476	0.0031441154058078347	9.046541727717954E-6	6.7723972502578814E-6
GOTERM_BP_FAT	GO:0002366~leukocyte activation involved in immune response	9	14.0625	8.845248157187787E-7	P04637, P01579, P05362, P05231, P60568, P29965, P01584, P22301, P01375	64	231	19104	11.62987012987013	0.003194215278168877	9.164589494667919E-6	6.860769845704109E-6
GOTERM_BP_FAT	GO:0010888~negative regulation of lipid storage	5	7.8125	9.070589045476917E-7	P37231, Q07869, P05231, P25963, P01375	64	23	19104	64.8913043478261	0.0032754574922265745	9.371214282412722E-6	7.015452727458861E-6
GOTERM_MF_FAT	GO:0019887~protein kinase regulator activity	10	15.625	9.315242520649769E-7	P24385, Q15848, P31749, P02778, P38936, P00533, P09211, P42574, P01344, P29965	64	288	17305	9.388563368055555	4.228227926531547E-4	1.9223273201704524E-5	1.5073756078869629E-5
GOTERM_BP_FAT	GO:0002263~cell activation involved in immune response	9	14.0625	1.0064833799223045E-6	P04637, P01579, P05362, P05231, P60568, P29965, P01584, P22301, P01375	64	235	19104	11.431914893617021	0.0036338338049894947	1.0368786045011547E-5	7.762252163674298E-6
GOTERM_BP_FAT	GO:0010638~positive regulation of organelle organization	12	18.75	1.066951007926284E-6	P01583, P14780, P35968, P04637, P28482, Q07812, P27361, P01106, P01344, P01584, P01375, P06400	64	527	19104	6.79696394686907	0.0038517268513826863	1.0960496717788191E-5	8.205216984251281E-6
GOTERM_BP_FAT	GO:0070498~interleukin-1-mediated signaling pathway	5	7.8125	1.0857839331098105E-6	P01583, Q04206, P27361, P25963, P01584	64	24	19104	62.1875	0.003919580929255817	1.1122364595255169E-5	8.326394070618291E-6
KEGG_PATHWAY	hsa04623:Cytosolic DNA-sensing pathway	8	12.5	1.0954073740812794E-6	O15111, Q04206, Q14790, P02778, P05231, P42574, P25963, P01584	63	83	9375	14.343086632243258	2.420558620030988E-4	3.158187494104468E-6	1.0954073740812794E-6
GOTERM_BP_FAT	GO:0030098~lymphocyte differentiation	10	15.625	1.0998287809028245E-6	P10415, P04626, P04637, Q07812, P19320, P05231, Q16236, P60568, P29965, P22301	64	324	19104	9.212962962962962	0.003970180798384515	1.1234409242216422E-5	8.410272626847305E-6
GOTERM_BP_FAT	GO:0010332~response to gamma radiation	6	9.375	1.1133470682361941E-6	O96017, P10415, P04637, Q07812, P02778, P38936	64	56	19104	31.982142857142858	0.004018881182142664	1.1340459151386137E-5	8.489663418916556E-6
GOTERM_BP_FAT	GO:0002687~positive regulation of leukocyte migration	8	12.5	1.1164922010886134E-6	P28482, P27361, P02778, P05362, P05231, P13500, P01375, P10145	64	164	19104	14.560975609756099	0.004030211357569091	1.134054999757423E-5	8.489731427940665E-6
GOTERM_MF_FAT	GO:0004601~peroxidase activity	6	9.375	1.1233107632709005E-6	Q9NRD8, P23219, P04040, P05164, P09211, P35354	64	51	17305	31.81066176470588	5.09853353554357E-4	2.2173177674999516E-5	1.7386897031497414E-5
GOTERM_BP_FAT	GO:0043123~positive regulation of canonical NF-kappaB signal transduction	9	14.0625	1.1425238353136123E-6	P01583, Q15848, O15111, Q04206, Q14790, P09601, P29965, P01584, P01375	64	239	19104	11.240585774058578	0.004123983999326786	1.1572454309507064E-5	8.663338997742153E-6
GOTERM_BP_FAT	GO:0002246~wound healing involved in inflammatory response	4	6.25	1.18502813722506E-6	P01583, P01033, Q16665, P09601	64	7	19104	170.57142857142858	0.00427707645563602	1.1969446212865409E-5	8.960533987341445E-6
KEGG_PATHWAY	hsa05170:Human immunodeficiency virus 1 infection	11	17.1875	1.1871856522538768E-6	O15111, P10415, Q04206, P28482, Q07812, P27361, P31749, Q14790, P42574, P25963, P01375	63	214	9375	7.649087672452159	2.6233376936024566E-4	3.3789130102610343E-6	1.1871856522538768E-6
GOTERM_BP_FAT	GO:0032755~positive regulation of interleukin-6 production	7	10.9375	1.1890756836747784E-6	P01583, Q04206, P01579, P05231, P35228, P01584, P01375	64	104	19104	20.091346153846153	0.004291653725702171	1.1976873738629523E-5	8.966094361302577E-6
GOTERM_BP_FAT	GO:0032368~regulation of lipid transport	8	12.5	1.2110460652755951E-6	P37231, Q15848, Q07869, P27361, P31749, P05164, P25963, P01584	64	166	19104	14.385542168674698	0.00437077650284079	1.2164284922323755E-5	9.10639360750288E-6
GOTERM_BP_FAT	GO:0010594~regulation of endothelial cell migration	9	14.0625	1.2545825121568653E-6	P37231, P35968, P29474, P31749, Q16665, Q16236, P35354, P09601, P01375	64	242	19104	11.101239669421489	0.004527547408751165	1.2566676908474307E-5	9.407631192267684E-6
GOTERM_BP_FAT	GO:0045637~regulation of myeloid cell differentiation	9	14.0625	1.293960368092668E-6	P42224, Q15848, P01106, P01579, Q14790, Q16665, P25963, P01375, P06400	64	243	19104	11.055555555555555	0.004669322340113746	1.292530577630687E-5	9.676106951455393E-6
GOTERM_BP_FAT	GO:1904035~regulation of epithelial cell apoptotic process	6	9.375	1.3287907144825694E-6	P10415, Q07869, Q07812, P05231, P09601, P06400	64	58	19104	30.879310344827587	0.004794707721546443	1.3175957166006934E-5	9.863748907184948E-6
GOTERM_BP_FAT	GO:0031100~animal organ regeneration	6	9.375	1.3287907144825694E-6	P37231, P24385, P05231, P09211, P22301, P01375	64	58	19104	30.879310344827587	0.004794707721546443	1.3175957166006934E-5	9.863748907184948E-6
GOTERM_BP_FAT	GO:0046889~positive regulation of lipid biosynthetic process	7	10.9375	1.3299846143784654E-6	Q07869, P28482, P31749, P01579, P35354, P01584, P01375	64	106	19104	19.712264150943398	0.004799005348644303	1.3175957166006934E-5	9.863748907184948E-6
KEGG_PATHWAY	hsa01523:Antifolate resistance	6	9.375	1.3472552961510167E-6	Q9UNQ0, O15111, Q04206, P05231, P01584, P01375	63	30	9375	29.76190476190476	2.9769929977396803E-4	3.7859579208294393E-6	1.3472552961510167E-6
GOTERM_MF_FAT	GO:0016684~oxidoreductase activity, acting on peroxide as acceptor	6	9.375	1.3646257453266861E-6	Q9NRD8, P23219, P04040, P05164, P09211, P35354	64	53	17305	30.610259433962263	6.193486354879596E-4	2.581417034909648E-5	2.0241948555679178E-5
GOTERM_BP_FAT	GO:0034284~response to monosaccharide	8	12.5	1.4203907596291293E-6	Q15848, Q07869, P04040, P05362, Q16665, P09211, P42574, P01375	64	170	19104	14.047058823529413	0.005124382351857193	1.4033150237210196E-5	1.0505458432557522E-5
KEGG_PATHWAY	hsa04071:Sphingolipid signaling pathway	9	14.0625	1.476002003632883E-6	P29474, P10415, Q04206, P04637, P28482, Q07812, P27361, P31749, P01375	63	125	9375	10.714285714285714	3.2614348717963093E-4	4.09590556008125E-6	1.476002003632883E-6
GOTERM_BP_FAT	GO:0032677~regulation of interleukin-8 production	7	10.9375	1.484259384150186E-6	Q15848, Q04206, P05231, P35228, P01584, P22301, P01375	64	108	19104	19.34722222222222	0.005354185157713243	1.462420145255333E-5	1.0947929571919763E-5
GOTERM_BP_FAT	GO:0006631~fatty acid metabolic process	10	15.625	1.5599506170879388E-6	P37231, P09917, Q15848, Q07869, P23219, P08684, P09488, P09211, P35354, P05177	64	338	19104	8.831360946745562	0.005626457646230265	1.532821041138583E-5	1.147496282732894E-5
GOTERM_BP_FAT	GO:1904645~response to amyloid-beta	6	9.375	1.5758174649589244E-6	P14780, P19320, P05362, P08253, P08254, P01375	64	60	19104	29.849999999999998	0.005683523582199812	1.5400421495382354E-5	1.1529021290929212E-5
GOTERM_BP_FAT	GO:0033209~tumor necrosis factor-mediated signaling pathway	6	9.375	1.5758174649589244E-6	P42224, O15111, Q04206, P04637, P25963, P01375	64	60	19104	29.849999999999998	0.005683523582199812	1.5400421495382354E-5	1.1529021290929212E-5
GOTERM_BP_FAT	GO:0031960~response to corticosteroid	8	12.5	1.6592416526897483E-6	P24385, Q15848, P10415, P05231, P09211, P42574, P22301, P01375	64	174	19104	13.724137931034484	0.005983509116293417	1.6172015676889837E-5	1.2106650010326545E-5
GOTERM_BP_FAT	GO:0009896~positive regulation of catabolic process	13	20.3125	1.7028344543938899E-6	P35968, P31749, P27361, Q07869, Q07812, P01579, Q16236, P05231, Q16665, P42574, P09601, P01584, P01375	64	673	19104	5.765973254086181	0.006140228736999931	1.655228329862448E-5	1.2391324914097474E-5
GOTERM_BP_FAT	GO:0006955~immune response	21	32.8125	1.7413072769682862E-6	P01583, P09917, O15111, P10415, P04637, P13500, P35228, P10145, P37231, P42224, Q04206, P01579, P02778, P05362, P05231, P08254, P60568, P29965, P01584, P22301, P01375	64	1908	19104	3.285377358490566	0.006278521100836931	1.685057844627923E-5	1.2614633809202955E-5
GOTERM_BP_FAT	GO:0042102~positive regulation of T cell proliferation	7	10.9375	1.7428419078839692E-6	P01583, P19320, P05231, P01344, P60568, P29965, P01584	64	111	19104	18.824324324324323	0.006284037004818943	1.685057844627923E-5	1.2614633809202955E-5
GOTERM_BP_FAT	GO:0070849~response to epidermal growth factor	6	9.375	1.8576641387824305E-6	P04626, P28482, P27361, P31749, P00533, P09211	64	62	19104	28.887096774193548	0.006696654232154264	1.7865195547439545E-5	1.3374193680010743E-5
GOTERM_BP_FAT	GO:0010574~regulation of vascular endothelial growth factor production	6	9.375	1.8576641387824305E-6	P01583, Q04206, P05231, Q16665, P35354, P01584	64	62	19104	28.887096774193548	0.006696654232154264	1.7865195547439545E-5	1.3374193680010743E-5
GOTERM_BP_FAT	GO:0001568~blood vessel development	12	18.75	1.9593891613412393E-6	P35869, P35968, P29474, P28482, Q07812, P31749, Q14790, P08253, Q16665, P09601, P13500, P10145	64	561	19104	6.385026737967915	0.007062063145113262	1.8793504528938784E-5	1.4069141803052346E-5
GOTERM_BP_FAT	GO:0032675~regulation of interleukin-6 production	8	12.5	2.0042641727309603E-6	P01583, Q04206, P01579, P05231, P35228, P01584, P22301, P01375	64	179	19104	13.34078212290503	0.0072232170375343685	1.9173066795225273E-5	1.4353288665562724E-5
GOTERM_BP_FAT	GO:0030099~myeloid cell differentiation	10	15.625	2.0301002919073135E-6	P01583, P37231, P14780, P01579, Q14790, P42574, P09601, P01584, P01375, P06400	64	349	19104	8.553008595988539	0.00731598712869419	1.936897798294682E-5	1.449995116145936E-5
GOTERM_CC_FAT	GO:0005667~transcription regulator complex	12	18.75	2.1173161608125708E-6	P37231, P42224, P24385, P35869, O75469, Q07869, Q04206, P04637, P01106, Q16665, Q16236, P06400	59	543	16775	6.283359865155914	6.201818995477115E-4	6.203736351180833E-4	5.632060987761439E-4
GOTERM_BP_FAT	GO:0019752~carboxylic acid metabolic process	14	21.875	2.3055998790772724E-6	P11926, P29474, P09917, Q15848, P35354, P35228, P37231, P23219, Q07869, P08684, P09488, P09211, Q16665, P05177	64	824	19104	5.071601941747573	0.00830468833631659	2.189918182956602E-5	1.6394105423848233E-5
GOTERM_BP_FAT	GO:0007167~enzyme-linked receptor protein signaling pathway	13	20.3125	2.30740826246257E-6	P35968, P04626, P04637, P28482, P31749, P27361, P37231, P14780, Q04206, P08253, P00533, P42574, P01344	64	693	19104	5.5995670995671	0.00831117493225264	2.189918182956602E-5	1.6394105423848233E-5
KEGG_PATHWAY	hsa04658:Th1 and Th2 cell differentiation	8	12.5	2.373881057858904E-6	P42224, O15111, Q04206, P28482, P27361, P01579, P60568, P25963	63	93	9375	12.800819252432156	5.24490743102124E-4	6.506192528946627E-6	2.373881057858904E-6
GOTERM_BP_FAT	GO:0051043~regulation of membrane protein ectodomain proteolysis	5	7.8125	2.3971204346965644E-6	P01033, P01579, P01584, P22301, P01375	64	29	19104	51.46551724137931	0.008632915528397622	2.263182112757905E-5	1.6942571845231332E-5
GOTERM_BP_FAT	GO:1902894~negative regulation of miRNA transcription	5	7.8125	2.3971204346965644E-6	P37231, Q07869, Q04206, Q16665, P01375	64	29	19104	51.46551724137931	0.008632915528397622	2.263182112757905E-5	1.6942571845231332E-5
GOTERM_BP_FAT	GO:0051402~neuron apoptotic process	7	10.9375	2.4913244247955438E-6	P10415, P04637, Q07812, Q16665, P42574, P01375, P06400	64	118	19104	17.707627118644066	0.008970653099356407	2.3459971666824702E-5	1.7562539630004004E-5
GOTERM_BP_FAT	GO:0002757~immune response-activating signaling pathway	10	15.625	2.5012235066186265E-6	O15111, P10415, Q04206, P28482, Q07812, P31749, P01579, P35228, P25963, P01375	64	358	19104	8.337988826815643	0.009006136337829873	2.349201090891676E-5	1.758652475952369E-5
GOTERM_BP_FAT	GO:0050870~positive regulation of T cell activation	9	14.0625	2.6118361468228584E-6	P01583, P31749, P19320, P05231, P01344, P13500, P60568, P29965, P01584	64	267	19104	10.061797752808989	0.009402540739167797	2.4466237509112427E-5	1.831584760430513E-5
GOTERM_BP_FAT	GO:0007169~cell surface receptor protein tyrosine kinase signaling pathway	11	17.1875	2.6184828307595435E-6	P14780, P35968, P04626, Q04206, P28482, P27361, P31749, P08253, P00533, P42574, P01344	64	464	19104	7.076508620689655	0.009426355524130958	2.4466237509112427E-5	1.831584760430513E-5
GOTERM_BP_FAT	GO:0045861~negative regulation of proteolysis	6	9.375	2.7376267708373194E-6	P01033, P00749, P04637, P31749, P08253, P22301	64	67	19104	26.731343283582092	0.00985314610242638	2.5513552585947802E-5	1.909988574396037E-5
GOTERM_BP_FAT	GO:0032651~regulation of interleukin-1 beta production	7	10.9375	2.7475949032203933E-6	Q04206, P01579, Q14790, P05231, P09211, P01584, P01375	64	120	19104	17.412499999999998	0.009888845039202732	2.5540625115796765E-5	1.9120152706986128E-5
GOTERM_BP_FAT	GO:0002429~immune response-activating cell surface receptor signaling pathway	9	14.0625	2.837466310641051E-6	O15111, P10415, Q04206, P28482, Q07812, P31749, P01579, P35228, P25963	64	270	19104	9.95	0.010210643996663937	2.6308405587892413E-5	1.969492641770596E-5
GOTERM_BP_FAT	GO:2001243~negative regulation of intrinsic apoptotic signaling pathway	7	10.9375	2.883560072183951E-6	P14780, P10415, P31749, Q16665, Q16236, P35354, P22301	64	121	19104	17.268595041322314	0.01037564951842218	2.666739954224339E-5	1.9963675486961523E-5
GOTERM_BP_FAT	GO:0045892~negative regulation of DNA-templated transcription	18	28.125	2.92416821142996E-6	P35869, P24385, O15392, O75469, Q15848, P04637, P37231, P42224, Q07869, Q04206, P01106, P01579, P09211, Q16665, P01344, P25963, P06400, P01375	64	1449	19104	3.708074534161491	0.010520994934251071	2.697395982788453E-5	2.0193171806992096E-5
GOTERM_BP_FAT	GO:0032757~positive regulation of interleukin-8 production	6	9.375	2.947434376221785E-6	Q15848, Q04206, P05231, P35228, P01584, P01375	64	68	19104	26.33823529411765	0.010604260012260447	2.7119396194447776E-5	2.030204798074395E-5
GOTERM_BP_FAT	GO:0001676~long-chain fatty acid metabolic process	7	10.9375	3.0249599503761716E-6	P09917, P23219, P08684, P09488, P09211, P35354, P05177	64	122	19104	17.12704918032787	0.010881658407415618	2.7762068986193497E-5	2.0783163923015984E-5
GOTERM_BP_FAT	GO:0001944~vasculature development	12	18.75	3.1329562352487715E-6	P35869, P35968, P29474, P28482, Q07812, P31749, Q14790, P08253, Q16665, P09601, P13500, P10145	64	589	19104	6.081494057724957	0.011267956084451969	2.868042973837863E-5	2.1470664629920062E-5
GOTERM_BP_FAT	GO:0070231~T cell apoptotic process	5	7.8125	3.160020460008318E-6	O96017, P10415, P04637, Q07812, P31749	64	31	19104	48.145161290322584	0.01136473991779774	2.8782453358665184E-5	2.1547041272651176E-5
GOTERM_BP_FAT	GO:2000629~negative regulation of miRNA metabolic process	5	7.8125	3.160020460008318E-6	P37231, Q07869, Q04206, Q16665, P01375	64	31	19104	48.145161290322584	0.01136473991779774	2.8782453358665184E-5	2.1547041272651176E-5
GOTERM_BP_FAT	GO:1902679~negative regulation of RNA biosynthetic process	18	28.125	3.18062790968711E-6	P35869, P24385, O15392, O75469, Q15848, P04637, P37231, P42224, Q07869, Q04206, P01106, P01579, P09211, Q16665, P01344, P25963, P06400, P01375	64	1458	19104	3.685185185185185	0.011438427455605749	2.8897363119167315E-5	2.1633064702319113E-5
GOTERM_BP_FAT	GO:0032870~cellular response to hormone stimulus	12	18.75	3.2365313000200966E-6	P37231, P42224, Q15848, Q07869, Q04206, P28482, P27361, P31749, P09211, Q16236, P01344, P06400	64	591	19104	6.060913705583757	0.011638297572291512	2.9331571881886387E-5	2.195812087507369E-5
GOTERM_BP_FAT	GO:0002703~regulation of leukocyte mediated immunity	9	14.0625	3.2503587394986815E-6	P35869, P27361, P05362, P05231, P35228, P60568, P01584, P22301, P01375	64	275	19104	9.76909090909091	0.011687728269210718	2.9383243005068077E-5	2.199680276955733E-5
GOTERM_BP_FAT	GO:0048646~anatomical structure formation involved in morphogenesis	15	23.4375	3.4510625811428944E-6	P35968, P29474, P04637, P28482, P31749, P27361, P13500, P10145, P14780, Q07869, Q14790, P08253, Q16665, P42574, P09601	64	997	19104	4.490972918756269	0.012404931453617318	3.11198062179868E-5	2.3296823957989564E-5
GOTERM_BP_FAT	GO:0050796~regulation of insulin secretion	8	12.5	3.5370637044654756E-6	O15392, P09917, P01579, P05231, Q16665, P35228, P01584, P01375	64	195	19104	12.246153846153845	0.012712092060667035	3.17370281770401E-5	2.3758886967712264E-5
GOTERM_BP_FAT	GO:0097193~intrinsic apoptotic signaling pathway	8	12.5	3.5370637044654756E-6	O96017, P10415, P04637, Q07812, P01106, P38936, P42574, P01375	64	195	19104	12.246153846153845	0.012712092060667035	3.17370281770401E-5	2.3758886967712264E-5
GOTERM_BP_FAT	GO:0043525~positive regulation of neuron apoptotic process	6	9.375	3.6535679391868867E-6	P04637, Q07812, Q14790, P08253, P42574, P01375	64	71	19104	25.225352112676056	0.01312804490410513	3.2701241752722236E-5	2.4480713889551738E-5
GOTERM_BP_FAT	GO:2000045~regulation of G1/S transition of mitotic cell cycle	8	12.5	3.7837012016400845E-6	P24385, P10415, P04637, P31749, P38936, P00533, P13500, P06400	64	197	19104	12.121827411167512	0.013592450071193585	3.3782379123779126E-5	2.5290071982320268E-5
GOTERM_BP_FAT	GO:0008217~regulation of blood pressure	8	12.5	4.320177833762561E-6	P37231, Q15848, P29474, Q07869, P23219, P35354, P35228, P01375	64	201	19104	11.880597014925373	0.015504662655528079	3.8477248883954235E-5	2.8804732502451362E-5
KEGG_PATHWAY	hsa04062:Chemokine signaling pathway	10	15.625	4.3584831727674654E-6	P42224, O15111, Q04206, P28482, P27361, P31749, P02778, P13500, P25963, P10145	63	193	9375	7.71033802121885	9.627631261988068E-4	1.17997959067607E-5	4.3584831727674654E-6
GOTERM_BP_FAT	GO:0030888~regulation of B cell proliferation	6	9.375	4.486178961931531E-6	P35869, P10415, P38936, P42574, P60568, P22301	64	74	19104	24.2027027027027	0.016095604508132633	3.985755067897891E-5	2.983805024557409E-5
GOTERM_MF_FAT	GO:0044877~protein-containing complex binding	18	28.125	4.5189986794307165E-6	P31645, P35968, P24385, O15111, P31749, P19320, P38936, P14780, Q07869, P01106, Q14790, P05164, P05362, P00533, P42574, P01344, P29965, P01584	64	1356	17305	3.5892560840707968	0.002049526881786168	8.20650160184618E-5	6.43505411950934E-5
GOTERM_BP_FAT	GO:2000108~positive regulation of leukocyte apoptotic process	5	7.8125	4.623142166212053E-6	P04637, Q07812, P01106, P05362, P22301	64	34	19104	43.89705882352941	0.016582908226570936	4.097373057113427E-5	3.0673641774353E-5
GOTERM_BP_FAT	GO:2000134~negative regulation of G1/S transition of mitotic cell cycle	6	9.375	4.794480961548417E-6	P24385, P10415, P04637, P38936, P13500, P06400	64	75	19104	23.880000000000003	0.017192177740943837	4.238836957691705E-5	3.1732664945994046E-5
GOTERM_BP_FAT	GO:0030183~B cell differentiation	7	10.9375	5.209301855067223E-6	P10415, P04637, Q07812, P19320, P05231, P29965, P22301	64	134	19104	15.593283582089553	0.01866569130479756	4.594350123883678E-5	3.439409785772432E-5
GOTERM_BP_FAT	GO:0048871~multicellular organismal-level homeostasis	13	20.3125	5.2677346870796E-6	P01583, P35968, P29474, O75469, P10415, P31749, Q07812, P05231, Q16665, P42574, P09601, P01584, P06400	64	751	19104	5.16711051930759	0.01887307700532881	4.628611307656965E-5	3.465058299177933E-5
GOTERM_BP_FAT	GO:1903530~regulation of secretion by cell	12	18.75	5.273749609387914E-6	P01583, P31645, P37231, O15392, P09917, Q15848, P01579, P05231, Q16665, P35228, P01584, P01375	64	622	19104	5.758842443729904	0.018894422257167864	4.628611307656965E-5	3.465058299177933E-5
GOTERM_BP_FAT	GO:0019725~cellular homeostasis	13	20.3125	5.4124190931898715E-6	P01583, P29474, P10415, P13500, P35228, Q07812, P01106, P05362, P09211, Q16236, P05231, Q16665, P09601	64	753	19104	5.153386454183267	0.019386392192095814	4.738815361010794E-5	3.547558955269971E-5
GOTERM_BP_FAT	GO:0006633~fatty acid biosynthetic process	7	10.9375	5.437666137465395E-6	P09917, P23219, P08684, P09488, P09211, P35354, P05177	64	135	19104	15.477777777777778	0.0194759368108659	4.749420471757215E-5	3.555498124183291E-5
GOTERM_BP_FAT	GO:0030336~negative regulation of cell migration	10	15.625	5.452501777830473E-6	P01033, P37231, Q15848, P10415, P31749, P09211, Q16236, P09601, P13500, P01375	64	394	19104	7.5761421319796955	0.01952855110822571	4.7509027538879504E-5	3.556607786165564E-5
GOTERM_BP_FAT	GO:0001959~regulation of cytokine-mediated signaling pathway	8	12.5	5.584648257334379E-6	P01583, P37231, Q15848, Q14790, P05231, Q16665, P09211, P01584	64	209	19104	11.425837320574164	0.01999708139230827	4.8543481006060367E-5	3.6340487578375394E-5
GOTERM_BP_FAT	GO:0097192~extrinsic apoptotic signaling pathway in absence of ligand	5	7.8125	5.843203195710239E-6	P01583, P10415, Q07812, P60568, P01584	64	36	19104	41.458333333333336	0.020913150286807514	5.0669119318197174E-5	3.793177710021011E-5
KEGG_PATHWAY	hsa04920:Adipocytokine signaling pathway	7	10.9375	6.1639621266004505E-6	Q15848, O15111, Q07869, Q04206, P31749, P25963, P01375	63	70	9375	14.88095238095238	0.0013613124008802213	1.6486742073557833E-5	6.1639621266004505E-6
GOTERM_BP_FAT	GO:0010595~positive regulation of endothelial cell migration	7	10.9375	6.172050576924965E-6	P35968, P29474, P31749, Q16665, Q16236, P35354, P09601	64	138	19104	15.141304347826086	0.022077030977981527	5.339266719177195E-5	3.997067203764565E-5
GOTERM_BP_FAT	GO:0048545~response to steroid hormone	9	14.0625	6.474176747481415E-6	P24385, Q15848, P10415, Q07869, P05231, P09211, P42574, P22301, P01375	64	302	19104	8.89569536423841	0.023145118819471455	5.5872608875639126E-5	4.1827199177642456E-5
GOTERM_MF_FAT	GO:0061629~RNA polymerase II-specific DNA-binding transcription factor binding	10	15.625	6.489559309148805E-6	P37231, P35869, O75469, Q07869, Q04206, P04637, Q16665, Q16236, P25963, P06400	64	365	17305	7.407962328767123	0.002941933493797455	1.1331768947513681E-4	8.885704284834517E-5
GOTERM_BP_FAT	GO:0048147~negative regulation of fibroblast proliferation	5	7.8125	6.535311712824276E-6	P37231, P04637, Q07812, P01106, P09211	64	37	19104	40.33783783783784	0.023361103544899064	5.6265921794220426E-5	4.212164001575075E-5
GOTERM_BP_FAT	GO:0042113~B cell activation	8	12.5	6.930688722707179E-6	P10415, P04637, Q07812, P19320, Q14790, P05231, P29965, P22301	64	216	19104	11.055555555555555	0.024756785166462958	5.952819577508114E-5	4.456383461370151E-5
KEGG_PATHWAY	hsa05010:Alzheimer disease	13	20.3125	7.0485268227389935E-6	P01583, O15111, P28482, P31749, P27361, P35354, P35228, Q04206, Q14790, P05231, P42574, P01584, P01375	63	388	9375	4.985886107020127	0.001556517286171566	1.862824946009591E-5	7.0485268227389935E-6
GOTERM_BP_FAT	GO:0045934~negative regulation of nucleobase-containing compound metabolic process	19	29.6875	7.0588607661898985E-6	P35869, P24385, O15392, O75469, Q15848, P04637, P38936, P37231, P42224, Q07869, Q04206, P01106, P01579, P09211, Q16665, P01344, P25963, P06400, P01375	64	1722	19104	3.293554006968641	0.025208804620825753	6.048540410081202E-5	4.528041728454041E-5
KEGG_PATHWAY	hsa04622:RIG-I-like receptor signaling pathway	7	10.9375	7.270049804815039E-6	O15111, Q04206, Q14790, P02778, P25963, P01375, P10145	63	72	9375	14.467592592592592	0.0016053968168928678	1.8987659490222807E-5	7.270049804815039E-6
GOTERM_BP_FAT	GO:0050864~regulation of B cell activation	7	10.9375	7.274560908995877E-6	P35869, P10415, P05231, P38936, P42574, P60568, P22301	64	142	19104	14.714788732394366	0.025969033294351185	6.181822272756057E-5	4.6278188308491826E-5
GOTERM_BP_FAT	GO:2001240~negative regulation of extrinsic apoptotic signaling pathway in absence of ligand	5	7.8125	7.2861580347578995E-6	P01583, P10415, P31749, P01584, P01375	64	38	19104	39.276315789473685	0.026009890221011633	6.181822272756057E-5	4.6278188308491826E-5
GOTERM_BP_FAT	GO:0038034~signal transduction in absence of ligand	5	7.8125	7.2861580347578995E-6	P01583, P10415, Q07812, P60568, P01584	64	38	19104	39.276315789473685	0.026009890221011633	6.181822272756057E-5	4.6278188308491826E-5
GOTERM_BP_FAT	GO:1901099~negative regulation of signal transduction in absence of ligand	5	7.8125	7.2861580347578995E-6	P01583, P10415, P31749, P01584, P01375	64	38	19104	39.276315789473685	0.026009890221011633	6.181822272756057E-5	4.6278188308491826E-5
GOTERM_BP_FAT	GO:0051896~regulation of phosphatidylinositol 3-kinase/protein kinase B signal transduction	9	14.0625	7.299884155052091E-6	P35968, Q07869, P31749, P04040, P00533, P08254, P01344, P01584, P01375	64	307	19104	8.750814332247556	0.026058245427389104	6.181822272756057E-5	4.6278188308491826E-5
GOTERM_BP_FAT	GO:0051050~positive regulation of transport	14	21.875	7.317026102819551E-6	P01583, P31645, Q15848, P31749, P13500, P37231, Q07812, P01579, P02778, P05164, Q16236, Q16665, P01584, P01375	64	916	19104	4.562227074235808	0.02611863074727927	6.181861305559695E-5	4.627848051479562E-5
GOTERM_BP_FAT	GO:2000146~negative regulation of cell motility	10	15.625	7.368670763439183E-6	P01033, P37231, Q15848, P10415, P31749, P09211, Q16236, P09601, P13500, P01375	64	409	19104	7.298288508557457	0.026300534903064055	6.210982163309111E-5	4.649648428118851E-5
GOTERM_BP_FAT	GO:0048565~digestive tract development	7	10.9375	7.573756223217164E-6	P10415, Q16665, P00533, Q16236, P01375, P06400, P10145	64	143	19104	14.611888111888112	0.027022556994474423	6.369000582128666E-5	4.7679437433136895E-5
GOTERM_BP_FAT	GO:0010721~negative regulation of cell development	9	14.0625	7.836821490506078E-6	Q15848, P04626, P04637, P01106, P05231, P60568, P01584, P01375, P06400	64	310	19104	8.666129032258064	0.027947918728632337	6.574929584610203E-5	4.9221057482134465E-5
GOTERM_BP_FAT	GO:1902807~negative regulation of cell cycle G1/S phase transition	6	9.375	7.903954606858697E-6	P24385, P10415, P04637, P38936, P13500, P06400	64	83	19104	21.57831325301205	0.028183926085760924	6.615902745000242E-5	4.952778963140391E-5
GOTERM_BP_FAT	GO:0060759~regulation of response to cytokine stimulus	8	12.5	8.048932402769802E-6	P01583, P37231, Q15848, Q14790, P05231, Q16665, P09211, P01584	64	221	19104	10.805429864253393	0.02869340202600923	6.721695050442402E-5	5.031976908613823E-5
KEGG_PATHWAY	hsa04148:Efferocytosis	9	14.0625	8.12683753037878E-6	P11926, P37231, P09917, P28482, P27361, Q16665, P35354, P42574, P22301	63	157	9375	8.530482256596907	0.0017944264804886645	2.0978580601675456E-5	8.12683753037878E-6
GOTERM_BP_FAT	GO:0007623~circadian rhythm	7	10.9375	8.5317876302837E-6	P31645, P35869, Q15848, Q07869, P04637, P35228, P01375	64	146	19104	14.311643835616438	0.03038831027253608	7.108512458780152E-5	5.321555095663129E-5
GOTERM_BP_FAT	GO:0032787~monocarboxylic acid metabolic process	11	17.1875	9.188110294754526E-6	P37231, P09917, Q15848, Q07869, P23219, P08684, P09488, Q16665, P09211, P35354, P05177	64	535	19104	6.1373831775700936	0.03268738034710794	7.637748695593647E-5	5.717750475379426E-5
GOTERM_BP_FAT	GO:1902806~regulation of cell cycle G1/S phase transition	8	12.5	9.313225362258462E-6	P24385, P10415, P04637, P31749, P38936, P00533, P13500, P06400	64	226	19104	10.566371681415928	0.033125034172983514	7.723996080258395E-5	5.7823167558792794E-5
GOTERM_BP_FAT	GO:0007417~central nervous system development	15	23.4375	9.616117535914116E-6	P31645, Q9NRD8, P10415, P04626, P04637, P28482, P27361, Q07812, P01579, P00533, P09211, Q16665, P42574, P01584, P01375	64	1090	19104	4.1077981651376145	0.03418373464875124	7.956952176170582E-5	5.956711709317966E-5
GOTERM_BP_FAT	GO:0033043~regulation of organelle organization	16	25.0	9.640055511414468E-6	P01583, O96017, P35968, O15392, P04637, P28482, P31749, P27361, P37231, P14780, Q07812, P01106, P01344, P01584, P06400, P01375	64	1248	19104	3.8269230769230766	0.034267355738282324	7.958548111706557E-5	5.957906454200677E-5
GOTERM_BP_FAT	GO:0050920~regulation of chemotaxis	8	12.5	1.014796387485614E-5	P35968, P28482, P27361, P02778, P05231, P09211, P13500, P10145	64	229	19104	10.427947598253276	0.036039896441530384	8.339781220790865E-5	6.24330413846263E-5
GOTERM_BP_FAT	GO:0090276~regulation of peptide hormone secretion	8	12.5	1.014796387485614E-5	O15392, P09917, P01579, P05231, Q16665, P35228, P01584, P01375	64	229	19104	10.427947598253276	0.036039896441530384	8.339781220790865E-5	6.24330413846263E-5
GOTERM_BP_FAT	GO:0051253~negative regulation of RNA metabolic process	18	28.125	1.0239164152924241E-5	P35869, P24385, O15392, O75469, Q15848, P04637, P37231, P42224, Q07869, Q04206, P01106, P01579, P09211, Q16665, P01344, P25963, P06400, P01375	64	1591	19104	3.3771213073538653	0.0363578301151295	8.395650244211806E-5	6.285128653507011E-5
GOTERM_MF_FAT	GO:0019902~phosphatase binding	8	12.5	1.0248589872701854E-5	P37231, P42224, P10415, Q07869, P04637, P28482, P27361, P00533	64	208	17305	10.399639423076923	0.004642075751033259	1.718979248006043E-4	1.3479220535025357E-4
GOTERM_BP_FAT	GO:0040013~negative regulation of locomotion	10	15.625	1.0406066127514904E-5	P01033, P37231, Q15848, P10415, P31749, P09211, Q16236, P09601, P13500, P01375	64	427	19104	6.990632318501171	0.03693939634554444	8.513197990292735E-5	6.373126924702E-5
GOTERM_MF_FAT	GO:0016209~antioxidant activity	6	9.375	1.060163412867163E-5	Q9NRD8, P23219, P04040, P05164, P09211, P35354	64	80	17305	20.279296875	0.004801602679706418	1.718979248006043E-4	1.3479220535025357E-4
KEGG_PATHWAY	hsa05332:Graft-versus-host disease	6	9.375	1.0704226455668556E-5	P01583, P01579, P05231, P60568, P01584, P01375	63	45	9375	19.841269841269842	0.0023628507709267943	2.7314233024809423E-5	1.0704226455668556E-5
GOTERM_BP_FAT	GO:0010001~glial cell differentiation	8	12.5	1.0738234303363084E-5	P04626, P28482, P27361, P31749, P01579, P09211, P01584, P01375	64	231	19104	10.337662337662337	0.038095785128249626	8.765114049878309E-5	6.561715634131799E-5
GOTERM_BP_FAT	GO:0002253~activation of immune response	10	15.625	1.0801726227034989E-5	O15111, P10415, Q04206, P28482, Q07812, P31749, P01579, P35228, P25963, P01375	64	429	19104	6.958041958041958	0.03831666372378084	8.797081539855524E-5	6.585647048780116E-5
GOTERM_BP_FAT	GO:0045923~positive regulation of fatty acid metabolic process	5	7.8125	1.0939854262652458E-5	P37231, Q15848, Q07869, P35354, P01584	64	42	19104	35.535714285714285	0.03879701469269392	8.889553486236244E-5	6.65487314359555E-5
GOTERM_BP_FAT	GO:0051248~negative regulation of protein metabolic process	12	18.75	1.1251228839957847E-5	P01033, P00749, Q15848, Q04206, P04637, P31749, P08253, P38936, P00533, P35228, P22301, P06400	64	674	19104	5.3145400593471805	0.0398789643390739	9.122072530333537E-5	6.828940912503563E-5
GOTERM_BP_FAT	GO:0002697~regulation of immune effector process	10	15.625	1.1631808038776356E-5	P35869, P27361, P05362, P05231, P35228, P60568, P29965, P01584, P22301, P01375	64	433	19104	6.893764434180139	0.04119972956500162	9.409534198705884E-5	7.044139678068814E-5
GOTERM_BP_FAT	GO:0002791~regulation of peptide secretion	8	12.5	1.167686794732562E-5	O15392, P09917, P01579, P05231, Q16665, P35228, P01584, P01375	64	234	19104	10.205128205128206	0.041355985540101114	9.42490055748425E-5	7.055643199421977E-5
KEGG_PATHWAY	hsa05022:Pathways of neurodegeneration - multiple diseases	14	21.875	1.168266897199136E-5	P01583, P10415, P28482, P27361, P35354, P35228, Q04206, Q07812, P04040, Q14790, P05231, P42574, P01584, P01375	63	480	9375	4.340277777777778	0.002578554726292981	2.9472187633887298E-5	1.168266897199136E-5
GOTERM_BP_FAT	GO:0001558~regulation of cell growth	10	15.625	1.18476535952724E-5	P37231, P10415, Q07869, P04626, P04637, P31749, P38936, P00533, P60568, P06400	64	434	19104	6.877880184331797	0.04194799441919295	9.53914624698148E-5	7.141169494076013E-5
GOTERM_BP_FAT	GO:0050790~regulation of catalytic activity	11	17.1875	1.1871172044086465E-5	P01033, Q15848, P04626, P04637, P27361, P31749, P08253, P38936, P01584, P01375, P06400	64	551	19104	5.959165154264973	0.04202948979078236	9.53914624698148E-5	7.141169494076013E-5
GOTERM_BP_FAT	GO:0044772~mitotic cell cycle phase transition	7	10.9375	1.201078685650444E-5	O96017, P24385, O15392, P10415, P01106, P38936, P06400	64	155	19104	13.480645161290324	0.04251313587846606	9.629934650359213E-5	7.209135259547121E-5
GOTERM_BP_FAT	GO:0010745~negative regulation of macrophage derived foam cell differentiation	4	6.25	1.2122642703026141E-5	P37231, Q15848, Q07869, P25963	64	14	19104	85.28571428571429	0.042900444719309316	9.698114162420913E-5	7.260175618825611E-5
GOTERM_BP_FAT	GO:0051046~regulation of secretion	12	18.75	1.2224131098120085E-5	P01583, P31645, P37231, O15392, P09917, Q15848, P01579, P05231, Q16665, P35228, P01584, P01375	64	680	19104	5.26764705882353	0.04325171999660449	9.757717009007114E-5	7.30479533832474E-5
GOTERM_BP_FAT	GO:0090087~regulation of peptide transport	8	12.5	1.23396526591552E-5	O15392, P09917, P01579, P05231, Q16665, P35228, P01584, P01375	64	236	19104	10.11864406779661	0.04365141051922361	9.828234364648723E-5	7.357585847650469E-5
GOTERM_CC_FAT	GO:0045121~membrane raft	9	14.0625	1.2838403678514008E-5	P31645, P35968, Q9UNQ0, P29474, P28482, P27361, P05362, P00533, P01375	59	318	16775	8.046850015989767	0.003754610183129947	0.0013120946748398472	0.001191184926646414
GOTERM_BP_FAT	GO:0002768~immune response-regulating cell surface receptor signaling pathway	9	14.0625	1.2894544355281377E-5	O15111, P10415, Q04206, P28482, Q07812, P31749, P01579, P35228, P25963	64	332	19104	8.091867469879517	0.045568942779593447	1.0223938889513038E-4	7.653817083493306E-5
GOTERM_BP_FAT	GO:2001235~positive regulation of apoptotic signaling pathway	7	10.9375	1.2921294448306024E-5	P37231, P04637, Q07812, P01106, P08253, P29965, P01375	64	157	19104	13.308917197452228	0.04566128556364568	1.0223938889513038E-4	7.653817083493306E-5
GOTERM_BP_FAT	GO:0014074~response to purine-containing compound	7	10.9375	1.2921294448306024E-5	P31645, Q9NRD8, P37231, P42224, P35869, Q15848, P01584	64	157	19104	13.308917197452228	0.04566128556364568	1.0223938889513038E-4	7.653817083493306E-5
KEGG_PATHWAY	hsa04722:Neurotrophin signaling pathway	8	12.5	1.296965905893851E-5	P10415, Q04206, P04637, P28482, Q07812, P27361, P31749, P25963	63	120	9375	9.92063492063492	0.00286220928583536	3.235128439420617E-5	1.296965905893851E-5
GOTERM_BP_FAT	GO:0001701~in utero embryonic development	10	15.625	1.2979038428190101E-5	P29474, P04637, P28482, P31749, Q14790, P38936, Q16665, P00533, P01344, P22301	64	439	19104	6.7995444191343966	0.04586059049097235	1.0247205885662752E-4	7.671235158321093E-5
GOTERM_BP_FAT	GO:0045926~negative regulation of growth	8	12.5	1.3033331870815458E-5	P31645, P37231, P10415, Q07869, P04637, P38936, Q16665, P06400	64	238	19104	10.033613445378151	0.046047947838190995	1.0267653168816709E-4	7.686542347341491E-5
GOTERM_BP_FAT	GO:0060251~regulation of glial cell proliferation	5	7.8125	1.3202738077806887E-5	P04637, P05231, P01584, P01375, P06400	64	44	19104	33.92045454545455	0.0466323031832484	1.0355987177733125E-4	7.75267071076426E-5
GOTERM_BP_FAT	GO:1904706~negative regulation of vascular associated smooth muscle cell proliferation	5	7.8125	1.3202738077806887E-5	P37231, Q15848, P38936, P09211, P22301	64	44	19104	33.92045454545455	0.0466323031832484	1.0355987177733125E-4	7.75267071076426E-5
GOTERM_BP_FAT	GO:0050921~positive regulation of chemotaxis	7	10.9375	1.339703843813481E-5	P35968, P28482, P27361, P02778, P05231, P13500, P10145	64	158	19104	13.224683544303797	0.047302088654398555	1.0485647400929755E-4	7.849736591348687E-5
GOTERM_CC_FAT	GO:0098857~membrane microdomain	9	14.0625	1.3434416465937E-5	P31645, P35968, Q9UNQ0, P29474, P28482, P27361, P05362, P00533, P01375	59	320	16775	7.996557203389831	0.003928573350783893	0.0013120946748398472	0.001191184926646414
GOTERM_BP_FAT	GO:0071346~cellular response to type II interferon	6	9.375	1.379486866127976E-5	P42224, P04637, P01579, P13500, P35228, P01375	64	93	19104	19.258064516129032	0.04867200790521031	1.0773703040861255E-4	8.065380014273069E-5
KEGG_PATHWAY	hsa04919:Thyroid hormone signaling pathway	8	12.5	1.4454193360364932E-5	P42224, P24385, P04637, P28482, P27361, P31749, P01106, Q16665	63	122	9375	9.758001561280249	0.0031893031521968984	3.565367695556683E-5	1.4454193360364932E-5
GOTERM_BP_FAT	GO:0098586~cellular response to virus	6	9.375	1.4533086533617063E-5	O15111, Q07812, P01579, P02778, P05231, Q16665	64	94	19104	19.0531914893617	0.051208828762687175	1.1325784677922263E-4	8.478677854849437E-5
GOTERM_BP_FAT	GO:0007399~nervous system development	22	34.375	1.5055823986278383E-5	P31645, Q9NRD8, P24385, P10415, P04626, P04637, P28482, P31749, P27361, P19320, P13500, Q07812, P01579, P08253, P00533, P09211, P05231, Q16665, P42574, P01584, P06400, P01375	64	2395	19104	2.7419624217118996	0.053001079118578986	1.1707926781587663E-4	8.764756028140985E-5
GOTERM_BP_FAT	GO:0002764~immune response-regulating signaling pathway	10	15.625	1.524916390790912E-5	O15111, P10415, Q04206, P28482, Q07812, P31749, P01579, P35228, P25963, P01375	64	448	19104	6.662946428571429	0.05366310392805074	1.1832827616094286E-4	8.858258948221028E-5
GOTERM_BP_FAT	GO:0045598~regulation of fat cell differentiation	7	10.9375	1.5443851739023564E-5	P37231, P09917, Q15848, P31749, P05231, P35354, P01375	64	162	19104	12.898148148148147	0.05432927665391152	1.1958237235183984E-4	8.952142753219869E-5
GOTERM_BP_FAT	GO:1904019~epithelial cell apoptotic process	5	7.8125	1.5792737345274946E-5	P10415, Q07812, P42574, P09601, P06400	64	46	19104	32.44565217391305	0.055521902702122206	1.2202251760793634E-4	9.134816237961384E-5
GOTERM_BP_FAT	GO:0034762~regulation of transmembrane transport	10	15.625	1.6650909929790507E-5	P14780, Q15848, P10415, Q07812, P31749, P01579, P02778, Q16236, P01584, P01375	64	453	19104	6.589403973509934	0.058449074533738044	1.283788705887473E-4	9.610663791032602E-5
GOTERM_BP_FAT	GO:0042594~response to starvation	8	12.5	1.7005405705642696E-5	P37231, P10415, Q07869, P04637, P28482, P27361, P38936, Q16236	64	248	19104	9.629032258064516	0.059655588331069764	1.308330787906468E-4	9.794390052164847E-5
GOTERM_BP_FAT	GO:0045840~positive regulation of mitotic nuclear division	5	7.8125	1.721928123632543E-5	P01583, P01344, P01584, P01375, P06400	64	47	19104	31.75531914893617	0.060382758433067396	1.3219728439607803E-4	9.896516837947544E-5
GOTERM_BP_FAT	GO:1901988~negative regulation of cell cycle phase transition	8	12.5	1.8375500440007453E-5	O96017, P24385, O15392, P10415, P04637, P38936, P13500, P06400	64	251	19104	9.51394422310757	0.06430414425773423	1.407750203200571E-4	1.0538660951504275E-4
GOTERM_BP_FAT	GO:0008585~female gonad development	6	9.375	1.869889384306297E-5	P35968, P29474, P10415, Q07812, P08253, P42574	64	99	19104	18.09090909090909	0.06539802113389692	1.4294968316388098E-4	1.0701459964729695E-4
GOTERM_BP_FAT	GO:0044770~cell cycle phase transition	7	10.9375	1.8981322768091707E-5	O96017, P24385, O15392, P10415, P01106, P38936, P06400	64	168	19104	12.4375	0.06635228998767795	1.4480266482999919E-4	1.0840177369878533E-4
GOTERM_BP_FAT	GO:0048514~blood vessel morphogenesis	10	15.625	1.945216255896007E-5	P35968, P29474, Q07812, P31749, Q14790, P08253, Q16665, P09601, P13500, P10145	64	462	19104	6.461038961038961	0.06794099507649931	1.480821469751571E-4	1.1085685062548401E-4
GOTERM_MF_FAT	GO:0005178~integrin binding	7	10.9375	2.014513081211859E-5	P31645, P35968, P19320, P05362, P01344, P29965, P01584	64	154	17305	12.290482954545453	0.009104284241267746	3.1537549616213244E-4	2.4729884721083514E-4
GOTERM_BP_FAT	GO:1902175~regulation of oxidative stress-induced intrinsic apoptotic signaling pathway	5	7.8125	2.0353718225301074E-5	P31749, P08253, Q16665, Q16236, P22301	64	49	19104	30.459183673469386	0.07097548139416254	1.5429569203917964E-4	1.15508417685304E-4
GOTERM_BP_FAT	GO:2001239~regulation of extrinsic apoptotic signaling pathway in absence of ligand	5	7.8125	2.0353718225301074E-5	P01583, P10415, P31749, P01584, P01375	64	49	19104	30.459183673469386	0.07097548139416254	1.5429569203917964E-4	1.15508417685304E-4
KEGG_PATHWAY	hsa04012:ErbB signaling pathway	7	10.9375	2.0361156003802846E-5	P04626, P28482, P27361, P31749, P01106, P38936, P00533	63	86	9375	12.112403100775193	0.004489752081402565	4.967227069059596E-5	2.0361156003802846E-5
GOTERM_BP_FAT	GO:0048872~homeostasis of number of cells	9	14.0625	2.08846905288358E-5	P29474, P10415, Q07812, P31749, P05231, Q16665, P42574, P09601, P06400	64	355	19104	7.567605633802818	0.07275802239821516	1.5798962542315953E-4	1.1827375996141949E-4
GOTERM_BP_FAT	GO:0010883~regulation of lipid storage	5	7.8125	2.2069085528712976E-5	P37231, Q07869, P05231, P25963, P01375	64	50	19104	29.849999999999998	0.07672187547555209	1.666008627804303E-4	1.2472028084807105E-4
KEGG_PATHWAY	hsa04060:Cytokine-cytokine receptor interaction	11	17.1875	2.2492592747146486E-5	P01583, P01579, P02778, P05231, P13500, P60568, P29965, P01584, P22301, P01375, P10145	63	298	9375	5.492968999680409	0.0049585843308991295	5.427560423767956E-5	2.2492592747146486E-5
GOTERM_BP_FAT	GO:0046545~development of primary female sexual characteristics	6	9.375	2.2656502916598433E-5	P35968, P29474, P10415, Q07812, P08253, P42574	64	103	19104	17.388349514563107	0.07868151533961754	1.7032414666615371E-4	1.2750759541628267E-4
GOTERM_BP_FAT	GO:0022612~gland morphogenesis	6	9.375	2.2656502916598433E-5	Q9NRD8, P10415, Q07812, P08253, P00533, P01375	64	103	19104	17.388349514563107	0.07868151533961754	1.7032414666615371E-4	1.2750759541628267E-4
GOTERM_BP_FAT	GO:0098542~defense response to other organism	14	21.875	2.2761127197225535E-5	O15111, P04637, P27361, P13500, P35228, P10145, P37231, P42224, Q04206, P01579, P02778, P08254, P22301, P01375	64	1019	19104	4.10107948969578	0.07903010818356626	1.707556762347874E-4	1.2783064589811104E-4
GOTERM_BP_FAT	GO:0002573~myeloid leukocyte differentiation	7	10.9375	2.5487694819290108E-5	P01583, P37231, P14780, P01579, Q14790, P01584, P01375	64	177	19104	11.805084745762711	0.08806828628502883	1.9081470904048245E-4	1.4284718400790544E-4
GOTERM_BP_FAT	GO:0045776~negative regulation of blood pressure	5	7.8125	2.5815216999513162E-5	Q15848, P29474, Q07869, P35228, P01375	64	52	19104	28.701923076923077	0.0891479921501721	1.9286740634347023E-4	1.4438386863157464E-4
GOTERM_BP_FAT	GO:0048878~chemical homeostasis	14	21.875	2.599910959465492E-5	P01583, P35968, P09917, Q15848, P10415, P31749, P37231, Q07812, P01106, P05362, P09211, P05231, Q16665, P09601	64	1032	19104	4.049418604651163	0.08975365005946867	1.9384078411190144E-4	1.4511255602624922E-4
KEGG_PATHWAY	hsa04211:Longevity regulating pathway	7	10.9375	2.6416306601141098E-5	P37231, Q15848, Q04206, P04637, Q07812, P31749, P04040	63	90	9375	11.574074074074074	0.00582107239039964	6.305828027369166E-5	2.6416306601141098E-5
GOTERM_BP_FAT	GO:0001525~angiogenesis	9	14.0625	2.648808327474778E-5	P35968, P29474, P31749, Q14790, P08253, Q16665, P09601, P13500, P10145	64	367	19104	7.320163487738419	0.09136214734219938	1.9708005992075713E-4	1.475375337957659E-4
GOTERM_BP_FAT	GO:0002690~positive regulation of leukocyte chemotaxis	6	9.375	2.8487169867879125E-5	P28482, P27361, P02778, P05231, P13500, P10145	64	108	19104	16.583333333333332	0.09790871492266795	2.1151869864938585E-4	1.5834654791036713E-4
GOTERM_BP_FAT	GO:1902105~regulation of leukocyte differentiation	9	14.0625	2.9169369776997384E-5	Q15848, P04626, P01106, P01579, Q14790, P60568, P22301, P01375, P06400	64	372	19104	7.221774193548387	0.10013196058438811	2.1614024818365275E-4	1.6180631964412276E-4
GOTERM_BP_FAT	GO:0010507~negative regulation of autophagy	6	9.375	2.978142290544305E-5	O15111, P10415, P04637, P31749, P09601, P22301	64	109	19104	16.431192660550458	0.10212194013757492	2.2000469347014748E-4	1.6469931007292293E-4
GOTERM_BP_FAT	GO:1901991~negative regulation of mitotic cell cycle phase transition	7	10.9375	2.9812582909394986E-5	P24385, O15392, P10415, P04637, P38936, P13500, P06400	64	182	19104	11.48076923076923	0.10222313345610046	2.2000469347014748E-4	1.6469931007292293E-4
GOTERM_BP_FAT	GO:0019216~regulation of lipid metabolic process	9	14.0625	3.030382732093381E-5	P37231, Q15848, Q07869, P28482, P31749, P01579, P35354, P01584, P01375	64	374	19104	7.183155080213903	0.10381696276225638	2.231744187219891E-4	1.6707222109525014E-4
GOTERM_BP_FAT	GO:0043410~positive regulation of MAPK cascade	10	15.625	3.238595247442264E-5	P01583, P35968, P04626, P27361, P05362, P05231, P00533, P01344, P01584, P01375	64	493	19104	6.054766734279919	0.11054101844445696	2.3802358566567532E-4	1.7818856371597984E-4
GOTERM_MF_FAT	GO:0032813~tumor necrosis factor receptor superfamily binding	5	7.8125	3.239496407262999E-5	P42224, Q14790, P42574, P29965, P01375	64	50	17305	27.0390625	0.014599924166841305	4.902437896324672E-4	3.8442024032854256E-4
GOTERM_BP_FAT	GO:0072330~monocarboxylic acid biosynthetic process	7	10.9375	3.267856431810448E-5	P09917, P23219, P08684, P09488, P09211, P35354, P05177	64	185	19104	11.294594594594596	0.11148193400774842	2.3920179873333157E-4	1.7907059435042272E-4
GOTERM_BP_FAT	GO:1903034~regulation of response to wounding	7	10.9375	3.267856431810448E-5	Q9NRD8, P00749, P09917, P29474, Q16236, P22301, P01375	64	185	19104	11.294594594594596	0.11148193400774842	2.3920179873333157E-4	1.7907059435042272E-4
GOTERM_BP_FAT	GO:0022414~reproductive process	18	28.125	3.333322922979539E-5	P01583, P31645, Q9NRD8, P35968, P24385, O15392, P29474, P10415, P31749, P35354, P14780, Q07812, Q14790, P08253, P42574, P01344, P01584, P06400	64	1742	19104	3.0843857634902414	0.11358345661824354	2.4350092302008109E-4	1.8228899297991136E-4
KEGG_PATHWAY	hsa04915:Estrogen signaling pathway	8	12.5	3.372731670423887E-5	P14780, P29474, P10415, P28482, P27361, P31749, P08253, P00533	63	139	9375	8.56457690990065	0.007426151551651716	7.965387562064925E-5	3.372731670423887E-5
GOTERM_BP_FAT	GO:0031669~cellular response to nutrient levels	8	12.5	3.453990827713389E-5	P37231, P10415, Q07869, P04637, P28482, P27361, P38936, Q16236	64	277	19104	8.620938628158845	0.1174439732947028	2.518070732462019E-4	1.8850712037540615E-4
GOTERM_BP_FAT	GO:0048598~embryonic morphogenesis	11	17.1875	3.496999526610896E-5	P14780, P04637, P28482, Q07812, P27361, P01106, P08253, Q16665, P42574, P01344, P22301	64	625	19104	5.2536000000000005	0.1188158795133526	2.5442958326408446E-4	1.9047037663049687E-4
GOTERM_BP_FAT	GO:0001938~positive regulation of endothelial cell proliferation	6	9.375	3.5421517201801154E-5	P35968, P31749, Q16665, P09601, P01344, P22301	64	113	19104	15.849557522123893	0.12025386569034768	2.5719720120825895E-4	1.925422631832846E-4
GOTERM_BP_FAT	GO:0043124~negative regulation of canonical NF-kappaB signal transduction	6	9.375	3.695291257864842E-5	P42224, Q15848, Q14790, P09211, P25963, P01375	64	114	19104	15.710526315789474	0.12511353418429205	2.661787487736906E-4	1.9926600468207425E-4
GOTERM_BP_FAT	GO:0033559~unsaturated fatty acid metabolic process	6	9.375	3.695291257864842E-5	P09917, P23219, P09488, P09211, P35354, P05177	64	114	19104	15.710526315789474	0.12511353418429205	2.661787487736906E-4	1.9926600468207425E-4
GOTERM_BP_FAT	GO:0014013~regulation of gliogenesis	6	9.375	3.695291257864842E-5	P37231, P04637, P05231, P01584, P01375, P06400	64	114	19104	15.710526315789474	0.12511353418429205	2.661787487736906E-4	1.9926600468207425E-4
GOTERM_BP_FAT	GO:0001960~negative regulation of cytokine-mediated signaling pathway	6	9.375	3.695291257864842E-5	P01583, P37231, Q15848, P05231, P09211, P01584	64	114	19104	15.710526315789474	0.12511353418429205	2.661787487736906E-4	1.9926600468207425E-4
GOTERM_BP_FAT	GO:0050878~regulation of body fluid levels	9	14.0625	3.79166872398985E-5	P31645, P00749, P24385, P29474, Q07869, P05231, Q16665, Q16236, P29965	64	386	19104	6.959844559585492	0.1281581688729183	2.7257801403473756E-4	2.0405660508629274E-4
GOTERM_BP_FAT	GO:1901990~regulation of mitotic cell cycle phase transition	9	14.0625	4.0785287391319215E-5	P24385, O15392, P10415, P04637, P31749, P38936, P00533, P13500, P06400	64	390	19104	6.888461538461538	0.1371577463030016	2.9261825239486165E-4	2.190590733498038E-4
GOTERM_BP_FAT	GO:1901987~regulation of cell cycle phase transition	10	15.625	4.089807532954259E-5	O96017, P24385, O15392, P10415, P04637, P31749, P38936, P00533, P13500, P06400	64	508	19104	5.875984251968505	0.13750968880926395	2.928464166170812E-4	2.1922988102390456E-4
GOTERM_BP_FAT	GO:0006109~regulation of carbohydrate metabolic process	7	10.9375	4.141742626288309E-5	Q15848, Q07869, P04637, P31749, P01579, Q16665, P01344	64	193	19104	10.82642487046632	0.13912841600357873	2.9597907779957557E-4	2.2157504524431725E-4
GOTERM_BP_FAT	GO:0045639~positive regulation of myeloid cell differentiation	6	9.375	4.3598671613584806E-5	P42224, P01579, Q14790, Q16665, P01375, P06400	64	118	19104	15.177966101694915	0.1458938820367851	3.109522614491571E-4	2.3278422891119145E-4
GOTERM_BP_FAT	GO:0000122~negative regulation of transcription by RNA polymerase II	14	21.875	4.419656402852224E-5	P24385, O75469, P04637, P37231, P42224, Q07869, Q04206, P01106, P01579, P09211, P01344, P25963, P06400, P01375	64	1086	19104	3.848066298342541	0.14773903730125548	3.1459601481719765E-4	2.355120055614364E-4
KEGG_PATHWAY	hsa04370:VEGF signaling pathway	6	9.375	4.434724205201572E-5	P35968, P29474, P28482, P27361, P31749, P35354	63	60	9375	14.88095238095238	0.009753084958373459	1.0363250247944727E-4	4.434724205201572E-5
GOTERM_BP_FAT	GO:0019217~regulation of fatty acid metabolic process	6	9.375	4.539611762554338E-5	P37231, Q15848, Q07869, P31749, P35354, P01584	64	119	19104	15.050420168067227	0.15142896928459693	3.21867375164637E-4	2.4095547139675673E-4
GOTERM_BP_FAT	GO:0060761~negative regulation of response to cytokine stimulus	6	9.375	4.539611762554338E-5	P01583, P37231, Q15848, P05231, P09211, P01584	64	119	19104	15.050420168067227	0.15142896928459693	3.21867375164637E-4	2.4095547139675673E-4
KEGG_PATHWAY	hsa04061:Viral protein interaction with cytokine and cytokine receptor	7	10.9375	4.804862341731916E-5	P02778, P05231, P13500, P60568, P22301, P01375, P10145	63	100	9375	10.416666666666666	0.01056281834485695	1.1111244165255057E-4	4.804862341731916E-5
GOTERM_BP_FAT	GO:0010821~regulation of mitochondrion organization	6	9.375	4.916276506493872E-5	P37231, P14780, P35968, P04637, Q07812, P31749	64	121	19104	14.801652892561984	0.16291201327888205	3.478915038646153E-4	2.604375832305071E-4
GOTERM_BP_FAT	GO:0002252~immune effector process	10	15.625	4.974209506039556E-5	P04637, P01579, P05164, P05362, P05231, P60568, P29965, P01584, P22301, P01375	64	521	19104	5.72936660268714	0.1646643281608371	3.5130354636404366E-4	2.6299189712595855E-4
GOTERM_BP_FAT	GO:1903376~regulation of oxidative stress-induced neuron intrinsic apoptotic signaling pathway	4	6.25	5.033100485251531E-5	P31749, P08253, Q16665, P22301	64	22	19104	54.272727272727266	0.1664418607009176	3.533920651392143E-4	2.64555398321862E-4
GOTERM_BP_FAT	GO:0034114~regulation of heterotypic cell-cell adhesion	4	6.25	5.033100485251531E-5	Q15848, P01584, P22301, P01375	64	22	19104	54.272727272727266	0.1664418607009176	3.533920651392143E-4	2.64555398321862E-4
GOTERM_BP_FAT	GO:0033138~positive regulation of peptidyl-serine phosphorylation	4	6.25	5.033100485251531E-5	P31749, P01579, P05231, P00533	64	22	19104	54.272727272727266	0.1664418607009176	3.533920651392143E-4	2.64555398321862E-4
GOTERM_BP_FAT	GO:0034405~response to fluid shear stress	5	7.8125	5.1897942531451644E-5	P29474, P31749, P08253, Q16236, P35354	64	62	19104	24.072580645161292	0.17115302380591846	3.6368790735218825E-4	2.7226304347410774E-4
GOTERM_BP_FAT	GO:0006690~icosanoid metabolic process	6	9.375	5.316677572676904E-5	P09917, P23219, P09488, P09211, P35354, P05177	64	123	19104	14.560975609756097	0.17494839252004235	3.718589188162415E-4	2.7838000366027814E-4
GOTERM_BP_FAT	GO:0016241~regulation of macroautophagy	7	10.9375	5.3393568317851555E-5	P35968, P04637, P27361, P31749, Q16665, P42574, P09601	64	202	19104	10.344059405940595	0.17562494813272012	3.727242143578209E-4	2.790277788347957E-4
KEGG_PATHWAY	hsa04215:Apoptosis - multiple species	5	7.8125	5.428451174059821E-5	O15392, P10415, Q07812, Q14790, P42574	63	32	9375	23.251488095238095	0.011925523229625368	1.2423877944755466E-4	5.428451174059821E-5
GOTERM_BP_FAT	GO:0046660~female sex differentiation	6	9.375	5.526097939700224E-5	P35968, P29474, P10415, Q07812, P08253, P42574	64	124	19104	14.443548387096774	0.18117466613347355	3.8440856128403133E-4	2.8777488257629224E-4
GOTERM_BP_FAT	GO:0051785~positive regulation of nuclear division	5	7.8125	5.5279992220048755E-5	P01583, P01344, P01584, P01375, P06400	64	63	19104	23.69047619047619	0.1812309774210209	3.8440856128403133E-4	2.8777488257629224E-4
GOTERM_BP_FAT	GO:0048771~tissue remodeling	6	9.375	5.741837697274066E-5	P01583, P01033, P29474, Q07812, P08253, Q16665	64	125	19104	14.328	0.1875397037515144	3.985121902752979E-4	2.983331026203627E-4
GOTERM_BP_FAT	GO:0071674~mononuclear cell migration	6	9.375	5.9640282497310136E-5	P09917, P02778, P05362, P08253, P05231, P13500	64	126	19104	14.214285714285715	0.19404336029650926	4.1235040441734886E-4	3.086926285281425E-4
GOTERM_BP_FAT	GO:0001776~leukocyte homeostasis	6	9.375	5.9640282497310136E-5	P10415, Q07812, P31749, P05231, Q16665, P42574	64	126	19104	14.214285714285715	0.19404336029650926	4.1235040441734886E-4	3.086926285281425E-4
GOTERM_BP_FAT	GO:0001503~ossification	8	12.5	6.09400064677635E-5	Q9NRD8, P10415, P31749, P04040, P08253, Q16665, P00533, P01344	64	303	19104	7.881188118811882	0.19782357969565456	4.2053256371647486E-4	3.148179341760225E-4
GOTERM_BP_FAT	GO:0010948~negative regulation of cell cycle process	8	12.5	6.22161650872317E-5	O96017, P24385, O15392, P10415, P04637, P38936, P13500, P06400	64	304	19104	7.855263157894736	0.2015180127737637	4.285212437246282E-4	3.207983978878785E-4
GOTERM_BP_FAT	GO:0007159~leukocyte cell-cell adhesion	5	7.8125	6.252288569640006E-5	P19320, P05362, P29965, P01584, P01375	64	65	19104	22.96153846153846	0.20240341942493145	4.2981512296232435E-4	3.2176701821322236E-4
GOTERM_BP_FAT	GO:0009267~cellular response to starvation	7	10.9375	6.281279597756948E-5	P10415, Q07869, P04637, P28482, P27361, P38936, Q16236	64	208	19104	10.045673076923077	0.20323939758226783	4.309887481117481E-4	3.2264561425290433E-4
GOTERM_BP_FAT	GO:0006959~humoral immune response	8	12.5	6.351414031526092E-5	P09917, P10415, P01579, P02778, P05231, P13500, P01375, P10145	64	305	19104	7.829508196721312	0.20525815584968954	4.3497562761360506E-4	3.256302610481275E-4
GOTERM_BP_FAT	GO:0002904~positive regulation of B cell apoptotic process	3	4.6875	6.39450138419683E-5	Q07812, P01106, P22301	64	4	19104	223.875	0.2064958509830952	4.3709862013715953E-4	3.27219569886972E-4
GOTERM_BP_FAT	GO:1901989~positive regulation of cell cycle phase transition	6	9.375	6.428294456582114E-5	O96017, P24385, O15392, P31749, P00533, P06400	64	128	19104	13.9921875	0.20746521708001298	4.385794859434137E-4	3.283281715842978E-4
GOTERM_BP_FAT	GO:0010623~programmed cell death involved in cell development	4	6.25	6.583871285823494E-5	P01583, P10415, Q07812, P01584	64	24	19104	49.75	0.2119127438681272	4.46665639203335E-4	3.343816054544878E-4
GOTERM_BP_FAT	GO:0038128~ERBB2 signaling pathway	4	6.25	6.583871285823494E-5	P04626, P28482, P27361, P00533	64	24	19104	49.75	0.2119127438681272	4.46665639203335E-4	3.343816054544878E-4
GOTERM_BP_FAT	GO:1902004~positive regulation of amyloid-beta formation	4	6.25	6.583871285823494E-5	Q04206, P01579, P42574, P01375	64	24	19104	49.75	0.2119127438681272	4.46665639203335E-4	3.343816054544878E-4
GOTERM_BP_FAT	GO:0007088~regulation of mitotic nuclear division	6	9.375	6.670640009942936E-5	P01583, O15392, P01344, P01584, P01375, P06400	64	129	19104	13.883720930232558	0.21438238267322518	4.5170476172197855E-4	3.381539795302533E-4
GOTERM_BP_FAT	GO:0051607~defense response to virus	8	12.5	6.892995711307595E-5	P42224, P10415, Q07869, Q04206, P01579, P02778, P05231, P01375	64	309	19104	7.728155339805825	0.22067588024244156	4.658892054595937E-4	3.48772698888031E-4
GOTERM_BP_FAT	GO:0002706~regulation of lymphocyte mediated immunity	7	10.9375	6.979834985036063E-5	P35869, P27361, P05231, P60568, P01584, P22301, P01375	64	212	19104	9.856132075471699	0.22312004800366736	4.70878419886015E-4	3.525077109047131E-4
GOTERM_BP_FAT	GO:0030522~intracellular receptor signaling pathway	7	10.9375	7.163818271732362E-5	P37231, P35869, O75469, Q07869, Q04206, P25963, P01375	64	213	19104	9.809859154929578	0.22827313132121196	4.823422292544567E-4	3.6108971642472736E-4
GOTERM_BP_FAT	GO:0030879~mammary gland development	6	9.375	7.176441353398719E-5	P24385, Q07869, P28482, Q07812, P31749, Q16665	64	131	19104	13.67175572519084	0.22862542878337777	4.823422292544567E-4	3.6108971642472736E-4
GOTERM_BP_FAT	GO:0001816~cytokine production	4	6.25	7.464089059129085E-5	P05231, Q16665, P01584, P01375	64	25	19104	47.76	0.23660995369958648	4.99893886815677E-4	3.7422919015764317E-4
GOTERM_BP_FAT	GO:0032731~positive regulation of interleukin-1 beta production	5	7.8125	7.465229504437655E-5	Q04206, P01579, Q14790, P05231, P01375	64	68	19104	21.948529411764707	0.23664144516897068	4.99893886815677E-4	3.7422919015764317E-4
GOTERM_BP_FAT	GO:0051897~positive regulation of phosphatidylinositol 3-kinase/protein kinase B signal transduction	7	10.9375	7.543406603202042E-5	P35968, P31749, P04040, P00533, P01344, P01584, P01375	64	215	19104	9.71860465116279	0.23879708056393323	5.032649128630736E-4	3.7675279842929756E-4
GOTERM_BP_FAT	GO:0046890~regulation of lipid biosynthetic process	7	10.9375	7.543406603202042E-5	Q07869, P28482, P31749, P01579, P35354, P01584, P01375	64	215	19104	9.71860465116279	0.23879708056393323	5.032649128630736E-4	3.7675279842929756E-4
KEGG_PATHWAY	hsa04931:Insulin resistance	7	10.9375	7.794360307944048E-5	P29474, Q07869, Q04206, P31749, P05231, P25963, P01375	63	109	9375	9.5565749235474	0.017078684811857814	1.7656612126158965E-4	7.794360307944048E-5
GOTERM_MF_FAT	GO:0016705~oxidoreductase activity, acting on paired donors, with incorporation or reduction of molecular oxygen	7	10.9375	7.990399404677213E-5	P29474, P23219, P08684, P35354, P05177, P09601, P35228	64	197	17305	9.607788705583756	0.03562770682795624	0.001170206880555953	9.176071574403509E-4
GOTERM_BP_FAT	GO:0030217~T cell differentiation	7	10.9375	8.14273930567185E-5	P10415, P04626, P04637, P05231, Q16236, P60568, P22301	64	218	19104	9.5848623853211	0.2551220298328202	5.422494535784421E-4	4.059372983508968E-4
GOTERM_CC_FAT	GO:0005829~cytosol	36	56.25	8.143710361633493E-5	Q9NRD8, P11926, P01583, P24385, P29474, P10415, P28482, P04637, P35354, P42224, P04040, Q14790, P09211, Q16236, P25963, P06400, P35869, P35968, O15392, P09917, O15111, P04626, P31749, P27361, P38936, P35228, P37231, Q04206, Q07812, P09488, Q16665, P08254, P00533, P42574, P09601, P01584	59	5908	16775	1.7324971598407217	0.023579595504186424	0.005965267839896533	0.005415567390486272
GOTERM_BP_FAT	GO:0002822~regulation of adaptive immune response based on somatic recombination of immune receptors built from immunoglobulin superfamily domains	7	10.9375	8.350746337430504E-5	P35869, P27361, P05231, P60568, P01584, P22301, P01375	64	219	19104	9.54109589041096	0.26070563409223135	5.550790212527335E-4	4.155417341070658E-4
GOTERM_BP_FAT	GO:0046683~response to organophosphorus	6	9.375	8.570648086415184E-5	P31645, Q9NRD8, P42224, P35869, Q15848, P01584	64	136	19104	13.169117647058824	0.2665630380694084	5.686507060638037E-4	4.2570173155827344E-4
GOTERM_BP_FAT	GO:0032963~collagen metabolic process	5	7.8125	8.841091456588474E-5	P14780, P03956, P08253, Q16665, P08254	64	71	19104	21.02112676056338	0.27370311478167164	5.854801572756858E-4	4.383005491552217E-4
GOTERM_BP_FAT	GO:0097529~myeloid leukocyte migration	6	9.375	8.87287406490807E-5	P02778, P08253, P05231, P13500, P01584, P10145	64	137	19104	13.072992700729927	0.27453764307959083	5.854801572756858E-4	4.383005491552217E-4
GOTERM_BP_FAT	GO:0034341~response to type II interferon	6	9.375	8.87287406490807E-5	P42224, P04637, P01579, P13500, P35228, P01375	64	137	19104	13.072992700729927	0.27453764307959083	5.854801572756858E-4	4.383005491552217E-4
GOTERM_BP_FAT	GO:0002688~regulation of leukocyte chemotaxis	6	9.375	9.183237561174438E-5	P28482, P27361, P02778, P05231, P13500, P10145	64	138	19104	12.978260869565217	0.2826367593895317	6.048558655957517E-4	4.5280553876319137E-4
GOTERM_BP_FAT	GO:0048708~astrocyte differentiation	5	7.8125	9.338118568510094E-5	P28482, P27361, P01579, P01584, P01375	64	72	19104	20.729166666666668	0.28664459591568225	6.128246232982305E-4	4.5877108829322735E-4
GOTERM_BP_FAT	GO:0007173~epidermal growth factor receptor signaling pathway	5	7.8125	9.338118568510094E-5	P04626, P28482, P27361, P31749, P00533	64	72	19104	20.729166666666668	0.28664459591568225	6.128246232982305E-4	4.5877108829322735E-4
GOTERM_BP_FAT	GO:1904996~positive regulation of leukocyte adhesion to vascular endothelial cell	4	6.25	9.447817939647258E-5	P09917, Q04206, P05231, P01375	64	27	19104	44.22222222222222	0.289469723065941	6.189005374957334E-4	4.633196225113248E-4
KEGG_PATHWAY	hsa05120:Epithelial cell signaling in Helicobacter pylori infection	6	9.375	9.999321878812106E-5	O15111, Q04206, P00533, P42574, P25963, P10145	63	71	9375	12.575452716297786	0.021857198963020963	2.2198494570962877E-4	9.999321878812106E-5
KEGG_PATHWAY	hsa04917:Prolactin signaling pathway	6	9.375	9.999321878812106E-5	P42224, P24385, Q04206, P28482, P27361, P31749	63	71	9375	12.575452716297786	0.021857198963020963	2.2198494570962877E-4	9.999321878812106E-5
KEGG_PATHWAY	hsa04726:Serotonergic synapse	7	10.9375	1.0502166695415768E-4	P31645, P09917, P23219, P28482, P27361, P35354, P42574	63	115	9375	9.057971014492752	0.022943703939228954	2.30839703602208E-4	1.0502166695415768E-4
GOTERM_BP_FAT	GO:0043009~chordate embryonic development	11	17.1875	1.0510582902528705E-4	P29474, P04637, P28482, P31749, Q14790, P38936, Q16665, P00533, P42574, P01344, P22301	64	713	19104	4.605189340813464	0.3162669832251733	6.872742816554032E-4	5.145053872901484E-4
GOTERM_BP_FAT	GO:0002675~positive regulation of acute inflammatory response	4	6.25	1.0556696952266999E-4	P05231, P35354, P01584, P01375	64	28	19104	42.642857142857146	0.31740658179743464	6.890436133465248E-4	5.15829939526837E-4
GOTERM_BP_FAT	GO:0003006~developmental process involved in reproduction	14	21.875	1.057923331829685E-4	P01583, P35968, P24385, P29474, P10415, P31749, P35354, Q07812, Q14790, P08253, P42574, P01344, P01584, P06400	64	1183	19104	3.532544378698225	0.3179628232867401	6.892704086299353E-4	5.159997223897221E-4
GOTERM_BP_FAT	GO:0034349~glial cell apoptotic process	3	4.6875	1.0634823641880492E-4	P04637, P42574, P06400	64	5	19104	179.10000000000002	0.3193329642016598	6.904043498929957E-4	5.16848610387262E-4
GOTERM_BP_FAT	GO:0002248~connective tissue replacement involved in inflammatory response wound healing	3	4.6875	1.0634823641880492E-4	P01583, P01033, Q16665	64	5	19104	179.10000000000002	0.3193329642016598	6.904043498929957E-4	5.16848610387262E-4
GOTERM_BP_FAT	GO:0061041~regulation of wound healing	6	9.375	1.0862402061367537E-4	Q9NRD8, P00749, P09917, P29474, Q16236, P01375	64	143	19104	12.524475524475525	0.3249134829515623	7.039148002491938E-4	5.269627666688516E-4
GOTERM_BP_FAT	GO:0002819~regulation of adaptive immune response	7	10.9375	1.1194063274528874E-4	P35869, P27361, P05231, P60568, P01584, P22301, P01375	64	231	19104	9.045454545454545	0.3329644473156228	7.241097102092381E-4	5.420810247611746E-4
KEGG_PATHWAY	hsa04217:Necroptosis	8	12.5	1.1240488521832468E-4	P01583, P42224, P10415, Q07812, P01579, Q14790, P01584, P01375	63	168	9375	7.086167800453515	0.02453683122964445	2.446459266516478E-4	1.1240488521832468E-4
GOTERM_BP_FAT	GO:0043269~regulation of monoatomic ion transport	9	14.0625	1.143091954372963E-4	P31645, P14780, P29474, P10415, Q07812, P31749, P01579, P02778, P13500	64	452	19104	5.94358407079646	0.3386552339822714	7.381108048236847E-4	5.52562485801359E-4
GOTERM_BP_FAT	GO:0022408~negative regulation of cell-cell adhesion	7	10.9375	1.1461930747574251E-4	Q15848, Q07869, P04626, P31749, P42574, P60568, P22301	64	232	19104	9.006465517241379	0.33939671697727314	7.387939676154811E-4	5.530739132563903E-4
GOTERM_BP_FAT	GO:0006805~xenobiotic metabolic process	6	9.375	1.1596372064358864E-4	P35869, O75469, P08684, P09488, P09211, P05177	64	145	19104	12.351724137931035	0.34260163143650624	7.448042874728535E-4	5.575733424195284E-4
GOTERM_BP_FAT	GO:0002761~regulation of myeloid leukocyte differentiation	6	9.375	1.1596372064358864E-4	Q15848, P01106, P01579, Q14790, P01375, P06400	64	145	19104	12.351724137931035	0.34260163143650624	7.448042874728535E-4	5.575733424195284E-4
KEGG_PATHWAY	hsa05330:Allograft rejection	5	7.8125	1.1994028228263056E-4	P01579, P60568, P29965, P22301, P01375	63	39	9375	19.078144078144078	0.026160128787871884	2.585120647256697E-4	1.1994028228263056E-4
GOTERM_BP_FAT	GO:0001937~negative regulation of endothelial cell proliferation	5	7.8125	1.2757411328942353E-4	P37231, P42224, P09917, P13500, P01375	64	78	19104	19.134615384615383	0.36964051037702916	8.179219745648148E-4	6.123105047419672E-4
GOTERM_BP_FAT	GO:1902993~positive regulation of amyloid precursor protein catabolic process	4	6.25	1.3021697171063925E-4	Q04206, P01579, P42574, P01375	64	30	19104	39.8	0.375638314978317	8.333886189480912E-4	6.238891016295583E-4
GOTERM_BP_FAT	GO:0009792~embryo development ending in birth or egg hatching	11	17.1875	1.3189142369518937E-4	P29474, P04637, P28482, P31749, Q14790, P38936, Q16665, P00533, P42574, P01344, P22301	64	733	19104	4.479536152796726	0.37940882163614476	8.421957747187065E-4	6.304822904213325E-4
GOTERM_BP_FAT	GO:0007162~negative regulation of cell adhesion	8	12.5	1.3205890604687682E-4	Q15848, Q07869, P04626, P31749, P08253, P42574, P60568, P22301	64	343	19104	6.962099125364432	0.3797847013796096	8.421957747187065E-4	6.304822904213325E-4
GOTERM_BP_FAT	GO:0044092~negative regulation of molecular function	7	10.9375	1.3793439185989554E-4	P01033, Q15848, P04637, Q07812, P08253, P22301, P06400	64	240	19104	8.706249999999999	0.3928279633174496	8.765742723468933E-4	6.562186270030531E-4
GOTERM_BP_FAT	GO:0051146~striated muscle cell differentiation	7	10.9375	1.3793439185989554E-4	O15111, P10415, P31749, P01106, P42574, P01344, P06400	64	240	19104	8.706249999999999	0.3928279633174496	8.765742723468933E-4	6.562186270030531E-4
GOTERM_MF_FAT	GO:0019900~kinase binding	12	18.75	1.3839879827309208E-4	O96017, P24385, Q07869, P04626, Q04206, P04637, P31749, P38936, Q16665, P00533, P09211, P06400	64	805	17305	4.030667701863353	0.06090384434374674	0.001963532950499494	0.0015396866307881493
GOTERM_BP_FAT	GO:0042098~T cell proliferation	5	7.8125	1.4075559373044404E-4	P04626, P04637, Q07812, P01106, P60568	64	80	19104	18.65625	0.39899307144486285	8.929337314548872E-4	6.684656004005475E-4
GOTERM_BP_FAT	GO:0033135~regulation of peptidyl-serine phosphorylation	4	6.25	1.438302164900243E-4	P31749, P01579, P05231, P00533	64	31	19104	38.516129032258064	0.40564072910979376	9.092483615872865E-4	6.806790140533143E-4
GOTERM_BP_FAT	GO:0097421~liver regeneration	4	6.25	1.438302164900243E-4	P24385, P05231, P22301, P01375	64	31	19104	38.516129032258064	0.40564072910979376	9.092483615872865E-4	6.806790140533143E-4
GOTERM_BP_FAT	GO:0010827~regulation of D-glucose transmembrane transport	5	7.8125	1.4770340359318804E-4	Q15848, P31749, Q16236, P01584, P01375	64	81	19104	18.425925925925924	0.41391044066455873	9.288617519877702E-4	6.953619365682783E-4
GOTERM_BP_FAT	GO:0032732~positive regulation of interleukin-1 production	5	7.8125	1.4770340359318804E-4	Q04206, P01579, Q14790, P05231, P01375	64	81	19104	18.425925925925924	0.41391044066455873	9.288617519877702E-4	6.953619365682783E-4
GOTERM_BP_FAT	GO:0006970~response to osmotic stress	5	7.8125	1.4770340359318804E-4	P04637, Q07812, P35354, P42574, P01375	64	81	19104	18.425925925925924	0.41391044066455873	9.288617519877702E-4	6.953619365682783E-4
GOTERM_BP_FAT	GO:0010565~regulation of ketone metabolic process	6	9.375	1.5381997893014983E-4	P37231, Q15848, Q07869, P31749, P35354, P01584	64	154	19104	11.629870129870131	0.42673641444710997	9.656476455059406E-4	7.229004912567979E-4
GOTERM_MF_FAT	GO:0019904~protein domain specific binding	11	17.1875	1.539702215731372E-4	P37231, P10415, Q07869, Q04206, P04637, Q07812, Q14790, Q16665, Q16236, P01584, P06400	64	677	17305	4.39334841211226	0.06752026779098963	0.0021182569877031604	0.0016610120872738434
GOTERM_BP_FAT	GO:0032374~regulation of cholesterol transport	5	7.8125	1.5489605942398859E-4	P37231, Q15848, P27361, P05164, P25963	64	82	19104	18.201219512195124	0.42896366785626616	9.673646819985195E-4	7.241858944054181E-4
GOTERM_BP_FAT	GO:0032371~regulation of sterol transport	5	7.8125	1.5489605942398859E-4	P37231, Q15848, P27361, P05164, P25963	64	82	19104	18.201219512195124	0.42896366785626616	9.673646819985195E-4	7.241858944054181E-4
GOTERM_BP_FAT	GO:0002637~regulation of immunoglobulin production	5	7.8125	1.5489605942398859E-4	P05231, P60568, P29965, P22301, P01375	64	82	19104	18.201219512195124	0.42896366785626616	9.673646819985195E-4	7.241858944054181E-4
GOTERM_CC_FAT	GO:0031983~vesicle lumen	8	12.5	1.576529165772142E-4	P01033, P09917, P28482, P04040, P05164, P00533, P09211, P01344	59	338	16775	6.729515595226156	0.04514515623887805	0.009238460911424752	0.008387135161907797
GOTERM_BP_FAT	GO:0042593~glucose homeostasis	7	10.9375	1.577727737545721E-4	P37231, P09917, Q15848, P31749, P05362, P05231, Q16665	64	246	19104	8.49390243902439	0.4348754586945037	9.836316377526428E-4	7.363636181959081E-4
GOTERM_BP_FAT	GO:0031622~positive regulation of fever generation	3	4.6875	1.5918297589103555E-4	P35354, P01584, P01375	64	6	19104	149.25	0.4377511056623262	9.873167080994589E-4	7.391223254494567E-4
GOTERM_BP_FAT	GO:1903626~positive regulation of DNA catabolic process	3	4.6875	1.5918297589103555E-4	Q07812, P05231, P42574	64	6	19104	149.25	0.4377511056623262	9.873167080994589E-4	7.391223254494567E-4
GOTERM_BP_FAT	GO:1902512~positive regulation of apoptotic DNA fragmentation	3	4.6875	1.5918297589103555E-4	Q07812, P05231, P42574	64	6	19104	149.25	0.4377511056623262	9.873167080994589E-4	7.391223254494567E-4
GOTERM_BP_FAT	GO:0010467~gene expression	22	34.375	1.686171721415039E-4	P29474, O75469, Q15848, P04637, P31749, P27361, P37231, P00749, Q07869, Q04206, P01106, Q14790, P00533, Q16236, P05231, Q16665, P42574, P60568, P29965, P01584, P06400, P01375	64	2816	19104	2.33203125	0.4566163855711758	0.0010440405727117775	7.815867893613888E-4
GOTERM_BP_FAT	GO:0051960~regulation of nervous system development	9	14.0625	1.7264956440599832E-4	P37231, P04637, P31749, P01579, P05231, Q16665, P01584, P01375, P06400	64	480	19104	5.596875	0.464485540825178	0.0010667583536940449	7.985937122372178E-4
GOTERM_BP_FAT	GO:0051783~regulation of nuclear division	6	9.375	1.7339702239392487E-4	P01583, O15392, P01344, P01584, P01375, P06400	64	158	19104	11.335443037974684	0.4659316284460965	0.0010667583536940449	7.985937122372178E-4
GOTERM_BP_FAT	GO:0001782~B cell homeostasis	4	6.25	1.7376124732461072E-4	P10415, Q07812, Q16665, P42574	64	33	19104	36.18181818181818	0.46663486970022494	0.0010667583536940449	7.985937122372178E-4
GOTERM_BP_FAT	GO:0048009~insulin-like growth factor receptor signaling pathway	4	6.25	1.7376124732461072E-4	P28482, P27361, P31749, P01344	64	33	19104	36.18181818181818	0.46663486970022494	0.0010667583536940449	7.985937122372178E-4
GOTERM_BP_FAT	GO:0046209~nitric oxide metabolic process	4	6.25	1.7376124732461072E-4	P29474, Q07869, P31749, P35228	64	33	19104	36.18181818181818	0.46663486970022494	0.0010667583536940449	7.985937122372178E-4
GOTERM_BP_FAT	GO:0051051~negative regulation of transport	9	14.0625	1.7511792353977831E-4	P14780, Q15848, P29474, P10415, P27361, P31749, P25963, P01584, P01375	64	481	19104	5.585239085239086	0.4692461878746135	0.0010732651042709125	8.034647780036947E-4
GOTERM_BP_FAT	GO:0033500~carbohydrate homeostasis	7	10.9375	1.7597586505927574E-4	P37231, P09917, Q15848, P31749, P05362, P05231, Q16665	64	251	19104	8.324701195219124	0.4708909449851998	0.0010766983554218968	8.060349690616911E-4
KEGG_PATHWAY	hsa04940:Type I diabetes mellitus	5	7.8125	1.9312471280617276E-4	P01583, P01579, P60568, P01584, P01375	63	44	9375	16.91017316017316	0.04178651694199653	4.1224698310548413E-4	1.9312471280617276E-4
GOTERM_BP_FAT	GO:0000082~G1/S transition of mitotic cell cycle	5	7.8125	1.9471278855564167E-4	P24385, P10415, P01106, P38936, P06400	64	87	19104	17.155172413793103	0.5055675455577124	0.0011879998784552995	8.893572098944956E-4
GOTERM_BP_FAT	GO:0071675~regulation of mononuclear cell migration	6	9.375	1.9482409511172364E-4	P28482, P27361, P31749, P02778, P13500, P01375	64	162	19104	11.055555555555555	0.505766600691444	0.0011879998784552995	8.893572098944956E-4
GOTERM_BP_FAT	GO:0016525~negative regulation of angiogenesis	6	9.375	2.004833034952126E-4	P37231, P42224, P09917, Q04206, P02778, P01375	64	163	19104	10.987730061349694	0.5157823622216888	0.0012183993704851911	9.121147942210765E-4
GOTERM_BP_FAT	GO:0009746~response to hexose	6	9.375	2.004833034952126E-4	Q15848, Q07869, P05362, Q16665, P42574, P01375	64	163	19104	10.987730061349694	0.5157823622216888	0.0012183993704851911	9.121147942210765E-4
GOTERM_BP_FAT	GO:0006629~lipid metabolic process	14	21.875	2.014858766124285E-4	Q9UNQ0, P09917, O75469, Q15848, P35354, P37231, P23219, Q07869, Q07812, P08684, P04040, P09488, P09211, P05177	64	1262	19104	3.3114104595879557	0.5175354558096379	0.0012224378017290966	9.151380335400067E-4
GOTERM_BP_FAT	GO:0045913~positive regulation of carbohydrate metabolic process	5	7.8125	2.0348336126059277E-4	Q07869, P31749, P01579, Q16665, P01344	64	88	19104	16.960227272727273	0.5210093538569335	0.0012324888347040258	9.22662410272068E-4
GOTERM_BP_FAT	GO:0042178~xenobiotic catabolic process	4	6.25	2.0746594947286214E-4	O75469, P08684, P09488, P05177	64	35	19104	34.114285714285714	0.5278611635774382	0.0012524154812919358	9.375798417746875E-4
GOTERM_BP_FAT	GO:2001057~reactive nitrogen species metabolic process	4	6.25	2.0746594947286214E-4	P29474, Q07869, P31749, P35228	64	35	19104	34.114285714285714	0.5278611635774382	0.0012524154812919358	9.375798417746875E-4
GOTERM_MF_FAT	GO:0005164~tumor necrosis factor receptor binding	4	6.25	2.1152623427983625E-4	P42224, Q14790, P29965, P01375	64	32	17305	33.798828125	0.09157510930349955	0.00282449736361899	0.0022148041001065206
GOTERM_BP_FAT	GO:2000181~negative regulation of blood vessel morphogenesis	6	9.375	2.1217737056076748E-4	P37231, P42224, P09917, Q04206, P02778, P01375	64	165	19104	10.854545454545455	0.5358404732188171	0.0012766240616056985	9.55702802756257E-4
GOTERM_BP_FAT	GO:0044843~cell cycle G1/S phase transition	5	7.8125	2.1253531114121416E-4	P24385, P10415, P01106, P38936, P06400	64	89	19104	16.769662921348313	0.536441145770336	0.0012766240616056985	9.55702802756257E-4
GOTERM_BP_FAT	GO:0038127~ERBB signaling pathway	5	7.8125	2.1253531114121416E-4	P04626, P28482, P27361, P31749, P00533	64	89	19104	16.769662921348313	0.536441145770336	0.0012766240616056985	9.55702802756257E-4
GOTERM_BP_FAT	GO:0120254~olefinic compound metabolic process	6	9.375	2.1821591344918303E-4	P09917, P23219, P08684, P09211, P35354, P05177	64	166	19104	10.789156626506024	0.5458705952033862	0.0013085717131546366	9.796193660148234E-4
GOTERM_BP_FAT	GO:0007422~peripheral nervous system development	5	7.8125	2.2187396044567209E-4	P04626, P28482, P27361, P31749, P19320	64	90	19104	16.583333333333336	0.5518409812761778	0.0013261094892091738	9.927484478122882E-4
GOTERM_BP_FAT	GO:0050871~positive regulation of B cell activation	5	7.8125	2.2187396044567209E-4	P10415, P05231, P38936, P60568, P22301	64	90	19104	16.583333333333336	0.5518409812761778	0.0013261094892091738	9.927484478122882E-4
GOTERM_BP_FAT	GO:0014805~smooth muscle adaptation	3	4.6875	2.223821549954143E-4	P29474, P09601, P01584	64	7	19104	127.92857142857143	0.5526641861964512	0.0013269535849231321	9.933803524300108E-4
GOTERM_BP_FAT	GO:1901343~negative regulation of vasculature development	6	9.375	2.2438460573842074E-4	P37231, P42224, P09917, Q04206, P02778, P01375	64	167	19104	10.724550898203592	0.5558931923695569	0.0013366964322077915	0.0010006740160360874
GOTERM_BP_FAT	GO:1902176~negative regulation of oxidative stress-induced intrinsic apoptotic signaling pathway	4	6.25	2.25795290044617E-4	P31749, Q16665, Q16236, P22301	64	36	19104	33.16666666666667	0.5581539592403194	0.0013406827073913549	0.0010036582104282073
GOTERM_BP_FAT	GO:0042743~hydrogen peroxide metabolic process	4	6.25	2.25795290044617E-4	Q9NRD8, P04040, P05164, P05177	64	36	19104	33.16666666666667	0.5581539592403194	0.0013406827073913549	0.0010036582104282073
GOTERM_BP_FAT	GO:0008406~gonad development	7	10.9375	2.3116032220051098E-4	P24385, P35968, P29474, P10415, Q07812, P08253, P42574	64	264	19104	7.914772727272727	0.5666473887381327	0.0013678444991966725	0.001023991996494854
GOTERM_BP_FAT	GO:0002260~lymphocyte homeostasis	5	7.8125	2.3150465528439256E-4	P10415, Q07812, P31749, Q16665, P42574	64	91	19104	16.4010989010989	0.5671868977155983	0.0013678444991966725	0.001023991996494854
GOTERM_BP_FAT	GO:0014910~regulation of smooth muscle cell migration	5	7.8125	2.3150465528439256E-4	P00749, Q15848, P10415, P09211, Q16236	64	91	19104	16.4010989010989	0.5671868977155983	0.0013678444991966725	0.001023991996494854
GOTERM_BP_FAT	GO:0044283~small molecule biosynthetic process	9	14.0625	2.372550071351048E-4	P09917, Q07869, P23219, P08684, P09488, P05164, P09211, P35354, P05177	64	503	19104	5.340954274353877	0.5760980825443847	0.0013995336146827716	0.001047715015195316
GOTERM_MF_FAT	GO:0016301~kinase activity	12	18.75	2.3884044318651368E-4	O96017, P00749, P24385, P35968, O15111, P04626, P28482, P27361, P31749, P38936, P00533, P13500	64	857	17305	3.786099766627771	0.10277311597963956	0.003098101748762206	0.0024293485078399676
GOTERM_BP_FAT	GO:0045137~development of primary sexual characteristics	7	10.9375	2.5569610587583417E-4	P24385, P35968, P29474, P10415, Q07812, P08253, P42574	64	269	19104	7.767657992565056	0.6034571113829315	0.0015058584997508409	0.0011273116589672362
GOTERM_BP_FAT	GO:0033273~response to vitamin	5	7.8125	2.622028193222186E-4	P37231, P24385, P04040, P02778, P09211	64	94	19104	15.877659574468085	0.6126830597922184	0.0015416673084051096	0.00115411875106544
GOTERM_BP_FAT	GO:0009266~response to temperature stimulus	6	9.375	2.642355972346292E-4	P01583, P29474, P31749, P02778, P09601, P25963	64	173	19104	10.352601156069364	0.6155211306528706	0.0015510972720786025	0.0011611781846008785
GOTERM_MF_FAT	GO:0030234~enzyme regulator activity	16	25.0	2.772015832365933E-4	P01033, P11926, P24385, O15392, Q15848, P04637, P31749, P38936, Q14790, P02778, P00533, P09211, P42574, P01344, P60568, P29965	64	1516	17305	2.8537269129287597	0.11826785965700759	0.003495819966372593	0.0027412156564507557
GOTERM_BP_FAT	GO:0009408~response to heat	5	7.8125	2.8422751901727996E-4	P01583, P29474, P31749, P02778, P09601	64	96	19104	15.546875	0.6423487981977181	0.0016657483124254203	0.0012470079318959105
GOTERM_BP_FAT	GO:2000352~negative regulation of endothelial cell apoptotic process	4	6.25	2.8698192677779655E-4	P35968, P05362, Q16236, P22301	64	39	19104	30.615384615384613	0.6458952845496446	0.0016791693320849714	0.0012570551388147173
GOTERM_BP_FAT	GO:0050767~regulation of neurogenesis	8	12.5	2.896971772326107E-4	P37231, P04637, P01579, P05231, Q16665, P01584, P01375, P06400	64	390	19104	6.123076923076923	0.6493569402578385	0.0016923182437368664	0.0012668986409833233
GOTERM_BP_FAT	GO:0045927~positive regulation of growth	7	10.9375	2.9344467438915966E-4	P10415, P04626, P28482, P31749, P00533, P01344, P60568	64	276	19104	7.570652173913043	0.6540791015539659	0.0017098707621362036	0.0012800387591545084
GOTERM_BP_FAT	GO:0050680~negative regulation of epithelial cell proliferation	6	9.375	2.9364760599739556E-4	P37231, P42224, P09917, P13500, P01375, P06400	64	177	19104	10.11864406779661	0.6543329900870567	0.0017098707621362036	0.0012800387591545084
GOTERM_BP_FAT	GO:0031620~regulation of fever generation	3	4.6875	2.9587901325772486E-4	P35354, P01584, P01375	64	8	19104	111.9375	0.65711245620148	0.0017200940706429792	0.0012876921043226065
GOTERM_BP_FAT	GO:1903038~negative regulation of leukocyte cell-cell adhesion	6	9.375	3.013741424304381E-4	Q07869, P04626, P31749, P42574, P60568, P22301	64	178	19104	10.061797752808989	0.6638623618942158	0.0017492277673009057	0.0013095020923903627
GOTERM_BP_FAT	GO:0045088~regulation of innate immune response	9	14.0625	3.045531719626074E-4	P37231, O15111, Q04206, P31749, Q14790, P00533, Q16236, P25963, P01375	64	522	19104	5.146551724137931	0.6677064786478841	0.001764846586244853	0.0013211946097800933
GOTERM_BP_FAT	GO:0044093~positive regulation of molecular function	8	12.5	3.081353190143334E-4	P14780, Q15848, P04626, P27361, P31749, P38936, P01375, P06400	64	394	19104	6.060913705583756	0.6719854121662251	0.0017827477016893272	0.001334595693714881
KEGG_PATHWAY	hsa04662:B cell receptor signaling pathway	6	9.375	3.227901887377742E-4	O15111, Q04206, P28482, P27361, P31749, P25963	63	91	9375	9.811616954474097	0.06886233762507965	6.824706847598655E-4	3.227901887377742E-4
GOTERM_MF_FAT	GO:0019209~kinase activator activity	6	9.375	3.2440965752710785E-4	P24385, Q15848, P00533, P01344, P60568, P29965	64	164	17305	9.89233993902439	0.13697004616176045	0.003980594176143431	0.003121346975125686
GOTERM_BP_FAT	GO:0071230~cellular response to amino acid stimulus	5	7.8125	3.3221607635341505E-4	P08253, P00533, P08254, Q16236, P01375	64	100	19104	14.924999999999999	0.6993550239860284	0.0019159383286984828	0.0014343044955162593
GOTERM_BP_FAT	GO:0051781~positive regulation of cell division	5	7.8125	3.3221607635341505E-4	P01583, O15392, P04040, P01344, P01584	64	100	19104	14.924999999999999	0.6993550239860284	0.0019159383286984828	0.0014343044955162593
GOTERM_BP_FAT	GO:1900017~positive regulation of cytokine production involved in inflammatory response	4	6.25	3.3317557489746737E-4	Q04206, P05231, Q16665, P01375	64	41	19104	29.121951219512198	0.700396951839827	0.0019184122274350985	0.0014361564988016626
GOTERM_MF_FAT	GO:0004672~protein kinase activity	10	15.625	3.3844832502470207E-4	O96017, P24385, P35968, O15111, P04626, P28482, P27361, P31749, P00533, P13500	64	609	17305	4.439911740558292	0.1424549352337321	0.004043566830558283	0.003170726413389314
GOTERM_BP_FAT	GO:0030308~negative regulation of cell growth	6	9.375	3.423482166364528E-4	P37231, P10415, Q07869, P04637, P38936, P06400	64	183	19104	9.78688524590164	0.7101771800262391	0.0019680940403138526	0.0014733491612637165
GOTERM_BP_FAT	GO:0007565~female pregnancy	6	9.375	3.5102555066691114E-4	P14780, P10415, P31749, P08253, P35354, P01584	64	184	19104	9.733695652173914	0.7191353253077337	0.0020147752241453185	0.001508295501040204
GOTERM_BP_FAT	GO:0042100~B cell proliferation	4	6.25	3.5796293801642834E-4	P10415, Q07812, P29965, P22301	64	42	19104	28.42857142857143	0.7260976817045599	0.002041630889380765	0.0015284001154739298
GOTERM_BP_FAT	GO:1904994~regulation of leukocyte adhesion to vascular endothelial cell	4	6.25	3.5796293801642834E-4	P09917, Q04206, P05231, P01375	64	42	19104	28.42857142857143	0.7260976817045599	0.002041630889380765	0.0015284001154739298
GOTERM_BP_FAT	GO:0030574~collagen catabolic process	4	6.25	3.5796293801642834E-4	P14780, P03956, P08253, P08254	64	42	19104	28.42857142857143	0.7260976817045599	0.002041630889380765	0.0015284001154739298
GOTERM_BP_FAT	GO:0006693~prostaglandin metabolic process	4	6.25	3.5796293801642834E-4	P23219, P09488, P09211, P35354	64	42	19104	28.42857142857143	0.7260976817045599	0.002041630889380765	0.0015284001154739298
KEGG_PATHWAY	hsa04510:Focal adhesion	8	12.5	3.6086328906576585E-4	P24385, P35968, P10415, P04626, P28482, P27361, P31749, P00533	63	203	9375	5.864414731409805	0.07666686189904137	7.557702846471701E-4	3.6086328906576585E-4
GOTERM_BP_FAT	GO:0034764~positive regulation of transmembrane transport	6	9.375	3.688792101260234E-4	Q15848, Q07812, P31749, P01579, P02778, Q16236	64	186	19104	9.629032258064516	0.7367055389996655	0.0020972755091441834	0.0015700566380678386
GOTERM_BP_FAT	GO:0030856~regulation of epithelial cell differentiation	6	9.375	3.688792101260234E-4	P42224, P24385, P14780, P01579, P01584, P01375	64	186	19104	9.629032258064516	0.7367055389996655	0.0020972755091441834	0.0015700566380678386
GOTERM_BP_FAT	GO:0033197~response to vitamin E	3	4.6875	3.796071057321156E-4	P37231, P24385, P04040	64	9	19104	99.5	0.7467301036990881	0.0021481366108408923	0.0016081321364895726
GOTERM_BP_FAT	GO:0038129~ERBB3 signaling pathway	3	4.6875	3.796071057321156E-4	P04626, P28482, P27361	64	9	19104	99.5	0.7467301036990881	0.0021481366108408923	0.0016081321364895726
GOTERM_BP_FAT	GO:0038133~ERBB2-ERBB3 signaling pathway	3	4.6875	3.796071057321156E-4	P04626, P28482, P27361	64	9	19104	99.5	0.7467301036990881	0.0021481366108408923	0.0016081321364895726
GOTERM_BP_FAT	GO:0045123~cellular extravasation	4	6.25	3.839077469307988E-4	P19320, P05362, P13500, P01375	64	43	19104	27.767441860465116	0.7506408207479026	0.0021656948719216357	0.0016212765537311582
GOTERM_BP_FAT	GO:0090199~regulation of release of cytochrome c from mitochondria	4	6.25	3.839077469307988E-4	P14780, P04637, Q07812, P31749	64	43	19104	27.767441860465116	0.7506408207479026	0.0021656948719216357	0.0016212765537311582
GOTERM_CC_FAT	GO:0090575~RNA polymerase II transcription regulator complex	7	10.9375	3.856379788402495E-4	P37231, P42224, Q07869, P01106, Q16665, Q16236, P06400	59	278	16775	7.159187903914156	0.10686159417745922	0.01883198796669885	0.01709661706191773
GOTERM_BP_FAT	GO:0140546~defense response to symbiont	12	18.75	3.9503758916559483E-4	P37231, P42224, O15111, Q04206, P04637, P01579, P02778, P08254, P13500, P35228, P01375, P10145	64	1003	19104	3.5712861415752744	0.760483569053436	0.002225009224957618	0.001665680301980164
GOTERM_BP_FAT	GO:0046394~carboxylic acid biosynthetic process	7	10.9375	3.962257506800123E-4	P09917, P23219, P08684, P09488, P09211, P35354, P05177	64	292	19104	7.155821917808219	0.7615111071049618	0.002228230660122744	0.0016680919239359148
GOTERM_BP_FAT	GO:0043270~positive regulation of monoatomic ion transport	6	9.375	3.969385067652739E-4	P31645, Q07812, P31749, P01579, P02778, P13500	64	189	19104	9.476190476190476	0.7621253921635396	0.0022287727336385565	0.001668497729524218
GOTERM_BP_FAT	GO:0060322~head development	11	17.1875	3.980903815879735E-4	P31645, Q9NRD8, P10415, P04637, P28482, Q07812, P27361, P08253, Q16665, P00533, P42574	64	841	19104	3.904280618311534	0.763114787364978	0.0022317749144528873	0.0016707452138893708
GOTERM_BP_FAT	GO:0006692~prostanoid metabolic process	4	6.25	4.1103250370521835E-4	P23219, P09488, P09211, P35354	64	44	19104	27.136363636363633	0.7739525150999562	0.0022972079341546667	0.0017197295015920033
GOTERM_BP_FAT	GO:0070232~regulation of T cell apoptotic process	4	6.25	4.1103250370521835E-4	P10415, P04637, P05362, Q16665	64	44	19104	27.136363636363633	0.7739525150999562	0.0022972079341546667	0.0017197295015920033
GOTERM_BP_FAT	GO:0016053~organic acid biosynthetic process	7	10.9375	4.258609898083235E-4	P09917, P23219, P08684, P09488, P09211, P35354, P05177	64	296	19104	7.059121621621622	0.7857619027497283	0.0023764094739921263	0.0017790211410665612
GOTERM_BP_FAT	GO:0070664~negative regulation of leukocyte proliferation	5	7.8125	4.2975923415137525E-4	P04626, P09211, P42574, P60568, P22301	64	107	19104	13.948598130841122	0.7887627274710569	0.0023907836779867276	0.0017897819182273427
GOTERM_BP_FAT	GO:1901992~positive regulation of mitotic cell cycle phase transition	5	7.8125	4.2975923415137525E-4	P24385, O15392, P31749, P00533, P06400	64	107	19104	13.948598130841122	0.7887627274710569	0.0023907836779867276	0.0017897819182273427
GOTERM_BP_FAT	GO:0071677~positive regulation of mononuclear cell migration	5	7.8125	4.451927750845596E-4	P28482, P27361, P02778, P13500, P01375	64	108	19104	13.819444444444445	0.8002364401357032	0.002472837288334512	0.0018512086669030766
GOTERM_BP_FAT	GO:0071229~cellular response to acid chemical	5	7.8125	4.6101796945430165E-4	P08253, P00533, P08254, Q16236, P01375	64	109	19104	13.692660550458715	0.8113546511674367	0.002556811315255759	0.0019140730725656357
GOTERM_BP_FAT	GO:0051302~regulation of cell division	6	9.375	4.686751300014695E-4	P01583, O15392, P04040, P01106, P01344, P01584	64	196	19104	9.137755102040815	0.8165100383590868	0.002584726880661306	0.0019349711465570121
GOTERM_BP_FAT	GO:0032872~regulation of stress-activated MAPK cascade	4	6.25	4.689106287925378E-4	P28482, P27361, P01106, P09211	64	46	19104	25.956521739130437	0.8166663416431611	0.002584726880661306	0.0019349711465570121
GOTERM_BP_FAT	GO:0022617~extracellular matrix disassembly	4	6.25	4.689106287925378E-4	P14780, P03956, P08253, P08254	64	46	19104	25.956521739130437	0.8166663416431611	0.002584726880661306	0.0019349711465570121
GOTERM_BP_FAT	GO:0014044~Schwann cell development	4	6.25	4.689106287925378E-4	P04626, P28482, P27361, P31749	64	46	19104	25.956521739130437	0.8166663416431611	0.002584726880661306	0.0019349711465570121
GOTERM_BP_FAT	GO:0019538~protein metabolic process	24	37.5	4.984310265557324E-4	O96017, P35968, P10415, P04626, P28482, P31749, P03956, P27361, P13500, P35228, P00749, P14780, Q07869, Q04206, P04040, P01106, Q14790, P08253, P00533, Q16236, Q16665, P08254, P42574, P01375	64	3504	19104	2.0445205479452055	0.8352414918870272	0.00274159265816016	0.0020524035745684605
GOTERM_BP_FAT	GO:0042692~muscle cell differentiation	7	10.9375	4.98884947198392E-4	O15111, P10415, P31749, P01106, P42574, P01344, P06400	64	305	19104	6.8508196721311485	0.8355119103021571	0.00274159265816016	0.0020524035745684605
GOTERM_BP_FAT	GO:0071498~cellular response to fluid shear stress	4	6.25	4.997077661504477E-4	P31749, P08253, Q16236, P35354	64	47	19104	25.404255319148938	0.8360009653271634	0.0027419473177542016	0.002052669078860792
GOTERM_BP_FAT	GO:0090596~sensory organ morphogenesis	7	10.9375	5.075659617991658E-4	P35968, P10415, P28482, Q07812, P27361, P01106, Q16665	64	306	19104	6.828431372549019	0.8405989862897112	0.002780846239190581	0.002081789482712639
GOTERM_CC_FAT	GO:0009897~external side of plasma membrane	8	12.5	5.082459578100313E-4	P00749, P35968, Q9UNQ0, P19320, P02778, P05362, P29965, P01375	59	410	16775	5.547747002893757	0.13839118433928776	0.021030834317194512	0.019092839345985463
KEGG_PATHWAY	hsa04518:Integrin signaling	7	10.9375	5.131411863102973E-4	P24385, P35968, P04626, P31749, P19320, P05362, P00533	63	154	9375	6.764069264069264	0.10723626565683919	0.0010547902163045	5.131411863102973E-4
KEGG_PATHWAY	hsa04921:Oxytocin signaling pathway	7	10.9375	5.131411863102973E-4	P24385, P29474, P28482, P27361, P38936, P00533, P35354	63	154	9375	6.764069264069264	0.10723626565683919	0.0010547902163045	5.131411863102973E-4
GOTERM_MF_FAT	GO:0046982~protein heterodimerization activity	8	12.5	5.146561668266474E-4	P35869, O15392, O15111, P10415, P04626, P04637, Q07812, Q16665	64	389	17305	5.56073264781491	0.20841185873867563	0.005991125634340972	0.004697887061289397
KEGG_PATHWAY	hsa04934:Cushing syndrome	7	10.9375	5.310798313699517E-4	P24385, P35869, P28482, P27361, P38936, P00533, P06400	63	155	9375	6.720430107526881	0.11077040954501094	0.0010816488308635712	5.310798313699517E-4
GOTERM_BP_FAT	GO:0007267~cell-cell signaling	11	17.1875	5.384233670941445E-4	Q15848, Q04206, P28482, P31749, P02778, P05231, Q16665, P35354, P35228, P60568, P01584	64	874	19104	3.7568649885583523	0.8574413508115866	0.002945444622409117	0.0022050106728046127
GOTERM_BP_FAT	GO:0044703~multi-organism reproductive process	6	9.375	5.621820521202585E-4	P14780, P10415, P31749, P08253, P35354, P01584	64	204	19104	8.779411764705882	0.8691867140831362	0.0030637103984919017	0.0022935464736497727
GOTERM_BP_FAT	GO:2000378~negative regulation of reactive oxygen species metabolic process	4	6.25	5.651257842350936E-4	Q07869, P04637, Q16665, P08254	64	49	19104	24.36734693877551	0.8705729341757728	0.0030637103984919017	0.0022935464736497727
GOTERM_BP_FAT	GO:0070302~regulation of stress-activated protein kinase signaling cascade	4	6.25	5.651257842350936E-4	P28482, P27361, P01106, P09211	64	49	19104	24.36734693877551	0.8705729341757728	0.0030637103984919017	0.0022935464736497727
GOTERM_BP_FAT	GO:0060711~labyrinthine layer development	4	6.25	5.651257842350936E-4	P28482, P31749, Q14790, P22301	64	49	19104	24.36734693877551	0.8705729341757728	0.0030637103984919017	0.0022935464736497727
GOTERM_BP_FAT	GO:0071364~cellular response to epidermal growth factor stimulus	4	6.25	5.651257842350936E-4	P04626, P31749, P00533, P09211	64	49	19104	24.36734693877551	0.8705729341757728	0.0030637103984919017	0.0022935464736497727
GOTERM_BP_FAT	GO:0006801~superoxide metabolic process	4	6.25	5.651257842350936E-4	Q9NRD8, P29474, P05164, P35228	64	49	19104	24.36734693877551	0.8705729341757728	0.0030637103984919017	0.0022935464736497727
GOTERM_BP_FAT	GO:0006974~DNA damage response	11	17.1875	5.679098155300022E-4	O96017, P24385, P10415, P04637, P28482, Q07812, P27361, P01106, P38936, P42574, P01375	64	880	19104	3.7312499999999997	0.8718704354462328	0.0030741944505336643	0.0023013950159277187
GOTERM_CC_FAT	GO:0005635~nuclear envelope	9	14.0625	5.742207322100891E-4	P24385, P35968, P09917, P10415, Q07812, P27361, P01106, P00533, P35354	59	550	16775	4.652542372881356	0.15489550656610396	0.021030834317194512	0.019092839345985463
GOTERM_BP_FAT	GO:0097709~connective tissue replacement	3	4.6875	5.77492783187325E-4	P01583, P01033, Q16665	64	11	19104	81.4090909090909	0.8762379811303302	0.003102843839532492	0.0023228424429243516
GOTERM_BP_FAT	GO:0070242~thymocyte apoptotic process	3	4.6875	5.77492783187325E-4	O96017, P04637, Q07812	64	11	19104	81.4090909090909	0.8762379811303302	0.003102843839532492	0.0023228424429243516
GOTERM_BP_FAT	GO:0031652~positive regulation of heat generation	3	4.6875	5.77492783187325E-4	P35354, P01584, P01375	64	11	19104	81.4090909090909	0.8762379811303302	0.003102843839532492	0.0023228424429243516
GOTERM_BP_FAT	GO:1903624~regulation of DNA catabolic process	3	4.6875	5.77492783187325E-4	Q07812, P05231, P42574	64	11	19104	81.4090909090909	0.8762379811303302	0.003102843839532492	0.0023228424429243516
GOTERM_BP_FAT	GO:1902510~regulation of apoptotic DNA fragmentation	3	4.6875	5.77492783187325E-4	Q07812, P05231, P42574	64	11	19104	81.4090909090909	0.8762379811303302	0.003102843839532492	0.0023228424429243516
GOTERM_BP_FAT	GO:0002700~regulation of production of molecular mediator of immune response	6	9.375	5.876050528754576E-4	P05231, P60568, P29965, P01584, P22301, P01375	64	206	19104	8.694174757281553	0.8806854695001443	0.003152492390500971	0.0023600102049463854
GOTERM_BP_FAT	GO:0035924~cellular response to vascular endothelial growth factor stimulus	4	6.25	5.997889777757689E-4	P35968, Q04206, P31749, P19320	64	50	19104	23.88	0.8858323840396712	0.0032130917683513777	0.0024053759449466764
GOTERM_BP_FAT	GO:1903708~positive regulation of hemopoiesis	6	9.375	6.138828211155227E-4	P01579, Q14790, P60568, P22301, P01375, P06400	64	208	19104	8.610576923076923	0.8915098593896699	0.003278877815588966	0.0024546245151546827
GOTERM_BP_FAT	GO:1902107~positive regulation of leukocyte differentiation	6	9.375	6.138828211155227E-4	P01579, Q14790, P60568, P22301, P01375, P06400	64	208	19104	8.610576923076923	0.8915098593896699	0.003278877815588966	0.0024546245151546827
GOTERM_BP_FAT	GO:0014037~Schwann cell differentiation	4	6.25	6.357827705174259E-4	P04626, P28482, P27361, P31749	64	51	19104	23.411764705882355	0.8997770046695139	0.003385847567291623	0.0025347039172174844
GOTERM_BP_FAT	GO:0008625~extrinsic apoptotic signaling pathway via death domain receptors	4	6.25	6.357827705174259E-4	P10415, Q07812, Q14790, P01375	64	51	19104	23.411764705882355	0.8997770046695139	0.003385847567291623	0.0025347039172174844
GOTERM_BP_FAT	GO:0070374~positive regulation of ERK1 and ERK2 cascade	6	9.375	6.410337380928932E-4	P35968, P27361, P05362, P00533, P01584, P01375	64	210	19104	8.528571428571428	0.901663745496774	0.003408791171976326	0.0025518798956139146
GOTERM_BP_FAT	GO:0045087~innate immune response	11	17.1875	6.645521870592316E-4	P37231, P42224, O15111, Q04206, P04637, P01579, P02778, P08254, P13500, P35228, P01375	64	898	19104	3.656458797327394	0.9096879426284981	0.00352866477005313	0.002641619339749398
GOTERM_BP_FAT	GO:0046222~aflatoxin metabolic process	3	4.6875	6.915190440701869E-4	P08684, Q16236, P05177	64	12	19104	74.625	0.918086347387433	0.0036611022889572412	0.0027407643518272268
GOTERM_BP_FAT	GO:0043385~mycotoxin metabolic process	3	4.6875	6.915190440701869E-4	P08684, Q16236, P05177	64	12	19104	74.625	0.918086347387433	0.0036611022889572412	0.0027407643518272268
GOTERM_BP_FAT	GO:0007548~sex differentiation	7	10.9375	7.073491668168922E-4	P24385, P35968, P29474, P10415, Q07812, P08253, P42574	64	326	19104	6.409509202453988	0.9226478752730056	0.0037339774995764703	0.00279531999207785
GOTERM_BP_FAT	GO:1904951~positive regulation of establishment of protein localization	7	10.9375	7.073491668168922E-4	P01583, P37231, P04626, P31749, Q16665, P01584, P01375	64	326	19104	6.409509202453988	0.9226478752730056	0.0037339774995764703	0.00279531999207785
GOTERM_BP_FAT	GO:0032680~regulation of tumor necrosis factor production	6	9.375	7.128529300805904E-4	P01583, Q15848, P01579, P05231, P09211, P22301	64	215	19104	8.330232558139535	0.9241735794633813	0.003757545474010809	0.0028129633844433794
GOTERM_BP_FAT	GO:0007093~mitotic cell cycle checkpoint signaling	5	7.8125	7.268969434711541E-4	O96017, P24385, O15392, P04637, P38936	64	123	19104	12.134146341463415	0.9279317924691347	0.0038259961391436583	0.002864206733590122
GOTERM_BP_FAT	GO:0044706~multi-multicellular organism process	6	9.375	7.432066016600618E-4	P14780, P10415, P31749, P08253, P35354, P01584	64	217	19104	8.253456221198157	0.9320632198106434	0.0039061556273296267	0.002924215509729342
GOTERM_BP_FAT	GO:0032369~negative regulation of lipid transport	4	6.25	7.519521703012352E-4	Q15848, P27361, P31749, P25963	64	54	19104	22.11111111111111	0.9341801685856521	0.003923606129594901	0.002937279256862112
GOTERM_BP_FAT	GO:0007566~embryo implantation	4	6.25	7.519521703012352E-4	P14780, P08253, P35354, P01584	64	54	19104	22.11111111111111	0.9341801685856521	0.003923606129594901	0.002937279256862112
GOTERM_BP_FAT	GO:1900016~negative regulation of cytokine production involved in inflammatory response	4	6.25	7.519521703012352E-4	Q07869, Q04206, P09601, P25963	64	54	19104	22.11111111111111	0.9341801685856521	0.003923606129594901	0.002937279256862112
GOTERM_BP_FAT	GO:1904707~positive regulation of vascular associated smooth muscle cell proliferation	4	6.25	7.519521703012352E-4	P14780, P08253, P22301, P01375	64	54	19104	22.11111111111111	0.9341801685856521	0.003923606129594901	0.002937279256862112
GOTERM_BP_FAT	GO:0097194~execution phase of apoptosis	4	6.25	7.519521703012352E-4	Q07812, P31749, Q14790, P42574	64	54	19104	22.11111111111111	0.9341801685856521	0.003923606129594901	0.002937279256862112
GOTERM_BP_FAT	GO:0022411~cellular component disassembly	7	10.9375	7.657086716845406E-4	P14780, P03956, P01106, P05164, P08253, P08254, P42574	64	331	19104	6.312688821752266	0.9373774065517767	0.003989629044396684	0.0029867051502162124
GOTERM_BP_FAT	GO:0006468~protein phosphorylation	7	10.9375	7.778153935712542E-4	O96017, P35968, P04626, P28482, P27361, P31749, P13500	64	332	19104	6.29367469879518	0.9400625033916121	0.004046878364249863	0.0030295629789890434
GOTERM_BP_FAT	GO:1903555~regulation of tumor necrosis factor superfamily cytokine production	6	9.375	7.905384706448158E-4	P01583, Q15848, P01579, P05231, P09211, P22301	64	220	19104	8.14090909090909	0.942760351684649	0.004107165387717894	0.0030746948851085006
GOTERM_BP_FAT	GO:0019748~secondary metabolic process	4	6.25	7.934716141903507E-4	P10415, P08684, Q16236, P05177	64	55	19104	21.709090909090907	0.943364883751343	0.004116489751667587	0.0030816752648684066
GOTERM_MF_FAT	GO:0001046~core promoter sequence-specific DNA binding	4	6.25	7.977742234351736E-4	P42224, Q04206, P04637, P01106	64	50	17305	21.631249999999998	0.3039501843824297	0.00905473743598922	0.0071001905885730455
GOTERM_BP_FAT	GO:0033084~regulation of immature T cell proliferation in thymus	3	4.6875	8.155138884176932E-4	P01583, P04626, P01584	64	13	19104	68.88461538461539	0.9477082756669195	0.0042127117435976835	0.0031537087084952792
GOTERM_BP_FAT	GO:0034116~positive regulation of heterotypic cell-cell adhesion	3	4.6875	8.155138884176932E-4	P01584, P22301, P01375	64	13	19104	68.88461538461539	0.9477082756669195	0.0042127117435976835	0.0031537087084952792
GOTERM_BP_FAT	GO:0001783~B cell apoptotic process	3	4.6875	8.155138884176932E-4	P10415, Q07812, P01106	64	13	19104	68.88461538461539	0.9477082756669195	0.0042127117435976835	0.0031537087084952792
GOTERM_BP_FAT	GO:0007249~canonical NF-kappaB signal transduction	4	6.25	8.364221177871485E-4	O15111, Q04206, P25963, P01375	64	56	19104	21.321428571428573	0.9515200387312314	0.004314554034120298	0.0032299496046359643
GOTERM_BP_FAT	GO:0006606~protein import into nucleus	5	7.8125	8.437319654311953E-4	P29474, P04637, P31749, P38936, P25963	64	128	19104	11.66015625	0.9527860880510194	0.004346060950141313	0.003253536225672715
GOTERM_BP_FAT	GO:0048608~reproductive structure development	7	10.9375	8.800939049919137E-4	P24385, P35968, P29474, P10415, Q07812, P08253, P42574	64	340	19104	6.1455882352941185	0.9586093917645122	0.00452691260377064	0.0033889248944709966
GOTERM_BP_FAT	GO:0030278~regulation of ossification	5	7.8125	8.93974466754126E-4	P09917, P10415, P28482, P27361, Q16665	64	130	19104	11.48076923076923	0.9606378995828863	0.004585264782670808	0.003432608342558041
GOTERM_BP_FAT	GO:1901796~regulation of signal transduction by p53 class mediator	5	7.8125	8.93974466754126E-4	O96017, P10415, P04637, P31749, P01106	64	130	19104	11.48076923076923	0.9606378995828863	0.004585264782670808	0.003432608342558041
GOTERM_BP_FAT	GO:0048638~regulation of developmental growth	7	10.9375	9.210172564620437E-4	P31645, P10415, Q07869, P28482, P31749, P38936, P01344	64	343	19104	6.091836734693878	0.9643089192577845	0.004717278186071884	0.0035314358544514903
GOTERM_BP_FAT	GO:0032692~negative regulation of interleukin-1 production	4	6.25	9.266936661373878E-4	P01583, P09211, P01584, P22301	64	58	19104	20.586206896551726	0.9650349056741335	0.004719611685567316	0.003533182752442125
GOTERM_BP_FAT	GO:0030857~negative regulation of epithelial cell differentiation	4	6.25	9.266936661373878E-4	P42224, P24385, P14780, P01579	64	58	19104	20.586206896551726	0.9650349056741335	0.004719611685567316	0.003533182752442125
GOTERM_BP_FAT	GO:0001541~ovarian follicle development	4	6.25	9.266936661373878E-4	P35968, P10415, Q07812, P08253	64	58	19104	20.586206896551726	0.9650349056741335	0.004719611685567316	0.003533182752442125
GOTERM_BP_FAT	GO:1902003~regulation of amyloid-beta formation	4	6.25	9.266936661373878E-4	Q04206, P01579, P42574, P01375	64	58	19104	20.586206896551726	0.9650349056741335	0.004719611685567316	0.003533182752442125
KEGG_PATHWAY	hsa04014:Ras signaling pathway	8	12.5	9.318336337278488E-4	P35968, O15111, Q04206, P28482, P27361, P31749, P00533, P01344	63	238	9375	5.002000800320128	0.18619234859586953	0.0018806096971598402	9.318336337278488E-4
GOTERM_BP_FAT	GO:0006006~glucose metabolic process	5	7.8125	9.462917554567739E-4	Q15848, Q07869, P31749, P01344, P01375	64	132	19104	11.306818181818182	0.9674298077127926	0.0047947979671426715	0.0035894685002918177
GOTERM_BP_FAT	GO:0061458~reproductive system development	7	10.9375	9.491053995253283E-4	P24385, P35968, P29474, P10415, Q07812, P08253, P42574	64	345	19104	6.056521739130435	0.967759903246986	0.0047947979671426715	0.0035894685002918177
GOTERM_BP_FAT	GO:0033083~regulation of immature T cell proliferation	3	4.6875	9.494124293346663E-4	P01583, P04626, P01584	64	14	19104	63.964285714285715	0.9677957208474126	0.0047947979671426715	0.0035894685002918177
GOTERM_BP_FAT	GO:0031650~regulation of heat generation	3	4.6875	9.494124293346663E-4	P35354, P01584, P01375	64	14	19104	63.964285714285715	0.9677957208474126	0.0047947979671426715	0.0035894685002918177
GOTERM_BP_FAT	GO:0060333~type II interferon-mediated signaling pathway	3	4.6875	9.494124293346663E-4	P42224, P04637, P01579	64	14	19104	63.964285714285715	0.9677957208474126	0.0047947979671426715	0.0035894685002918177
GOTERM_BP_FAT	GO:2000660~negative regulation of interleukin-1-mediated signaling pathway	3	4.6875	9.494124293346663E-4	P01583, P05231, P01584	64	14	19104	63.964285714285715	0.9677957208474126	0.0047947979671426715	0.0035894685002918177
GOTERM_MF_FAT	GO:0004497~monooxygenase activity	5	7.8125	9.553972929415465E-4	P29474, P08684, P05177, P09601, P35228	64	120	17305	11.266276041666666	0.3520603405048848	0.010579277341352734	0.008295644787492453
GOTERM_CC_FAT	GO:1904813~ficolin-1-rich granule lumen	5	7.8125	9.691551345347819E-4	P14780, P09917, P28482, P04040, P09211	59	127	16775	11.193780862137995	0.2473087375032107	0.028139448611674386	0.025546393620154907
GOTERM_BP_FAT	GO:0072332~intrinsic apoptotic signaling pathway by p53 class mediator	4	6.25	9.740528234852334E-4	O96017, P04637, Q07812, P38936	64	59	19104	20.23728813559322	0.9705442471273003	0.0049123779772979135	0.0036774909249296054
GOTERM_CC_FAT	GO:0034774~secretory granule lumen	7	10.9375	9.78038024552673E-4	P01033, P09917, P28482, P04040, P05164, P09211, P01344	59	332	16775	5.9947416785787215	0.24926711413969294	0.028139448611674386	0.025546393620154907
KEGG_PATHWAY	hsa04650:Natural killer cell mediated cytotoxicity	6	9.375	9.812305053214835E-4	P28482, P27361, P01579, P05362, P42574, P01375	63	116	9375	7.697044334975369	0.1950365466774182	0.001962461010642967	9.812305053214835E-4
GOTERM_BP_FAT	GO:0044087~regulation of cellular component biogenesis	12	18.75	9.900783374315301E-4	P37231, O96017, P35968, P04637, Q07812, P03956, P31749, P01579, P05362, P08254, P01584, P01375	64	1120	19104	3.1982142857142857	0.9722046714136713	0.004986244106061857	0.003732788383603276
GOTERM_BP_FAT	GO:0048729~tissue morphogenesis	9	14.0625	9.95244134908235E-4	P35968, P29474, P10415, P01106, P08253, Q16665, P00533, P42574, P22301	64	625	19104	4.2984	0.9727197031464716	0.0050052890011518456	0.0037470457207184867
GOTERM_BP_FAT	GO:0051170~import into nucleus	5	7.8125	0.0010287600091014584	P29474, P04637, P31749, P38936, P25963	64	135	19104	11.055555555555555	0.9758371823342552	0.00516666137904288	0.003867851867552289
GOTERM_CC_FAT	GO:0060205~cytoplasmic vesicle lumen	7	10.9375	0.0010564298113597893	P01033, P09917, P28482, P04040, P05164, P09211, P01344	59	337	16775	5.905798923703667	0.2663311794941099	0.028139448611674386	0.025546393620154907
GOTERM_BP_FAT	GO:0034763~negative regulation of transmembrane transport	5	7.8125	0.0010573373887764804	P14780, P10415, P31749, P01584, P01375	64	136	19104	10.974264705882353	0.978212363354704	0.005302818304876218	0.003969781291841792
GOTERM_BP_FAT	GO:0046324~regulation of D-glucose import across plasma membrane	4	6.25	0.0010733114960144508	Q15848, P31749, Q16236, P01375	64	61	19104	19.57377049180328	0.9794368072413798	0.005353233613225178	0.004007523061670508
GOTERM_BP_FAT	GO:0043029~T cell homeostasis	4	6.25	0.0010733114960144508	P10415, Q07812, P31749, P42574	64	61	19104	19.57377049180328	0.9794368072413798	0.005353233613225178	0.004007523061670508
GOTERM_BP_FAT	GO:0050853~B cell receptor signaling pathway	4	6.25	0.0010733114960144508	P10415, P28482, Q07812, P25963	64	61	19104	19.57377049180328	0.9794368072413798	0.005353233613225178	0.004007523061670508
GOTERM_BP_FAT	GO:0002639~positive regulation of immunoglobulin production	4	6.25	0.0010733114960144508	P05231, P60568, P22301, P01375	64	61	19104	19.57377049180328	0.9794368072413798	0.005353233613225178	0.004007523061670508
KEGG_PATHWAY	hsa04664:Fc epsilon RI signaling pathway	5	7.8125	0.0010872324414093102	P09917, P28482, P27361, P31749, P01375	63	69	9375	10.783298826777086	0.21369386961870995	0.002155050017793454	0.0010872324414093102
GOTERM_BP_FAT	GO:1903377~negative regulation of oxidative stress-induced neuron intrinsic apoptotic signaling pathway	3	4.6875	0.0010931500878296166	P31749, Q16665, P22301	64	15	19104	59.699999999999996	0.9808621371885038	0.005437181179631215	0.004070367658534762
GOTERM_BP_FAT	GO:0002544~chronic inflammatory response	3	4.6875	0.0010931500878296166	P19320, P22301, P01375	64	15	19104	59.699999999999996	0.9808621371885038	0.005437181179631215	0.004070367658534762
GOTERM_BP_FAT	GO:0009059~macromolecule biosynthetic process	22	34.375	0.0010980918280201128	P29474, O75469, Q15848, P04637, P31749, P27361, P37231, P00749, Q07869, Q04206, P01106, Q14790, P00533, Q16236, P05231, Q16665, P42574, P60568, P29965, P01584, P06400, P01375	64	3226	19104	2.035647861128332	0.9812015421019741	0.005454258310605396	0.004083151893475886
GOTERM_BP_FAT	GO:0072594~establishment of protein localization to organelle	7	10.9375	0.0010996047552741253	P29474, P04637, Q07812, P31749, P38936, P00533, P25963	64	355	19104	5.885915492957747	0.981304243703383	0.005454280926023645	0.004083168823768254
GOTERM_BP_FAT	GO:0000165~MAPK cascade	6	9.375	0.001102600662342637	P28482, P27361, P01106, P00533, P01584, P01375	64	237	19104	7.556962025316456	0.981505961788447	0.00546164930826161	0.004088684921865093
GOTERM_BP_FAT	GO:0002698~negative regulation of immune effector process	5	7.8125	0.0011161591058079995	P35869, P27361, P60568, P22301, P01375	64	138	19104	10.815217391304348	0.9823920049007598	0.005521246684817684	0.004133300546405274
GOTERM_MF_FAT	GO:0019901~protein kinase binding	10	15.625	0.001145732301982161	O96017, P24385, Q07869, P04626, Q04206, P04637, P31749, P38936, Q16665, P09211	64	722	17305	3.7450225069252077	0.4057532705226944	0.012287167567077295	0.009634871484316118
KEGG_PATHWAY	hsa05211:Renal cell carcinoma	5	7.8125	0.0011474633064828882	P28482, P27361, P31749, P38936, Q16665	63	70	9375	10.629251700680271	0.22410260803197835	0.002215103078601749	0.0011474633064828882
KEGG_PATHWAY	hsa05204:Chemical carcinogenesis - DNA adducts	5	7.8125	0.0011474633064828882	P08684, P09488, P09211, P35354, P05177	63	70	9375	10.629251700680271	0.22410260803197835	0.002215103078601749	0.0011474633064828882
KEGG_PATHWAY	hsa05416:Viral myocarditis	5	7.8125	0.0011474633064828882	P24385, Q14790, P05362, P42574, P29965	63	70	9375	10.629251700680271	0.22410260803197835	0.002215103078601749	0.0011474633064828882
GOTERM_MF_FAT	GO:0030291~protein serine/threonine kinase inhibitor activity	4	6.25	0.0011695885763694262	P31749, P38936, P09211, P42574	64	57	17305	18.974780701754387	0.4121620579355725	0.012287167567077295	0.009634871484316118
GOTERM_BP_FAT	GO:0045931~positive regulation of mitotic cell cycle	5	7.8125	0.0011772423283736358	P24385, O15392, P31749, P00533, P06400	64	140	19104	10.660714285714285	0.9858860819089591	0.005807011093356686	0.004347228713970285
GOTERM_BP_FAT	GO:0071622~regulation of granulocyte chemotaxis	4	6.25	0.001178746167733354	P28482, P27361, P13500, P10145	64	63	19104	18.952380952380953	0.9859627346064145	0.005807011093356686	0.004347228713970285
GOTERM_BP_FAT	GO:0019369~arachidonate metabolic process	4	6.25	0.001178746167733354	P09917, P23219, P35354, P05177	64	63	19104	18.952380952380953	0.9859627346064145	0.005807011093356686	0.004347228713970285
GOTERM_BP_FAT	GO:0050769~positive regulation of neurogenesis	6	9.375	0.0011876887811545535	P37231, P01579, P05231, Q16665, P01584, P01375	64	241	19104	7.431535269709544	0.9864100322196233	0.00584310562265968	0.0043742497014767024
GOTERM_MF_FAT	GO:0016773~phosphotransferase activity, alcohol group as acceptor	10	15.625	0.001190826812668284	O96017, P24385, P35968, O15111, P04626, P28482, P27361, P31749, P00533, P13500	64	726	17305	3.724388774104683	0.41780947965887905	0.012287167567077295	0.009634871484316118
GOTERM_BP_FAT	GO:0061180~mammary gland epithelium development	4	6.25	0.0012338244969899667	P24385, P28482, P31749, Q16665	64	64	19104	18.65625	0.9885010389737108	0.006053608386859863	0.004531835703326784
GOTERM_BP_FAT	GO:0032655~regulation of interleukin-12 production	4	6.25	0.0012338244969899667	Q04206, P01579, P29965, P22301	64	64	19104	18.65625	0.9885010389737108	0.006053608386859863	0.004531835703326784
GOTERM_BP_FAT	GO:0090399~replicative senescence	3	4.6875	0.001246662591218713	O96017, P04637, P38936	64	16	19104	55.96875	0.9890234230288335	0.006100043206829319	0.0045665976108647584
GOTERM_BP_FAT	GO:2000659~regulation of interleukin-1-mediated signaling pathway	3	4.6875	0.001246662591218713	P01583, P05231, P01584	64	16	19104	55.96875	0.9890234230288335	0.006100043206829319	0.0045665976108647584
GOTERM_BP_FAT	GO:0016310~phosphorylation	7	10.9375	0.0012501766408795998	O96017, P35968, P04626, P28482, P27361, P31749, P13500	64	364	19104	5.740384615384615	0.9891622280962549	0.006100727035655375	0.00456710953692453
GOTERM_BP_FAT	GO:0042742~defense response to bacterium	7	10.9375	0.0012501766408795998	Q9NRD8, P05164, P05231, P35228, P01584, P22301, P01375	64	364	19104	5.740384615384615	0.9891622280962549	0.006100727035655375	0.00456710953692453
GOTERM_BP_FAT	GO:0002009~morphogenesis of an epithelium	8	12.5	0.0012727682732115828	P35968, P10415, P01106, P08253, Q16665, P00533, P42574, P22301	64	501	19104	4.766467065868263	0.9900136387534224	0.0062026011805028074	0.004643374279762472
GOTERM_CC_FAT	GO:0070161~anchoring junction	11	17.1875	0.001304189605145095	P31645, Q9NRD8, P00749, P24385, P35968, P28482, P27361, P31749, P04040, P05362, P00533	59	940	16775	3.3271727371078255	0.3177621679382563	0.03092252446560283	0.02807300855921622
GOTERM_BP_FAT	GO:0034976~response to endoplasmic reticulum stress	6	9.375	0.0013481869392257659	P24385, P10415, P04637, Q07812, Q16236, P10145	64	248	19104	7.221774193548387	0.9924005717192496	0.006555415392794174	0.004907497087470639
GOTERM_BP_FAT	GO:1902991~regulation of amyloid precursor protein catabolic process	4	6.25	0.0013487912201988013	Q04206, P01579, P42574, P01375	64	66	19104	18.09090909090909	0.99241718591092	0.006555415392794174	0.004907497087470639
GOTERM_CC_FAT	GO:0005783~endoplasmic reticulum	18	28.125	0.001371989140112071	P01033, Q9NRD8, P35968, Q15848, P10415, P04637, P28482, P27361, P19320, P35354, P23219, Q07812, P08684, P01106, P00533, P05231, P05177, P09601	59	2281	16775	2.2436635730686065	0.3311990758664738	0.03092252446560283	0.02807300855921622
GOTERM_BP_FAT	GO:0001894~tissue homeostasis	6	9.375	0.001372360742547488	O75469, P29474, P10415, Q07812, P05231, P06400	64	249	19104	7.19277108433735	0.9930376485323408	0.006652086387468788	0.004979866662300335
GOTERM_BP_FAT	GO:0060249~anatomical structure homeostasis	6	9.375	0.001372360742547488	O75469, P29474, P10415, Q07812, P05231, P06400	64	249	19104	7.19277108433735	0.9930376485323408	0.006652086387468788	0.004979866662300335
GOTERM_BP_FAT	GO:0042177~negative regulation of protein catabolic process	5	7.8125	0.0013745273543789272	P01033, Q04206, P00533, P35228, P22301	64	146	19104	10.222602739726028	0.9930920711618852	0.006653669228158234	0.0049810516041549615
GOTERM_MF_FAT	GO:0001228~DNA-binding transcription activator activity, RNA polymerase II-specific	8	12.5	0.0014066799699757036	P37231, O75469, Q07869, Q04206, P04637, P01106, Q16665, Q16236	64	462	17305	4.682088744588745	0.47222345968733037	0.013753322745222661	0.01078454382665037
GOTERM_BP_FAT	GO:1903078~positive regulation of protein localization to plasma membrane	4	6.25	0.001408714197891086	P31749, P01579, P00533, P01375	64	67	19104	17.82089552238806	0.9938966138309411	0.0067884789282956605	0.005081972472039921
GOTERM_BP_FAT	GO:0050768~negative regulation of neurogenesis	5	7.8125	0.0014095161380452883	P04637, P05231, P01584, P01375, P06400	64	147	19104	10.153061224489795	0.9939143166782285	0.0067884789282956605	0.005081972472039921
GOTERM_BP_FAT	GO:0001889~liver development	5	7.8125	0.0014095161380452883	P24385, Q04206, P05231, P22301, P01375	64	147	19104	10.153061224489795	0.9939143166782285	0.0067884789282956605	0.005081972472039921
GOTERM_BP_FAT	GO:0031571~mitotic G1 DNA damage checkpoint signaling	3	4.6875	0.0014098859721100778	P24385, P04637, P38936	64	17	19104	52.6764705882353	0.9939224634691934	0.0067884789282956605	0.005081972472039921
GOTERM_MF_FAT	GO:0004879~nuclear receptor activity	4	6.25	0.0014238021344173241	P37231, P35869, O75469, Q07869	64	61	17305	17.730532786885245	0.4763159756637858	0.013753322745222661	0.01078454382665037
GOTERM_MF_FAT	GO:0070888~E-box binding	4	6.25	0.0014238021344173241	P37231, P35869, P01106, Q16665	64	61	17305	17.730532786885245	0.4763159756637858	0.013753322745222661	0.01078454382665037
GOTERM_BP_FAT	GO:0010959~regulation of metal ion transport	7	10.9375	0.0014551508472475743	P29474, P10415, Q07812, P31749, P01579, P02778, P13500	64	375	19104	5.571999999999999	0.994841522324331	0.006997108329318123	0.005238156041887212
GOTERM_MF_FAT	GO:0043167~ion binding	37	57.8125	0.0014644020293422635	Q9NRD8, P01583, O75469, P29474, P28482, P04637, P35354, P14780, Q07869, P04040, P08684, P09211, P05177, P31645, P01033, O96017, P35968, O15392, Q9UNQ0, Q15848, P09917, O15111, P04626, P31749, P03956, P27361, P38936, P35228, P37231, P23219, Q04206, P09488, P05164, P08253, P08254, P00533, P09601	64	6557	17305	1.5257668331554064	0.48589399147563994	0.013826960520075067	0.01084228622279014
GOTERM_BP_FAT	GO:0002702~positive regulation of production of molecular mediator of immune response	5	7.8125	0.0014813528124542014	P05231, P60568, P01584, P22301, P01375	64	149	19104	10.016778523489933	0.9953086065500348	0.007113641128598131	0.005325394506392461
GOTERM_MF_FAT	GO:0098531~ligand-modulated transcription factor activity	4	6.25	0.0014923371486424632	P37231, P35869, O75469, Q07869	64	62	17305	17.444556451612904	0.49238252343480626	0.013826960520075067	0.01084228622279014
GOTERM_BP_FAT	GO:0007423~sensory organ development	9	14.0625	0.0015070054266105245	Q9NRD8, P35968, P10415, P28482, Q07812, P27361, P01106, Q16665, P00533	64	667	19104	4.0277361319340335	0.9957249093871059	0.00722723026873164	0.005410429296862984
GOTERM_BP_FAT	GO:0061008~hepaticobiliary system development	5	7.8125	0.0015182123009041335	P24385, Q04206, P05231, P22301, P01375	64	150	19104	9.950000000000001	0.9958949881609439	0.0072713320265819165	0.0054434446338377344
GOTERM_BP_FAT	GO:0051044~positive regulation of membrane protein ectodomain proteolysis	3	4.6875	0.0015827565672506979	P01579, P01584, P01375	64	18	19104	49.75	0.9967508628052517	0.007560432955321696	0.005659870578002165
GOTERM_BP_FAT	GO:0044819~mitotic G1/S transition checkpoint signaling	3	4.6875	0.0015827565672506979	P24385, P04637, P38936	64	18	19104	49.75	0.9967508628052517	0.007560432955321696	0.005659870578002165
GOTERM_MF_FAT	GO:0001216~DNA-binding transcription activator activity	8	12.5	0.0015900308196019042	P37231, O75469, Q07869, Q04206, P04637, P01106, Q16665, Q16236	64	472	17305	4.582891949152542	0.5144381000813573	0.01443747984198529	0.011321019435565557
GOTERM_BP_FAT	GO:0002763~positive regulation of myeloid leukocyte differentiation	4	6.25	0.0015984446187014862	P01579, Q14790, P01375, P06400	64	70	19104	17.057142857142857	0.9969303750127942	0.007615251305961231	0.005700908541271308
GOTERM_BP_FAT	GO:2001244~positive regulation of intrinsic apoptotic signaling pathway	4	6.25	0.0015984446187014862	P04637, Q07812, P01106, P08253	64	70	19104	17.057142857142857	0.9969303750127942	0.007615251305961231	0.005700908541271308
GOTERM_CC_FAT	GO:0009986~cell surface	11	17.1875	0.0016504112790677885	Q9NRD8, P00749, P35968, Q9UNQ0, Q15848, P19320, P02778, P05362, P00533, P29965, P01375	59	970	16775	3.2242704875065527	0.3836683019291096	0.034540750340490145	0.031357814302287984
GOTERM_BP_FAT	GO:0014015~positive regulation of gliogenesis	4	6.25	0.0016650637526538594	P37231, P05231, P01584, P01375	64	71	19104	16.816901408450704	0.997588617679322	0.007911787818129245	0.005922900891503282
GOTERM_BP_FAT	GO:0050994~regulation of lipid catabolic process	4	6.25	0.0016650637526538594	Q07869, P31749, P01584, P01375	64	71	19104	16.816901408450704	0.997588617679322	0.007911787818129245	0.005922900891503282
GOTERM_BP_FAT	GO:0051961~negative regulation of nervous system development	5	7.8125	0.001672059634114555	P04637, P05231, P01584, P01375, P06400	64	154	19104	9.691558441558442	0.9976489694478763	0.007934603198107914	0.0059399808786720475
GOTERM_BP_FAT	GO:0043086~negative regulation of catalytic activity	5	7.8125	0.0017121526852955855	P01033, Q15848, P04637, P08253, P06400	64	155	19104	9.629032258064518	0.9979668396617092	0.008114212463995855	0.006074439474567693
GOTERM_BP_FAT	GO:2000379~positive regulation of reactive oxygen species metabolic process	4	6.25	0.0017333977773764588	P04637, P38936, P09211, Q16236	64	72	19104	16.583333333333336	0.998117472500099	0.00819342008234415	0.0061337356645203575
GOTERM_BP_FAT	GO:0008637~apoptotic mitochondrial changes	4	6.25	0.0017333977773764588	P10415, P04637, Q07812, P31749	64	72	19104	16.583333333333336	0.998117472500099	0.00819342008234415	0.0061337356645203575
GOTERM_MF_FAT	GO:0070851~growth factor receptor binding	5	7.8125	0.0017335598283893506	P01583, P05231, P60568, P01584, P22301	64	141	17305	9.588320035460994	0.5451188662470183	0.01543208160958363	0.01210092742954135
GOTERM_BP_FAT	GO:0035234~ectopic germ cell programmed cell death	3	4.6875	0.0017652110157660565	P01583, Q07812, P01584	64	19	19104	47.13157894736842	0.9983224319372445	0.008311201865898515	0.00622190914020666
GOTERM_BP_FAT	GO:0006525~arginine metabolic process	3	4.6875	0.0017652110157660565	P11926, P29474, P35228	64	19	19104	47.13157894736842	0.9983224319372445	0.008311201865898515	0.00622190914020666
GOTERM_BP_FAT	GO:0009651~response to salt stress	3	4.6875	0.0017652110157660565	P04637, Q07812, P01375	64	19	19104	47.13157894736842	0.9983224319372445	0.008311201865898515	0.00622190914020666
GOTERM_BP_FAT	GO:1903829~positive regulation of protein localization	8	12.5	0.0017937810484721748	P01583, P37231, P31749, P01579, Q16665, P00533, P01584, P01375	64	532	19104	4.488721804511278	0.9984874104169599	0.008426390968177086	0.006308141689948941
GOTERM_BP_FAT	GO:0042770~signal transduction in response to DNA damage	5	7.8125	0.0017943365723164701	O96017, P24385, P04637, P27361, P38936	64	157	19104	9.506369426751592	0.998490452108268	0.008426390968177086	0.006308141689948941
GOTERM_BP_FAT	GO:0043470~regulation of carbohydrate catabolic process	4	6.25	0.001803462618784618	Q07869, P04637, P01579, Q16665	64	73	19104	16.356164383561644	0.9985395541004471	0.008451273027374355	0.006326768828844685
GOTERM_BP_FAT	GO:0033044~regulation of chromosome organization	6	9.375	0.0018043093963310294	O15392, P04637, P28482, P27361, P01106, P06400	64	265	19104	6.758490566037736	0.9985440283616306	0.008451273027374355	0.006326768828844685
GOTERM_BP_FAT	GO:0007610~behavior	9	14.0625	0.001815129603359875	P31645, P10415, Q07869, P04637, P28482, P31749, Q16665, P00533, P42574	64	687	19104	3.910480349344978	0.9986000089737461	0.008490955557243607	0.006356475855491826
GOTERM_MF_FAT	GO:0002020~protease binding	5	7.8125	0.0018723195133589733	P01033, P10415, P04637, P42574, P01375	64	144	17305	9.388563368055555	0.572939598600845	0.016346789597403343	0.012818187437611431
GOTERM_BP_FAT	GO:0061045~negative regulation of wound healing	4	6.25	0.001875273998256586	P00749, P09917, P29474, P01375	64	74	19104	16.135135135135137	0.9988741690345847	0.00873839017744306	0.0065417096820626006
GOTERM_BP_FAT	GO:0070301~cellular response to hydrogen peroxide	4	6.25	0.001875273998256586	Q04206, P04040, P05231, Q16236	64	74	19104	16.135135135135137	0.9988741690345847	0.00873839017744306	0.0065417096820626006
GOTERM_BP_FAT	GO:0008286~insulin receptor signaling pathway	4	6.25	0.001875273998256586	P28482, P27361, P31749, P01344	64	74	19104	16.135135135135137	0.9988741690345847	0.00873839017744306	0.0065417096820626006
GOTERM_BP_FAT	GO:0001501~skeletal system development	8	12.5	0.0019114698729669301	P01033, P14780, P04637, P27361, P01106, P08253, Q16665, P06400	64	538	19104	4.438661710037175	0.9990125677886526	0.008895592098646614	0.006659393753052098
GOTERM_BP_FAT	GO:0044773~mitotic DNA damage checkpoint signaling	4	6.25	0.0019488474337012395	O96017, P24385, P04637, P38936	64	75	19104	15.920000000000002	0.9991376581595077	0.009034656820850875	0.006763500003883661
GOTERM_BP_FAT	GO:0071479~cellular response to ionizing radiation	4	6.25	0.0019488474337012395	O96017, P04637, P38936, P01375	64	75	19104	15.920000000000002	0.9991376581595077	0.009034656820850875	0.006763500003883661
GOTERM_BP_FAT	GO:0032890~regulation of organic acid transport	4	6.25	0.0019488474337012395	Q07869, P31749, P01584, P01375	64	75	19104	15.920000000000002	0.9991376581595077	0.009034656820850875	0.006763500003883661
GOTERM_BP_FAT	GO:0048143~astrocyte activation	3	4.6875	0.0019571862585931535	P01579, P01584, P01375	64	20	19104	44.775000000000006	0.99916332876143	0.009050109349198008	0.006775068033263001
GOTERM_BP_FAT	GO:0110076~negative regulation of ferroptosis	3	4.6875	0.0019571862585931535	P09211, Q16236, P09601	64	20	19104	44.775000000000006	0.99916332876143	0.009050109349198008	0.006775068033263001
GOTERM_BP_FAT	GO:0071695~anatomical structure maturation	6	9.375	0.0019895381744142113	P37231, P35968, P10415, P08253, Q16665, P06400	64	271	19104	6.608856088560885	0.9992558944038565	0.00918795662666895	0.006878262883958199
GOTERM_BP_FAT	GO:1903047~mitotic cell cycle process	8	12.5	0.001993211515919429	O96017, P24385, O15392, P10415, P04637, P01106, P38936, P06400	64	542	19104	4.405904059040591	0.9992657350229016	0.009193179644852877	0.006882172925502417
GOTERM_BP_FAT	GO:0002705~positive regulation of leukocyte mediated immunity	5	7.8125	0.0020117177422830346	P05231, P35228, P60568, P01584, P01375	64	162	19104	9.212962962962962	0.9993133678952454	0.00926671510330631	0.006937222838675382
GOTERM_BP_FAT	GO:0045862~positive regulation of proteolysis	4	6.25	0.0020241982408689017	P01579, Q14790, P01584, P01375	64	76	19104	15.710526315789473	0.9993437345235439	0.009312342034328179	0.006971379946605747
GOTERM_BP_FAT	GO:0000075~cell cycle checkpoint signaling	5	7.8125	0.002057283388553952	O96017, P24385, O15392, P04637, P38936	64	163	19104	9.156441717791411	0.9994178944987983	0.009452524438387663	0.00707632291336156
GOTERM_BP_FAT	GO:0002285~lymphocyte activation involved in immune response	5	7.8125	0.0021035587953072235	P04637, P05362, P05231, P29965, P22301	64	164	19104	9.100609756097562	0.9995077805687131	0.009652878938871727	0.00722631174986885
KEGG_PATHWAY	hsa05020:Prion disease	8	12.5	0.002143525150821322	P01583, P28482, Q07812, P27361, P05231, P42574, P01584, P01375	63	275	9375	4.329004329004329	0.37763435134466306	0.004102263650709771	0.002143525150821322
GOTERM_BP_FAT	GO:0010508~positive regulation of autophagy	5	7.8125	0.0021505496382020575	P35968, P27361, P01579, Q16665, P09601	64	165	19104	9.045454545454547	0.9995848680425002	0.009855515459972233	0.00737800894638961
GOTERM_BP_FAT	GO:1904037~positive regulation of epithelial cell apoptotic process	3	4.6875	0.0021586195365868384	Q07812, P05231, P09601	64	21	19104	42.642857142857146	0.9995968355305264	0.009855515459972233	0.00737800894638961
GOTERM_BP_FAT	GO:0042744~hydrogen peroxide catabolic process	3	4.6875	0.0021586195365868384	Q9NRD8, P04040, P05164	64	21	19104	42.642857142857146	0.9995968355305264	0.009855515459972233	0.00737800894638961
GOTERM_BP_FAT	GO:0055093~response to hyperoxia	3	4.6875	0.0021586195365868384	P37231, P04040, P08253	64	21	19104	42.642857142857146	0.9995968355305264	0.009855515459972233	0.00737800894638961
GOTERM_BP_FAT	GO:0061061~muscle structure development	8	12.5	0.0021870762829225626	O15111, P10415, P31749, P01106, P02778, P42574, P01344, P06400	64	551	19104	4.333938294010889	0.9996363498038419	0.009972847211914233	0.007465845520644864
GOTERM_MF_FAT	GO:0030295~protein kinase activator activity	5	7.8125	0.002225723454655521	P24385, Q15848, P00533, P01344, P29965	64	151	17305	8.953331953642385	0.6363649930525579	0.01906563110214352	0.01495014245013897
KEGG_PATHWAY	hsa04371:Apelin signaling pathway	6	9.375	0.002260265005130504	P24385, P29474, P28482, P27361, P31749, P35228	63	140	9375	6.377551020408163	0.3935202505720594	0.004288707958452751	0.002260265005130504
GOTERM_BP_FAT	GO:0044774~mitotic DNA integrity checkpoint signaling	4	6.25	0.002261065049335481	O96017, P24385, P04637, P38936	64	79	19104	15.113924050632912	0.9997219006257573	0.010284290840751067	0.00769899759566182
GOTERM_BP_FAT	GO:1904377~positive regulation of protein localization to cell periphery	4	6.25	0.002261065049335481	P31749, P01579, P00533, P01375	64	79	19104	15.113924050632912	0.9997219006257573	0.010284290840751067	0.00769899759566182
GOTERM_BP_FAT	GO:0045165~cell fate commitment	6	9.375	0.0023286975736485707	P37231, P35968, P10415, P04637, P05231, P42574	64	281	19104	6.3736654804270465	0.9997823716068411	0.010578606063207577	0.00791932705008377
GOTERM_MF_FAT	GO:0019903~protein phosphatase binding	5	7.8125	0.002334591024345137	P37231, P42224, P10415, P04637, P00533	64	153	17305	8.836294934640524	0.6539401270189522	0.01962785787134615	0.015391007493830903
GOTERM_BP_FAT	GO:0071621~granulocyte chemotaxis	4	6.25	0.0023436745087419605	P02778, P13500, P01584, P10145	64	80	19104	14.925	0.9997938733956405	0.010629501628380745	0.007957428348458705
GOTERM_BP_FAT	GO:0007204~positive regulation of cytosolic calcium ion concentration	5	7.8125	0.0023457805031658835	P10415, Q07812, P13500, P60568, P10145	64	169	19104	8.831360946745562	0.999795441237829	0.010629501628380745	0.007957428348458705
GOTERM_BP_FAT	GO:0010224~response to UV-B	3	4.6875	0.0023694483898499138	P10415, Q04206, P38936	64	22	19104	40.70454545454545	0.9998122622149285	0.010709906722121609	0.008017620989154645
GOTERM_BP_FAT	GO:0071637~regulation of monocyte chemotactic protein-1 production	3	4.6875	0.0023694483898499138	Q15848, P09211, P01584	64	22	19104	40.70454545454545	0.9998122622149285	0.010709906722121609	0.008017620989154645
GOTERM_BP_FAT	GO:0002262~myeloid cell homeostasis	5	7.8125	0.002396433277573082	Q07812, P05231, P42574, P09601, P06400	64	170	19104	8.779411764705882	0.9998297600777982	0.010818355470292466	0.008098807593496047
GOTERM_BP_FAT	GO:0002699~positive regulation of immune effector process	6	9.375	0.002401289092568454	P05231, P35228, P60568, P01584, P22301, P01375	64	283	19104	6.328621908127209	0.9998327310438736	0.010826759798912131	0.008105099218931178
GOTERM_BP_FAT	GO:1903053~regulation of extracellular matrix organization	4	6.25	0.002428134935769234	P37231, P00749, P05231, P06400	64	81	19104	14.74074074074074	0.9998482451214102	0.010934166784236053	0.00818550594162804
GOTERM_MF_FAT	GO:0050839~cell adhesion molecule binding	9	14.0625	0.0024444398987142424	P31645, P42224, P35968, P19320, P05362, P00533, P01344, P29965, P01584	64	653	17305	3.7266701761102605	0.6708146518140707	0.0201777402548412	0.01582219279895037
GOTERM_BP_FAT	GO:0060485~mesenchyme development	6	9.375	0.002475517385148497	P42224, P29474, P10415, P28482, P27361, Q16665	64	285	19104	6.284210526315789	0.999872200449285	0.011133670229722593	0.008334857663677836
GOTERM_CC_FAT	GO:0030312~external encapsulating structure	8	12.5	0.0025265705925674657	P01033, P14780, Q15848, P03956, P31749, P05362, P08253, P08254	59	541	16775	4.20439236818196	0.5234687393028008	0.04935234557481783	0.044804518508196396
GOTERM_BP_FAT	GO:0090200~positive regulation of release of cytochrome c from mitochondria	3	4.6875	0.0025896106557587915	P14780, P04637, Q07812	64	23	19104	38.934782608695656	0.9999155009842964	0.011589148677257168	0.008675836689528526
GOTERM_BP_FAT	GO:0006809~nitric oxide biosynthetic process	3	4.6875	0.0025896106557587915	P29474, P31749, P35228	64	23	19104	38.934782608695656	0.9999155009842964	0.011589148677257168	0.008675836689528526
GOTERM_BP_FAT	GO:0009404~toxin metabolic process	3	4.6875	0.0025896106557587915	P08684, Q16236, P05177	64	23	19104	38.934782608695656	0.9999155009842964	0.011589148677257168	0.008675836689528526
GOTERM_BP_FAT	GO:0002281~macrophage activation involved in immune response	3	4.6875	0.0025896106557587915	P01579, P01584, P01375	64	23	19104	38.934782608695656	0.9999155009842964	0.011589148677257168	0.008675836689528526
GOTERM_BP_FAT	GO:0030307~positive regulation of cell growth	5	7.8125	0.002606592825129141	P10415, P04626, P31749, P00533, P60568	64	174	19104	8.577586206896552	0.9999205478164139	0.011650728869798482	0.008721936684331995
GOTERM_BP_FAT	GO:0051222~positive regulation of protein transport	6	9.375	0.0026683907134998535	P01583, P37231, P31749, Q16665, P01584, P01375	64	290	19104	6.175862068965517	0.9999364999105168	0.011912223234587	0.008917695878326054
GOTERM_MF_FAT	GO:0036094~small molecule binding	37	57.8125	0.0026924479373516925	Q9NRD8, P01583, O75469, P29474, P28482, P04637, P35354, P14780, Q07869, P04040, P08684, P09211, P05177, P31645, P01033, O96017, P35968, O15392, Q9UNQ0, Q15848, P09917, O15111, P04626, P31749, P03956, P27361, P38936, P35228, P37231, P23219, Q04206, P09488, P05164, P08253, P08254, P00533, P09601	64	6756	17305	1.4808249148904677	0.7059542492436076	0.021828060063529796	0.01711627617316433
GOTERM_BP_FAT	GO:0043491~phosphatidylinositol 3-kinase/protein kinase B signal transduction	4	6.25	0.0026927623823990244	P04626, P31749, P00533, P01375	64	84	19104	14.214285714285715	0.9999418717338306	0.01200620070869898	0.008988049037181454
GOTERM_BP_FAT	GO:0045936~negative regulation of phosphate metabolic process	5	7.8125	0.0027162796868106585	Q15848, Q07869, P04637, P38936, P06400	64	176	19104	8.480113636363637	0.9999466241023958	0.012096142053580469	0.009055380680044892
GOTERM_BP_FAT	GO:0098609~cell-cell adhesion	8	12.5	0.0027227337533370336	P31645, P10415, P19320, P05362, P00533, P29965, P01584, P01375	64	573	19104	4.167539267015707	0.9999478590164761	0.012109969559737655	0.009065732189770418
GOTERM_CC_FAT	GO:0031967~organelle envelope	13	20.3125	0.002774482373523165	P35968, P24385, Q9UNQ0, P09917, P10415, P31749, P27361, P35354, Q07812, P01106, Q14790, P00533, P09601	59	1409	16775	2.623269297855192	0.5569413595238022	0.05080770846514296	0.04612576945982262
GOTERM_BP_FAT	GO:0050730~regulation of peptidyl-tyrosine phosphorylation	4	6.25	0.0027847660814927914	P01579, P05231, P00533, P22301	64	85	19104	14.047058823529413	0.9999583641833966	0.012370656204764047	0.009260886710812023
GOTERM_BP_FAT	GO:1903409~reactive oxygen species biosynthetic process	3	4.6875	0.002819044468793047	Q9NRD8, P05164, P05177	64	24	19104	37.3125	0.9999632320156551	0.012492236273475073	0.009351903648312229
GOTERM_BP_FAT	GO:0060252~positive regulation of glial cell proliferation	3	4.6875	0.002819044468793047	P05231, P01584, P01375	64	24	19104	37.3125	0.9999632320156551	0.012492236273475073	0.009351903648312229
GOTERM_BP_FAT	GO:0010563~negative regulation of phosphorus metabolic process	5	7.8125	0.002829097063621252	Q15848, Q07869, P04637, P38936, P06400	64	178	19104	8.384831460674157	0.999964548546069	0.012506130784907636	0.00936230531934319
GOTERM_BP_FAT	GO:0019318~hexose metabolic process	5	7.8125	0.002829097063621252	Q15848, Q07869, P31749, P01344, P01375	64	178	19104	8.384831460674157	0.999964548546069	0.012506130784907636	0.00936230531934319
GOTERM_BP_FAT	GO:0048699~generation of neurons	12	18.75	0.002935797195378392	P24385, P10415, P04626, P04637, Q07812, P19320, P08253, P05231, Q16665, P00533, P42574, P06400	64	1284	19104	2.789719626168224	0.9999759264377198	0.01296195684797102	0.00970354457617742
GOTERM_BP_FAT	GO:0051962~positive regulation of nervous system development	6	9.375	0.002956469702036618	P37231, P01579, P05231, Q16665, P01584, P01375	64	297	19104	6.03030303030303	0.9999776657619325	0.013037310295810258	0.009759955467576981
GOTERM_BP_FAT	GO:0001836~release of cytochrome c from mitochondria	3	4.6875	0.003057688258293426	P10415, P04637, Q07812	64	25	19104	35.82	0.9999845299006395	0.013450852484171567	0.010069540286131757
GOTERM_BP_FAT	GO:0030224~monocyte differentiation	3	4.6875	0.003057688258293426	P01583, P37231, P01584	64	25	19104	35.82	0.9999845299006395	0.013450852484171567	0.010069540286131757
GOTERM_MF_FAT	GO:0042379~chemokine receptor binding	4	6.25	0.003094779126202835	P42224, P02778, P13500, P10145	64	80	17305	13.51953125	0.7551742014576869	0.024255222085206796	0.01901951335315775
GOTERM_BP_FAT	GO:0048762~mesenchymal cell differentiation	5	7.8125	0.0031251251185126982	P42224, P10415, P28482, P27361, Q16665	64	183	19104	8.155737704918034	0.9999878875533542	0.013730804894947652	0.01027911749187591
GOTERM_MF_FAT	GO:0016702~oxidoreductase activity, acting on single donors with incorporation of molecular oxygen, incorporation of two atoms of oxygen	3	4.6875	0.0031414401341954704	P09917, P23219, P35354	64	23	17305	35.268342391304344	0.7603219480203884	0.024255222085206796	0.01901951335315775
GOTERM_BP_FAT	GO:0048864~stem cell development	4	6.25	0.0031721089186140883	P10415, P28482, P27361, Q16665	64	89	19104	13.415730337078651	0.9999897860299088	0.013920322633141436	0.010420993741126624
GOTERM_BP_FAT	GO:0043409~negative regulation of MAPK cascade	5	7.8125	0.003186771775470562	P37231, Q15848, P01106, P09211, P01584	64	184	19104	8.111413043478262	0.9999903152577273	0.013967717260729153	0.01045647417721068
GOTERM_MF_FAT	GO:0008083~growth factor activity	5	7.8125	0.0032013903506176258	P01033, P05231, P01344, P60568, P22301	64	167	17305	8.095527694610778	0.7667775819486149	0.024255222085206796	0.01901951335315775
GOTERM_MF_FAT	GO:0043539~protein serine/threonine kinase activator activity	4	6.25	0.003205535958397374	P24385, Q15848, P01344, P29965	64	81	17305	13.352623456790123	0.7672175264497401	0.024255222085206796	0.01901951335315775
GOTERM_BP_FAT	GO:0002520~immune system development	5	7.8125	0.0032492447756477458	P10415, P04637, P28482, P27361, P29965	64	185	19104	8.067567567567568	0.999992279668222	0.014224296741818705	0.010648554004453326
GOTERM_BP_FAT	GO:0045649~regulation of macrophage differentiation	3	4.6875	0.0033054807474168202	Q15848, Q14790, P06400	64	26	19104	34.44230769230769	0.9999937048279146	0.014452984743239689	0.010819753788702941
GOTERM_BP_FAT	GO:0008610~lipid biosynthetic process	8	12.5	0.0033234920686047377	Q9UNQ0, P09917, P23219, P08684, P09488, P09211, P35354, P05177	64	594	19104	4.02020202020202	0.9999941031435227	0.014514187584631319	0.010865571291923944
GOTERM_MF_FAT	GO:0016701~oxidoreductase activity, acting on single donors with incorporation of molecular oxygen	3	4.6875	0.003419013991788018	P09917, P23219, P35354	64	24	17305	33.798828125	0.7887878009666944	0.025446432004455084	0.01995358985371368
GOTERM_BP_FAT	GO:0043085~positive regulation of catalytic activity	6	9.375	0.0034537833611802253	Q15848, P04626, P27361, P31749, P38936, P01375	64	308	19104	5.8149350649350655	0.9999963249989033	0.015064994733447159	0.011277915028606597
GOTERM_BP_FAT	GO:0061756~leukocyte adhesion to vascular endothelial cell	3	4.6875	0.0035623609528490866	P19320, P05362, P01375	64	27	19104	33.166666666666664	0.9999975220150163	0.015501200006621297	0.011604465823540888
GOTERM_BP_FAT	GO:0097300~programmed necrotic cell death	3	4.6875	0.0035623609528490866	P04637, Q07812, P01375	64	27	19104	33.166666666666664	0.9999975220150163	0.015501200006621297	0.011604465823540888
GOTERM_BP_FAT	GO:0034103~regulation of tissue remodeling	4	6.25	0.0035909894194551466	P37231, P04637, P05231, P60568	64	93	19104	12.838709677419354	0.9999977666004903	0.01560699247686275	0.011683663892385916
KEGG_PATHWAY	hsa04930:Type II diabetes mellitus	4	6.25	0.0036311213724627396	Q15848, P28482, P27361, P01375	63	47	9375	12.664640324214792	0.5524371512686432	0.00683143173463329	0.0036311213724627396
GOTERM_BP_FAT	GO:0051591~response to cAMP	4	6.25	0.003700729637085761	Q9NRD8, P42224, P35869, Q15848	64	94	19104	12.702127659574469	0.9999985004845042	0.016045369745446177	0.012011840680564934
GOTERM_BP_FAT	GO:0032370~positive regulation of lipid transport	4	6.25	0.003700729637085761	P37231, Q15848, P05164, P01584	64	94	19104	12.702127659574469	0.9999985004845042	0.016045369745446177	0.012011840680564934
GOTERM_CC_FAT	GO:0005654~nucleoplasm	27	42.1875	0.003769939181394578	P24385, O75469, P28482, P04637, P42224, Q07869, Q16236, P25963, P06400, O96017, P35869, O15392, Q9UNQ0, P09917, O15111, P04626, P31749, P27361, P38936, P35228, P37231, Q04206, P01106, P05164, Q16665, P42574, P09601	59	4642	16775	1.6537472889388705	0.6693449363148868	0.0634608005087831	0.0576128769124106
GOTERM_MF_FAT	GO:0008047~enzyme activator activity	9	14.0625	0.003804676770313738	P11926, P24385, Q15848, Q14790, P00533, P42574, P01344, P60568, P29965	64	702	17305	3.466546474358974	0.8228250409773078	0.027860052479394146	0.021846208552124047
KEGG_PATHWAY	hsa04110:Cell cycle	6	9.375	0.003811354875789029	O96017, P24385, P04637, P01106, P38936, P06400	63	158	9375	5.650994575045207	0.5699779050015836	0.007110258675841718	0.003811354875789029
GOTERM_BP_FAT	GO:0002053~positive regulation of mesenchymal cell proliferation	3	4.6875	0.003828268182362321	P42224, P35968, P01106	64	28	19104	31.982142857142858	0.999999056263249	0.016558633669165258	0.012396078911070339
GOTERM_BP_FAT	GO:0071480~cellular response to gamma radiation	3	4.6875	0.003828268182362321	O96017, P04637, P38936	64	28	19104	31.982142857142858	0.999999056263249	0.016558633669165258	0.012396078911070339
GOTERM_BP_FAT	GO:0001822~kidney development	6	9.375	0.003903434807359536	P11926, P42224, P10415, Q07812, P04040, P01106	64	317	19104	5.649842271293375	0.9999992816804963	0.016863584544100453	0.012624370398473434
GOTERM_BP_FAT	GO:0097530~granulocyte migration	4	6.25	0.003926316909588175	P02778, P13500, P01584, P10145	64	96	19104	12.4375	0.9999993389532186	0.016922004702110655	0.01266810473689534
GOTERM_BP_FAT	GO:1905477~positive regulation of protein localization to membrane	4	6.25	0.003926316909588175	P31749, P01579, P00533, P01375	64	96	19104	12.4375	0.9999993389532186	0.016922004702110655	0.01266810473689534
GOTERM_BP_FAT	GO:0050672~negative regulation of lymphocyte proliferation	4	6.25	0.004042186895617221	P04626, P42574, P60568, P22301	64	97	19104	12.309278350515465	0.9999995659991968	0.01735932044483595	0.012995486848498595
GOTERM_BP_FAT	GO:0016239~positive regulation of macroautophagy	4	6.25	0.004042186895617221	P35968, P27361, Q16665, P09601	64	97	19104	12.309278350515465	0.9999995659991968	0.01735932044483595	0.012995486848498595
GOTERM_BP_FAT	GO:0072331~signal transduction by p53 class mediator	4	6.25	0.004042186895617221	O96017, P04637, Q07812, P38936	64	97	19104	12.309278350515465	0.9999995659991968	0.01735932044483595	0.012995486848498595
GOTERM_CC_FAT	GO:0101002~ficolin-1-rich granule	5	7.8125	0.004044997081410463	P14780, P09917, P28482, P04040, P09211	59	188	16775	7.561756220699603	0.6950439654328602	0.0634608005087831	0.0576128769124106
KEGG_PATHWAY	hsa05231:Choline metabolism in cancer	5	7.8125	0.00408556495598697	P28482, P27361, P31749, Q16665, P00533	63	99	9375	7.515632515632515	0.5953607473009623	0.007558295168575895	0.00408556495598697
GOTERM_BP_FAT	GO:0010165~response to X-ray	3	4.6875	0.004103142034197525	P24385, P04637, P42574	64	29	19104	30.879310344827587	0.9999996521852339	0.017579338383481337	0.01316019607413827
GOTERM_BP_FAT	GO:0002360~T cell lineage commitment	3	4.6875	0.004103142034197525	P10415, P04637, P05231	64	29	19104	30.879310344827587	0.9999996521852339	0.017579338383481337	0.01316019607413827
GOTERM_CC_FAT	GO:0005925~focal adhesion	7	10.9375	0.004115205493743614	P31645, P00749, P28482, P27361, P04040, P05362, P00533	59	442	16775	4.502837640923383	0.701278328131474	0.0634608005087831	0.0576128769124106
GOTERM_BP_FAT	GO:0006140~regulation of nucleotide metabolic process	4	6.25	0.004160122778804078	Q07869, P04637, P01579, Q16665	64	98	19104	12.183673469387754	0.9999997172068691	0.017760335263465817	0.013295693461892136
GOTERM_BP_FAT	GO:1900542~regulation of purine nucleotide metabolic process	4	6.25	0.004160122778804078	Q07869, P04637, P01579, Q16665	64	98	19104	12.183673469387754	0.9999997172068691	0.017760335263465817	0.013295693461892136
GOTERM_BP_FAT	GO:1905897~regulation of response to endoplasmic reticulum stress	4	6.25	0.004160122778804078	P09917, Q07812, P31749, Q16236	64	98	19104	12.183673469387754	0.9999997172068691	0.017760335263465817	0.013295693461892136
GOTERM_BP_FAT	GO:0033365~protein localization to organelle	9	14.0625	0.004181922914921413	P29474, P04626, P04637, Q07812, P31749, P38936, P00533, P25963, P06400	64	787	19104	3.4135959339263025	0.9999997387352438	0.01783235054287244	0.013349605342797482
GOTERM_BP_FAT	GO:0032945~negative regulation of mononuclear cell proliferation	4	6.25	0.004280135591637329	P04626, P42574, P60568, P22301	64	99	19104	12.06060606060606	0.9999998171274183	0.01820820035218892	0.013630972995955589
GOTERM_BP_FAT	GO:0009791~post-embryonic development	4	6.25	0.004280135591637329	P35968, P10415, Q07812, P05177	64	99	19104	12.06060606060606	0.9999998171274183	0.01820820035218892	0.013630972995955589
GOTERM_BP_FAT	GO:0030324~lung development	5	7.8125	0.004289129404038193	P35968, P29474, P28482, P27361, P05177	64	200	19104	7.4624999999999995	0.9999998230054334	0.0182250198883691	0.013643564390988704
KEGG_PATHWAY	hsa04672:Intestinal immune network for IgA production	4	6.25	0.004327935590399342	P05231, P60568, P29965, P22301	63	50	9375	11.904761904761905	0.6165513384284086	0.007940509926187223	0.004327935590399342
GOTERM_BP_FAT	GO:0021700~developmental maturation	6	9.375	0.004337149960768802	P37231, P35968, P10415, P08253, Q16665, P06400	64	325	19104	5.510769230769231	0.9999998513378495	0.018407434575281677	0.013780123173475527
GOTERM_BP_FAT	GO:0036296~response to increased oxygen levels	3	4.6875	0.004386922395894767	P37231, P04040, P08253	64	30	19104	29.849999999999998	0.9999998759281712	0.018553346647433307	0.013889355468639923
GOTERM_BP_FAT	GO:0050995~negative regulation of lipid catabolic process	3	4.6875	0.004386922395894767	P31749, P01584, P01375	64	30	19104	29.849999999999998	0.9999998759281712	0.018553346647433307	0.013889355468639923
GOTERM_BP_FAT	GO:0010759~positive regulation of macrophage chemotaxis	3	4.6875	0.004386922395894767	P28482, P27361, P13500	64	30	19104	29.849999999999998	0.9999998759281712	0.018553346647433307	0.013889355468639923
GOTERM_BP_FAT	GO:1903035~negative regulation of response to wounding	4	6.25	0.004402236195389425	P00749, P09917, P29474, P01375	64	100	19104	11.94	0.9999998826423442	0.018574662873428426	0.013905313163266245
GOTERM_BP_FAT	GO:0002286~T cell activation involved in immune response	4	6.25	0.004402236195389425	P04637, P05362, P05231, P22301	64	100	19104	11.94	0.9999998826423442	0.018574662873428426	0.013905313163266245
GOTERM_BP_FAT	GO:0000278~mitotic cell cycle	8	12.5	0.004428475621796079	O96017, P24385, O15392, P10415, P04637, P01106, P38936, P06400	64	626	19104	3.8146964856230032	0.9999998933132209	0.018663598890926135	0.013971892200701616
GOTERM_BP_FAT	GO:0005996~monosaccharide metabolic process	5	7.8125	0.004442878366334677	Q15848, Q07869, P31749, P01344, P01375	64	202	19104	7.388613861386139	0.9999998987522574	0.018680753689146734	0.013984734578683686
GOTERM_BP_FAT	GO:0048863~stem cell differentiation	5	7.8125	0.004442878366334677	P10415, P04637, P28482, P27361, Q16665	64	202	19104	7.388613861386139	0.9999998987522574	0.018680753689146734	0.013984734578683686
GOTERM_BP_FAT	GO:0072001~renal system development	6	9.375	0.004508346142495572	P11926, P42224, P10415, Q07812, P04040, P01106	64	328	19104	5.460365853658537	0.999999920185205	0.018934006563605096	0.014174324050796182
GOTERM_BP_FAT	GO:0036211~protein modification process	13	20.3125	0.004599924371478529	O96017, P35968, P10415, P04626, P28482, P31749, P27361, P13500, P35228, Q07869, P00533, Q16236, P01375	64	1564	19104	2.48113810741688	0.9999999427770507	0.01927546083122799	0.01442994260789109
GOTERM_BP_FAT	GO:0030323~respiratory tube development	5	7.8125	0.004600310480461769	P35968, P29474, P28482, P27361, P05177	64	204	19104	7.3161764705882355	0.9999999428572789	0.01927546083122799	0.01442994260789109
GOTERM_CC_FAT	GO:0030055~cell-substrate junction	7	10.9375	0.004636220806769042	P31645, P00749, P28482, P27361, P04040, P05362, P00533	59	453	16775	4.393497212556591	0.743742226601446	0.06792063481916646	0.06166173673002826
GOTERM_MF_FAT	GO:0004175~endopeptidase activity	7	10.9375	0.004676705876640373	P00749, P14780, P03956, Q14790, P08253, P08254, P42574	64	430	17305	4.4017078488372094	0.880949183795219	0.033701975682456024	0.026427099874348776
GOTERM_BP_FAT	GO:0110075~regulation of ferroptosis	3	4.6875	0.004679549442736251	P09211, Q16236, P09601	64	31	19104	28.887096774193548	0.9999999571541558	0.019584781001081346	0.014661505024869249
GOTERM_BP_FAT	GO:0098771~inorganic ion homeostasis	7	10.9375	0.0046995172787326865	P01583, P35968, P10415, Q07812, P01106, Q16665, P09601	64	475	19104	4.3989473684210525	0.9999999601530964	0.019639797928744842	0.014702691646325301
GOTERM_BP_FAT	GO:0055082~intracellular chemical homeostasis	8	12.5	0.004703557800412896	P01583, P10415, Q07812, P01106, P05362, Q16665, P09211, P09601	64	633	19104	3.772511848341232	0.9999999607339178	0.019639797928744842	0.014702691646325301
GOTERM_BP_FAT	GO:1903532~positive regulation of secretion by cell	6	9.375	0.004744053070020729	P01583, P31645, P37231, P01579, Q16665, P01584	64	332	19104	5.394578313253012	0.9999999661074739	0.019786039101724284	0.014812170312048572
GOTERM_BP_FAT	GO:0046620~regulation of organ growth	4	6.25	0.004781170820920075	P31645, Q07869, P31749, P01344	64	103	19104	11.592233009708737	0.9999999703845214	0.019894952460813572	0.014893704732141131
GOTERM_BP_FAT	GO:0010660~regulation of muscle cell apoptotic process	4	6.25	0.004781170820920075	P37231, P04637, P01579, Q16236	64	103	19104	11.592233009708737	0.9999999703845214	0.019894952460813572	0.014893704732141131
GOTERM_BP_FAT	GO:0043279~response to alkaloid	4	6.25	0.004911727818855885	P31645, P37231, P01106, P42574	64	104	19104	11.480769230769232	0.9999999815738153	0.020391283344412033	0.015265266596604914
GOTERM_BP_FAT	GO:0010906~regulation of glucose metabolic process	4	6.25	0.004911727818855885	Q15848, Q07869, P31749, P01344	64	104	19104	11.480769230769232	0.9999999815738153	0.020391283344412033	0.015265266596604914
GOTERM_BP_FAT	GO:0010039~response to iron ion	3	4.6875	0.004980963637167089	P24385, P10415, Q16665	64	32	19104	27.984375	0.9999999856736296	0.020607739716242784	0.015427309571866487
GOTERM_BP_FAT	GO:1904036~negative regulation of epithelial cell apoptotic process	3	4.6875	0.004980963637167089	P10415, Q07869, P06400	64	32	19104	27.984375	0.9999999856736296	0.020607739716242784	0.015427309571866487
GOTERM_BP_FAT	GO:0030878~thyroid gland development	3	4.6875	0.004980963637167089	Q9NRD8, P28482, P27361	64	32	19104	27.984375	0.9999999856736296	0.020607739716242784	0.015427309571866487
GOTERM_BP_FAT	GO:0000077~DNA damage checkpoint signaling	4	6.25	0.005044424388849596	O96017, P24385, P04637, P38936	64	105	19104	11.37142857142857	0.9999999886251135	0.02084644410294873	0.015606007794989551
GOTERM_MF_FAT	GO:0004252~serine-type endopeptidase activity	5	7.8125	0.005158058590758259	P00749, P14780, P03956, P08253, P08254	64	191	17305	7.078288612565445	0.9044226023230444	0.036589978128191404	0.028691700911092816
GOTERM_BP_FAT	GO:0031334~positive regulation of protein-containing complex assembly	5	7.8125	0.0051809092973772	P04637, Q07812, P03956, P08254, P01375	64	211	19104	7.07345971563981	0.9999999930745354	0.021386036551730544	0.01600995601369872
GOTERM_BP_FAT	GO:0007155~cell adhesion	10	15.625	0.005286454739941923	P31645, P10415, P19320, P05362, P00533, P13500, P60568, P29965, P01584, P01375	64	1000	19104	2.985	0.9999999952817462	0.021716956081393155	0.01625768808416241
GOTERM_BP_FAT	GO:1903055~positive regulation of extracellular matrix organization	3	4.6875	0.005291105726688985	P00749, P05231, P06400	64	33	19104	27.136363636363633	0.9999999953608706	0.021716956081393155	0.01625768808416241
GOTERM_BP_FAT	GO:0045742~positive regulation of epidermal growth factor receptor signaling pathway	3	4.6875	0.005291105726688985	P00749, P14780, P00533	64	33	19104	27.136363636363633	0.9999999953608706	0.021716956081393155	0.01625768808416241
GOTERM_BP_FAT	GO:1902042~negative regulation of extrinsic apoptotic signaling pathway via death domain receptors	3	4.6875	0.005291105726688985	P29474, P05362, P09601	64	33	19104	27.136363636363633	0.9999999953608706	0.021716956081393155	0.01625768808416241
GOTERM_BP_FAT	GO:0010893~positive regulation of steroid biosynthetic process	3	4.6875	0.005291105726688985	P28482, P01579, P01375	64	33	19104	27.136363636363633	0.9999999953608706	0.021716956081393155	0.01625768808416241
GOTERM_MF_FAT	GO:0051721~protein phosphatase 2A binding	3	4.6875	0.005313586077190884	P42224, P10415, P04637	64	30	17305	27.0390625	0.9109716157899778	0.03711335506222556	0.02910210220738392
GOTERM_BP_FAT	GO:0048534~hematopoietic or lymphoid organ development	4	6.25	0.005455449312300256	P10415, P04637, P28482, P27361	64	108	19104	11.055555555555555	0.9999999974479814	0.022340775439725628	0.01672469002083442
GOTERM_BP_FAT	GO:0043255~regulation of carbohydrate biosynthetic process	4	6.25	0.005455449312300256	Q15848, Q07869, P31749, P01344	64	108	19104	11.055555555555555	0.9999999974479814	0.022340775439725628	0.01672469002083442
GOTERM_CC_FAT	GO:0048471~perinuclear region of cytoplasm	9	14.0625	0.005475132562810211	P37231, P42224, P09917, P04626, P31749, P01106, P00533, P09601, P35228	59	788	16775	3.2473328744730274	0.7998366665782964	0.0757038890806146	0.06872776278308355
GOTERM_BP_FAT	GO:0031400~negative regulation of protein modification process	5	7.8125	0.005533816312065229	Q15848, Q04206, P31749, P38936, P06400	64	215	19104	6.941860465116279	0.999999998080883	0.02263606310455641	0.01694574746239884
GOTERM_BP_FAT	GO:0050890~cognition	6	9.375	0.005570835276242662	P31645, P28482, Q16665, P00533, P42574, P01375	64	345	19104	5.191304347826088	0.999999998322642	0.02276174051852369	0.01703983174326428
GOTERM_BP_FAT	GO:2000191~regulation of fatty acid transport	3	4.6875	0.005609916744074343	Q07869, P31749, P01584	64	34	19104	26.33823529411765	0.9999999985449102	0.022818289028765832	0.01708216493386867
GOTERM_BP_FAT	GO:0034142~toll-like receptor 4 signaling pathway	3	4.6875	0.005609916744074343	O15111, Q04206, P25963	64	34	19104	26.33823529411765	0.9999999985449102	0.022818289028765832	0.01708216493386867
GOTERM_BP_FAT	GO:0032682~negative regulation of chemokine production	3	4.6875	0.005609916744074343	P05231, P09211, P22301	64	34	19104	26.33823529411765	0.9999999985449102	0.022818289028765832	0.01708216493386867
GOTERM_BP_FAT	GO:0042771~intrinsic apoptotic signaling pathway in response to DNA damage by p53 class mediator	3	4.6875	0.005609916744074343	O96017, P04637, P38936	64	34	19104	26.33823529411765	0.9999999985449102	0.022818289028765832	0.01708216493386867
GOTERM_BP_FAT	GO:0034504~protein localization to nucleus	5	7.8125	0.005624493765865008	P29474, P04637, P31749, P38936, P25963	64	216	19104	6.909722222222222	0.9999999986200536	0.02285187579479536	0.01710730856651301
GOTERM_CC_FAT	GO:0030141~secretory granule	10	15.625	0.005829976707637865	P01033, P00749, P14780, P09917, P28482, P04040, P05164, P09211, P01344, P01584	59	972	16775	2.9251238055381177	0.8197087981690667	0.0757038890806146	0.06872776278308355
GOTERM_BP_FAT	GO:0048469~cell maturation	5	7.8125	0.005902484677980033	P37231, P35968, P10415, Q16665, P06400	64	219	19104	6.815068493150686	0.9999999994980613	0.02393468698203864	0.017917919706963107
KEGG_PATHWAY	hsa04350:TGF-beta signaling pathway	5	7.8125	0.005937176263330703	P28482, P27361, P01106, P01579, P01375	63	110	9375	6.7640692640692635	0.731801143677352	0.010803714184093574	0.005937176263330703
GOTERM_BP_FAT	GO:0032647~regulation of interferon-alpha production	3	4.6875	0.005937338004117439	P42224, O15111, P22301	64	35	19104	25.585714285714285	0.9999999995578439	0.02393468698203864	0.017917919706963107
GOTERM_BP_FAT	GO:0001774~microglial cell activation	3	4.6875	0.005937338004117439	P01579, P01584, P01375	64	35	19104	25.585714285714285	0.9999999995578439	0.02393468698203864	0.017917919706963107
GOTERM_BP_FAT	GO:0032372~negative regulation of sterol transport	3	4.6875	0.005937338004117439	Q15848, P27361, P25963	64	35	19104	25.585714285714285	0.9999999995578439	0.02393468698203864	0.017917919706963107
GOTERM_BP_FAT	GO:1901186~positive regulation of ERBB signaling pathway	3	4.6875	0.005937338004117439	P00749, P14780, P00533	64	35	19104	25.585714285714285	0.9999999995578439	0.02393468698203864	0.017917919706963107
GOTERM_BP_FAT	GO:0032375~negative regulation of cholesterol transport	3	4.6875	0.005937338004117439	Q15848, P27361, P25963	64	35	19104	25.585714285714285	0.9999999995578439	0.02393468698203864	0.017917919706963107
GOTERM_BP_FAT	GO:0046320~regulation of fatty acid oxidation	3	4.6875	0.005937338004117439	P37231, Q07869, P31749	64	35	19104	25.585714285714285	0.9999999995578439	0.02393468698203864	0.017917919706963107
GOTERM_CC_FAT	GO:0098552~side of membrane	9	14.0625	0.005942626105304217	P00749, P35968, Q9UNQ0, O15111, P19320, P02778, P05362, P29965, P01375	59	799	16775	3.2026261640610088	0.8255964925472404	0.0757038890806146	0.06872776278308355
GOTERM_MF_FAT	GO:0004860~protein kinase inhibitor activity	4	6.25	0.0059470252009760005	P31749, P38936, P09211, P42574	64	101	17305	10.708539603960396	0.9333306363637971	0.04090832486731976	0.03207789350829479
GOTERM_BP_FAT	GO:1905954~positive regulation of lipid localization	4	6.25	0.006034016222778375	P37231, Q15848, P05164, P01584	64	112	19104	10.660714285714286	0.9999999996889753	0.02429733035809199	0.018189400796281806
GOTERM_MF_FAT	GO:0001217~DNA-binding transcription repressor activity	6	9.375	0.006056934659354797	P37231, Q07869, Q04206, P04637, P01106, Q16665	64	319	17305	5.085717084639499	0.9365948342463132	0.04104251246786683	0.03218311550343743
GOTERM_BP_FAT	GO:0002709~regulation of T cell mediated immunity	4	6.25	0.006184170779552482	P35869, P27361, P05231, P01584	64	113	19104	10.566371681415928	0.9999999998199157	0.02487426200095859	0.018621301780031775
GOTERM_BP_FAT	GO:0051047~positive regulation of secretion	6	9.375	0.006272774781985838	P01583, P31645, P37231, P01579, Q16665, P01584	64	355	19104	5.045070422535212	0.9999999998695571	0.025121033173844592	0.01880603893849483
GOTERM_BP_FAT	GO:0090183~regulation of kidney development	3	4.6875	0.006273311105083426	P42224, Q15848, P01106	64	36	19104	24.875	0.9999999998698115	0.025121033173844592	0.01880603893849483
GOTERM_BP_FAT	GO:0010464~regulation of mesenchymal cell proliferation	3	4.6875	0.006273311105083426	P42224, P35968, P01106	64	36	19104	24.875	0.9999999998698115	0.025121033173844592	0.01880603893849483
GOTERM_BP_FAT	GO:0043500~muscle adaptation	3	4.6875	0.006273311105083426	P29474, P09601, P01584	64	36	19104	24.875	0.9999999998698115	0.025121033173844592	0.01880603893849483
GOTERM_BP_FAT	GO:0032526~response to retinoic acid	4	6.25	0.006336547879475431	P31645, P37231, P08253, P01375	64	114	19104	10.473684210526317	0.9999999998965794	0.025346191517901726	0.01897459636033185
GOTERM_BP_FAT	GO:0050764~regulation of phagocytosis	4	6.25	0.006491155957179428	P37231, Q15848, P01579, P13500	64	115	19104	10.382608695652173	0.999999999941092	0.025922585169120674	0.01940609459425046
GOTERM_BP_FAT	GO:0008544~epidermis development	6	9.375	0.006494984005316186	P10415, Q07869, Q04206, P38936, P00533, P42574	64	358	19104	5.0027932960893855	0.9999999999419072	0.025922585169120674	0.01940609459425046
GOTERM_BP_FAT	GO:0060557~positive regulation of vitamin D biosynthetic process	2	3.125	0.006584774366338404	P01579, P01375	64	2	19104	298.5	0.9999999999581065	0.026124328576492755	0.019557123190421983
GOTERM_BP_FAT	GO:0014900~muscle hyperplasia	2	3.125	0.006584774366338404	P29474, P09601	64	2	19104	298.5	0.9999999999581065	0.026124328576492755	0.019557123190421983
GOTERM_BP_FAT	GO:0014806~smooth muscle hyperplasia	2	3.125	0.006584774366338404	P29474, P09601	64	2	19104	298.5	0.9999999999581065	0.026124328576492755	0.019557123190421983
GOTERM_BP_FAT	GO:1990268~response to gold nanoparticle	2	3.125	0.006584774366338404	P05164, P01375	64	2	19104	298.5	0.9999999999581065	0.026124328576492755	0.019557123190421983
GOTERM_BP_FAT	GO:0002439~chronic inflammatory response to antigenic stimulus	2	3.125	0.006584774366338404	P22301, P01375	64	2	19104	298.5	0.9999999999581065	0.026124328576492755	0.019557123190421983
GOTERM_BP_FAT	GO:0071392~cellular response to estradiol stimulus	3	4.6875	0.006617777924797391	P08253, P00533, P22301	64	37	19104	24.2027027027027	0.9999999999628499	0.026124328576492755	0.019557123190421983
GOTERM_BP_FAT	GO:0090050~positive regulation of cell migration involved in sprouting angiogenesis	3	4.6875	0.006617777924797391	P35968, P35354, P09601	64	37	19104	24.2027027027027	0.9999999999628499	0.026124328576492755	0.019557123190421983
GOTERM_BP_FAT	GO:1905523~positive regulation of macrophage migration	3	4.6875	0.006617777924797391	P28482, P27361, P13500	64	37	19104	24.2027027027027	0.9999999999628499	0.026124328576492755	0.019557123190421983
GOTERM_BP_FAT	GO:0140895~cell surface toll-like receptor signaling pathway	3	4.6875	0.006617777924797391	O15111, Q04206, P25963	64	37	19104	24.2027027027027	0.9999999999628499	0.026124328576492755	0.019557123190421983
GOTERM_BP_FAT	GO:0038061~non-canonical NF-kappaB signal transduction	3	4.6875	0.006617777924797391	O15111, Q04206, P25963	64	37	19104	24.2027027027027	0.9999999999628499	0.026124328576492755	0.019557123190421983
GOTERM_MF_FAT	GO:0019210~kinase inhibitor activity	4	6.25	0.006621244621443058	P31749, P38936, P09211, P42574	64	105	17305	10.300595238095237	0.9510051989001589	0.04420654497257571	0.03466416301814307
GOTERM_BP_FAT	GO:0031570~DNA integrity checkpoint signaling	4	6.25	0.006807098027044338	O96017, P24385, P04637, P38936	64	117	19104	10.205128205128206	0.9999999999813552	0.026842384368366768	0.02009467214744714
GOTERM_CC_FAT	GO:0031965~nuclear membrane	6	9.375	0.006878101995779767	P24385, P35968, P09917, P10415, P00533, P35354	59	347	16775	4.916231133688273	0.8676422100774788	0.08254387586684427	0.07493744361972893
GOTERM_BP_FAT	GO:0060541~respiratory system development	5	7.8125	0.006895098935012889	P35968, P29474, P28482, P27361, P05177	64	229	19104	6.517467248908297	0.9999999999864678	0.02713022605985485	0.020310155404874745
GOTERM_BP_FAT	GO:0050777~negative regulation of immune response	5	7.8125	0.006895098935012889	P37231, P35869, P27361, P60568, P22301	64	229	19104	6.517467248908297	0.9999999999864678	0.02713022605985485	0.020310155404874745
KEGG_PATHWAY	hsa04928:Parathyroid hormone synthesis, secretion and action	5	7.8125	0.006937955622202446	P10415, P28482, P27361, P38936, P00533	63	115	9375	6.469979296066252	0.7853253957005293	0.012522163805926367	0.006937955622202446
GOTERM_BP_FAT	GO:0046777~protein autophosphorylation	4	6.25	0.00696844813117004	O96017, P35968, P27361, P31749	64	118	19104	10.11864406779661	0.9999999999896404	0.027132380116084473	0.02031176796854001
GOTERM_BP_FAT	GO:0050873~brown fat cell differentiation	3	4.6875	0.006970680621637853	P37231, Q15848, P35354	64	38	19104	23.56578947368421	0.9999999999897243	0.027132380116084473	0.02031176796854001
GOTERM_BP_FAT	GO:0032373~positive regulation of sterol transport	3	4.6875	0.006970680621637853	P37231, Q15848, P05164	64	38	19104	23.56578947368421	0.9999999999897243	0.027132380116084473	0.02031176796854001
GOTERM_BP_FAT	GO:0010661~positive regulation of muscle cell apoptotic process	3	4.6875	0.006970680621637853	P37231, P04637, P01579	64	38	19104	23.56578947368421	0.9999999999897243	0.027132380116084473	0.02031176796854001
GOTERM_BP_FAT	GO:0070229~negative regulation of lymphocyte apoptotic process	3	4.6875	0.006970680621637853	P10415, Q16665, P60568	64	38	19104	23.56578947368421	0.9999999999897243	0.027132380116084473	0.02031176796854001
GOTERM_BP_FAT	GO:0046326~positive regulation of D-glucose import across plasma membrane	3	4.6875	0.006970680621637853	Q15848, P31749, Q16236	64	38	19104	23.56578947368421	0.9999999999897243	0.027132380116084473	0.02031176796854001
GOTERM_BP_FAT	GO:0032376~positive regulation of cholesterol transport	3	4.6875	0.006970680621637853	P37231, Q15848, P05164	64	38	19104	23.56578947368421	0.9999999999897243	0.027132380116084473	0.02031176796854001
GOTERM_BP_FAT	GO:0002269~leukocyte activation involved in inflammatory response	3	4.6875	0.006970680621637853	P01579, P01584, P01375	64	38	19104	23.56578947368421	0.9999999999897243	0.027132380116084473	0.02031176796854001
GOTERM_BP_FAT	GO:0014002~astrocyte development	3	4.6875	0.006970680621637853	P01579, P01584, P01375	64	38	19104	23.56578947368421	0.9999999999897243	0.027132380116084473	0.02031176796854001
GOTERM_BP_FAT	GO:0072678~T cell migration	3	4.6875	0.006970680621637853	P02778, P05362, P13500	64	38	19104	23.56578947368421	0.9999999999897243	0.027132380116084473	0.02031176796854001
GOTERM_CC_FAT	GO:0005788~endoplasmic reticulum lumen	6	9.375	0.0070429928214030945	P01033, P23219, P28482, P27361, P05231, P35354	59	349	16775	4.888057889369143	0.873927500885304	0.08254387586684427	0.07493744361972893
GOTERM_BP_FAT	GO:0032204~regulation of telomere maintenance	4	6.25	0.007132061439675775	P04637, P28482, P27361, P01106	64	119	19104	10.033613445378151	0.9999999999942917	0.027730681898782368	0.020759667007744433
GOTERM_MF_FAT	GO:0008236~serine-type peptidase activity	5	7.8125	0.00718237917369872	P00749, P14780, P03956, P08253, P08254	64	210	17305	6.437872023809524	0.9620909978495348	0.04725797311390172	0.03705691283821368
GOTERM_MF_FAT	GO:0004222~metalloendopeptidase activity	4	6.25	0.0073392710561518	P14780, P03956, P08253, P08254	64	109	17305	9.922591743119266	0.9647156779915369	0.047600415135613104	0.03732543565700058
GOTERM_BP_FAT	GO:0070059~intrinsic apoptotic signaling pathway in response to endoplasmic reticulum stress	3	4.6875	0.007701563670544975	P10415, P04637, Q07812	64	40	19104	22.387500000000003	0.9999999999992835	0.029848718363012467	0.022345265655053854
GOTERM_BP_FAT	GO:0010758~regulation of macrophage chemotaxis	3	4.6875	0.007701563670544975	P28482, P27361, P13500	64	40	19104	22.387500000000003	0.9999999999992835	0.029848718363012467	0.022345265655053854
GOTERM_BP_FAT	GO:0045940~positive regulation of steroid metabolic process	3	4.6875	0.007701563670544975	P28482, P01579, P01375	64	40	19104	22.387500000000003	0.9999999999992835	0.029848718363012467	0.022345265655053854
GOTERM_BP_FAT	GO:1903076~regulation of protein localization to plasma membrane	4	6.25	0.00780929818486292	P31749, P01579, P00533, P01375	64	123	19104	9.707317073170731	0.9999999999995162	0.03023385678422304	0.022633586923366086
GOTERM_BP_FAT	GO:0045859~regulation of protein kinase activity	5	7.8125	0.007878104546359462	Q15848, P04626, P38936, P01375, P06400	64	238	19104	6.2710084033613445	0.9999999999996235	0.030467621432765574	0.02280858717325675
GOTERM_MF_FAT	GO:0017171~serine hydrolase activity	5	7.8125	0.007916776238907963	P00749, P14780, P03956, P08253, P08254	64	216	17305	6.25904224537037	0.9729080665557361	0.05062276637273543	0.039695385085228664
GOTERM_BP_FAT	GO:0014912~negative regulation of smooth muscle cell migration	3	4.6875	0.008079429726699564	Q15848, P09211, Q16236	64	41	19104	21.84146341463415	0.9999999999998193	0.031146287731072093	0.02331664847566708
GOTERM_BP_FAT	GO:0016242~negative regulation of macroautophagy	3	4.6875	0.008079429726699564	P04637, P31749, P09601	64	41	19104	21.84146341463415	0.9999999999998193	0.031146287731072093	0.02331664847566708
GOTERM_BP_FAT	GO:1902253~regulation of intrinsic apoptotic signaling pathway by p53 class mediator	3	4.6875	0.008079429726699564	P10415, P04637, P01106	64	41	19104	21.84146341463415	0.9999999999998193	0.031146287731072093	0.02331664847566708
GOTERM_BP_FAT	GO:0051924~regulation of calcium ion transport	5	7.8125	0.00822523130150482	P29474, P10415, Q07812, P02778, P13500	64	241	19104	6.1929460580912865	0.9999999999998939	0.0316745861408322	0.023712141781867466
GOTERM_MF_FAT	GO:0031406~carboxylic acid binding	5	7.8125	0.008301854417563224	P37231, Q15848, P29474, P09211, P35228	64	219	17305	6.17330194063927	0.9772860056976134	0.05234780424407922	0.04104805795350706
GOTERM_BP_FAT	GO:0044089~positive regulation of cellular component biogenesis	7	10.9375	0.008413110467925575	P35968, P04637, Q07812, P03956, P01579, P08254, P01375	64	537	19104	3.8910614525139664	0.9999999999999465	0.032363624948956254	0.02422796812412184
GOTERM_BP_FAT	GO:0061900~glial cell activation	3	4.6875	0.008465503065825337	P01579, P01584, P01375	64	42	19104	21.321428571428573	0.9999999999999558	0.03249602875374142	0.024327087897228438
GOTERM_BP_FAT	GO:0007595~lactation	3	4.6875	0.008465503065825337	P24385, Q07869, Q16665	64	42	19104	21.321428571428573	0.9999999999999558	0.03249602875374142	0.024327087897228438
GOTERM_MF_FAT	GO:0043177~organic acid binding	5	7.8125	0.008565300178623749	P37231, Q15848, P29474, P09211, P35228	64	221	17305	6.117434954751132	0.9798670137797331	0.053269127138290163	0.04177050498068568
GOTERM_BP_FAT	GO:0030163~protein catabolic process	9	14.0625	0.00861457913406744	O96017, Q04206, P31749, Q14790, P08253, P00533, P08254, Q16236, P42574	64	890	19104	3.0185393258426965	0.9999999999999744	0.03303321118641343	0.024729231936289033
GOTERM_BP_FAT	GO:0050866~negative regulation of cell activation	5	7.8125	0.008703519654162307	P29474, P04626, P42574, P60568, P22301	64	245	19104	6.091836734693877	0.9999999999999815	0.03333890579390986	0.024958080194721788
GOTERM_BP_FAT	GO:0032107~regulation of response to nutrient levels	3	4.6875	0.008859727228004247	P10415, Q07869, Q07812	64	43	19104	20.825581395348838	0.9999999999999896	0.03386660122812618	0.025353122103024765
GOTERM_BP_FAT	GO:0055080~monoatomic cation homeostasis	7	10.9375	0.008860012378818408	P01583, P35968, P10415, Q07812, P01106, Q16665, P09601	64	543	19104	3.848066298342541	0.9999999999999896	0.03386660122812618	0.025353122103024765
GOTERM_MF_FAT	GO:0016709~oxidoreductase activity, acting on paired donors, with incorporation or reduction of molecular oxygen, NAD(P)H as one donor, and incorporation of one atom of oxygen	3	4.6875	0.00886327847751561	P29474, P08684, P35228	64	39	17305	20.799278846153843	0.9824353532336733	0.054377411199893075	0.04263955591885888
GOTERM_CC_FAT	GO:0031012~extracellular matrix	7	10.9375	0.009003385709343111	P01033, P14780, Q15848, P03956, P05362, P08253, P08254	59	521	16775	3.82006571456456	0.9293444916974875	0.101461231262982	0.0921115614878949
GOTERM_BP_FAT	GO:0045732~positive regulation of protein catabolic process	5	7.8125	0.009073970588341314	P31749, P01579, Q16236, P01584, P01375	64	248	19104	6.018145161290323	0.9999999999999952	0.03464781166572565	0.02593794971767681
GOTERM_BP_FAT	GO:0006953~acute-phase response	3	4.6875	0.009262046024450177	P01583, P05231, P01584	64	44	19104	20.352272727272727	0.9999999999999976	0.035291420889791196	0.026419766689343132
GOTERM_BP_FAT	GO:0032735~positive regulation of interleukin-12 production	3	4.6875	0.009262046024450177	Q04206, P01579, P29965	64	44	19104	20.352272727272727	0.9999999999999976	0.035291420889791196	0.026419766689343132
GOTERM_BP_FAT	GO:0090287~regulation of cellular response to growth factor stimulus	6	9.375	0.009413672834282556	P37231, P35968, Q07869, P04637, Q16665, P01584	64	392	19104	4.568877551020408	0.9999999999999986	0.03583141154606918	0.02682401301305566
GOTERM_BP_FAT	GO:0042552~myelination	4	6.25	0.009468284302888035	P04626, P28482, P27361, P31749	64	132	19104	9.045454545454545	0.9999999999999989	0.03600138384778458	0.026951257211270147
KEGG_PATHWAY	hsa04611:Platelet activation	5	7.8125	0.009519258766783766	P29474, P23219, P28482, P27361, P31749	63	126	9375	5.905139833711262	0.8792258841541681	0.017042543921177388	0.009519258766783766
GOTERM_BP_FAT	GO:0043583~ear development	5	7.8125	0.009583759745203235	Q9NRD8, P10415, P28482, P27361, P01106	64	252	19104	5.9226190476190474	0.9999999999999992	0.036402179872536654	0.02725130003179113
GOTERM_BP_FAT	GO:0002718~regulation of cytokine production involved in immune response	4	6.25	0.009664323716967705	P05231, P01584, P22301, P01375	64	133	19104	8.977443609022556	0.9999999999999994	0.036623467220791774	0.02741695955937039
GOTERM_BP_FAT	GO:0048873~homeostasis of number of cells within a tissue	3	4.6875	0.009672403538677031	P29474, P10415, Q07812	64	45	19104	19.900000000000002	0.9999999999999994	0.036623467220791774	0.02741695955937039
GOTERM_BP_FAT	GO:1903580~positive regulation of ATP metabolic process	3	4.6875	0.009672403538677031	Q07869, P01579, Q16665	64	45	19104	19.900000000000002	0.9999999999999994	0.036623467220791774	0.02741695955937039
GOTERM_BP_FAT	GO:0050801~monoatomic ion homeostasis	7	10.9375	0.009804761248505149	P01583, P35968, P10415, Q07812, P01106, Q16665, P09601	64	555	19104	3.764864864864865	0.9999999999999997	0.03695711859098184	0.027666736732795308
GOTERM_BP_FAT	GO:0001660~fever generation	2	3.125	0.009861141197818606	P01583, P01584	64	3	19104	199.0	0.9999999999999998	0.03695711859098184	0.027666736732795308
GOTERM_BP_FAT	GO:1905049~negative regulation of metallopeptidase activity	2	3.125	0.009861141197818606	P01033, P08253	64	3	19104	199.0	0.9999999999999998	0.03695711859098184	0.027666736732795308
GOTERM_BP_FAT	GO:1990267~response to transition metal nanoparticle	2	3.125	0.009861141197818606	P05164, P01375	64	3	19104	199.0	0.9999999999999998	0.03695711859098184	0.027666736732795308
GOTERM_BP_FAT	GO:0006808~regulation of nitrogen utilization	2	3.125	0.009861141197818606	P10415, Q07812	64	3	19104	199.0	0.9999999999999998	0.03695711859098184	0.027666736732795308
GOTERM_BP_FAT	GO:0002874~regulation of chronic inflammatory response to antigenic stimulus	2	3.125	0.009861141197818606	P22301, P01375	64	3	19104	199.0	0.9999999999999998	0.03695711859098184	0.027666736732795308
GOTERM_BP_FAT	GO:0046136~positive regulation of vitamin metabolic process	2	3.125	0.009861141197818606	P01579, P01375	64	3	19104	199.0	0.9999999999999998	0.03695711859098184	0.027666736732795308
GOTERM_BP_FAT	GO:0008366~axon ensheathment	4	6.25	0.009862726615126514	P04626, P28482, P27361, P31749	64	134	19104	8.91044776119403	0.9999999999999998	0.03695711859098184	0.027666736732795308
GOTERM_BP_FAT	GO:0002824~positive regulation of adaptive immune response based on somatic recombination of immune receptors built from immunoglobulin superfamily domains	4	6.25	0.009862726615126514	P05231, P60568, P01584, P01375	64	134	19104	8.91044776119403	0.9999999999999998	0.03695711859098184	0.027666736732795308
GOTERM_BP_FAT	GO:0007272~ensheathment of neurons	4	6.25	0.009862726615126514	P04626, P28482, P27361, P31749	64	134	19104	8.91044776119403	0.9999999999999998	0.03695711859098184	0.027666736732795308
GOTERM_BP_FAT	GO:0006508~proteolysis	8	12.5	0.009925925250161848	P00749, P14780, P03956, P01106, Q14790, P08253, P08254, P42574	64	729	19104	3.2757201646090532	0.9999999999999998	0.037155430336009564	0.0278151963273169
GOTERM_BP_FAT	GO:0010828~positive regulation of D-glucose transmembrane transport	3	4.6875	0.010090744126086324	Q15848, P31749, Q16236	64	46	19104	19.467391304347828	0.9999999999999999	0.03761662964941046	0.028160458092078018
GOTERM_BP_FAT	GO:0035272~exocrine system development	3	4.6875	0.010090744126086324	P00533, P01344, P01375	64	46	19104	19.467391304347828	0.9999999999999999	0.03761662964941046	0.028160458092078018
GOTERM_BP_FAT	GO:0043330~response to exogenous dsRNA	3	4.6875	0.010090744126086324	P28482, P27361, P25963	64	46	19104	19.467391304347828	0.9999999999999999	0.03761662964941046	0.028160458092078018
GOTERM_BP_FAT	GO:0030330~DNA damage response, signal transduction by p53 class mediator	3	4.6875	0.010090744126086324	O96017, P04637, P38936	64	46	19104	19.467391304347828	0.9999999999999999	0.03761662964941046	0.028160458092078018
GOTERM_BP_FAT	GO:0035270~endocrine system development	4	6.25	0.010266645076662587	Q9NRD8, P28482, P27361, P05231	64	136	19104	8.779411764705882	0.9999999999999999	0.03823294397241186	0.02862184162978952
GOTERM_BP_FAT	GO:1904646~cellular response to amyloid-beta	3	4.6875	0.010517012408460385	P19320, P05362, P01375	64	47	19104	19.0531914893617	1.0	0.03896466892314831	0.029169623555022808
GOTERM_BP_FAT	GO:0045454~cell redox homeostasis	3	4.6875	0.010517012408460385	P29474, Q16236, P35228	64	47	19104	19.0531914893617	1.0	0.03896466892314831	0.029169623555022808
GOTERM_BP_FAT	GO:0030890~positive regulation of B cell proliferation	3	4.6875	0.010517012408460385	P10415, P38936, P60568	64	47	19104	19.0531914893617	1.0	0.03896466892314831	0.029169623555022808
GOTERM_BP_FAT	GO:0022602~ovulation cycle process	3	4.6875	0.010517012408460385	P29474, P08253, P42574	64	47	19104	19.0531914893617	1.0	0.03896466892314831	0.029169623555022808
GOTERM_BP_FAT	GO:0046006~regulation of activated T cell proliferation	3	4.6875	0.010517012408460385	P42574, P01344, P60568	64	47	19104	19.0531914893617	1.0	0.03896466892314831	0.029169623555022808
GOTERM_BP_FAT	GO:0043549~regulation of kinase activity	5	7.8125	0.010658641429573094	Q15848, P04626, P38936, P01375, P06400	64	260	19104	5.740384615384615	1.0	0.03944897380689489	0.029532182548469153
GOTERM_BP_FAT	GO:0062014~negative regulation of small molecule metabolic process	4	6.25	0.010680082803500513	Q15848, Q07869, P04637, P31749	64	138	19104	8.652173913043478	1.0	0.039487913514783084	0.02956133348576267
GOTERM_MF_FAT	GO:0034617~tetrahydrobiopterin binding	2	3.125	0.010882612615444192	P29474, P35228	64	3	17305	180.26041666666666	0.9930414674921492	0.06416501464170991	0.05031441676750822
GOTERM_MF_FAT	GO:0004517~nitric-oxide synthase activity	2	3.125	0.010882612615444192	P29474, P35228	64	3	17305	180.26041666666666	0.9930414674921492	0.06416501464170991	0.05031441676750822
GOTERM_MF_FAT	GO:0004666~prostaglandin-endoperoxide synthase activity	2	3.125	0.010882612615444192	P23219, P35354	64	3	17305	180.26041666666666	0.9930414674921492	0.06416501464170991	0.05031441676750822
GOTERM_BP_FAT	GO:1902106~negative regulation of leukocyte differentiation	4	6.25	0.010890384296388275	Q15848, P04626, P01106, P60568	64	139	19104	8.589928057553957	1.0	0.04022434077195097	0.030112635638736524
GOTERM_BP_FAT	GO:0045981~positive regulation of nucleotide metabolic process	3	4.6875	0.010951153278873695	Q07869, P01579, Q16665	64	48	19104	18.65625	1.0	0.04036633053660273	0.030218931626820687
GOTERM_BP_FAT	GO:1900544~positive regulation of purine nucleotide metabolic process	3	4.6875	0.010951153278873695	Q07869, P01579, Q16665	64	48	19104	18.65625	1.0	0.04036633053660273	0.030218931626820687
GOTERM_BP_FAT	GO:0050804~modulation of chemical synaptic transmission	7	10.9375	0.011084710399798916	P31645, Q15848, P28482, P27361, P13500, P01584, P01375	64	570	19104	3.6657894736842103	1.0	0.04080156534761918	0.030544755917036818
GOTERM_BP_FAT	GO:0002821~positive regulation of adaptive immune response	4	6.25	0.011103080835745929	P05231, P60568, P01584, P01375	64	140	19104	8.528571428571428	1.0	0.04080156534761918	0.030544755917036818
GOTERM_BP_FAT	GO:0002221~pattern recognition receptor signaling pathway	4	6.25	0.011103080835745929	O15111, Q04206, P25963, P01375	64	140	19104	8.528571428571428	1.0	0.04080156534761918	0.030544755917036818
GOTERM_BP_FAT	GO:0099177~regulation of trans-synaptic signaling	7	10.9375	0.011174067739248169	P31645, Q15848, P28482, P27361, P13500, P01584, P01375	64	571	19104	3.6593695271453592	1.0	0.04102074004580851	0.03070883387831959
KEGG_PATHWAY	hsa05415:Diabetic cardiomyopathy	6	9.375	0.011235122831079527	P14780, P29474, Q07869, Q04206, P31749, P08253	63	205	9375	4.355400696864112	0.9176696691775327	0.01995357814799724	0.011235122831079527
GOTERM_MF_FAT	GO:0140678~molecular function inhibitor activity	8	12.5	0.011266458308762075	P01033, O15392, P10415, P31749, P38936, P09211, P42574, P25963	64	677	17305	3.1951624815361894	0.9941657184415561	0.06557656502792285	0.05142127125537562
GOTERM_BP_FAT	GO:0002708~positive regulation of lymphocyte mediated immunity	4	6.25	0.011318177233118662	P05231, P60568, P01584, P01375	64	141	19104	8.46808510638298	1.0	0.04150763577581854	0.03107333242398805
GOTERM_BP_FAT	GO:0046686~response to cadmium ion	3	4.6875	0.01139311189553778	P04040, P05177, P09601	64	49	19104	18.27551020408163	1.0	0.04169786701848645	0.03121574281500078
GOTERM_BP_FAT	GO:0002752~cell surface pattern recognition receptor signaling pathway	3	4.6875	0.01139311189553778	O15111, Q04206, P25963	64	49	19104	18.27551020408163	1.0	0.04169786701848645	0.03121574281500078
GOTERM_BP_FAT	GO:0050877~nervous system process	12	18.75	0.011583062643713359	P31645, O15392, O15111, P28482, P27361, P31749, P01106, Q16665, P00533, P42574, P13500, P01375	64	1546	19104	2.316946959896507	1.0	0.04235020679440597	0.03170409562844495
GOTERM_BP_FAT	GO:0045444~fat cell differentiation	4	6.25	0.011755588214459036	P37231, P24385, Q15848, P35354	64	143	19104	8.34965034965035	1.0	0.042866553155235625	0.03209064142456384
GOTERM_BP_FAT	GO:0032649~regulation of type II interferon production	4	6.25	0.011755588214459036	P60568, P01584, P22301, P01375	64	143	19104	8.34965034965035	1.0	0.042866553155235625	0.03209064142456384
GOTERM_BP_FAT	GO:0006913~nucleocytoplasmic transport	5	7.8125	0.011808876653655142	P29474, P04637, P31749, P38936, P25963	64	268	19104	5.5690298507462686	1.0	0.042866553155235625	0.03209064142456384
GOTERM_BP_FAT	GO:0032660~regulation of interleukin-17 production	3	4.6875	0.011842833684203647	P01579, P05231, P60568	64	50	19104	17.91	1.0	0.042866553155235625	0.03209064142456384
GOTERM_BP_FAT	GO:0042908~xenobiotic transport	3	4.6875	0.011842833684203647	Q9UNQ0, O75469, P00533	64	50	19104	17.91	1.0	0.042866553155235625	0.03209064142456384
GOTERM_BP_FAT	GO:0010907~positive regulation of glucose metabolic process	3	4.6875	0.011842833684203647	Q07869, P31749, P01344	64	50	19104	17.91	1.0	0.042866553155235625	0.03209064142456384
GOTERM_BP_FAT	GO:0010634~positive regulation of epithelial cell migration	3	4.6875	0.011842833684203647	P14780, P01579, Q16665	64	50	19104	17.91	1.0	0.042866553155235625	0.03209064142456384
GOTERM_BP_FAT	GO:1902041~regulation of extrinsic apoptotic signaling pathway via death domain receptors	3	4.6875	0.011842833684203647	P29474, P05362, P09601	64	50	19104	17.91	1.0	0.042866553155235625	0.03209064142456384
GOTERM_BP_FAT	GO:0043457~regulation of cellular respiration	3	4.6875	0.011842833684203647	P01579, P35228, P01375	64	50	19104	17.91	1.0	0.042866553155235625	0.03209064142456384
GOTERM_BP_FAT	GO:0018108~peptidyl-tyrosine phosphorylation	3	4.6875	0.011842833684203647	P35968, P04626, P27361	64	50	19104	17.91	1.0	0.042866553155235625	0.03209064142456384
GOTERM_BP_FAT	GO:0051169~nuclear transport	5	7.8125	0.011958047384757834	P29474, P04637, P31749, P38936, P25963	64	269	19104	5.548327137546468	1.0	0.04324029934328433	0.032370434270539455
GOTERM_BP_FAT	GO:0043412~macromolecule modification	13	20.3125	0.01213539082588579	O96017, P35968, P10415, P04626, P28482, P31749, P27361, P13500, P35228, Q07869, P00533, Q16236, P01375	64	1773	19104	2.188663282571912	1.0	0.0438377354909121	0.03281768528039244
GOTERM_BP_FAT	GO:0048609~multicellular organismal reproductive process	10	15.625	0.0121548480255128	P31645, P29474, P10415, Q07812, P31749, P08253, P35354, P42574, P01344, P06400	64	1142	19104	2.6138353765323994	1.0	0.043864202056142	0.03283749860784746
GOTERM_MF_FAT	GO:0051879~Hsp90 protein binding	3	4.6875	0.012179689493110204	P35869, P35968, Q16665	64	46	17305	17.634171195652172	0.9961647829864317	0.06999467126420295	0.054885689361357376
GOTERM_BP_FAT	GO:0046631~alpha-beta T cell activation	4	6.25	0.012202653231350344	P10415, P01106, P05231, P22301	64	145	19104	8.23448275862069	1.0	0.04394899809219407	0.03290097838373046
GOTERM_BP_FAT	GO:0050792~regulation of viral process	4	6.25	0.012202653231350344	P42224, P10415, P01375, P10145	64	145	19104	8.23448275862069	1.0	0.04394899809219407	0.03290097838373046
KEGG_PATHWAY	hsa00982:Drug metabolism - cytochrome P450	4	6.25	0.012336293077734635	P08684, P09488, P09211, P05177	63	73	9375	8.153946510110893	0.9356408851118405	0.021735373517913402	0.012336293077734635
GOTERM_BP_FAT	GO:1903707~negative regulation of hemopoiesis	4	6.25	0.012429816711584423	Q15848, P04626, P01106, P60568	64	146	19104	8.178082191780822	1.0	0.04471820313997608	0.03347681855639249
GOTERM_BP_FAT	GO:0033036~macromolecule localization	16	25.0	0.01244096027622122	O15392, Q9UNQ0, P29474, P04626, P04637, P31749, P38936, P35354, P35228, P37231, Q07812, P00533, Q16665, P25963, P06400, P01375	64	2461	19104	1.9406745225518083	1.0	0.04471820313997608	0.03347681855639249
GOTERM_CC_FAT	GO:0043235~signaling receptor complex	7	10.9375	0.012652809467773888	P37231, P35869, P35968, O15111, P04626, P05231, P00533	59	561	16775	3.5476902625456965	0.9760293860621373	0.1373064138539907	0.12465360438621682
GOTERM_BP_FAT	GO:0018212~peptidyl-tyrosine modification	3	4.6875	0.012765349797174952	P35968, P04626, P27361	64	52	19104	17.221153846153847	1.0	0.0457931595898657	0.034281549504913286
GOTERM_BP_FAT	GO:0048546~digestive tract morphogenesis	3	4.6875	0.012765349797174952	P10415, Q16665, P00533	64	52	19104	17.221153846153847	1.0	0.0457931595898657	0.034281549504913286
GOTERM_MF_FAT	GO:0031072~heat shock protein binding	4	6.25	0.013115253642258191	P35869, P35968, Q07812, Q16665	64	135	17305	8.011574074074074	0.9975056227761668	0.07442906441981523	0.05836287870804895
GOTERM_BP_FAT	GO:0045727~positive regulation of translation	4	6.25	0.013125879525276914	P04626, P01106, P05231, P01375	64	149	19104	8.013422818791947	1.0	0.046627479081468144	0.034906135473875624
GOTERM_BP_FAT	GO:2000697~negative regulation of epithelial cell differentiation involved in kidney development	2	3.125	0.013126873259108012	P42224, P14780	64	4	19104	149.25	1.0	0.046627479081468144	0.034906135473875624
GOTERM_BP_FAT	GO:0090185~negative regulation of kidney development	2	3.125	0.013126873259108012	P42224, Q15848	64	4	19104	149.25	1.0	0.046627479081468144	0.034906135473875624
GOTERM_BP_FAT	GO:1905048~regulation of metallopeptidase activity	2	3.125	0.013126873259108012	P01033, P08253	64	4	19104	149.25	1.0	0.046627479081468144	0.034906135473875624
GOTERM_BP_FAT	GO:0071460~cellular response to cell-matrix adhesion	2	3.125	0.013126873259108012	P38936, P09211	64	4	19104	149.25	1.0	0.046627479081468144	0.034906135473875624
GOTERM_BP_FAT	GO:0046666~retinal cell programmed cell death	2	3.125	0.013126873259108012	P10415, Q07812	64	4	19104	149.25	1.0	0.046627479081468144	0.034906135473875624
GOTERM_BP_FAT	GO:0048597~post-embryonic camera-type eye morphogenesis	2	3.125	0.013126873259108012	P35968, Q07812	64	4	19104	149.25	1.0	0.046627479081468144	0.034906135473875624
GOTERM_BP_FAT	GO:1900100~positive regulation of plasma cell differentiation	2	3.125	0.013126873259108012	P60568, P22301	64	4	19104	149.25	1.0	0.046627479081468144	0.034906135473875624
GOTERM_BP_FAT	GO:0070543~response to linoleic acid	2	3.125	0.013126873259108012	P37231, Q15848	64	4	19104	149.25	1.0	0.046627479081468144	0.034906135473875624
GOTERM_BP_FAT	GO:1901687~glutathione derivative biosynthetic process	2	3.125	0.013126873259108012	P09488, P09211	64	4	19104	149.25	1.0	0.046627479081468144	0.034906135473875624
GOTERM_BP_FAT	GO:1903426~regulation of reactive oxygen species biosynthetic process	3	4.6875	0.013238036293173284	P09917, Q07869, Q16665	64	53	19104	16.89622641509434	1.0	0.046838296708526996	0.035063957187495186
GOTERM_BP_FAT	GO:1905562~regulation of vascular endothelial cell proliferation	3	4.6875	0.013238036293173284	P37231, P01344, P13500	64	53	19104	16.89622641509434	1.0	0.046838296708526996	0.035063957187495186
GOTERM_BP_FAT	GO:0030225~macrophage differentiation	3	4.6875	0.013238036293173284	P14780, P01579, Q14790	64	53	19104	16.89622641509434	1.0	0.046838296708526996	0.035063957187495186
GOTERM_BP_FAT	GO:0048538~thymus development	3	4.6875	0.013238036293173284	P10415, P28482, P27361	64	53	19104	16.89622641509434	1.0	0.046838296708526996	0.035063957187495186
GOTERM_MF_FAT	GO:0042826~histone deacetylase binding	4	6.25	0.013376835574687034	P24385, Q04206, P04637, Q16665	64	136	17305	7.95266544117647	0.9977884653259	0.0749763376655298	0.05879201808134055
GOTERM_BP_FAT	GO:0043331~response to dsRNA	3	4.6875	0.013718270297977475	P28482, P27361, P25963	64	54	19104	16.583333333333332	1.0	0.04848999550096437	0.03630044740628057
KEGG_PATHWAY	hsa03320:PPAR signaling pathway	4	6.25	0.013750542566013735	P37231, Q15848, Q07869, P03956	63	76	9375	7.832080200501252	0.9531102644881144	0.024036381493346845	0.013750542566013735
GOTERM_CC_FAT	GO:0005739~mitochondrion	14	21.875	0.01379377504610542	Q9UNQ0, P10415, P04637, P28482, P31749, P27361, Q07812, P04040, Q14790, P08253, P09211, P08254, P05177, P09601	59	1943	16775	2.048640491289898	0.9829176479703706	0.1424709038827683	0.12934218577753026
GOTERM_BP_FAT	GO:0046328~regulation of JNK cascade	4	6.25	0.014088105230310656	P04626, P09211, P01584, P01375	64	153	19104	7.803921568627451	1.0	0.049748621594534505	0.037242676619581
GOTERM_BP_FAT	GO:0060324~face development	3	4.6875	0.014205998550180536	P28482, P27361, P08253	64	55	19104	16.28181818181818	1.0	0.050067144987770776	0.0374811287284003
GOTERM_BP_FAT	GO:0070371~ERK1 and ERK2 cascade	3	4.6875	0.014205998550180536	P28482, P27361, P01106	64	55	19104	16.28181818181818	1.0	0.050067144987770776	0.0374811287284003
GOTERM_MF_FAT	GO:0016712~oxidoreductase activity, acting on paired donors, with incorporation or reduction of molecular oxygen, reduced flavin or flavoprotein as one donor, and incorporation of one atom of oxygen	3	4.6875	0.014282094268985402	P08684, P05177, P09601	64	50	17305	16.2234375	0.9985421893158072	0.07828356818685422	0.06138535302757732
GOTERM_MF_FAT	GO:0034875~caffeine oxidase activity	2	3.125	0.014484184422237345	P08684, P05177	64	4	17305	135.1953125	0.9986717690369838	0.07828356818685422	0.06138535302757732
GOTERM_MF_FAT	GO:0033695~oxidoreductase activity, acting on CH or CH2 groups, quinone or similar compound as acceptor	2	3.125	0.014484184422237345	P08684, P05177	64	4	17305	135.1953125	0.9986717690369838	0.07828356818685422	0.06138535302757732
GOTERM_CC_FAT	GO:1902554~serine/threonine protein kinase complex	4	6.25	0.014576861017811344	P24385, O15111, P38936, P06400	59	148	16775	7.684379294548786	0.9864647132193024	0.1424709038827683	0.12934218577753026
GOTERM_BP_FAT	GO:0009755~hormone-mediated signaling pathway	4	6.25	0.01458391246765984	P37231, Q15848, Q07869, Q04206	64	155	19104	7.703225806451614	1.0	0.05134900436519765	0.03844075077892423
GOTERM_CC_FAT	GO:0031981~nuclear lumen	27	42.1875	0.014587464561375593	P24385, O75469, P28482, P04637, P42224, Q07869, Q16236, P25963, P06400, O96017, P35869, O15392, Q9UNQ0, P09917, O15111, P04626, P31749, P27361, P38936, P35228, P37231, Q04206, P01106, P05164, Q16665, P42574, P09601	59	5111	16775	1.5019947006954093	0.9865073202474608	0.1424709038827683	0.12934218577753026
GOTERM_BP_FAT	GO:0150076~neuroinflammatory response	3	4.6875	0.01470116804740169	P01579, P01584, P01375	64	56	19104	15.991071428571429	1.0	0.05166124748241449	0.03867450136473895
GOTERM_BP_FAT	GO:0042149~cellular response to glucose starvation	3	4.6875	0.01470116804740169	P10415, P04637, Q16236	64	56	19104	15.991071428571429	1.0	0.05166124748241449	0.03867450136473895
GOTERM_BP_FAT	GO:0007420~brain development	8	12.5	0.014936389799484084	P31645, Q9NRD8, P10415, P04637, Q07812, Q16665, P00533, P42574	64	790	19104	3.022784810126582	1.0	0.05243687914071306	0.039255152608935355
GOTERM_BP_FAT	GO:1904062~regulation of monoatomic cation transmembrane transport	5	7.8125	0.01502596710164789	P14780, P10415, Q07812, P01579, P02778	64	288	19104	5.182291666666667	1.0	0.05270019111499395	0.03945227249676124
GOTERM_BP_FAT	GO:0009749~response to glucose	4	6.25	0.015089549409076268	Q15848, P05362, Q16665, P42574	64	157	19104	7.6050955414012735	1.0	0.052871909557383516	0.039580823886016914
GOTERM_BP_FAT	GO:0060627~regulation of vesicle-mediated transport	7	10.9375	0.015184279385777967	P37231, Q15848, P28482, P27361, P01579, P42574, P13500	64	611	19104	3.4198036006546646	1.0	0.05315232745302336	0.03979074956176279
GOTERM_BP_FAT	GO:0046456~icosanoid biosynthetic process	3	4.6875	0.015203726045970502	P09917, P23219, P35354	64	57	19104	15.710526315789474	1.0	0.05316892977004771	0.039803178342787376
KEGG_PATHWAY	hsa00980:Metabolism of xenobiotics by cytochrome P450	4	6.25	0.01525361798118558	P08684, P09488, P09211, P05177	63	79	9375	7.534659433393609	0.9665272767661464	0.02645549368611874	0.01525361798118558
GOTERM_BP_FAT	GO:0030258~lipid modification	4	6.25	0.015346061225440754	P37231, P09917, Q15848, P08684	64	158	19104	7.556962025316456	1.0	0.05361483805912441	0.04013699298286775
GOTERM_BP_FAT	GO:0003018~vascular process in circulatory system	5	7.8125	0.01537522673850308	P31645, Q9UNQ0, P29474, P08253, P01375	64	290	19104	5.146551724137931	1.0	0.05366488406025786	0.04017445828294193
GOTERM_BP_FAT	GO:0050868~negative regulation of T cell activation	4	6.25	0.015605038894574931	P04626, P42574, P60568, P22301	64	159	19104	7.5094339622641515	1.0	0.05426977090414335	0.04062728701258741
GOTERM_BP_FAT	GO:0002758~innate immune response-activating signaling pathway	4	6.25	0.015605038894574931	O15111, Q04206, P25963, P01375	64	159	19104	7.5094339622641515	1.0	0.05426977090414335	0.04062728701258741
GOTERM_BP_FAT	GO:0048146~positive regulation of fibroblast proliferation	3	4.6875	0.015713620059910977	P01106, P38936, P00533	64	58	19104	15.439655172413794	1.0	0.05426977090414335	0.04062728701258741
GOTERM_BP_FAT	GO:2000107~negative regulation of leukocyte apoptotic process	3	4.6875	0.015713620059910977	P10415, Q16665, P60568	64	58	19104	15.439655172413794	1.0	0.05426977090414335	0.04062728701258741
GOTERM_BP_FAT	GO:0050731~positive regulation of peptidyl-tyrosine phosphorylation	3	4.6875	0.015713620059910977	P01579, P05231, P22301	64	58	19104	15.439655172413794	1.0	0.05426977090414335	0.04062728701258741
GOTERM_BP_FAT	GO:0002686~negative regulation of leukocyte migration	3	4.6875	0.015713620059910977	P31749, P09601, P13500	64	58	19104	15.439655172413794	1.0	0.05426977090414335	0.04062728701258741
GOTERM_BP_FAT	GO:1905521~regulation of macrophage migration	3	4.6875	0.015713620059910977	P28482, P27361, P13500	64	58	19104	15.439655172413794	1.0	0.05426977090414335	0.04062728701258741
GOTERM_BP_FAT	GO:1900087~positive regulation of G1/S transition of mitotic cell cycle	3	4.6875	0.015713620059910977	P24385, P31749, P00533	64	58	19104	15.439655172413794	1.0	0.05426977090414335	0.04062728701258741
GOTERM_BP_FAT	GO:0050805~negative regulation of synaptic transmission	3	4.6875	0.015713620059910977	P31645, Q15848, P01584	64	58	19104	15.439655172413794	1.0	0.05426977090414335	0.04062728701258741
GOTERM_BP_FAT	GO:0010874~regulation of cholesterol efflux	3	4.6875	0.015713620059910977	P37231, Q15848, P27361	64	58	19104	15.439655172413794	1.0	0.05426977090414335	0.04062728701258741
GOTERM_BP_FAT	GO:0030593~neutrophil chemotaxis	3	4.6875	0.015713620059910977	P02778, P01584, P10145	64	58	19104	15.439655172413794	1.0	0.05426977090414335	0.04062728701258741
GOTERM_CC_FAT	GO:0031968~organelle outer membrane	5	7.8125	0.015737158003576304	P10415, Q07812, Q14790, P35354, P09601	59	279	16775	5.095376951582528	0.9904159441714301	0.14754426748964333	0.13394803806227004
GOTERM_BP_FAT	GO:0006351~DNA-templated transcription	7	10.9375	0.015862343621728406	P37231, Q04206, P04637, P27361, P01106, P60568, P06400	64	617	19104	3.386547811993517	1.0	0.05473113982458962	0.04097267574810953
GOTERM_BP_FAT	GO:0018193~peptidyl-amino acid modification	5	7.8125	0.015908698437540857	P35968, P04626, P27361, P31749, P35228	64	293	19104	5.093856655290103	1.0	0.054838754575927295	0.041053238008029645
GOTERM_MF_FAT	GO:0008009~chemokine activity	3	4.6875	0.015954300744781262	P02778, P13500, P10145	64	53	17305	15.305129716981131	0.9993255783618773	0.08521473574271403	0.06682036547226035
GOTERM_CC_FAT	GO:0019867~outer membrane	5	7.8125	0.01611404969170166	P10415, Q07812, Q14790, P35354, P09601	59	281	16775	5.059110923457386	0.9914332837858958	0.14754426748964333	0.13394803806227004
GOTERM_BP_FAT	GO:0048678~response to axon injury	3	4.6875	0.016230797858149622	P10415, Q07812, P08253	64	59	19104	15.177966101694915	1.0	0.055842592821188426	0.0418047286413045
GOTERM_BP_FAT	GO:0034605~cellular response to heat	3	4.6875	0.016230797858149622	P01583, P02778, P09601	64	59	19104	15.177966101694915	1.0	0.055842592821188426	0.0418047286413045
GOTERM_BP_FAT	GO:0043588~skin development	5	7.8125	0.016270767707028094	P10415, Q04206, P38936, P00533, P42574	64	295	19104	5.059322033898305	1.0	0.055926897365602274	0.04186784047806564
GOTERM_BP_FAT	GO:1904880~response to hydrogen sulfide	2	3.125	0.01638200451530242	P35968, P01375	64	5	19104	119.4	1.0	0.0560959548554295	0.04199439983231407
GOTERM_BP_FAT	GO:0032310~prostaglandin secretion	2	3.125	0.01638200451530242	P35354, P35228	64	5	19104	119.4	1.0	0.0560959548554295	0.04199439983231407
GOTERM_BP_FAT	GO:0033591~response to L-ascorbic acid	2	3.125	0.01638200451530242	P04040, P09211	64	5	19104	119.4	1.0	0.0560959548554295	0.04199439983231407
GOTERM_BP_FAT	GO:1904999~positive regulation of leukocyte adhesion to arterial endothelial cell	2	3.125	0.01638200451530242	P09917, P01375	64	5	19104	119.4	1.0	0.0560959548554295	0.04199439983231407
GOTERM_BP_FAT	GO:0030198~extracellular matrix organization	5	7.8125	0.01645373718267296	P14780, P03956, P08253, P08254, P01375	64	296	19104	5.04222972972973	1.0	0.05628828160127287	0.04213837895316528
GOTERM_MF_FAT	GO:0140296~general transcription initiation factor binding	3	4.6875	0.016529497109321868	P35869, Q04206, P04637	64	54	17305	15.02170138888889	0.999482812792335	0.08726036846083869	0.06842442989440216
KEGG_PATHWAY	hsa04024:cAMP signaling pathway	6	9.375	0.01654818638069766	Q07869, Q04206, P28482, P27361, P31749, P25963	63	226	9375	3.9506953223767383	0.9749716678484147	0.028332210630830402	0.01654818638069766
GOTERM_BP_FAT	GO:0007611~learning or memory	5	7.8125	0.0166380002200684	P31645, P28482, Q16665, P00533, P42574	64	297	19104	5.025252525252525	1.0	0.05681115089307587	0.04252980792797465
GOTERM_BP_FAT	GO:0043062~extracellular structure organization	5	7.8125	0.0166380002200684	P14780, P03956, P08253, P08254, P01375	64	297	19104	5.025252525252525	1.0	0.05681115089307587	0.04252980792797465
KEGG_PATHWAY	hsa04519:Cadherin signaling	8	12.5	0.01672152391697136	P35968, O15111, P04626, Q04206, P28482, P27361, P00533, P25963	63	404	9375	2.9467232437529467	0.9759279154285604	0.028332210630830402	0.01672152391697136
GOTERM_BP_FAT	GO:0046902~regulation of mitochondrial membrane permeability	3	4.6875	0.01675520746416142	P10415, P04637, Q07812	64	60	19104	14.924999999999999	1.0	0.05715738697208273	0.042789006231589585
KEGG_PATHWAY	hsa04072:Phospholipase D signaling pathway	5	7.8125	0.016766920525704474	P28482, P27361, P31749, P00533, P10145	63	149	9375	4.9936081815276445	0.9761722861101663	0.028332210630830402	0.016766920525704474
KEGG_PATHWAY	hsa00983:Drug metabolism - other enzymes	4	6.25	0.016846179294007266	P08684, P09488, P05164, P09211	63	82	9375	7.259001161440185	0.9765930322368023	0.028332210630830402	0.016846179294007266
GOTERM_BP_FAT	GO:0030182~neuron differentiation	10	15.625	0.01685697332647375	P24385, P10415, P04626, P19320, P08253, P05231, Q16665, P00533, P42574, P06400	64	1206	19104	2.4751243781094527	1.0	0.05745034453207265	0.04300831931646037
GOTERM_BP_FAT	GO:1904375~regulation of protein localization to cell periphery	4	6.25	0.01693700152227341	P31749, P01579, P00533, P01375	64	164	19104	7.2804878048780495	1.0	0.057668735879981774	0.043171810848205386
GOTERM_BP_FAT	GO:0045229~external encapsulating structure organization	5	7.8125	0.017010417822085733	P14780, P03956, P08253, P08254, P01375	64	299	19104	4.9916387959866215	1.0	0.0578642246892399	0.04331815714429547
GOTERM_MF_FAT	GO:0016538~cyclin-dependent protein serine/threonine kinase regulator activity	3	4.6875	0.017113473948842828	P24385, P38936, P42574	64	55	17305	14.748579545454545	0.9996050562652444	0.08828996787243913	0.06923178097486417
GOTERM_MF_FAT	GO:0019914~cyclin-dependent protein kinase regulator activity	3	4.6875	0.017113473948842828	P24385, P38936, P42574	64	55	17305	14.748579545454545	0.9996050562652444	0.08828996787243913	0.06923178097486417
GOTERM_BP_FAT	GO:0015718~monocarboxylic acid transport	4	6.25	0.01721082470573937	P37231, Q9UNQ0, P35354, P35228	64	165	19104	7.236363636363637	1.0	0.05849092306010673	0.04378731435943277
GOTERM_BP_FAT	GO:0034198~cellular response to amino acid starvation	3	4.6875	0.01728679715811913	P28482, P27361, P38936	64	61	19104	14.68032786885246	1.0	0.05869395166550119	0.043939305077022046
GOTERM_BP_FAT	GO:0030003~intracellular monoatomic cation homeostasis	6	9.375	0.01730374750134432	P01583, P10415, Q07812, P01106, Q16665, P09601	64	457	19104	3.9190371991247264	1.0	0.058696389272852784	0.04394112991195036
GOTERM_MF_FAT	GO:0050661~NADP binding	3	4.6875	0.01770616185518703	P29474, P04040, P35228	64	56	17305	14.485212053571429	0.9996996659514552	0.09011481358209888	0.0706627172582097
GOTERM_BP_FAT	GO:0051129~negative regulation of cellular component organization	8	12.5	0.01775965535665602	P37231, O15392, Q15848, P04637, P31749, P02778, P01584, P01375	64	818	19104	2.9193154034229827	1.0	0.06018642340175086	0.04505659517382179
GOTERM_MF_FAT	GO:1901681~sulfur compound binding	5	7.8125	0.01786417009336762	P09488, P02778, P05164, P09211, P10145	64	275	17305	4.9161931818181825	0.999720818899706	0.09011481358209888	0.0706627172582097
GOTERM_BP_FAT	GO:0097746~blood vessel diameter maintenance	4	6.25	0.018047191461134763	P31645, P29474, P08253, P01375	64	168	19104	7.107142857142858	1.0	0.06104643996582162	0.04570041841467895
GOTERM_BP_FAT	GO:0035296~regulation of tube diameter	4	6.25	0.018047191461134763	P31645, P29474, P08253, P01375	64	168	19104	7.107142857142858	1.0	0.06104643996582162	0.04570041841467895
GOTERM_BP_FAT	GO:0051338~regulation of transferase activity	5	7.8125	0.01815899303181637	Q15848, P04626, P38936, P01375, P06400	64	305	19104	4.89344262295082	1.0	0.0613672138346243	0.04594055526834291
GOTERM_MF_FAT	GO:0097367~carbohydrate derivative binding	16	25.0	0.018275293800950616	O96017, P35968, Q9UNQ0, P29474, Q15848, O15111, P04626, P28482, P31749, P27361, P35228, P10145, P02778, P05164, P00533, P60568	64	2332	17305	1.8551672384219553	0.9997691482507914	0.09117564160034704	0.07149455596855406
GOTERM_BP_FAT	GO:0035150~regulation of tube size	4	6.25	0.018330951900556013	P31645, P29474, P08253, P01375	64	169	19104	7.06508875739645	1.0	0.06185350209438606	0.046304599051300625
GOTERM_BP_FAT	GO:0030811~regulation of nucleotide catabolic process	3	4.6875	0.018371311186219753	Q07869, P01579, Q16665	64	63	19104	14.214285714285715	1.0	0.06185350209438606	0.046304599051300625
GOTERM_BP_FAT	GO:0006110~regulation of glycolytic process	3	4.6875	0.018371311186219753	Q07869, P01579, Q16665	64	63	19104	14.214285714285715	1.0	0.06185350209438606	0.046304599051300625
GOTERM_BP_FAT	GO:0033121~regulation of purine nucleotide catabolic process	3	4.6875	0.018371311186219753	Q07869, P01579, Q16665	64	63	19104	14.214285714285715	1.0	0.06185350209438606	0.046304599051300625
GOTERM_CC_FAT	GO:1902911~protein kinase complex	4	6.25	0.018514307157479988	P24385, O15111, P38936, P06400	59	162	16775	7.020297133291484	0.9958120242016476	0.164384605973989	0.14923653648150537
GOTERM_MF_FAT	GO:0003690~double-stranded DNA binding	13	20.3125	0.018604823788954773	P35869, O75469, P04637, P37231, P42224, Q07869, Q04206, P01106, P00533, Q16236, Q16665, P06400, P01375	64	1703	17305	2.064050572519084	0.9998017837655209	0.09181076087158116	0.07199257900943368
GOTERM_BP_FAT	GO:0006873~intracellular monoatomic ion homeostasis	6	9.375	0.01866169288254075	P01583, P10415, Q07812, P01106, Q16665, P09601	64	466	19104	3.843347639484979	1.0	0.06277272694257428	0.04699274663538401
GOTERM_BP_FAT	GO:0032386~regulation of intracellular transport	5	7.8125	0.0187510261401026	P28482, P27361, P31749, P25963, P01584	64	308	19104	4.845779220779221	1.0	0.06301460085744517	0.04717381762198675
KEGG_PATHWAY	hsa05310:Asthma	3	4.6875	0.018791455924285733	P29965, P22301, P01375	63	32	9375	13.950892857142856	0.9848904337107626	0.03136618958790551	0.018791455924285733
GOTERM_BP_FAT	GO:0002712~regulation of B cell mediated immunity	3	4.6875	0.0189241333375607	P60568, P22301, P01375	64	64	19104	13.9921875	1.0	0.06336080198946249	0.04743298976368224
GOTERM_BP_FAT	GO:0002889~regulation of immunoglobulin mediated immune response	3	4.6875	0.0189241333375607	P60568, P22301, P01375	64	64	19104	13.9921875	1.0	0.06336080198946249	0.04743298976368224
GOTERM_BP_FAT	GO:0043405~regulation of MAP kinase activity	3	4.6875	0.0189241333375607	Q15848, P04626, P01375	64	64	19104	13.9921875	1.0	0.06336080198946249	0.04743298976368224
GOTERM_BP_FAT	GO:1990928~response to amino acid starvation	3	4.6875	0.0189241333375607	P28482, P27361, P38936	64	64	19104	13.9921875	1.0	0.06336080198946249	0.04743298976368224
GOTERM_BP_FAT	GO:0050851~antigen receptor-mediated signaling pathway	4	6.25	0.019197169238341104	P10415, P28482, Q07812, P25963	64	172	19104	6.941860465116279	1.0	0.06421550783149069	0.04807283730637314
GOTERM_BP_FAT	GO:0070542~response to fatty acid	3	4.6875	0.019483931208648202	P37231, Q15848, P04040	64	65	19104	13.776923076923076	1.0	0.06510979161500499	0.048742313579042726
GOTERM_BP_FAT	GO:0033091~positive regulation of immature T cell proliferation	2	3.125	0.01962656882200095	P01583, P01584	64	6	19104	99.5	1.0	0.06510979161500499	0.048742313579042726
GOTERM_BP_FAT	GO:0002326~B cell lineage commitment	2	3.125	0.01962656882200095	P10415, P04637	64	6	19104	99.5	1.0	0.06510979161500499	0.048742313579042726
GOTERM_BP_FAT	GO:1990418~response to insulin-like growth factor stimulus	2	3.125	0.01962656882200095	P31749, P42574	64	6	19104	99.5	1.0	0.06510979161500499	0.048742313579042726
GOTERM_BP_FAT	GO:0060556~regulation of vitamin D biosynthetic process	2	3.125	0.01962656882200095	P01579, P01375	64	6	19104	99.5	1.0	0.06510979161500499	0.048742313579042726
GOTERM_BP_FAT	GO:0022614~membrane to membrane docking	2	3.125	0.01962656882200095	P19320, P05362	64	6	19104	99.5	1.0	0.06510979161500499	0.048742313579042726
GOTERM_BP_FAT	GO:0072347~response to anesthetic	2	3.125	0.01962656882200095	Q14790, P42574	64	6	19104	99.5	1.0	0.06510979161500499	0.048742313579042726
GOTERM_BP_FAT	GO:0033092~positive regulation of immature T cell proliferation in thymus	2	3.125	0.01962656882200095	P01583, P01584	64	6	19104	99.5	1.0	0.06510979161500499	0.048742313579042726
GOTERM_BP_FAT	GO:1900098~regulation of plasma cell differentiation	2	3.125	0.01962656882200095	P60568, P22301	64	6	19104	99.5	1.0	0.06510979161500499	0.048742313579042726
GOTERM_CC_FAT	GO:0099503~secretory vesicle	10	15.625	0.019807199430458666	P01033, P00749, P14780, P09917, P28482, P04040, P05164, P09211, P01344, P01584	59	1186	16775	2.3973190042015604	0.9971537572219646	0.1706914539154232	0.1549622073088825
GOTERM_BP_FAT	GO:0002931~response to ischemia	3	4.6875	0.02005065433353257	P10415, P04637, Q16236	64	66	19104	13.568181818181817	1.0	0.06633409521505378	0.04965884838140226
GOTERM_BP_FAT	GO:0042698~ovulation cycle	3	4.6875	0.02005065433353257	P29474, P08253, P42574	64	66	19104	13.568181818181817	1.0	0.06633409521505378	0.04965884838140226
GOTERM_BP_FAT	GO:0140888~interferon-mediated signaling pathway	3	4.6875	0.02005065433353257	P42224, P04637, P01579	64	66	19104	13.568181818181817	1.0	0.06633409521505378	0.04965884838140226
GOTERM_MF_FAT	GO:0043565~sequence-specific DNA binding	13	20.3125	0.02005466116164823	P35869, O75469, P10415, P04637, P37231, P42224, Q07869, Q04206, P01106, Q16236, Q16665, P06400, P01375	64	1721	17305	2.0424625944218477	0.9998986927366775	0.09686042338171792	0.07595222626407837
GOTERM_MF_FAT	GO:0046872~metal ion binding	26	40.625	0.02005480131691957	Q9NRD8, P01583, O75469, P29474, P04637, P35354, P14780, Q07869, P04040, P08684, P05177, P31645, P01033, O96017, P35968, O15392, P09917, P03956, P38936, P35228, P37231, P23219, P05164, P08253, P08254, P09601	64	4688	17305	1.4996067086177474	0.9998986993146183	0.09686042338171792	0.07595222626407837
GOTERM_BP_FAT	GO:0002274~myeloid leukocyte activation	4	6.25	0.020085817575106583	P01579, P01584, P01375, P10145	64	175	19104	6.822857142857144	1.0	0.06638968587896289	0.04970046451171255
KEGG_PATHWAY	hsa04150:mTOR signaling pathway	5	7.8125	0.02034032724746886	O15111, P28482, P27361, P31749, P01375	63	158	9375	4.709162145871006	0.9893432194004458	0.033698154096552885	0.02034032724746886
GOTERM_BP_FAT	GO:0061138~morphogenesis of a branching epithelium	4	6.25	0.020387023434843422	P35968, P10415, P01106, P22301	64	176	19104	6.784090909090908	1.0	0.06732372305058795	0.050399700856731636
GOTERM_BP_FAT	GO:0043627~response to estrogen	3	4.6875	0.02062425249128025	P37231, P24385, P08253	64	67	19104	13.365671641791046	1.0	0.06804497902232608	0.050939645523627404
GOTERM_BP_FAT	GO:0034765~regulation of monoatomic ion transmembrane transport	5	7.8125	0.021024264937150174	P14780, P10415, Q07812, P01579, P02778	64	319	19104	4.678683385579937	1.0	0.06930149682108937	0.051880296431053345
GOTERM_BP_FAT	GO:0090303~positive regulation of wound healing	3	4.6875	0.021204675709741206	Q9NRD8, P00749, Q16236	64	68	19104	13.169117647058824	1.0	0.06970555215129473	0.052182779223881315
GOTERM_BP_FAT	GO:0060261~positive regulation of transcription initiation by RNA polymerase II	3	4.6875	0.021204675709741206	P04637, P01106, P25963	64	68	19104	13.169117647058824	1.0	0.06970555215129473	0.052182779223881315
GOTERM_BP_FAT	GO:0072676~lymphocyte migration	3	4.6875	0.021204675709741206	P02778, P05362, P13500	64	68	19104	13.169117647058824	1.0	0.06970555215129473	0.052182779223881315
GOTERM_MF_FAT	GO:0000976~transcription cis-regulatory region binding	12	18.75	0.021299933575388515	P37231, P42224, P35869, O75469, Q07869, Q04206, P04637, P01106, Q16665, Q16236, P01375, P06400	64	1531	17305	2.119325604180274	0.9999431243361557	0.10116929074498186	0.07933098569430296
GOTERM_BP_FAT	GO:0048592~eye morphogenesis	4	6.25	0.021305622136813543	P35968, P10415, Q07812, Q16665	64	179	19104	6.670391061452515	1.0	0.06997377806241396	0.0523835777696224
GOTERM_MF_FAT	GO:0001067~transcription regulatory region nucleic acid binding	12	18.75	0.021392625355767088	P37231, P42224, P35869, O75469, Q07869, Q04206, P04637, P01106, Q16665, Q16236, P01375, P06400	64	1532	17305	2.117942232375979	0.9999455181514667	0.10116929074498186	0.07933098569430296
GOTERM_MF_FAT	GO:0051434~BH3 domain binding	2	3.125	0.021648653681471633	P10415, Q07812	64	6	17305	90.13020833333333	0.9999516205942598	0.1013246265091559	0.07945279083096805
GOTERM_BP_FAT	GO:0002220~innate immune response activating cell surface receptor signaling pathway	3	4.6875	0.021791874261270848	O15111, Q04206, P25963	64	69	19104	12.978260869565217	1.0	0.07144099485834576	0.05348196158228485
GOTERM_BP_FAT	GO:0030193~regulation of blood coagulation	3	4.6875	0.021791874261270848	P00749, P29474, Q16236	64	69	19104	12.978260869565217	1.0	0.07144099485834576	0.05348196158228485
GOTERM_BP_FAT	GO:0007292~female gamete generation	4	6.25	0.022565398423256135	P29474, P10415, P31749, P08253	64	183	19104	6.524590163934426	1.0	0.07390985570515778	0.055330193416444164
GOTERM_BP_FAT	GO:0042391~regulation of membrane potential	6	9.375	0.022799492801460226	P31645, P35968, P10415, Q07812, P31749, P01375	64	491	19104	3.64765784114053	1.0	0.07433806597260838	0.05565075901212689
GOTERM_BP_FAT	GO:1904997~regulation of leukocyte adhesion to arterial endothelial cell	2	3.125	0.022860599934054343	P09917, P01375	64	7	19104	85.28571428571429	1.0	0.07433806597260838	0.05565075901212689
GOTERM_BP_FAT	GO:0006527~L-arginine catabolic process	2	3.125	0.022860599934054343	P29474, P35228	64	7	19104	85.28571428571429	1.0	0.07433806597260838	0.05565075901212689
GOTERM_BP_FAT	GO:0031649~heat generation	2	3.125	0.022860599934054343	P01583, P01584	64	7	19104	85.28571428571429	1.0	0.07433806597260838	0.05565075901212689
GOTERM_BP_FAT	GO:0016098~monoterpenoid metabolic process	2	3.125	0.022860599934054343	P08684, P05177	64	7	19104	85.28571428571429	1.0	0.07433806597260838	0.05565075901212689
GOTERM_BP_FAT	GO:0060620~regulation of cholesterol import	2	3.125	0.022860599934054343	Q15848, P05164	64	7	19104	85.28571428571429	1.0	0.07433806597260838	0.05565075901212689
GOTERM_BP_FAT	GO:1903944~negative regulation of hepatocyte apoptotic process	2	3.125	0.022860599934054343	Q07869, P06400	64	7	19104	85.28571428571429	1.0	0.07433806597260838	0.05565075901212689
GOTERM_BP_FAT	GO:0060440~trachea formation	2	3.125	0.022860599934054343	P28482, P27361	64	7	19104	85.28571428571429	1.0	0.07433806597260838	0.05565075901212689
GOTERM_BP_FAT	GO:0048639~positive regulation of developmental growth	4	6.25	0.02288659113020868	P10415, P28482, P31749, P01344	64	184	19104	6.489130434782609	1.0	0.0743557174544785	0.0556639732160601
GOTERM_BP_FAT	GO:1900046~regulation of hemostasis	3	4.6875	0.022986399674568957	P00749, P29474, Q16236	64	71	19104	12.612676056338028	1.0	0.07441255257228412	0.055706520966032375
GOTERM_BP_FAT	GO:1990266~neutrophil migration	3	4.6875	0.022986399674568957	P02778, P01584, P10145	64	71	19104	12.612676056338028	1.0	0.07441255257228412	0.055706520966032375
GOTERM_BP_FAT	GO:0019233~sensory perception of pain	3	4.6875	0.022986399674568957	P27361, P13500, P01375	64	71	19104	12.612676056338028	1.0	0.07441255257228412	0.055706520966032375
GOTERM_BP_FAT	GO:0097006~regulation of plasma lipoprotein particle levels	3	4.6875	0.022986399674568957	Q15848, P05164, P09601	64	71	19104	12.612676056338028	1.0	0.07441255257228412	0.055706520966032375
GOTERM_BP_FAT	GO:0060562~epithelial tube morphogenesis	5	7.8125	0.02323239989157176	P35968, P10415, P01106, Q16665, P42574	64	329	19104	4.536474164133739	1.0	0.07514164401424284	0.05625233140114916
GOTERM_CC_FAT	GO:0005769~early endosome	6	9.375	0.023325504578597073	P35968, P04626, P28482, P27361, P19320, P00533	59	472	16775	3.614263142775065	0.9990075580296349	0.1952677954722555	0.17727383479733774
KEGG_PATHWAY	hsa04520:Adherens junction	4	6.25	0.02345804007630282	P04626, P28482, P27361, P00533	63	93	9375	6.400409626216078	0.9947314533515168	0.038291800712788426	0.02345804007630282
KEGG_PATHWAY	hsa04912:GnRH signaling pathway	4	6.25	0.02345804007630282	P28482, P27361, P08253, P00533	63	93	9375	6.400409626216078	0.9947314533515168	0.038291800712788426	0.02345804007630282
GOTERM_BP_FAT	GO:0001763~morphogenesis of a branching structure	4	6.25	0.023536476016311595	P35968, P10415, P01106, P22301	64	186	19104	6.419354838709677	1.0	0.07590263339080724	0.05682202118056284
GOTERM_BP_FAT	GO:0002218~activation of innate immune response	4	6.25	0.023536476016311595	O15111, Q04206, P25963, P01375	64	186	19104	6.419354838709677	1.0	0.07590263339080724	0.05682202118056284
GOTERM_BP_FAT	GO:0010632~regulation of epithelial cell migration	3	4.6875	0.023593628299576147	P14780, P01579, Q16665	64	72	19104	12.4375	1.0	0.07590263339080724	0.05682202118056284
GOTERM_BP_FAT	GO:1902808~positive regulation of cell cycle G1/S phase transition	3	4.6875	0.023593628299576147	P24385, P31749, P00533	64	72	19104	12.4375	1.0	0.07590263339080724	0.05682202118056284
GOTERM_BP_FAT	GO:0045599~negative regulation of fat cell differentiation	3	4.6875	0.023593628299576147	Q15848, P05231, P01375	64	72	19104	12.4375	1.0	0.07590263339080724	0.05682202118056284
GOTERM_BP_FAT	GO:0042116~macrophage activation	3	4.6875	0.023593628299576147	P01579, P01584, P01375	64	72	19104	12.4375	1.0	0.07590263339080724	0.05682202118056284
GOTERM_MF_FAT	GO:0000978~RNA polymerase II cis-regulatory region sequence-specific DNA binding	10	15.625	0.02364406877183011	P37231, P42224, P35869, O75469, Q07869, Q04206, P04637, P01106, Q16665, Q16236	64	1158	17305	2.3349794905008636	0.9999808526500974	0.10953476757562113	0.08589069880379102
GOTERM_BP_FAT	GO:0045089~positive regulation of innate immune response	5	7.8125	0.024153870434378694	O15111, Q04206, P00533, P25963, P01375	64	333	19104	4.481981981981982	1.0	0.07763590710285632	0.058119579791878324
GOTERM_BP_FAT	GO:0002275~myeloid cell activation involved in immune response	3	4.6875	0.024207435784028133	P01579, P01584, P01375	64	73	19104	12.267123287671232	1.0	0.07773897672739408	0.05819673949144242
GOTERM_BP_FAT	GO:0030855~epithelial cell differentiation	7	10.9375	0.024760247888040026	P37231, P35968, P31749, P05362, P38936, Q16665, P42574	64	683	19104	3.0592972181551974	1.0	0.0794437057348294	0.05947292904429845
GOTERM_MF_FAT	GO:0043175~RNA polymerase core enzyme binding	3	4.6875	0.0247811797573694	P35869, P04626, P04637	64	67	17305	12.107042910447761	0.9999887191569338	0.11250655609845708	0.08822099993623507
GOTERM_MF_FAT	GO:0004714~transmembrane receptor protein tyrosine kinase activity	3	4.6875	0.0247811797573694	P35968, P04626, P00533	64	67	17305	12.107042910447761	0.9999887191569338	0.11250655609845708	0.08822099993623507
GOTERM_BP_FAT	GO:0002823~negative regulation of adaptive immune response based on somatic recombination of immune receptors built from immunoglobulin superfamily domains	3	4.6875	0.02482777361079852	P35869, P27361, P60568	64	74	19104	12.10135135135135	1.0	0.07944887555455526	0.059476799260558925
GOTERM_BP_FAT	GO:2000401~regulation of lymphocyte migration	3	4.6875	0.02482777361079852	P31749, P02778, P13500	64	74	19104	12.10135135135135	1.0	0.07944887555455526	0.059476799260558925
GOTERM_BP_FAT	GO:0071300~cellular response to retinoic acid	3	4.6875	0.02482777361079852	P31645, P37231, P01375	64	74	19104	12.10135135135135	1.0	0.07944887555455526	0.059476799260558925
KEGG_PATHWAY	hsa04140:Autophagy - animal	5	7.8125	0.025304352052801342	P10415, P28482, P27361, P31749, Q16665	63	169	9375	4.402648633417864	0.9965321927435692	0.041004132523517506	0.025304352052801342
GOTERM_BP_FAT	GO:0051216~cartilage development	4	6.25	0.02554611729847648	P01033, P27361, Q16665, P06400	64	192	19104	6.21875	1.0	0.08167529633182224	0.06114353627495652
GOTERM_MF_FAT	GO:0004674~protein serine/threonine kinase activity	6	9.375	0.025661426421722193	O96017, O15111, P28482, P27361, P31749, P00533	64	459	17305	3.534517973856209	0.9999925132563652	0.11381395699095123	0.08924618653916001
GOTERM_MF_FAT	GO:0001227~DNA-binding transcription repressor activity, RNA polymerase II-specific	5	7.8125	0.025800057124399967	P37231, Q07869, Q04206, P04637, P01106	64	308	17305	4.389458198051948	0.9999929816132646	0.11381395699095123	0.08924618653916001
GOTERM_BP_FAT	GO:1905475~regulation of protein localization to membrane	4	6.25	0.025889801976928882	P31749, P01579, P00533, P01375	64	193	19104	6.186528497409326	1.0	0.08231558142563139	0.06162286474534961
GOTERM_BP_FAT	GO:0051250~negative regulation of lymphocyte activation	4	6.25	0.025889801976928882	P04626, P42574, P60568, P22301	64	193	19104	6.186528497409326	1.0	0.08231558142563139	0.06162286474534961
GOTERM_MF_FAT	GO:0043169~cation binding	26	40.625	0.02606182673642058	Q9NRD8, P01583, O75469, P29474, P04637, P35354, P14780, Q07869, P04040, P08684, P05177, P31645, P01033, O96017, P35968, O15392, P09917, P03956, P38936, P35228, P37231, P23219, P05164, P08253, P08254, P09601	64	4791	17305	1.4673671989146317	0.9999937877309445	0.11381395699095123	0.08924618653916001
GOTERM_BP_FAT	GO:1901653~cellular response to peptide	2	3.125	0.02608413149370522	P01033, P31749	64	8	19104	74.625	1.0	0.08231558142563139	0.06162286474534961
GOTERM_BP_FAT	GO:0051045~negative regulation of membrane protein ectodomain proteolysis	2	3.125	0.02608413149370522	P01033, P22301	64	8	19104	74.625	1.0	0.08231558142563139	0.06162286474534961
GOTERM_BP_FAT	GO:0061044~negative regulation of vascular wound healing	2	3.125	0.02608413149370522	P09917, P01375	64	8	19104	74.625	1.0	0.08231558142563139	0.06162286474534961
GOTERM_BP_FAT	GO:0051122~hepoxilin biosynthetic process	2	3.125	0.02608413149370522	P09488, P09211	64	8	19104	74.625	1.0	0.08231558142563139	0.06162286474534961
GOTERM_BP_FAT	GO:0031077~post-embryonic camera-type eye development	2	3.125	0.02608413149370522	P35968, Q07812	64	8	19104	74.625	1.0	0.08231558142563139	0.06162286474534961
GOTERM_BP_FAT	GO:0090400~stress-induced premature senescence	2	3.125	0.02608413149370522	P04637, P38936	64	8	19104	74.625	1.0	0.08231558142563139	0.06162286474534961
GOTERM_BP_FAT	GO:0002841~negative regulation of T cell mediated immune response to tumor cell	2	3.125	0.02608413149370522	P35869, P27361	64	8	19104	74.625	1.0	0.08231558142563139	0.06162286474534961
GOTERM_BP_FAT	GO:0071316~cellular response to nicotine	2	3.125	0.02608413149370522	Q04206, P01375	64	8	19104	74.625	1.0	0.08231558142563139	0.06162286474534961
GOTERM_BP_FAT	GO:0072683~T cell extravasation	2	3.125	0.02608413149370522	P05362, P13500	64	8	19104	74.625	1.0	0.08231558142563139	0.06162286474534961
GOTERM_BP_FAT	GO:0070163~regulation of adiponectin secretion	2	3.125	0.02608413149370522	P37231, P01584	64	8	19104	74.625	1.0	0.08231558142563139	0.06162286474534961
GOTERM_BP_FAT	GO:0048050~post-embryonic eye morphogenesis	2	3.125	0.02608413149370522	P35968, Q07812	64	8	19104	74.625	1.0	0.08231558142563139	0.06162286474534961
GOTERM_BP_FAT	GO:0140374~antiviral innate immune response	3	4.6875	0.026087847431906407	Q04206, P02778, P01375	64	76	19104	11.782894736842104	1.0	0.08231558142563139	0.06162286474534961
GOTERM_BP_FAT	GO:0045600~positive regulation of fat cell differentiation	3	4.6875	0.026087847431906407	P37231, P31749, P35354	64	76	19104	11.782894736842104	1.0	0.08231558142563139	0.06162286474534961
GOTERM_MF_FAT	GO:0000977~RNA polymerase II transcription regulatory region sequence-specific DNA binding	11	17.1875	0.02610698309922682	P37231, P42224, P35869, O75469, Q07869, Q04206, P04637, P01106, Q16665, Q16236, P06400	64	1376	17305	2.161552961482558	0.9999939171328875	0.11381395699095123	0.08924618653916001
GOTERM_MF_FAT	GO:0001664~G protein-coupled receptor binding	5	7.8125	0.02633933829912703	P42224, P02778, P13500, P60568, P10145	64	310	17305	4.361139112903226	0.9999945416522577	0.11381395699095123	0.08924618653916001
GOTERM_MF_FAT	GO:0000987~cis-regulatory region sequence-specific DNA binding	10	15.625	0.026573302733570114	P37231, P42224, P35869, O75469, Q07869, Q04206, P04637, P01106, Q16665, Q16236	64	1182	17305	2.2875687394247035	0.9999951058543534	0.11381395699095123	0.08924618653916001
GOTERM_BP_FAT	GO:0002820~negative regulation of adaptive immune response	3	4.6875	0.026727487589002483	P35869, P27361, P60568	64	77	19104	11.629870129870131	1.0	0.08411365981012443	0.06296893725276739
GOTERM_BP_FAT	GO:0090559~regulation of membrane permeability	3	4.6875	0.026727487589002483	P10415, P04637, Q07812	64	77	19104	11.629870129870131	1.0	0.08411365981012443	0.06296893725276739
GOTERM_BP_FAT	GO:2000144~positive regulation of DNA-templated transcription initiation	3	4.6875	0.026727487589002483	P04637, P01106, P25963	64	77	19104	11.629870129870131	1.0	0.08411365981012443	0.06296893725276739
GOTERM_BP_FAT	GO:0007596~blood coagulation	4	6.25	0.026935834657434772	P31645, P00749, P05231, P29965	64	196	19104	6.091836734693877	1.0	0.08469563314894273	0.06340461253710951
GOTERM_BP_FAT	GO:0042058~regulation of epidermal growth factor receptor signaling pathway	3	4.6875	0.027373466414609054	P00749, P14780, P00533	64	78	19104	11.48076923076923	1.0	0.0858477489637696	0.06426710631773348
GOTERM_BP_FAT	GO:0050818~regulation of coagulation	3	4.6875	0.027373466414609054	P00749, P29474, Q16236	64	78	19104	11.48076923076923	1.0	0.0858477489637696	0.06426710631773348
GOTERM_BP_FAT	GO:0033077~T cell differentiation in thymus	3	4.6875	0.027373466414609054	P10415, P04626, P04637	64	78	19104	11.48076923076923	1.0	0.0858477489637696	0.06426710631773348
GOTERM_BP_FAT	GO:0050817~coagulation	4	6.25	0.027645663594521117	P31645, P00749, P05231, P29965	64	198	19104	6.03030303030303	1.0	0.08662627344695699	0.0648499231805621
GOTERM_CC_FAT	GO:0000307~cyclin-dependent protein kinase holoenzyme complex	3	4.6875	0.02774785216890569	P24385, P38936, P06400	59	75	16775	11.372881355932204	0.9997374445779356	0.225836685708038	0.20502579658135872
GOTERM_BP_FAT	GO:0023061~signal release	4	6.25	0.028004317272168993	P05231, Q16665, P35354, P35228	64	199	19104	6.0	1.0	0.0874383636522731	0.06545786792220777
GOTERM_BP_FAT	GO:0002753~cytoplasmic pattern recognition receptor signaling pathway	3	4.6875	0.028025736579918286	Q04206, P25963, P01375	64	79	19104	11.335443037974684	1.0	0.0874383636522731	0.06545786792220777
GOTERM_BP_FAT	GO:0007589~body fluid secretion	3	4.6875	0.028025736579918286	P24385, Q07869, Q16665	64	79	19104	11.335443037974684	1.0	0.0874383636522731	0.06545786792220777
GOTERM_BP_FAT	GO:0007265~Ras protein signal transduction	3	4.6875	0.028025736579918286	P04637, P38936, P06400	64	79	19104	11.335443037974684	1.0	0.0874383636522731	0.06545786792220777
GOTERM_BP_FAT	GO:0071260~cellular response to mechanical stimulus	3	4.6875	0.028025736579918286	P27361, Q14790, P01584	64	79	19104	11.335443037974684	1.0	0.0874383636522731	0.06545786792220777
KEGG_PATHWAY	hsa04640:Hematopoietic cell lineage	4	6.25	0.028300326915211036	P01583, P05231, P01584, P01375	63	100	9375	5.9523809523809526	0.9982437573793715	0.045526612863600366	0.028300326915211036
GOTERM_MF_FAT	GO:1990837~sequence-specific double-stranded DNA binding	12	18.75	0.02843180307813164	P37231, P42224, P35869, O75469, Q07869, Q04206, P04637, P01106, Q16665, Q16236, P01375, P06400	64	1600	17305	2.0279296875	0.9999979447068017	0.11870803928327096	0.09308383697102306
GOTERM_BP_FAT	GO:0010803~regulation of tumor necrosis factor-mediated signaling pathway	3	4.6875	0.028684250992759466	Q15848, Q14790, P09211	64	80	19104	11.193750000000001	1.0	0.08926183441464564	0.06682294960189318
GOTERM_BP_FAT	GO:0006879~intracellular iron ion homeostasis	3	4.6875	0.028684250992759466	P01106, Q16665, P09601	64	80	19104	11.193750000000001	1.0	0.08926183441464564	0.06682294960189318
GOTERM_BP_FAT	GO:0051881~regulation of mitochondrial membrane potential	3	4.6875	0.028684250992759466	P35968, P10415, Q07812	64	80	19104	11.193750000000001	1.0	0.08926183441464564	0.06682294960189318
GOTERM_MF_FAT	GO:0051400~BH domain binding	2	3.125	0.02876185973823746	P10415, Q07812	64	8	17305	67.59765625	0.9999982385073836	0.11870803928327096	0.09308383697102306
GOTERM_MF_FAT	GO:0034618~arginine binding	2	3.125	0.02876185973823746	P29474, P35228	64	8	17305	67.59765625	0.9999982385073836	0.11870803928327096	0.09308383697102306
GOTERM_MF_FAT	GO:0101020~estrogen 16-alpha-hydroxylase activity	2	3.125	0.02876185973823746	P08684, P05177	64	8	17305	67.59765625	0.9999982385073836	0.11870803928327096	0.09308383697102306
GOTERM_BP_FAT	GO:0003012~muscle system process	5	7.8125	0.029093426577098916	O15111, P29474, P09601, P01584, P01375	64	353	19104	4.228045325779037	1.0	0.09031987187295759	0.06761501470135405
GOTERM_BP_FAT	GO:0007599~hemostasis	4	6.25	0.029095221263618735	P31645, P00749, P05231, P29965	64	202	19104	5.910891089108911	1.0	0.09031987187295759	0.06761501470135405
GOTERM_BP_FAT	GO:0038134~ERBB2-EGFR signaling pathway	2	3.125	0.029297197042236763	P04626, P00533	64	9	19104	66.33333333333334	1.0	0.09031987187295759	0.06761501470135405
GOTERM_BP_FAT	GO:0042473~outer ear morphogenesis	2	3.125	0.029297197042236763	P28482, P27361	64	9	19104	66.33333333333334	1.0	0.09031987187295759	0.06761501470135405
GOTERM_BP_FAT	GO:0031394~positive regulation of prostaglandin biosynthetic process	2	3.125	0.029297197042236763	P35354, P01584	64	9	19104	66.33333333333334	1.0	0.09031987187295759	0.06761501470135405
GOTERM_BP_FAT	GO:0048087~positive regulation of developmental pigmentation	2	3.125	0.029297197042236763	P10415, Q07812	64	9	19104	66.33333333333334	1.0	0.09031987187295759	0.06761501470135405
GOTERM_BP_FAT	GO:0002676~regulation of chronic inflammatory response	2	3.125	0.029297197042236763	P22301, P01375	64	9	19104	66.33333333333334	1.0	0.09031987187295759	0.06761501470135405
GOTERM_BP_FAT	GO:0032873~negative regulation of stress-activated MAPK cascade	2	3.125	0.029297197042236763	P01106, P09211	64	9	19104	66.33333333333334	1.0	0.09031987187295759	0.06761501470135405
GOTERM_BP_FAT	GO:1903943~regulation of hepatocyte apoptotic process	2	3.125	0.029297197042236763	Q07869, P06400	64	9	19104	66.33333333333334	1.0	0.09031987187295759	0.06761501470135405
GOTERM_BP_FAT	GO:0042130~negative regulation of T cell proliferation	3	4.6875	0.029348962790576652	P04626, P42574, P22301	64	81	19104	11.055555555555555	1.0	0.09031987187295759	0.06761501470135405
GOTERM_BP_FAT	GO:0032206~positive regulation of telomere maintenance	3	4.6875	0.029348962790576652	P28482, P27361, P01106	64	81	19104	11.055555555555555	1.0	0.09031987187295759	0.06761501470135405
GOTERM_BP_FAT	GO:1903036~positive regulation of response to wounding	3	4.6875	0.029348962790576652	Q9NRD8, P00749, Q16236	64	81	19104	11.055555555555555	1.0	0.09031987187295759	0.06761501470135405
GOTERM_BP_FAT	GO:0071496~cellular response to external stimulus	3	4.6875	0.029348962790576652	P27361, Q14790, P01584	64	81	19104	11.055555555555555	1.0	0.09031987187295759	0.06761501470135405
GOTERM_BP_FAT	GO:0007005~mitochondrion organization	5	7.8125	0.02961811279188439	P29474, P10415, P04637, Q07812, P31749	64	355	19104	4.204225352112676	1.0	0.09107065974103228	0.06817706745546857
GOTERM_BP_FAT	GO:0002526~acute inflammatory response	3	4.6875	0.030019825349444487	P01583, P05231, P01584	64	82	19104	10.920731707317074	1.0	0.09207098258150234	0.06892592639605279
GOTERM_BP_FAT	GO:1900076~regulation of cellular response to insulin stimulus	3	4.6875	0.030019825349444487	P37231, P01344, P01584	64	82	19104	10.920731707317074	1.0	0.09207098258150234	0.06892592639605279
GOTERM_BP_FAT	GO:0090049~regulation of cell migration involved in sprouting angiogenesis	3	4.6875	0.030019825349444487	P35968, P35354, P09601	64	82	19104	10.920731707317074	1.0	0.09207098258150234	0.06892592639605279
GOTERM_BP_FAT	GO:0006897~endocytosis	6	9.375	0.03058941206994136	P28482, P27361, P01579, P00533, P35228, P10145	64	531	19104	3.3728813559322037	1.0	0.09373840173297285	0.0701741851468909
GOTERM_BP_FAT	GO:0045069~regulation of viral genome replication	3	4.6875	0.030696792269863032	P10415, P01375, P10145	64	83	19104	10.789156626506024	1.0	0.09374966287823033	0.07018261543456016
GOTERM_BP_FAT	GO:0014032~neural crest cell development	3	4.6875	0.030696792269863032	P28482, P27361, Q16665	64	83	19104	10.789156626506024	1.0	0.09374966287823033	0.07018261543456016
GOTERM_BP_FAT	GO:2000278~regulation of DNA biosynthetic process	3	4.6875	0.030696792269863032	P04637, P38936, P01375	64	83	19104	10.789156626506024	1.0	0.09374966287823033	0.07018261543456016
GOTERM_BP_FAT	GO:0032720~negative regulation of tumor necrosis factor production	3	4.6875	0.030696792269863032	Q15848, P09211, P22301	64	83	19104	10.789156626506024	1.0	0.09374966287823033	0.07018261543456016
GOTERM_CC_FAT	GO:0031264~death-inducing signaling complex	2	3.125	0.030698046899148422	Q14790, P42574	59	9	16775	63.18267419962335	0.9998922263151309	0.24229172930713527	0.21996450510477125
GOTERM_BP_FAT	GO:0002833~positive regulation of response to biotic stimulus	5	7.8125	0.03122597544710088	O15111, Q04206, P00533, P25963, P01375	64	361	19104	4.134349030470914	1.0	0.0952853394233897	0.07133224939687939
GOTERM_BP_FAT	GO:1901184~regulation of ERBB signaling pathway	3	4.6875	0.031379817390025516	P00749, P14780, P00533	64	84	19104	10.660714285714286	1.0	0.09567404694968994	0.07162324255885251
GOTERM_CC_FAT	GO:0017053~transcription repressor complex	3	4.6875	0.031975010853849725	P24385, P04637, P01106	59	81	16775	10.530445699937227	0.9999267572582641	0.24229172930713527	0.21996450510477125
GOTERM_MF_FAT	GO:0097110~scaffold protein binding	3	4.6875	0.032045849767545695	O15111, P29474, Q14790	64	77	17305	10.534699675324674	0.9999996214938301	0.1302506060755664	0.1021348364821622
GOTERM_BP_FAT	GO:0006914~autophagy	5	7.8125	0.032048973266839906	O15111, P10415, P04637, P27361, P09601	64	364	19104	4.100274725274725	1.0	0.09728270037697716	0.07282750827446825
GOTERM_BP_FAT	GO:0061919~process utilizing autophagic mechanism	5	7.8125	0.032048973266839906	O15111, P10415, P04637, P27361, P09601	64	364	19104	4.100274725274725	1.0	0.09728270037697716	0.07282750827446825
GOTERM_BP_FAT	GO:0070098~chemokine-mediated signaling pathway	3	4.6875	0.03206885477028672	P28482, P02778, P13500	64	85	19104	10.53529411764706	1.0	0.09728270037697716	0.07282750827446825
GOTERM_BP_FAT	GO:1903556~negative regulation of tumor necrosis factor superfamily cytokine production	3	4.6875	0.03206885477028672	Q15848, P09211, P22301	64	85	19104	10.53529411764706	1.0	0.09728270037697716	0.07282750827446825
GOTERM_BP_FAT	GO:0034620~cellular response to unfolded protein	3	4.6875	0.03206885477028672	P24385, Q07812, Q16236	64	85	19104	10.53529411764706	1.0	0.09728270037697716	0.07282750827446825
GOTERM_BP_FAT	GO:0060260~regulation of transcription initiation by RNA polymerase II	3	4.6875	0.03206885477028672	P04637, P01106, P25963	64	85	19104	10.53529411764706	1.0	0.09728270037697716	0.07282750827446825
GOTERM_BP_FAT	GO:0050954~sensory perception of mechanical stimulus	4	6.25	0.03211362979209856	O15392, P01106, P42574, P01375	64	210	19104	5.685714285714285	1.0	0.09733686951234567	0.07286806022398223
GOTERM_CC_FAT	GO:0000785~chromatin	11	17.1875	0.032250434958970224	P37231, P42224, P35869, O75469, Q07869, Q04206, P04637, P01106, Q16665, Q16236, P06400	59	1505	16775	2.078101244439439	0.9999326163479499	0.24229172930713527	0.21996450510477125
GOTERM_MF_FAT	GO:0101021~estrogen 2-hydroxylase activity	2	3.125	0.032299351951787396	P08684, P05177	64	9	17305	60.08680555555555	0.9999996639309819	0.1302506060755664	0.1021348364821622
GOTERM_MF_FAT	GO:0008237~metallopeptidase activity	4	6.25	0.03241920371484362	P14780, P03956, P08253, P08254	64	191	17305	5.662630890052356	0.9999996823074118	0.1302506060755664	0.1021348364821622
GOTERM_BP_FAT	GO:0035357~peroxisome proliferator activated receptor signaling pathway	2	3.125	0.03249983001463679	P37231, Q07869	64	10	19104	59.7	1.0	0.09769537015100167	0.07313643998859556
GOTERM_BP_FAT	GO:0032025~response to cobalt ion	2	3.125	0.03249983001463679	Q14790, P42574	64	10	19104	59.7	1.0	0.09769537015100167	0.07313643998859556
GOTERM_BP_FAT	GO:0009750~response to fructose	2	3.125	0.03249983001463679	Q07869, P01375	64	10	19104	59.7	1.0	0.09769537015100167	0.07313643998859556
GOTERM_BP_FAT	GO:1903799~negative regulation of miRNA processing	2	3.125	0.03249983001463679	P04637, P05231	64	10	19104	59.7	1.0	0.09769537015100167	0.07313643998859556
GOTERM_BP_FAT	GO:0070303~negative regulation of stress-activated protein kinase signaling cascade	2	3.125	0.03249983001463679	P01106, P09211	64	10	19104	59.7	1.0	0.09769537015100167	0.07313643998859556
GOTERM_BP_FAT	GO:0030656~regulation of vitamin metabolic process	2	3.125	0.03249983001463679	P01579, P01375	64	10	19104	59.7	1.0	0.09769537015100167	0.07313643998859556
GOTERM_BP_FAT	GO:0001542~ovulation from ovarian follicle	2	3.125	0.03249983001463679	P29474, P08253	64	10	19104	59.7	1.0	0.09769537015100167	0.07313643998859556
GOTERM_BP_FAT	GO:0034115~negative regulation of heterotypic cell-cell adhesion	2	3.125	0.03249983001463679	Q15848, P22301	64	10	19104	59.7	1.0	0.09769537015100167	0.07313643998859556
GOTERM_BP_FAT	GO:0070587~regulation of cell-cell adhesion involved in gastrulation	2	3.125	0.03249983001463679	Q15848, P22301	64	10	19104	59.7	1.0	0.09769537015100167	0.07313643998859556
GOTERM_BP_FAT	GO:0021543~pallium development	4	6.25	0.03250208249216123	Q07812, Q16665, P00533, P42574	64	211	19104	5.658767772511848	1.0	0.09769537015100167	0.07313643998859556
GOTERM_MF_FAT	GO:0004857~enzyme inhibitor activity	6	9.375	0.03273072363944894	P01033, O15392, P31749, P38936, P09211, P42574	64	490	17305	3.310905612244898	0.9999997255162785	0.13034867133605105	0.10221173347055985
GOTERM_BP_FAT	GO:0050766~positive regulation of phagocytosis	3	4.6875	0.032763858706185554	P37231, P01579, P13500	64	86	19104	10.412790697674419	1.0	0.09840042614748087	0.0736642570744554
GOTERM_BP_FAT	GO:0001657~ureteric bud development	3	4.6875	0.03346478371665183	P10415, P04040, P01106	64	87	19104	10.293103448275863	1.0	0.10042212275469961	0.07517773404230416
GOTERM_CC_FAT	GO:0097136~Bcl-2 family protein complex	2	3.125	0.03405123270852615	P10415, Q07812	59	10	16775	56.86440677966102	0.9999609564651859	0.24942527958995403	0.2264406975116989
KEGG_PATHWAY	hsa05014:Amyotrophic lateral sclerosis	7	10.9375	0.03405216254676494	P10415, P04637, Q07812, P04040, P42574, P35228, P01375	63	368	9375	2.8306159420289854	0.9995271078857849	0.05438546824015696	0.03405216254676494
GOTERM_BP_FAT	GO:0072164~mesonephric tubule development	3	4.6875	0.034171584547117044	P10415, P04040, P01106	64	88	19104	10.176136363636363	1.0	0.10228845175693314	0.0765749001399386
GOTERM_BP_FAT	GO:0072163~mesonephric epithelium development	3	4.6875	0.034171584547117044	P10415, P04040, P01106	64	88	19104	10.176136363636363	1.0	0.10228845175693314	0.0765749001399386
GOTERM_BP_FAT	GO:1903578~regulation of ATP metabolic process	3	4.6875	0.034171584547117044	Q07869, P01579, Q16665	64	88	19104	10.176136363636363	1.0	0.10228845175693314	0.0765749001399386
GOTERM_BP_FAT	GO:0001942~hair follicle development	3	4.6875	0.03488421616948355	P10415, Q04206, P00533	64	89	19104	10.061797752808989	1.0	0.10433525696348428	0.0781071738385376
GOTERM_CC_FAT	GO:0036064~ciliary basal body	5	7.8125	0.035125452859010295	P28482, P27361, P31749, P00533, Q16236	59	358	16775	3.9709781270712994	0.9999718188260587	0.2510184801875614	0.2278870844023595
GOTERM_BP_FAT	GO:0002838~negative regulation of immune response to tumor cell	2	3.125	0.03569206373696231	P35869, P27361	64	11	19104	54.272727272727266	1.0	0.10578893645316041	0.07919542339012865
GOTERM_BP_FAT	GO:0010887~negative regulation of cholesterol storage	2	3.125	0.03569206373696231	P37231, Q07869	64	11	19104	54.272727272727266	1.0	0.10578893645316041	0.07919542339012865
GOTERM_BP_FAT	GO:0044346~fibroblast apoptotic process	2	3.125	0.03569206373696231	P01106, P42574	64	11	19104	54.272727272727266	1.0	0.10578893645316041	0.07919542339012865
GOTERM_BP_FAT	GO:0060020~Bergmann glial cell differentiation	2	3.125	0.03569206373696231	P28482, P27361	64	11	19104	54.272727272727266	1.0	0.10578893645316041	0.07919542339012865
GOTERM_BP_FAT	GO:2001280~positive regulation of unsaturated fatty acid biosynthetic process	2	3.125	0.03569206373696231	P35354, P01584	64	11	19104	54.272727272727266	1.0	0.10578893645316041	0.07919542339012865
GOTERM_BP_FAT	GO:0019371~cyclooxygenase pathway	2	3.125	0.03569206373696231	P23219, P35354	64	11	19104	54.272727272727266	1.0	0.10578893645316041	0.07919542339012865
GOTERM_BP_FAT	GO:0060439~trachea morphogenesis	2	3.125	0.03569206373696231	P28482, P27361	64	11	19104	54.272727272727266	1.0	0.10578893645316041	0.07919542339012865
GOTERM_BP_FAT	GO:0002835~negative regulation of response to tumor cell	2	3.125	0.03569206373696231	P35869, P27361	64	11	19104	54.272727272727266	1.0	0.10578893645316041	0.07919542339012865
GOTERM_BP_FAT	GO:0061514~interleukin-34-mediated signaling pathway	2	3.125	0.03569206373696231	P28482, P27361	64	11	19104	54.272727272727266	1.0	0.10578893645316041	0.07919542339012865
GOTERM_BP_FAT	GO:0070431~nucleotide-binding oligomerization domain containing 2 signaling pathway	2	3.125	0.03569206373696231	Q04206, P25963	64	11	19104	54.272727272727266	1.0	0.10578893645316041	0.07919542339012865
GOTERM_BP_FAT	GO:0019372~lipoxygenase pathway	2	3.125	0.03569206373696231	P09917, P35354	64	11	19104	54.272727272727266	1.0	0.10578893645316041	0.07919542339012865
GOTERM_MF_FAT	GO:0046914~transition metal ion binding	16	25.0	0.03580886257497061	P01583, P01033, O15392, P29474, P09917, O75469, P04637, P03956, P38936, P37231, P14780, Q07869, P08684, P08253, P08254, P05177	64	2534	17305	1.7072809786898184	0.9999999354251502	0.14020836411302098	0.10994312252034247
GOTERM_MF_FAT	GO:0001094~TFIID-class transcription factor complex binding	2	3.125	0.035824163517864396	P35869, P04637	64	10	17305	54.078125	0.999999935888719	0.14020836411302098	0.10994312252034247
GOTERM_BP_FAT	GO:0002695~negative regulation of leukocyte activation	4	6.25	0.03693770671173046	P04626, P42574, P60568, P22301	64	222	19104	5.378378378378378	1.0	0.10938517745164464	0.08188763146062003
GOTERM_BP_FAT	GO:0022405~hair cycle process	3	4.6875	0.03705664888779444	P10415, Q04206, P00533	64	92	19104	9.733695652173914	1.0	0.10938517745164464	0.08188763146062003
GOTERM_BP_FAT	GO:0022404~molting cycle process	3	4.6875	0.03705664888779444	P10415, Q04206, P00533	64	92	19104	9.733695652173914	1.0	0.10938517745164464	0.08188763146062003
GOTERM_BP_FAT	GO:0050810~regulation of steroid biosynthetic process	3	4.6875	0.03705664888779444	P28482, P01579, P01375	64	92	19104	9.733695652173914	1.0	0.10938517745164464	0.08188763146062003
GOTERM_BP_FAT	GO:0001823~mesonephros development	3	4.6875	0.03705664888779444	P10415, P04040, P01106	64	92	19104	9.733695652173914	1.0	0.10938517745164464	0.08188763146062003
GOTERM_BP_FAT	GO:0022402~cell cycle process	8	12.5	0.037507059634687236	O96017, P24385, O15392, P10415, P04637, P01106, P38936, P06400	64	957	19104	2.4952978056426334	1.0	0.1106244107985555	0.08281534292911774
GOTERM_BP_FAT	GO:0098657~import into cell	7	10.9375	0.03755110757120947	P31645, P28482, P27361, P01579, P00533, P35228, P10145	64	754	19104	2.7712201591511936	1.0	0.11066406273634347	0.08284502705400491
GOTERM_BP_FAT	GO:0061326~renal tubule development	3	4.6875	0.03779215788791731	P42224, P10415, P01106	64	93	19104	9.629032258064516	1.0	0.11110279912415365	0.08317347268503426
GOTERM_BP_FAT	GO:0034440~lipid oxidation	3	4.6875	0.03779215788791731	P37231, P09917, Q15848	64	93	19104	9.629032258064516	1.0	0.11110279912415365	0.08317347268503426
GOTERM_BP_FAT	GO:0032729~positive regulation of type II interferon production	3	4.6875	0.03779215788791731	P60568, P01584, P01375	64	93	19104	9.629032258064516	1.0	0.11110279912415365	0.08317347268503426
GOTERM_MF_FAT	GO:0008233~peptidase activity	7	10.9375	0.037979346872635586	P00749, P14780, P03956, Q14790, P08253, P08254, P42574	64	685	17305	2.763115875912409	0.999999976787833	0.14644195167304608	0.1148311339110229
GOTERM_MF_FAT	GO:0070063~RNA polymerase binding	3	4.6875	0.038384564425313836	P35869, P04626, P04637	64	85	17305	9.543198529411764	0.9999999808288859	0.14644195167304608	0.1148311339110229
GOTERM_MF_FAT	GO:0019199~transmembrane receptor protein kinase activity	3	4.6875	0.038384564425313836	P35968, P04626, P00533	64	85	17305	9.543198529411764	0.9999999808288859	0.14644195167304608	0.1148311339110229
GOTERM_BP_FAT	GO:1990868~response to chemokine	3	4.6875	0.038533275892768726	P28482, P02778, P13500	64	94	19104	9.52659574468085	1.0	0.11309766690604846	0.08466686513127025
GOTERM_BP_FAT	GO:1990869~cellular response to chemokine	3	4.6875	0.038533275892768726	P28482, P02778, P13500	64	94	19104	9.52659574468085	1.0	0.11309766690604846	0.08466686513127025
GOTERM_BP_FAT	GO:0016485~protein processing	4	6.25	0.03862419330541001	P00749, P01106, Q14790, P42574	64	226	19104	5.283185840707964	1.0	0.11327257339202158	0.08479780314496747
GOTERM_CC_FAT	GO:0005901~caveola	3	4.6875	0.038755504715693855	P29474, P28482, P27361	59	90	16775	9.477401129943503	0.9999906605206061	0.27036578289757857	0.24545152986606106
GOTERM_BP_FAT	GO:1900451~positive regulation of glutamate receptor signaling pathway	2	3.125	0.03887393143709379	P01579, P13500	64	12	19104	49.75	1.0	0.11336140006171867	0.08486430032275234
GOTERM_BP_FAT	GO:1900222~negative regulation of amyloid-beta clearance	2	3.125	0.03887393143709379	P01579, P01375	64	12	19104	49.75	1.0	0.11336140006171867	0.08486430032275234
GOTERM_BP_FAT	GO:0070989~oxidative demethylation	2	3.125	0.03887393143709379	P08684, P05177	64	12	19104	49.75	1.0	0.11336140006171867	0.08486430032275234
GOTERM_BP_FAT	GO:0020027~hemoglobin metabolic process	2	3.125	0.03887393143709379	P04040, Q16665	64	12	19104	49.75	1.0	0.11336140006171867	0.08486430032275234
GOTERM_BP_FAT	GO:0061308~cardiac neural crest cell development involved in heart development	2	3.125	0.03887393143709379	P28482, P27361	64	12	19104	49.75	1.0	0.11336140006171867	0.08486430032275234
GOTERM_BP_FAT	GO:0090170~regulation of Golgi inheritance	2	3.125	0.03887393143709379	P28482, P27361	64	12	19104	49.75	1.0	0.11336140006171867	0.08486430032275234
GOTERM_BP_FAT	GO:0061307~cardiac neural crest cell differentiation involved in heart development	2	3.125	0.03887393143709379	P28482, P27361	64	12	19104	49.75	1.0	0.11336140006171867	0.08486430032275234
GOTERM_MF_FAT	GO:0070513~death domain binding	2	3.125	0.03933633915752096	P10415, Q07812	64	11	17305	49.16193181818181	0.9999999877707801	0.14759254526871501	0.11573336148824348
GOTERM_MF_FAT	GO:0016175~superoxide-generating NAD(P)H oxidase activity	2	3.125	0.03933633915752096	Q9NRD8, P29474	64	11	17305	49.16193181818181	0.9999999877707801	0.14759254526871501	0.11573336148824348
GOTERM_MF_FAT	GO:0030554~adenyl nucleotide binding	12	18.75	0.03973971144565064	O96017, P35968, Q9UNQ0, O15111, P29474, P04626, P28482, P27361, P31749, P04040, P00533, P35228	64	1687	17305	1.923347658565501	0.9999999898937056	0.14788384423217532	0.11596178093976744
KEGG_PATHWAY	hsa04613:Neutrophil extracellular trap formation	5	7.8125	0.03974516928345817	Q04206, P28482, P27361, P31749, P05164	63	195	9375	3.8156288156288154	0.9998719390735272	0.06302448272091224	0.03974516928345817
GOTERM_BP_FAT	GO:2000142~regulation of DNA-templated transcription initiation	3	4.6875	0.04003216436591247	P04637, P01106, P25963	64	96	19104	9.328125	1.0	0.11664488827327921	0.08732237625989125
KEGG_PATHWAY	hsa04725:Cholinergic synapse	4	6.25	0.04032734701607917	P10415, P28482, P27361, P31749	63	115	9375	5.175983436853001	0.9998880022359741	0.06349412083382679	0.04032734701607917
GOTERM_BP_FAT	GO:0015908~fatty acid transport	3	4.6875	0.04078984810195788	P37231, P35354, P35228	64	97	19104	9.231958762886599	1.0	0.11866137629660475	0.08883195399195494
GOTERM_BP_FAT	GO:0051098~regulation of binding	3	4.6875	0.04078984810195788	P14780, Q07812, P06400	64	97	19104	9.231958762886599	1.0	0.11866137629660475	0.08883195399195494
KEGG_PATHWAY	hsa04670:Leukocyte transendothelial migration	4	6.25	0.04120814306573287	P14780, P19320, P05362, P08253	63	116	9375	5.1313628899835795	0.9999085721613065	0.06442399831403307	0.04120814306573287
GOTERM_BP_FAT	GO:0071331~cellular response to hexose stimulus	3	4.6875	0.04155296737829366	Q07869, P05362, Q16665	64	98	19104	9.137755102040815	1.0	0.12078418813497578	0.09042112756675318
GOTERM_BP_FAT	GO:0010466~negative regulation of peptidase activity	2	3.125	0.042045466231395386	P01033, P08253	64	13	19104	45.92307692307693	1.0	0.1217265059189157	0.09112656292104668
GOTERM_BP_FAT	GO:0140353~lipid export from cell	2	3.125	0.042045466231395386	P35354, P35228	64	13	19104	45.92307692307693	1.0	0.1217265059189157	0.09112656292104668
GOTERM_BP_FAT	GO:0072577~endothelial cell apoptotic process	2	3.125	0.042045466231395386	P22301, P01375	64	13	19104	45.92307692307693	1.0	0.1217265059189157	0.09112656292104668
GOTERM_BP_FAT	GO:0014854~response to inactivity	2	3.125	0.042045466231395386	P04040, P22301	64	13	19104	45.92307692307693	1.0	0.1217265059189157	0.09112656292104668
GOTERM_BP_FAT	GO:0072584~caveolin-mediated endocytosis	2	3.125	0.042045466231395386	P28482, P27361	64	13	19104	45.92307692307693	1.0	0.1217265059189157	0.09112656292104668
GOTERM_BP_FAT	GO:0014033~neural crest cell differentiation	3	4.6875	0.04232147937558569	P28482, P27361, Q16665	64	99	19104	9.045454545454545	1.0	0.12242757553769427	0.09165139573576837
GOTERM_BP_FAT	GO:0009057~macromolecule catabolic process	9	14.0625	0.04238719870158136	O96017, Q04206, P31749, Q14790, P08253, P00533, P08254, Q16236, P42574	64	1198	19104	2.2424874791318863	1.0	0.12251967266580192	0.09172034123515649
GOTERM_MF_FAT	GO:0097371~MDM2/MDM4 family protein binding	2	3.125	0.04283592344354786	Q07869, P04637	64	12	17305	45.065104166666664	0.9999999976675015	0.1581098312469165	0.1239803963081548
KEGG_PATHWAY	hsa00330:Arginine and proline metabolism	3	4.6875	0.04303148907737828	P11926, P29474, P35228	63	50	9375	8.928571428571429	0.9999399683740772	0.0668041298963495	0.04303148907737828
GOTERM_BP_FAT	GO:0051928~positive regulation of calcium ion transport	3	4.6875	0.043095341481066446	Q07812, P02778, P13500	64	100	19104	8.955	1.0	0.12426854449404805	0.09302957686542813
GOTERM_BP_FAT	GO:0035967~cellular response to topologically incorrect protein	3	4.6875	0.043095341481066446	P24385, Q07812, Q16236	64	100	19104	8.955	1.0	0.12426854449404805	0.09302957686542813
GOTERM_BP_FAT	GO:0071326~cellular response to monosaccharide stimulus	3	4.6875	0.043095341481066446	Q07869, P05362, Q16665	64	100	19104	8.955	1.0	0.12426854449404805	0.09302957686542813
GOTERM_BP_FAT	GO:0046903~secretion	6	9.375	0.04378043890006014	P24385, Q07869, P05231, Q16665, P35354, P35228	64	586	19104	3.0563139931740615	1.0	0.1261434797311693	0.0944331857390142
GOTERM_BP_FAT	GO:0048640~negative regulation of developmental growth	3	4.6875	0.043874511302905456	P31645, Q07869, P38936	64	101	19104	8.866336633663366	1.0	0.12631387967460678	0.09456075007720148
GOTERM_BP_FAT	GO:0046632~alpha-beta T cell differentiation	3	4.6875	0.04465894666172738	P10415, P05231, P22301	64	102	19104	8.779411764705882	1.0	0.12846996907621816	0.09617483581010026
GOTERM_BP_FAT	GO:1901654~response to ketone	4	6.25	0.04483213297549642	P37231, P24385, P35869, P31749	64	240	19104	4.975	1.0	0.12886565408536968	0.09647105243614372
GOTERM_BP_FAT	GO:0002674~negative regulation of acute inflammatory response	2	3.125	0.04520670113866298	P37231, P09211	64	14	19104	42.642857142857146	1.0	0.12922326586356153	0.09673876678447485
GOTERM_BP_FAT	GO:0050665~hydrogen peroxide biosynthetic process	2	3.125	0.04520670113866298	Q9NRD8, P05177	64	14	19104	42.642857142857146	1.0	0.12922326586356153	0.09673876678447485
GOTERM_BP_FAT	GO:0032494~response to peptidoglycan	2	3.125	0.04520670113866298	Q04206, P05231	64	14	19104	42.642857142857146	1.0	0.12922326586356153	0.09673876678447485
GOTERM_BP_FAT	GO:0120041~positive regulation of macrophage proliferation	2	3.125	0.04520670113866298	P28482, P27361	64	14	19104	42.642857142857146	1.0	0.12922326586356153	0.09673876678447485
GOTERM_BP_FAT	GO:0030728~ovulation	2	3.125	0.04520670113866298	P29474, P08253	64	14	19104	42.642857142857146	1.0	0.12922326586356153	0.09673876678447485
GOTERM_BP_FAT	GO:0060402~calcium ion transport into cytosol	2	3.125	0.04520670113866298	P10415, Q07812	64	14	19104	42.642857142857146	1.0	0.12922326586356153	0.09673876678447485
GOTERM_BP_FAT	GO:0090091~positive regulation of extracellular matrix disassembly	2	3.125	0.04520670113866298	P00749, P05231	64	14	19104	42.642857142857146	1.0	0.12922326586356153	0.09673876678447485
GOTERM_BP_FAT	GO:0030168~platelet activation	3	4.6875	0.04544860559076127	P31645, P05231, P29965	64	103	19104	8.694174757281553	1.0	0.12981213097645558	0.09717960136981892
GOTERM_MF_FAT	GO:0140537~transcription regulator activator activity	2	3.125	0.04632296078861325	P01106, Q16665	64	13	17305	41.59855769230769	0.9999999995551616	0.16824499358424333	0.13192779232597052
GOTERM_MF_FAT	GO:0004861~cyclin-dependent protein serine/threonine kinase inhibitor activity	2	3.125	0.04632296078861325	P38936, P42574	64	13	17305	41.59855769230769	0.9999999995551616	0.16824499358424333	0.13192779232597052
KEGG_PATHWAY	hsa04152:AMPK signaling pathway	4	6.25	0.046696483790589	P37231, P24385, Q15848, P31749	63	122	9375	4.8790007806401245	0.9999742904738489	0.07149392690697075	0.046696483790589
KEGG_PATHWAY	hsa04935:Growth hormone synthesis, secretion and action	4	6.25	0.046696483790589	P42224, P28482, P27361, P31749	63	122	9375	4.8790007806401245	0.9999742904738489	0.07149392690697075	0.046696483790589
GOTERM_BP_FAT	GO:0043502~regulation of muscle adaptation	3	4.6875	0.04704342733909681	P37231, P29474, Q07869	64	105	19104	8.528571428571428	1.0	0.13415538900486915	0.10043103927991724
GOTERM_BP_FAT	GO:0046330~positive regulation of JNK cascade	3	4.6875	0.04704342733909681	P04626, P01584, P01375	64	105	19104	8.528571428571428	1.0	0.13415538900486915	0.10043103927991724
GOTERM_BP_FAT	GO:0070167~regulation of biomineral tissue development	3	4.6875	0.04784850728073809	P09917, P29474, Q16665	64	106	19104	8.44811320754717	1.0	0.13607885709316894	0.10187098068340937
GOTERM_BP_FAT	GO:0031392~regulation of prostaglandin biosynthetic process	2	3.125	0.048357669072102344	P35354, P01584	64	15	19104	39.8	1.0	0.13607885709316894	0.10187098068340937
GOTERM_BP_FAT	GO:1900449~regulation of glutamate receptor signaling pathway	2	3.125	0.048357669072102344	P01579, P13500	64	15	19104	39.8	1.0	0.13607885709316894	0.10187098068340937
GOTERM_BP_FAT	GO:0034383~low-density lipoprotein particle clearance	2	3.125	0.048357669072102344	Q15848, P09601	64	15	19104	39.8	1.0	0.13607885709316894	0.10187098068340937
GOTERM_BP_FAT	GO:2000671~regulation of motor neuron apoptotic process	2	3.125	0.048357669072102344	P10415, Q07812	64	15	19104	39.8	1.0	0.13607885709316894	0.10187098068340937
GOTERM_BP_FAT	GO:0035729~cellular response to hepatocyte growth factor stimulus	2	3.125	0.048357669072102344	Q04206, P22301	64	15	19104	39.8	1.0	0.13607885709316894	0.10187098068340937
GOTERM_BP_FAT	GO:0014745~negative regulation of muscle adaptation	2	3.125	0.048357669072102344	P37231, P29474	64	15	19104	39.8	1.0	0.13607885709316894	0.10187098068340937
GOTERM_BP_FAT	GO:0019430~removal of superoxide radicals	2	3.125	0.048357669072102344	P29474, P05164	64	15	19104	39.8	1.0	0.13607885709316894	0.10187098068340937
GOTERM_BP_FAT	GO:0120040~regulation of macrophage proliferation	2	3.125	0.048357669072102344	P28482, P27361	64	15	19104	39.8	1.0	0.13607885709316894	0.10187098068340937
GOTERM_BP_FAT	GO:0045348~positive regulation of MHC class II biosynthetic process	2	3.125	0.048357669072102344	P01579, P22301	64	15	19104	39.8	1.0	0.13607885709316894	0.10187098068340937
GOTERM_BP_FAT	GO:0014909~smooth muscle cell migration	2	3.125	0.048357669072102344	P00749, P10415	64	15	19104	39.8	1.0	0.13607885709316894	0.10187098068340937
GOTERM_BP_FAT	GO:0061043~regulation of vascular wound healing	2	3.125	0.048357669072102344	P09917, P01375	64	15	19104	39.8	1.0	0.13607885709316894	0.10187098068340937
GOTERM_BP_FAT	GO:0071639~positive regulation of monocyte chemotactic protein-1 production	2	3.125	0.048357669072102344	Q15848, P01584	64	15	19104	39.8	1.0	0.13607885709316894	0.10187098068340937
GOTERM_BP_FAT	GO:0002903~negative regulation of B cell apoptotic process	2	3.125	0.048357669072102344	P10415, P60568	64	15	19104	39.8	1.0	0.13607885709316894	0.10187098068340937
GOTERM_BP_FAT	GO:0097049~motor neuron apoptotic process	2	3.125	0.048357669072102344	P10415, Q07812	64	15	19104	39.8	1.0	0.13607885709316894	0.10187098068340937
GOTERM_BP_FAT	GO:0048070~regulation of developmental pigmentation	2	3.125	0.048357669072102344	P10415, Q07812	64	15	19104	39.8	1.0	0.13607885709316894	0.10187098068340937
GOTERM_BP_FAT	GO:0070243~regulation of thymocyte apoptotic process	2	3.125	0.048357669072102344	P04637, Q16665	64	15	19104	39.8	1.0	0.13607885709316894	0.10187098068340937
GOTERM_BP_FAT	GO:2000177~regulation of neural precursor cell proliferation	3	4.6875	0.04865864502581028	P31645, P04637, Q16665	64	107	19104	8.369158878504674	1.0	0.13671302285418024	0.10234572811567087
GOTERM_BP_FAT	GO:0033555~multicellular organismal response to stress	3	4.6875	0.04865864502581028	P10415, P31749, P01375	64	107	19104	8.369158878504674	1.0	0.13671302285418024	0.10234572811567087
GOTERM_MF_FAT	GO:0051219~phosphoprotein binding	3	4.6875	0.048699058841585	P28482, P27361, P06400	64	97	17305	8.362596649484535	0.9999999998566695	0.17547121201650467	0.13759416625082746
KEGG_PATHWAY	hsa05320:Autoimmune thyroid disease	3	4.6875	0.04943496716757737	P60568, P29965, P22301	63	54	9375	8.267195767195766	0.9999863860104958	0.07516823774796012	0.04943496716757737
GOTERM_BP_FAT	GO:0045638~negative regulation of myeloid cell differentiation	3	4.6875	0.05029393047637265	Q15848, P01106, P25963	64	109	19104	8.215596330275229	1.0	0.1409789555058632	0.10553927891437268
GOTERM_BP_FAT	GO:0071322~cellular response to carbohydrate stimulus	3	4.6875	0.05029393047637265	Q07869, P05362, Q16665	64	109	19104	8.215596330275229	1.0	0.1409789555058632	0.10553927891437268
GOTERM_BP_FAT	GO:1904892~regulation of receptor signaling pathway via STAT	3	4.6875	0.05029393047637265	P37231, P05231, P22301	64	109	19104	8.215596330275229	1.0	0.1409789555058632	0.10553927891437268
GOTERM_MF_FAT	GO:0051213~dioxygenase activity	3	4.6875	0.05050634218756081	P09917, P23219, P35354	64	99	17305	8.193655303030303	0.9999999999395496	0.18055023112718588	0.1415768332186744
GOTERM_BP_FAT	GO:0042303~molting cycle	3	4.6875	0.05111899696273015	P10415, Q04206, P00533	64	110	19104	8.14090909090909	1.0	0.1426959575935939	0.10682465630692993
GOTERM_BP_FAT	GO:0042633~hair cycle	3	4.6875	0.05111899696273015	P10415, Q04206, P00533	64	110	19104	8.14090909090909	1.0	0.1426959575935939	0.10682465630692993
GOTERM_BP_FAT	GO:0008593~regulation of Notch signaling pathway	3	4.6875	0.05111899696273015	P29474, P31749, P25963	64	110	19104	8.14090909090909	1.0	0.1426959575935939	0.10682465630692993
GOTERM_BP_FAT	GO:0031214~biomineral tissue development	3	4.6875	0.05111899696273015	Q9NRD8, Q07869, Q16665	64	110	19104	8.14090909090909	1.0	0.1426959575935939	0.10682465630692993
GOTERM_CC_FAT	GO:0005581~collagen trimer	3	4.6875	0.051137843007701765	P01033, Q15848, P03956	59	105	16775	8.123486682808718	0.9999997908220107	0.3484508837501539	0.3163410753499691
KEGG_PATHWAY	hsa04015:Rap1 signaling pathway	5	7.8125	0.05128914802940443	P35968, P28482, P27361, P31749, P00533	63	212	9375	3.5096585804132974	0.9999911572997073	0.07745708069746791	0.05128914802940443
GOTERM_BP_FAT	GO:0033598~mammary gland epithelial cell proliferation	2	3.125	0.05149840283728983	P24385, P28482	64	16	19104	37.3125	1.0	0.1426959575935939	0.10682465630692993
GOTERM_BP_FAT	GO:0045651~positive regulation of macrophage differentiation	2	3.125	0.05149840283728983	Q14790, P06400	64	16	19104	37.3125	1.0	0.1426959575935939	0.10682465630692993
GOTERM_BP_FAT	GO:0071450~cellular response to oxygen radical	2	3.125	0.05149840283728983	P29474, P05164	64	16	19104	37.3125	1.0	0.1426959575935939	0.10682465630692993
GOTERM_BP_FAT	GO:0015732~prostaglandin transport	2	3.125	0.05149840283728983	P35354, P35228	64	16	19104	37.3125	1.0	0.1426959575935939	0.10682465630692993
GOTERM_BP_FAT	GO:0032661~regulation of interleukin-18 production	2	3.125	0.05149840283728983	P22301, P01375	64	16	19104	37.3125	1.0	0.1426959575935939	0.10682465630692993
GOTERM_BP_FAT	GO:0071451~cellular response to superoxide	2	3.125	0.05149840283728983	P29474, P05164	64	16	19104	37.3125	1.0	0.1426959575935939	0.10682465630692993
GOTERM_BP_FAT	GO:1903798~regulation of miRNA processing	2	3.125	0.05149840283728983	P04637, P05231	64	16	19104	37.3125	1.0	0.1426959575935939	0.10682465630692993
GOTERM_BP_FAT	GO:0033599~regulation of mammary gland epithelial cell proliferation	2	3.125	0.05149840283728983	P24385, Q07812	64	16	19104	37.3125	1.0	0.1426959575935939	0.10682465630692993
GOTERM_BP_FAT	GO:0046321~positive regulation of fatty acid oxidation	2	3.125	0.05149840283728983	P37231, Q07869	64	16	19104	37.3125	1.0	0.1426959575935939	0.10682465630692993
GOTERM_BP_FAT	GO:0035728~response to hepatocyte growth factor	2	3.125	0.05149840283728983	Q04206, P22301	64	16	19104	37.3125	1.0	0.1426959575935939	0.10682465630692993
GOTERM_BP_FAT	GO:2000402~negative regulation of lymphocyte migration	2	3.125	0.05149840283728983	P31749, P13500	64	16	19104	37.3125	1.0	0.1426959575935939	0.10682465630692993
GOTERM_BP_FAT	GO:0019953~sexual reproduction	9	14.0625	0.05236192184879757	Q9NRD8, O15392, P29474, P10415, Q07812, P31749, P08253, P01344, P06400	64	1251	19104	2.147482014388489	1.0	0.14497757228579788	0.10853271243851075
GOTERM_BP_FAT	GO:0001933~negative regulation of protein phosphorylation	3	4.6875	0.05278377596046674	Q15848, P38936, P06400	64	112	19104	7.995535714285714	1.0	0.14603376730914133	0.10932339825935997
GOTERM_BP_FAT	GO:0061448~connective tissue development	4	6.25	0.05299755168474155	P01033, P27361, Q16665, P06400	64	257	19104	4.64591439688716	1.0	0.1465131092446678	0.10968224190412491
GOTERM_CC_FAT	GO:0016604~nuclear body	8	12.5	0.05303680294852468	O96017, O75469, Q07869, P04637, P01106, P38936, Q16665, P06400	59	988	16775	2.3022027036300003	0.9999998836949576	0.35317689236176664	0.3206315814615356
GOTERM_MF_FAT	GO:0010181~FMN binding	2	3.125	0.053259571553438266	P29474, P35228	64	15	17305	36.052083333333336	0.9999999999838252	0.18890504285360135	0.14812818338300018
GOTERM_BP_FAT	GO:2001252~positive regulation of chromosome organization	3	4.6875	0.053623408487746334	P28482, P27361, P01106	64	113	19104	7.924778761061947	1.0	0.14801698098602345	0.11080806624147277
GOTERM_BP_FAT	GO:1901222~regulation of non-canonical NF-kappaB signal transduction	3	4.6875	0.053623408487746334	Q04206, P01584, P01375	64	113	19104	7.924778761061947	1.0	0.14801698098602345	0.11080806624147277
GOTERM_BP_FAT	GO:1903140~regulation of establishment of endothelial barrier	2	3.125	0.054628935140489936	P01584, P01375	64	17	19104	35.11764705882353	1.0	0.14976363113571767	0.11211563868484174
GOTERM_BP_FAT	GO:0070920~regulation of regulatory ncRNA processing	2	3.125	0.054628935140489936	P04637, P05231	64	17	19104	35.11764705882353	1.0	0.14976363113571767	0.11211563868484174
GOTERM_BP_FAT	GO:1901550~regulation of endothelial cell development	2	3.125	0.054628935140489936	P01584, P01375	64	17	19104	35.11764705882353	1.0	0.14976363113571767	0.11211563868484174
GOTERM_BP_FAT	GO:0033189~response to vitamin A	2	3.125	0.054628935140489936	P37231, P04040	64	17	19104	35.11764705882353	1.0	0.14976363113571767	0.11211563868484174
GOTERM_BP_FAT	GO:2001279~regulation of unsaturated fatty acid biosynthetic process	2	3.125	0.054628935140489936	P35354, P01584	64	17	19104	35.11764705882353	1.0	0.14976363113571767	0.11211563868484174
GOTERM_BP_FAT	GO:2000696~regulation of epithelial cell differentiation involved in kidney development	2	3.125	0.054628935140489936	P42224, P14780	64	17	19104	35.11764705882353	1.0	0.14976363113571767	0.11211563868484174
GOTERM_BP_FAT	GO:0070234~positive regulation of T cell apoptotic process	2	3.125	0.054628935140489936	P04637, P05362	64	17	19104	35.11764705882353	1.0	0.14976363113571767	0.11211563868484174
GOTERM_BP_FAT	GO:0120305~regulation of pigmentation	2	3.125	0.054628935140489936	P10415, Q07812	64	17	19104	35.11764705882353	1.0	0.14976363113571767	0.11211563868484174
GOTERM_BP_FAT	GO:0045725~positive regulation of glycogen biosynthetic process	2	3.125	0.054628935140489936	P31749, P01344	64	17	19104	35.11764705882353	1.0	0.14976363113571767	0.11211563868484174
GOTERM_CC_FAT	GO:0005741~mitochondrial outer membrane	4	6.25	0.05492796726752115	P10415, Q07812, Q14790, P09601	59	249	16775	4.567422231298074	0.9999999352530913	0.35764209798630436	0.3246853176257917
GOTERM_BP_FAT	GO:0016567~protein ubiquitination	6	9.375	0.055553473627933184	P10415, Q07869, P31749, P00533, Q16236, P01375	64	627	19104	2.8564593301435406	1.0	0.1521828489686412	0.11392670690213268
GOTERM_MF_FAT	GO:0043168~anion binding	16	25.0	0.05590999268658023	O96017, P35968, Q9UNQ0, P29474, Q15848, O15111, P04626, P28482, P31749, P27361, P35228, P37231, Q04206, P09488, P00533, P09211	64	2688	17305	1.609468005952381	0.9999999999954702	0.1952590957529131	0.1531106565815794
GOTERM_BP_FAT	GO:0030900~forebrain development	5	7.8125	0.05603230329361958	Q9NRD8, Q07812, Q16665, P00533, P42574	64	437	19104	3.41533180778032	1.0	0.15337835632833338	0.11482168434203496
GOTERM_BP_FAT	GO:0031640~killing of cells of another organism	3	4.6875	0.056170802515313506	P02778, P05164, P10145	64	116	19104	7.719827586206897	1.0	0.15340907998140002	0.11484468459890759
GOTERM_BP_FAT	GO:0141061~disruption of cell in another organism	3	4.6875	0.056170802515313506	P02778, P05164, P10145	64	116	19104	7.719827586206897	1.0	0.15340907998140002	0.11484468459890759
GOTERM_BP_FAT	GO:0097306~cellular response to alcohol	3	4.6875	0.056170802515313506	P37231, P35869, P31749	64	116	19104	7.719827586206897	1.0	0.15340907998140002	0.11484468459890759
GOTERM_MF_FAT	GO:0005149~interleukin-1 receptor binding	2	3.125	0.056709233033401696	P01583, P01584	64	16	17305	33.798828125	0.9999999999969161	0.1952590957529131	0.1531106565815794
GOTERM_MF_FAT	GO:0016725~oxidoreductase activity, acting on CH or CH2 groups	2	3.125	0.056709233033401696	P08684, P05177	64	16	17305	33.798828125	0.9999999999969161	0.1952590957529131	0.1531106565815794
GOTERM_MF_FAT	GO:0000981~DNA-binding transcription factor activity, RNA polymerase II-specific	10	15.625	0.056771367047102485	P37231, P42224, P35869, O75469, Q07869, Q04206, P04637, P01106, Q16665, Q16236	64	1360	17305	1.9881663602941175	0.999999999997007	0.1952590957529131	0.1531106565815794
GOTERM_BP_FAT	GO:0071900~regulation of protein serine/threonine kinase activity	3	4.6875	0.057029301724140995	Q15848, P04626, P01375	64	117	19104	7.653846153846154	1.0	0.15563619247886326	0.11651193944698088
GOTERM_BP_FAT	GO:0001654~eye development	5	7.8125	0.0571805590634629	P35968, P10415, Q07812, Q16665, P00533	64	440	19104	3.392045454545454	1.0	0.1559312983208762	0.1167328607728462
GOTERM_CC_FAT	GO:0016605~PML body	3	4.6875	0.057340528169011466	O96017, P04637, P06400	59	112	16775	7.615768765133172	0.9999999693827026	0.3652342337721817	0.3315778368034141
GOTERM_BP_FAT	GO:0044057~regulation of system process	6	9.375	0.057417310865302267	P37231, Q15848, P29474, Q07869, P08253, P01375	64	633	19104	2.829383886255924	1.0	0.15606985327706854	0.1168365854040444
GOTERM_BP_FAT	GO:0070988~demethylation	2	3.125	0.057749298585375475	P08684, P05177	64	18	19104	33.16666666666667	1.0	0.15606985327706854	0.1168365854040444
GOTERM_BP_FAT	GO:0060253~negative regulation of glial cell proliferation	2	3.125	0.057749298585375475	P04637, P06400	64	18	19104	33.16666666666667	1.0	0.15606985327706854	0.1168365854040444
GOTERM_BP_FAT	GO:0048643~positive regulation of skeletal muscle tissue development	2	3.125	0.057749298585375475	P10415, P01344	64	18	19104	33.16666666666667	1.0	0.15606985327706854	0.1168365854040444
GOTERM_BP_FAT	GO:0033028~myeloid cell apoptotic process	2	3.125	0.057749298585375475	P10415, P05231	64	18	19104	33.16666666666667	1.0	0.15606985327706854	0.1168365854040444
GOTERM_BP_FAT	GO:0030889~negative regulation of B cell proliferation	2	3.125	0.057749298585375475	P42574, P22301	64	18	19104	33.16666666666667	1.0	0.15606985327706854	0.1168365854040444
GOTERM_BP_FAT	GO:0031998~regulation of fatty acid beta-oxidation	2	3.125	0.057749298585375475	Q07869, P31749	64	18	19104	33.16666666666667	1.0	0.15606985327706854	0.1168365854040444
GOTERM_BP_FAT	GO:0060644~mammary gland epithelial cell differentiation	2	3.125	0.057749298585375475	P31749, Q16665	64	18	19104	33.16666666666667	1.0	0.15606985327706854	0.1168365854040444
GOTERM_BP_FAT	GO:0035872~nucleotide-binding domain, leucine rich repeat containing receptor signaling pathway	2	3.125	0.057749298585375475	Q04206, P25963	64	18	19104	33.16666666666667	1.0	0.15606985327706854	0.1168365854040444
GOTERM_BP_FAT	GO:0048246~macrophage chemotaxis	2	3.125	0.057749298585375475	P08253, P13500	64	18	19104	33.16666666666667	1.0	0.15606985327706854	0.1168365854040444
GOTERM_BP_FAT	GO:0032966~negative regulation of collagen biosynthetic process	2	3.125	0.057749298585375475	P37231, P05231	64	18	19104	33.16666666666667	1.0	0.15606985327706854	0.1168365854040444
GOTERM_BP_FAT	GO:0033631~cell-cell adhesion mediated by integrin	2	3.125	0.057749298585375475	P19320, P05362	64	18	19104	33.16666666666667	1.0	0.15606985327706854	0.1168365854040444
KEGG_PATHWAY	hsa04923:Regulation of lipolysis in adipocytes	3	4.6875	0.0578889263478099	P23219, P31749, P35354	63	59	9375	7.566585956416465	0.9999981095465353	0.08625061509539463	0.0578889263478099
KEGG_PATHWAY	hsa00480:Glutathione metabolism	3	4.6875	0.0578889263478099	P11926, P09488, P09211	63	59	9375	7.566585956416465	0.9999981095465353	0.08625061509539463	0.0578889263478099
GOTERM_BP_FAT	GO:0043271~negative regulation of monoatomic ion transport	3	4.6875	0.057892419890351134	P14780, P29474, P10415	64	118	19104	7.588983050847458	1.0	0.1562231271070968	0.11695132883819442
GOTERM_BP_FAT	GO:1903900~regulation of viral life cycle	3	4.6875	0.057892419890351134	P10415, P01375, P10145	64	118	19104	7.588983050847458	1.0	0.1562231271070968	0.11695132883819442
GOTERM_BP_FAT	GO:0150063~visual system development	5	7.8125	0.0587313661292194	P35968, P10415, Q07812, Q16665, P00533	64	444	19104	3.3614864864864864	1.0	0.15836884408893168	0.11855764959865542
GOTERM_CC_FAT	GO:0005694~chromosome	13	20.3125	0.05929479123708622	O96017, P35869, O15392, O75469, P04637, P37231, P42224, Q07869, Q04206, P01106, Q16236, Q16665, P06400	59	2138	16775	1.7288056317483471	0.9999999833317584	0.3691157828050412	0.3351017004305152
GOTERM_BP_FAT	GO:0043254~regulation of protein-containing complex assembly	5	7.8125	0.05951523878511193	P04637, Q07812, P03956, P08254, P01375	64	446	19104	3.346412556053812	1.0	0.16022600893306627	0.11994795524939447
GOTERM_BP_FAT	GO:0019218~regulation of steroid metabolic process	3	4.6875	0.059632358539756854	P28482, P01579, P01375	64	120	19104	7.4624999999999995	1.0	0.16022600893306627	0.11994795524939447
GOTERM_BP_FAT	GO:1901655~cellular response to ketone	3	4.6875	0.059632358539756854	P37231, P35869, P31749	64	120	19104	7.4624999999999995	1.0	0.16022600893306627	0.11994795524939447
GOTERM_BP_FAT	GO:0141060~disruption of anatomical structure in another organism	3	4.6875	0.059632358539756854	P02778, P05164, P10145	64	120	19104	7.4624999999999995	1.0	0.16022600893306627	0.11994795524939447
GOTERM_BP_FAT	GO:0007049~cell cycle	8	12.5	0.05964165044908938	O96017, P24385, O15392, P10415, P04637, P01106, P38936, P06400	64	1062	19104	2.248587570621469	1.0	0.16022600893306627	0.11994795524939447
GOTERM_MF_FAT	GO:0045236~CXCR chemokine receptor binding	2	3.125	0.06014652369742213	P02778, P10145	64	17	17305	31.81066176470588	0.9999999999994121	0.20531219367390713	0.16099370252843817
GOTERM_CC_FAT	GO:0031143~pseudopodium	2	3.125	0.06046947977693507	P28482, P27361	59	18	16775	31.591337099811675	0.9999999884417653	0.3691157828050412	0.3351017004305152
GOTERM_BP_FAT	GO:1904064~positive regulation of cation transmembrane transport	3	4.6875	0.06050910224231822	Q07812, P01579, P02778	64	121	19104	7.400826446280992	1.0	0.16217247224834544	0.12140511127662366
GOTERM_BP_FAT	GO:0008202~steroid metabolic process	4	6.25	0.06075793126381568	O75469, P08684, P04040, P05177	64	272	19104	4.389705882352941	1.0	0.16217247224834544	0.12140511127662366
GOTERM_BP_FAT	GO:0045579~positive regulation of B cell differentiation	2	3.125	0.06085952567505663	P60568, P22301	64	19	19104	31.421052631578945	1.0	0.16217247224834544	0.12140511127662366
GOTERM_BP_FAT	GO:0060353~regulation of cell adhesion molecule production	2	3.125	0.06085952567505663	P01584, P10145	64	19	19104	31.421052631578945	1.0	0.16217247224834544	0.12140511127662366
GOTERM_BP_FAT	GO:0030949~positive regulation of vascular endothelial growth factor receptor signaling pathway	2	3.125	0.06085952567505663	Q16665, P01584	64	19	19104	31.421052631578945	1.0	0.16217247224834544	0.12140511127662366
GOTERM_BP_FAT	GO:0045346~regulation of MHC class II biosynthetic process	2	3.125	0.06085952567505663	P01579, P22301	64	19	19104	31.421052631578945	1.0	0.16217247224834544	0.12140511127662366
GOTERM_BP_FAT	GO:0034393~positive regulation of smooth muscle cell apoptotic process	2	3.125	0.06085952567505663	P37231, P01579	64	19	19104	31.421052631578945	1.0	0.16217247224834544	0.12140511127662366
GOTERM_BP_FAT	GO:0070266~necroptotic process	2	3.125	0.06085952567505663	P04637, P01375	64	19	19104	31.421052631578945	1.0	0.16217247224834544	0.12140511127662366
GOTERM_BP_FAT	GO:0010885~regulation of cholesterol storage	2	3.125	0.06085952567505663	P37231, Q07869	64	19	19104	31.421052631578945	1.0	0.16217247224834544	0.12140511127662366
GOTERM_BP_FAT	GO:0000303~response to superoxide	2	3.125	0.06085952567505663	P29474, P05164	64	19	19104	31.421052631578945	1.0	0.16217247224834544	0.12140511127662366
GOTERM_BP_FAT	GO:0010713~negative regulation of collagen metabolic process	2	3.125	0.06085952567505663	P37231, P05231	64	19	19104	31.421052631578945	1.0	0.16217247224834544	0.12140511127662366
GOTERM_BP_FAT	GO:0048880~sensory system development	5	7.8125	0.06149955931222605	P35968, P10415, Q07812, Q16665, P00533	64	451	19104	3.3093126385809315	1.0	0.16375729489912327	0.12259153686170539
GOTERM_BP_FAT	GO:0042752~regulation of circadian rhythm	3	4.6875	0.06227594791645695	P37231, Q07869, P04637	64	123	19104	7.280487804878049	1.0	0.16570259578065366	0.12404782267097055
GOTERM_BP_FAT	GO:0045833~negative regulation of lipid metabolic process	3	4.6875	0.0631659742758415	P31749, P01584, P01375	64	124	19104	7.221774193548387	1.0	0.167823778825454	0.12563577690279423
GOTERM_BP_FAT	GO:0008203~cholesterol metabolic process	3	4.6875	0.0631659742758415	P08684, P04040, P05177	64	124	19104	7.221774193548387	1.0	0.167823778825454	0.12563577690279423
GOTERM_BP_FAT	GO:0061377~mammary gland lobule development	2	3.125	0.0639596488019951	P24385, Q16665	64	20	19104	29.85	1.0	0.1688161241372367	0.12637866372773776
GOTERM_BP_FAT	GO:0002363~alpha-beta T cell lineage commitment	2	3.125	0.0639596488019951	P10415, P05231	64	20	19104	29.85	1.0	0.1688161241372367	0.12637866372773776
GOTERM_BP_FAT	GO:0050901~leukocyte tethering or rolling	2	3.125	0.0639596488019951	P19320, P01375	64	20	19104	29.85	1.0	0.1688161241372367	0.12637866372773776
GOTERM_BP_FAT	GO:1900119~positive regulation of execution phase of apoptosis	2	3.125	0.0639596488019951	P04637, Q14790	64	20	19104	29.85	1.0	0.1688161241372367	0.12637866372773776
GOTERM_BP_FAT	GO:0002840~regulation of T cell mediated immune response to tumor cell	2	3.125	0.0639596488019951	P35869, P27361	64	20	19104	29.85	1.0	0.1688161241372367	0.12637866372773776
GOTERM_BP_FAT	GO:0060749~mammary gland alveolus development	2	3.125	0.0639596488019951	P24385, Q16665	64	20	19104	29.85	1.0	0.1688161241372367	0.12637866372773776
GOTERM_BP_FAT	GO:0000305~response to oxygen radical	2	3.125	0.0639596488019951	P29474, P05164	64	20	19104	29.85	1.0	0.1688161241372367	0.12637866372773776
GOTERM_BP_FAT	GO:0060571~morphogenesis of an epithelial fold	2	3.125	0.0639596488019951	Q16665, P00533	64	20	19104	29.85	1.0	0.1688161241372367	0.12637866372773776
GOTERM_BP_FAT	GO:0060438~trachea development	2	3.125	0.0639596488019951	P28482, P27361	64	20	19104	29.85	1.0	0.1688161241372367	0.12637866372773776
GOTERM_BP_FAT	GO:0034767~positive regulation of monoatomic ion transmembrane transport	3	4.6875	0.06406035290623124	Q07812, P01579, P02778	64	125	19104	7.164	1.0	0.16883544905898848	0.1263931306976443
GOTERM_BP_FAT	GO:0042326~negative regulation of phosphorylation	3	4.6875	0.06406035290623124	Q15848, P38936, P06400	64	125	19104	7.164	1.0	0.16883544905898848	0.1263931306976443
GOTERM_BP_FAT	GO:0046822~regulation of nucleocytoplasmic transport	3	4.6875	0.06495904647906457	P31749, P25963, P01584	64	126	19104	7.107142857142858	1.0	0.17107932415753643	0.12807293431815572
KEGG_PATHWAY	hsa00590:Arachidonic acid metabolism	3	4.6875	0.06498675898898965	P09917, P23219, P35354	63	63	9375	7.086167800453514	0.9999996445936347	0.0955434469904351	0.06498675898898965
KEGG_PATHWAY	hsa05217:Basal cell carcinoma	3	4.6875	0.06498675898898965	P04637, Q07812, P38936	63	63	9375	7.086167800453514	0.9999996445936347	0.0955434469904351	0.06498675898898965
GOTERM_CC_FAT	GO:0005815~microtubule organizing center	8	12.5	0.06516957769029888	P24385, O15392, P04637, P28482, P27361, P31749, P00533, Q16236	59	1036	16775	2.195536941299653	0.9999999973409818	0.38968747476035864	0.3537777074616225
GOTERM_BP_FAT	GO:1902749~regulation of cell cycle G2/M phase transition	3	4.6875	0.06586201786882366	P24385, P04637, P38936	64	127	19104	7.0511811023622055	1.0	0.17333119113076156	0.12975872079396336
GOTERM_BP_FAT	GO:0098773~skin epidermis development	3	4.6875	0.06676923013608346	P10415, Q04206, P00533	64	128	19104	6.99609375	1.0	0.17467702892775389	0.1307662381934264
GOTERM_BP_FAT	GO:0006275~regulation of DNA replication	3	4.6875	0.06676923013608346	P04637, P38936, P00533	64	128	19104	6.99609375	1.0	0.17467702892775389	0.1307662381934264
GOTERM_MF_FAT	GO:0050664~oxidoreductase activity, acting on NAD(P)H, oxygen as acceptor	2	3.125	0.06698416703487112	Q9NRD8, P29474	64	19	17305	28.46217105263158	0.9999999999999787	0.22694635696889168	0.1779579363015979
GOTERM_BP_FAT	GO:1901863~positive regulation of muscle tissue development	2	3.125	0.06704970026319756	P10415, P01344	64	21	19104	28.42857142857143	1.0	0.17467702892775389	0.1307662381934264
GOTERM_BP_FAT	GO:0071380~cellular response to prostaglandin E stimulus	2	3.125	0.06704970026319756	P37231, P31749	64	21	19104	28.42857142857143	1.0	0.17467702892775389	0.1307662381934264
GOTERM_BP_FAT	GO:0045844~positive regulation of striated muscle tissue development	2	3.125	0.06704970026319756	P10415, P01344	64	21	19104	28.42857142857143	1.0	0.17467702892775389	0.1307662381934264
GOTERM_BP_FAT	GO:1900221~regulation of amyloid-beta clearance	2	3.125	0.06704970026319756	P01579, P01375	64	21	19104	28.42857142857143	1.0	0.17467702892775389	0.1307662381934264
GOTERM_BP_FAT	GO:0007263~nitric oxide mediated signal transduction	2	3.125	0.06704970026319756	P29474, P35228	64	21	19104	28.42857142857143	1.0	0.17467702892775389	0.1307662381934264
GOTERM_BP_FAT	GO:0032495~response to muramyl dipeptide	2	3.125	0.06704970026319756	Q04206, P25963	64	21	19104	28.42857142857143	1.0	0.17467702892775389	0.1307662381934264
GOTERM_BP_FAT	GO:0010522~regulation of calcium ion transport into cytosol	2	3.125	0.06704970026319756	P10415, Q07812	64	21	19104	28.42857142857143	1.0	0.17467702892775389	0.1307662381934264
GOTERM_BP_FAT	GO:0070875~positive regulation of glycogen metabolic process	2	3.125	0.06704970026319756	P31749, P01344	64	21	19104	28.42857142857143	1.0	0.17467702892775389	0.1307662381934264
GOTERM_BP_FAT	GO:0048636~positive regulation of muscle organ development	2	3.125	0.06704970026319756	P10415, P01344	64	21	19104	28.42857142857143	1.0	0.17467702892775389	0.1307662381934264
GOTERM_BP_FAT	GO:0060218~hematopoietic stem cell differentiation	2	3.125	0.06704970026319756	P10415, P04637	64	21	19104	28.42857142857143	1.0	0.17467702892775389	0.1307662381934264
GOTERM_BP_FAT	GO:0060965~negative regulation of miRNA-mediated gene silencing	2	3.125	0.06704970026319756	P04637, P05231	64	21	19104	28.42857142857143	1.0	0.17467702892775389	0.1307662381934264
GOTERM_BP_FAT	GO:0060716~labyrinthine layer blood vessel development	2	3.125	0.06704970026319756	P28482, P31749	64	21	19104	28.42857142857143	1.0	0.17467702892775389	0.1307662381934264
GOTERM_BP_FAT	GO:0051276~chromosome organization	5	7.8125	0.0676624955507536	O96017, O15392, P04637, P01106, P06400	64	466	19104	3.2027896995708156	1.0	0.17594048731251236	0.13171208494329947
GOTERM_BP_FAT	GO:0005975~carbohydrate metabolic process	5	7.8125	0.0676624955507536	Q15848, Q07869, P31749, P01344, P01375	64	466	19104	3.2027896995708156	1.0	0.17594048731251236	0.13171208494329947
GOTERM_BP_FAT	GO:0030218~erythrocyte differentiation	3	4.6875	0.06768064652978559	P42574, P09601, P06400	64	129	19104	6.941860465116279	1.0	0.17594048731251236	0.13171208494329947
KEGG_PATHWAY	hsa05322:Systemic lupus erythematosus	4	6.25	0.06856358692448265	P01579, P29965, P22301, P01375	63	143	9375	4.162504162504162	0.9999998476438979	0.09959593167777263	0.06856358692448265
GOTERM_BP_FAT	GO:0032760~positive regulation of tumor necrosis factor production	3	4.6875	0.06859623048978461	P01583, P01579, P05231	64	130	19104	6.888461538461538	1.0	0.17819250678955542	0.13339798558609695
KEGG_PATHWAY	hsa04929:GnRH secretion	3	4.6875	0.068640439399546	P28482, P27361, P31749	63	65	9375	6.868131868131868	0.9999998503969914	0.09959593167777263	0.068640439399546
GOTERM_BP_FAT	GO:0006417~regulation of translation	5	7.8125	0.06935876488215131	P04626, P31749, P01106, P05231, P01375	64	470	19104	3.1755319148936167	1.0	0.18004400130212428	0.13478404632877503
GOTERM_BP_FAT	GO:0030512~negative regulation of transforming growth factor beta receptor signaling pathway	3	4.6875	0.06951594565316116	P37231, Q07869, P04637	64	131	19104	6.83587786259542	1.0	0.18019330428805072	0.134895817120507
GOTERM_BP_FAT	GO:0045860~positive regulation of protein kinase activity	3	4.6875	0.06951594565316116	P04626, P38936, P01375	64	131	19104	6.83587786259542	1.0	0.18019330428805072	0.134895817120507
KEGG_PATHWAY	hsa04550:Signaling pathways regulating pluripotency of stem cells	4	6.25	0.06970396255742968	P28482, P27361, P31749, P01106	63	144	9375	4.133597883597883	0.9999998837805506	0.10048233563473628	0.06970396255742968
GOTERM_BP_FAT	GO:1900369~negative regulation of post-transcriptional gene silencing by regulatory ncRNA	2	3.125	0.0701297122602629	P04637, P05231	64	22	19104	27.136363636363633	1.0	0.1808766330478678	0.13540736882206253
GOTERM_BP_FAT	GO:0010744~positive regulation of macrophage derived foam cell differentiation	2	3.125	0.0701297122602629	P01584, P01375	64	22	19104	27.136363636363633	1.0	0.1808766330478678	0.13540736882206253
GOTERM_BP_FAT	GO:0060149~negative regulation of post-transcriptional gene silencing	2	3.125	0.0701297122602629	P04637, P05231	64	22	19104	27.136363636363633	1.0	0.1808766330478678	0.13540736882206253
GOTERM_BP_FAT	GO:0043369~CD4-positive or CD8-positive, alpha-beta T cell lineage commitment	2	3.125	0.0701297122602629	P10415, P05231	64	22	19104	27.136363636363633	1.0	0.1808766330478678	0.13540736882206253
GOTERM_BP_FAT	GO:0043388~positive regulation of DNA binding	2	3.125	0.0701297122602629	P14780, P06400	64	22	19104	27.136363636363633	1.0	0.1808766330478678	0.13540736882206253
GOTERM_BP_FAT	GO:0038084~vascular endothelial growth factor signaling pathway	2	3.125	0.0701297122602629	P35968, Q04206	64	22	19104	27.136363636363633	1.0	0.1808766330478678	0.13540736882206253
GOTERM_BP_FAT	GO:1901970~positive regulation of mitotic sister chromatid separation	2	3.125	0.0701297122602629	O15392, P06400	64	22	19104	27.136363636363633	1.0	0.1808766330478678	0.13540736882206253
GOTERM_BP_FAT	GO:0006366~transcription by RNA polymerase II	5	7.8125	0.07107710715503693	P37231, P04637, P01106, P60568, P06400	64	474	19104	3.1487341772151898	1.0	0.1831894650553197	0.13713879477454383
GOTERM_CC_FAT	GO:0031252~cell leading edge	5	7.8125	0.07171422667627762	Q9NRD8, P04626, P31749, Q14790, P00533	59	454	16775	3.1312999328007165	0.9999999996605807	0.42024536832298687	0.381519685917797
GOTERM_BP_FAT	GO:1903557~positive regulation of tumor necrosis factor superfamily cytokine production	3	4.6875	0.07229951741948329	P01583, P01579, P05231	64	134	19104	6.682835820895523	1.0	0.1859424288683155	0.1391997109918501
GOTERM_BP_FAT	GO:0006986~response to unfolded protein	3	4.6875	0.07229951741948329	P24385, Q07812, Q16236	64	134	19104	6.682835820895523	1.0	0.1859424288683155	0.1391997109918501
GOTERM_BP_FAT	GO:0035051~cardiocyte differentiation	3	4.6875	0.07229951741948329	P28482, P27361, P19320	64	134	19104	6.682835820895523	1.0	0.1859424288683155	0.1391997109918501
GOTERM_BP_FAT	GO:0009820~alkaloid metabolic process	2	3.125	0.07319971687625322	P08684, P05177	64	23	19104	25.956521739130437	1.0	0.18754900637446476	0.14040242263707858
GOTERM_BP_FAT	GO:0010829~negative regulation of D-glucose transmembrane transport	2	3.125	0.07319971687625322	P01584, P01375	64	23	19104	25.956521739130437	1.0	0.18754900637446476	0.14040242263707858
GOTERM_BP_FAT	GO:0001516~prostaglandin biosynthetic process	2	3.125	0.07319971687625322	P23219, P35354	64	23	19104	25.956521739130437	1.0	0.18754900637446476	0.14040242263707858
GOTERM_BP_FAT	GO:0051900~regulation of mitochondrial depolarization	2	3.125	0.07319971687625322	P35968, P10415	64	23	19104	25.956521739130437	1.0	0.18754900637446476	0.14040242263707858
GOTERM_BP_FAT	GO:0038096~Fc-gamma receptor signaling pathway involved in phagocytosis	2	3.125	0.07319971687625322	P01579, P35228	64	23	19104	25.956521739130437	1.0	0.18754900637446476	0.14040242263707858
GOTERM_BP_FAT	GO:1902652~secondary alcohol metabolic process	3	4.6875	0.0732353974006483	P08684, P04040, P05177	64	135	19104	6.633333333333333	1.0	0.18754900637446476	0.14040242263707858
GOTERM_MF_FAT	GO:0004707~MAP kinase activity	2	3.125	0.07377284894427755	P28482, P27361	64	21	17305	25.751488095238095	0.9999999999999992	0.2462711280933971	0.19311128106002065
GOTERM_MF_FAT	GO:0005123~death receptor binding	2	3.125	0.07377284894427755	Q14790, P42574	64	21	17305	25.751488095238095	0.9999999999999992	0.2462711280933971	0.19311128106002065
GOTERM_BP_FAT	GO:0001952~regulation of cell-matrix adhesion	3	4.6875	0.07417522952802788	P00749, P35968, P10415	64	136	19104	6.584558823529412	1.0	0.1898213941778831	0.14210357136048937
GOTERM_MF_FAT	GO:0008289~lipid binding	7	10.9375	0.07576342158725943	P37231, Q07869, Q07812, P31749, P08684, P09211, P60568	64	816	17305	2.319527420343137	0.9999999999999997	0.251070024822013	0.19687429259171063
GOTERM_BP_FAT	GO:0033674~positive regulation of kinase activity	3	4.6875	0.07606660935494573	P04626, P38936, P01375	64	138	19104	6.489130434782608	1.0	0.19364834406201548	0.14496849208403648
GOTERM_BP_FAT	GO:1903318~negative regulation of protein maturation	2	3.125	0.0762597461129176	P00749, P31749	64	24	19104	24.875	1.0	0.19364834406201548	0.14496849208403648
GOTERM_BP_FAT	GO:1903427~negative regulation of reactive oxygen species biosynthetic process	2	3.125	0.0762597461129176	Q07869, Q16665	64	24	19104	24.875	1.0	0.19364834406201548	0.14496849208403648
GOTERM_BP_FAT	GO:0032891~negative regulation of organic acid transport	2	3.125	0.0762597461129176	P31749, P01375	64	24	19104	24.875	1.0	0.19364834406201548	0.14496849208403648
GOTERM_BP_FAT	GO:0048641~regulation of skeletal muscle tissue development	2	3.125	0.0762597461129176	P10415, P01344	64	24	19104	24.875	1.0	0.19364834406201548	0.14496849208403648
GOTERM_BP_FAT	GO:1900407~regulation of cellular response to oxidative stress	2	3.125	0.0762597461129176	P09917, Q16236	64	24	19104	24.875	1.0	0.19364834406201548	0.14496849208403648
GOTERM_BP_FAT	GO:2001044~regulation of integrin-mediated signaling pathway	2	3.125	0.0762597461129176	P01033, P00749	64	24	19104	24.875	1.0	0.19364834406201548	0.14496849208403648
GOTERM_BP_FAT	GO:1905517~macrophage migration	2	3.125	0.0762597461129176	P08253, P13500	64	24	19104	24.875	1.0	0.19364834406201548	0.14496849208403648
GOTERM_BP_FAT	GO:0097398~cellular response to interleukin-17	2	3.125	0.0762597461129176	P02778, P01584	64	24	19104	24.875	1.0	0.19364834406201548	0.14496849208403648
GOTERM_BP_FAT	GO:0052547~regulation of peptidase activity	2	3.125	0.0762597461129176	P01033, P08253	64	24	19104	24.875	1.0	0.19364834406201548	0.14496849208403648
GOTERM_BP_FAT	GO:2000010~positive regulation of protein localization to cell surface	2	3.125	0.0762597461129176	P31749, P01375	64	24	19104	24.875	1.0	0.19364834406201548	0.14496849208403648
GOTERM_CC_FAT	GO:0044853~plasma membrane raft	3	4.6875	0.07637968371635333	P29474, P28482, P27361	59	132	16775	6.461864406779662	0.9999999999224487	0.43880877115473577	0.398372468010784
GOTERM_MF_FAT	GO:0000979~RNA polymerase II core promoter sequence-specific DNA binding	2	3.125	0.07714893726224893	P42224, Q04206	64	22	17305	24.580965909090907	0.9999999999999999	0.2538088225873987	0.1990218961258016
GOTERM_BP_FAT	GO:0021537~telencephalon development	4	6.25	0.0777704411089829	Q07812, Q16665, P00533, P42574	64	302	19104	3.95364238410596	1.0	0.19730701986035226	0.14770743992311217
GOTERM_BP_FAT	GO:0034101~erythrocyte homeostasis	3	4.6875	0.07797337704105183	P42574, P09601, P06400	64	140	19104	6.396428571428571	1.0	0.19730701986035226	0.14770743992311217
GOTERM_BP_FAT	GO:0003206~cardiac chamber morphogenesis	3	4.6875	0.07797337704105183	P29474, P04637, Q16665	64	140	19104	6.396428571428571	1.0	0.19730701986035226	0.14770743992311217
GOTERM_BP_FAT	GO:0042471~ear morphogenesis	3	4.6875	0.07797337704105183	P28482, P27361, P01106	64	140	19104	6.396428571428571	1.0	0.19730701986035226	0.14770743992311217
GOTERM_BP_FAT	GO:0002832~negative regulation of response to biotic stimulus	3	4.6875	0.07797337704105183	P37231, P35869, P27361	64	140	19104	6.396428571428571	1.0	0.19730701986035226	0.14770743992311217
GOTERM_BP_FAT	GO:0002431~Fc receptor mediated stimulatory signaling pathway	2	3.125	0.07930983185515832	P01579, P35228	64	25	19104	23.88	1.0	0.199155799991842	0.14909146863327333
GOTERM_BP_FAT	GO:1905563~negative regulation of vascular endothelial cell proliferation	2	3.125	0.07930983185515832	P37231, P13500	64	25	19104	23.88	1.0	0.199155799991842	0.14909146863327333
GOTERM_BP_FAT	GO:1903358~regulation of Golgi organization	2	3.125	0.07930983185515832	P28482, P27361	64	25	19104	23.88	1.0	0.199155799991842	0.14909146863327333
GOTERM_BP_FAT	GO:0060967~negative regulation of gene silencing by regulatory ncRNA	2	3.125	0.07930983185515832	P04637, P05231	64	25	19104	23.88	1.0	0.199155799991842	0.14909146863327333
GOTERM_BP_FAT	GO:0002070~epithelial cell maturation	2	3.125	0.07930983185515832	P35968, Q16665	64	25	19104	23.88	1.0	0.199155799991842	0.14909146863327333
GOTERM_BP_FAT	GO:0035162~embryonic hemopoiesis	2	3.125	0.07930983185515832	P35968, Q16665	64	25	19104	23.88	1.0	0.199155799991842	0.14909146863327333
GOTERM_BP_FAT	GO:2000209~regulation of anoikis	2	3.125	0.07930983185515832	O96017, P10415	64	25	19104	23.88	1.0	0.199155799991842	0.14909146863327333
GOTERM_BP_FAT	GO:0046457~prostanoid biosynthetic process	2	3.125	0.07930983185515832	P23219, P35354	64	25	19104	23.88	1.0	0.199155799991842	0.14909146863327333
GOTERM_BP_FAT	GO:0097396~response to interleukin-17	2	3.125	0.07930983185515832	P02778, P01584	64	25	19104	23.88	1.0	0.199155799991842	0.14909146863327333
GOTERM_BP_FAT	GO:0032986~protein-DNA complex disassembly	2	3.125	0.07930983185515832	P01106, P05164	64	25	19104	23.88	1.0	0.199155799991842	0.14909146863327333
GOTERM_BP_FAT	GO:0070233~negative regulation of T cell apoptotic process	2	3.125	0.07930983185515832	P10415, Q16665	64	25	19104	23.88	1.0	0.199155799991842	0.14909146863327333
GOTERM_BP_FAT	GO:0021987~cerebral cortex development	3	4.6875	0.0798952556143818	Q07812, Q16665, P00533	64	142	19104	6.306338028169014	1.0	0.20034760353786726	0.14998367333434917
GOTERM_BP_FAT	GO:0061844~antimicrobial humoral immune response mediated by antimicrobial peptide	3	4.6875	0.0798952556143818	P02778, P13500, P10145	64	142	19104	6.306338028169014	1.0	0.20034760353786726	0.14998367333434917
KEGG_PATHWAY	hsa04261:Adrenergic signaling in cardiomyocytes	4	6.25	0.08157661746481006	P10415, P28482, P27361, P31749	63	154	9375	3.865182436611008	0.9999999932003276	0.11683876823992151	0.08157661746481006
GOTERM_BP_FAT	GO:0032446~protein modification by small protein conjugation	6	9.375	0.08181642531563851	P10415, Q07869, P31749, P00533, Q16236, P01375	64	703	19104	2.5476529160739685	1.0	0.20491994950025763	0.1534066104251099
GOTERM_BP_FAT	GO:0072073~kidney epithelium development	3	4.6875	0.08183197098406306	P10415, P04040, P01106	64	144	19104	6.21875	1.0	0.20491994950025763	0.1534066104251099
GOTERM_CC_FAT	GO:0005819~spindle	5	7.8125	0.08209670397450552	O15392, P28482, P31749, P01106, P06400	59	476	16775	2.986575986326734	0.9999999999874252	0.46258335124096384	0.41995621648497056
GOTERM_BP_FAT	GO:0050927~positive regulation of positive chemotaxis	2	3.125	0.08235000590029008	P35968, P10145	64	26	19104	22.961538461538463	1.0	0.20493986327284855	0.1534215182189162
GOTERM_BP_FAT	GO:0071276~cellular response to cadmium ion	2	3.125	0.08235000590029008	P05177, P09601	64	26	19104	22.961538461538463	1.0	0.20493986327284855	0.1534215182189162
GOTERM_BP_FAT	GO:1901623~regulation of lymphocyte chemotaxis	2	3.125	0.08235000590029008	P02778, P13500	64	26	19104	22.961538461538463	1.0	0.20493986327284855	0.1534215182189162
GOTERM_BP_FAT	GO:0045723~positive regulation of fatty acid biosynthetic process	2	3.125	0.08235000590029008	P35354, P01584	64	26	19104	22.961538461538463	1.0	0.20493986327284855	0.1534215182189162
GOTERM_BP_FAT	GO:1900048~positive regulation of hemostasis	2	3.125	0.08235000590029008	P00749, Q16236	64	26	19104	22.961538461538463	1.0	0.20493986327284855	0.1534215182189162
GOTERM_BP_FAT	GO:0035994~response to muscle stretch	2	3.125	0.08235000590029008	Q04206, P25963	64	26	19104	22.961538461538463	1.0	0.20493986327284855	0.1534215182189162
GOTERM_BP_FAT	GO:1902108~regulation of mitochondrial membrane permeability involved in apoptotic process	2	3.125	0.08235000590029008	P04637, Q07812	64	26	19104	22.961538461538463	1.0	0.20493986327284855	0.1534215182189162
GOTERM_BP_FAT	GO:0061687~detoxification of inorganic compound	2	3.125	0.08235000590029008	Q9UNQ0, P04040	64	26	19104	22.961538461538463	1.0	0.20493986327284855	0.1534215182189162
GOTERM_BP_FAT	GO:0030194~positive regulation of blood coagulation	2	3.125	0.08235000590029008	P00749, Q16236	64	26	19104	22.961538461538463	1.0	0.20493986327284855	0.1534215182189162
GOTERM_BP_FAT	GO:0002460~adaptive immune response based on somatic recombination of immune receptors built from immunoglobulin superfamily domains	4	6.25	0.0826277108433646	P05362, P05231, P29965, P22301	64	310	19104	3.851612903225807	1.0	0.20548954773700576	0.15383302149448966
GOTERM_BP_FAT	GO:0016125~sterol metabolic process	3	4.6875	0.08280580759435394	P08684, P04040, P05177	64	145	19104	6.175862068965517	1.0	0.20550844218337944	0.1538471662030996
GOTERM_BP_FAT	GO:0050830~defense response to Gram-positive bacterium	3	4.6875	0.08280580759435394	P05231, P01584, P01375	64	145	19104	6.175862068965517	1.0	0.20550844218337944	0.1538471662030996
GOTERM_BP_FAT	GO:0032479~regulation of type I interferon production	3	4.6875	0.08280580759435394	P42224, O15111, P22301	64	145	19104	6.175862068965517	1.0	0.20550844218337944	0.1538471662030996
GOTERM_BP_FAT	GO:0001667~ameboidal-type cell migration	3	4.6875	0.08378325191382856	P31749, P08253, Q16665	64	146	19104	6.133561643835616	1.0	0.2076492384649788	0.15544980324244956
GOTERM_BP_FAT	GO:0048754~branching morphogenesis of an epithelial tube	3	4.6875	0.08378325191382856	P35968, P10415, P01106	64	146	19104	6.133561643835616	1.0	0.2076492384649788	0.15544980324244956
GOTERM_MF_FAT	GO:0003700~DNA-binding transcription factor activity	10	15.625	0.08459556938115956	P37231, P42224, P35869, O75469, Q07869, Q04206, P04637, P01106, Q16665, Q16236	64	1473	17305	1.8356457909029191	1.0	0.27630495323054993	0.2166620338107396
GOTERM_BP_FAT	GO:2000641~regulation of early endosome to late endosome transport	2	3.125	0.08538029993456843	P28482, P27361	64	27	19104	22.11111111111111	1.0	0.2100239214717003	0.15722753192032432
GOTERM_BP_FAT	GO:0002548~monocyte chemotaxis	2	3.125	0.08538029993456843	P05231, P13500	64	27	19104	22.11111111111111	1.0	0.2100239214717003	0.15722753192032432
GOTERM_BP_FAT	GO:0034104~negative regulation of tissue remodeling	2	3.125	0.08538029993456843	P37231, P05231	64	27	19104	22.11111111111111	1.0	0.2100239214717003	0.15722753192032432
GOTERM_BP_FAT	GO:1904753~negative regulation of vascular associated smooth muscle cell migration	2	3.125	0.08538029993456843	Q15848, Q16236	64	27	19104	22.11111111111111	1.0	0.2100239214717003	0.15722753192032432
GOTERM_BP_FAT	GO:0050926~regulation of positive chemotaxis	2	3.125	0.08538029993456843	P35968, P10145	64	27	19104	22.11111111111111	1.0	0.2100239214717003	0.15722753192032432
GOTERM_BP_FAT	GO:0032469~endoplasmic reticulum calcium ion homeostasis	2	3.125	0.08538029993456843	P10415, Q07812	64	27	19104	22.11111111111111	1.0	0.2100239214717003	0.15722753192032432
GOTERM_BP_FAT	GO:0006706~steroid catabolic process	2	3.125	0.08538029993456843	P08684, P05177	64	27	19104	22.11111111111111	1.0	0.2100239214717003	0.15722753192032432
GOTERM_BP_FAT	GO:0045730~respiratory burst	2	3.125	0.08538029993456843	P05164, P10145	64	27	19104	22.11111111111111	1.0	0.2100239214717003	0.15722753192032432
GOTERM_BP_FAT	GO:0060669~embryonic placenta morphogenesis	2	3.125	0.08538029993456843	P01344, P22301	64	27	19104	22.11111111111111	1.0	0.2100239214717003	0.15722753192032432
GOTERM_BP_FAT	GO:0002922~positive regulation of humoral immune response	2	3.125	0.08538029993456843	P01584, P01375	64	27	19104	22.11111111111111	1.0	0.2100239214717003	0.15722753192032432
GOTERM_BP_FAT	GO:0010875~positive regulation of cholesterol efflux	2	3.125	0.08538029993456843	P37231, Q15848	64	27	19104	22.11111111111111	1.0	0.2100239214717003	0.15722753192032432
GOTERM_BP_FAT	GO:0048593~camera-type eye morphogenesis	3	4.6875	0.08574882998524667	P35968, Q07812, Q16665	64	148	19104	6.050675675675675	1.0	0.2107870626965683	0.15779883261051172
KEGG_PATHWAY	hsa04020:Calcium signaling pathway	5	7.8125	0.08684729119838086	P35968, P29474, P04626, P00533, P35228	63	254	9375	2.9293213348331455	0.9999999980941269	0.12359037593615738	0.08684729119838086
GOTERM_MF_FAT	GO:0001091~RNA polymerase II general transcription initiation factor binding	2	3.125	0.087204706005731	P35869, P04637	64	25	17305	21.631249999999998	1.0	0.282792403761442	0.22174910955743027
GOTERM_BP_FAT	GO:0046942~carboxylic acid transport	4	6.25	0.08761393269978962	P37231, Q9UNQ0, P35354, P35228	64	318	19104	3.7547169811320757	1.0	0.2149335011142736	0.1609029279635892
GOTERM_BP_FAT	GO:0048562~embryonic organ morphogenesis	4	6.25	0.08761393269978962	P28482, P27361, P01106, Q16665	64	318	19104	3.7547169811320757	1.0	0.2149335011142736	0.1609029279635892
GOTERM_BP_FAT	GO:0015849~organic acid transport	4	6.25	0.08761393269978962	P37231, Q9UNQ0, P35354, P35228	64	318	19104	3.7547169811320757	1.0	0.2149335011142736	0.1609029279635892
GOTERM_BP_FAT	GO:0071379~cellular response to prostaglandin stimulus	2	3.125	0.08840074555613212	P37231, P31749	64	28	19104	21.321428571428573	1.0	0.21525730365722134	0.16114533213498292
GOTERM_BP_FAT	GO:2000353~positive regulation of endothelial cell apoptotic process	2	3.125	0.08840074555613212	P13500, P29965	64	28	19104	21.321428571428573	1.0	0.21525730365722134	0.16114533213498292
GOTERM_BP_FAT	GO:0010463~mesenchymal cell proliferation	2	3.125	0.08840074555613212	P42224, P35968	64	28	19104	21.321428571428573	1.0	0.21525730365722134	0.16114533213498292
GOTERM_BP_FAT	GO:0033123~positive regulation of purine nucleotide catabolic process	2	3.125	0.08840074555613212	P01579, Q16665	64	28	19104	21.321428571428573	1.0	0.21525730365722134	0.16114533213498292
GOTERM_BP_FAT	GO:0042104~positive regulation of activated T cell proliferation	2	3.125	0.08840074555613212	P01344, P60568	64	28	19104	21.321428571428573	1.0	0.21525730365722134	0.16114533213498292
GOTERM_BP_FAT	GO:0030813~positive regulation of nucleotide catabolic process	2	3.125	0.08840074555613212	P01579, Q16665	64	28	19104	21.321428571428573	1.0	0.21525730365722134	0.16114533213498292
GOTERM_BP_FAT	GO:0007435~salivary gland morphogenesis	2	3.125	0.08840074555613212	P00533, P01375	64	28	19104	21.321428571428573	1.0	0.21525730365722134	0.16114533213498292
GOTERM_BP_FAT	GO:0010640~regulation of platelet-derived growth factor receptor signaling pathway	2	3.125	0.08840074555613212	Q15848, P01584	64	28	19104	21.321428571428573	1.0	0.21525730365722134	0.16114533213498292
GOTERM_BP_FAT	GO:0031103~axon regeneration	2	3.125	0.08840074555613212	P10415, P08253	64	28	19104	21.321428571428573	1.0	0.21525730365722134	0.16114533213498292
GOTERM_BP_FAT	GO:0034381~plasma lipoprotein particle clearance	2	3.125	0.08840074555613212	Q15848, P09601	64	28	19104	21.321428571428573	1.0	0.21525730365722134	0.16114533213498292
GOTERM_BP_FAT	GO:0045821~positive regulation of glycolytic process	2	3.125	0.08840074555613212	P01579, Q16665	64	28	19104	21.321428571428573	1.0	0.21525730365722134	0.16114533213498292
GOTERM_BP_FAT	GO:0035966~response to topologically incorrect protein	3	4.6875	0.08872342397469105	P24385, Q07812, Q16236	64	151	19104	5.93046357615894	1.0	0.21589764541889825	0.16162470302791968
GOTERM_CC_FAT	GO:0046930~pore complex	2	3.125	0.08934179218905548	P10415, Q07812	59	27	16775	21.06089139987445	0.9999999999987665	0.4939083983281746	0.44839465513752375
GOTERM_BP_FAT	GO:0006066~alcohol metabolic process	4	6.25	0.0901543673019171	P29474, P08684, P04040, P05177	64	322	19104	3.7080745341614905	1.0	0.21923213998906	0.1641209632053057
GOTERM_BP_FAT	GO:0008584~male gonad development	3	4.6875	0.09072358892036085	P24385, P10415, Q07812	64	153	19104	5.852941176470588	1.0	0.22046807630109197	0.16504620645659734
GOTERM_MF_FAT	GO:0019838~growth factor binding	3	4.6875	0.09114924940144511	P35968, P04626, P00533	64	139	17305	5.835768884892087	1.0	0.29348765410110694	0.23013569352421603
GOTERM_BP_FAT	GO:0050996~positive regulation of lipid catabolic process	2	3.125	0.0914113742544184	Q07869, P01584	64	29	19104	20.586206896551726	1.0	0.22124734223827106	0.16562957838467915
GOTERM_BP_FAT	GO:0045662~negative regulation of myoblast differentiation	2	3.125	0.0914113742544184	P02778, P01375	64	29	19104	20.586206896551726	1.0	0.22124734223827106	0.16562957838467915
GOTERM_BP_FAT	GO:0002726~positive regulation of T cell cytokine production	2	3.125	0.0914113742544184	P05231, P01584	64	29	19104	20.586206896551726	1.0	0.22124734223827106	0.16562957838467915
GOTERM_BP_FAT	GO:0035794~positive regulation of mitochondrial membrane permeability	2	3.125	0.0914113742544184	P04637, Q07812	64	29	19104	20.586206896551726	1.0	0.22124734223827106	0.16562957838467915
GOTERM_BP_FAT	GO:0032727~positive regulation of interferon-alpha production	2	3.125	0.0914113742544184	P42224, O15111	64	29	19104	20.586206896551726	1.0	0.22124734223827106	0.16562957838467915
GOTERM_BP_FAT	GO:0032740~positive regulation of interleukin-17 production	2	3.125	0.0914113742544184	P05231, P60568	64	29	19104	20.586206896551726	1.0	0.22124734223827106	0.16562957838467915
GOTERM_BP_FAT	GO:0007519~skeletal muscle tissue development	3	4.6875	0.09172870480749376	P10415, P01106, P06400	64	154	19104	5.8149350649350655	1.0	0.22171858060420951	0.16598235555741017
GOTERM_BP_FAT	GO:0046546~development of primary male sexual characteristics	3	4.6875	0.09172870480749376	P24385, P10415, Q07812	64	154	19104	5.8149350649350655	1.0	0.22171858060420951	0.16598235555741017
GOTERM_MF_FAT	GO:0003677~DNA binding	15	23.4375	0.09259615438397834	P35869, O75469, P10415, P04637, P28482, P37231, P42224, Q07869, Q04206, P01106, P00533, Q16236, Q16665, P06400, P01375	64	2650	17305	1.5305129716981132	1.0	0.29604685979102935	0.23214247155419923
GOTERM_BP_FAT	GO:0001649~osteoblast differentiation	3	4.6875	0.09273713346538139	P31749, P04040, P01344	64	155	19104	5.7774193548387105	1.0	0.2240063290653434	0.16769500353426015
GOTERM_BP_FAT	GO:0034695~response to prostaglandin E	2	3.125	0.09441221742198373	P37231, P31749	64	30	19104	19.9	1.0	0.22699107592945025	0.16992943654342418
GOTERM_BP_FAT	GO:0002446~neutrophil mediated immunity	2	3.125	0.09441221742198373	P05164, P05231	64	30	19104	19.9	1.0	0.22699107592945025	0.16992943654342418
GOTERM_BP_FAT	GO:0014812~muscle cell migration	2	3.125	0.09441221742198373	P00749, P10415	64	30	19104	19.9	1.0	0.22699107592945025	0.16992943654342418
GOTERM_BP_FAT	GO:2000279~negative regulation of DNA biosynthetic process	2	3.125	0.09441221742198373	P04637, P38936	64	30	19104	19.9	1.0	0.22699107592945025	0.16992943654342418
GOTERM_BP_FAT	GO:0014009~glial cell proliferation	2	3.125	0.09441221742198373	P04637, P06400	64	30	19104	19.9	1.0	0.22699107592945025	0.16992943654342418
GOTERM_BP_FAT	GO:0050820~positive regulation of coagulation	2	3.125	0.09441221742198373	P00749, Q16236	64	30	19104	19.9	1.0	0.22699107592945025	0.16992943654342418
GOTERM_BP_FAT	GO:0010715~regulation of extracellular matrix disassembly	2	3.125	0.09441221742198373	P00749, P05231	64	30	19104	19.9	1.0	0.22699107592945025	0.16992943654342418
GOTERM_MF_FAT	GO:0051087~protein-folding chaperone binding	3	4.6875	0.09449588171070006	O15392, P04637, Q07812	64	142	17305	5.712477992957746	1.0	0.3000079041724324	0.2352484887343302
GOTERM_BP_FAT	GO:0000819~sister chromatid segregation	3	4.6875	0.09578197776881239	O96017, O15392, P06400	64	158	19104	5.667721518987342	1.0	0.23013131668573128	0.17228027496357154
GOTERM_MF_FAT	GO:0016922~nuclear receptor binding	3	4.6875	0.09674670497883164	P37231, O75469, Q16665	64	144	17305	5.633138020833333	1.0	0.3021047332765539	0.2368926983402053
GOTERM_BP_FAT	GO:1903169~regulation of calcium ion transmembrane transport	3	4.6875	0.09680334004688078	P10415, Q07812, P02778	64	159	19104	5.632075471698114	1.0	0.23243086162650792	0.1740017539886496
KEGG_PATHWAY	hsa04022:cGMP-PKG signaling pathway	4	6.25	0.09689806913562655	P29474, P28482, P27361, P31749	63	166	9375	3.5857716580608145	0.9999999998348699	0.1370151041280834	0.09689806913562655
GOTERM_MF_FAT	GO:0004364~glutathione transferase activity	2	3.125	0.09715262347660104	P09488, P09211	64	28	17305	19.313616071428573	1.0	0.3021047332765539	0.2368926983402053
GOTERM_MF_FAT	GO:0097718~disordered domain specific binding	2	3.125	0.09715262347660104	P04637, P06400	64	28	17305	19.313616071428573	1.0	0.3021047332765539	0.2368926983402053
GOTERM_BP_FAT	GO:0032309~icosanoid secretion	2	3.125	0.09740330635521309	P35354, P35228	64	31	19104	19.258064516129032	1.0	0.2330975220254471	0.17450082746761206
GOTERM_BP_FAT	GO:0042531~positive regulation of tyrosine phosphorylation of STAT protein	2	3.125	0.09740330635521309	P01579, P22301	64	31	19104	19.258064516129032	1.0	0.2330975220254471	0.17450082746761206
GOTERM_BP_FAT	GO:0071499~cellular response to laminar fluid shear stress	2	3.125	0.09740330635521309	P31749, Q16236	64	31	19104	19.258064516129032	1.0	0.2330975220254471	0.17450082746761206
GOTERM_BP_FAT	GO:0070168~negative regulation of biomineral tissue development	2	3.125	0.09740330635521309	P29474, Q16665	64	31	19104	19.258064516129032	1.0	0.2330975220254471	0.17450082746761206
GOTERM_BP_FAT	GO:0051403~stress-activated MAPK cascade	2	3.125	0.09740330635521309	P28482, P27361	64	31	19104	19.258064516129032	1.0	0.2330975220254471	0.17450082746761206
GOTERM_CC_FAT	GO:0061695~transferase complex, transferring phosphorus-containing groups	4	6.25	0.09741216860195409	P24385, O15111, P38936, P06400	59	318	16775	3.5763777848843405	0.9999999999999092	0.5262872747385968	0.47778981256131997
GOTERM_BP_FAT	GO:0007517~muscle organ development	4	6.25	0.09795988106520548	P10415, P01106, P02778, P06400	64	334	19104	3.5748502994011977	1.0	0.23427442455805755	0.17538187701290425
GOTERM_CC_FAT	GO:0030054~cell junction	14	21.875	0.0987911266574158	P31645, Q9NRD8, P35968, P24385, P04626, P28482, P31749, P27361, P00749, Q04206, P04040, P05362, P00533, P42574	59	2576	16775	1.545228445099484	0.9999999999999419	0.5262872747385968	0.47778981256131997
GOTERM_BP_FAT	GO:0140352~export from cell	5	7.8125	0.09942623703121847	Q9UNQ0, P05231, Q16665, P35354, P35228	64	534	19104	2.794943820224719	1.0	0.23762410648042698	0.17788950670423556
GOTERM_BP_FAT	GO:0030100~regulation of endocytosis	4	6.25	0.09995347290666783	P37231, Q15848, P01579, P13500	64	337	19104	3.5430267062314535	1.0	0.23818305437274584	0.17830794474198644
