Category	Term	Count	%	PValue	Genes	List Total	Pop Hits	Pop Total	Fold Enrichment	Bonferroni	Benjamini	FDR
GOTERM_BP_FAT	GO:0070887~cellular response to chemical stimulus	20	83.33333333333334	4.152336648299417E-15	P31645, P35869, P35968, Q9UNQ0, P09917, P11712, P36544, P35354, P14780, P15692, P23219, Q9HC29, P08684, P05164, P00533, Q16665, P42574, Q9HC97, Q96EB6	24	2129	19104	7.477689055894787	8.067768675346088E-12	8.151036840611755E-12	7.137866698426697E-12
GOTERM_BP_FAT	GO:0042127~regulation of cell population proliferation	16	66.66666666666666	1.2326412839379233E-10	P31645, P35869, P35968, P09917, P36544, P35354, P00749, P14780, P15692, P23219, Q9HC29, P00533, Q16665, P42574, Q96EB6	24	1838	19104	6.929270946681175	2.420908136180344E-7	1.2098374201850718E-7	1.0594551835446451E-7
GOTERM_BP_FAT	GO:0065008~regulation of biological quality	19	79.16666666666666	2.7835601959974107E-10	P31645, P35968, P27695, P09917, P11712, P36544, P35354, P00749, P08581, P15692, P23219, Q9HC29, P08684, Q16665, P42574, Q9HC97, Q96EB6	24	3321	19104	4.554049984944294	5.466910443230333E-7	1.8213762215809724E-7	1.5949799923065164E-7
GOTERM_BP_FAT	GO:0001666~response to hypoxia	9	37.5	1.8336131478942203E-9	P31645, P00749, P15692, P36544, Q16665, P35354, P42574, Q96EB6	24	312	19104	22.96153846153846	3.6012097459625636E-6	8.998456523290886E-7	7.879952503075412E-7
GOTERM_BP_FAT	GO:0036293~response to decreased oxygen levels	9	37.5	2.5894920242560906E-9	P31645, P00749, P15692, P36544, Q16665, P35354, P42574, Q96EB6	24	326	19104	21.97546012269939	5.0857494902079026E-6	1.0166345687229413E-6	8.90267357939244E-7
GOTERM_BP_FAT	GO:0070482~response to oxygen levels	9	37.5	5.3962234361571904E-9	P31645, P00749, P15692, P36544, Q16665, P35354, P42574, Q96EB6	24	358	19104	20.011173184357542	1.0598126759298054E-5	1.7654644341960943E-6	1.5460180144590351E-6
GOTERM_BP_FAT	GO:0043069~negative regulation of programmed cell death	12	50.0	7.270245134072952E-9	P14780, P35968, P08581, P15692, Q9HC29, P05164, Q16665, P00533, P35354, Q9HC97, Q96EB6	24	1022	19104	9.346379647749512	1.4278659651534298E-5	2.038784456883601E-6	1.7853644836387722E-6
GOTERM_BP_FAT	GO:0043067~regulation of programmed cell death	14	58.333333333333336	8.869589605173324E-9	P35968, P27695, P35354, P14780, P08581, P15692, Q9HC29, P05164, P00533, Q16665, P42574, Q9HC97, Q96EB6	24	1680	19104	6.633333333333333	1.741972236246614E-5	2.1763755493694044E-6	1.905853066411618E-6
GOTERM_BP_FAT	GO:0010595~positive regulation of endothelial cell migration	7	29.166666666666668	1.1621864202871833E-8	P35968, P08581, P15692, Q16665, P35354, Q96EB6	24	138	19104	40.3768115942029	2.2825081021027316E-5	2.534857714470823E-6	2.21977606274852E-6
GOTERM_BP_FAT	GO:0030335~positive regulation of cell migration	10	41.66666666666667	2.1377549031335947E-8	P00749, P14780, P35968, P08581, P15692, Q16665, P00533, P35354, Q96EB6	24	623	19104	12.776886035313002	4.1984625431923384E-5	4.196412874851247E-6	3.6748006784866493E-6
GOTERM_BP_FAT	GO:2000147~positive regulation of cell motility	10	41.66666666666667	3.1235406631829025E-8	P00749, P14780, P35968, P08581, P15692, Q16665, P00533, P35354, Q96EB6	24	651	19104	12.227342549923197	6.134445786154519E-5	5.574100292570944E-6	4.8812421818285545E-6
GOTERM_BP_FAT	GO:0040017~positive regulation of locomotion	10	41.66666666666667	3.899578538681999E-8	P00749, P14780, P35968, P08581, P15692, Q16665, P00533, P35354, Q96EB6	24	668	19104	11.91616766467066	7.658479121197548E-5	5.911486256927521E-6	5.176691225500972E-6
GOTERM_BP_FAT	GO:0009628~response to abiotic stimulus	12	50.0	3.914891560879153E-8	P31645, P00749, P14780, P15692, P36544, P05164, Q16665, P00533, P35354, P42574, Q96EB6	24	1202	19104	7.94675540765391	7.68855158098658E-5	5.911486256927521E-6	5.176691225500972E-6
GOTERM_BP_FAT	GO:0032101~regulation of response to external stimulus	12	50.0	5.485023652566286E-8	P00749, P35869, P14780, P35968, P09917, P08581, P15692, Q9HC29, P00533, P35354, P42574	24	1242	19104	7.690821256038648	1.0772006536463596E-4	7.690786735705443E-6	6.73482547054389E-6
GOTERM_BP_FAT	GO:0042759~long-chain fatty acid biosynthetic process	5	20.833333333333336	1.9094235349125256E-7	P09917, P11712, P23219, P08684, P35354	24	43	19104	92.55813953488372	3.749405102775327E-4	2.4987989326888587E-5	2.188199371009754E-5
KEGG_PATHWAY	hsa05205:Proteoglycans in cancer	8	33.33333333333333	2.694173266340002E-7	P00749, P14780, P35968, P08581, P15692, Q16665, P00533, P42574	23	204	9375	15.984654731457798	3.8525940760592015E-5	3.879609503529603E-5	3.259949652271403E-5
GOTERM_BP_FAT	GO:0010594~regulation of endothelial cell migration	7	29.166666666666668	3.2730401188333E-7	P35968, P08581, P15692, Q16665, P35354, Q96EB6	24	242	19104	23.024793388429753	6.426186167139969E-4	4.015611095793605E-5	3.516472477671527E-5
GOTERM_BP_FAT	GO:0032103~positive regulation of response to external stimulus	9	37.5	4.4400557025163775E-7	P00749, P35968, P08581, P15692, Q9HC29, P00533, P35354, P42574	24	634	19104	11.29968454258675	8.716470282985611E-4	5.126958437670382E-5	4.4896798544856784E-5
GOTERM_BP_FAT	GO:0010604~positive regulation of macromolecule metabolic process	16	66.66666666666666	7.09675805138515E-7	P31645, P35869, P35968, P27695, P36544, P35354, P14780, P08581, P15692, Q9HC29, P00533, Q16665, P42574, Q96EB6	24	3427	19104	3.716370002918004	0.0013928328824813763	7.739408919371694E-5	6.777403939072819E-5
GOTERM_BP_FAT	GO:0042981~regulation of apoptotic process	12	50.0	8.017802084978988E-7	P14780, P35968, P27695, P15692, Q9HC29, P05164, Q16665, P00533, P35354, P42574, Q9HC97, Q96EB6	24	1617	19104	5.907235621521336	0.0015734577759457524	8.283655522533553E-5	7.254000938988884E-5
GOTERM_BP_FAT	GO:2001028~positive regulation of endothelial cell chemotaxis	4	16.666666666666664	8.449246650029038E-7	P35968, P08581, P15692	24	16	19104	199.0	0.0016580566459006851	8.292935587003501E-5	7.262127495699959E-5
GOTERM_BP_FAT	GO:0043066~negative regulation of apoptotic process	10	41.66666666666667	9.6716041283914E-7	P14780, P35968, P15692, Q9HC29, P05164, Q16665, P00533, P35354, Q9HC97, Q96EB6	24	975	19104	8.164102564102564	0.001897701053499845	9.040647097158248E-5	7.916898807954676E-5
GOTERM_BP_FAT	GO:0048584~positive regulation of response to stimulus	14	58.333333333333336	1.1468664950866206E-6	P35968, P00749, P14780, P08581, P15692, Q9HC29, P36544, P00533, P35354, Q16665, P42574, Q96EB6	24	2526	19104	4.411718131433096	0.002249912232639373	1.023317695388653E-4	8.961197750245004E-5
GOTERM_BP_FAT	GO:0009605~response to external stimulus	13	54.166666666666664	1.7525751217636377E-6	P35869, P00749, P14780, P08581, P09917, P15692, Q9HC29, P05164, P35354, Q16665, P42574, Q9HC97	24	2163	19104	4.784096162736939	0.0034361434559788684	1.4957847669660958E-4	1.3098594062224754E-4
GOTERM_BP_FAT	GO:0045937~positive regulation of phosphate metabolic process	7	29.166666666666668	2.0710965958731974E-6	P14780, P35968, P15692, P36544, Q16665, P00533, Q96EB6	24	332	19104	16.783132530120483	0.004059376292988803	1.6190007001327277E-4	1.4177596553887717E-4
GOTERM_BP_FAT	GO:0009893~positive regulation of metabolic process	16	66.66666666666666	2.0977674831338858E-6	P31645, P35869, P35968, P27695, P36544, P35354, P14780, P08581, P15692, Q9HC29, P00533, Q16665, P42574, Q96EB6	24	3717	19104	3.4264191552327143	0.0041115440212958765	1.6190007001327277E-4	1.4177596553887717E-4
GOTERM_BP_FAT	GO:0010562~positive regulation of phosphorus metabolic process	7	29.166666666666668	2.1443717882552685E-6	P14780, P35968, P15692, P36544, Q16665, P00533, Q96EB6	24	334	19104	16.682634730538922	0.00420269456506539	1.6190007001327277E-4	1.4177596553887717E-4
GOTERM_BP_FAT	GO:0043536~positive regulation of blood vessel endothelial cell migration	5	20.833333333333336	2.375979894795671E-6	P35968, P15692, Q16665, P35354, Q96EB6	24	80	19104	49.75000000000001	0.004655559188339375	1.7274253827718157E-4	1.512707199686577E-4
GOTERM_BP_FAT	GO:0030334~regulation of cell migration	10	41.66666666666667	2.719454019709472E-6	P00749, P14780, P35968, P08581, P15692, Q16665, P00533, P35354, Q96EB6	24	1104	19104	7.210144927536232	0.005326777096217095	1.9065315145320335E-4	1.6695505213859223E-4
GOTERM_BP_FAT	GO:0045766~positive regulation of angiogenesis	6	25.0	3.0502730266770754E-6	P35968, P15692, P36544, Q16665, Q96EB6	24	195	19104	24.49230769230769	0.005972836626259581	1.998117913526644E-4	1.7497527729762102E-4
GOTERM_BP_FAT	GO:0003008~system process	13	54.166666666666664	3.0536697608659867E-6	P31645, Q9UNQ0, P08581, P15692, P23219, Q9HC29, P36544, P00533, P35354, Q16665, P42574	24	2278	19104	4.542581211589113	0.005979467964280061	1.998117913526644E-4	1.7497527729762102E-4
GOTERM_BP_FAT	GO:0006950~response to stress	16	66.66666666666666	3.171234557056014E-6	P31645, P35968, P27695, P09917, P36544, P35354, P00749, P15692, P23219, Q9HC29, P05164, Q16665, P42574, Q9HC97, Q96EB6	24	3835	19104	3.3209908735332463	0.0062089588001678075	2.0081075598390178E-4	1.7585007108320285E-4
GOTERM_BP_FAT	GO:1904018~positive regulation of vasculature development	6	25.0	3.369108677539867E-6	P35968, P15692, P36544, Q16665, Q96EB6	24	199	19104	24.0	0.006595096843948989	2.0484698928655218E-4	1.7938460243687379E-4
GOTERM_BP_FAT	GO:2001026~regulation of endothelial cell chemotaxis	4	16.666666666666664	3.445781126055804E-6	P35968, P08581, P15692	24	25	19104	127.35999999999999	0.006744677659531351	2.0484698928655218E-4	1.7938460243687379E-4
GOTERM_BP_FAT	GO:0051247~positive regulation of protein metabolic process	9	37.5	3.5480375118404354E-6	P14780, P35968, P15692, Q9HC29, P36544, P00533, P42574, Q96EB6	24	836	19104	8.569377990430622	0.006944135325139489	2.0484698928655218E-4	1.7938460243687379E-4
GOTERM_BP_FAT	GO:0045765~regulation of angiogenesis	7	29.166666666666668	3.9322402247796545E-6	P35968, P09917, P15692, P36544, Q16665, Q96EB6	24	371	19104	15.018867924528303	0.007693189746050044	2.1833300019691215E-4	1.911943083741681E-4
GOTERM_BP_FAT	GO:1901701~cellular response to oxygen-containing compound	10	41.66666666666667	4.004069285322892E-6	P31645, P35869, P14780, Q9HC29, P36544, P05164, Q16665, P00533, Q96EB6	24	1157	19104	6.879861711322386	0.00783316740700346	2.1833300019691215E-4	1.911943083741681E-4
GOTERM_BP_FAT	GO:2000145~regulation of cell motility	10	41.66666666666667	4.267640680061466E-6	P00749, P14780, P35968, P08581, P15692, Q16665, P00533, P35354, Q96EB6	24	1166	19104	6.826758147512865	0.008346635966637539	2.2375930131392346E-4	1.9594612275019584E-4
GOTERM_BP_FAT	GO:0070374~positive regulation of ERK1 and ERK2 cascade	6	25.0	4.3826471640093315E-6	P35968, P15692, Q9HC29, P36544, P00533	24	210	19104	22.74285714285714	0.008570599097650566	2.2375930131392346E-4	1.9594612275019584E-4
GOTERM_BP_FAT	GO:0031401~positive regulation of protein modification process	7	29.166666666666668	4.445549032726956E-6	P14780, P35968, P15692, Q9HC29, P36544, P00533, Q96EB6	24	379	19104	14.70184696569921	0.008693072537561353	2.2375930131392346E-4	1.9594612275019584E-4
GOTERM_BP_FAT	GO:1901342~regulation of vasculature development	7	29.166666666666668	4.5820605585897975E-6	P35968, P09917, P15692, P36544, Q16665, Q96EB6	24	381	19104	14.6246719160105	0.008958816060596786	2.2486462191279431E-4	1.9691405250539656E-4
GOTERM_BP_FAT	GO:0010506~regulation of autophagy	7	29.166666666666668	5.1627617394047625E-6	P35968, P08581, Q9HC29, Q16665, P42574, Q96EB6	24	389	19104	14.323907455012854	0.010088456881372054	2.4718295840125726E-4	2.1645823000089725E-4
KEGG_PATHWAY	hsa04726:Serotonergic synapse	6	25.0	5.673823076766624E-6	P31645, P09917, P11712, P23219, P35354, P42574	23	115	9375	21.266540642722116	8.110299390272635E-4	2.8289635410146704E-4	2.377115197658161E-4
GOTERM_BP_FAT	GO:0040012~regulation of locomotion	10	41.66666666666667	5.862639047611503E-6	P00749, P14780, P35968, P08581, P15692, Q16665, P00533, P35354, Q96EB6	24	1212	19104	6.567656765676568	0.011448221478481901	2.740085821538424E-4	2.399494410200994E-4
KEGG_PATHWAY	hsa05206:MicroRNAs in cancer	8	33.33333333333333	5.893674043780564E-6	P00749, P14780, P08581, P15692, P00533, P35354, P42574, Q96EB6	23	323	9375	10.095571409341767	8.42442817480693E-4	2.8289635410146704E-4	2.377115197658161E-4
GOTERM_BP_FAT	GO:1900015~regulation of cytokine production involved in inflammatory response	5	20.833333333333336	6.273124351787248E-6	P09917, Q9HC29, P36544, Q16665	24	102	19104	39.01960784313726	0.012244868803333309	2.8637542098972947E-4	2.5077908745865763E-4
GOTERM_BP_FAT	GO:0050679~positive regulation of epithelial cell proliferation	6	25.0	6.684109953317115E-6	P35968, P15692, Q9HC29, Q16665, P00533, Q96EB6	24	229	19104	20.85589519650655	0.013041844234387034	2.9820245087185224E-4	2.6113602294891184E-4
GOTERM_BP_FAT	GO:0001934~positive regulation of protein phosphorylation	6	25.0	7.579465485820172E-6	P14780, P35968, P15692, P36544, P00533, Q96EB6	24	235	19104	20.323404255319147	0.014775875991897891	3.30633127748111E-4	2.8953558155833057E-4
GOTERM_BP_FAT	GO:0031399~regulation of protein modification process	8	33.33333333333333	9.037978290150164E-6	P14780, P35968, P15692, Q9HC29, P36544, Q16665, P00533, Q96EB6	24	665	19104	9.57593984962406	0.017594054485136512	3.7749349927818017E-4	3.3057123039184497E-4
GOTERM_BP_FAT	GO:0050678~regulation of epithelial cell proliferation	7	29.166666666666668	9.038305892039973E-6	P35968, P09917, P15692, Q9HC29, Q16665, P00533, Q96EB6	24	429	19104	12.98834498834499	0.017594686580672758	3.7749349927818017E-4	3.3057123039184497E-4
GOTERM_MF_FAT	GO:0042802~identical protein binding	13	54.166666666666664	9.192094252981097E-6	P31645, P35869, P35968, P14780, Q9UNQ0, P08581, P15692, P36544, P00533, P35354, Q96EB6	24	2290	17305	4.093249636098981	0.0035052384013023463	0.003511380004638779	0.003198848800037422
GOTERM_BP_FAT	GO:1901700~response to oxygen-containing compound	11	45.83333333333333	1.0850993337351164E-5	P31645, P35869, P14780, Q9HC29, P36544, P05164, Q16665, P00533, P42574, Q96EB6	24	1685	19104	5.196439169139465	0.021085981880537452	4.416436295424915E-4	3.867475288759771E-4
GOTERM_BP_FAT	GO:0051246~regulation of protein metabolic process	11	45.83333333333333	1.1024216937127909E-5	P00749, P14780, P35968, P15692, Q9HC29, P36544, Q16665, P00533, P42574, Q96EB6	24	1688	19104	5.1872037914691935	0.021418966340723045	4.416436295424915E-4	3.867475288759771E-4
GOTERM_BP_FAT	GO:0007167~enzyme-linked receptor protein signaling pathway	8	33.33333333333333	1.1827244977584377E-5	P14780, P35968, P08581, P15692, P00533, P42574, Q96EB6	24	693	19104	9.189033189033188	0.022961133740562967	4.5869754226392467E-4	4.016816480650466E-4
GOTERM_BP_FAT	GO:0042327~positive regulation of phosphorylation	6	25.0	1.1917256574355659E-5	P14780, P35968, P15692, P36544, P00533, Q96EB6	24	258	19104	18.511627906976745	0.0231338441674791	4.5869754226392467E-4	4.016816480650466E-4
GOTERM_BP_FAT	GO:0001676~long-chain fatty acid metabolic process	5	20.833333333333336	1.2760805525855394E-5	P09917, P11712, P23219, P08684, P35354	24	122	19104	32.622950819672134	0.024750927819013446	4.817204086010411E-4	4.2184278267202736E-4
GOTERM_BP_FAT	GO:0009636~response to toxic substance	6	25.0	1.356297847596449E-5	P31645, P35869, Q9UNQ0, P23219, P05164, P35354	24	265	19104	18.02264150943396	0.026286211701088136	5.023420141192131E-4	4.3990113207892373E-4
GOTERM_BP_FAT	GO:0007169~cell surface receptor protein tyrosine kinase signaling pathway	7	29.166666666666668	1.4120620480894072E-5	P14780, P35968, P08581, P15692, P00533, P42574	24	464	19104	12.008620689655173	0.027352062687795997	5.049381843969713E-4	4.4217459958145375E-4
GOTERM_BP_FAT	GO:0032879~regulation of localization	12	50.0	1.4147529364153553E-5	P31645, P14780, P09917, P15692, P36544, P05164, Q16665, P00533, P42574, Q9HC97, Q96EB6	24	2164	19104	4.414048059149723	0.02740346557225115	5.049381843969713E-4	4.4217459958145375E-4
GOTERM_BP_FAT	GO:0008284~positive regulation of cell population proliferation	9	37.5	1.523566720114991E-5	P14780, P35968, P15692, Q9HC29, P36544, Q16665, P00533, Q96EB6	24	1019	19104	7.030421982335623	0.02947981529195598	5.340645484974513E-4	4.6768056997815527E-4
GOTERM_BP_FAT	GO:0051049~regulation of transport	11	45.83333333333333	1.5732796092747535E-5	P31645, P14780, P09917, P15692, P36544, P05164, Q16665, P42574, Q9HC97, Q96EB6	24	1757	19104	4.983494593056347	0.030426945708593722	5.415444732854307E-4	4.742307435443991E-4
GOTERM_BP_FAT	GO:0035239~tube morphogenesis	8	33.33333333333333	1.6000804610573094E-5	P35968, P08581, P15692, Q16665, P00533, P42574, Q96EB6	24	726	19104	8.771349862258953	0.030937172445043792	5.415444732854307E-4	4.742307435443991E-4
GOTERM_BP_FAT	GO:0006633~fatty acid biosynthetic process	5	20.833333333333336	1.9026921121929925E-5	P09917, P11712, P23219, P08684, P35354	24	135	19104	29.48148148148148	0.036679615755827344	6.330482400398041E-4	5.543606340440261E-4
GOTERM_BP_FAT	GO:0002009~morphogenesis of an epithelium	7	29.166666666666668	2.179618279616768E-5	P35968, P08581, P15692, Q16665, P00533, P42574	24	501	19104	11.12175648702595	0.04190483572490755	7.130984471479527E-4	6.24460637110204E-4
GOTERM_BP_FAT	GO:0007166~cell surface receptor signaling pathway	12	50.0	2.2403004081389393E-5	P00749, P14780, P35968, P08581, P15692, P36544, P00533, P42574, Q9HC97, Q96EB6	24	2270	19104	4.207929515418502	0.043046035717012376	7.209360165863505E-4	6.313240002607929E-4
GOTERM_BP_FAT	GO:0007611~learning or memory	6	25.0	2.3480555807977492E-5	P31645, P36544, Q16665, P00533, P42574	24	297	19104	16.08080808080808	0.04506915336890882	7.434246943719325E-4	6.510173457082792E-4
GOTERM_CC_FAT	GO:0009986~cell surface	9	37.5	2.729477095351287E-5	P00749, P35968, Q9UNQ0, P08581, P15692, Q9HC29, P36544, P00533	24	970	16775	6.485180412371134	0.005389860701607185	0.004099019237352735	0.003829891711667959
GOTERM_MF_FAT	GO:0051879~Hsp90 protein binding	4	16.666666666666664	2.9992250775034978E-5	P35869, P35968, Q9HC29, Q16665	24	46	17305	62.699275362318836	0.01139182770573588	0.005728519898031681	0.0052186516348560865
GOTERM_BP_FAT	GO:0070372~regulation of ERK1 and ERK2 cascade	6	25.0	3.112725185312016E-5	P35968, P15692, Q9HC29, P36544, P00533	24	315	19104	15.161904761904763	0.05930364437822766	9.698856410742043E-4	8.493293005637072E-4
GOTERM_BP_FAT	GO:0043535~regulation of blood vessel endothelial cell migration	5	20.833333333333336	3.6163726851865153E-5	P35968, P15692, Q16665, P35354, Q96EB6	24	159	19104	25.031446540880506	0.06856311155317585	0.0011092093095345515	9.713351009118156E-4
GOTERM_BP_FAT	GO:0060562~epithelial tube morphogenesis	6	25.0	3.831333047598153E-5	P35968, P08581, P15692, Q16665, P42574	24	329	19104	14.516717325227964	0.07248732848265094	0.0011570625803746422	0.0010132402321263423
GOTERM_BP_FAT	GO:0046456~icosanoid biosynthetic process	4	16.666666666666664	4.274848136118071E-5	P09917, P11712, P23219, P35354	24	57	19104	55.859649122807014	0.08053179304383584	0.0012538330404552006	0.001097982168386393
GOTERM_BP_FAT	GO:0120254~olefinic compound metabolic process	5	20.833333333333336	4.279511651069711E-5	P09917, P11712, P23219, P08684, P35354	24	166	19104	23.97590361445783	0.08061600820039438	0.0012538330404552006	0.001097982168386393
GOTERM_MF_FAT	GO:0020037~heme binding	5	20.833333333333336	4.8012324957456364E-5	P11712, P23219, P08684, P05164, P35354	24	155	17305	23.25940860215054	0.01817397319704883	0.005850265080234783	0.005329560858433781
GOTERM_BP_FAT	GO:0050890~cognition	6	25.0	4.803800588766171E-5	P31645, P36544, Q16665, P00533, P42574	24	345	19104	13.843478260869567	0.0900347888871631	0.001386744199374705	0.001214372531189566
GOTERM_BP_FAT	GO:0023052~signaling	17	70.83333333333334	5.2211505540824235E-5	P35869, P35968, P27695, P36544, P35354, P00749, P14780, P08581, P15692, Q9HC29, P00533, Q16665, P42574, Q9HC97, Q96EB6	24	5445	19104	2.4852157943067037	0.09746343462771945	0.0014853794982121445	0.0013007475076040125
GOTERM_BP_FAT	GO:0019369~arachidonate metabolic process	4	16.666666666666664	5.77445967429664E-5	P09917, P11712, P23219, P35354	24	63	19104	50.53968253968254	0.10721872645574426	0.0016193234772349009	0.001418042311445132
GOTERM_BP_FAT	GO:0006935~chemotaxis	6	25.0	5.957825713850025E-5	P00749, P09917, P08581, P15692, Q9HC97	24	361	19104	13.229916897506925	0.11042831315928658	0.0016337920098129708	0.0014307124120573086
GOTERM_BP_FAT	GO:0007154~cell communication	17	70.83333333333334	5.992512720658884E-5	P35869, P35968, P27695, P36544, P35354, P00749, P14780, P08581, P15692, Q9HC29, P00533, Q16665, P42574, Q9HC97, Q96EB6	24	5501	19104	2.459916378840211	0.1110341661815788	0.0016337920098129708	0.0014307124120573086
GOTERM_CC_FAT	GO:0045121~membrane raft	6	25.0	6.028632308030227E-5	P31645, P35968, Q9UNQ0, P36544, P00533	24	318	16775	13.187893081761006	0.01186608783869536	0.004099019237352735	0.003829891711667959
GOTERM_BP_FAT	GO:0042330~taxis	6	25.0	6.115951985929179E-5	P00749, P09917, P08581, P15692, Q9HC97	24	363	19104	13.15702479338843	0.11318684783513211	0.0016446046230656135	0.0014401810224400353
GOTERM_MF_FAT	GO:0046906~tetrapyrrole binding	5	20.833333333333336	6.125932021188254E-5	P11712, P23219, P08684, P05164, P35354	24	165	17305	21.849747474747478	0.0231300790630683	0.005850265080234783	0.005329560858433781
GOTERM_CC_FAT	GO:0098857~membrane microdomain	6	25.0	6.210635208110204E-5	P31645, P35968, Q9UNQ0, P36544, P00533	24	320	16775	13.10546875	0.012222135080631302	0.004099019237352735	0.003829891711667959
GOTERM_BP_FAT	GO:0001936~regulation of endothelial cell proliferation	5	20.833333333333336	6.256865615735518E-5	P35968, P09917, P15692, Q16665, Q96EB6	24	183	19104	21.748633879781423	0.1156379003482585	0.001659760432930922	0.0014534529720877506
GOTERM_BP_FAT	GO:0051174~regulation of phosphorus metabolic process	7	29.166666666666668	6.442294328787675E-5	P14780, P35968, P15692, P36544, Q16665, P00533, Q96EB6	24	608	19104	9.164473684210526	0.11885293416352394	0.001672249780678325	0.0014643898996362916
GOTERM_BP_FAT	GO:0072330~monocarboxylic acid biosynthetic process	5	20.833333333333336	6.526834475016782E-5	P09917, P11712, P23219, P08684, P35354	24	185	19104	21.513513513513516	0.12031484377904023	0.001672249780678325	0.0014643898996362916
GOTERM_BP_FAT	GO:0009894~regulation of catabolic process	9	37.5	6.559512639441213E-5	P35968, P27695, P08581, Q9HC29, Q16665, P00533, P42574, Q96EB6	24	1248	19104	5.740384615384615	0.12087928074898613	0.001672249780678325	0.0014643898996362916
GOTERM_BP_FAT	GO:0060079~excitatory postsynaptic potential	4	16.666666666666664	6.944125462461363E-5	P08581, P36544	24	67	19104	47.52238805970149	0.12749540600201215	0.0017476049080527765	0.0015303784192270621
GOTERM_BP_FAT	GO:0048729~tissue morphogenesis	7	29.166666666666668	7.506830620738564E-5	P35968, P08581, P15692, Q16665, P00533, P42574	24	625	19104	8.915200000000002	0.13708551870493546	0.0018653048744949115	0.0016334483338037457
GOTERM_BP_FAT	GO:0042592~homeostatic process	10	41.66666666666667	7.751365280877466E-5	P35968, P27695, P09917, P15692, Q9HC29, P36544, Q16665, P42574, Q96EB6	24	1672	19104	4.760765550239235	0.14122018298802608	0.0019019912557953083	0.0016655746147285456
GOTERM_CC_FAT	GO:0043235~signaling receptor complex	7	29.166666666666668	8.4556819672839E-5	P35869, P35968, P08581, P36544, P00533	24	561	16775	8.72140522875817	0.016603573832879026	0.00418556257380553	0.0039107529098688035
GOTERM_BP_FAT	GO:0040011~locomotion	6	25.0	8.482866978477045E-5	P00749, P09917, P08581, P15692, Q9HC97	24	389	19104	12.277634961439588	0.15347079255843665	0.0020557861578704246	0.0018002528809879061
GOTERM_BP_FAT	GO:0001932~regulation of protein phosphorylation	6	25.0	9.009450487221493E-5	P14780, P35968, P15692, P36544, P00533, Q96EB6	24	394	19104	12.121827411167512	0.16218132396644747	0.002156774549562901	0.0018886884618943593
GOTERM_BP_FAT	GO:0016241~regulation of macroautophagy	5	20.833333333333336	9.177674162175264E-5	P35968, Q9HC29, Q16665, P42574, Q96EB6	24	202	19104	19.702970297029704	0.16494508715555778	0.0021705752265481983	0.0019007737210577445
GOTERM_MF_FAT	GO:0004714~transmembrane receptor protein tyrosine kinase activity	4	16.666666666666664	9.294221945854572E-5	P35968, P08581, P00533	24	67	17305	43.047263681592035	0.03488264905742566	0.0071007855666328935	0.006468778474314782
GOTERM_BP_FAT	GO:0045944~positive regulation of transcription by RNA polymerase II	9	37.5	9.398540562421257E-5	P35869, P27695, P08581, P15692, Q9HC29, Q16665, P00533, Q96EB6	24	1313	19104	5.456207159177456	0.16855989170110075	0.0021963494195277296	0.0019233441936669215
GOTERM_BP_FAT	GO:0001817~regulation of cytokine production	8	33.33333333333333	9.736346803862047E-5	P09917, Q9HC29, P36544, Q16665, P35354, P42574, Q96EB6	24	963	19104	6.6126687435098646	0.17405835928395252	0.0022004038686653476	0.0019268946766356253
GOTERM_BP_FAT	GO:1901698~response to nitrogen compound	8	33.33333333333333	9.736346803862047E-5	P31645, P35869, P14780, Q9HC29, P36544, P42574, Q96EB6	24	963	19104	6.6126687435098646	0.17405835928395252	0.0022004038686653476	0.0019268946766356253
GOTERM_BP_FAT	GO:0010468~regulation of gene expression	17	70.83333333333334	9.84727723570873E-5	P31645, P35869, P35968, P27695, P09917, P36544, P35354, P00749, P08581, P15692, Q9HC29, P00533, Q16665, P42574, Q96EB6	24	5709	19104	2.370292520581538	0.17585603363993396	0.0022004038686653476	0.0019268946766356253
GOTERM_BP_FAT	GO:0035295~tube development	8	33.33333333333333	9.864265942055556E-5	P35968, P08581, P15692, Q16665, P00533, P42574, Q96EB6	24	965	19104	6.598963730569947	0.17613099725145498	0.0022004038686653476	0.0019268946766356253
GOTERM_BP_FAT	GO:0099565~chemical synaptic transmission, postsynaptic	4	16.666666666666664	1.011867593767431E-4	P08581, P36544	24	76	19104	41.89473684210526	0.18023769324635985	0.0022317933556915363	0.0019543824648159706
GOTERM_BP_FAT	GO:0051241~negative regulation of multicellular organismal process	9	37.5	1.0905257277365235E-4	P31645, P00749, P09917, P15692, P36544, Q16665, P00533, P42574	24	1341	19104	5.342281879194631	0.19280574904601588	0.0023785577817186615	0.00208290413997676
GOTERM_BP_FAT	GO:0016477~cell migration	8	33.33333333333333	1.1149819598539635E-4	P00749, P14780, P35968, P09917, P15692, Q16665, P00533, Q9HC97	24	984	19104	6.471544715447154	0.1966739968344613	0.0024034838199141974	0.0021047318830527285
GOTERM_BP_FAT	GO:0002064~epithelial cell development	5	20.833333333333336	1.1264417291498023E-4	P35968, P08581, P15692, Q16665	24	213	19104	18.685446009389672	0.1984802106575979	0.0024034838199141974	0.0021047318830527285
KEGG_PATHWAY	hsa05207:Chemical carcinogenesis - receptor activation	6	25.0	1.2113520688805291E-4	P35869, P15692, P08684, P36544, P00533	23	217	9375	11.27028651572831	0.0171741967454635	0.004360867447969905	0.0036643400083636005
GOTERM_BP_FAT	GO:0007165~signal transduction	16	66.66666666666666	1.2239941915404974E-4	P35869, P35968, P27695, P36544, P00749, P14780, P08581, P15692, Q9HC29, P00533, Q16665, P42574, Q9HC97, Q96EB6	24	5100	19104	2.4972549019607846	0.21369236686382598	0.0025804024692509513	0.0022596596253909246
GOTERM_BP_FAT	GO:0009967~positive regulation of signal transduction	10	41.66666666666667	1.2356486607722334E-4	P00749, P14780, P35968, P15692, Q9HC29, P36544, Q16665, P00533, Q96EB6	24	1775	19104	4.484507042253521	0.21549033870456025	0.0025804024692509513	0.0022596596253909246
GOTERM_BP_FAT	GO:0010556~regulation of macromolecule biosynthetic process	17	70.83333333333334	1.2891129847321075E-4	P31645, P35869, P35968, P27695, P09917, P36544, P35354, P00749, P08581, P15692, Q9HC29, P00533, Q16665, P42574, Q96EB6	24	5826	19104	2.3226913834534844	0.22368592945846	0.002663714514767502	0.0023326160218468343
GOTERM_BP_FAT	GO:0006979~response to oxidative stress	6	25.0	1.388459471513721E-4	P23219, P05164, Q16665, P35354, P42574, Q96EB6	24	432	19104	11.055555555555555	0.23868827016269922	0.002839110356855661	0.0024862102411792567
GOTERM_BP_FAT	GO:0042325~regulation of phosphorylation	6	25.0	1.5128890301535595E-4	P14780, P35968, P15692, P36544, P00533, Q96EB6	24	440	19104	10.854545454545454	0.2570703215232222	0.003061650686795296	0.0026810889101381123
GOTERM_BP_FAT	GO:0051240~positive regulation of multicellular organismal process	10	41.66666666666667	1.5582171494108393E-4	P00749, P35968, P09917, P15692, Q9HC29, P36544, Q16665, P35354, Q96EB6	24	1829	19104	4.352104975396392	0.263655864394005	0.003102501225387079	0.0027168617455121695
GOTERM_BP_FAT	GO:0034766~negative regulation of monoatomic ion transmembrane transport	4	16.666666666666664	1.5646847749022967E-4	P14780, P36544, Q9HC97	24	88	19104	36.18181818181818	0.2645907514671787	0.003102501225387079	0.0027168617455121695
GOTERM_MF_FAT	GO:0019199~transmembrane receptor protein kinase activity	4	16.666666666666664	1.8866144582047154E-4	P35968, P08581, P00533	24	85	17305	33.931372549019606	0.06953933005338275	0.011885494167324697	0.010827622958714646
GOTERM_BP_FAT	GO:0016239~positive regulation of macroautophagy	4	16.666666666666664	2.087495095579943E-4	P35968, Q9HC29, Q16665, Q96EB6	24	97	19104	32.824742268041234	0.3363675584875816	0.004097752872623428	0.0035884040693019226
GOTERM_BP_FAT	GO:0009611~response to wounding	6	25.0	2.2037354644894629E-4	P31645, P00749, P35968, P15692, Q16665, P42574	24	477	19104	10.0125786163522	0.3513495742307351	0.00426707604116113	0.003736680445621998
GOTERM_BP_FAT	GO:0008585~female gonad development	4	16.666666666666664	2.2172274895488296E-4	P35968, P15692, P42574, Q96EB6	24	99	19104	32.16161616161616	0.35306649374392707	0.00426707604116113	0.003736680445621998
GOTERM_BP_FAT	GO:0000902~cell morphogenesis	7	29.166666666666668	2.3060698801097873E-4	P08581, P15692, P36544, P00533, P42574	24	767	19104	7.264667535853977	0.3642592056913361	0.004394966188985935	0.0038486739067074994
GOTERM_MF_FAT	GO:0140677~molecular function activator activity	9	37.5	2.3343513078150283E-4	P00749, P08581, P15692, Q9HC29, Q16665, P00533, P42574, Q96EB6	24	1355	17305	4.789206642066421	0.08532148899879777	0.011885494167324697	0.010827622958714646
GOTERM_MF_FAT	GO:0019899~enzyme binding	11	45.83333333333333	2.489108726141298E-4	P31645, P35869, P08581, Q9HC29, P08684, Q16665, P00533, P35354, P42574, Q96EB6	24	2193	17305	3.6167160662714695	0.09071416929989795	0.011885494167324697	0.010827622958714646
GOTERM_BP_FAT	GO:0046545~development of primary female sexual characteristics	4	16.666666666666664	2.492142015134864E-4	P35968, P15692, P42574, Q96EB6	24	103	19104	30.912621359223298	0.38707805974626963	0.004703918053567056	0.00411922319617003
GOTERM_BP_FAT	GO:0042391~regulation of membrane potential	6	25.0	2.5200589898335707E-4	P31645, P35968, P08581, P36544	24	491	19104	9.727087576374746	0.3904302874189637	0.004711310282898381	0.004125696574784674
KEGG_PATHWAY	hsa04020:Calcium signaling pathway	6	25.0	2.5323423900150096E-4	P35968, P08581, P15692, P36544, P00533	23	254	9375	9.628551865799384	0.03556908990434704	0.007293146083243228	0.006128268583836323
GOTERM_BP_FAT	GO:0043410~positive regulation of MAPK cascade	6	25.0	2.5679376450463376E-4	P35968, P15692, Q9HC29, P36544, P00533	24	493	19104	9.687626774847871	0.3961368748015347	0.0047555298087037364	0.004164419633806277
GOTERM_BP_FAT	GO:0050727~regulation of inflammatory response	6	25.0	2.6906783153467467E-4	P35869, P14780, P09917, Q9HC29, P35354, P42574	24	498	19104	9.590361445783133	0.41052344349361436	0.004936263114977256	0.004322687872972951
GOTERM_BP_FAT	GO:0060078~regulation of postsynaptic membrane potential	4	16.666666666666664	2.7882376816902056E-4	P08581, P36544	24	107	19104	29.757009345794394	0.42171371964912396	0.005067880156627661	0.0044379449766902435
GOTERM_BP_FAT	GO:0044283~small molecule biosynthetic process	6	25.0	2.817852358349057E-4	P09917, P11712, P23219, P08684, P05164, P35354	24	503	19104	9.49502982107356	0.425068394086756	0.005074719430678164	0.004443934132111953
GOTERM_BP_FAT	GO:0009892~negative regulation of metabolic process	13	54.166666666666664	2.8849400661349115E-4	P35869, P35968, P00749, P27695, P08581, P15692, P36544, P00533, Q16665, P42574, Q96EB6	24	3547	19104	2.9173949816746547	0.43259615232139614	0.005148306681657119	0.004508374521532648
GOTERM_BP_FAT	GO:0048585~negative regulation of response to stimulus	10	41.66666666666667	2.9501905944481776E-4	P00749, P35869, P14780, P09917, P36544, Q16665, P00533, P35354, Q96EB6	24	1988	19104	4.0040241448692155	0.43982324949835416	0.005217319042253849	0.0045688086773481235
GOTERM_BP_FAT	GO:0048468~cell development	11	45.83333333333333	3.0251897258358565E-4	P14780, P35968, P08581, P15692, P36544, Q16665, P00533, P42574, Q96EB6	24	2478	19104	3.533494753833737	0.44801651448228896	0.00529730382859384	0.004638851391417632
GOTERM_BP_FAT	GO:0010647~positive regulation of cell communication	10	41.66666666666667	3.053101694229532E-4	P00749, P14780, P35968, P15692, Q9HC29, P36544, Q16665, P00533, Q96EB6	24	1997	19104	3.9859789684526796	0.4510350746826489	0.00529730382859384	0.004638851391417632
GOTERM_BP_FAT	GO:0023056~positive regulation of signaling	10	41.66666666666667	3.076376140905236E-4	P00749, P14780, P35968, P15692, Q9HC29, P36544, Q16665, P00533, Q96EB6	24	1999	19104	3.9819909954977493	0.4535394881925383	0.00529730382859384	0.004638851391417632
GOTERM_BP_FAT	GO:0007588~excretion	3	12.5	3.156250807969223E-4	Q9UNQ0, P36544	24	22	19104	108.54545454545453	0.4620477650166198	0.005379099823851783	0.0047104801819669966
GOTERM_BP_FAT	GO:0006915~apoptotic process	8	33.33333333333333	3.1786835433866877E-4	P35869, P14780, P27695, P08581, P15692, Q16665, P42574, Q96EB6	24	1165	19104	5.466094420600858	0.4644134034112253	0.005379099823851783	0.0047104801819669966
GOTERM_BP_FAT	GO:0001938~positive regulation of endothelial cell proliferation	4	16.666666666666664	3.27360044242613E-4	P35968, P15692, Q16665, Q96EB6	24	113	19104	28.176991150442475	0.4743083135348036	0.005492374075626063	0.0048096744961799295
GOTERM_BP_FAT	GO:0033559~unsaturated fatty acid metabolic process	4	16.666666666666664	3.3594392134563526E-4	P09917, P11712, P23219, P35354	24	114	19104	27.929824561403507	0.48309941406174783	0.005588626420351543	0.004893962718585992
GOTERM_BP_FAT	GO:0080134~regulation of response to stress	9	37.5	3.680190154686488E-4	P00749, P35869, P14780, P09917, Q9HC29, P00533, P35354, P42574, Q96EB6	24	1598	19104	4.483103879849812	0.5146681421936301	0.00596116417296023	0.005220194199347242
GOTERM_BP_FAT	GO:1990748~cellular detoxification	4	16.666666666666664	3.7173062871221697E-4	Q9UNQ0, P23219, P05164, P35354	24	118	19104	26.983050847457626	0.5181944573320308	0.00596116417296023	0.005220194199347242
GOTERM_BP_FAT	GO:0043271~negative regulation of monoatomic ion transport	4	16.666666666666664	3.7173062871221697E-4	P14780, P36544, Q9HC97	24	118	19104	26.983050847457626	0.5181944573320308	0.00596116417296023	0.005220194199347242
GOTERM_BP_FAT	GO:0032787~monocarboxylic acid metabolic process	6	25.0	3.743943585582146E-4	P09917, P11712, P23219, P08684, Q16665, P35354	24	535	19104	8.927102803738318	0.5207094084771201	0.00596116417296023	0.005220194199347242
GOTERM_BP_FAT	GO:0046394~carboxylic acid biosynthetic process	5	20.833333333333336	3.764314703253568E-4	P09917, P11712, P23219, P08684, P35354	24	292	19104	13.630136986301371	0.522623882584551	0.00596116417296023	0.005220194199347242
GOTERM_BP_FAT	GO:1902004~positive regulation of amyloid-beta formation	3	12.5	3.765585111803711E-4	P36544, P42574	24	24	19104	99.5	0.5227430218506075	0.00596116417296023	0.005220194199347242
GOTERM_BP_FAT	GO:0030182~neuron differentiation	8	33.33333333333333	3.927106914664139E-4	P08581, P15692, P36544, Q16665, P00533, P42574	24	1206	19104	5.280265339966832	0.5376510099745424	0.006125941641988393	0.005364489904522694
GOTERM_BP_FAT	GO:0043436~oxoacid metabolic process	7	29.166666666666668	3.9361596225995606E-4	P09917, P11712, P23219, P08684, P05164, Q16665, P35354	24	847	19104	6.578512396694215	0.5384726366220404	0.006125941641988393	0.005364489904522694
GOTERM_BP_FAT	GO:0016053~organic acid biosynthetic process	5	20.833333333333336	3.963293879432124E-4	P09917, P11712, P23219, P08684, P35354	24	296	19104	13.445945945945947	0.5409266181031562	0.006125941641988393	0.005364489904522694
GOTERM_BP_FAT	GO:2001243~negative regulation of intrinsic apoptotic signaling pathway	4	16.666666666666664	4.001233293894725E-4	P14780, Q16665, P35354, Q96EB6	24	121	19104	26.314049586776857	0.5443359519724615	0.006136266371808864	0.005373531275160182
KEGG_PATHWAY	hsa00590:Arachidonic acid metabolism	4	16.666666666666664	4.066098069148324E-4	P09917, P11712, P23219, P35354	23	63	9375	25.879917184265008	0.056498219260423976	0.009002949833996448	0.007564978679955347
GOTERM_BP_FAT	GO:0002070~epithelial cell maturation	3	12.5	4.090030964120308E-4	P35968, P15692, Q16665	24	25	19104	95.52	0.5522169371641966	0.0061759467558216655	0.00540827940563293
GOTERM_BP_FAT	GO:0035162~embryonic hemopoiesis	3	12.5	4.090030964120308E-4	P35968, P15692, Q16665	24	25	19104	95.52	0.5522169371641966	0.0061759467558216655	0.00540827940563293
GOTERM_BP_FAT	GO:0012501~programmed cell death	8	33.33333333333333	4.129726353126904E-4	P35869, P14780, P27695, P08581, P15692, Q16665, P42574, Q96EB6	24	1216	19104	5.2368421052631575	0.5556957833061202	0.006188284603960392	0.005419083664904694
GOTERM_BP_FAT	GO:0006082~organic acid metabolic process	7	29.166666666666668	4.165237697748677E-4	P09917, P11712, P23219, P08684, P05164, Q16665, P35354	24	856	19104	6.509345794392524	0.5587850469280973	0.006194213333848979	0.0054242754563863455
GOTERM_BP_FAT	GO:0006690~icosanoid metabolic process	4	16.666666666666664	4.198065096634655E-4	P09917, P11712, P23219, P35354	24	123	19104	25.886178861788615	0.561621724510637	0.006196091567438968	0.0054259202264022345
GOTERM_MF_FAT	GO:0016702~oxidoreductase activity, acting on single donors with incorporation of molecular oxygen, incorporation of two atoms of oxygen	3	12.5	4.2031512256832814E-4	P09917, P23219, P35354	24	23	17305	94.04891304347825	0.148362344220356	0.016936870034049364	0.015429399926306752
GOTERM_BP_FAT	GO:0008219~cell death	8	33.33333333333333	4.25530298927346E-4	P35869, P14780, P27695, P08581, P15692, Q16665, P42574, Q96EB6	24	1222	19104	5.211129296235679	0.5665242282702947	0.006233701319361047	0.005458855103403789
GOTERM_BP_FAT	GO:0046660~female sex differentiation	4	16.666666666666664	4.29877554783942E-4	P35968, P15692, P42574, Q96EB6	24	124	19104	25.677419354838708	0.5702110643073666	0.006250738074376875	0.005473774197582194
KEGG_PATHWAY	hsa04148:Efferocytosis	5	20.833333333333336	4.376433947081606E-4	P09917, Q16665, P35354, P42574, Q96EB6	23	157	9375	12.981168651343118	0.060677777757010554	0.009002949833996448	0.007564978679955347
GOTERM_MF_FAT	GO:0016701~oxidoreductase activity, acting on single donors with incorporation of molecular oxygen	3	12.5	4.581550450584856E-4	P09917, P23219, P35354	24	24	17305	90.13020833333333	0.16058942637603835	0.016936870034049364	0.015429399926306752
GOTERM_BP_FAT	GO:0062197~cellular response to chemical stress	5	20.833333333333336	4.662187269115604E-4	P05164, Q16665, P35354, P42574, Q96EB6	24	309	19104	12.880258899676376	0.5998305087284495	0.006729318830348479	0.00589286758500715
GOTERM_MF_FAT	GO:0043167~ion binding	18	75.0	4.877109172108456E-4	P31645, P35968, P27695, Q9UNQ0, P09917, P11712, P36544, P35354, P14780, P08581, P23219, Q9HC29, P08684, P05164, P00533, Q96EB6	24	6557	17305	1.979373188958365	0.1700177938393317	0.016936870034049364	0.015429399926306752
GOTERM_BP_FAT	GO:0097237~cellular response to toxic substance	4	16.666666666666664	5.160849183675815E-4	Q9UNQ0, P23219, P05164, P35354	24	132	19104	24.121212121212118	0.637181445357759	0.007394705801135493	0.00647554726039323
GOTERM_BP_FAT	GO:0048870~cell motility	8	33.33333333333333	5.223497414419658E-4	P00749, P14780, P35968, P09917, P15692, Q16665, P00533, Q9HC97	24	1264	19104	5.037974683544303	0.6416205449125767	0.007430235814859267	0.00650666090970101
GOTERM_BP_FAT	GO:0034763~negative regulation of transmembrane transport	4	16.666666666666664	5.630505544792306E-4	P14780, P36544, Q9HC97	24	136	19104	23.41176470588235	0.6691673846658597	0.007951570060739063	0.006963193547840269
GOTERM_BP_FAT	GO:0048699~generation of neurons	8	33.33333333333333	5.743157127597666E-4	P08581, P15692, P36544, Q16665, P00533, P42574	24	1284	19104	4.959501557632398	0.6764106758974205	0.008052726743910157	0.007051776501671706
GOTERM_BP_FAT	GO:1902993~positive regulation of amyloid precursor protein catabolic process	3	12.5	5.908872607042134E-4	P36544, P42574	24	30	19104	79.6	0.6867787841705288	0.008226324062144474	0.0072037957528407305
GOTERM_BP_FAT	GO:0008610~lipid biosynthetic process	6	25.0	6.038585866311374E-4	Q9UNQ0, P09917, P11712, P23219, P08684, P35354	24	594	19104	8.04040404040404	0.6946621742538146	0.008347707081386779	0.007310090918443136
GOTERM_BP_FAT	GO:0006631~fatty acid metabolic process	5	20.833333333333336	6.532749836252302E-4	P09917, P11712, P23219, P08684, P35354	24	338	19104	11.775147928994084	0.7229206458719848	0.008841986118837812	0.007742931298157004
GOTERM_BP_FAT	GO:0022603~regulation of anatomical structure morphogenesis	7	29.166666666666668	6.547536675219045E-4	P35968, P09917, P15692, P36544, Q16665, Q96EB6	24	932	19104	5.978540772532189	0.7237246795428673	0.008841986118837812	0.007742931298157004
GOTERM_BP_FAT	GO:0045595~regulation of cell differentiation	9	37.5	6.552359374905093E-4	P31645, P14780, P35968, P09917, P15692, Q16665, P00533, P35354, Q96EB6	24	1740	19104	4.117241379310345	0.7239864089683088	0.008841986118837812	0.007742931298157004
GOTERM_BP_FAT	GO:1902531~regulation of intracellular signal transduction	10	41.66666666666667	6.57631163194254E-4	P14780, P35968, P15692, Q9HC29, P36544, Q16665, P00533, P35354, Q96EB6	24	2212	19104	3.5985533453887886	0.7252826381500241	0.008841986118837812	0.007742931298157004
GOTERM_BP_FAT	GO:0010557~positive regulation of macromolecule biosynthetic process	11	45.83333333333333	6.882705756869851E-4	P31645, P35869, P27695, P08581, P15692, Q9HC29, Q16665, P00533, P35354, Q96EB6	24	2739	19104	3.1967871485943773	0.7413368941746095	0.009118187690128324	0.007984801140769531
GOTERM_BP_FAT	GO:0045893~positive regulation of DNA-templated transcription	9	37.5	6.91449360450112E-4	P35869, P27695, P08581, P15692, Q9HC29, Q16665, P00533, Q96EB6	24	1754	19104	4.084378563283923	0.7429478398341639	0.009118187690128324	0.007984801140769531
GOTERM_BP_FAT	GO:0048754~branching morphogenesis of an epithelial tube	4	16.666666666666664	6.922243737660391E-4	P35968, P08581, P15692	24	146	19104	21.80821917808219	0.7433390784901659	0.009118187690128324	0.007984801140769531
GOTERM_BP_FAT	GO:1902680~positive regulation of RNA biosynthetic process	9	37.5	6.967540262451597E-4	P35869, P27695, P08581, P15692, Q9HC29, Q16665, P00533, Q96EB6	24	1756	19104	4.079726651480637	0.7456138413667606	0.009118187690128324	0.007984801140769531
GOTERM_BP_FAT	GO:0033993~response to lipid	7	29.166666666666668	7.04441521215475E-4	P31645, P35869, P14780, Q9HC29, P05164, P00533, P42574	24	945	19104	5.896296296296296	0.749428427878791	0.009157739775801175	0.008019436920327161
GOTERM_BP_FAT	GO:0045742~positive regulation of epidermal growth factor receptor signaling pathway	3	12.5	7.156414926039211E-4	P00749, P14780, P00533	24	33	19104	72.36363636363636	0.7548838393560373	0.009188126619914689	0.008046046693649186
GOTERM_BP_FAT	GO:0071456~cellular response to hypoxia	4	16.666666666666664	7.201354989296923E-4	P15692, Q16665, P35354, Q96EB6	24	148	19104	21.513513513513512	0.7570393116206386	0.009188126619914689	0.008046046693649186
GOTERM_BP_FAT	GO:0009416~response to light stimulus	5	20.833333333333336	7.208209370692115E-4	P14780, Q16665, P00533, P42574, Q96EB6	24	347	19104	11.469740634005763	0.757366400869696	0.009188126619914689	0.008046046693649186
GOTERM_BP_FAT	GO:0043122~regulation of canonical NF-kappaB signal transduction	5	20.833333333333336	7.286205188454096E-4	P15692, Q9HC29, P36544, Q96EB6	24	348	19104	11.436781609195403	0.7610574862596304	0.009227626312861541	0.008080636592872639
GOTERM_MF_FAT	GO:0036094~small molecule binding	18	75.0	7.334684996487497E-4	P31645, P35968, P27695, Q9UNQ0, P09917, P11712, P36544, P35354, P14780, P08581, P23219, Q9HC29, P08684, P05164, P00533, Q96EB6	24	6756	17305	1.9210701598579043	0.24443371956488757	0.021553053034738475	0.019634718471437145
GOTERM_MF_FAT	GO:0031072~heat shock protein binding	4	16.666666666666664	7.334808624387439E-4	P35869, P35968, Q9HC29, Q16665	24	135	17305	21.364197530864196	0.24443729040215034	0.021553053034738475	0.019634718471437145
GOTERM_BP_FAT	GO:0023051~regulation of signaling	13	54.166666666666664	7.473726002378346E-4	P31645, P35968, P00749, P14780, P09917, P15692, Q9HC29, P36544, P00533, P35354, Q16665, Q96EB6	24	3915	19104	2.6431673052362705	0.769703707749265	0.009404438552992753	0.008235471152620756
GOTERM_BP_FAT	GO:0010646~regulation of cell communication	13	54.166666666666664	7.601597847620895E-4	P31645, P35968, P00749, P14780, P09917, P15692, Q9HC29, P36544, P00533, P35354, Q16665, Q96EB6	24	3922	19104	2.638449770525242	0.7754196089810549	0.009447496446388365	0.00827317696960856
GOTERM_BP_FAT	GO:0042060~wound healing	5	20.833333333333336	7.604199890623341E-4	P31645, P00749, P35968, P15692, Q16665	24	352	19104	11.306818181818182	0.7755344367828687	0.009447496446388365	0.00827317696960856
GOTERM_BP_FAT	GO:1901186~positive regulation of ERBB signaling pathway	3	12.5	8.052723508352918E-4	P00749, P14780, P00533	24	35	19104	68.22857142857143	0.7944759109625383	0.009941821538928792	0.008706057679785325
GOTERM_BP_FAT	GO:0031347~regulation of defense response	7	29.166666666666668	8.126440768462682E-4	P35869, P14780, P09917, Q9HC29, P00533, P35354, P42574	24	971	19104	5.738414006179197	0.7974324406878819	0.009970127017807653	0.008730844800617095
KEGG_PATHWAY	hsa01521:EGFR tyrosine kinase inhibitor resistance	4	16.666666666666664	8.197985845783333E-4	P35968, P08581, P15692, P00533	23	80	9375	20.380434782608695	0.11066321270591073	0.01475637452241	0.012399453591747291
GOTERM_BP_FAT	GO:0098754~detoxification	4	16.666666666666664	8.546198561222155E-4	Q9UNQ0, P23219, P05164, P35354	24	157	19104	20.280254777070063	0.8134751928754608	0.010355671466468572	0.00906846625107462
GOTERM_BP_FAT	GO:0036294~cellular response to decreased oxygen levels	4	16.666666666666664	8.546198561222155E-4	P15692, Q16665, P35354, Q96EB6	24	157	19104	20.280254777070063	0.8134751928754608	0.010355671466468572	0.00906846625107462
GOTERM_BP_FAT	GO:1901699~cellular response to nitrogen compound	6	25.0	8.704101216548235E-4	P31645, P35869, Q9HC29, P36544, P42574	24	644	19104	7.416149068322981	0.8191757814167298	0.010357319386341182	0.009069909335262603
GOTERM_BP_FAT	GO:0050921~positive regulation of chemotaxis	4	16.666666666666664	8.704780068693142E-4	P35968, P08581, P15692	24	158	19104	20.151898734177212	0.81919990948165	0.010357319386341182	0.009069909335262603
GOTERM_BP_FAT	GO:0002237~response to molecule of bacterial origin	5	20.833333333333336	8.705846656883825E-4	P35869, P14780, Q9HC29, P05164, P42574	24	365	19104	10.904109589041097	0.8192378121340641	0.010357319386341182	0.009069909335262603
GOTERM_BP_FAT	GO:0090050~positive regulation of cell migration involved in sprouting angiogenesis	3	12.5	9.00045263709122E-4	P35968, P15692, P35354	24	37	19104	64.54054054054055	0.8294087398967621	0.010643306341331364	0.009320348242867354
GOTERM_BP_FAT	GO:0009411~response to UV	4	16.666666666666664	9.19174104318049E-4	P14780, P00533, P42574, Q96EB6	24	161	19104	19.776397515527947	0.8357044144972451	0.010804423753151679	0.009461438834267822
GOTERM_BP_FAT	GO:0045598~regulation of fat cell differentiation	4	16.666666666666664	9.357829410316161E-4	P09917, P15692, P35354, Q96EB6	24	162	19104	19.65432098765432	0.8409820452738003	0.010934178055030134	0.009575064735912787
GOTERM_BP_FAT	GO:0010508~positive regulation of autophagy	4	16.666666666666664	9.867520418016542E-4	P35968, Q9HC29, Q16665, Q96EB6	24	165	19104	19.296969696969697	0.8561433257704918	0.011461504485542291	0.010036844732881915
GOTERM_MF_FAT	GO:0098772~molecular function regulator activity	11	45.83333333333333	9.903829589286675E-4	P00749, P08581, P15692, Q9HC29, P36544, Q16665, P00533, P42574, Q96EB6	24	2596	17305	3.055261299435028	0.31512145160507055	0.02458879690478915	0.022400265243106347
GOTERM_BP_FAT	GO:0009891~positive regulation of biosynthetic process	11	45.83333333333333	0.0010195659361826041	P31645, P35869, P27695, P08581, P15692, Q9HC29, Q16665, P00533, P35354, Q96EB6	24	2876	19104	3.0445062586926284	0.8651306836576429	0.011772987839567364	0.010309610848811155
GOTERM_MF_FAT	GO:0038023~signaling receptor activity	9	37.5	0.0010587364609451967	P35869, P35968, P08581, Q9HC29, P36544, P00533, Q9HC97	24	1694	17305	3.8307998819362457	0.33279075764848587	0.02458879690478915	0.022400265243106347
GOTERM_MF_FAT	GO:0060089~molecular transducer activity	9	37.5	0.0010587364609451967	P35869, P35968, P08581, Q9HC29, P36544, P00533, Q9HC97	24	1694	17305	3.8307998819362457	0.33279075764848587	0.02458879690478915	0.022400265243106347
GOTERM_MF_FAT	GO:0004713~protein tyrosine kinase activity	4	16.666666666666664	0.001094265830841402	P35968, P08581, P00533	24	155	17305	18.60752688172043	0.34179472034067093	0.02458879690478915	0.022400265243106347
GOTERM_BP_FAT	GO:0048878~chemical homeostasis	7	29.166666666666668	0.001117541109829766	P35968, P09917, P15692, P36544, Q16665, Q96EB6	24	1032	19104	5.399224806201551	0.8887614263698227	0.012828849114595501	0.011234229051446595
KEGG_PATHWAY	hsa05200:Pathways in cancer	7	29.166666666666668	0.0011196530191545885	P14780, P08581, P15692, Q16665, P00533, P35354, P42574	23	533	9375	5.353209886613917	0.14802669323999829	0.017914448306473416	0.015053112813078357
GOTERM_BP_FAT	GO:0051094~positive regulation of developmental process	8	33.33333333333333	0.0011296095062779384	P35968, P09917, P15692, P36544, Q16665, P35354, Q96EB6	24	1438	19104	4.428372739916551	0.8913699345558808	0.01285791228719332	0.011259679685015444
GOTERM_BP_FAT	GO:0030855~epithelial cell differentiation	6	25.0	0.0011331731154785758	P35968, P08581, P15692, Q16665, P42574	24	683	19104	6.9926793557833085	0.8921284293429064	0.01285791228719332	0.011259679685015444
GOTERM_BP_FAT	GO:0007610~behavior	6	25.0	0.001163133630923884	P31645, P36544, Q16665, P00533, P42574	24	687	19104	6.951965065502184	0.898299596685786	0.013116054236504696	0.01148573470838083
GOTERM_CC_FAT	GO:0031965~nuclear membrane	5	20.833333333333336	0.0011672520870035887	P35968, P09917, P00533, P35354, Q96EB6	24	347	16775	10.07144572526417	0.2064596610311854	0.046223182645342115	0.04318832721913278
GOTERM_BP_FAT	GO:0071453~cellular response to oxygen levels	4	16.666666666666664	0.0011692865468101487	P15692, Q16665, P35354, Q96EB6	24	175	19104	18.194285714285716	0.8995225993907379	0.013116054236504696	0.01148573470838083
GOTERM_BP_FAT	GO:0061138~morphogenesis of a branching epithelium	4	16.666666666666664	0.0011886309497376045	P35968, P08581, P15692	24	176	19104	18.09090909090909	0.9032727094896171	0.013231425585258194	0.011586765451379946
GOTERM_BP_FAT	GO:0009888~tissue development	9	37.5	0.001193052638100204	P14780, P35968, P08581, P15692, Q16665, P00533, P35354, P42574	24	1904	19104	3.7626050420168067	0.9041100642454913	0.013231425585258194	0.011586765451379946
GOTERM_BP_FAT	GO:0000302~response to reactive oxygen species	4	16.666666666666664	0.0013719035109428536	P05164, Q16665, P42574, Q96EB6	24	185	19104	17.210810810810813	0.9325432366117966	0.015129475235847314	0.013248888400622277
GOTERM_BP_FAT	GO:0022008~neurogenesis	8	33.33333333333333	0.0013868763853324248	P08581, P15692, P36544, Q16665, P00533, P42574	24	1489	19104	4.2766957689724645	0.9345006967242175	0.015194722719679985	0.013306025652129341
GOTERM_BP_FAT	GO:0001763~morphogenesis of a branching structure	4	16.666666666666664	0.0013933011154062137	P35968, P08581, P15692	24	186	19104	17.118279569892472	0.935323121626793	0.015194722719679985	0.013306025652129341
GOTERM_BP_FAT	GO:0043408~regulation of MAPK cascade	6	25.0	0.0014158355804282494	P35968, P15692, Q9HC29, P36544, P00533	24	718	19104	6.651810584958217	0.9381270040779031	0.01535516709602571	0.013446526866056137
GOTERM_BP_FAT	GO:0071526~semaphorin-plexin signaling pathway	3	12.5	0.0015121820784450338	P35968, P08581	24	48	19104	49.75	0.9488080713307557	0.016309963846085723	0.014282642817840733
GOTERM_BP_FAT	GO:0051093~negative regulation of developmental process	7	29.166666666666668	0.0015695315154412265	P31645, P14780, P09917, P15692, Q16665, P00533, Q96EB6	24	1102	19104	5.056261343012705	0.9542691209088183	0.016836012922465178	0.01474330423521021
GOTERM_BP_FAT	GO:0051254~positive regulation of RNA metabolic process	9	37.5	0.0016303776655945052	P35869, P27695, P08581, P15692, Q9HC29, Q16665, P00533, Q96EB6	24	1997	19104	3.5873810716074113	0.959427908930701	0.017393648682402247	0.015231626125853014
GOTERM_BP_FAT	GO:0035094~response to nicotine	3	12.5	0.0017055023094091455	P36544, P42574	24	51	19104	46.82352941176471	0.9650020632205887	0.018096762342541366	0.015847343080401734
GOTERM_BP_FAT	GO:0050877~nervous system process	8	33.33333333333333	0.0017273041105908952	P31645, P08581, P36544, Q16665, P00533, P42574	24	1546	19104	4.11901681759379	0.9664714688497208	0.018134583592048437	0.015880463165935436
GOTERM_BP_FAT	GO:0048871~multicellular organismal-level homeostasis	6	25.0	0.0017275431134554547	P35968, P15692, Q9HC29, Q16665, P42574, Q96EB6	24	751	19104	6.359520639147803	0.9664872307245834	0.018134583592048437	0.015880463165935436
KEGG_PATHWAY	hsa05208:Chemical carcinogenesis - reactive oxygen species	5	20.833333333333336	0.0017372803845978068	P35869, P08581, P15692, Q16665, P00533	23	227	9375	8.978165102470792	0.22014489743018828	0.02501683753820842	0.02102109265363346
GOTERM_BP_FAT	GO:2001242~regulation of intrinsic apoptotic signaling pathway	4	16.666666666666664	0.0017897782909298196	P14780, Q16665, P35354, Q96EB6	24	203	19104	15.68472906403941	0.9703494311607842	0.018687950984549128	0.016365047245257232
GOTERM_BP_FAT	GO:0009410~response to xenobiotic stimulus	5	20.833333333333336	0.0018097398527463636	P31645, P35869, P11712, P08684, P42574	24	445	19104	8.9438202247191	0.9714913908499567	0.018796398576408	0.016460014851169307
GOTERM_BP_FAT	GO:0030225~macrophage differentiation	3	12.5	0.0018405863214719204	P14780, P15692, Q96EB6	24	53	19104	45.056603773584904	0.9731702089238816	0.019016162889733578	0.01665246256110648
GOTERM_BP_FAT	GO:0048732~gland development	5	20.833333333333336	0.0018699320520485965	P08581, P15692, Q16665, P00533	24	449	19104	8.864142538975502	0.9746755397756844	0.01921820218937903	0.01682938846843737
GOTERM_BP_FAT	GO:0043269~regulation of monoatomic ion transport	5	20.833333333333336	0.001915983811584585	P31645, P14780, P36544, Q9HC97	24	452	19104	8.805309734513274	0.9768694663975966	0.019588938656981983	0.017154042563093237
GOTERM_BP_FAT	GO:0030097~hemopoiesis	6	25.0	0.0019730468147892556	P14780, P35968, P15692, Q16665, P42574, Q96EB6	24	774	19104	6.170542635658914	0.9793262773311476	0.020067828484100048	0.01757340660426285
GOTERM_BP_FAT	GO:0050918~positive chemotaxis	3	12.5	0.0020524618353977013	P08581, P15692	24	56	19104	42.642857142857146	0.9823174585798756	0.020767951458173648	0.01818650461365283
GOTERM_BP_FAT	GO:2000026~regulation of multicellular organismal development	8	33.33333333333333	0.0020699644298963005	P14780, P35968, P09917, P15692, P36544, Q16665, Q96EB6	24	1595	19104	3.9924764890282125	0.9829161820625356	0.020837641927622757	0.018247532589701236
GOTERM_MF_FAT	GO:0004601~peroxidase activity	3	12.5	0.0020708164662929756	P23219, P05164, P35354	24	51	17305	42.41421568627451	0.5470040456228553	0.042678877306853796	0.03888023377692439
GOTERM_BP_FAT	GO:0051897~positive regulation of phosphatidylinositol 3-kinase/protein kinase B signal transduction	4	16.666666666666664	0.0021081605860961412	P35968, P15692, P00533, Q96EB6	24	215	19104	14.809302325581394	0.9841533614109201	0.02111387362503431	0.01848942881377177
GOTERM_CC_FAT	GO:0005783~endoplasmic reticulum	10	41.66666666666667	0.002112633585419911	P35968, P27695, P15692, P11712, P23219, P08684, P36544, P00533, P35354	24	2281	16775	3.0642627502557356	0.34212736621589046	0.061556097079899126	0.0575145351504108
GOTERM_BP_FAT	GO:0060429~epithelium development	7	29.166666666666668	0.0021417223348752477	P35968, P08581, P15692, Q16665, P00533, P42574	24	1171	19104	4.758326216908626	0.9851662978764203	0.02134112153989904	0.018688429917007872
GOTERM_MF_FAT	GO:0016705~oxidoreductase activity, acting on paired donors, with incorporation or reduction of molecular oxygen	4	16.666666666666664	0.002175464797913022	P11712, P23219, P08684, P35354	24	197	17305	14.640439932318104	0.5647926964494839	0.042678877306853796	0.03888023377692439
GOTERM_CC_FAT	GO:0098590~plasma membrane region	8	33.33333333333333	0.0021762256543398683	P31645, Q9UNQ0, P08581, Q9HC29, P36544, P00533	24	1413	16775	3.9573012502948806	0.35037643898248194	0.061556097079899126	0.0575145351504108
GOTERM_BP_FAT	GO:1902003~regulation of amyloid-beta formation	3	12.5	0.0021998458026239757	P36544, P42574	24	58	19104	41.17241379310345	0.9867698419033286	0.021809582376519514	0.019098661286417244
GOTERM_BP_FAT	GO:0009314~response to radiation	5	20.833333333333336	0.00222618628048941	P14780, Q16665, P00533, P42574, Q96EB6	24	471	19104	8.450106157112527	0.9874383127127403	0.021959817430154332	0.019230222191765307
GOTERM_MF_FAT	GO:0016684~oxidoreductase activity, acting on peroxide as acceptor	3	12.5	0.002234496194076115	P23219, P05164, P35354	24	53	17305	40.81367924528302	0.5745179965982415	0.042678877306853796	0.03888023377692439
GOTERM_BP_FAT	GO:1904645~response to amyloid-beta	3	12.5	0.0023521105982576233	P14780, P36544	24	60	19104	39.8	0.9901962134939192	0.023085965521898573	0.020216390592024274
GOTERM_BP_FAT	GO:0050920~regulation of chemotaxis	4	16.666666666666664	0.0025217634456951997	P35968, P08581, P15692	24	229	19104	13.903930131004367	0.9929800469536959	0.024627968377610332	0.021566723199751482
GOTERM_MF_FAT	GO:0042803~protein homodimerization activity	6	25.0	0.0025264414312012877	P35869, Q9UNQ0, P15692, P36544, P35354	24	742	17305	5.830525606469002	0.6195200584510328	0.045957172700899614	0.04186674371704992
KEGG_PATHWAY	hsa04668:TNF signaling pathway	4	16.666666666666664	0.0025750472443066144	P14780, Q9HC29, P35354, P42574	23	119	9375	13.70113262696383	0.30837174985978233	0.033709709380013865	0.02832551968737276
GOTERM_BP_FAT	GO:0019752~carboxylic acid metabolic process	6	25.0	0.002594627582025424	P09917, P11712, P23219, P08684, Q16665, P35354	24	824	19104	5.796116504854369	0.9939182995526478	0.025214128433247066	0.022080023829216353
GOTERM_MF_FAT	GO:0005008~hepatocyte growth factor receptor activity	2	8.333333333333332	0.002656501485341553	P08581	24	2	17305	721.0416666666666	0.6380082459571421	0.0461265257909306	0.042021023495402744
GOTERM_BP_FAT	GO:1902991~regulation of amyloid precursor protein catabolic process	3	12.5	0.0028379676423235336	P36544, P42574	24	66	19104	36.18181818181818	0.9962338142705139	0.02742453314457336	0.024015676248355378
GOTERM_BP_FAT	GO:1902533~positive regulation of intracellular signal transduction	7	29.166666666666668	0.0028500278968379856	P35968, P15692, Q9HC29, P36544, P00533, Q96EB6	24	1239	19104	4.497175141242938	0.9963222216870302	0.02742453314457336	0.024015676248355378
GOTERM_BP_FAT	GO:1902532~negative regulation of intracellular signal transduction	6	25.0	0.002924289231378458	P14780, P36544, Q16665, P35354, Q96EB6	24	847	19104	5.638724911452185	0.9968226825225466	0.028001852493638603	0.02452123506702229
GOTERM_BP_FAT	GO:0023057~negative regulation of signaling	8	33.33333333333333	0.003024243171791981	P31645, P14780, P36544, Q16665, P00533, P35354, Q96EB6	24	1704	19104	3.737089201877934	0.9973905430814597	0.028775064796636607	0.0251983374352615
GOTERM_BP_FAT	GO:0010648~negative regulation of cell communication	8	33.33333333333333	0.0030343547696911753	P31645, P14780, P36544, Q16665, P00533, P35354, Q96EB6	24	1705	19104	3.734897360703812	0.9974420079326469	0.028775064796636607	0.0251983374352615
GOTERM_BP_FAT	GO:0030155~regulation of cell adhesion	6	25.0	0.003092348007018632	P00749, P35968, P09917, P15692, Q9HC29, P42574	24	858	19104	5.566433566433567	0.9977181787910373	0.029184034316238342	0.02555647223108187
GOTERM_BP_FAT	GO:0010605~negative regulation of macromolecule metabolic process	11	45.83333333333333	0.0031193852419285463	P00749, P35869, P35968, P27695, P15692, P36544, Q16665, P00533, P42574, Q96EB6	24	3318	19104	2.638939119951778	0.9978365431590797	0.02921626723202399	0.025584698610213574
GOTERM_BP_FAT	GO:0006629~lipid metabolic process	7	29.166666666666668	0.0031259444102325214	Q9UNQ0, P09917, P11712, P23219, P08684, P35354, Q96EB6	24	1262	19104	4.415213946117275	0.9978643206935806	0.02921626723202399	0.025584698610213574
GOTERM_BP_FAT	GO:0071363~cellular response to growth factor stimulus	5	20.833333333333336	0.003140413849188519	P35968, P15692, P00533, P42574, Q96EB6	24	518	19104	7.6833976833976845	0.9979243435277725	0.02921626723202399	0.025584698610213574
GOTERM_MF_FAT	GO:0046983~protein dimerization activity	7	29.166666666666668	0.003346548445702662	P35869, Q9UNQ0, P15692, P36544, Q16665, P35354	24	1159	17305	4.35486770204199	0.7221087345985931	0.05558180461993117	0.05063473300454462
GOTERM_BP_FAT	GO:0007267~cell-cell signaling	6	25.0	0.003349255887302367	P08581, P36544, Q16665, P35354	24	874	19104	5.464530892448512	0.9986245561780998	0.031012213711200692	0.02715740976543759
GOTERM_BP_FAT	GO:2001234~negative regulation of apoptotic signaling pathway	4	16.666666666666664	0.003378770855881638	P14780, Q16665, P35354, Q96EB6	24	254	19104	12.535433070866143	0.9987022741336808	0.031138625305613402	0.027268108456622232
GOTERM_BP_FAT	GO:0009056~catabolic process	9	37.5	0.0035710680671288447	P14780, P27695, P11712, Q9HC29, P08684, P05164, P00533, P42574, Q96EB6	24	2257	19104	3.174124944616748	0.9991116373948478	0.03263091694422232	0.028574908928740792
GOTERM_BP_FAT	GO:0003013~circulatory system process	5	20.833333333333336	0.0035739414890513495	P31645, Q9UNQ0, P15692, P23219, P35354	24	537	19104	7.411545623836127	0.9991166545344838	0.03263091694422232	0.028574908928740792
GOTERM_BP_FAT	GO:0010629~negative regulation of gene expression	8	33.33333333333333	0.003632436217751999	P00749, P35968, P15692, P36544, Q16665, P42574, Q96EB6	24	1760	19104	3.6181818181818177	0.9992128512234655	0.03301144581225544	0.02890813823294299
GOTERM_BP_FAT	GO:0008406~gonad development	4	16.666666666666664	0.0037658596215289514	P35968, P15692, P42574, Q96EB6	24	264	19104	12.060606060606059	0.9993948957417896	0.034066278511803376	0.029831855711558834
GOTERM_BP_FAT	GO:0010628~positive regulation of gene expression	7	29.166666666666668	0.003882420461562641	P31645, P27695, P15692, Q9HC29, Q16665, P35354, Q96EB6	24	1318	19104	4.227617602427921	0.9995191302338906	0.03495959342223608	0.030614131988193485
GOTERM_BP_FAT	GO:0042058~regulation of epidermal growth factor receptor signaling pathway	3	12.5	0.00393848033485974	P00749, P14780, P00533	24	78	19104	30.615384615384613	0.9995694503498064	0.03530245158598023	0.030914373039378506
GOTERM_BP_FAT	GO:0045137~development of primary sexual characteristics	4	16.666666666666664	0.003969184499620002	P35968, P15692, P42574, Q96EB6	24	269	19104	11.836431226765798	0.9995947434615843	0.035414316841345723	0.03101233349479027
GOTERM_MF_FAT	GO:0004666~prostaglandin-endoperoxide synthase activity	2	8.333333333333332	0.003982219595968173	P23219, P35354	24	3	17305	480.6944444444444	0.7822145429651118	0.06338366190249341	0.057742184141538505
GOTERM_BP_FAT	GO:0009966~regulation of signal transduction	11	45.83333333333333	0.0039870422933965385	P00749, P14780, P35968, P15692, Q9HC29, P36544, Q16665, P00533, P35354, Q96EB6	24	3427	19104	2.555004377006128	0.9996087653502093	0.035414316841345723	0.03101233349479027
GOTERM_BP_FAT	GO:0098869~cellular oxidant detoxification	3	12.5	0.004037829040976564	P23219, P05164, P35354	24	79	19104	30.227848101265824	0.9996460482863765	0.03570386670016664	0.031265892438913125
KEGG_PATHWAY	hsa05219:Bladder cancer	3	12.5	0.004078439382080435	P14780, P15692, P00533	23	41	9375	29.825026511134677	0.4425650045226013	0.048941272584965216	0.041124263769311054
GOTERM_BP_FAT	GO:0070848~response to growth factor	5	20.833333333333336	0.0041252539790093065	P35968, P15692, P00533, P42574, Q96EB6	24	559	19104	7.119856887298748	0.9997021010783373	0.03631333435334201	0.03179960354222869
GOTERM_BP_FAT	GO:0001568~blood vessel development	5	20.833333333333336	0.004178083671598644	P35869, P35968, P15692, Q16665, Q96EB6	24	561	19104	7.094474153297683	0.9997315769821439	0.036460512267153966	0.03192848730883223
GOTERM_BP_FAT	GO:0043523~regulation of neuron apoptotic process	4	16.666666666666664	0.004179121375501601	P35968, Q16665, P42574, Q96EB6	24	274	19104	11.620437956204379	0.9997321257755648	0.036460512267153966	0.03192848730883223
GOTERM_BP_FAT	GO:1902893~regulation of miRNA transcription	3	12.5	0.00424001165962907	P15692, Q16665, P00533	24	81	19104	29.48148148148148	0.999762439222373	0.036828065875450726	0.03225035417213439
GOTERM_BP_FAT	GO:0090049~regulation of cell migration involved in sprouting angiogenesis	3	12.5	0.004342840188960675	P35968, P15692, P35354	24	82	19104	29.121951219512198	0.9998060504927023	0.03746812833559447	0.03281085716193933
GOTERM_BP_FAT	GO:0048511~rhythmic process	4	16.666666666666664	0.004351876342595792	P31645, P35869, P42574, Q96EB6	24	278	19104	11.453237410071942	0.9998094769169068	0.03746812833559447	0.03281085716193933
GOTERM_BP_FAT	GO:1901184~regulation of ERBB signaling pathway	3	12.5	0.004551958263576834	P00749, P14780, P00533	24	84	19104	28.42857142857143	0.9998716122204807	0.03901962476594465	0.03416950329733003
GOTERM_CC_FAT	GO:0098794~postsynapse	6	25.0	0.004633039242187336	P31645, P08581, P36544, P42574	24	828	16775	5.064915458937198	0.6012710421871605	0.10853321480994892	0.10140729666586137
GOTERM_BP_FAT	GO:0080135~regulation of cellular response to stress	5	20.833333333333336	0.004674492911453119	P09917, Q9HC29, P00533, P35354, Q96EB6	24	579	19104	6.8739205526770295	0.9998991855389994	0.03989578080514119	0.03493675354255614
KEGG_PATHWAY	hsa04010:MAPK signaling pathway	5	20.833333333333336	0.004764999671553109	P35968, P08581, P15692, P00533, P42574	23	300	9375	6.7934782608695645	0.49491247705986163	0.05278153482335751	0.044351150789071245
GOTERM_BP_FAT	GO:0010558~negative regulation of macromolecule biosynthetic process	10	41.66666666666667	0.004918137563984841	P00749, P35869, P35968, P27695, P15692, P36544, Q16665, P42574, Q96EB6	24	2932	19104	2.7148703956343794	0.9999376690854858	0.04179352397446858	0.03659860810601707
GOTERM_CC_FAT	GO:0030054~cell junction	10	41.66666666666667	0.004933327945906769	P31645, P00749, P35968, P08581, P15692, P36544, P00533, P42574	24	2576	16775	2.7133475672877845	0.6243946627498655	0.10853321480994892	0.10140729666586137
GOTERM_BP_FAT	GO:0001944~vasculature development	5	20.833333333333336	0.004966900549791797	P35869, P35968, P15692, Q16665, Q96EB6	24	589	19104	6.7572156196943975	0.9999433885466914	0.0420259731863849	0.03680216398746594
GOTERM_MF_FAT	GO:0016209~antioxidant activity	3	12.5	0.0050137411819411275	P23219, P05164, P35354	24	80	17305	27.0390625	0.8534027901437242	0.0750736396460791	0.0683916926618731
GOTERM_BP_FAT	GO:0051054~positive regulation of DNA metabolic process	4	16.666666666666664	0.005086296246181222	P15692, P00533, P42574, Q96EB6	24	294	19104	10.829931972789115	0.9999552749604207	0.04285150013413622	0.03752507831410094
GOTERM_BP_FAT	GO:0007399~nervous system development	9	37.5	0.005171723484174103	P31645, P08581, P15692, P36544, Q16665, P00533, P42574	24	2395	19104	2.991231732776618	0.9999622158598545	0.04338501367279387	0.037992276364509754
GOTERM_MF_FAT	GO:0033695~oxidoreductase activity, acting on CH or CH2 groups, quinone or similar compound as acceptor	2	8.333333333333332	0.005306252016869465	P11712, P08684	24	4	17305	360.5208333333333	0.8689773704373664	0.0750736396460791	0.0683916926618731
GOTERM_MF_FAT	GO:0034875~caffeine oxidase activity	2	8.333333333333332	0.005306252016869465	P11712, P08684	24	4	17305	360.5208333333333	0.8689773704373664	0.0750736396460791	0.0683916926618731
KEGG_PATHWAY	hsa04518:Integrin signaling	4	16.666666666666664	0.005323038988150798	P35968, P08581, P15692, P00533	23	154	9375	10.587238848108413	0.5338406393855334	0.05475125816383678	0.04600626554044618
GOTERM_BP_FAT	GO:0045446~endothelial cell differentiation	3	12.5	0.00543418568346705	P35968, P08581	24	92	19104	25.956521739130437	0.9999774966190671	0.045392793602748165	0.03975049016970152
GOTERM_BP_FAT	GO:0051896~regulation of phosphatidylinositol 3-kinase/protein kinase B signal transduction	4	16.666666666666664	0.005735156313350948	P35968, P15692, P00533, Q96EB6	24	307	19104	10.371335504885993	0.9999875808508665	0.047703863741982676	0.04177429535021305
GOTERM_BP_FAT	GO:0071396~cellular response to lipid	5	20.833333333333336	0.005817880795453402	P31645, P35869, P14780, Q9HC29, P00533	24	616	19104	6.461038961038962	0.9999894531766057	0.04818776371930392	0.042198046782212645
GOTERM_BP_FAT	GO:0048646~anatomical structure formation involved in morphogenesis	6	25.0	0.005871351049492006	P14780, P35968, P15692, Q16665, P42574, Q96EB6	24	997	19104	4.79037111334002	0.999990510444702	0.04842631138719667	0.04240694308435613
GOTERM_BP_FAT	GO:2000628~regulation of miRNA metabolic process	3	12.5	0.005902455106433166	P15692, Q16665, P00533	24	96	19104	24.875	0.9999910760235936	0.04847916056036947	0.042453223129533944
GOTERM_BP_FAT	GO:0072359~circulatory system development	6	25.0	0.005946093812630602	P35869, P35968, P15692, Q16665, P42574, Q96EB6	24	1000	19104	4.776	0.9999918131890435	0.04856990597584335	0.042532688931469546
GOTERM_BP_FAT	GO:0050893~sensory processing	2	8.333333333333332	0.006005831825214233	P36544	24	5	19104	318.40000000000003	0.9999927246375364	0.04856990597584335	0.042532688931469546
GOTERM_BP_FAT	GO:0060084~synaptic transmission involved in micturition	2	8.333333333333332	0.006005831825214233	P36544	24	5	19104	318.40000000000003	0.9999927246375364	0.04856990597584335	0.042532688931469546
GOTERM_BP_FAT	GO:0009890~negative regulation of biosynthetic process	10	41.66666666666667	0.006012474351568993	P00749, P35869, P35968, P27695, P15692, P36544, Q16665, P42574, Q96EB6	24	3020	19104	2.635761589403973	0.9999928195012506	0.04856990597584335	0.042532688931469546
GOTERM_BP_FAT	GO:2000106~regulation of leukocyte apoptotic process	3	12.5	0.006143304882564708	Q9HC29, Q16665, Q96EB6	24	98	19104	24.36734693877551	0.9999944552784104	0.04942339132981362	0.04328008644724891
GOTERM_CC_FAT	GO:0005635~nuclear envelope	5	20.833333333333336	0.006163475856188212	P35968, P09917, P00533, P35354, Q96EB6	24	550	16775	6.354166666666667	0.7059909117290315	0.11924622779101962	0.11141693000676076
GOTERM_BP_FAT	GO:0034765~regulation of monoatomic ion transmembrane transport	4	16.666666666666664	0.006376540484374393	P14780, P36544, Q9HC97	24	319	19104	9.981191222570532	0.9999965030676582	0.05109040396255891	0.04473989017403911
GOTERM_BP_FAT	GO:0007548~sex differentiation	4	16.666666666666664	0.006769799573880031	P35968, P15692, P42574, Q96EB6	24	326	19104	9.76687116564417	0.9999983929265414	0.054020799038725614	0.04730603848577144
GOTERM_BP_FAT	GO:0036324~vascular endothelial growth factor receptor-2 signaling pathway	2	8.333333333333332	0.007202850824148128	P35968, P15692	24	6	19104	265.3333333333333	0.9999993175606595	0.057243709181387756	0.05012834237534669
GOTERM_MF_FAT	GO:0044877~protein-containing complex binding	7	29.166666666666668	0.00723749336075398	P31645, P14780, P35968, Q9HC29, P05164, P00533, P42574	24	1356	17305	3.7221914945919377	0.9376365449154986	0.09874008799314359	0.08995170319794232
GOTERM_BP_FAT	GO:2000177~regulation of neural precursor cell proliferation	3	12.5	0.007281881273969435	P31645, P15692, Q16665	24	107	19104	22.317757009345797	0.999999416335979	0.05763843927742742	0.05047400770142524
GOTERM_MF_FAT	GO:0051213~dioxygenase activity	3	12.5	0.007579864835898429	P09917, P23219, P35354	24	99	17305	21.849747474747474	0.9453353438745328	0.09984511611424828	0.09095837803078115
GOTERM_BP_FAT	GO:0048608~reproductive structure development	4	16.666666666666664	0.007599229005536511	P35968, P15692, P42574, Q96EB6	24	340	19104	9.364705882352942	0.9999996885053027	0.059908781276579004	0.052462147230993024
GOTERM_CC_FAT	GO:0005789~endoplasmic reticulum membrane	7	29.166666666666668	0.007712602773578881	P11712, P23219, P08684, P36544, P00533, P35354	24	1332	16775	3.6732044544544546	0.7841161494126401	0.11924622779101962	0.11141693000676076
GOTERM_BP_FAT	GO:0032496~response to lipopolysaccharide	4	16.666666666666664	0.007784485274280143	P14780, Q9HC29, P05164, P42574	24	343	19104	9.282798833819243	0.9999997841208679	0.061123778373647686	0.05352612074595026
GOTERM_CC_FAT	GO:0098827~endoplasmic reticulum subcompartment	7	29.166666666666668	0.007880864851755966	P11712, P23219, P08684, P36544, P00533, P35354	24	1338	16775	3.6567326856003985	0.7912446804165361	0.11924622779101962	0.11141693000676076
GOTERM_BP_FAT	GO:0061458~reproductive system development	4	16.666666666666664	0.007909475801720387	P35968, P15692, P42574, Q96EB6	24	345	19104	9.228985507246378	0.9999998314393276	0.061572527801891645	0.05391909082600701
GOTERM_BP_FAT	GO:0009896~positive regulation of catabolic process	5	20.833333333333336	0.007926157458223282	P35968, Q9HC29, Q16665, P42574, Q96EB6	24	673	19104	5.913818722139673	0.9999998369150053	0.061572527801891645	0.05391909082600701
GOTERM_BP_FAT	GO:0003158~endothelium development	3	12.5	0.007952653558686955	P35968, P08581	24	112	19104	21.321428571428573	0.9999998452491037	0.061572527801891645	0.05391909082600701
GOTERM_BP_FAT	GO:0051248~negative regulation of protein metabolic process	5	20.833333333333336	0.007967102425715985	P00749, P36544, P00533, Q96EB6	24	674	19104	5.905044510385757	0.9999998496130807	0.061572527801891645	0.05391909082600701
GOTERM_BP_FAT	GO:0071214~cellular response to abiotic stimulus	4	16.666666666666664	0.008099198165311905	P14780, P35354, P42574, Q96EB6	24	348	19104	9.149425287356323	0.9999998842220149	0.06210439843166902	0.05438485018035611
GOTERM_BP_FAT	GO:0104004~cellular response to environmental stimulus	4	16.666666666666664	0.008099198165311905	P14780, P35354, P42574, Q96EB6	24	348	19104	9.149425287356323	0.9999998842220149	0.06210439843166902	0.05438485018035611
GOTERM_BP_FAT	GO:0030099~myeloid cell differentiation	4	16.666666666666664	0.008163036762411957	P14780, P15692, P42574, Q96EB6	24	349	19104	9.12320916905444	0.9999998979699272	0.06235035472612713	0.05460023422017959
GOTERM_BP_FAT	GO:0043124~negative regulation of canonical NF-kappaB signal transduction	3	12.5	0.008228512347315338	P36544, Q96EB6	24	114	19104	20.947368421052634	0.9999999103770957	0.06260685944875972	0.05482485552339173
GOTERM_BP_FAT	GO:0016098~monoterpenoid metabolic process	2	8.333333333333332	0.008398490913890985	P11712, P08684	24	7	19104	227.42857142857142	0.9999999359941566	0.06365342727400775	0.05574133544779384
GOTERM_CC_FAT	GO:0009925~basal plasma membrane	4	16.666666666666664	0.008416739447712516	P08581, Q9HC29, P00533	24	310	16775	9.018817204301074	0.8124232759495866	0.11924622779101962	0.11141693000676076
GOTERM_CC_FAT	GO:0042175~nuclear outer membrane-endoplasmic reticulum membrane network	7	29.166666666666668	0.008431551459971084	P11712, P23219, P08684, P36544, P00533, P35354	24	1357	16775	3.6055330385654636	0.8129772509418535	0.11924622779101962	0.11141693000676076
GOTERM_BP_FAT	GO:0048872~homeostasis of number of cells	4	16.666666666666664	0.008552369188621983	P15692, Q9HC29, Q16665, P42574	24	355	19104	8.969014084507043	0.9999999528103714	0.06457038737409597	0.05654431782785072
KEGG_PATHWAY	hsa04370:VEGF signaling pathway	3	12.5	0.008569662830127701	P35968, P15692, P35354	23	60	9375	20.380434782608695	0.707924478520026	0.07753531569803612	0.06515120277404424
GOTERM_BP_FAT	GO:0032355~response to estradiol	3	12.5	0.008650325825538072	P31645, P00533, P42574	24	117	19104	20.410256410256412	0.9999999611340651	0.06505973025107753	0.05697283560957834
GOTERM_MF_FAT	GO:0004888~transmembrane signaling receptor activity	7	29.166666666666668	0.008698874777555692	P35968, P08581, P36544, P00533, Q9HC97	24	1409	17305	3.5821800331204163	0.9644746084492625	0.11076567216754248	0.10090694741964602
GOTERM_BP_FAT	GO:0001525~angiogenesis	4	16.666666666666664	0.009363662974877703	P35968, P15692, Q16665, Q96EB6	24	367	19104	8.675749318801088	0.9999999905464484	0.0701559939682631	0.06143563608326249
GOTERM_BP_FAT	GO:0009790~embryo development	6	25.0	0.009493128449301062	P14780, P35968, P15692, Q16665, P00533, P42574	24	1119	19104	4.2680965147453085	0.9999999926866596	0.07085555568812922	0.06204824260208565
GOTERM_BP_FAT	GO:0031077~post-embryonic camera-type eye development	2	8.333333333333332	0.009592753609718875	P35968, P15692	24	8	19104	199.0	0.9999999939976496	0.07132793687832634	0.0624619070269195
GOTERM_BP_FAT	GO:0009968~negative regulation of signal transduction	7	29.166666666666668	0.009748093477320821	P14780, P36544, Q16665, P00533, P35354, Q96EB6	24	1593	19104	3.497802887633396	0.9999999955890747	0.07220946224898404	0.06323385919816789
GOTERM_BP_FAT	GO:0051707~response to other organism	7	29.166666666666668	0.009952693193560066	P35869, P14780, Q9HC29, P05164, Q16665, P35354, P42574	24	1600	19104	3.4825	0.9999999970604602	0.07344788247728726	0.06431834435988629
GOTERM_CC_FAT	GO:0045178~basal part of cell	4	16.666666666666664	0.009979829003478132	P08581, Q9HC29, P00533	24	330	16775	8.472222222222221	0.8627474117416879	0.12403634901271283	0.11589254831995897
GOTERM_BP_FAT	GO:0043207~response to external biotic stimulus	7	29.166666666666668	0.010041330631633958	P35869, P14780, Q9HC29, P05164, Q16665, P35354, P42574	24	1603	19104	3.475982532751092	0.9999999975344591	0.07382446453145117	0.06464811743737368
GOTERM_CC_FAT	GO:0031967~organelle envelope	7	29.166666666666668	0.01008297668640991	P35968, Q9UNQ0, P09917, P00533, P35354, Q9HC97, Q96EB6	24	1409	16775	3.472468653891649	0.8655499509949276	0.12403634901271283	0.11589254831995897
KEGG_PATHWAY	hsa05167:Kaposi sarcoma-associated herpesvirus infection	4	16.666666666666664	0.01034057186965607	P15692, Q16665, P35354, P42574	23	196	9375	8.318544809228039	0.7738145871249659	0.07753531569803612	0.06515120277404424
GOTERM_CC_FAT	GO:0031983~vesicle lumen	4	16.666666666666664	0.010649585521293527	P09917, P15692, P05164, P00533	24	338	16775	8.271696252465482	0.8799595181409589	0.12403634901271283	0.11589254831995897
GOTERM_BP_FAT	GO:0050878~regulation of body fluid levels	4	16.666666666666664	0.010738302756624442	P31645, P00749, P15692, Q16665	24	386	19104	8.248704663212434	0.9999999993817198	0.07812624412736527	0.06841518780180382
GOTERM_BP_FAT	GO:0043010~camera-type eye development	4	16.666666666666664	0.010738302756624442	P35968, P15692, Q16665, P00533	24	386	19104	8.248704663212434	0.9999999993817198	0.07812624412736527	0.06841518780180382
GOTERM_BP_FAT	GO:0048012~hepatocyte growth factor receptor signaling pathway	2	8.333333333333332	0.010785640427160462	P08581	24	9	19104	176.88888888888889	0.9999999994371804	0.07812624412736527	0.06841518780180382
GOTERM_BP_FAT	GO:0061042~vascular wound healing	2	8.333333333333332	0.010785640427160462	P35968, P15692	24	9	19104	176.88888888888889	0.9999999994371804	0.07812624412736527	0.06841518780180382
KEGG_PATHWAY	hsa05202:Transcriptional misregulation in cancer	4	16.666666666666664	0.011072395197044307	P00749, P14780, P08581, P05164	23	201	9375	8.111615833874108	0.7965191767011789	0.07753531569803612	0.06515120277404424
GOTERM_MF_FAT	GO:0043169~cation binding	13	54.166666666666664	0.011098652872051215	P31645, P35968, P14780, P27695, P09917, P23219, P11712, P08684, P36544, P05164, P35354, Q96EB6	24	4791	17305	1.956489598552842	0.9859254677618907	0.13676404506850207	0.12459132901528461
GOTERM_BP_FAT	GO:0090287~regulation of cellular response to growth factor stimulus	4	16.666666666666664	0.011195606112515525	P35968, P15692, Q16665, Q96EB6	24	392	19104	8.122448979591836	0.9999999997506547	0.08079770146642638	0.07075458421843452
KEGG_PATHWAY	hsa04510:Focal adhesion	4	16.666666666666664	0.011373396251868746	P35968, P08581, P15692, P00533	23	203	9375	8.031698436496038	0.8051870118818871	0.07753531569803612	0.06515120277404424
GOTERM_BP_FAT	GO:0009607~response to biotic stimulus	7	29.166666666666668	0.01140840547310768	P35869, P14780, Q9HC29, P05164, Q16665, P35354, P42574	24	1647	19104	3.383120825743777	0.9999999998366127	0.08203186792567903	0.07183534435264506
KEGG_PATHWAY	hsa05211:Renal cell carcinoma	3	12.5	0.01152827821469645	P08581, P15692, Q16665	23	70	9375	17.46894409937888	0.8095032012221051	0.07753531569803612	0.06515120277404424
KEGG_PATHWAY	hsa05204:Chemical carcinogenesis - DNA adducts	3	12.5	0.01152827821469645	P11712, P08684, P35354	23	70	9375	17.46894409937888	0.8095032012221051	0.07753531569803612	0.06515120277404424
GOTERM_BP_FAT	GO:0001952~regulation of cell-matrix adhesion	3	12.5	0.011541228459533722	P00749, P35968, P15692	24	136	19104	17.558823529411764	0.9999999998745094	0.08251576073240155	0.07225908950534808
GOTERM_BP_FAT	GO:0006357~regulation of transcription by RNA polymerase II	9	37.5	0.011559772899343061	P35869, P27695, P08581, P15692, Q9HC29, Q16665, P00533, Q96EB6	24	2736	19104	2.6184210526315788	0.9999999998790492	0.08251576073240155	0.07225908950534808
GOTERM_BP_FAT	GO:0019725~cellular homeostasis	5	20.833333333333336	0.011662740238662312	P27695, P36544, Q16665, Q96EB6	24	753	19104	5.285524568393094	0.9999999999014286	0.08293985444014829	0.07263046855966118
GOTERM_BP_FAT	GO:0003014~renal system process	3	12.5	0.011703688069241505	Q9UNQ0, P36544	24	137	19104	17.43065693430657	0.999999999909132	0.08293985444014829	0.07263046855966118
KEGG_PATHWAY	hsa05120:Epithelial cell signaling in Helicobacter pylori infection	3	12.5	0.011845673231644408	P08581, P00533, P42574	23	71	9375	17.222902633190447	0.818053773022671	0.07753531569803612	0.06515120277404424
KEGG_PATHWAY	hsa05230:Central carbon metabolism in cancer	3	12.5	0.011845673231644408	P08581, Q16665, P00533	23	71	9375	17.222902633190447	0.818053773022671	0.07753531569803612	0.06515120277404424
GOTERM_BP_FAT	GO:0007613~memory	3	12.5	0.011867161039221244	P31645, P36544	24	138	19104	17.304347826086957	0.9999999999343381	0.08366957687507451	0.07326948683049062
GOTERM_MF_FAT	GO:0101021~estrogen 2-hydroxylase activity	2	8.333333333333332	0.011901200311027519	P11712, P08684	24	9	17305	160.23148148148147	0.9896785194142427	0.142070578712891	0.12942555338242426
GOTERM_BP_FAT	GO:2000109~regulation of macrophage apoptotic process	2	8.333333333333332	0.011977152879213417	Q9HC29, Q96EB6	24	10	19104	159.20000000000002	0.9999999999472329	0.08366957687507451	0.07326948683049062
GOTERM_BP_FAT	GO:0060073~micturition	2	8.333333333333332	0.011977152879213417	P36544	24	10	19104	159.20000000000002	0.9999999999472329	0.08366957687507451	0.07326948683049062
GOTERM_BP_FAT	GO:0010749~regulation of nitric oxide mediated signal transduction	2	8.333333333333332	0.011977152879213417	P35968, P15692	24	10	19104	159.20000000000002	0.9999999999472329	0.08366957687507451	0.07326948683049062
GOTERM_BP_FAT	GO:0050864~regulation of B cell activation	3	12.5	0.012531137528310613	P35869, Q9HC29, P42574	24	142	19104	16.816901408450704	0.9999999999824621	0.08722915946125437	0.07638661493321257
GOTERM_BP_FAT	GO:0009617~response to bacterium	5	20.833333333333336	0.012637602373418386	P35869, P14780, Q9HC29, P05164, P42574	24	771	19104	5.1621271076524	0.9999999999858091	0.08765941151597277	0.07676338685479224
KEGG_PATHWAY	hsa04015:Rap1 signaling pathway	4	16.666666666666664	0.012786875603242716	P35968, P08581, P15692, P00533	23	212	9375	7.690730106644791	0.8412324956014416	0.08005696029856309	0.06727008469532038
GOTERM_MF_FAT	GO:0008047~enzyme activator activity	5	20.833333333333336	0.012853837610424561	P15692, Q9HC29, P00533, P42574, Q96EB6	24	702	17305	5.135624406457739	0.9928596698221808	0.14879290809642978	0.13554956025538628
GOTERM_BP_FAT	GO:0006805~xenobiotic metabolic process	3	12.5	0.013039640392332111	P35869, P11712, P08684	24	145	19104	16.46896551724138	0.9999999999936228	0.09012962707798568	0.07892655575499613
GOTERM_BP_FAT	GO:0019371~cyclooxygenase pathway	2	8.333333333333332	0.013167292477563682	P23219, P35354	24	11	19104	144.72727272727272	0.9999999999950534	0.09036046225984772	0.07912869822958646
GOTERM_BP_FAT	GO:0019372~lipoxygenase pathway	2	8.333333333333332	0.013167292477563682	P09917, P35354	24	11	19104	144.72727272727272	0.9999999999950534	0.09036046225984772	0.07912869822958646
GOTERM_BP_FAT	GO:0007623~circadian rhythm	3	12.5	0.01321113228149582	P31645, P35869, Q96EB6	24	146	19104	16.356164383561644	0.9999999999954667	0.09036046225984772	0.07912869822958646
GOTERM_BP_FAT	GO:2001233~regulation of apoptotic signaling pathway	4	16.666666666666664	0.013393258704350186	P14780, Q16665, P35354, Q96EB6	24	419	19104	7.599045346062052	0.9999999999968452	0.09128807929388685	0.07994101289159017
GOTERM_BP_FAT	GO:0048593~camera-type eye morphogenesis	3	12.5	0.013557087929257047	P35968, P15692, Q16665	24	148	19104	16.135135135135137	0.9999999999977233	0.09208499517346569	0.08063887249270887
GOTERM_BP_FAT	GO:0035148~tube formation	3	12.5	0.014083414880741964	P15692, Q16665, P42574	24	151	19104	15.81456953642384	0.9999999999992019	0.09533014969274647	0.08348065579308772
GOTERM_BP_FAT	GO:0045596~negative regulation of cell differentiation	5	20.833333333333336	0.014136967244871552	P31645, P14780, P15692, P00533, Q96EB6	24	797	19104	4.993726474278545	0.9999999999992826	0.09536380309856651	0.08351012609599381
GOTERM_BP_FAT	GO:0070989~oxidative demethylation	2	8.333333333333332	0.014356060731512953	P11712, P08684	24	12	19104	132.66666666666666	0.9999999999995364	0.0965100932053422	0.08451393286805056
GOTERM_BP_FAT	GO:0030595~leukocyte chemotaxis	3	12.5	0.01443920044090388	P09917, P15692, Q9HC97	24	153	19104	15.607843137254902	0.9999999999996071	0.09673771489929801	0.08471326128980809
GOTERM_MF_FAT	GO:0042166~acetylcholine binding	2	8.333333333333332	0.014527451234364898	P36544	24	11	17305	131.09848484848484	0.9962656855398556	0.16322018739786442	0.14869273616349954
GOTERM_BP_FAT	GO:0022414~reproductive process	7	29.166666666666668	0.014812248742093836	P31645, P14780, P35968, P15692, P35354, P42574, Q96EB6	24	1742	19104	3.198622273249139	0.9999999999998133	0.09889947034261973	0.08660631152265069
GOTERM_BP_FAT	GO:0001101~response to acid chemical	3	12.5	0.01498018225962957	P15692, P00533, P42574	24	156	19104	15.307692307692307	0.9999999999998663	0.09965607995859879	0.08726887491025538
GOTERM_BP_FAT	GO:0098916~anterograde trans-synaptic signaling	4	16.666666666666664	0.015078510998061238	P08581, P36544	24	438	19104	7.269406392694064	0.9999999999998902	0.09965607995859879	0.08726887491025538
GOTERM_BP_FAT	GO:0007268~chemical synaptic transmission	4	16.666666666666664	0.015078510998061238	P08581, P36544	24	438	19104	7.269406392694064	0.9999999999998902	0.09965607995859879	0.08726887491025538
GOTERM_BP_FAT	GO:0044419~biological process involved in interspecies interaction between organisms	7	29.166666666666668	0.015128635673796454	P35869, P14780, Q9HC29, P05164, Q16665, P35354, P42574	24	1750	19104	3.184	0.9999999999999006	0.09965607995859879	0.08726887491025538
GOTERM_BP_FAT	GO:0001654~eye development	4	16.666666666666664	0.01526263773029643	P35968, P15692, Q16665, P00533	24	440	19104	7.236363636363635	0.999999999999924	0.10020253466412003	0.08774740554641995
KEGG_PATHWAY	hsa05163:Human cytomegalovirus infection	4	16.666666666666664	0.015359630794270517	P15692, P00533, P35354, P42574	23	227	9375	7.182532081976633	0.8906793639082179	0.0921577847656231	0.07743813858778052
GOTERM_BP_FAT	GO:0140059~dendrite arborization	2	8.333333333333332	0.01554345914988545	P36544	24	13	19104	122.46153846153845	0.9999999999999566	0.10170603437075046	0.08906402092884363
GOTERM_BP_FAT	GO:0150063~visual system development	4	16.666666666666664	0.015634754490214113	P35968, P15692, Q16665, P00533	24	444	19104	7.171171171171171	0.9999999999999638	0.10196353177505085	0.08928951152384737
GOTERM_BP_FAT	GO:0008015~blood circulation	4	16.666666666666664	0.015822746973273072	P31645, P15692, P23219, P35354	24	446	19104	7.139013452914798	0.9999999999999751	0.10284785532627497	0.0900639140631007
GOTERM_MF_FAT	GO:0015643~toxic substance binding	2	8.333333333333332	0.01583807160096105	P36544	24	12	17305	120.1736111111111	0.9977539150967957	0.17286123861620348	0.15747568334669845
GOTERM_BP_FAT	GO:0048880~sensory system development	4	16.666666666666664	0.01629837879481547	P35968, P15692, Q16665, P00533	24	451	19104	7.059866962305986	0.9999999999999903	0.10558982697763289	0.09246505989533924
GOTERM_BP_FAT	GO:0034762~regulation of transmembrane transport	4	16.666666666666664	0.01649089475061202	P14780, P36544, Q9HC97	24	453	19104	7.02869757174393	0.9999999999999934	0.10648561314293221	0.09324950025099363
GOTERM_BP_FAT	GO:0001890~placenta development	3	12.5	0.016845979015380486	Q16665, P00533, P35354	24	166	19104	14.385542168674698	0.9999999999999968	0.10842182559735047	0.09494504238504609
GOTERM_BP_FAT	GO:0033554~cellular response to stress	7	29.166666666666668	0.017042108145639452	P27695, P15692, P05164, Q16665, P35354, P42574, Q96EB6	24	1796	19104	3.102449888641426	0.9999999999999978	0.10932568068591583	0.09573654870050398
GOTERM_BP_FAT	GO:0048514~blood vessel morphogenesis	4	16.666666666666664	0.017373256197331703	P35968, P15692, Q16665, Q96EB6	24	462	19104	6.891774891774891	0.9999999999999989	0.11108697692300369	0.0972789166228443
GOTERM_MF_FAT	GO:0019903~protein phosphatase binding	3	12.5	0.01739774949777713	P08581, P00533	24	153	17305	14.138071895424837	0.9987745313273113	0.18460945300419065	0.1681782451451789
KEGG_PATHWAY	hsa04014:Ras signaling pathway	4	16.666666666666664	0.01742093385689243	P35968, P08581, P15692, P00533	23	238	9375	6.850566313481915	0.9189872197904353	0.1003445790157004	0.08431731986735937
GOTERM_CC_FAT	GO:0009897~external side of plasma membrane	4	16.666666666666664	0.017856785510025903	P00749, P35968, Q9UNQ0, P36544	24	410	16775	6.81910569105691	0.9717762666931549	0.19642464061028495	0.18352807329748846
GOTERM_BP_FAT	GO:1901299~negative regulation of hydrogen peroxide-mediated programmed cell death	2	8.333333333333332	0.017914152505542416	P08581	24	15	19104	106.13333333333333	0.9999999999999997	0.11298463050640747	0.09894069273587083
GOTERM_BP_FAT	GO:0007614~short-term memory	2	8.333333333333332	0.017914152505542416	P36544	24	15	19104	106.13333333333333	0.9999999999999997	0.11298463050640747	0.09894069273587083
GOTERM_BP_FAT	GO:0031392~regulation of prostaglandin biosynthetic process	2	8.333333333333332	0.017914152505542416	P35354, Q96EB6	24	15	19104	106.13333333333333	0.9999999999999997	0.11298463050640747	0.09894069273587083
GOTERM_BP_FAT	GO:0099537~trans-synaptic signaling	4	16.666666666666664	0.017976110424255076	P08581, P36544	24	468	19104	6.803418803418803	0.9999999999999997	0.11298463050640747	0.09894069273587083
GOTERM_BP_FAT	GO:0062013~positive regulation of small molecule metabolic process	3	12.5	0.01801091197437572	Q16665, P35354, Q96EB6	24	172	19104	13.883720930232558	0.9999999999999997	0.11298463050640747	0.09894069273587083
GOTERM_BP_FAT	GO:0002682~regulation of immune system process	7	29.166666666666668	0.018015379189253968	P35869, P15692, Q9HC29, Q16665, P00533, P42574, Q96EB6	24	1818	19104	3.064906490649065	0.9999999999999997	0.11298463050640747	0.09894069273587083
GOTERM_BP_FAT	GO:0098771~inorganic ion homeostasis	4	16.666666666666664	0.018694254143342817	P35968, P36544, Q16665	24	475	19104	6.703157894736841	0.9999999999999999	0.11686885631650303	0.1023421110586188
GOTERM_BP_FAT	GO:0002573~myeloid leukocyte differentiation	3	12.5	0.01900728193676713	P14780, P15692, Q96EB6	24	177	19104	13.491525423728813	1.0	0.11788772086833724	0.10323433121379098
GOTERM_BP_FAT	GO:0001886~endothelial cell morphogenesis	2	8.333333333333332	0.019097450451416833	P08581	24	16	19104	99.5	1.0	0.11788772086833724	0.10323433121379098
GOTERM_BP_FAT	GO:0070141~response to UV-A	2	8.333333333333332	0.019097450451416833	P14780, P00533	24	16	19104	99.5	1.0	0.11788772086833724	0.10323433121379098
GOTERM_BP_FAT	GO:0090394~negative regulation of excitatory postsynaptic potential	2	8.333333333333332	0.019097450451416833	P36544	24	16	19104	99.5	1.0	0.11788772086833724	0.10323433121379098
GOTERM_BP_FAT	GO:0051051~negative regulation of transport	4	16.666666666666664	0.019322528776833187	P14780, P36544, Q9HC97	24	481	19104	6.619542619542619	1.0	0.11890320999662553	0.10412359550901645
GOTERM_BP_FAT	GO:0048592~eye morphogenesis	3	12.5	0.019412274230415884	P35968, P15692, Q16665	24	179	19104	13.34078212290503	1.0	0.11908216973220745	0.10428031063151533
GOTERM_MF_FAT	GO:0017081~chloride channel regulator activity	2	8.333333333333332	0.019759936641453375	P36544	24	15	17305	96.13888888888889	0.9995113528665135	0.19625389485923472	0.17878627070945993
GOTERM_MF_FAT	GO:0030554~adenyl nucleotide binding	7	29.166666666666668	0.020089768845379056	P35968, Q9UNQ0, P08581, Q9HC29, P00533, Q96EB6	24	1687	17305	2.991874135546335	0.9995703017447329	0.19625389485923472	0.17878627070945993
KEGG_PATHWAY	hsa04657:IL-17 signaling pathway	3	12.5	0.02017024766546999	P14780, P35354, P42574	23	94	9375	13.008788159111933	0.9457325981120719	0.11171214091644917	0.09386922952007189
GOTERM_BP_FAT	GO:0048568~embryonic organ development	4	16.666666666666664	0.020178532897557114	P35968, P15692, Q16665, P00533	24	489	19104	6.511247443762781	1.0	0.12339707189378385	0.1080588724327124
GOTERM_MF_FAT	GO:0005506~iron ion binding	3	12.5	0.020277928416363562	P09917, P11712, P08684	24	166	17305	13.030873493975903	0.9996006949602338	0.19625389485923472	0.17878627070945993
GOTERM_BP_FAT	GO:2001279~regulation of unsaturated fatty acid biosynthetic process	2	8.333333333333332	0.020279384578828705	P35354, Q96EB6	24	17	19104	93.6470588235294	1.0	0.1236286705845986	0.10826168351244268
GOTERM_BP_FAT	GO:0031349~positive regulation of defense response	4	16.666666666666664	0.020834287005900388	Q9HC29, P00533, P35354, P42574	24	495	19104	6.432323232323232	1.0	0.1266182829491717	0.11087968843078257
GOTERM_MF_FAT	GO:0016725~oxidoreductase activity, acting on CH or CH2 groups	2	8.333333333333332	0.021063899710022576	P11712, P08684	24	16	17305	90.13020833333333	0.9997061271086742	0.19625389485923472	0.17878627070945993
GOTERM_MF_FAT	GO:0017154~semaphorin receptor activity	2	8.333333333333332	0.021063899710022576	P08581	24	16	17305	90.13020833333333	0.9997061271086742	0.19625389485923472	0.17878627070945993
GOTERM_BP_FAT	GO:0070988~demethylation	2	8.333333333333332	0.021459956390171068	P11712, P08684	24	18	19104	88.44444444444444	1.0	0.12961813659663324	0.11350666164524328
GOTERM_BP_FAT	GO:0060055~angiogenesis involved in wound healing	2	8.333333333333332	0.021459956390171068	P35968, P15692	24	18	19104	88.44444444444444	1.0	0.12961813659663324	0.11350666164524328
GOTERM_BP_FAT	GO:0043524~negative regulation of neuron apoptotic process	3	12.5	0.021704573558827572	P35968, Q16665, Q96EB6	24	190	19104	12.568421052631578	1.0	0.13069349047846174	0.11444834953259078
GOTERM_BP_FAT	GO:0051050~positive regulation of transport	5	20.833333333333336	0.022447855673827413	P31645, P15692, P05164, Q16665, Q96EB6	24	916	19104	4.344978165938865	1.0	0.13475578191964285	0.11800570001012026
GOTERM_BP_FAT	GO:1901298~regulation of hydrogen peroxide-mediated programmed cell death	2	8.333333333333332	0.022639167382785503	P08581	24	19	19104	83.78947368421052	1.0	0.13548989503782907	0.11864856320429354
GOTERM_CC_FAT	GO:0031984~organelle subcompartment	7	29.166666666666668	0.022795024858674334	P11712, P23219, P08684, P36544, P00533, P35354	24	1682	16775	2.9088634562029334	0.9895969056276614	0.23754815379039568	0.2219515578344606
GOTERM_BP_FAT	GO:0099536~synaptic signaling	4	16.666666666666664	0.022872419902155404	P08581, P36544	24	513	19104	6.2066276803118905	1.0	0.13646978804842266	0.11950665596293356
GOTERM_BP_FAT	GO:0045785~positive regulation of cell adhesion	4	16.666666666666664	0.02322245876253003	P35968, P09917, P15692, Q9HC29	24	516	19104	6.170542635658915	1.0	0.1381384440934741	0.1209678988266337
GOTERM_BP_FAT	GO:0050673~epithelial cell proliferation	3	12.5	0.023660215606911072	P35968, P15692, P00533	24	199	19104	12.0	1.0	0.13914526310489486	0.12184957069654317
GOTERM_MF_FAT	GO:0022848~acetylcholine-gated monoatomic cation-selective channel activity	2	8.333333333333332	0.023666850040957678	P36544	24	18	17305	80.11574074074073	0.9998937204957021	0.21525563608680554	0.19609675748222077
GOTERM_BP_FAT	GO:0051052~regulation of DNA metabolic process	4	16.666666666666664	0.023812435240541295	P15692, P00533, P42574, Q96EB6	24	521	19104	6.111324376199616	1.0	0.13914526310489486	0.12184957069654317
GOTERM_BP_FAT	GO:0060749~mammary gland alveolus development	2	8.333333333333332	0.02381701905412362	P15692, Q16665	24	20	19104	79.60000000000001	1.0	0.13914526310489486	0.12184957069654317
GOTERM_BP_FAT	GO:0061377~mammary gland lobule development	2	8.333333333333332	0.02381701905412362	P15692, Q16665	24	20	19104	79.60000000000001	1.0	0.13914526310489486	0.12184957069654317
GOTERM_BP_FAT	GO:0060571~morphogenesis of an epithelial fold	2	8.333333333333332	0.02381701905412362	Q16665, P00533	24	20	19104	79.60000000000001	1.0	0.13914526310489486	0.12184957069654317
GOTERM_BP_FAT	GO:1905906~regulation of amyloid fibril formation	2	8.333333333333332	0.02381701905412362	P36544	24	20	19104	79.60000000000001	1.0	0.13914526310489486	0.12184957069654317
GOTERM_CC_FAT	GO:0005892~acetylcholine-gated channel complex	2	8.333333333333332	0.024406278635155914	P36544	24	18	16775	77.66203703703704	0.9924965440305085	0.24162215848804355	0.2257580773751922
GOTERM_BP_FAT	GO:0045597~positive regulation of cell differentiation	5	20.833333333333336	0.024679572012532	P35968, P15692, Q16665, P35354, Q96EB6	24	943	19104	4.220572640509014	1.0	0.14375667614421458	0.12588778720932495
GOTERM_MF_FAT	GO:0016301~kinase activity	5	20.833333333333336	0.024935084122130916	P00749, P35968, P08581, P00533	24	857	17305	4.206777518475302	0.9999353142603883	0.22151632871288396	0.20180021568608278
GOTERM_BP_FAT	GO:0043129~surfactant homeostasis	2	8.333333333333332	0.024993512900099265	P35968, P15692	24	21	19104	75.80952380952381	1.0	0.14515463261211495	0.12711197832920307
KEGG_PATHWAY	hsa05215:Prostate cancer	3	12.5	0.025249425052389318	P00749, P14780, P00533	23	106	9375	11.536095159967186	0.9741910400594478	0.13466360027940968	0.11315483079033732
GOTERM_BP_FAT	GO:0071466~cellular response to xenobiotic stimulus	3	12.5	0.0259156039990497	P35869, P11712, P08684	24	209	19104	11.425837320574164	1.0	0.15006587212429073	0.1314127530217299
GOTERM_BP_FAT	GO:0140058~neuron projection arborization	2	8.333333333333332	0.02616865041584037	P36544	24	22	19104	72.36363636363636	1.0	0.1506424069392805	0.1319176248235472
GOTERM_BP_FAT	GO:0038084~vascular endothelial growth factor signaling pathway	2	8.333333333333332	0.02616865041584037	P35968, P15692	24	22	19104	72.36363636363636	1.0	0.1506424069392805	0.1319176248235472
GOTERM_BP_FAT	GO:0022407~regulation of cell-cell adhesion	4	16.666666666666664	0.02625462459243106	P09917, P15692, Q9HC29, P42574	24	541	19104	5.88539741219963	1.0	0.15069540372790108	0.1319640341356403
GOTERM_BP_FAT	GO:0021543~pallium development	3	12.5	0.026376911522718958	Q16665, P00533, P42574	24	211	19104	11.317535545023697	1.0	0.15095591055130414	0.13219216008033205
GOTERM_BP_FAT	GO:0055080~monoatomic cation homeostasis	4	16.666666666666664	0.026506086899900944	P35968, P36544, Q16665	24	543	19104	5.863720073664824	1.0	0.15125421100146963	0.13245338192130732
KEGG_PATHWAY	hsa04066:HIF-1 signaling pathway	3	12.5	0.02704765587966291	P15692, Q16665, P00533	23	110	9375	11.116600790513834	0.9801804253182664	0.1391022302382664	0.11688451290854328
GOTERM_BP_FAT	GO:0032680~regulation of tumor necrosis factor production	3	12.5	0.027309616730837514	Q9HC29, P36544	24	215	19104	11.106976744186046	1.0	0.15512484439147683	0.13584289735555205
GOTERM_BP_FAT	GO:0001516~prostaglandin biosynthetic process	2	8.333333333333332	0.027342433091926126	P23219, P35354	24	23	19104	69.21739130434783	1.0	0.15512484439147683	0.13584289735555205
GOTERM_MF_FAT	GO:0097367~carbohydrate derivative binding	8	33.33333333333333	0.0275122994350063	P35968, Q9UNQ0, P08581, P15692, Q9HC29, P05164, P00533	24	2332	17305	2.47355631789594	0.9999764639908871	0.23394415324305798	0.21312189876592716
GOTERM_MF_FAT	GO:0015464~acetylcholine receptor activity	2	8.333333333333332	0.02755886621973196	P36544	24	21	17305	68.67063492063491	0.999976890602501	0.23394415324305798	0.21312189876592716
GOTERM_BP_FAT	GO:0050801~monoatomic ion homeostasis	4	16.666666666666664	0.028042515940854478	P35968, P36544, Q16665	24	555	19104	5.736936936936936	1.0	0.1586382097749203	0.13891955303264797
GOTERM_BP_FAT	GO:0048469~cell maturation	3	12.5	0.028255660052331183	P35968, P15692, Q16665	24	219	19104	10.904109589041097	1.0	0.15938465713427044	0.1395732173274635
GOTERM_BP_FAT	GO:0001819~positive regulation of cytokine production	4	16.666666666666664	0.02843402905540803	Q9HC29, Q16665, P35354, Q96EB6	24	558	19104	5.706093189964157	1.0	0.1598119736327639	0.1399474185811111
GOTERM_BP_FAT	GO:1903555~regulation of tumor necrosis factor superfamily cytokine production	3	12.5	0.028494238803600285	Q9HC29, P36544	24	220	19104	10.854545454545454	1.0	0.1598119736327639	0.1399474185811111
GOTERM_BP_FAT	GO:0031667~response to nutrient levels	4	16.666666666666664	0.028960652760506134	P31645, Q9HC29, P05164, Q96EB6	24	562	19104	5.665480427046263	1.0	0.1615902271425082	0.1415046359948913
GOTERM_BP_FAT	GO:0032880~regulation of protein localization	5	20.833333333333336	0.028975934770332595	P09917, P15692, Q16665, P00533, P42574	24	991	19104	4.016145307769929	1.0	0.1615902271425082	0.1415046359948913
GOTERM_BP_FAT	GO:0046457~prostanoid biosynthetic process	2	8.333333333333332	0.029685939894825618	P23219, P35354	24	25	19104	63.67999999999999	1.0	0.1646144068179172	0.14415291152317863
GOTERM_BP_FAT	GO:1900273~positive regulation of long-term synaptic potentiation	2	8.333333333333332	0.029685939894825618	P36544	24	25	19104	63.67999999999999	1.0	0.1646144068179172	0.14415291152317863
GOTERM_BP_FAT	GO:0060326~cell chemotaxis	3	12.5	0.03043231313330575	P09917, P15692, Q9HC97	24	228	19104	10.473684210526317	1.0	0.1678254523610708	0.14696482557752455
GOTERM_BP_FAT	GO:0098609~cell-cell adhesion	4	16.666666666666664	0.030435996454682222	P31645, P15692, P00533, Q9HC97	24	573	19104	5.556719022687608	1.0	0.1678254523610708	0.14696482557752455
GOTERM_MF_FAT	GO:1901363~heterocyclic compound binding	8	33.33333333333333	0.0307384535535455	P31645, P35968, Q9UNQ0, P08581, Q9HC29, P00533, Q96EB6	24	2385	17305	2.418588399720475	0.9999933861305362	0.250514307693144	0.22821722271522013
GOTERM_MF_FAT	GO:0019902~phosphatase binding	3	12.5	0.030822440998894675	P08581, P00533	24	208	17305	10.399639423076923	0.9999936014795985	0.250514307693144	0.22821722271522013
GOTERM_BP_FAT	GO:0050927~positive regulation of positive chemotaxis	2	8.333333333333332	0.030855666996234266	P35968, P15692	24	26	19104	61.230769230769226	1.0	0.16966295325940578	0.14857392595665742
GOTERM_BP_FAT	GO:0071219~cellular response to molecule of bacterial origin	3	12.5	0.03117244605741855	P35869, P14780, Q9HC29	24	231	19104	10.337662337662337	1.0	0.17092601008578942	0.1496799853986103
GOTERM_BP_FAT	GO:0050926~regulation of positive chemotaxis	2	8.333333333333332	0.032024045214385774	P35968, P15692	24	27	19104	58.962962962962955	1.0	0.17510640879063866	0.15334076246108397
GOTERM_BP_FAT	GO:0071495~cellular response to endogenous stimulus	5	20.833333333333336	0.03227821187768021	P35968, P15692, P00533, P42574, Q96EB6	24	1025	19104	3.8829268292682926	1.0	0.17600591643301736	0.154128461715923
GOTERM_BP_FAT	GO:0009887~animal organ morphogenesis	5	20.833333333333336	0.032378625008672515	P31645, P35968, P15692, Q16665, P00533	24	1026	19104	3.8791423001949323	1.0	0.17606437920228296	0.154179657589773
GOTERM_BP_FAT	GO:0055074~calcium ion homeostasis	3	12.5	0.0329273090188332	P35968, P36544	24	238	19104	10.033613445378151	1.0	0.17806145345446164	0.1559284964280283
GOTERM_BP_FAT	GO:0010810~regulation of cell-substrate adhesion	3	12.5	0.0329273090188332	P00749, P35968, P15692	24	238	19104	10.033613445378151	1.0	0.17806145345446164	0.1559284964280283
GOTERM_BP_FAT	GO:0007271~synaptic transmission, cholinergic	2	8.333333333333332	0.03319107603435604	P36544	24	28	19104	56.857142857142854	1.0	0.17850433494641343	0.15631632795358366
GOTERM_BP_FAT	GO:0051894~positive regulation of focal adhesion assembly	2	8.333333333333332	0.03319107603435604	P35968, P15692	24	28	19104	56.857142857142854	1.0	0.17850433494641343	0.15631632795358366
GOTERM_BP_FAT	GO:0002052~positive regulation of neuroblast proliferation	2	8.333333333333332	0.03435676094067414	P15692, Q16665	24	29	19104	54.89655172413793	1.0	0.18283549774301328	0.1601091292003259
GOTERM_BP_FAT	GO:1902894~negative regulation of miRNA transcription	2	8.333333333333332	0.03435676094067414	P15692, Q16665	24	29	19104	54.89655172413793	1.0	0.18283549774301328	0.1601091292003259
GOTERM_BP_FAT	GO:0001945~lymph vessel development	2	8.333333333333332	0.03435676094067414	P35968, P15692	24	29	19104	54.89655172413793	1.0	0.18283549774301328	0.1601091292003259
GOTERM_BP_FAT	GO:0010817~regulation of hormone levels	4	16.666666666666664	0.034370602019551985	P09917, P11712, P08684, Q16665	24	601	19104	5.29783693843594	1.0	0.18283549774301328	0.1601091292003259
GOTERM_BP_FAT	GO:0034599~cellular response to oxidative stress	3	12.5	0.03446211623276358	P05164, Q16665, Q96EB6	24	244	19104	9.78688524590164	1.0	0.18283549774301328	0.1601091292003259
GOTERM_BP_FAT	GO:0042593~glucose homeostasis	3	12.5	0.03497992068490719	P09917, Q16665, Q96EB6	24	246	19104	9.707317073170731	1.0	0.1850824374783634	0.16207677535675327
GOTERM_BP_FAT	GO:0007507~heart development	4	16.666666666666664	0.03510021187768039	P35968, P15692, Q16665, P42574	24	606	19104	5.254125412541254	1.0	0.18521966644055543	0.1621969468218618
GOTERM_BP_FAT	GO:0090335~regulation of brown fat cell differentiation	2	8.333333333333332	0.03552110141342818	P35354, Q96EB6	24	30	19104	53.06666666666666	1.0	0.18693812888621852	0.16370180517341298
GOTERM_MF_FAT	GO:0005539~glycosaminoglycan binding	3	12.5	0.03559315357337035	P15692, Q9HC29, P05164	24	225	17305	9.613888888888889	0.999999028531326	0.28326218052140567	0.258050363406935
GOTERM_BP_FAT	GO:0051128~regulation of cellular component organization	8	33.33333333333333	0.03628326389235678	P00749, P14780, P35968, P15692, P36544, P00533, Q96EB6	24	2724	19104	2.3377386196769456	1.0	0.18995476223158034	0.1663434723770181
GOTERM_BP_FAT	GO:0033500~carbohydrate homeostasis	3	12.5	0.03628784301418371	P09917, Q16665, Q96EB6	24	251	19104	9.51394422310757	1.0	0.18995476223158034	0.1663434723770181
GOTERM_BP_FAT	GO:2000629~negative regulation of miRNA metabolic process	2	8.333333333333332	0.036684098930916786	P15692, Q16665	24	31	19104	51.354838709677416	1.0	0.19101030822649775	0.16726781448871608
GOTERM_BP_FAT	GO:0007274~neuromuscular synaptic transmission	2	8.333333333333332	0.036684098930916786	P36544	24	31	19104	51.354838709677416	1.0	0.19101030822649775	0.16726781448871608
KEGG_PATHWAY	hsa04926:Relaxin signaling pathway	3	12.5	0.036781586283390226	P14780, P15692, P00533	23	130	9375	9.406354515050168	0.9952940965031063	0.18263960085545491	0.153467997941042
GOTERM_CC_FAT	GO:0070161~anchoring junction	5	20.833333333333336	0.03702619317393329	P31645, P00749, P35968, P15692, P00533	24	940	16775	3.717863475177305	0.9994302741558831	0.3491041070685139	0.3261831303417933
GOTERM_BP_FAT	GO:0010575~positive regulation of vascular endothelial growth factor production	2	8.333333333333332	0.03784575497614293	Q16665, P35354	24	32	19104	49.75	1.0	0.19653761115917612	0.17210807620103094
GOTERM_MF_FAT	GO:0098960~postsynaptic neurotransmitter receptor activity	2	8.333333333333332	0.037865157003037775	P36544	24	29	17305	49.72701149425287	0.9999996054245439	0.2892897995032086	0.2635414927411429
GOTERM_MF_FAT	GO:0008395~steroid hydroxylase activity	2	8.333333333333332	0.037865157003037775	P11712, P08684	24	29	17305	49.72701149425287	0.9999996054245439	0.2892897995032086	0.2635414927411429
GOTERM_BP_FAT	GO:0071216~cellular response to biotic stimulus	3	12.5	0.03868969958272911	P35869, P14780, Q9HC29	24	260	19104	9.184615384615384	1.0	0.2003901854377236	0.17548177726309058
GOTERM_BP_FAT	GO:0001569~branching involved in blood vessel morphogenesis	2	8.333333333333332	0.03900607102108366	P35968, P15692	24	33	19104	48.242424242424235	1.0	0.20096828717686935	0.17598802122110974
GOTERM_BP_FAT	GO:0001782~B cell homeostasis	2	8.333333333333332	0.03900607102108366	Q16665, P42574	24	33	19104	48.242424242424235	1.0	0.20096828717686935	0.17598802122110974
GOTERM_BP_FAT	GO:0055082~intracellular chemical homeostasis	4	16.666666666666664	0.03918079372397118	P36544, Q16665, Q96EB6	24	633	19104	5.030015797788309	1.0	0.20107494600372344	0.176081422404687
GOTERM_BP_FAT	GO:0050900~leukocyte migration	3	12.5	0.03923163745258588	P09917, P15692, Q9HC97	24	262	19104	9.114503816793894	1.0	0.20107494600372344	0.176081422404687
GOTERM_CC_FAT	GO:0043005~neuron projection	6	25.0	0.03954085616739481	P31645, P23219, P36544, Q16665, P35354	24	1414	16775	2.965876944837341	0.9996605144377066	0.35401917700684393	0.33077549366801073
GOTERM_BP_FAT	GO:0097061~dendritic spine organization	2	8.333333333333332	0.04016504854586177	P36544	24	34	19104	46.8235294117647	1.0	0.2047895851831861	0.17933433363723736
GOTERM_BP_FAT	GO:0033032~regulation of myeloid cell apoptotic process	2	8.333333333333332	0.04016504854586177	Q9HC29, Q96EB6	24	34	19104	46.8235294117647	1.0	0.2047895851831861	0.17933433363723736
GOTERM_BP_FAT	GO:0006355~regulation of DNA-templated transcription	9	37.5	0.040688683787451246	P35869, P27695, P08581, P15692, Q9HC29, Q16665, P00533, Q96EB6	24	3424	19104	2.0922897196261685	1.0	0.20692198516778965	0.18120167728142147
GOTERM_CC_FAT	GO:0030141~secretory granule	5	20.833333333333336	0.04112343975332026	P00749, P14780, P09917, P15692, P05164	24	972	16775	3.5954646776406034	0.9997550851720697	0.35401917700684393	0.33077549366801073
GOTERM_BP_FAT	GO:0150117~positive regulation of cell-substrate junction organization	2	8.333333333333332	0.041322689021354594	P35968, P15692	24	35	19104	45.48571428571428	1.0	0.20756380228970686	0.18176371682934594
GOTERM_BP_FAT	GO:2000463~positive regulation of excitatory postsynaptic potential	2	8.333333333333332	0.041322689021354594	P36544	24	35	19104	45.48571428571428	1.0	0.20756380228970686	0.18176371682934594
GOTERM_BP_FAT	GO:0048010~vascular endothelial growth factor receptor signaling pathway	2	8.333333333333332	0.041322689021354594	P35968, P15692	24	35	19104	45.48571428571428	1.0	0.20756380228970686	0.18176371682934594
GOTERM_BP_FAT	GO:0042178~xenobiotic catabolic process	2	8.333333333333332	0.041322689021354594	P11712, P08684	24	35	19104	45.48571428571428	1.0	0.20756380228970686	0.18176371682934594
GOTERM_BP_FAT	GO:0040008~regulation of growth	4	16.666666666666664	0.04138966862253003	P31645, P15692, Q16665, P00533	24	647	19104	4.921174652241112	1.0	0.20756380228970686	0.18176371682934594
GOTERM_BP_FAT	GO:2001141~regulation of RNA biosynthetic process	9	37.5	0.04144931762484212	P35869, P27695, P08581, P15692, Q9HC29, Q16665, P00533, Q96EB6	24	3436	19104	2.0849825378346916	1.0	0.20756380228970686	0.18176371682934594
KEGG_PATHWAY	hsa05165:Human papillomavirus infection	4	16.666666666666664	0.041487560974235504	P15692, P00533, P35354, P42574	23	333	9375	4.896200548374461	0.9976639683721877	0.1991402926763304	0.1673331625960832
GOTERM_BP_FAT	GO:0071695~anatomical structure maturation	3	12.5	0.041706562062442054	P35968, P15692, Q16665	24	271	19104	8.811808118081181	1.0	0.20832056317703246	0.18242641268533816
GOTERM_BP_FAT	GO:1902430~negative regulation of amyloid-beta formation	2	8.333333333333332	0.04247899392257802	P36544	24	36	19104	44.22222222222222	1.0	0.21110446853169784	0.1848642798807889
GOTERM_BP_FAT	GO:1902176~negative regulation of oxidative stress-induced intrinsic apoptotic signaling pathway	2	8.333333333333332	0.04247899392257802	Q16665, Q96EB6	24	36	19104	44.22222222222222	1.0	0.21110446853169784	0.1848642798807889
KEGG_PATHWAY	hsa05418:Fluid shear stress and atherosclerosis	3	12.5	0.04318075607381894	P14780, P35968, P15692	23	142	9375	8.611451316595224	0.998185838671498	0.2005815766009654	0.16854424144942232
GOTERM_BP_FAT	GO:0007423~sensory organ development	4	16.666666666666664	0.044654572736547674	P35968, P15692, Q16665, P00533	24	667	19104	4.773613193403298	1.0	0.21979516112461572	0.19247472336893248
GOTERM_BP_FAT	GO:1902992~negative regulation of amyloid precursor protein catabolic process	2	8.333333333333332	0.044787602878169276	P36544	24	38	19104	41.89473684210526	1.0	0.21979516112461572	0.19247472336893248
GOTERM_BP_FAT	GO:0032373~positive regulation of sterol transport	2	8.333333333333332	0.044787602878169276	P05164, Q96EB6	24	38	19104	41.89473684210526	1.0	0.21979516112461572	0.19247472336893248
GOTERM_BP_FAT	GO:0032376~positive regulation of cholesterol transport	2	8.333333333333332	0.044787602878169276	P05164, Q96EB6	24	38	19104	41.89473684210526	1.0	0.21979516112461572	0.19247472336893248
GOTERM_BP_FAT	GO:0071542~dopaminergic neuron differentiation	2	8.333333333333332	0.044787602878169276	P15692, Q16665	24	38	19104	41.89473684210526	1.0	0.21979516112461572	0.19247472336893248
GOTERM_MF_FAT	GO:0004672~protein kinase activity	4	16.666666666666664	0.04553227383958063	P35968, P08581, P00533	24	609	17305	4.735905856595512	0.9999999814306487	0.3410456589552902	0.3106908097289031
GOTERM_BP_FAT	GO:0071634~regulation of transforming growth factor beta production	2	8.333333333333332	0.04593990987277351	Q16665, P35354	24	39	19104	40.82051282051282	1.0	0.22449691540371525	0.19659205174680922
GOTERM_BP_FAT	GO:0019219~regulation of nucleobase-containing compound metabolic process	10	41.66666666666667	0.045974406516705826	P35869, P27695, P08581, P15692, Q9HC29, Q16665, P00533, P42574, Q96EB6	24	4174	19104	1.9070436032582656	1.0	0.22449691540371525	0.19659205174680922
GOTERM_BP_FAT	GO:0003018~vascular process in circulatory system	3	12.5	0.04712072427192202	P31645, Q9UNQ0, P15692	24	290	19104	8.23448275862069	1.0	0.22952352790516856	0.20099385861894284
GOTERM_MF_FAT	GO:0017076~purine nucleotide binding	7	29.166666666666668	0.04769405120066821	P35968, Q9UNQ0, P08581, Q9HC29, P00533, Q96EB6	24	2058	17305	2.4525226757369616	0.9999999921905229	0.34621573283998414	0.3154007199694096
GOTERM_MF_FAT	GO:0005231~excitatory extracellular ligand-gated monoatomic ion channel activity	2	8.333333333333332	0.04806691881646135	P36544	24	37	17305	38.97522522522522	0.99999999327562	0.34621573283998414	0.3154007199694096
GOTERM_BP_FAT	GO:0003382~epithelial cell morphogenesis	2	8.333333333333332	0.04824053622074256	P08581	24	41	19104	38.829268292682926	1.0	0.2338177101267102	0.20475427595915174
GOTERM_BP_FAT	GO:1900017~positive regulation of cytokine production involved in inflammatory response	2	8.333333333333332	0.04824053622074256	Q9HC29, Q16665	24	41	19104	38.829268292682926	1.0	0.2338177101267102	0.20475427595915174
GOTERM_MF_FAT	GO:0005524~ATP binding	6	25.0	0.048941491029735974	P35968, Q9UNQ0, P08581, Q9HC29, P00533	24	1546	17305	2.7983505821474774	0.9999999952667008	0.34621573283998414	0.3154007199694096
GOTERM_BP_FAT	GO:1901532~regulation of hematopoietic progenitor cell differentiation	2	8.333333333333332	0.049388858501132664	P35968, P15692	24	42	19104	37.904761904761905	1.0	0.23762335597481232	0.20808688177315451
GOTERM_BP_FAT	GO:0007595~lactation	2	8.333333333333332	0.049388858501132664	P15692, Q16665	24	42	19104	37.904761904761905	1.0	0.23762335597481232	0.20808688177315451
GOTERM_BP_FAT	GO:0006693~prostaglandin metabolic process	2	8.333333333333332	0.049388858501132664	P23219, P35354	24	42	19104	37.904761904761905	1.0	0.23762335597481232	0.20808688177315451
GOTERM_BP_FAT	GO:0003006~developmental process involved in reproduction	5	20.833333333333336	0.05051162267109647	P35968, P15692, P35354, P42574, Q96EB6	24	1183	19104	3.3643279797125953	1.0	0.2424310887612772	0.21229701557852038
GOTERM_MF_FAT	GO:0030296~protein tyrosine kinase activator activity	2	8.333333333333332	0.050601145470039424	P15692, P00533	24	39	17305	36.97649572649572	0.9999999975711276	0.35144795581009197	0.32016724770134036
GOTERM_BP_FAT	GO:0021537~telencephalon development	3	12.5	0.05066778710609165	Q16665, P00533, P42574	24	302	19104	7.90728476821192	1.0	0.24258747826648272	0.21243396593993058
KEGG_PATHWAY	hsa04151:PI3K-Akt signaling pathway	4	16.666666666666664	0.051055689548182265	P35968, P08581, P15692, P00533	23	362	9375	4.503963487869325	0.9994435529361914	0.2297506029668202	0.1930543261040642
GOTERM_BP_FAT	GO:0006692~prostanoid metabolic process	2	8.333333333333332	0.05168152859151862	P23219, P35354	24	44	19104	36.18181818181818	1.0	0.24683902828503906	0.2161570502404392
GOTERM_BP_FAT	GO:0090596~sensory organ morphogenesis	3	12.5	0.05187138489008097	P35968, P15692, Q16665	24	306	19104	7.803921568627451	1.0	0.2471444867457013	0.2164245403544883
GOTERM_BP_FAT	GO:0043009~chordate embryonic development	4	16.666666666666664	0.05264623824160758	P15692, Q16665, P00533, P42574	24	713	19104	4.465638148667601	1.0	0.25022897256241083	0.2191256259983618
GOTERM_BP_FAT	GO:0106027~neuron projection organization	2	8.333333333333332	0.053968909107789224	P36544	24	46	19104	34.608695652173914	1.0	0.2552794423580488	0.22354832471395103
GOTERM_BP_FAT	GO:1900271~regulation of long-term synaptic potentiation	2	8.333333333333332	0.053968909107789224	P36544	24	46	19104	34.608695652173914	1.0	0.2552794423580488	0.22354832471395103
GOTERM_MF_FAT	GO:0032559~adenyl ribonucleotide binding	6	25.0	0.05415462910810408	P35968, Q9UNQ0, P08581, Q9HC29, P00533	24	1590	17305	2.7209119496855347	0.9999999994201783	0.3694119342731385	0.3365323380289325
GOTERM_BP_FAT	GO:0022602~ovulation cycle process	2	8.333333333333332	0.05511061941796804	P42574, Q96EB6	24	47	19104	33.87234042553192	1.0	0.2588089615250509	0.22663912626671545
GOTERM_BP_FAT	GO:0150077~regulation of neuroinflammatory response	2	8.333333333333332	0.05511061941796804	P14780, P35354	24	47	19104	33.87234042553192	1.0	0.2588089615250509	0.22663912626671545
GOTERM_BP_FAT	GO:1902692~regulation of neuroblast proliferation	2	8.333333333333332	0.05511061941796804	P15692, Q16665	24	47	19104	33.87234042553192	1.0	0.2588089615250509	0.22663912626671545
GOTERM_MF_FAT	GO:0019887~protein kinase regulator activity	3	12.5	0.055515414343175085	P15692, P00533, P42574	24	288	17305	7.510850694444444	0.9999999996654646	0.37205067156303306	0.3389362138846479
GOTERM_BP_FAT	GO:0009792~embryo development ending in birth or egg hatching	4	16.666666666666664	0.056327412968537174	P15692, Q16665, P00533, P42574	24	733	19104	4.343792633015006	1.0	0.26389191326309897	0.23109026943416563
GOTERM_BP_FAT	GO:1902175~regulation of oxidative stress-induced intrinsic apoptotic signaling pathway	2	8.333333333333332	0.05739008741265262	Q16665, Q96EB6	24	49	19104	32.48979591836734	1.0	0.2675932104300169	0.23433149706021345
GOTERM_BP_FAT	GO:0008210~estrogen metabolic process	2	8.333333333333332	0.05739008741265262	P11712, P08684	24	49	19104	32.48979591836734	1.0	0.2675932104300169	0.23433149706021345
GOTERM_BP_FAT	GO:0021700~developmental maturation	3	12.5	0.05772880484025194	P35968, P15692, Q16665	24	325	19104	7.347692307692308	1.0	0.2685347011881861	0.23515596094879876
GOTERM_BP_FAT	GO:0065009~regulation of molecular function	4	16.666666666666664	0.05840458534917096	P14780, P36544, Q9HC97, Q96EB6	24	744	19104	4.279569892473118	1.0	0.2696952244757602	0.23617223172380633
GOTERM_BP_FAT	GO:0042908~xenobiotic transport	2	8.333333333333332	0.058527848001362126	Q9UNQ0, P00533	24	50	19104	31.839999999999996	1.0	0.2696952244757602	0.23617223172380633
GOTERM_BP_FAT	GO:0035924~cellular response to vascular endothelial growth factor stimulus	2	8.333333333333332	0.058527848001362126	P35968, P15692	24	50	19104	31.839999999999996	1.0	0.2696952244757602	0.23617223172380633
GOTERM_BP_FAT	GO:0010634~positive regulation of epithelial cell migration	2	8.333333333333332	0.058527848001362126	P14780, Q16665	24	50	19104	31.839999999999996	1.0	0.2696952244757602	0.23617223172380633
GOTERM_MF_FAT	GO:0140678~molecular function inhibitor activity	4	16.666666666666664	0.059038872123355284	P36544, P42574, Q96EB6	24	677	17305	4.260216642048253	0.9999999999197615	0.3888422267434779	0.3542332327401317
GOTERM_BP_FAT	GO:0022411~cellular component disassembly	3	12.5	0.05962536493717513	P14780, P05164, P42574	24	331	19104	7.214501510574018	1.0	0.27410911328261073	0.2400374761756535
GOTERM_MF_FAT	GO:0003682~chromatin binding	4	16.666666666666664	0.060100767528607095	P27695, P05164, P00533, Q96EB6	24	682	17305	4.228983382209188	0.9999999999478739	0.389127003320812	0.3544926627111063
KEGG_PATHWAY	hsa05010:Alzheimer disease	4	16.666666666666664	0.06048631887284969	P36544, P35354, P42574	23	388	9375	4.202151501568803	0.9998666034688306	0.26394030053607137	0.22178316920044885
GOTERM_BP_FAT	GO:0048546~digestive tract morphogenesis	2	8.333333333333332	0.06079942960047116	Q16665, P00533	24	52	19104	30.615384615384613	1.0	0.2775564658272672	0.243056324379558
GOTERM_BP_FAT	GO:0095500~acetylcholine receptor signaling pathway	2	8.333333333333332	0.06079942960047116	P36544	24	52	19104	30.615384615384613	1.0	0.2775564658272672	0.243056324379558
GOTERM_BP_FAT	GO:0006636~unsaturated fatty acid biosynthetic process	2	8.333333333333332	0.06079942960047116	P23219, P35354	24	52	19104	30.615384615384613	1.0	0.2775564658272672	0.243056324379558
GOTERM_BP_FAT	GO:1903426~regulation of reactive oxygen species biosynthetic process	2	8.333333333333332	0.061933253510973306	P09917, Q16665	24	53	19104	30.037735849056602	1.0	0.2814235570417607	0.24644273792908128
GOTERM_BP_FAT	GO:0071470~cellular response to osmotic stress	2	8.333333333333332	0.061933253510973306	P35354, P42574	24	53	19104	30.037735849056602	1.0	0.2814235570417607	0.24644273792908128
GOTERM_BP_FAT	GO:0031175~neuron projection development	4	16.666666666666664	0.062275665852551516	P15692, P36544, P42574	24	764	19104	4.167539267015706	1.0	0.2823259401121446	0.24723295519754288
GOTERM_BP_FAT	GO:0007566~embryo implantation	2	8.333333333333332	0.06306576808561583	P14780, P35354	24	54	19104	29.481481481481477	1.0	0.2839406026423483	0.2486469159155358
GOTERM_BP_FAT	GO:1905145~cellular response to acetylcholine	2	8.333333333333332	0.06306576808561583	P36544	24	54	19104	29.481481481481477	1.0	0.2839406026423483	0.2486469159155358
GOTERM_BP_FAT	GO:1900016~negative regulation of cytokine production involved in inflammatory response	2	8.333333333333332	0.06306576808561583	P36544	24	54	19104	29.481481481481477	1.0	0.2839406026423483	0.2486469159155358
GOTERM_MF_FAT	GO:0016712~oxidoreductase activity, acting on paired donors, with incorporation or reduction of molecular oxygen, reduced flavin or flavoprotein as one donor, and incorporation of one atom of oxygen	2	8.333333333333332	0.06442444651667867	P11712, P08684	24	50	17305	28.841666666666665	0.9999999999910437	0.40481276466531757	0.36878230917154586
GOTERM_BP_FAT	GO:0001885~endothelial cell development	2	8.333333333333332	0.06532687500419901	P08581	24	56	19104	28.428571428571427	1.0	0.29277775258731203	0.2563856121740139
GOTERM_BP_FAT	GO:0098815~modulation of excitatory postsynaptic potential	2	8.333333333333332	0.06532687500419901	P36544	24	56	19104	28.428571428571427	1.0	0.29277775258731203	0.2563856121740139
GOTERM_BP_FAT	GO:2000179~positive regulation of neural precursor cell proliferation	2	8.333333333333332	0.06645547023113652	P15692, Q16665	24	57	19104	27.929824561403507	1.0	0.29715737599936437	0.26022085040392634
GOTERM_MF_FAT	GO:0000166~nucleotide binding	7	29.166666666666668	0.06647489591280503	P35968, Q9UNQ0, P08581, Q9HC29, P00533, Q96EB6	24	2232	17305	2.261331391875747	0.9999999999961262	0.40481276466531757	0.36878230917154586
GOTERM_MF_FAT	GO:0046872~metal ion binding	11	45.83333333333333	0.06682099267529631	P31645, P14780, P35968, P27695, P09917, P11712, P23219, P08684, P05164, P35354, Q96EB6	24	4688	17305	1.691863978953356	0.9999999999966379	0.40481276466531757	0.36878230917154586
GOTERM_BP_FAT	GO:0035556~intracellular signal transduction	6	25.0	0.06688652038726353	P35869, Q9HC29, Q16665, P00533, P42574, Q96EB6	24	1863	19104	2.5636070853462156	1.0	0.29812350917436914	0.26106689366823255
GOTERM_BP_FAT	GO:0007420~brain development	4	16.666666666666664	0.06748765130224593	P31645, Q16665, P00533, P42574	24	790	19104	4.030379746835442	1.0	0.29812350917436914	0.26106689366823255
GOTERM_BP_FAT	GO:0030857~negative regulation of epithelial cell differentiation	2	8.333333333333332	0.06758276188619168	P14780, P15692	24	58	19104	27.448275862068964	1.0	0.29812350917436914	0.26106689366823255
GOTERM_BP_FAT	GO:0098926~postsynaptic signal transduction	2	8.333333333333332	0.06758276188619168	P36544	24	58	19104	27.448275862068964	1.0	0.29812350917436914	0.26106689366823255
GOTERM_BP_FAT	GO:2000107~negative regulation of leukocyte apoptotic process	2	8.333333333333332	0.06758276188619168	Q9HC29, Q16665	24	58	19104	27.448275862068964	1.0	0.29812350917436914	0.26106689366823255
GOTERM_BP_FAT	GO:0001541~ovarian follicle development	2	8.333333333333332	0.06758276188619168	P35968, P15692	24	58	19104	27.448275862068964	1.0	0.29812350917436914	0.26106689366823255
GOTERM_BP_FAT	GO:0097190~apoptotic signaling pathway	3	12.5	0.06775826171599697	P27695, P42574, Q96EB6	24	356	19104	6.707865168539326	1.0	0.29822750616256066	0.2611579638784726
GOTERM_MF_FAT	GO:0019207~kinase regulator activity	3	12.5	0.06794051488984094	P15692, P00533, P42574	24	323	17305	6.696981424148607	0.9999999999978745	0.40481276466531757	0.36878230917154586
GOTERM_BP_FAT	GO:0008283~cell population proliferation	4	16.666666666666664	0.06810193216608454	P35968, P15692, Q16665, P00533	24	793	19104	4.015132408575031	1.0	0.2990695589307023	0.26189534987360025
KEGG_PATHWAY	hsa00591:Linoleic acid metabolism	2	8.333333333333332	0.06815809017822766	P11712, P08684	23	30	9375	27.173913043478258	0.999958700938305	0.2886695584019054	0.24256261504604548
GOTERM_BP_FAT	GO:0007405~neuroblast proliferation	2	8.333333333333332	0.06870875141472324	P15692, Q16665	24	59	19104	26.983050847457626	1.0	0.30039037645234234	0.26305199038287136
GOTERM_BP_FAT	GO:1905144~response to acetylcholine	2	8.333333333333332	0.06870875141472324	P36544	24	59	19104	26.983050847457626	1.0	0.30039037645234234	0.26305199038287136
GOTERM_MF_FAT	GO:1901265~nucleoside phosphate binding	7	29.166666666666668	0.06888904014957195	P35968, Q9UNQ0, P08581, Q9HC29, P00533, Q96EB6	24	2252	17305	2.2412485198342216	0.9999999999985594	0.40481276466531757	0.36878230917154586
GOTERM_MF_FAT	GO:0016773~phosphotransferase activity, alcohol group as acceptor	4	16.666666666666664	0.0698396433000509	P35968, P08581, P00533	24	726	17305	3.9726813590449948	0.9999999999990248	0.40481276466531757	0.36878230917154586
GOTERM_BP_FAT	GO:0009719~response to endogenous stimulus	5	20.833333333333336	0.0705234610493318	P35968, P15692, P00533, P42574, Q96EB6	24	1322	19104	3.010590015128593	1.0	0.30763900897741847	0.26939962120844746
GOTERM_MF_FAT	GO:1904315~transmitter-gated monoatomic ion channel activity involved in regulation of postsynaptic membrane potential	2	8.333333333333332	0.07064392785512535	P36544	24	55	17305	26.21969696969697	0.9999999999992992	0.40481276466531757	0.36878230917154586
GOTERM_BP_FAT	GO:0051899~membrane depolarization	2	8.333333333333332	0.07095682980491051	P31645, P36544	24	61	19104	26.098360655737704	1.0	0.30815986041380383	0.2698557310500911
GOTERM_BP_FAT	GO:0001954~positive regulation of cell-matrix adhesion	2	8.333333333333332	0.07095682980491051	P35968, P15692	24	61	19104	26.098360655737704	1.0	0.30815986041380383	0.2698557310500911
GOTERM_MF_FAT	GO:0008200~ion channel inhibitor activity	2	8.333333333333332	0.07188306928719888	P36544	24	56	17305	25.751488095238095	0.999999999999579	0.40481276466531757	0.36878230917154586
GOTERM_BP_FAT	GO:0042304~regulation of fatty acid biosynthetic process	2	8.333333333333332	0.07207892154024975	P35354, Q96EB6	24	62	19104	25.677419354838708	1.0	0.31096906150222037	0.27231574973118533
GOTERM_BP_FAT	GO:0010574~regulation of vascular endothelial growth factor production	2	8.333333333333332	0.07207892154024975	Q16665, P35354	24	62	19104	25.677419354838708	1.0	0.31096906150222037	0.27231574973118533
GOTERM_BP_FAT	GO:1902895~positive regulation of miRNA transcription	2	8.333333333333332	0.07207892154024975	Q16665, P00533	24	62	19104	25.677419354838708	1.0	0.31096906150222037	0.27231574973118533
GOTERM_BP_FAT	GO:0062012~regulation of small molecule metabolic process	3	12.5	0.07280854449095203	Q16665, P35354, Q96EB6	24	371	19104	6.436657681940701	1.0	0.31342801060469044	0.27446905258760207
GOTERM_MF_FAT	GO:0001223~transcription coactivator binding	2	8.333333333333332	0.07312063026677203	P35869, Q16665	24	57	17305	25.29970760233918	0.9999999999997472	0.40481276466531757	0.36878230917154586
GOTERM_MF_FAT	GO:0016248~channel inhibitor activity	2	8.333333333333332	0.07312063026677203	P36544	24	57	17305	25.29970760233918	0.9999999999997472	0.40481276466531757	0.36878230917154586
GOTERM_BP_FAT	GO:0051252~regulation of RNA metabolic process	9	37.5	0.07373961230139493	P35869, P27695, P08581, P15692, Q9HC29, Q16665, P00533, Q96EB6	24	3846	19104	1.8627145085803432	1.0	0.31674148566222815	0.2773706642146562
GOTERM_CC_FAT	GO:0099503~secretory vesicle	5	20.833333333333336	0.0750914717709043	P00749, P14780, P09917, P15692, P05164	24	1186	16775	2.946704609331085	0.9999998061083003	0.5458888186928904	0.5100476336271956
GOTERM_CC_FAT	GO:0034774~secretory granule lumen	3	12.5	0.07522593991326566	P09917, P15692, P05164	24	332	16775	6.315888554216867	0.9999998116105497	0.5458888186928904	0.5100476336271956
GOTERM_CC_FAT	GO:0045211~postsynaptic membrane	3	12.5	0.0760120935471429	P31645, P36544	24	334	16775	6.278068862275449	0.9999998408066832	0.5458888186928904	0.5100476336271956
GOTERM_BP_FAT	GO:0042698~ovulation cycle	2	8.333333333333332	0.07655433878884269	P42574, Q96EB6	24	66	19104	24.121212121212118	1.0	0.32811390183951566	0.2873294942751541
GOTERM_CC_FAT	GO:0005637~nuclear inner membrane	2	8.333333333333332	0.07661892893615843	P35354, Q96EB6	24	58	16775	24.10201149425287	0.9999998602243391	0.5458888186928904	0.5100476336271956
GOTERM_MF_FAT	GO:0141110~transporter inhibitor activity	2	8.333333333333332	0.07682384977654814	P36544	24	60	17305	24.03472222222222	0.9999999999999452	0.4141257129318834	0.37726635628349586
GOTERM_CC_FAT	GO:0060205~cytoplasmic vesicle lumen	3	12.5	0.07719639860303501	P09917, P15692, P05164	24	337	16775	6.222181008902077	0.9999998765083509	0.5458888186928904	0.5100476336271956
GOTERM_BP_FAT	GO:1903670~regulation of sprouting angiogenesis	2	8.333333333333332	0.07766996281346887	P09917, P15692	24	67	19104	23.761194029850746	1.0	0.33217023312165445	0.2908816254386775
GOTERM_MF_FAT	GO:0005261~monoatomic cation channel activity	3	12.5	0.0777192999463214	P31645, P36544	24	349	17305	6.198065902578796	0.9999999999999621	0.4141257129318834	0.37726635628349586
GOTERM_MF_FAT	GO:0070888~E-box binding	2	8.333333333333332	0.07805510819658536	P35869, Q16665	24	61	17305	23.64071038251366	0.9999999999999671	0.4141257129318834	0.37726635628349586
GOTERM_BP_FAT	GO:0060322~head development	4	16.666666666666664	0.07828556409386601	P31645, Q16665, P00533, P42574	24	841	19104	3.7859690844233054	1.0	0.33407513547012824	0.2925497492985993
KEGG_PATHWAY	hsa04082:Neuroactive ligand signaling	3	12.5	0.07846862147685778	P31645, P36544	23	199	9375	6.144854708324229	0.9999915870508692	0.3228423283619291	0.2712772342485655
GOTERM_BP_FAT	GO:0032922~circadian regulation of gene expression	2	8.333333333333332	0.07878429757600428	P35869, Q96EB6	24	68	19104	23.41176470588235	1.0	0.33547413479760607	0.2937748536510875
GOTERM_BP_FAT	GO:0044093~positive regulation of molecular function	3	12.5	0.08078533455557962	P14780, P36544, Q96EB6	24	394	19104	6.060913705583756	1.0	0.34198037225330946	0.2994723687740392
GOTERM_BP_FAT	GO:0048813~dendrite morphogenesis	2	8.333333333333332	0.08100910499123225	P36544	24	70	19104	22.74285714285714	1.0	0.34198037225330946	0.2994723687740392
GOTERM_BP_FAT	GO:0090109~regulation of cell-substrate junction assembly	2	8.333333333333332	0.08100910499123225	P35968, P15692	24	70	19104	22.74285714285714	1.0	0.34198037225330946	0.2994723687740392
GOTERM_BP_FAT	GO:0051893~regulation of focal adhesion assembly	2	8.333333333333332	0.08100910499123225	P35968, P15692	24	70	19104	22.74285714285714	1.0	0.34198037225330946	0.2994723687740392
GOTERM_MF_FAT	GO:0022835~transmitter-gated channel activity	2	8.333333333333332	0.08173946602625187	P36544	24	64	17305	22.532552083333332	0.9999999999999929	0.42195237867605695	0.3843964077991304
GOTERM_MF_FAT	GO:0022824~transmitter-gated monoatomic ion channel activity	2	8.333333333333332	0.08173946602625187	P36544	24	64	17305	22.532552083333332	0.9999999999999929	0.42195237867605695	0.3843964077991304
GOTERM_BP_FAT	GO:2000630~positive regulation of miRNA metabolic process	2	8.333333333333332	0.08211958048721374	Q16665, P00533	24	71	19104	22.422535211267604	1.0	0.34518358992805265	0.30227742796042917
GOTERM_BP_FAT	GO:0032963~collagen metabolic process	2	8.333333333333332	0.08211958048721374	P14780, Q16665	24	71	19104	22.422535211267604	1.0	0.34518358992805265	0.30227742796042917
GOTERM_BP_FAT	GO:0045599~negative regulation of fat cell differentiation	2	8.333333333333332	0.08322877239883865	P15692, Q96EB6	24	72	19104	22.11111111111111	1.0	0.34703205547045135	0.3038961300833957
GOTERM_BP_FAT	GO:0080164~regulation of nitric oxide metabolic process	2	8.333333333333332	0.08322877239883865	P36544, P35354	24	72	19104	22.11111111111111	1.0	0.34703205547045135	0.3038961300833957
GOTERM_BP_FAT	GO:0010632~regulation of epithelial cell migration	2	8.333333333333332	0.08322877239883865	P14780, Q16665	24	72	19104	22.11111111111111	1.0	0.34703205547045135	0.3038961300833957
GOTERM_BP_FAT	GO:0050808~synapse organization	3	12.5	0.0832664789233737	P36544, P42574	24	401	19104	5.9551122194513715	1.0	0.34703205547045135	0.3038961300833957
GOTERM_MF_FAT	GO:0061629~RNA polymerase II-specific DNA-binding transcription factor binding	3	12.5	0.08395011499199002	P35869, Q16665, Q96EB6	24	365	17305	5.926369863013699	0.9999999999999971	0.42758591902586923	0.3895285335628337
GOTERM_BP_FAT	GO:0001570~vasculogenesis	2	8.333333333333332	0.08433668214529236	P35968, P15692	24	73	19104	21.80821917808219	1.0	0.35074768443052734	0.307149908067283
GOTERM_BP_FAT	GO:0002376~immune system process	7	29.166666666666668	0.08493745949228121	P09917, P15692, Q9HC29, P05164, Q16665, P42574, Q9HC97	24	2622	19104	2.1250953470633105	1.0	0.35249943548276536	0.308683917266874
GOTERM_BP_FAT	GO:0030888~regulation of B cell proliferation	2	8.333333333333332	0.0854433111324997	P35869, P42574	24	74	19104	21.513513513513512	1.0	0.3531057257959935	0.30921484597214105
GOTERM_BP_FAT	GO:0061045~negative regulation of wound healing	2	8.333333333333332	0.0854433111324997	P00749, P09917	24	74	19104	21.513513513513512	1.0	0.3531057257959935	0.30921484597214105
GOTERM_CC_FAT	GO:0000791~euchromatin	2	8.333333333333332	0.0854768942832259	Q16665, Q96EB6	24	65	16775	21.506410256410255	0.9999999792724895	0.5817509768552962	0.5435552056476252
GOTERM_BP_FAT	GO:1903131~mononuclear cell differentiation	3	12.5	0.08721364390556324	P14780, P15692, Q96EB6	24	412	19104	5.796116504854369	1.0	0.3596646701399593	0.3149585165413093
GOTERM_BP_FAT	GO:0009895~negative regulation of catabolic process	3	12.5	0.0883001437600916	P08581, P00533	24	415	19104	5.7542168674698795	1.0	0.3633819333355552	0.3182137256259905
GOTERM_MF_FAT	GO:0019900~kinase binding	4	16.666666666666664	0.08903293554307835	Q9HC29, Q16665, P00533, Q96EB6	24	805	17305	3.5828157349896474	0.9999999999999997	0.4475076497033675	0.40767712590777977
GOTERM_BP_FAT	GO:1903037~regulation of leukocyte cell-cell adhesion	3	12.5	0.08939085087144345	P09917, Q9HC29, P42574	24	418	19104	5.712918660287082	1.0	0.3671009210473713	0.3214704448703165
GOTERM_BP_FAT	GO:0001818~negative regulation of cytokine production	3	12.5	0.08975534771513285	P36544, P42574	24	419	19104	5.699284009546539	1.0	0.36747788508530543	0.32180055245116657
GOTERM_BP_FAT	GO:0150116~regulation of cell-substrate junction organization	2	8.333333333333332	0.08985704780486327	P35968, P15692	24	78	19104	20.41025641025641	1.0	0.36747788508530543	0.32180055245116657
KEGG_PATHWAY	hsa05417:Lipid and atherosclerosis	3	12.5	0.09032229127017978	P14780, P11712, P42574	23	216	9375	5.661231884057971	0.9999986789476525	0.3581312083676586	0.3009296959200464
GOTERM_BP_FAT	GO:0031016~pancreas development	2	8.333333333333332	0.09095729419990009	P08581	24	79	19104	20.151898734177212	1.0	0.370433959573452	0.3243891882357433
GOTERM_BP_FAT	GO:0007589~body fluid secretion	2	8.333333333333332	0.09095729419990009	P15692, Q16665	24	79	19104	20.151898734177212	1.0	0.370433959573452	0.3243891882357433
GOTERM_CC_FAT	GO:0030139~endocytic vesicle	3	12.5	0.09144232087096749	Q9HC29, P05164, P00533	24	372	16775	5.636760752688172	0.9999999943272235	0.5817509768552962	0.5435552056476252
GOTERM_MF_FAT	GO:0002039~p53 binding	2	8.333333333333332	0.09149569470378884	Q16665, Q96EB6	24	72	17305	20.028935185185183	0.9999999999999999	0.4539137061928225	0.4135130098301106
GOTERM_BP_FAT	GO:0045892~negative regulation of DNA-templated transcription	5	20.833333333333336	0.09199763192322245	P35869, P27695, P15692, Q16665, Q96EB6	24	1449	19104	2.7467218771566597	1.0	0.3733604435449612	0.32695191159133385
KEGG_PATHWAY	hsa05033:Nicotine addiction	2	8.333333333333332	0.09201982437224561	P36544	23	41	9375	19.88335100742312	0.9999989886059273	0.3581312083676586	0.3009296959200464
GOTERM_BP_FAT	GO:0071621~granulocyte chemotaxis	2	8.333333333333332	0.09205626830145758	P15692, Q9HC97	24	80	19104	19.900000000000002	1.0	0.3733604435449612	0.32695191159133385
GOTERM_BP_FAT	GO:0006970~response to osmotic stress	2	8.333333333333332	0.09315397150422841	P35354, P42574	24	81	19104	19.65432098765432	1.0	0.37625770794814895	0.32948904735754864
GOTERM_BP_FAT	GO:1904063~negative regulation of cation transmembrane transport	2	8.333333333333332	0.09315397150422841	P14780, Q9HC97	24	81	19104	19.65432098765432	1.0	0.37625770794814895	0.32948904735754864
GOTERM_BP_FAT	GO:1902679~negative regulation of RNA biosynthetic process	5	20.833333333333336	0.09363153019123578	P35869, P27695, P15692, Q16665, Q96EB6	24	1458	19104	2.729766803840878	1.0	0.3774100487995808	0.330498152769475
GOTERM_CC_FAT	GO:0045202~synapse	6	25.0	0.09378984218550698	P31645, P08581, P36544, P42574	24	1806	16775	2.3221207087486158	0.9999999966011865	0.5817509768552962	0.5435552056476252
GOTERM_CC_FAT	GO:0098552~side of membrane	4	16.666666666666664	0.09402035989580544	P00749, P35968, Q9UNQ0, P36544	24	799	16775	3.4991656236962867	0.9999999967681535	0.5817509768552962	0.5435552056476252
GOTERM_BP_FAT	GO:0032371~regulation of sterol transport	2	8.333333333333332	0.09425040522723326	P05164, Q96EB6	24	82	19104	19.414634146341463	1.0	0.3775786642062426	0.3306458093583959
GOTERM_BP_FAT	GO:0032374~regulation of cholesterol transport	2	8.333333333333332	0.09425040522723326	P05164, Q96EB6	24	82	19104	19.414634146341463	1.0	0.3775786642062426	0.3306458093583959
GOTERM_BP_FAT	GO:0032007~negative regulation of TOR signaling	2	8.333333333333332	0.09425040522723326	Q16665, Q96EB6	24	82	19104	19.414634146341463	1.0	0.3775786642062426	0.3306458093583959
GOTERM_BP_FAT	GO:0002697~regulation of immune effector process	3	12.5	0.09490605921712054	P35869, Q9HC29, Q96EB6	24	433	19104	5.515011547344111	1.0	0.37943094550551454	0.33226785294140576
GOTERM_MF_FAT	GO:0005230~extracellular ligand-gated monoatomic ion channel activity	2	8.333333333333332	0.09512865458814082	P36544	24	75	17305	19.227777777777774	1.0	0.46588648785474096	0.4244201512393975
GOTERM_BP_FAT	GO:0032720~negative regulation of tumor necrosis factor production	2	8.333333333333332	0.09534557085957526	P36544	24	83	19104	19.180722891566262	1.0	0.3804133243848501	0.33312812257644286
GOTERM_BP_FAT	GO:0030900~forebrain development	3	12.5	0.09639372244950026	Q16665, P00533, P42574	24	437	19104	5.464530892448512	1.0	0.38321999843336574	0.3355859283275373
GOTERM_BP_FAT	GO:0030500~regulation of bone mineralization	2	8.333333333333332	0.09643946980442317	P09917, Q16665	24	84	19104	18.952380952380953	1.0	0.38321999843336574	0.3355859283275373
GOTERM_BP_FAT	GO:0001701~in utero embryonic development	3	12.5	0.09714016651109941	P15692, Q16665, P00533	24	439	19104	5.439635535307517	1.0	0.3844488335534501	0.33666201980559385
GOTERM_CC_FAT	GO:0031253~cell projection membrane	3	12.5	0.09734832686894719	Q9UNQ0, P36544, P00533	24	386	16775	5.432318652849741	0.999999998440455	0.5840899612136832	0.5457406203259161
GOTERM_BP_FAT	GO:0003151~outflow tract morphogenesis	2	8.333333333333332	0.0975321034689853	P15692, Q16665	24	85	19104	18.729411764705883	1.0	0.3844488335534501	0.33666201980559385
GOTERM_BP_FAT	GO:0050730~regulation of peptidyl-tyrosine phosphorylation	2	8.333333333333332	0.0975321034689853	P15692, P00533	24	85	19104	18.729411764705883	1.0	0.3844488335534501	0.33666201980559385
GOTERM_BP_FAT	GO:1903556~negative regulation of tumor necrosis factor superfamily cytokine production	2	8.333333333333332	0.0975321034689853	P36544	24	85	19104	18.729411764705883	1.0	0.3844488335534501	0.33666201980559385
KEGG_PATHWAY	hsa05022:Pathways of neurodegeneration - multiple diseases	4	16.666666666666664	0.09989487621103811	P36544, P35354, P42574	23	480	9375	3.3967391304347823	0.9999997089735593	0.37854900458919705	0.31808631635620027
