rank,pair_key,herb_a,herb_b,n_a,n_b,n_union,n_inter,weighted_common,complement,core_common_count,score_initial,selected,cutoff_tie,common_target_weights
1,甘草__马齿苋,甘草,马齿苋,67,63,68,62,157,0.09523809523809523,19,164.47619047619048,True,False,"[{""gene"": ""ABCG2"", ""grade"": ""normal"", ""weight"": 1}, {""gene"": ""AHR"", ""grade"": ""normal"", ""weight"": 1}, {""gene"": ""AKT1"", ""grade"": ""important"", ""weight"": 2}, {""gene"": ""ALOX5"", ""grade"": ""important"", ""weight"": 2}, {""gene"": ""BAX"", ""grade"": ""important"", ""weight"": 2}, {""gene"": ""BCL2"", ""grade"": ""normal"", ""weight"": 1}, {""gene"": ""BIRC5"", ""grade"": ""normal"", ""weight"": 1}, {""gene"": ""CASP3"", ""grade"": ""important"", ""weight"": 2}, {""gene"": ""CASP8"", ""grade"": ""important"", ""weight"": 2}, {""gene"": ""CCL2"", ""grade"": ""important"", ""weight"": 2}, {""gene"": ""CCND1"", ""grade"": ""important"", ""weight"": 2}, {""gene"": ""CD40LG"", ""grade"": ""important"", ""weight"": 2}, {""gene"": ""CDK4"", ""grade"": ""normal"", ""weight"": 1}, {""gene"": ""CDKN1A"", ""grade"": ""important"", ""weight"": 2}, {""gene"": ""CHEK2"", ""grade"": ""normal"", ""weight"": 1}, {""gene"": ""CHUK"", ""grade"": ""normal"", ""weight"": 1}, {""gene"": ""CXCL10"", ""grade"": ""core"", ""weight"": 5}, {""gene"": ""CXCL8"", ""grade"": ""core"", ""weight"": 5}, {""gene"": ""CYP1A2"", ""grade"": ""normal"", ""weight"": 1}, {""gene"": ""CYP3A4"", ""grade"": ""important"", ""weight"": 2}, {""gene"": ""DUOX2"", ""grade"": ""normal"", ""weight"": 1}, {""gene"": ""EGFR"", ""grade"": ""important"", ""weight"": 2}, {""gene"": ""ERBB2"", ""grade"": ""normal"", ""weight"": 1}, {""gene"": ""GSTM1"", ""grade"": ""normal"", ""weight"": 1}, {""gene"": ""GSTP1"", ""grade"": ""normal"", ""weight"": 1}, {""gene"": ""HIF1A"", ""grade"": ""core"", ""weight"": 5}, {""gene"": ""HMOX1"", ""grade"": ""normal"", ""weight"": 1}, {""gene"": ""ICAM1"", ""grade"": ""core"", ""weight"": 5}, {""gene"": ""IFNG"", ""grade"": ""core"", ""weight"": 5}, {""gene"": ""IGF2"", ""grade"": ""important"", ""weight"": 2}, {""gene"": ""IKBKB"", ""grade"": ""important"", ""weight"": 2}, {""gene"": ""IL10"", ""grade"": ""core"", ""weight"": 5}, {""gene"": ""IL1A"", ""grade"": ""normal"", ""weight"": 1}, {""gene"": ""IL1B"", ""grade"": ""core"", ""weight"": 5}, {""gene"": ""IL2"", ""grade"": ""core"", ""weight"": 5}, {""gene"": ""IL4"", ""grade"": ""core"", ""weight"": 5}, {""gene"": ""IL6"", ""grade"": ""core"", ""weight"": 5}, {""gene"": ""MAPK1"", ""grade"": ""normal"", ""weight"": 1}, {""gene"": ""MMP1"", ""grade"": ""important"", ""weight"": 2}, {""gene"": ""MMP2"", ""grade"": ""normal"", ""weight"": 1}, {""gene"": ""MMP3"", ""grade"": ""normal"", ""weight"": 1}, {""gene"": ""MMP9"", ""grade"": ""core"", ""weight"": 5}, {""gene"": ""MPO"", ""grade"": ""core"", ""weight"": 5}, {""gene"": ""MYC"", ""grade"": ""important"", ""weight"": 2}, {""gene"": ""NFE2L2"", ""grade"": ""core"", ""weight"": 5}, {""gene"": ""NFKBIA"", ""grade"": ""core"", ""weight"": 5}, {""gene"": ""NOS2"", ""grade"": ""core"", ""weight"": 5}, {""gene"": ""NOS3"", ""grade"": ""normal"", ""weight"": 1}, {""gene"": ""NR1I2"", ""grade"": ""important"", ""weight"": 2}, {""gene"": ""ODC1"", ""grade"": ""normal"", ""weight"": 1}, {""gene"": ""PLAU"", ""grade"": ""normal"", ""weight"": 1}, {""gene"": ""PPARA"", ""grade"": ""normal"", ""weight"": 1}, {""gene"": ""PPARG"", ""grade"": ""core"", ""weight"": 5}, {""gene"": ""PTGS1"", ""grade"": ""important"", ""weight"": 2}, {""gene"": ""PTGS2"", ""grade"": ""core"", ""weight"": 5}, {""gene"": ""RB1"", ""grade"": ""normal"", ""weight"": 1}, {""gene"": ""RELA"", ""grade"": ""important"", ""weight"": 2}, {""gene"": ""SLC6A4"", ""grade"": ""normal"", ""weight"": 1}, {""gene"": ""STAT1"", ""grade"": ""important"", ""weight"": 2}, {""gene"": ""TNF"", ""grade"": ""core"", ""weight"": 5}, {""gene"": ""TP53"", ""grade"": ""core"", ""weight"": 5}, {""gene"": ""VCAM1"", ""grade"": ""normal"", ""weight"": 1}]"
2,甘草__黄芪,甘草,黄芪,67,63,68,62,157,0.09523809523809523,19,164.47619047619048,True,False,"[{""gene"": ""ABCG2"", ""grade"": ""normal"", ""weight"": 1}, {""gene"": ""AHR"", ""grade"": ""normal"", ""weight"": 1}, {""gene"": ""AKT1"", ""grade"": ""important"", ""weight"": 2}, {""gene"": ""ALOX5"", ""grade"": ""important"", ""weight"": 2}, {""gene"": ""BAX"", ""grade"": ""important"", ""weight"": 2}, {""gene"": ""BCL2"", ""grade"": ""normal"", ""weight"": 1}, {""gene"": ""BIRC5"", ""grade"": ""normal"", ""weight"": 1}, {""gene"": ""CASP3"", ""grade"": ""important"", ""weight"": 2}, {""gene"": ""CASP8"", ""grade"": ""important"", ""weight"": 2}, {""gene"": ""CCL2"", ""grade"": ""important"", ""weight"": 2}, {""gene"": ""CCND1"", ""grade"": ""important"", ""weight"": 2}, {""gene"": ""CD40LG"", ""grade"": ""important"", ""weight"": 2}, {""gene"": ""CDKN1A"", ""grade"": ""important"", ""weight"": 2}, {""gene"": ""CHEK2"", ""grade"": ""normal"", ""weight"": 1}, {""gene"": ""CHUK"", ""grade"": ""normal"", ""weight"": 1}, {""gene"": ""CXCL10"", ""grade"": ""core"", ""weight"": 5}, {""gene"": ""CXCL8"", ""grade"": ""core"", ""weight"": 5}, {""gene"": ""CYP1A2"", ""grade"": ""normal"", ""weight"": 1}, {""gene"": ""CYP3A4"", ""grade"": ""important"", ""weight"": 2}, {""gene"": ""DUOX2"", ""grade"": ""normal"", ""weight"": 1}, {""gene"": ""EGFR"", ""grade"": ""important"", ""weight"": 2}, {""gene"": ""ERBB2"", ""grade"": ""normal"", ""weight"": 1}, {""gene"": ""GSTM1"", ""grade"": ""normal"", ""weight"": 1}, {""gene"": ""GSTP1"", ""grade"": ""normal"", ""weight"": 1}, {""gene"": ""HIF1A"", ""grade"": ""core"", ""weight"": 5}, {""gene"": ""HMOX1"", ""grade"": ""normal"", ""weight"": 1}, {""gene"": ""ICAM1"", ""grade"": ""core"", ""weight"": 5}, {""gene"": ""IFNG"", ""grade"": ""core"", ""weight"": 5}, {""gene"": ""IGF2"", ""grade"": ""important"", ""weight"": 2}, {""gene"": ""IKBKB"", ""grade"": ""important"", ""weight"": 2}, {""gene"": ""IL10"", ""grade"": ""core"", ""weight"": 5}, {""gene"": ""IL1A"", ""grade"": ""normal"", ""weight"": 1}, {""gene"": ""IL1B"", ""grade"": ""core"", ""weight"": 5}, {""gene"": ""IL2"", ""grade"": ""core"", ""weight"": 5}, {""gene"": ""IL4"", ""grade"": ""core"", ""weight"": 5}, {""gene"": ""IL6"", ""grade"": ""core"", ""weight"": 5}, {""gene"": ""KDR"", ""grade"": ""normal"", ""weight"": 1}, {""gene"": ""MAPK1"", ""grade"": ""normal"", ""weight"": 1}, {""gene"": ""MMP1"", ""grade"": ""important"", ""weight"": 2}, {""gene"": ""MMP2"", ""grade"": ""normal"", ""weight"": 1}, {""gene"": ""MMP3"", ""grade"": ""normal"", ""weight"": 1}, {""gene"": ""MMP9"", ""grade"": ""core"", ""weight"": 5}, {""gene"": ""MPO"", ""grade"": ""core"", ""weight"": 5}, {""gene"": ""MYC"", ""grade"": ""important"", ""weight"": 2}, {""gene"": ""NFE2L2"", ""grade"": ""core"", ""weight"": 5}, {""gene"": ""NFKBIA"", ""grade"": ""core"", ""weight"": 5}, {""gene"": ""NOS2"", ""grade"": ""core"", ""weight"": 5}, {""gene"": ""NOS3"", ""grade"": ""normal"", ""weight"": 1}, {""gene"": ""NR1I2"", ""grade"": ""important"", ""weight"": 2}, {""gene"": ""ODC1"", ""grade"": ""normal"", ""weight"": 1}, {""gene"": ""PLAU"", ""grade"": ""normal"", ""weight"": 1}, {""gene"": ""PPARA"", ""grade"": ""normal"", ""weight"": 1}, {""gene"": ""PPARG"", ""grade"": ""core"", ""weight"": 5}, {""gene"": ""PTGS1"", ""grade"": ""important"", ""weight"": 2}, {""gene"": ""PTGS2"", ""grade"": ""core"", ""weight"": 5}, {""gene"": ""RB1"", ""grade"": ""normal"", ""weight"": 1}, {""gene"": ""RELA"", ""grade"": ""important"", ""weight"": 2}, {""gene"": ""SLC6A4"", ""grade"": ""normal"", ""weight"": 1}, {""gene"": ""STAT1"", ""grade"": ""important"", ""weight"": 2}, {""gene"": ""TNF"", ""grade"": ""core"", ""weight"": 5}, {""gene"": ""TP53"", ""grade"": ""core"", ""weight"": 5}, {""gene"": ""VCAM1"", ""grade"": ""normal"", ""weight"": 1}]"
3,甘草__石榴皮,甘草,石榴皮,67,64,68,63,158,0.078125,19,164.171875,True,False,"[{""gene"": ""ABCG2"", ""grade"": ""normal"", ""weight"": 1}, {""gene"": ""AHR"", ""grade"": ""normal"", ""weight"": 1}, {""gene"": ""AKT1"", ""grade"": ""important"", ""weight"": 2}, {""gene"": ""ALOX5"", ""grade"": ""important"", ""weight"": 2}, {""gene"": ""BAX"", ""grade"": ""important"", ""weight"": 2}, {""gene"": ""BCL2"", ""grade"": ""normal"", ""weight"": 1}, {""gene"": ""BIRC5"", ""grade"": ""normal"", ""weight"": 1}, {""gene"": ""CASP3"", ""grade"": ""important"", ""weight"": 2}, {""gene"": ""CASP8"", ""grade"": ""important"", ""weight"": 2}, {""gene"": ""CAT"", ""grade"": ""normal"", ""weight"": 1}, {""gene"": ""CCL2"", ""grade"": ""important"", ""weight"": 2}, {""gene"": ""CCND1"", ""grade"": ""important"", ""weight"": 2}, {""gene"": ""CD40LG"", ""grade"": ""important"", ""weight"": 2}, {""gene"": ""CDK4"", ""grade"": ""normal"", ""weight"": 1}, {""gene"": ""CDKN1A"", ""grade"": ""important"", ""weight"": 2}, {""gene"": ""CHEK2"", ""grade"": ""normal"", ""weight"": 1}, {""gene"": ""CHUK"", ""grade"": ""normal"", ""weight"": 1}, {""gene"": ""CXCL10"", ""grade"": ""core"", ""weight"": 5}, {""gene"": ""CXCL8"", ""grade"": ""core"", ""weight"": 5}, {""gene"": ""CYP1A2"", ""grade"": ""normal"", ""weight"": 1}, {""gene"": ""CYP3A4"", ""grade"": ""important"", ""weight"": 2}, {""gene"": ""DUOX2"", ""grade"": ""normal"", ""weight"": 1}, {""gene"": ""EGFR"", ""grade"": ""important"", ""weight"": 2}, {""gene"": ""ERBB2"", ""grade"": ""normal"", ""weight"": 1}, {""gene"": ""GSTM1"", ""grade"": ""normal"", ""weight"": 1}, {""gene"": ""GSTP1"", ""grade"": ""normal"", ""weight"": 1}, {""gene"": ""HIF1A"", ""grade"": ""core"", ""weight"": 5}, {""gene"": ""HMOX1"", ""grade"": ""normal"", ""weight"": 1}, {""gene"": ""ICAM1"", ""grade"": ""core"", ""weight"": 5}, {""gene"": ""IFNG"", ""grade"": ""core"", ""weight"": 5}, {""gene"": ""IGF2"", ""grade"": ""important"", ""weight"": 2}, {""gene"": ""IKBKB"", ""grade"": ""important"", ""weight"": 2}, {""gene"": ""IL10"", ""grade"": ""core"", ""weight"": 5}, {""gene"": ""IL1A"", ""grade"": ""normal"", ""weight"": 1}, {""gene"": ""IL1B"", ""grade"": ""core"", ""weight"": 5}, {""gene"": ""IL2"", ""grade"": ""core"", ""weight"": 5}, {""gene"": ""IL4"", ""grade"": ""core"", ""weight"": 5}, {""gene"": ""IL6"", ""grade"": ""core"", ""weight"": 5}, {""gene"": ""MAPK1"", ""grade"": ""normal"", ""weight"": 1}, {""gene"": ""MMP1"", ""grade"": ""important"", ""weight"": 2}, {""gene"": ""MMP2"", ""grade"": ""normal"", ""weight"": 1}, {""gene"": ""MMP3"", ""grade"": ""normal"", ""weight"": 1}, {""gene"": ""MMP9"", ""grade"": ""core"", ""weight"": 5}, {""gene"": ""MPO"", ""grade"": ""core"", ""weight"": 5}, {""gene"": ""MYC"", ""grade"": ""important"", ""weight"": 2}, {""gene"": ""NFE2L2"", ""grade"": ""core"", ""weight"": 5}, {""gene"": ""NFKBIA"", ""grade"": ""core"", ""weight"": 5}, {""gene"": ""NOS2"", ""grade"": ""core"", ""weight"": 5}, {""gene"": ""NOS3"", ""grade"": ""normal"", ""weight"": 1}, {""gene"": ""NR1I2"", ""grade"": ""important"", ""weight"": 2}, {""gene"": ""ODC1"", ""grade"": ""normal"", ""weight"": 1}, {""gene"": ""PLAU"", ""grade"": ""normal"", ""weight"": 1}, {""gene"": ""PPARA"", ""grade"": ""normal"", ""weight"": 1}, {""gene"": ""PPARG"", ""grade"": ""core"", ""weight"": 5}, {""gene"": ""PTGS1"", ""grade"": ""important"", ""weight"": 2}, {""gene"": ""PTGS2"", ""grade"": ""core"", ""weight"": 5}, {""gene"": ""RB1"", ""grade"": ""normal"", ""weight"": 1}, {""gene"": ""RELA"", ""grade"": ""important"", ""weight"": 2}, {""gene"": ""SLC6A4"", ""grade"": ""normal"", ""weight"": 1}, {""gene"": ""STAT1"", ""grade"": ""important"", ""weight"": 2}, {""gene"": ""TNF"", ""grade"": ""core"", ""weight"": 5}, {""gene"": ""TP53"", ""grade"": ""core"", ""weight"": 5}, {""gene"": ""VCAM1"", ""grade"": ""normal"", ""weight"": 1}]"
4,乌梅__甘草,乌梅,甘草,61,67,68,60,151,0.13114754098360656,18,160.9016393442623,True,False,"[{""gene"": ""ABCG2"", ""grade"": ""normal"", ""weight"": 1}, {""gene"": ""AHR"", ""grade"": ""normal"", ""weight"": 1}, {""gene"": ""AKT1"", ""grade"": ""important"", ""weight"": 2}, {""gene"": ""ALOX5"", ""grade"": ""important"", ""weight"": 2}, {""gene"": ""BAX"", ""grade"": ""important"", ""weight"": 2}, {""gene"": ""BCL2"", ""grade"": ""normal"", ""weight"": 1}, {""gene"": ""BIRC5"", ""grade"": ""normal"", ""weight"": 1}, {""gene"": ""CASP3"", ""grade"": ""important"", ""weight"": 2}, {""gene"": ""CASP8"", ""grade"": ""important"", ""weight"": 2}, {""gene"": ""CCL2"", ""grade"": ""important"", ""weight"": 2}, {""gene"": ""CCND1"", ""grade"": ""important"", ""weight"": 2}, {""gene"": ""CD40LG"", ""grade"": ""important"", ""weight"": 2}, {""gene"": ""CDKN1A"", ""grade"": ""important"", ""weight"": 2}, {""gene"": ""CHEK2"", ""grade"": ""normal"", ""weight"": 1}, {""gene"": ""CHUK"", ""grade"": ""normal"", ""weight"": 1}, {""gene"": ""CXCL10"", ""grade"": ""core"", ""weight"": 5}, {""gene"": ""CXCL8"", ""grade"": ""core"", ""weight"": 5}, {""gene"": ""CYP1A2"", ""grade"": ""normal"", ""weight"": 1}, {""gene"": ""CYP3A4"", ""grade"": ""important"", ""weight"": 2}, {""gene"": ""DUOX2"", ""grade"": ""normal"", ""weight"": 1}, {""gene"": ""EGFR"", ""grade"": ""important"", ""weight"": 2}, {""gene"": ""ERBB2"", ""grade"": ""normal"", ""weight"": 1}, {""gene"": ""GSTM1"", ""grade"": ""normal"", ""weight"": 1}, {""gene"": ""GSTP1"", ""grade"": ""normal"", ""weight"": 1}, {""gene"": ""HIF1A"", ""grade"": ""core"", ""weight"": 5}, {""gene"": ""HMOX1"", ""grade"": ""normal"", ""weight"": 1}, {""gene"": ""ICAM1"", ""grade"": ""core"", ""weight"": 5}, {""gene"": ""IFNG"", ""grade"": ""core"", ""weight"": 5}, {""gene"": ""IGF2"", ""grade"": ""important"", ""weight"": 2}, {""gene"": ""IKBKB"", ""grade"": ""important"", ""weight"": 2}, {""gene"": ""IL10"", ""grade"": ""core"", ""weight"": 5}, {""gene"": ""IL1A"", ""grade"": ""normal"", ""weight"": 1}, {""gene"": ""IL1B"", ""grade"": ""core"", ""weight"": 5}, {""gene"": ""IL2"", ""grade"": ""core"", ""weight"": 5}, {""gene"": ""IL6"", ""grade"": ""core"", ""weight"": 5}, {""gene"": ""MAPK1"", ""grade"": ""normal"", ""weight"": 1}, {""gene"": ""MMP1"", ""grade"": ""important"", ""weight"": 2}, {""gene"": ""MMP2"", ""grade"": ""normal"", ""weight"": 1}, {""gene"": ""MMP3"", ""grade"": ""normal"", ""weight"": 1}, {""gene"": ""MMP9"", ""grade"": ""core"", ""weight"": 5}, {""gene"": ""MPO"", ""grade"": ""core"", ""weight"": 5}, {""gene"": ""MYC"", ""grade"": ""important"", ""weight"": 2}, {""gene"": ""NFE2L2"", ""grade"": ""core"", ""weight"": 5}, {""gene"": ""NFKBIA"", ""grade"": ""core"", ""weight"": 5}, {""gene"": ""NOS2"", ""grade"": ""core"", ""weight"": 5}, {""gene"": ""NOS3"", ""grade"": ""normal"", ""weight"": 1}, {""gene"": ""NR1I2"", ""grade"": ""important"", ""weight"": 2}, {""gene"": ""ODC1"", ""grade"": ""normal"", ""weight"": 1}, {""gene"": ""PLAU"", ""grade"": ""normal"", ""weight"": 1}, {""gene"": ""PPARA"", ""grade"": ""normal"", ""weight"": 1}, {""gene"": ""PPARG"", ""grade"": ""core"", ""weight"": 5}, {""gene"": ""PTGS1"", ""grade"": ""important"", ""weight"": 2}, {""gene"": ""PTGS2"", ""grade"": ""core"", ""weight"": 5}, {""gene"": ""RB1"", ""grade"": ""normal"", ""weight"": 1}, {""gene"": ""RELA"", ""grade"": ""important"", ""weight"": 2}, {""gene"": ""SLC6A4"", ""grade"": ""normal"", ""weight"": 1}, {""gene"": ""STAT1"", ""grade"": ""important"", ""weight"": 2}, {""gene"": ""TNF"", ""grade"": ""core"", ""weight"": 5}, {""gene"": ""TP53"", ""grade"": ""core"", ""weight"": 5}, {""gene"": ""VCAM1"", ""grade"": ""normal"", ""weight"": 1}]"
5,石榴皮__黄芪,石榴皮,黄芪,64,63,65,62,157,0.047619047619047616,19,160.7380952380952,True,False,"[{""gene"": ""ABCG2"", ""grade"": ""normal"", ""weight"": 1}, {""gene"": ""AHR"", ""grade"": ""normal"", ""weight"": 1}, {""gene"": ""AKT1"", ""grade"": ""important"", ""weight"": 2}, {""gene"": ""ALOX5"", ""grade"": ""important"", ""weight"": 2}, {""gene"": ""BAX"", ""grade"": ""important"", ""weight"": 2}, {""gene"": ""BCL2"", ""grade"": ""normal"", ""weight"": 1}, {""gene"": ""BIRC5"", ""grade"": ""normal"", ""weight"": 1}, {""gene"": ""CASP3"", ""grade"": ""important"", ""weight"": 2}, {""gene"": ""CASP8"", ""grade"": ""important"", ""weight"": 2}, {""gene"": ""CCL2"", ""grade"": ""important"", ""weight"": 2}, {""gene"": ""CCND1"", ""grade"": ""important"", ""weight"": 2}, {""gene"": ""CD40LG"", ""grade"": ""important"", ""weight"": 2}, {""gene"": ""CDKN1A"", ""grade"": ""important"", ""weight"": 2}, {""gene"": ""CHEK2"", ""grade"": ""normal"", ""weight"": 1}, {""gene"": ""CHUK"", ""grade"": ""normal"", ""weight"": 1}, {""gene"": ""CXCL10"", ""grade"": ""core"", ""weight"": 5}, {""gene"": ""CXCL8"", ""grade"": ""core"", ""weight"": 5}, {""gene"": ""CYP1A2"", ""grade"": ""normal"", ""weight"": 1}, {""gene"": ""CYP3A4"", ""grade"": ""important"", ""weight"": 2}, {""gene"": ""DUOX2"", ""grade"": ""normal"", ""weight"": 1}, {""gene"": ""EGFR"", ""grade"": ""important"", ""weight"": 2}, {""gene"": ""ERBB2"", ""grade"": ""normal"", ""weight"": 1}, {""gene"": ""GSTM1"", ""grade"": ""normal"", ""weight"": 1}, {""gene"": ""GSTP1"", ""grade"": ""normal"", ""weight"": 1}, {""gene"": ""HIF1A"", ""grade"": ""core"", ""weight"": 5}, {""gene"": ""HMOX1"", ""grade"": ""normal"", ""weight"": 1}, {""gene"": ""ICAM1"", ""grade"": ""core"", ""weight"": 5}, {""gene"": ""IFNG"", ""grade"": ""core"", ""weight"": 5}, {""gene"": ""IGF2"", ""grade"": ""important"", ""weight"": 2}, {""gene"": ""IKBKB"", ""grade"": ""important"", ""weight"": 2}, {""gene"": ""IL10"", ""grade"": ""core"", ""weight"": 5}, {""gene"": ""IL1A"", ""grade"": ""normal"", ""weight"": 1}, {""gene"": ""IL1B"", ""grade"": ""core"", ""weight"": 5}, {""gene"": ""IL2"", ""grade"": ""core"", ""weight"": 5}, {""gene"": ""IL4"", ""grade"": ""core"", ""weight"": 5}, {""gene"": ""IL6"", ""grade"": ""core"", ""weight"": 5}, {""gene"": ""MAPK1"", ""grade"": ""normal"", ""weight"": 1}, {""gene"": ""MET"", ""grade"": ""normal"", ""weight"": 1}, {""gene"": ""MMP1"", ""grade"": ""important"", ""weight"": 2}, {""gene"": ""MMP2"", ""grade"": ""normal"", ""weight"": 1}, {""gene"": ""MMP3"", ""grade"": ""normal"", ""weight"": 1}, {""gene"": ""MMP9"", ""grade"": ""core"", ""weight"": 5}, {""gene"": ""MPO"", ""grade"": ""core"", ""weight"": 5}, {""gene"": ""MYC"", ""grade"": ""important"", ""weight"": 2}, {""gene"": ""NFE2L2"", ""grade"": ""core"", ""weight"": 5}, {""gene"": ""NFKBIA"", ""grade"": ""core"", ""weight"": 5}, {""gene"": ""NOS2"", ""grade"": ""core"", ""weight"": 5}, {""gene"": ""NOS3"", ""grade"": ""normal"", ""weight"": 1}, {""gene"": ""NR1I2"", ""grade"": ""important"", ""weight"": 2}, {""gene"": ""ODC1"", ""grade"": ""normal"", ""weight"": 1}, {""gene"": ""PLAU"", ""grade"": ""normal"", ""weight"": 1}, {""gene"": ""PPARA"", ""grade"": ""normal"", ""weight"": 1}, {""gene"": ""PPARG"", ""grade"": ""core"", ""weight"": 5}, {""gene"": ""PTGS1"", ""grade"": ""important"", ""weight"": 2}, {""gene"": ""PTGS2"", ""grade"": ""core"", ""weight"": 5}, {""gene"": ""RB1"", ""grade"": ""normal"", ""weight"": 1}, {""gene"": ""RELA"", ""grade"": ""important"", ""weight"": 2}, {""gene"": ""SLC6A4"", ""grade"": ""normal"", ""weight"": 1}, {""gene"": ""STAT1"", ""grade"": ""important"", ""weight"": 2}, {""gene"": ""TNF"", ""grade"": ""core"", ""weight"": 5}, {""gene"": ""TP53"", ""grade"": ""core"", ""weight"": 5}, {""gene"": ""VCAM1"", ""grade"": ""normal"", ""weight"": 1}]"
6,甘草__鱼腥草,甘草,鱼腥草,67,59,67,59,150,0.13559322033898305,18,160.16949152542372,True,False,"[{""gene"": ""ABCG2"", ""grade"": ""normal"", ""weight"": 1}, {""gene"": ""AHR"", ""grade"": ""normal"", ""weight"": 1}, {""gene"": ""AKT1"", ""grade"": ""important"", ""weight"": 2}, {""gene"": ""ALOX5"", ""grade"": ""important"", ""weight"": 2}, {""gene"": ""BAX"", ""grade"": ""important"", ""weight"": 2}, {""gene"": ""BCL2"", ""grade"": ""normal"", ""weight"": 1}, {""gene"": ""BIRC5"", ""grade"": ""normal"", ""weight"": 1}, {""gene"": ""CASP3"", ""grade"": ""important"", ""weight"": 2}, {""gene"": ""CASP8"", ""grade"": ""important"", ""weight"": 2}, {""gene"": ""CCL2"", ""grade"": ""important"", ""weight"": 2}, {""gene"": ""CCND1"", ""grade"": ""important"", ""weight"": 2}, {""gene"": ""CD40LG"", ""grade"": ""important"", ""weight"": 2}, {""gene"": ""CDKN1A"", ""grade"": ""important"", ""weight"": 2}, {""gene"": ""CHEK2"", ""grade"": ""normal"", ""weight"": 1}, {""gene"": ""CHUK"", ""grade"": ""normal"", ""weight"": 1}, {""gene"": ""CXCL10"", ""grade"": ""core"", ""weight"": 5}, {""gene"": ""CXCL8"", ""grade"": ""core"", ""weight"": 5}, {""gene"": ""CYP1A2"", ""grade"": ""normal"", ""weight"": 1}, {""gene"": ""CYP3A4"", ""grade"": ""important"", ""weight"": 2}, {""gene"": ""DUOX2"", ""grade"": ""normal"", ""weight"": 1}, {""gene"": ""EGFR"", ""grade"": ""important"", ""weight"": 2}, {""gene"": ""ERBB2"", ""grade"": ""normal"", ""weight"": 1}, {""gene"": ""GSTM1"", ""grade"": ""normal"", ""weight"": 1}, {""gene"": ""GSTP1"", ""grade"": ""normal"", ""weight"": 1}, {""gene"": ""HIF1A"", ""grade"": ""core"", ""weight"": 5}, {""gene"": ""HMOX1"", ""grade"": ""normal"", ""weight"": 1}, {""gene"": ""ICAM1"", ""grade"": ""core"", ""weight"": 5}, {""gene"": ""IFNG"", ""grade"": ""core"", ""weight"": 5}, {""gene"": ""IGF2"", ""grade"": ""important"", ""weight"": 2}, {""gene"": ""IKBKB"", ""grade"": ""important"", ""weight"": 2}, {""gene"": ""IL10"", ""grade"": ""core"", ""weight"": 5}, {""gene"": ""IL1A"", ""grade"": ""normal"", ""weight"": 1}, {""gene"": ""IL1B"", ""grade"": ""core"", ""weight"": 5}, {""gene"": ""IL2"", ""grade"": ""core"", ""weight"": 5}, {""gene"": ""IL6"", ""grade"": ""core"", ""weight"": 5}, {""gene"": ""MAPK1"", ""grade"": ""normal"", ""weight"": 1}, {""gene"": ""MMP1"", ""grade"": ""important"", ""weight"": 2}, {""gene"": ""MMP2"", ""grade"": ""normal"", ""weight"": 1}, {""gene"": ""MMP3"", ""grade"": ""normal"", ""weight"": 1}, {""gene"": ""MMP9"", ""grade"": ""core"", ""weight"": 5}, {""gene"": ""MPO"", ""grade"": ""core"", ""weight"": 5}, {""gene"": ""MYC"", ""grade"": ""important"", ""weight"": 2}, {""gene"": ""NFE2L2"", ""grade"": ""core"", ""weight"": 5}, {""gene"": ""NFKBIA"", ""grade"": ""core"", ""weight"": 5}, {""gene"": ""NOS2"", ""grade"": ""core"", ""weight"": 5}, {""gene"": ""NOS3"", ""grade"": ""normal"", ""weight"": 1}, {""gene"": ""NR1I2"", ""grade"": ""important"", ""weight"": 2}, {""gene"": ""ODC1"", ""grade"": ""normal"", ""weight"": 1}, {""gene"": ""PLAU"", ""grade"": ""normal"", ""weight"": 1}, {""gene"": ""PPARA"", ""grade"": ""normal"", ""weight"": 1}, {""gene"": ""PPARG"", ""grade"": ""core"", ""weight"": 5}, {""gene"": ""PTGS1"", ""grade"": ""important"", ""weight"": 2}, {""gene"": ""PTGS2"", ""grade"": ""core"", ""weight"": 5}, {""gene"": ""RB1"", ""grade"": ""normal"", ""weight"": 1}, {""gene"": ""RELA"", ""grade"": ""important"", ""weight"": 2}, {""gene"": ""STAT1"", ""grade"": ""important"", ""weight"": 2}, {""gene"": ""TNF"", ""grade"": ""core"", ""weight"": 5}, {""gene"": ""TP53"", ""grade"": ""core"", ""weight"": 5}, {""gene"": ""VCAM1"", ""grade"": ""normal"", ""weight"": 1}]"
7,栀子__甘草,栀子,甘草,60,67,67,60,151,0.11666666666666667,18,159.80833333333334,True,False,"[{""gene"": ""ABCG2"", ""grade"": ""normal"", ""weight"": 1}, {""gene"": ""AHR"", ""grade"": ""normal"", ""weight"": 1}, {""gene"": ""AKT1"", ""grade"": ""important"", ""weight"": 2}, {""gene"": ""ALOX5"", ""grade"": ""important"", ""weight"": 2}, {""gene"": ""BAX"", ""grade"": ""important"", ""weight"": 2}, {""gene"": ""BCL2"", ""grade"": ""normal"", ""weight"": 1}, {""gene"": ""BIRC5"", ""grade"": ""normal"", ""weight"": 1}, {""gene"": ""CASP3"", ""grade"": ""important"", ""weight"": 2}, {""gene"": ""CASP8"", ""grade"": ""important"", ""weight"": 2}, {""gene"": ""CCL2"", ""grade"": ""important"", ""weight"": 2}, {""gene"": ""CCND1"", ""grade"": ""important"", ""weight"": 2}, {""gene"": ""CD40LG"", ""grade"": ""important"", ""weight"": 2}, {""gene"": ""CDKN1A"", ""grade"": ""important"", ""weight"": 2}, {""gene"": ""CHEK2"", ""grade"": ""normal"", ""weight"": 1}, {""gene"": ""CHUK"", ""grade"": ""normal"", ""weight"": 1}, {""gene"": ""CXCL10"", ""grade"": ""core"", ""weight"": 5}, {""gene"": ""CXCL8"", ""grade"": ""core"", ""weight"": 5}, {""gene"": ""CYP1A2"", ""grade"": ""normal"", ""weight"": 1}, {""gene"": ""CYP3A4"", ""grade"": ""important"", ""weight"": 2}, {""gene"": ""DUOX2"", ""grade"": ""normal"", ""weight"": 1}, {""gene"": ""EGFR"", ""grade"": ""important"", ""weight"": 2}, {""gene"": ""ERBB2"", ""grade"": ""normal"", ""weight"": 1}, {""gene"": ""GSTM1"", ""grade"": ""normal"", ""weight"": 1}, {""gene"": ""GSTP1"", ""grade"": ""normal"", ""weight"": 1}, {""gene"": ""HIF1A"", ""grade"": ""core"", ""weight"": 5}, {""gene"": ""HMOX1"", ""grade"": ""normal"", ""weight"": 1}, {""gene"": ""ICAM1"", ""grade"": ""core"", ""weight"": 5}, {""gene"": ""IFNG"", ""grade"": ""core"", ""weight"": 5}, {""gene"": ""IGF2"", ""grade"": ""important"", ""weight"": 2}, {""gene"": ""IKBKB"", ""grade"": ""important"", ""weight"": 2}, {""gene"": ""IL10"", ""grade"": ""core"", ""weight"": 5}, {""gene"": ""IL1A"", ""grade"": ""normal"", ""weight"": 1}, {""gene"": ""IL1B"", ""grade"": ""core"", ""weight"": 5}, {""gene"": ""IL2"", ""grade"": ""core"", ""weight"": 5}, {""gene"": ""IL6"", ""grade"": ""core"", ""weight"": 5}, {""gene"": ""MAPK1"", ""grade"": ""normal"", ""weight"": 1}, {""gene"": ""MMP1"", ""grade"": ""important"", ""weight"": 2}, {""gene"": ""MMP2"", ""grade"": ""normal"", ""weight"": 1}, {""gene"": ""MMP3"", ""grade"": ""normal"", ""weight"": 1}, {""gene"": ""MMP9"", ""grade"": ""core"", ""weight"": 5}, {""gene"": ""MPO"", ""grade"": ""core"", ""weight"": 5}, {""gene"": ""MYC"", ""grade"": ""important"", ""weight"": 2}, {""gene"": ""NFE2L2"", ""grade"": ""core"", ""weight"": 5}, {""gene"": ""NFKBIA"", ""grade"": ""core"", ""weight"": 5}, {""gene"": ""NOS2"", ""grade"": ""core"", ""weight"": 5}, {""gene"": ""NOS3"", ""grade"": ""normal"", ""weight"": 1}, {""gene"": ""NR1I2"", ""grade"": ""important"", ""weight"": 2}, {""gene"": ""ODC1"", ""grade"": ""normal"", ""weight"": 1}, {""gene"": ""PLAU"", ""grade"": ""normal"", ""weight"": 1}, {""gene"": ""PPARA"", ""grade"": ""normal"", ""weight"": 1}, {""gene"": ""PPARG"", ""grade"": ""core"", ""weight"": 5}, {""gene"": ""PTGS1"", ""grade"": ""important"", ""weight"": 2}, {""gene"": ""PTGS2"", ""grade"": ""core"", ""weight"": 5}, {""gene"": ""RB1"", ""grade"": ""normal"", ""weight"": 1}, {""gene"": ""RELA"", ""grade"": ""important"", ""weight"": 2}, {""gene"": ""SLC6A4"", ""grade"": ""normal"", ""weight"": 1}, {""gene"": ""STAT1"", ""grade"": ""important"", ""weight"": 2}, {""gene"": ""TNF"", ""grade"": ""core"", ""weight"": 5}, {""gene"": ""TP53"", ""grade"": ""core"", ""weight"": 5}, {""gene"": ""VCAM1"", ""grade"": ""normal"", ""weight"": 1}]"
8,槐花__甘草,槐花,甘草,60,67,67,60,151,0.11666666666666667,18,159.80833333333334,True,False,"[{""gene"": ""ABCG2"", ""grade"": ""normal"", ""weight"": 1}, {""gene"": ""AHR"", ""grade"": ""normal"", ""weight"": 1}, {""gene"": ""AKT1"", ""grade"": ""important"", ""weight"": 2}, {""gene"": ""ALOX5"", ""grade"": ""important"", ""weight"": 2}, {""gene"": ""BAX"", ""grade"": ""important"", ""weight"": 2}, {""gene"": ""BCL2"", ""grade"": ""normal"", ""weight"": 1}, {""gene"": ""BIRC5"", ""grade"": ""normal"", ""weight"": 1}, {""gene"": ""CASP3"", ""grade"": ""important"", ""weight"": 2}, {""gene"": ""CASP8"", ""grade"": ""important"", ""weight"": 2}, {""gene"": ""CCL2"", ""grade"": ""important"", ""weight"": 2}, {""gene"": ""CCND1"", ""grade"": ""important"", ""weight"": 2}, {""gene"": ""CD40LG"", ""grade"": ""important"", ""weight"": 2}, {""gene"": ""CDKN1A"", ""grade"": ""important"", ""weight"": 2}, {""gene"": ""CHEK2"", ""grade"": ""normal"", ""weight"": 1}, {""gene"": ""CHUK"", ""grade"": ""normal"", ""weight"": 1}, {""gene"": ""CXCL10"", ""grade"": ""core"", ""weight"": 5}, {""gene"": ""CXCL8"", ""grade"": ""core"", ""weight"": 5}, {""gene"": ""CYP1A2"", ""grade"": ""normal"", ""weight"": 1}, {""gene"": ""CYP3A4"", ""grade"": ""important"", ""weight"": 2}, {""gene"": ""DUOX2"", ""grade"": ""normal"", ""weight"": 1}, {""gene"": ""EGFR"", ""grade"": ""important"", ""weight"": 2}, {""gene"": ""ERBB2"", ""grade"": ""normal"", ""weight"": 1}, {""gene"": ""GSTM1"", ""grade"": ""normal"", ""weight"": 1}, {""gene"": ""GSTP1"", ""grade"": ""normal"", ""weight"": 1}, {""gene"": ""HIF1A"", ""grade"": ""core"", ""weight"": 5}, {""gene"": ""HMOX1"", ""grade"": ""normal"", ""weight"": 1}, {""gene"": ""ICAM1"", ""grade"": ""core"", ""weight"": 5}, {""gene"": ""IFNG"", ""grade"": ""core"", ""weight"": 5}, {""gene"": ""IGF2"", ""grade"": ""important"", ""weight"": 2}, {""gene"": ""IKBKB"", ""grade"": ""important"", ""weight"": 2}, {""gene"": ""IL10"", ""grade"": ""core"", ""weight"": 5}, {""gene"": ""IL1A"", ""grade"": ""normal"", ""weight"": 1}, {""gene"": ""IL1B"", ""grade"": ""core"", ""weight"": 5}, {""gene"": ""IL2"", ""grade"": ""core"", ""weight"": 5}, {""gene"": ""IL6"", ""grade"": ""core"", ""weight"": 5}, {""gene"": ""MAPK1"", ""grade"": ""normal"", ""weight"": 1}, {""gene"": ""MMP1"", ""grade"": ""important"", ""weight"": 2}, {""gene"": ""MMP2"", ""grade"": ""normal"", ""weight"": 1}, {""gene"": ""MMP3"", ""grade"": ""normal"", ""weight"": 1}, {""gene"": ""MMP9"", ""grade"": ""core"", ""weight"": 5}, {""gene"": ""MPO"", ""grade"": ""core"", ""weight"": 5}, {""gene"": ""MYC"", ""grade"": ""important"", ""weight"": 2}, {""gene"": ""NFE2L2"", ""grade"": ""core"", ""weight"": 5}, {""gene"": ""NFKBIA"", ""grade"": ""core"", ""weight"": 5}, {""gene"": ""NOS2"", ""grade"": ""core"", ""weight"": 5}, {""gene"": ""NOS3"", ""grade"": ""normal"", ""weight"": 1}, {""gene"": ""NR1I2"", ""grade"": ""important"", ""weight"": 2}, {""gene"": ""ODC1"", ""grade"": ""normal"", ""weight"": 1}, {""gene"": ""PLAU"", ""grade"": ""normal"", ""weight"": 1}, {""gene"": ""PPARA"", ""grade"": ""normal"", ""weight"": 1}, {""gene"": ""PPARG"", ""grade"": ""core"", ""weight"": 5}, {""gene"": ""PTGS1"", ""grade"": ""important"", ""weight"": 2}, {""gene"": ""PTGS2"", ""grade"": ""core"", ""weight"": 5}, {""gene"": ""RB1"", ""grade"": ""normal"", ""weight"": 1}, {""gene"": ""RELA"", ""grade"": ""important"", ""weight"": 2}, {""gene"": ""SLC6A4"", ""grade"": ""normal"", ""weight"": 1}, {""gene"": ""STAT1"", ""grade"": ""important"", ""weight"": 2}, {""gene"": ""TNF"", ""grade"": ""core"", ""weight"": 5}, {""gene"": ""TP53"", ""grade"": ""core"", ""weight"": 5}, {""gene"": ""VCAM1"", ""grade"": ""normal"", ""weight"": 1}]"
9,马齿苋__黄芪,马齿苋,黄芪,63,63,64,62,157,0.031746031746031744,19,159.4920634920635,True,False,"[{""gene"": ""ABCG2"", ""grade"": ""normal"", ""weight"": 1}, {""gene"": ""AHR"", ""grade"": ""normal"", ""weight"": 1}, {""gene"": ""AKT1"", ""grade"": ""important"", ""weight"": 2}, {""gene"": ""ALOX5"", ""grade"": ""important"", ""weight"": 2}, {""gene"": ""BAX"", ""grade"": ""important"", ""weight"": 2}, {""gene"": ""BCL2"", ""grade"": ""normal"", ""weight"": 1}, {""gene"": ""BIRC5"", ""grade"": ""normal"", ""weight"": 1}, {""gene"": ""CASP3"", ""grade"": ""important"", ""weight"": 2}, {""gene"": ""CASP8"", ""grade"": ""important"", ""weight"": 2}, {""gene"": ""CCL2"", ""grade"": ""important"", ""weight"": 2}, {""gene"": ""CCND1"", ""grade"": ""important"", ""weight"": 2}, {""gene"": ""CD40LG"", ""grade"": ""important"", ""weight"": 2}, {""gene"": ""CDKN1A"", ""grade"": ""important"", ""weight"": 2}, {""gene"": ""CHEK2"", ""grade"": ""normal"", ""weight"": 1}, {""gene"": ""CHUK"", ""grade"": ""normal"", ""weight"": 1}, {""gene"": ""CXCL10"", ""grade"": ""core"", ""weight"": 5}, {""gene"": ""CXCL8"", ""grade"": ""core"", ""weight"": 5}, {""gene"": ""CYP1A2"", ""grade"": ""normal"", ""weight"": 1}, {""gene"": ""CYP3A4"", ""grade"": ""important"", ""weight"": 2}, {""gene"": ""DUOX2"", ""grade"": ""normal"", ""weight"": 1}, {""gene"": ""EGFR"", ""grade"": ""important"", ""weight"": 2}, {""gene"": ""ERBB2"", ""grade"": ""normal"", ""weight"": 1}, {""gene"": ""GSTM1"", ""grade"": ""normal"", ""weight"": 1}, {""gene"": ""GSTP1"", ""grade"": ""normal"", ""weight"": 1}, {""gene"": ""HIF1A"", ""grade"": ""core"", ""weight"": 5}, {""gene"": ""HMOX1"", ""grade"": ""normal"", ""weight"": 1}, {""gene"": ""ICAM1"", ""grade"": ""core"", ""weight"": 5}, {""gene"": ""IFNG"", ""grade"": ""core"", ""weight"": 5}, {""gene"": ""IGF2"", ""grade"": ""important"", ""weight"": 2}, {""gene"": ""IKBKB"", ""grade"": ""important"", ""weight"": 2}, {""gene"": ""IL10"", ""grade"": ""core"", ""weight"": 5}, {""gene"": ""IL1A"", ""grade"": ""normal"", ""weight"": 1}, {""gene"": ""IL1B"", ""grade"": ""core"", ""weight"": 5}, {""gene"": ""IL2"", ""grade"": ""core"", ""weight"": 5}, {""gene"": ""IL4"", ""grade"": ""core"", ""weight"": 5}, {""gene"": ""IL6"", ""grade"": ""core"", ""weight"": 5}, {""gene"": ""MAPK1"", ""grade"": ""normal"", ""weight"": 1}, {""gene"": ""MET"", ""grade"": ""normal"", ""weight"": 1}, {""gene"": ""MMP1"", ""grade"": ""important"", ""weight"": 2}, {""gene"": ""MMP2"", ""grade"": ""normal"", ""weight"": 1}, {""gene"": ""MMP3"", ""grade"": ""normal"", ""weight"": 1}, {""gene"": ""MMP9"", ""grade"": ""core"", ""weight"": 5}, {""gene"": ""MPO"", ""grade"": ""core"", ""weight"": 5}, {""gene"": ""MYC"", ""grade"": ""important"", ""weight"": 2}, {""gene"": ""NFE2L2"", ""grade"": ""core"", ""weight"": 5}, {""gene"": ""NFKBIA"", ""grade"": ""core"", ""weight"": 5}, {""gene"": ""NOS2"", ""grade"": ""core"", ""weight"": 5}, {""gene"": ""NOS3"", ""grade"": ""normal"", ""weight"": 1}, {""gene"": ""NR1I2"", ""grade"": ""important"", ""weight"": 2}, {""gene"": ""ODC1"", ""grade"": ""normal"", ""weight"": 1}, {""gene"": ""PLAU"", ""grade"": ""normal"", ""weight"": 1}, {""gene"": ""PPARA"", ""grade"": ""normal"", ""weight"": 1}, {""gene"": ""PPARG"", ""grade"": ""core"", ""weight"": 5}, {""gene"": ""PTGS1"", ""grade"": ""important"", ""weight"": 2}, {""gene"": ""PTGS2"", ""grade"": ""core"", ""weight"": 5}, {""gene"": ""RB1"", ""grade"": ""normal"", ""weight"": 1}, {""gene"": ""RELA"", ""grade"": ""important"", ""weight"": 2}, {""gene"": ""SLC6A4"", ""grade"": ""normal"", ""weight"": 1}, {""gene"": ""STAT1"", ""grade"": ""important"", ""weight"": 2}, {""gene"": ""TNF"", ""grade"": ""core"", ""weight"": 5}, {""gene"": ""TP53"", ""grade"": ""core"", ""weight"": 5}, {""gene"": ""VCAM1"", ""grade"": ""normal"", ""weight"": 1}]"
10,石榴皮__马齿苋,石榴皮,马齿苋,64,63,64,63,158,0.015873015873015872,19,159.25396825396825,True,False,"[{""gene"": ""ABCG2"", ""grade"": ""normal"", ""weight"": 1}, {""gene"": ""AHR"", ""grade"": ""normal"", ""weight"": 1}, {""gene"": ""AKT1"", ""grade"": ""important"", ""weight"": 2}, {""gene"": ""ALOX5"", ""grade"": ""important"", ""weight"": 2}, {""gene"": ""BAX"", ""grade"": ""important"", ""weight"": 2}, {""gene"": ""BCL2"", ""grade"": ""normal"", ""weight"": 1}, {""gene"": ""BIRC5"", ""grade"": ""normal"", ""weight"": 1}, {""gene"": ""CASP3"", ""grade"": ""important"", ""weight"": 2}, {""gene"": ""CASP8"", ""grade"": ""important"", ""weight"": 2}, {""gene"": ""CCL2"", ""grade"": ""important"", ""weight"": 2}, {""gene"": ""CCND1"", ""grade"": ""important"", ""weight"": 2}, {""gene"": ""CD40LG"", ""grade"": ""important"", ""weight"": 2}, {""gene"": ""CDK4"", ""grade"": ""normal"", ""weight"": 1}, {""gene"": ""CDKN1A"", ""grade"": ""important"", ""weight"": 2}, {""gene"": ""CHEK2"", ""grade"": ""normal"", ""weight"": 1}, {""gene"": ""CHUK"", ""grade"": ""normal"", ""weight"": 1}, {""gene"": ""CXCL10"", ""grade"": ""core"", ""weight"": 5}, {""gene"": ""CXCL8"", ""grade"": ""core"", ""weight"": 5}, {""gene"": ""CYP1A2"", ""grade"": ""normal"", ""weight"": 1}, {""gene"": ""CYP3A4"", ""grade"": ""important"", ""weight"": 2}, {""gene"": ""DUOX2"", ""grade"": ""normal"", ""weight"": 1}, {""gene"": ""EGFR"", ""grade"": ""important"", ""weight"": 2}, {""gene"": ""ERBB2"", ""grade"": ""normal"", ""weight"": 1}, {""gene"": ""GSTM1"", ""grade"": ""normal"", ""weight"": 1}, {""gene"": ""GSTP1"", ""grade"": ""normal"", ""weight"": 1}, {""gene"": ""HIF1A"", ""grade"": ""core"", ""weight"": 5}, {""gene"": ""HMOX1"", ""grade"": ""normal"", ""weight"": 1}, {""gene"": ""ICAM1"", ""grade"": ""core"", ""weight"": 5}, {""gene"": ""IFNG"", ""grade"": ""core"", ""weight"": 5}, {""gene"": ""IGF2"", ""grade"": ""important"", ""weight"": 2}, {""gene"": ""IKBKB"", ""grade"": ""important"", ""weight"": 2}, {""gene"": ""IL10"", ""grade"": ""core"", ""weight"": 5}, {""gene"": ""IL1A"", ""grade"": ""normal"", ""weight"": 1}, {""gene"": ""IL1B"", ""grade"": ""core"", ""weight"": 5}, {""gene"": ""IL2"", ""grade"": ""core"", ""weight"": 5}, {""gene"": ""IL4"", ""grade"": ""core"", ""weight"": 5}, {""gene"": ""IL6"", ""grade"": ""core"", ""weight"": 5}, {""gene"": ""MAPK1"", ""grade"": ""normal"", ""weight"": 1}, {""gene"": ""MET"", ""grade"": ""normal"", ""weight"": 1}, {""gene"": ""MMP1"", ""grade"": ""important"", ""weight"": 2}, {""gene"": ""MMP2"", ""grade"": ""normal"", ""weight"": 1}, {""gene"": ""MMP3"", ""grade"": ""normal"", ""weight"": 1}, {""gene"": ""MMP9"", ""grade"": ""core"", ""weight"": 5}, {""gene"": ""MPO"", ""grade"": ""core"", ""weight"": 5}, {""gene"": ""MYC"", ""grade"": ""important"", ""weight"": 2}, {""gene"": ""NFE2L2"", ""grade"": ""core"", ""weight"": 5}, {""gene"": ""NFKBIA"", ""grade"": ""core"", ""weight"": 5}, {""gene"": ""NOS2"", ""grade"": ""core"", ""weight"": 5}, {""gene"": ""NOS3"", ""grade"": ""normal"", ""weight"": 1}, {""gene"": ""NR1I2"", ""grade"": ""important"", ""weight"": 2}, {""gene"": ""ODC1"", ""grade"": ""normal"", ""weight"": 1}, {""gene"": ""PLAU"", ""grade"": ""normal"", ""weight"": 1}, {""gene"": ""PPARA"", ""grade"": ""normal"", ""weight"": 1}, {""gene"": ""PPARG"", ""grade"": ""core"", ""weight"": 5}, {""gene"": ""PTGS1"", ""grade"": ""important"", ""weight"": 2}, {""gene"": ""PTGS2"", ""grade"": ""core"", ""weight"": 5}, {""gene"": ""RB1"", ""grade"": ""normal"", ""weight"": 1}, {""gene"": ""RELA"", ""grade"": ""important"", ""weight"": 2}, {""gene"": ""SLC6A4"", ""grade"": ""normal"", ""weight"": 1}, {""gene"": ""STAT1"", ""grade"": ""important"", ""weight"": 2}, {""gene"": ""TNF"", ""grade"": ""core"", ""weight"": 5}, {""gene"": ""TP53"", ""grade"": ""core"", ""weight"": 5}, {""gene"": ""VCAM1"", ""grade"": ""normal"", ""weight"": 1}]"
11,大枣__甘草,大枣,甘草,61,67,67,61,151,0.09836065573770492,18,158.42622950819674,True,False,"[{""gene"": ""ABCG2"", ""grade"": ""normal"", ""weight"": 1}, {""gene"": ""AHR"", ""grade"": ""normal"", ""weight"": 1}, {""gene"": ""AKT1"", ""grade"": ""important"", ""weight"": 2}, {""gene"": ""ALOX5"", ""grade"": ""important"", ""weight"": 2}, {""gene"": ""BAX"", ""grade"": ""important"", ""weight"": 2}, {""gene"": ""BCL2"", ""grade"": ""normal"", ""weight"": 1}, {""gene"": ""BIRC5"", ""grade"": ""normal"", ""weight"": 1}, {""gene"": ""CASP3"", ""grade"": ""important"", ""weight"": 2}, {""gene"": ""CASP8"", ""grade"": ""important"", ""weight"": 2}, {""gene"": ""CAT"", ""grade"": ""normal"", ""weight"": 1}, {""gene"": ""CCL2"", ""grade"": ""important"", ""weight"": 2}, {""gene"": ""CCND1"", ""grade"": ""important"", ""weight"": 2}, {""gene"": ""CD40LG"", ""grade"": ""important"", ""weight"": 2}, {""gene"": ""CDKN1A"", ""grade"": ""important"", ""weight"": 2}, {""gene"": ""CHEK2"", ""grade"": ""normal"", ""weight"": 1}, {""gene"": ""CHUK"", ""grade"": ""normal"", ""weight"": 1}, {""gene"": ""CXCL10"", ""grade"": ""core"", ""weight"": 5}, {""gene"": ""CXCL8"", ""grade"": ""core"", ""weight"": 5}, {""gene"": ""CYP1A2"", ""grade"": ""normal"", ""weight"": 1}, {""gene"": ""CYP3A4"", ""grade"": ""important"", ""weight"": 2}, {""gene"": ""DUOX2"", ""grade"": ""normal"", ""weight"": 1}, {""gene"": ""EGFR"", ""grade"": ""important"", ""weight"": 2}, {""gene"": ""ERBB2"", ""grade"": ""normal"", ""weight"": 1}, {""gene"": ""GSTM1"", ""grade"": ""normal"", ""weight"": 1}, {""gene"": ""GSTP1"", ""grade"": ""normal"", ""weight"": 1}, {""gene"": ""HIF1A"", ""grade"": ""core"", ""weight"": 5}, {""gene"": ""HMOX1"", ""grade"": ""normal"", ""weight"": 1}, {""gene"": ""ICAM1"", ""grade"": ""core"", ""weight"": 5}, {""gene"": ""IFNG"", ""grade"": ""core"", ""weight"": 5}, {""gene"": ""IGF2"", ""grade"": ""important"", ""weight"": 2}, {""gene"": ""IL10"", ""grade"": ""core"", ""weight"": 5}, {""gene"": ""IL1A"", ""grade"": ""normal"", ""weight"": 1}, {""gene"": ""IL1B"", ""grade"": ""core"", ""weight"": 5}, {""gene"": ""IL2"", ""grade"": ""core"", ""weight"": 5}, {""gene"": ""IL6"", ""grade"": ""core"", ""weight"": 5}, {""gene"": ""KDR"", ""grade"": ""normal"", ""weight"": 1}, {""gene"": ""MAPK1"", ""grade"": ""normal"", ""weight"": 1}, {""gene"": ""MMP1"", ""grade"": ""important"", ""weight"": 2}, {""gene"": ""MMP2"", ""grade"": ""normal"", ""weight"": 1}, {""gene"": ""MMP3"", ""grade"": ""normal"", ""weight"": 1}, {""gene"": ""MMP9"", ""grade"": ""core"", ""weight"": 5}, {""gene"": ""MPO"", ""grade"": ""core"", ""weight"": 5}, {""gene"": ""MYC"", ""grade"": ""important"", ""weight"": 2}, {""gene"": ""NFE2L2"", ""grade"": ""core"", ""weight"": 5}, {""gene"": ""NFKBIA"", ""grade"": ""core"", ""weight"": 5}, {""gene"": ""NOS2"", ""grade"": ""core"", ""weight"": 5}, {""gene"": ""NOS3"", ""grade"": ""normal"", ""weight"": 1}, {""gene"": ""NR1I2"", ""grade"": ""important"", ""weight"": 2}, {""gene"": ""ODC1"", ""grade"": ""normal"", ""weight"": 1}, {""gene"": ""PLAU"", ""grade"": ""normal"", ""weight"": 1}, {""gene"": ""PPARA"", ""grade"": ""normal"", ""weight"": 1}, {""gene"": ""PPARG"", ""grade"": ""core"", ""weight"": 5}, {""gene"": ""PTGS1"", ""grade"": ""important"", ""weight"": 2}, {""gene"": ""PTGS2"", ""grade"": ""core"", ""weight"": 5}, {""gene"": ""RB1"", ""grade"": ""normal"", ""weight"": 1}, {""gene"": ""RELA"", ""grade"": ""important"", ""weight"": 2}, {""gene"": ""SLC6A4"", ""grade"": ""normal"", ""weight"": 1}, {""gene"": ""STAT1"", ""grade"": ""important"", ""weight"": 2}, {""gene"": ""TNF"", ""grade"": ""core"", ""weight"": 5}, {""gene"": ""TP53"", ""grade"": ""core"", ""weight"": 5}, {""gene"": ""VCAM1"", ""grade"": ""normal"", ""weight"": 1}]"
12,乌梅__石榴皮,乌梅,石榴皮,61,64,65,60,151,0.08196721311475409,18,157.18852459016392,True,False,"[{""gene"": ""ABCG2"", ""grade"": ""normal"", ""weight"": 1}, {""gene"": ""AHR"", ""grade"": ""normal"", ""weight"": 1}, {""gene"": ""AKT1"", ""grade"": ""important"", ""weight"": 2}, {""gene"": ""ALOX5"", ""grade"": ""important"", ""weight"": 2}, {""gene"": ""BAX"", ""grade"": ""important"", ""weight"": 2}, {""gene"": ""BCL2"", ""grade"": ""normal"", ""weight"": 1}, {""gene"": ""BIRC5"", ""grade"": ""normal"", ""weight"": 1}, {""gene"": ""CASP3"", ""grade"": ""important"", ""weight"": 2}, {""gene"": ""CASP8"", ""grade"": ""important"", ""weight"": 2}, {""gene"": ""CCL2"", ""grade"": ""important"", ""weight"": 2}, {""gene"": ""CCND1"", ""grade"": ""important"", ""weight"": 2}, {""gene"": ""CD40LG"", ""grade"": ""important"", ""weight"": 2}, {""gene"": ""CDKN1A"", ""grade"": ""important"", ""weight"": 2}, {""gene"": ""CHEK2"", ""grade"": ""normal"", ""weight"": 1}, {""gene"": ""CHUK"", ""grade"": ""normal"", ""weight"": 1}, {""gene"": ""CXCL10"", ""grade"": ""core"", ""weight"": 5}, {""gene"": ""CXCL8"", ""grade"": ""core"", ""weight"": 5}, {""gene"": ""CYP1A2"", ""grade"": ""normal"", ""weight"": 1}, {""gene"": ""CYP3A4"", ""grade"": ""important"", ""weight"": 2}, {""gene"": ""DUOX2"", ""grade"": ""normal"", ""weight"": 1}, {""gene"": ""EGFR"", ""grade"": ""important"", ""weight"": 2}, {""gene"": ""ERBB2"", ""grade"": ""normal"", ""weight"": 1}, {""gene"": ""GSTM1"", ""grade"": ""normal"", ""weight"": 1}, {""gene"": ""GSTP1"", ""grade"": ""normal"", ""weight"": 1}, {""gene"": ""HIF1A"", ""grade"": ""core"", ""weight"": 5}, {""gene"": ""HMOX1"", ""grade"": ""normal"", ""weight"": 1}, {""gene"": ""ICAM1"", ""grade"": ""core"", ""weight"": 5}, {""gene"": ""IFNG"", ""grade"": ""core"", ""weight"": 5}, {""gene"": ""IGF2"", ""grade"": ""important"", ""weight"": 2}, {""gene"": ""IKBKB"", ""grade"": ""important"", ""weight"": 2}, {""gene"": ""IL10"", ""grade"": ""core"", ""weight"": 5}, {""gene"": ""IL1A"", ""grade"": ""normal"", ""weight"": 1}, {""gene"": ""IL1B"", ""grade"": ""core"", ""weight"": 5}, {""gene"": ""IL2"", ""grade"": ""core"", ""weight"": 5}, {""gene"": ""IL6"", ""grade"": ""core"", ""weight"": 5}, {""gene"": ""MAPK1"", ""grade"": ""normal"", ""weight"": 1}, {""gene"": ""MMP1"", ""grade"": ""important"", ""weight"": 2}, {""gene"": ""MMP2"", ""grade"": ""normal"", ""weight"": 1}, {""gene"": ""MMP3"", ""grade"": ""normal"", ""weight"": 1}, {""gene"": ""MMP9"", ""grade"": ""core"", ""weight"": 5}, {""gene"": ""MPO"", ""grade"": ""core"", ""weight"": 5}, {""gene"": ""MYC"", ""grade"": ""important"", ""weight"": 2}, {""gene"": ""NFE2L2"", ""grade"": ""core"", ""weight"": 5}, {""gene"": ""NFKBIA"", ""grade"": ""core"", ""weight"": 5}, {""gene"": ""NOS2"", ""grade"": ""core"", ""weight"": 5}, {""gene"": ""NOS3"", ""grade"": ""normal"", ""weight"": 1}, {""gene"": ""NR1I2"", ""grade"": ""important"", ""weight"": 2}, {""gene"": ""ODC1"", ""grade"": ""normal"", ""weight"": 1}, {""gene"": ""PLAU"", ""grade"": ""normal"", ""weight"": 1}, {""gene"": ""PPARA"", ""grade"": ""normal"", ""weight"": 1}, {""gene"": ""PPARG"", ""grade"": ""core"", ""weight"": 5}, {""gene"": ""PTGS1"", ""grade"": ""important"", ""weight"": 2}, {""gene"": ""PTGS2"", ""grade"": ""core"", ""weight"": 5}, {""gene"": ""RB1"", ""grade"": ""normal"", ""weight"": 1}, {""gene"": ""RELA"", ""grade"": ""important"", ""weight"": 2}, {""gene"": ""SLC6A4"", ""grade"": ""normal"", ""weight"": 1}, {""gene"": ""STAT1"", ""grade"": ""important"", ""weight"": 2}, {""gene"": ""TNF"", ""grade"": ""core"", ""weight"": 5}, {""gene"": ""TP53"", ""grade"": ""core"", ""weight"": 5}, {""gene"": ""VCAM1"", ""grade"": ""normal"", ""weight"": 1}]"
13,石榴皮__鱼腥草,石榴皮,鱼腥草,64,59,64,59,150,0.0847457627118644,18,156.3559322033898,True,False,"[{""gene"": ""ABCG2"", ""grade"": ""normal"", ""weight"": 1}, {""gene"": ""AHR"", ""grade"": ""normal"", ""weight"": 1}, {""gene"": ""AKT1"", ""grade"": ""important"", ""weight"": 2}, {""gene"": ""ALOX5"", ""grade"": ""important"", ""weight"": 2}, {""gene"": ""BAX"", ""grade"": ""important"", ""weight"": 2}, {""gene"": ""BCL2"", ""grade"": ""normal"", ""weight"": 1}, {""gene"": ""BIRC5"", ""grade"": ""normal"", ""weight"": 1}, {""gene"": ""CASP3"", ""grade"": ""important"", ""weight"": 2}, {""gene"": ""CASP8"", ""grade"": ""important"", ""weight"": 2}, {""gene"": ""CCL2"", ""grade"": ""important"", ""weight"": 2}, {""gene"": ""CCND1"", ""grade"": ""important"", ""weight"": 2}, {""gene"": ""CD40LG"", ""grade"": ""important"", ""weight"": 2}, {""gene"": ""CDKN1A"", ""grade"": ""important"", ""weight"": 2}, {""gene"": ""CHEK2"", ""grade"": ""normal"", ""weight"": 1}, {""gene"": ""CHUK"", ""grade"": ""normal"", ""weight"": 1}, {""gene"": ""CXCL10"", ""grade"": ""core"", ""weight"": 5}, {""gene"": ""CXCL8"", ""grade"": ""core"", ""weight"": 5}, {""gene"": ""CYP1A2"", ""grade"": ""normal"", ""weight"": 1}, {""gene"": ""CYP3A4"", ""grade"": ""important"", ""weight"": 2}, {""gene"": ""DUOX2"", ""grade"": ""normal"", ""weight"": 1}, {""gene"": ""EGFR"", ""grade"": ""important"", ""weight"": 2}, {""gene"": ""ERBB2"", ""grade"": ""normal"", ""weight"": 1}, {""gene"": ""GSTM1"", ""grade"": ""normal"", ""weight"": 1}, {""gene"": ""GSTP1"", ""grade"": ""normal"", ""weight"": 1}, {""gene"": ""HIF1A"", ""grade"": ""core"", ""weight"": 5}, {""gene"": ""HMOX1"", ""grade"": ""normal"", ""weight"": 1}, {""gene"": ""ICAM1"", ""grade"": ""core"", ""weight"": 5}, {""gene"": ""IFNG"", ""grade"": ""core"", ""weight"": 5}, {""gene"": ""IGF2"", ""grade"": ""important"", ""weight"": 2}, {""gene"": ""IKBKB"", ""grade"": ""important"", ""weight"": 2}, {""gene"": ""IL10"", ""grade"": ""core"", ""weight"": 5}, {""gene"": ""IL1A"", ""grade"": ""normal"", ""weight"": 1}, {""gene"": ""IL1B"", ""grade"": ""core"", ""weight"": 5}, {""gene"": ""IL2"", ""grade"": ""core"", ""weight"": 5}, {""gene"": ""IL6"", ""grade"": ""core"", ""weight"": 5}, {""gene"": ""MAPK1"", ""grade"": ""normal"", ""weight"": 1}, {""gene"": ""MMP1"", ""grade"": ""important"", ""weight"": 2}, {""gene"": ""MMP2"", ""grade"": ""normal"", ""weight"": 1}, {""gene"": ""MMP3"", ""grade"": ""normal"", ""weight"": 1}, {""gene"": ""MMP9"", ""grade"": ""core"", ""weight"": 5}, {""gene"": ""MPO"", ""grade"": ""core"", ""weight"": 5}, {""gene"": ""MYC"", ""grade"": ""important"", ""weight"": 2}, {""gene"": ""NFE2L2"", ""grade"": ""core"", ""weight"": 5}, {""gene"": ""NFKBIA"", ""grade"": ""core"", ""weight"": 5}, {""gene"": ""NOS2"", ""grade"": ""core"", ""weight"": 5}, {""gene"": ""NOS3"", ""grade"": ""normal"", ""weight"": 1}, {""gene"": ""NR1I2"", ""grade"": ""important"", ""weight"": 2}, {""gene"": ""ODC1"", ""grade"": ""normal"", ""weight"": 1}, {""gene"": ""PLAU"", ""grade"": ""normal"", ""weight"": 1}, {""gene"": ""PPARA"", ""grade"": ""normal"", ""weight"": 1}, {""gene"": ""PPARG"", ""grade"": ""core"", ""weight"": 5}, {""gene"": ""PTGS1"", ""grade"": ""important"", ""weight"": 2}, {""gene"": ""PTGS2"", ""grade"": ""core"", ""weight"": 5}, {""gene"": ""RB1"", ""grade"": ""normal"", ""weight"": 1}, {""gene"": ""RELA"", ""grade"": ""important"", ""weight"": 2}, {""gene"": ""STAT1"", ""grade"": ""important"", ""weight"": 2}, {""gene"": ""TNF"", ""grade"": ""core"", ""weight"": 5}, {""gene"": ""TP53"", ""grade"": ""core"", ""weight"": 5}, {""gene"": ""VCAM1"", ""grade"": ""normal"", ""weight"": 1}]"
14,大枣__马齿苋,大枣,马齿苋,61,63,65,59,149,0.09836065573770492,18,156.32786885245903,True,False,"[{""gene"": ""ABCG2"", ""grade"": ""normal"", ""weight"": 1}, {""gene"": ""AHR"", ""grade"": ""normal"", ""weight"": 1}, {""gene"": ""AKT1"", ""grade"": ""important"", ""weight"": 2}, {""gene"": ""ALOX5"", ""grade"": ""important"", ""weight"": 2}, {""gene"": ""BAX"", ""grade"": ""important"", ""weight"": 2}, {""gene"": ""BCL2"", ""grade"": ""normal"", ""weight"": 1}, {""gene"": ""BIRC5"", ""grade"": ""normal"", ""weight"": 1}, {""gene"": ""CASP3"", ""grade"": ""important"", ""weight"": 2}, {""gene"": ""CASP8"", ""grade"": ""important"", ""weight"": 2}, {""gene"": ""CCL2"", ""grade"": ""important"", ""weight"": 2}, {""gene"": ""CCND1"", ""grade"": ""important"", ""weight"": 2}, {""gene"": ""CD40LG"", ""grade"": ""important"", ""weight"": 2}, {""gene"": ""CDKN1A"", ""grade"": ""important"", ""weight"": 2}, {""gene"": ""CHEK2"", ""grade"": ""normal"", ""weight"": 1}, {""gene"": ""CHUK"", ""grade"": ""normal"", ""weight"": 1}, {""gene"": ""CXCL10"", ""grade"": ""core"", ""weight"": 5}, {""gene"": ""CXCL8"", ""grade"": ""core"", ""weight"": 5}, {""gene"": ""CYP1A2"", ""grade"": ""normal"", ""weight"": 1}, {""gene"": ""CYP3A4"", ""grade"": ""important"", ""weight"": 2}, {""gene"": ""DUOX2"", ""grade"": ""normal"", ""weight"": 1}, {""gene"": ""EGFR"", ""grade"": ""important"", ""weight"": 2}, {""gene"": ""ERBB2"", ""grade"": ""normal"", ""weight"": 1}, {""gene"": ""GSTM1"", ""grade"": ""normal"", ""weight"": 1}, {""gene"": ""GSTP1"", ""grade"": ""normal"", ""weight"": 1}, {""gene"": ""HIF1A"", ""grade"": ""core"", ""weight"": 5}, {""gene"": ""HMOX1"", ""grade"": ""normal"", ""weight"": 1}, {""gene"": ""ICAM1"", ""grade"": ""core"", ""weight"": 5}, {""gene"": ""IFNG"", ""grade"": ""core"", ""weight"": 5}, {""gene"": ""IGF2"", ""grade"": ""important"", ""weight"": 2}, {""gene"": ""IL10"", ""grade"": ""core"", ""weight"": 5}, {""gene"": ""IL1A"", ""grade"": ""normal"", ""weight"": 1}, {""gene"": ""IL1B"", ""grade"": ""core"", ""weight"": 5}, {""gene"": ""IL2"", ""grade"": ""core"", ""weight"": 5}, {""gene"": ""IL6"", ""grade"": ""core"", ""weight"": 5}, {""gene"": ""MAPK1"", ""grade"": ""normal"", ""weight"": 1}, {""gene"": ""MMP1"", ""grade"": ""important"", ""weight"": 2}, {""gene"": ""MMP2"", ""grade"": ""normal"", ""weight"": 1}, {""gene"": ""MMP3"", ""grade"": ""normal"", ""weight"": 1}, {""gene"": ""MMP9"", ""grade"": ""core"", ""weight"": 5}, {""gene"": ""MPO"", ""grade"": ""core"", ""weight"": 5}, {""gene"": ""MYC"", ""grade"": ""important"", ""weight"": 2}, {""gene"": ""NFE2L2"", ""grade"": ""core"", ""weight"": 5}, {""gene"": ""NFKBIA"", ""grade"": ""core"", ""weight"": 5}, {""gene"": ""NOS2"", ""grade"": ""core"", ""weight"": 5}, {""gene"": ""NOS3"", ""grade"": ""normal"", ""weight"": 1}, {""gene"": ""NR1I2"", ""grade"": ""important"", ""weight"": 2}, {""gene"": ""ODC1"", ""grade"": ""normal"", ""weight"": 1}, {""gene"": ""PLAU"", ""grade"": ""normal"", ""weight"": 1}, {""gene"": ""PPARA"", ""grade"": ""normal"", ""weight"": 1}, {""gene"": ""PPARG"", ""grade"": ""core"", ""weight"": 5}, {""gene"": ""PTGS1"", ""grade"": ""important"", ""weight"": 2}, {""gene"": ""PTGS2"", ""grade"": ""core"", ""weight"": 5}, {""gene"": ""RB1"", ""grade"": ""normal"", ""weight"": 1}, {""gene"": ""RELA"", ""grade"": ""important"", ""weight"": 2}, {""gene"": ""SLC6A4"", ""grade"": ""normal"", ""weight"": 1}, {""gene"": ""STAT1"", ""grade"": ""important"", ""weight"": 2}, {""gene"": ""TNF"", ""grade"": ""core"", ""weight"": 5}, {""gene"": ""TP53"", ""grade"": ""core"", ""weight"": 5}, {""gene"": ""VCAM1"", ""grade"": ""normal"", ""weight"": 1}]"
15,大枣__石榴皮,大枣,石榴皮,61,64,65,60,150,0.08196721311475409,18,156.14754098360655,True,False,"[{""gene"": ""ABCG2"", ""grade"": ""normal"", ""weight"": 1}, {""gene"": ""AHR"", ""grade"": ""normal"", ""weight"": 1}, {""gene"": ""AKT1"", ""grade"": ""important"", ""weight"": 2}, {""gene"": ""ALOX5"", ""grade"": ""important"", ""weight"": 2}, {""gene"": ""BAX"", ""grade"": ""important"", ""weight"": 2}, {""gene"": ""BCL2"", ""grade"": ""normal"", ""weight"": 1}, {""gene"": ""BIRC5"", ""grade"": ""normal"", ""weight"": 1}, {""gene"": ""CASP3"", ""grade"": ""important"", ""weight"": 2}, {""gene"": ""CASP8"", ""grade"": ""important"", ""weight"": 2}, {""gene"": ""CAT"", ""grade"": ""normal"", ""weight"": 1}, {""gene"": ""CCL2"", ""grade"": ""important"", ""weight"": 2}, {""gene"": ""CCND1"", ""grade"": ""important"", ""weight"": 2}, {""gene"": ""CD40LG"", ""grade"": ""important"", ""weight"": 2}, {""gene"": ""CDKN1A"", ""grade"": ""important"", ""weight"": 2}, {""gene"": ""CHEK2"", ""grade"": ""normal"", ""weight"": 1}, {""gene"": ""CHUK"", ""grade"": ""normal"", ""weight"": 1}, {""gene"": ""CXCL10"", ""grade"": ""core"", ""weight"": 5}, {""gene"": ""CXCL8"", ""grade"": ""core"", ""weight"": 5}, {""gene"": ""CYP1A2"", ""grade"": ""normal"", ""weight"": 1}, {""gene"": ""CYP3A4"", ""grade"": ""important"", ""weight"": 2}, {""gene"": ""DUOX2"", ""grade"": ""normal"", ""weight"": 1}, {""gene"": ""EGFR"", ""grade"": ""important"", ""weight"": 2}, {""gene"": ""ERBB2"", ""grade"": ""normal"", ""weight"": 1}, {""gene"": ""GSTM1"", ""grade"": ""normal"", ""weight"": 1}, {""gene"": ""GSTP1"", ""grade"": ""normal"", ""weight"": 1}, {""gene"": ""HIF1A"", ""grade"": ""core"", ""weight"": 5}, {""gene"": ""HMOX1"", ""grade"": ""normal"", ""weight"": 1}, {""gene"": ""ICAM1"", ""grade"": ""core"", ""weight"": 5}, {""gene"": ""IFNG"", ""grade"": ""core"", ""weight"": 5}, {""gene"": ""IGF2"", ""grade"": ""important"", ""weight"": 2}, {""gene"": ""IL10"", ""grade"": ""core"", ""weight"": 5}, {""gene"": ""IL1A"", ""grade"": ""normal"", ""weight"": 1}, {""gene"": ""IL1B"", ""grade"": ""core"", ""weight"": 5}, {""gene"": ""IL2"", ""grade"": ""core"", ""weight"": 5}, {""gene"": ""IL6"", ""grade"": ""core"", ""weight"": 5}, {""gene"": ""MAPK1"", ""grade"": ""normal"", ""weight"": 1}, {""gene"": ""MMP1"", ""grade"": ""important"", ""weight"": 2}, {""gene"": ""MMP2"", ""grade"": ""normal"", ""weight"": 1}, {""gene"": ""MMP3"", ""grade"": ""normal"", ""weight"": 1}, {""gene"": ""MMP9"", ""grade"": ""core"", ""weight"": 5}, {""gene"": ""MPO"", ""grade"": ""core"", ""weight"": 5}, {""gene"": ""MYC"", ""grade"": ""important"", ""weight"": 2}, {""gene"": ""NFE2L2"", ""grade"": ""core"", ""weight"": 5}, {""gene"": ""NFKBIA"", ""grade"": ""core"", ""weight"": 5}, {""gene"": ""NOS2"", ""grade"": ""core"", ""weight"": 5}, {""gene"": ""NOS3"", ""grade"": ""normal"", ""weight"": 1}, {""gene"": ""NR1I2"", ""grade"": ""important"", ""weight"": 2}, {""gene"": ""ODC1"", ""grade"": ""normal"", ""weight"": 1}, {""gene"": ""PLAU"", ""grade"": ""normal"", ""weight"": 1}, {""gene"": ""PPARA"", ""grade"": ""normal"", ""weight"": 1}, {""gene"": ""PPARG"", ""grade"": ""core"", ""weight"": 5}, {""gene"": ""PTGS1"", ""grade"": ""important"", ""weight"": 2}, {""gene"": ""PTGS2"", ""grade"": ""core"", ""weight"": 5}, {""gene"": ""RB1"", ""grade"": ""normal"", ""weight"": 1}, {""gene"": ""RELA"", ""grade"": ""important"", ""weight"": 2}, {""gene"": ""SLC6A4"", ""grade"": ""normal"", ""weight"": 1}, {""gene"": ""STAT1"", ""grade"": ""important"", ""weight"": 2}, {""gene"": ""TNF"", ""grade"": ""core"", ""weight"": 5}, {""gene"": ""TP53"", ""grade"": ""core"", ""weight"": 5}, {""gene"": ""VCAM1"", ""grade"": ""normal"", ""weight"": 1}]"
16,栀子__石榴皮,栀子,石榴皮,60,64,64,60,151,0.06666666666666667,18,156.03333333333336,True,False,"[{""gene"": ""ABCG2"", ""grade"": ""normal"", ""weight"": 1}, {""gene"": ""AHR"", ""grade"": ""normal"", ""weight"": 1}, {""gene"": ""AKT1"", ""grade"": ""important"", ""weight"": 2}, {""gene"": ""ALOX5"", ""grade"": ""important"", ""weight"": 2}, {""gene"": ""BAX"", ""grade"": ""important"", ""weight"": 2}, {""gene"": ""BCL2"", ""grade"": ""normal"", ""weight"": 1}, {""gene"": ""BIRC5"", ""grade"": ""normal"", ""weight"": 1}, {""gene"": ""CASP3"", ""grade"": ""important"", ""weight"": 2}, {""gene"": ""CASP8"", ""grade"": ""important"", ""weight"": 2}, {""gene"": ""CCL2"", ""grade"": ""important"", ""weight"": 2}, {""gene"": ""CCND1"", ""grade"": ""important"", ""weight"": 2}, {""gene"": ""CD40LG"", ""grade"": ""important"", ""weight"": 2}, {""gene"": ""CDKN1A"", ""grade"": ""important"", ""weight"": 2}, {""gene"": ""CHEK2"", ""grade"": ""normal"", ""weight"": 1}, {""gene"": ""CHUK"", ""grade"": ""normal"", ""weight"": 1}, {""gene"": ""CXCL10"", ""grade"": ""core"", ""weight"": 5}, {""gene"": ""CXCL8"", ""grade"": ""core"", ""weight"": 5}, {""gene"": ""CYP1A2"", ""grade"": ""normal"", ""weight"": 1}, {""gene"": ""CYP3A4"", ""grade"": ""important"", ""weight"": 2}, {""gene"": ""DUOX2"", ""grade"": ""normal"", ""weight"": 1}, {""gene"": ""EGFR"", ""grade"": ""important"", ""weight"": 2}, {""gene"": ""ERBB2"", ""grade"": ""normal"", ""weight"": 1}, {""gene"": ""GSTM1"", ""grade"": ""normal"", ""weight"": 1}, {""gene"": ""GSTP1"", ""grade"": ""normal"", ""weight"": 1}, {""gene"": ""HIF1A"", ""grade"": ""core"", ""weight"": 5}, {""gene"": ""HMOX1"", ""grade"": ""normal"", ""weight"": 1}, {""gene"": ""ICAM1"", ""grade"": ""core"", ""weight"": 5}, {""gene"": ""IFNG"", ""grade"": ""core"", ""weight"": 5}, {""gene"": ""IGF2"", ""grade"": ""important"", ""weight"": 2}, {""gene"": ""IKBKB"", ""grade"": ""important"", ""weight"": 2}, {""gene"": ""IL10"", ""grade"": ""core"", ""weight"": 5}, {""gene"": ""IL1A"", ""grade"": ""normal"", ""weight"": 1}, {""gene"": ""IL1B"", ""grade"": ""core"", ""weight"": 5}, {""gene"": ""IL2"", ""grade"": ""core"", ""weight"": 5}, {""gene"": ""IL6"", ""grade"": ""core"", ""weight"": 5}, {""gene"": ""MAPK1"", ""grade"": ""normal"", ""weight"": 1}, {""gene"": ""MMP1"", ""grade"": ""important"", ""weight"": 2}, {""gene"": ""MMP2"", ""grade"": ""normal"", ""weight"": 1}, {""gene"": ""MMP3"", ""grade"": ""normal"", ""weight"": 1}, {""gene"": ""MMP9"", ""grade"": ""core"", ""weight"": 5}, {""gene"": ""MPO"", ""grade"": ""core"", ""weight"": 5}, {""gene"": ""MYC"", ""grade"": ""important"", ""weight"": 2}, {""gene"": ""NFE2L2"", ""grade"": ""core"", ""weight"": 5}, {""gene"": ""NFKBIA"", ""grade"": ""core"", ""weight"": 5}, {""gene"": ""NOS2"", ""grade"": ""core"", ""weight"": 5}, {""gene"": ""NOS3"", ""grade"": ""normal"", ""weight"": 1}, {""gene"": ""NR1I2"", ""grade"": ""important"", ""weight"": 2}, {""gene"": ""ODC1"", ""grade"": ""normal"", ""weight"": 1}, {""gene"": ""PLAU"", ""grade"": ""normal"", ""weight"": 1}, {""gene"": ""PPARA"", ""grade"": ""normal"", ""weight"": 1}, {""gene"": ""PPARG"", ""grade"": ""core"", ""weight"": 5}, {""gene"": ""PTGS1"", ""grade"": ""important"", ""weight"": 2}, {""gene"": ""PTGS2"", ""grade"": ""core"", ""weight"": 5}, {""gene"": ""RB1"", ""grade"": ""normal"", ""weight"": 1}, {""gene"": ""RELA"", ""grade"": ""important"", ""weight"": 2}, {""gene"": ""SLC6A4"", ""grade"": ""normal"", ""weight"": 1}, {""gene"": ""STAT1"", ""grade"": ""important"", ""weight"": 2}, {""gene"": ""TNF"", ""grade"": ""core"", ""weight"": 5}, {""gene"": ""TP53"", ""grade"": ""core"", ""weight"": 5}, {""gene"": ""VCAM1"", ""grade"": ""normal"", ""weight"": 1}]"
17,槐花__石榴皮,槐花,石榴皮,60,64,64,60,151,0.06666666666666667,18,156.03333333333336,True,False,"[{""gene"": ""ABCG2"", ""grade"": ""normal"", ""weight"": 1}, {""gene"": ""AHR"", ""grade"": ""normal"", ""weight"": 1}, {""gene"": ""AKT1"", ""grade"": ""important"", ""weight"": 2}, {""gene"": ""ALOX5"", ""grade"": ""important"", ""weight"": 2}, {""gene"": ""BAX"", ""grade"": ""important"", ""weight"": 2}, {""gene"": ""BCL2"", ""grade"": ""normal"", ""weight"": 1}, {""gene"": ""BIRC5"", ""grade"": ""normal"", ""weight"": 1}, {""gene"": ""CASP3"", ""grade"": ""important"", ""weight"": 2}, {""gene"": ""CASP8"", ""grade"": ""important"", ""weight"": 2}, {""gene"": ""CCL2"", ""grade"": ""important"", ""weight"": 2}, {""gene"": ""CCND1"", ""grade"": ""important"", ""weight"": 2}, {""gene"": ""CD40LG"", ""grade"": ""important"", ""weight"": 2}, {""gene"": ""CDKN1A"", ""grade"": ""important"", ""weight"": 2}, {""gene"": ""CHEK2"", ""grade"": ""normal"", ""weight"": 1}, {""gene"": ""CHUK"", ""grade"": ""normal"", ""weight"": 1}, {""gene"": ""CXCL10"", ""grade"": ""core"", ""weight"": 5}, {""gene"": ""CXCL8"", ""grade"": ""core"", ""weight"": 5}, {""gene"": ""CYP1A2"", ""grade"": ""normal"", ""weight"": 1}, {""gene"": ""CYP3A4"", ""grade"": ""important"", ""weight"": 2}, {""gene"": ""DUOX2"", ""grade"": ""normal"", ""weight"": 1}, {""gene"": ""EGFR"", ""grade"": ""important"", ""weight"": 2}, {""gene"": ""ERBB2"", ""grade"": ""normal"", ""weight"": 1}, {""gene"": ""GSTM1"", ""grade"": ""normal"", ""weight"": 1}, {""gene"": ""GSTP1"", ""grade"": ""normal"", ""weight"": 1}, {""gene"": ""HIF1A"", ""grade"": ""core"", ""weight"": 5}, {""gene"": ""HMOX1"", ""grade"": ""normal"", ""weight"": 1}, {""gene"": ""ICAM1"", ""grade"": ""core"", ""weight"": 5}, {""gene"": ""IFNG"", ""grade"": ""core"", ""weight"": 5}, {""gene"": ""IGF2"", ""grade"": ""important"", ""weight"": 2}, {""gene"": ""IKBKB"", ""grade"": ""important"", ""weight"": 2}, {""gene"": ""IL10"", ""grade"": ""core"", ""weight"": 5}, {""gene"": ""IL1A"", ""grade"": ""normal"", ""weight"": 1}, {""gene"": ""IL1B"", ""grade"": ""core"", ""weight"": 5}, {""gene"": ""IL2"", ""grade"": ""core"", ""weight"": 5}, {""gene"": ""IL6"", ""grade"": ""core"", ""weight"": 5}, {""gene"": ""MAPK1"", ""grade"": ""normal"", ""weight"": 1}, {""gene"": ""MMP1"", ""grade"": ""important"", ""weight"": 2}, {""gene"": ""MMP2"", ""grade"": ""normal"", ""weight"": 1}, {""gene"": ""MMP3"", ""grade"": ""normal"", ""weight"": 1}, {""gene"": ""MMP9"", ""grade"": ""core"", ""weight"": 5}, {""gene"": ""MPO"", ""grade"": ""core"", ""weight"": 5}, {""gene"": ""MYC"", ""grade"": ""important"", ""weight"": 2}, {""gene"": ""NFE2L2"", ""grade"": ""core"", ""weight"": 5}, {""gene"": ""NFKBIA"", ""grade"": ""core"", ""weight"": 5}, {""gene"": ""NOS2"", ""grade"": ""core"", ""weight"": 5}, {""gene"": ""NOS3"", ""grade"": ""normal"", ""weight"": 1}, {""gene"": ""NR1I2"", ""grade"": ""important"", ""weight"": 2}, {""gene"": ""ODC1"", ""grade"": ""normal"", ""weight"": 1}, {""gene"": ""PLAU"", ""grade"": ""normal"", ""weight"": 1}, {""gene"": ""PPARA"", ""grade"": ""normal"", ""weight"": 1}, {""gene"": ""PPARG"", ""grade"": ""core"", ""weight"": 5}, {""gene"": ""PTGS1"", ""grade"": ""important"", ""weight"": 2}, {""gene"": ""PTGS2"", ""grade"": ""core"", ""weight"": 5}, {""gene"": ""RB1"", ""grade"": ""normal"", ""weight"": 1}, {""gene"": ""RELA"", ""grade"": ""important"", ""weight"": 2}, {""gene"": ""SLC6A4"", ""grade"": ""normal"", ""weight"": 1}, {""gene"": ""STAT1"", ""grade"": ""important"", ""weight"": 2}, {""gene"": ""TNF"", ""grade"": ""core"", ""weight"": 5}, {""gene"": ""TP53"", ""grade"": ""core"", ""weight"": 5}, {""gene"": ""VCAM1"", ""grade"": ""normal"", ""weight"": 1}]"
18,乌梅__马齿苋,乌梅,马齿苋,61,63,64,60,151,0.06557377049180328,18,155.95081967213116,True,False,"[{""gene"": ""ABCG2"", ""grade"": ""normal"", ""weight"": 1}, {""gene"": ""AHR"", ""grade"": ""normal"", ""weight"": 1}, {""gene"": ""AKT1"", ""grade"": ""important"", ""weight"": 2}, {""gene"": ""ALOX5"", ""grade"": ""important"", ""weight"": 2}, {""gene"": ""BAX"", ""grade"": ""important"", ""weight"": 2}, {""gene"": ""BCL2"", ""grade"": ""normal"", ""weight"": 1}, {""gene"": ""BIRC5"", ""grade"": ""normal"", ""weight"": 1}, {""gene"": ""CASP3"", ""grade"": ""important"", ""weight"": 2}, {""gene"": ""CASP8"", ""grade"": ""important"", ""weight"": 2}, {""gene"": ""CCL2"", ""grade"": ""important"", ""weight"": 2}, {""gene"": ""CCND1"", ""grade"": ""important"", ""weight"": 2}, {""gene"": ""CD40LG"", ""grade"": ""important"", ""weight"": 2}, {""gene"": ""CDKN1A"", ""grade"": ""important"", ""weight"": 2}, {""gene"": ""CHEK2"", ""grade"": ""normal"", ""weight"": 1}, {""gene"": ""CHUK"", ""grade"": ""normal"", ""weight"": 1}, {""gene"": ""CXCL10"", ""grade"": ""core"", ""weight"": 5}, {""gene"": ""CXCL8"", ""grade"": ""core"", ""weight"": 5}, {""gene"": ""CYP1A2"", ""grade"": ""normal"", ""weight"": 1}, {""gene"": ""CYP3A4"", ""grade"": ""important"", ""weight"": 2}, {""gene"": ""DUOX2"", ""grade"": ""normal"", ""weight"": 1}, {""gene"": ""EGFR"", ""grade"": ""important"", ""weight"": 2}, {""gene"": ""ERBB2"", ""grade"": ""normal"", ""weight"": 1}, {""gene"": ""GSTM1"", ""grade"": ""normal"", ""weight"": 1}, {""gene"": ""GSTP1"", ""grade"": ""normal"", ""weight"": 1}, {""gene"": ""HIF1A"", ""grade"": ""core"", ""weight"": 5}, {""gene"": ""HMOX1"", ""grade"": ""normal"", ""weight"": 1}, {""gene"": ""ICAM1"", ""grade"": ""core"", ""weight"": 5}, {""gene"": ""IFNG"", ""grade"": ""core"", ""weight"": 5}, {""gene"": ""IGF2"", ""grade"": ""important"", ""weight"": 2}, {""gene"": ""IKBKB"", ""grade"": ""important"", ""weight"": 2}, {""gene"": ""IL10"", ""grade"": ""core"", ""weight"": 5}, {""gene"": ""IL1A"", ""grade"": ""normal"", ""weight"": 1}, {""gene"": ""IL1B"", ""grade"": ""core"", ""weight"": 5}, {""gene"": ""IL2"", ""grade"": ""core"", ""weight"": 5}, {""gene"": ""IL6"", ""grade"": ""core"", ""weight"": 5}, {""gene"": ""MAPK1"", ""grade"": ""normal"", ""weight"": 1}, {""gene"": ""MMP1"", ""grade"": ""important"", ""weight"": 2}, {""gene"": ""MMP2"", ""grade"": ""normal"", ""weight"": 1}, {""gene"": ""MMP3"", ""grade"": ""normal"", ""weight"": 1}, {""gene"": ""MMP9"", ""grade"": ""core"", ""weight"": 5}, {""gene"": ""MPO"", ""grade"": ""core"", ""weight"": 5}, {""gene"": ""MYC"", ""grade"": ""important"", ""weight"": 2}, {""gene"": ""NFE2L2"", ""grade"": ""core"", ""weight"": 5}, {""gene"": ""NFKBIA"", ""grade"": ""core"", ""weight"": 5}, {""gene"": ""NOS2"", ""grade"": ""core"", ""weight"": 5}, {""gene"": ""NOS3"", ""grade"": ""normal"", ""weight"": 1}, {""gene"": ""NR1I2"", ""grade"": ""important"", ""weight"": 2}, {""gene"": ""ODC1"", ""grade"": ""normal"", ""weight"": 1}, {""gene"": ""PLAU"", ""grade"": ""normal"", ""weight"": 1}, {""gene"": ""PPARA"", ""grade"": ""normal"", ""weight"": 1}, {""gene"": ""PPARG"", ""grade"": ""core"", ""weight"": 5}, {""gene"": ""PTGS1"", ""grade"": ""important"", ""weight"": 2}, {""gene"": ""PTGS2"", ""grade"": ""core"", ""weight"": 5}, {""gene"": ""RB1"", ""grade"": ""normal"", ""weight"": 1}, {""gene"": ""RELA"", ""grade"": ""important"", ""weight"": 2}, {""gene"": ""SLC6A4"", ""grade"": ""normal"", ""weight"": 1}, {""gene"": ""STAT1"", ""grade"": ""important"", ""weight"": 2}, {""gene"": ""TNF"", ""grade"": ""core"", ""weight"": 5}, {""gene"": ""TP53"", ""grade"": ""core"", ""weight"": 5}, {""gene"": ""VCAM1"", ""grade"": ""normal"", ""weight"": 1}]"
19,乌梅__黄芪,乌梅,黄芪,61,63,64,60,151,0.06557377049180328,18,155.95081967213116,True,False,"[{""gene"": ""ABCG2"", ""grade"": ""normal"", ""weight"": 1}, {""gene"": ""AHR"", ""grade"": ""normal"", ""weight"": 1}, {""gene"": ""AKT1"", ""grade"": ""important"", ""weight"": 2}, {""gene"": ""ALOX5"", ""grade"": ""important"", ""weight"": 2}, {""gene"": ""BAX"", ""grade"": ""important"", ""weight"": 2}, {""gene"": ""BCL2"", ""grade"": ""normal"", ""weight"": 1}, {""gene"": ""BIRC5"", ""grade"": ""normal"", ""weight"": 1}, {""gene"": ""CASP3"", ""grade"": ""important"", ""weight"": 2}, {""gene"": ""CASP8"", ""grade"": ""important"", ""weight"": 2}, {""gene"": ""CCL2"", ""grade"": ""important"", ""weight"": 2}, {""gene"": ""CCND1"", ""grade"": ""important"", ""weight"": 2}, {""gene"": ""CD40LG"", ""grade"": ""important"", ""weight"": 2}, {""gene"": ""CDKN1A"", ""grade"": ""important"", ""weight"": 2}, {""gene"": ""CHEK2"", ""grade"": ""normal"", ""weight"": 1}, {""gene"": ""CHUK"", ""grade"": ""normal"", ""weight"": 1}, {""gene"": ""CXCL10"", ""grade"": ""core"", ""weight"": 5}, {""gene"": ""CXCL8"", ""grade"": ""core"", ""weight"": 5}, {""gene"": ""CYP1A2"", ""grade"": ""normal"", ""weight"": 1}, {""gene"": ""CYP3A4"", ""grade"": ""important"", ""weight"": 2}, {""gene"": ""DUOX2"", ""grade"": ""normal"", ""weight"": 1}, {""gene"": ""EGFR"", ""grade"": ""important"", ""weight"": 2}, {""gene"": ""ERBB2"", ""grade"": ""normal"", ""weight"": 1}, {""gene"": ""GSTM1"", ""grade"": ""normal"", ""weight"": 1}, {""gene"": ""GSTP1"", ""grade"": ""normal"", ""weight"": 1}, {""gene"": ""HIF1A"", ""grade"": ""core"", ""weight"": 5}, {""gene"": ""HMOX1"", ""grade"": ""normal"", ""weight"": 1}, {""gene"": ""ICAM1"", ""grade"": ""core"", ""weight"": 5}, {""gene"": ""IFNG"", ""grade"": ""core"", ""weight"": 5}, {""gene"": ""IGF2"", ""grade"": ""important"", ""weight"": 2}, {""gene"": ""IKBKB"", ""grade"": ""important"", ""weight"": 2}, {""gene"": ""IL10"", ""grade"": ""core"", ""weight"": 5}, {""gene"": ""IL1A"", ""grade"": ""normal"", ""weight"": 1}, {""gene"": ""IL1B"", ""grade"": ""core"", ""weight"": 5}, {""gene"": ""IL2"", ""grade"": ""core"", ""weight"": 5}, {""gene"": ""IL6"", ""grade"": ""core"", ""weight"": 5}, {""gene"": ""MAPK1"", ""grade"": ""normal"", ""weight"": 1}, {""gene"": ""MMP1"", ""grade"": ""important"", ""weight"": 2}, {""gene"": ""MMP2"", ""grade"": ""normal"", ""weight"": 1}, {""gene"": ""MMP3"", ""grade"": ""normal"", ""weight"": 1}, {""gene"": ""MMP9"", ""grade"": ""core"", ""weight"": 5}, {""gene"": ""MPO"", ""grade"": ""core"", ""weight"": 5}, {""gene"": ""MYC"", ""grade"": ""important"", ""weight"": 2}, {""gene"": ""NFE2L2"", ""grade"": ""core"", ""weight"": 5}, {""gene"": ""NFKBIA"", ""grade"": ""core"", ""weight"": 5}, {""gene"": ""NOS2"", ""grade"": ""core"", ""weight"": 5}, {""gene"": ""NOS3"", ""grade"": ""normal"", ""weight"": 1}, {""gene"": ""NR1I2"", ""grade"": ""important"", ""weight"": 2}, {""gene"": ""ODC1"", ""grade"": ""normal"", ""weight"": 1}, {""gene"": ""PLAU"", ""grade"": ""normal"", ""weight"": 1}, {""gene"": ""PPARA"", ""grade"": ""normal"", ""weight"": 1}, {""gene"": ""PPARG"", ""grade"": ""core"", ""weight"": 5}, {""gene"": ""PTGS1"", ""grade"": ""important"", ""weight"": 2}, {""gene"": ""PTGS2"", ""grade"": ""core"", ""weight"": 5}, {""gene"": ""RB1"", ""grade"": ""normal"", ""weight"": 1}, {""gene"": ""RELA"", ""grade"": ""important"", ""weight"": 2}, {""gene"": ""SLC6A4"", ""grade"": ""normal"", ""weight"": 1}, {""gene"": ""STAT1"", ""grade"": ""important"", ""weight"": 2}, {""gene"": ""TNF"", ""grade"": ""core"", ""weight"": 5}, {""gene"": ""TP53"", ""grade"": ""core"", ""weight"": 5}, {""gene"": ""VCAM1"", ""grade"": ""normal"", ""weight"": 1}]"
20,马齿苋__鱼腥草,马齿苋,鱼腥草,63,59,63,59,150,0.06779661016949153,18,155.08474576271186,True,False,"[{""gene"": ""ABCG2"", ""grade"": ""normal"", ""weight"": 1}, {""gene"": ""AHR"", ""grade"": ""normal"", ""weight"": 1}, {""gene"": ""AKT1"", ""grade"": ""important"", ""weight"": 2}, {""gene"": ""ALOX5"", ""grade"": ""important"", ""weight"": 2}, {""gene"": ""BAX"", ""grade"": ""important"", ""weight"": 2}, {""gene"": ""BCL2"", ""grade"": ""normal"", ""weight"": 1}, {""gene"": ""BIRC5"", ""grade"": ""normal"", ""weight"": 1}, {""gene"": ""CASP3"", ""grade"": ""important"", ""weight"": 2}, {""gene"": ""CASP8"", ""grade"": ""important"", ""weight"": 2}, {""gene"": ""CCL2"", ""grade"": ""important"", ""weight"": 2}, {""gene"": ""CCND1"", ""grade"": ""important"", ""weight"": 2}, {""gene"": ""CD40LG"", ""grade"": ""important"", ""weight"": 2}, {""gene"": ""CDKN1A"", ""grade"": ""important"", ""weight"": 2}, {""gene"": ""CHEK2"", ""grade"": ""normal"", ""weight"": 1}, {""gene"": ""CHUK"", ""grade"": ""normal"", ""weight"": 1}, {""gene"": ""CXCL10"", ""grade"": ""core"", ""weight"": 5}, {""gene"": ""CXCL8"", ""grade"": ""core"", ""weight"": 5}, {""gene"": ""CYP1A2"", ""grade"": ""normal"", ""weight"": 1}, {""gene"": ""CYP3A4"", ""grade"": ""important"", ""weight"": 2}, {""gene"": ""DUOX2"", ""grade"": ""normal"", ""weight"": 1}, {""gene"": ""EGFR"", ""grade"": ""important"", ""weight"": 2}, {""gene"": ""ERBB2"", ""grade"": ""normal"", ""weight"": 1}, {""gene"": ""GSTM1"", ""grade"": ""normal"", ""weight"": 1}, {""gene"": ""GSTP1"", ""grade"": ""normal"", ""weight"": 1}, {""gene"": ""HIF1A"", ""grade"": ""core"", ""weight"": 5}, {""gene"": ""HMOX1"", ""grade"": ""normal"", ""weight"": 1}, {""gene"": ""ICAM1"", ""grade"": ""core"", ""weight"": 5}, {""gene"": ""IFNG"", ""grade"": ""core"", ""weight"": 5}, {""gene"": ""IGF2"", ""grade"": ""important"", ""weight"": 2}, {""gene"": ""IKBKB"", ""grade"": ""important"", ""weight"": 2}, {""gene"": ""IL10"", ""grade"": ""core"", ""weight"": 5}, {""gene"": ""IL1A"", ""grade"": ""normal"", ""weight"": 1}, {""gene"": ""IL1B"", ""grade"": ""core"", ""weight"": 5}, {""gene"": ""IL2"", ""grade"": ""core"", ""weight"": 5}, {""gene"": ""IL6"", ""grade"": ""core"", ""weight"": 5}, {""gene"": ""MAPK1"", ""grade"": ""normal"", ""weight"": 1}, {""gene"": ""MMP1"", ""grade"": ""important"", ""weight"": 2}, {""gene"": ""MMP2"", ""grade"": ""normal"", ""weight"": 1}, {""gene"": ""MMP3"", ""grade"": ""normal"", ""weight"": 1}, {""gene"": ""MMP9"", ""grade"": ""core"", ""weight"": 5}, {""gene"": ""MPO"", ""grade"": ""core"", ""weight"": 5}, {""gene"": ""MYC"", ""grade"": ""important"", ""weight"": 2}, {""gene"": ""NFE2L2"", ""grade"": ""core"", ""weight"": 5}, {""gene"": ""NFKBIA"", ""grade"": ""core"", ""weight"": 5}, {""gene"": ""NOS2"", ""grade"": ""core"", ""weight"": 5}, {""gene"": ""NOS3"", ""grade"": ""normal"", ""weight"": 1}, {""gene"": ""NR1I2"", ""grade"": ""important"", ""weight"": 2}, {""gene"": ""ODC1"", ""grade"": ""normal"", ""weight"": 1}, {""gene"": ""PLAU"", ""grade"": ""normal"", ""weight"": 1}, {""gene"": ""PPARA"", ""grade"": ""normal"", ""weight"": 1}, {""gene"": ""PPARG"", ""grade"": ""core"", ""weight"": 5}, {""gene"": ""PTGS1"", ""grade"": ""important"", ""weight"": 2}, {""gene"": ""PTGS2"", ""grade"": ""core"", ""weight"": 5}, {""gene"": ""RB1"", ""grade"": ""normal"", ""weight"": 1}, {""gene"": ""RELA"", ""grade"": ""important"", ""weight"": 2}, {""gene"": ""STAT1"", ""grade"": ""important"", ""weight"": 2}, {""gene"": ""TNF"", ""grade"": ""core"", ""weight"": 5}, {""gene"": ""TP53"", ""grade"": ""core"", ""weight"": 5}, {""gene"": ""VCAM1"", ""grade"": ""normal"", ""weight"": 1}]"
21,鱼腥草__黄芪,鱼腥草,黄芪,59,63,63,59,150,0.06779661016949153,18,155.08474576271186,True,False,"[{""gene"": ""ABCG2"", ""grade"": ""normal"", ""weight"": 1}, {""gene"": ""AHR"", ""grade"": ""normal"", ""weight"": 1}, {""gene"": ""AKT1"", ""grade"": ""important"", ""weight"": 2}, {""gene"": ""ALOX5"", ""grade"": ""important"", ""weight"": 2}, {""gene"": ""BAX"", ""grade"": ""important"", ""weight"": 2}, {""gene"": ""BCL2"", ""grade"": ""normal"", ""weight"": 1}, {""gene"": ""BIRC5"", ""grade"": ""normal"", ""weight"": 1}, {""gene"": ""CASP3"", ""grade"": ""important"", ""weight"": 2}, {""gene"": ""CASP8"", ""grade"": ""important"", ""weight"": 2}, {""gene"": ""CCL2"", ""grade"": ""important"", ""weight"": 2}, {""gene"": ""CCND1"", ""grade"": ""important"", ""weight"": 2}, {""gene"": ""CD40LG"", ""grade"": ""important"", ""weight"": 2}, {""gene"": ""CDKN1A"", ""grade"": ""important"", ""weight"": 2}, {""gene"": ""CHEK2"", ""grade"": ""normal"", ""weight"": 1}, {""gene"": ""CHUK"", ""grade"": ""normal"", ""weight"": 1}, {""gene"": ""CXCL10"", ""grade"": ""core"", ""weight"": 5}, {""gene"": ""CXCL8"", ""grade"": ""core"", ""weight"": 5}, {""gene"": ""CYP1A2"", ""grade"": ""normal"", ""weight"": 1}, {""gene"": ""CYP3A4"", ""grade"": ""important"", ""weight"": 2}, {""gene"": ""DUOX2"", ""grade"": ""normal"", ""weight"": 1}, {""gene"": ""EGFR"", ""grade"": ""important"", ""weight"": 2}, {""gene"": ""ERBB2"", ""grade"": ""normal"", ""weight"": 1}, {""gene"": ""GSTM1"", ""grade"": ""normal"", ""weight"": 1}, {""gene"": ""GSTP1"", ""grade"": ""normal"", ""weight"": 1}, {""gene"": ""HIF1A"", ""grade"": ""core"", ""weight"": 5}, {""gene"": ""HMOX1"", ""grade"": ""normal"", ""weight"": 1}, {""gene"": ""ICAM1"", ""grade"": ""core"", ""weight"": 5}, {""gene"": ""IFNG"", ""grade"": ""core"", ""weight"": 5}, {""gene"": ""IGF2"", ""grade"": ""important"", ""weight"": 2}, {""gene"": ""IKBKB"", ""grade"": ""important"", ""weight"": 2}, {""gene"": ""IL10"", ""grade"": ""core"", ""weight"": 5}, {""gene"": ""IL1A"", ""grade"": ""normal"", ""weight"": 1}, {""gene"": ""IL1B"", ""grade"": ""core"", ""weight"": 5}, {""gene"": ""IL2"", ""grade"": ""core"", ""weight"": 5}, {""gene"": ""IL6"", ""grade"": ""core"", ""weight"": 5}, {""gene"": ""MAPK1"", ""grade"": ""normal"", ""weight"": 1}, {""gene"": ""MMP1"", ""grade"": ""important"", ""weight"": 2}, {""gene"": ""MMP2"", ""grade"": ""normal"", ""weight"": 1}, {""gene"": ""MMP3"", ""grade"": ""normal"", ""weight"": 1}, {""gene"": ""MMP9"", ""grade"": ""core"", ""weight"": 5}, {""gene"": ""MPO"", ""grade"": ""core"", ""weight"": 5}, {""gene"": ""MYC"", ""grade"": ""important"", ""weight"": 2}, {""gene"": ""NFE2L2"", ""grade"": ""core"", ""weight"": 5}, {""gene"": ""NFKBIA"", ""grade"": ""core"", ""weight"": 5}, {""gene"": ""NOS2"", ""grade"": ""core"", ""weight"": 5}, {""gene"": ""NOS3"", ""grade"": ""normal"", ""weight"": 1}, {""gene"": ""NR1I2"", ""grade"": ""important"", ""weight"": 2}, {""gene"": ""ODC1"", ""grade"": ""normal"", ""weight"": 1}, {""gene"": ""PLAU"", ""grade"": ""normal"", ""weight"": 1}, {""gene"": ""PPARA"", ""grade"": ""normal"", ""weight"": 1}, {""gene"": ""PPARG"", ""grade"": ""core"", ""weight"": 5}, {""gene"": ""PTGS1"", ""grade"": ""important"", ""weight"": 2}, {""gene"": ""PTGS2"", ""grade"": ""core"", ""weight"": 5}, {""gene"": ""RB1"", ""grade"": ""normal"", ""weight"": 1}, {""gene"": ""RELA"", ""grade"": ""important"", ""weight"": 2}, {""gene"": ""STAT1"", ""grade"": ""important"", ""weight"": 2}, {""gene"": ""TNF"", ""grade"": ""core"", ""weight"": 5}, {""gene"": ""TP53"", ""grade"": ""core"", ""weight"": 5}, {""gene"": ""VCAM1"", ""grade"": ""normal"", ""weight"": 1}]"
22,大枣__黄芪,大枣,黄芪,61,63,64,60,150,0.06557377049180328,18,154.91803278688525,True,False,"[{""gene"": ""ABCG2"", ""grade"": ""normal"", ""weight"": 1}, {""gene"": ""AHR"", ""grade"": ""normal"", ""weight"": 1}, {""gene"": ""AKT1"", ""grade"": ""important"", ""weight"": 2}, {""gene"": ""ALOX5"", ""grade"": ""important"", ""weight"": 2}, {""gene"": ""BAX"", ""grade"": ""important"", ""weight"": 2}, {""gene"": ""BCL2"", ""grade"": ""normal"", ""weight"": 1}, {""gene"": ""BIRC5"", ""grade"": ""normal"", ""weight"": 1}, {""gene"": ""CASP3"", ""grade"": ""important"", ""weight"": 2}, {""gene"": ""CASP8"", ""grade"": ""important"", ""weight"": 2}, {""gene"": ""CCL2"", ""grade"": ""important"", ""weight"": 2}, {""gene"": ""CCND1"", ""grade"": ""important"", ""weight"": 2}, {""gene"": ""CD40LG"", ""grade"": ""important"", ""weight"": 2}, {""gene"": ""CDKN1A"", ""grade"": ""important"", ""weight"": 2}, {""gene"": ""CHEK2"", ""grade"": ""normal"", ""weight"": 1}, {""gene"": ""CHUK"", ""grade"": ""normal"", ""weight"": 1}, {""gene"": ""CXCL10"", ""grade"": ""core"", ""weight"": 5}, {""gene"": ""CXCL8"", ""grade"": ""core"", ""weight"": 5}, {""gene"": ""CYP1A2"", ""grade"": ""normal"", ""weight"": 1}, {""gene"": ""CYP3A4"", ""grade"": ""important"", ""weight"": 2}, {""gene"": ""DUOX2"", ""grade"": ""normal"", ""weight"": 1}, {""gene"": ""EGFR"", ""grade"": ""important"", ""weight"": 2}, {""gene"": ""ERBB2"", ""grade"": ""normal"", ""weight"": 1}, {""gene"": ""GSTM1"", ""grade"": ""normal"", ""weight"": 1}, {""gene"": ""GSTP1"", ""grade"": ""normal"", ""weight"": 1}, {""gene"": ""HIF1A"", ""grade"": ""core"", ""weight"": 5}, {""gene"": ""HMOX1"", ""grade"": ""normal"", ""weight"": 1}, {""gene"": ""ICAM1"", ""grade"": ""core"", ""weight"": 5}, {""gene"": ""IFNG"", ""grade"": ""core"", ""weight"": 5}, {""gene"": ""IGF2"", ""grade"": ""important"", ""weight"": 2}, {""gene"": ""IL10"", ""grade"": ""core"", ""weight"": 5}, {""gene"": ""IL1A"", ""grade"": ""normal"", ""weight"": 1}, {""gene"": ""IL1B"", ""grade"": ""core"", ""weight"": 5}, {""gene"": ""IL2"", ""grade"": ""core"", ""weight"": 5}, {""gene"": ""IL6"", ""grade"": ""core"", ""weight"": 5}, {""gene"": ""KDR"", ""grade"": ""normal"", ""weight"": 1}, {""gene"": ""MAPK1"", ""grade"": ""normal"", ""weight"": 1}, {""gene"": ""MMP1"", ""grade"": ""important"", ""weight"": 2}, {""gene"": ""MMP2"", ""grade"": ""normal"", ""weight"": 1}, {""gene"": ""MMP3"", ""grade"": ""normal"", ""weight"": 1}, {""gene"": ""MMP9"", ""grade"": ""core"", ""weight"": 5}, {""gene"": ""MPO"", ""grade"": ""core"", ""weight"": 5}, {""gene"": ""MYC"", ""grade"": ""important"", ""weight"": 2}, {""gene"": ""NFE2L2"", ""grade"": ""core"", ""weight"": 5}, {""gene"": ""NFKBIA"", ""grade"": ""core"", ""weight"": 5}, {""gene"": ""NOS2"", ""grade"": ""core"", ""weight"": 5}, {""gene"": ""NOS3"", ""grade"": ""normal"", ""weight"": 1}, {""gene"": ""NR1I2"", ""grade"": ""important"", ""weight"": 2}, {""gene"": ""ODC1"", ""grade"": ""normal"", ""weight"": 1}, {""gene"": ""PLAU"", ""grade"": ""normal"", ""weight"": 1}, {""gene"": ""PPARA"", ""grade"": ""normal"", ""weight"": 1}, {""gene"": ""PPARG"", ""grade"": ""core"", ""weight"": 5}, {""gene"": ""PTGS1"", ""grade"": ""important"", ""weight"": 2}, {""gene"": ""PTGS2"", ""grade"": ""core"", ""weight"": 5}, {""gene"": ""RB1"", ""grade"": ""normal"", ""weight"": 1}, {""gene"": ""RELA"", ""grade"": ""important"", ""weight"": 2}, {""gene"": ""SLC6A4"", ""grade"": ""normal"", ""weight"": 1}, {""gene"": ""STAT1"", ""grade"": ""important"", ""weight"": 2}, {""gene"": ""TNF"", ""grade"": ""core"", ""weight"": 5}, {""gene"": ""TP53"", ""grade"": ""core"", ""weight"": 5}, {""gene"": ""VCAM1"", ""grade"": ""normal"", ""weight"": 1}]"
23,栀子__马齿苋,栀子,马齿苋,60,63,63,60,151,0.05,18,154.77499999999998,True,False,"[{""gene"": ""ABCG2"", ""grade"": ""normal"", ""weight"": 1}, {""gene"": ""AHR"", ""grade"": ""normal"", ""weight"": 1}, {""gene"": ""AKT1"", ""grade"": ""important"", ""weight"": 2}, {""gene"": ""ALOX5"", ""grade"": ""important"", ""weight"": 2}, {""gene"": ""BAX"", ""grade"": ""important"", ""weight"": 2}, {""gene"": ""BCL2"", ""grade"": ""normal"", ""weight"": 1}, {""gene"": ""BIRC5"", ""grade"": ""normal"", ""weight"": 1}, {""gene"": ""CASP3"", ""grade"": ""important"", ""weight"": 2}, {""gene"": ""CASP8"", ""grade"": ""important"", ""weight"": 2}, {""gene"": ""CCL2"", ""grade"": ""important"", ""weight"": 2}, {""gene"": ""CCND1"", ""grade"": ""important"", ""weight"": 2}, {""gene"": ""CD40LG"", ""grade"": ""important"", ""weight"": 2}, {""gene"": ""CDKN1A"", ""grade"": ""important"", ""weight"": 2}, {""gene"": ""CHEK2"", ""grade"": ""normal"", ""weight"": 1}, {""gene"": ""CHUK"", ""grade"": ""normal"", ""weight"": 1}, {""gene"": ""CXCL10"", ""grade"": ""core"", ""weight"": 5}, {""gene"": ""CXCL8"", ""grade"": ""core"", ""weight"": 5}, {""gene"": ""CYP1A2"", ""grade"": ""normal"", ""weight"": 1}, {""gene"": ""CYP3A4"", ""grade"": ""important"", ""weight"": 2}, {""gene"": ""DUOX2"", ""grade"": ""normal"", ""weight"": 1}, {""gene"": ""EGFR"", ""grade"": ""important"", ""weight"": 2}, {""gene"": ""ERBB2"", ""grade"": ""normal"", ""weight"": 1}, {""gene"": ""GSTM1"", ""grade"": ""normal"", ""weight"": 1}, {""gene"": ""GSTP1"", ""grade"": ""normal"", ""weight"": 1}, {""gene"": ""HIF1A"", ""grade"": ""core"", ""weight"": 5}, {""gene"": ""HMOX1"", ""grade"": ""normal"", ""weight"": 1}, {""gene"": ""ICAM1"", ""grade"": ""core"", ""weight"": 5}, {""gene"": ""IFNG"", ""grade"": ""core"", ""weight"": 5}, {""gene"": ""IGF2"", ""grade"": ""important"", ""weight"": 2}, {""gene"": ""IKBKB"", ""grade"": ""important"", ""weight"": 2}, {""gene"": ""IL10"", ""grade"": ""core"", ""weight"": 5}, {""gene"": ""IL1A"", ""grade"": ""normal"", ""weight"": 1}, {""gene"": ""IL1B"", ""grade"": ""core"", ""weight"": 5}, {""gene"": ""IL2"", ""grade"": ""core"", ""weight"": 5}, {""gene"": ""IL6"", ""grade"": ""core"", ""weight"": 5}, {""gene"": ""MAPK1"", ""grade"": ""normal"", ""weight"": 1}, {""gene"": ""MMP1"", ""grade"": ""important"", ""weight"": 2}, {""gene"": ""MMP2"", ""grade"": ""normal"", ""weight"": 1}, {""gene"": ""MMP3"", ""grade"": ""normal"", ""weight"": 1}, {""gene"": ""MMP9"", ""grade"": ""core"", ""weight"": 5}, {""gene"": ""MPO"", ""grade"": ""core"", ""weight"": 5}, {""gene"": ""MYC"", ""grade"": ""important"", ""weight"": 2}, {""gene"": ""NFE2L2"", ""grade"": ""core"", ""weight"": 5}, {""gene"": ""NFKBIA"", ""grade"": ""core"", ""weight"": 5}, {""gene"": ""NOS2"", ""grade"": ""core"", ""weight"": 5}, {""gene"": ""NOS3"", ""grade"": ""normal"", ""weight"": 1}, {""gene"": ""NR1I2"", ""grade"": ""important"", ""weight"": 2}, {""gene"": ""ODC1"", ""grade"": ""normal"", ""weight"": 1}, {""gene"": ""PLAU"", ""grade"": ""normal"", ""weight"": 1}, {""gene"": ""PPARA"", ""grade"": ""normal"", ""weight"": 1}, {""gene"": ""PPARG"", ""grade"": ""core"", ""weight"": 5}, {""gene"": ""PTGS1"", ""grade"": ""important"", ""weight"": 2}, {""gene"": ""PTGS2"", ""grade"": ""core"", ""weight"": 5}, {""gene"": ""RB1"", ""grade"": ""normal"", ""weight"": 1}, {""gene"": ""RELA"", ""grade"": ""important"", ""weight"": 2}, {""gene"": ""SLC6A4"", ""grade"": ""normal"", ""weight"": 1}, {""gene"": ""STAT1"", ""grade"": ""important"", ""weight"": 2}, {""gene"": ""TNF"", ""grade"": ""core"", ""weight"": 5}, {""gene"": ""TP53"", ""grade"": ""core"", ""weight"": 5}, {""gene"": ""VCAM1"", ""grade"": ""normal"", ""weight"": 1}]"
24,栀子__黄芪,栀子,黄芪,60,63,63,60,151,0.05,18,154.77499999999998,True,False,"[{""gene"": ""ABCG2"", ""grade"": ""normal"", ""weight"": 1}, {""gene"": ""AHR"", ""grade"": ""normal"", ""weight"": 1}, {""gene"": ""AKT1"", ""grade"": ""important"", ""weight"": 2}, {""gene"": ""ALOX5"", ""grade"": ""important"", ""weight"": 2}, {""gene"": ""BAX"", ""grade"": ""important"", ""weight"": 2}, {""gene"": ""BCL2"", ""grade"": ""normal"", ""weight"": 1}, {""gene"": ""BIRC5"", ""grade"": ""normal"", ""weight"": 1}, {""gene"": ""CASP3"", ""grade"": ""important"", ""weight"": 2}, {""gene"": ""CASP8"", ""grade"": ""important"", ""weight"": 2}, {""gene"": ""CCL2"", ""grade"": ""important"", ""weight"": 2}, {""gene"": ""CCND1"", ""grade"": ""important"", ""weight"": 2}, {""gene"": ""CD40LG"", ""grade"": ""important"", ""weight"": 2}, {""gene"": ""CDKN1A"", ""grade"": ""important"", ""weight"": 2}, {""gene"": ""CHEK2"", ""grade"": ""normal"", ""weight"": 1}, {""gene"": ""CHUK"", ""grade"": ""normal"", ""weight"": 1}, {""gene"": ""CXCL10"", ""grade"": ""core"", ""weight"": 5}, {""gene"": ""CXCL8"", ""grade"": ""core"", ""weight"": 5}, {""gene"": ""CYP1A2"", ""grade"": ""normal"", ""weight"": 1}, {""gene"": ""CYP3A4"", ""grade"": ""important"", ""weight"": 2}, {""gene"": ""DUOX2"", ""grade"": ""normal"", ""weight"": 1}, {""gene"": ""EGFR"", ""grade"": ""important"", ""weight"": 2}, {""gene"": ""ERBB2"", ""grade"": ""normal"", ""weight"": 1}, {""gene"": ""GSTM1"", ""grade"": ""normal"", ""weight"": 1}, {""gene"": ""GSTP1"", ""grade"": ""normal"", ""weight"": 1}, {""gene"": ""HIF1A"", ""grade"": ""core"", ""weight"": 5}, {""gene"": ""HMOX1"", ""grade"": ""normal"", ""weight"": 1}, {""gene"": ""ICAM1"", ""grade"": ""core"", ""weight"": 5}, {""gene"": ""IFNG"", ""grade"": ""core"", ""weight"": 5}, {""gene"": ""IGF2"", ""grade"": ""important"", ""weight"": 2}, {""gene"": ""IKBKB"", ""grade"": ""important"", ""weight"": 2}, {""gene"": ""IL10"", ""grade"": ""core"", ""weight"": 5}, {""gene"": ""IL1A"", ""grade"": ""normal"", ""weight"": 1}, {""gene"": ""IL1B"", ""grade"": ""core"", ""weight"": 5}, {""gene"": ""IL2"", ""grade"": ""core"", ""weight"": 5}, {""gene"": ""IL6"", ""grade"": ""core"", ""weight"": 5}, {""gene"": ""MAPK1"", ""grade"": ""normal"", ""weight"": 1}, {""gene"": ""MMP1"", ""grade"": ""important"", ""weight"": 2}, {""gene"": ""MMP2"", ""grade"": ""normal"", ""weight"": 1}, {""gene"": ""MMP3"", ""grade"": ""normal"", ""weight"": 1}, {""gene"": ""MMP9"", ""grade"": ""core"", ""weight"": 5}, {""gene"": ""MPO"", ""grade"": ""core"", ""weight"": 5}, {""gene"": ""MYC"", ""grade"": ""important"", ""weight"": 2}, {""gene"": ""NFE2L2"", ""grade"": ""core"", ""weight"": 5}, {""gene"": ""NFKBIA"", ""grade"": ""core"", ""weight"": 5}, {""gene"": ""NOS2"", ""grade"": ""core"", ""weight"": 5}, {""gene"": ""NOS3"", ""grade"": ""normal"", ""weight"": 1}, {""gene"": ""NR1I2"", ""grade"": ""important"", ""weight"": 2}, {""gene"": ""ODC1"", ""grade"": ""normal"", ""weight"": 1}, {""gene"": ""PLAU"", ""grade"": ""normal"", ""weight"": 1}, {""gene"": ""PPARA"", ""grade"": ""normal"", ""weight"": 1}, {""gene"": ""PPARG"", ""grade"": ""core"", ""weight"": 5}, {""gene"": ""PTGS1"", ""grade"": ""important"", ""weight"": 2}, {""gene"": ""PTGS2"", ""grade"": ""core"", ""weight"": 5}, {""gene"": ""RB1"", ""grade"": ""normal"", ""weight"": 1}, {""gene"": ""RELA"", ""grade"": ""important"", ""weight"": 2}, {""gene"": ""SLC6A4"", ""grade"": ""normal"", ""weight"": 1}, {""gene"": ""STAT1"", ""grade"": ""important"", ""weight"": 2}, {""gene"": ""TNF"", ""grade"": ""core"", ""weight"": 5}, {""gene"": ""TP53"", ""grade"": ""core"", ""weight"": 5}, {""gene"": ""VCAM1"", ""grade"": ""normal"", ""weight"": 1}]"
25,槐花__马齿苋,槐花,马齿苋,60,63,63,60,151,0.05,18,154.77499999999998,True,False,"[{""gene"": ""ABCG2"", ""grade"": ""normal"", ""weight"": 1}, {""gene"": ""AHR"", ""grade"": ""normal"", ""weight"": 1}, {""gene"": ""AKT1"", ""grade"": ""important"", ""weight"": 2}, {""gene"": ""ALOX5"", ""grade"": ""important"", ""weight"": 2}, {""gene"": ""BAX"", ""grade"": ""important"", ""weight"": 2}, {""gene"": ""BCL2"", ""grade"": ""normal"", ""weight"": 1}, {""gene"": ""BIRC5"", ""grade"": ""normal"", ""weight"": 1}, {""gene"": ""CASP3"", ""grade"": ""important"", ""weight"": 2}, {""gene"": ""CASP8"", ""grade"": ""important"", ""weight"": 2}, {""gene"": ""CCL2"", ""grade"": ""important"", ""weight"": 2}, {""gene"": ""CCND1"", ""grade"": ""important"", ""weight"": 2}, {""gene"": ""CD40LG"", ""grade"": ""important"", ""weight"": 2}, {""gene"": ""CDKN1A"", ""grade"": ""important"", ""weight"": 2}, {""gene"": ""CHEK2"", ""grade"": ""normal"", ""weight"": 1}, {""gene"": ""CHUK"", ""grade"": ""normal"", ""weight"": 1}, {""gene"": ""CXCL10"", ""grade"": ""core"", ""weight"": 5}, {""gene"": ""CXCL8"", ""grade"": ""core"", ""weight"": 5}, {""gene"": ""CYP1A2"", ""grade"": ""normal"", ""weight"": 1}, {""gene"": ""CYP3A4"", ""grade"": ""important"", ""weight"": 2}, {""gene"": ""DUOX2"", ""grade"": ""normal"", ""weight"": 1}, {""gene"": ""EGFR"", ""grade"": ""important"", ""weight"": 2}, {""gene"": ""ERBB2"", ""grade"": ""normal"", ""weight"": 1}, {""gene"": ""GSTM1"", ""grade"": ""normal"", ""weight"": 1}, {""gene"": ""GSTP1"", ""grade"": ""normal"", ""weight"": 1}, {""gene"": ""HIF1A"", ""grade"": ""core"", ""weight"": 5}, {""gene"": ""HMOX1"", ""grade"": ""normal"", ""weight"": 1}, {""gene"": ""ICAM1"", ""grade"": ""core"", ""weight"": 5}, {""gene"": ""IFNG"", ""grade"": ""core"", ""weight"": 5}, {""gene"": ""IGF2"", ""grade"": ""important"", ""weight"": 2}, {""gene"": ""IKBKB"", ""grade"": ""important"", ""weight"": 2}, {""gene"": ""IL10"", ""grade"": ""core"", ""weight"": 5}, {""gene"": ""IL1A"", ""grade"": ""normal"", ""weight"": 1}, {""gene"": ""IL1B"", ""grade"": ""core"", ""weight"": 5}, {""gene"": ""IL2"", ""grade"": ""core"", ""weight"": 5}, {""gene"": ""IL6"", ""grade"": ""core"", ""weight"": 5}, {""gene"": ""MAPK1"", ""grade"": ""normal"", ""weight"": 1}, {""gene"": ""MMP1"", ""grade"": ""important"", ""weight"": 2}, {""gene"": ""MMP2"", ""grade"": ""normal"", ""weight"": 1}, {""gene"": ""MMP3"", ""grade"": ""normal"", ""weight"": 1}, {""gene"": ""MMP9"", ""grade"": ""core"", ""weight"": 5}, {""gene"": ""MPO"", ""grade"": ""core"", ""weight"": 5}, {""gene"": ""MYC"", ""grade"": ""important"", ""weight"": 2}, {""gene"": ""NFE2L2"", ""grade"": ""core"", ""weight"": 5}, {""gene"": ""NFKBIA"", ""grade"": ""core"", ""weight"": 5}, {""gene"": ""NOS2"", ""grade"": ""core"", ""weight"": 5}, {""gene"": ""NOS3"", ""grade"": ""normal"", ""weight"": 1}, {""gene"": ""NR1I2"", ""grade"": ""important"", ""weight"": 2}, {""gene"": ""ODC1"", ""grade"": ""normal"", ""weight"": 1}, {""gene"": ""PLAU"", ""grade"": ""normal"", ""weight"": 1}, {""gene"": ""PPARA"", ""grade"": ""normal"", ""weight"": 1}, {""gene"": ""PPARG"", ""grade"": ""core"", ""weight"": 5}, {""gene"": ""PTGS1"", ""grade"": ""important"", ""weight"": 2}, {""gene"": ""PTGS2"", ""grade"": ""core"", ""weight"": 5}, {""gene"": ""RB1"", ""grade"": ""normal"", ""weight"": 1}, {""gene"": ""RELA"", ""grade"": ""important"", ""weight"": 2}, {""gene"": ""SLC6A4"", ""grade"": ""normal"", ""weight"": 1}, {""gene"": ""STAT1"", ""grade"": ""important"", ""weight"": 2}, {""gene"": ""TNF"", ""grade"": ""core"", ""weight"": 5}, {""gene"": ""TP53"", ""grade"": ""core"", ""weight"": 5}, {""gene"": ""VCAM1"", ""grade"": ""normal"", ""weight"": 1}]"
26,槐花__黄芪,槐花,黄芪,60,63,63,60,151,0.05,18,154.77499999999998,True,False,"[{""gene"": ""ABCG2"", ""grade"": ""normal"", ""weight"": 1}, {""gene"": ""AHR"", ""grade"": ""normal"", ""weight"": 1}, {""gene"": ""AKT1"", ""grade"": ""important"", ""weight"": 2}, {""gene"": ""ALOX5"", ""grade"": ""important"", ""weight"": 2}, {""gene"": ""BAX"", ""grade"": ""important"", ""weight"": 2}, {""gene"": ""BCL2"", ""grade"": ""normal"", ""weight"": 1}, {""gene"": ""BIRC5"", ""grade"": ""normal"", ""weight"": 1}, {""gene"": ""CASP3"", ""grade"": ""important"", ""weight"": 2}, {""gene"": ""CASP8"", ""grade"": ""important"", ""weight"": 2}, {""gene"": ""CCL2"", ""grade"": ""important"", ""weight"": 2}, {""gene"": ""CCND1"", ""grade"": ""important"", ""weight"": 2}, {""gene"": ""CD40LG"", ""grade"": ""important"", ""weight"": 2}, {""gene"": ""CDKN1A"", ""grade"": ""important"", ""weight"": 2}, {""gene"": ""CHEK2"", ""grade"": ""normal"", ""weight"": 1}, {""gene"": ""CHUK"", ""grade"": ""normal"", ""weight"": 1}, {""gene"": ""CXCL10"", ""grade"": ""core"", ""weight"": 5}, {""gene"": ""CXCL8"", ""grade"": ""core"", ""weight"": 5}, {""gene"": ""CYP1A2"", ""grade"": ""normal"", ""weight"": 1}, {""gene"": ""CYP3A4"", ""grade"": ""important"", ""weight"": 2}, {""gene"": ""DUOX2"", ""grade"": ""normal"", ""weight"": 1}, {""gene"": ""EGFR"", ""grade"": ""important"", ""weight"": 2}, {""gene"": ""ERBB2"", ""grade"": ""normal"", ""weight"": 1}, {""gene"": ""GSTM1"", ""grade"": ""normal"", ""weight"": 1}, {""gene"": ""GSTP1"", ""grade"": ""normal"", ""weight"": 1}, {""gene"": ""HIF1A"", ""grade"": ""core"", ""weight"": 5}, {""gene"": ""HMOX1"", ""grade"": ""normal"", ""weight"": 1}, {""gene"": ""ICAM1"", ""grade"": ""core"", ""weight"": 5}, {""gene"": ""IFNG"", ""grade"": ""core"", ""weight"": 5}, {""gene"": ""IGF2"", ""grade"": ""important"", ""weight"": 2}, {""gene"": ""IKBKB"", ""grade"": ""important"", ""weight"": 2}, {""gene"": ""IL10"", ""grade"": ""core"", ""weight"": 5}, {""gene"": ""IL1A"", ""grade"": ""normal"", ""weight"": 1}, {""gene"": ""IL1B"", ""grade"": ""core"", ""weight"": 5}, {""gene"": ""IL2"", ""grade"": ""core"", ""weight"": 5}, {""gene"": ""IL6"", ""grade"": ""core"", ""weight"": 5}, {""gene"": ""MAPK1"", ""grade"": ""normal"", ""weight"": 1}, {""gene"": ""MMP1"", ""grade"": ""important"", ""weight"": 2}, {""gene"": ""MMP2"", ""grade"": ""normal"", ""weight"": 1}, {""gene"": ""MMP3"", ""grade"": ""normal"", ""weight"": 1}, {""gene"": ""MMP9"", ""grade"": ""core"", ""weight"": 5}, {""gene"": ""MPO"", ""grade"": ""core"", ""weight"": 5}, {""gene"": ""MYC"", ""grade"": ""important"", ""weight"": 2}, {""gene"": ""NFE2L2"", ""grade"": ""core"", ""weight"": 5}, {""gene"": ""NFKBIA"", ""grade"": ""core"", ""weight"": 5}, {""gene"": ""NOS2"", ""grade"": ""core"", ""weight"": 5}, {""gene"": ""NOS3"", ""grade"": ""normal"", ""weight"": 1}, {""gene"": ""NR1I2"", ""grade"": ""important"", ""weight"": 2}, {""gene"": ""ODC1"", ""grade"": ""normal"", ""weight"": 1}, {""gene"": ""PLAU"", ""grade"": ""normal"", ""weight"": 1}, {""gene"": ""PPARA"", ""grade"": ""normal"", ""weight"": 1}, {""gene"": ""PPARG"", ""grade"": ""core"", ""weight"": 5}, {""gene"": ""PTGS1"", ""grade"": ""important"", ""weight"": 2}, {""gene"": ""PTGS2"", ""grade"": ""core"", ""weight"": 5}, {""gene"": ""RB1"", ""grade"": ""normal"", ""weight"": 1}, {""gene"": ""RELA"", ""grade"": ""important"", ""weight"": 2}, {""gene"": ""SLC6A4"", ""grade"": ""normal"", ""weight"": 1}, {""gene"": ""STAT1"", ""grade"": ""important"", ""weight"": 2}, {""gene"": ""TNF"", ""grade"": ""core"", ""weight"": 5}, {""gene"": ""TP53"", ""grade"": ""core"", ""weight"": 5}, {""gene"": ""VCAM1"", ""grade"": ""normal"", ""weight"": 1}]"
27,乌梅__大枣,乌梅,大枣,61,61,63,59,149,0.06557377049180328,18,153.88524590163934,True,False,"[{""gene"": ""ABCG2"", ""grade"": ""normal"", ""weight"": 1}, {""gene"": ""AHR"", ""grade"": ""normal"", ""weight"": 1}, {""gene"": ""AKT1"", ""grade"": ""important"", ""weight"": 2}, {""gene"": ""ALOX5"", ""grade"": ""important"", ""weight"": 2}, {""gene"": ""BAX"", ""grade"": ""important"", ""weight"": 2}, {""gene"": ""BCL2"", ""grade"": ""normal"", ""weight"": 1}, {""gene"": ""BIRC5"", ""grade"": ""normal"", ""weight"": 1}, {""gene"": ""CASP3"", ""grade"": ""important"", ""weight"": 2}, {""gene"": ""CASP8"", ""grade"": ""important"", ""weight"": 2}, {""gene"": ""CCL2"", ""grade"": ""important"", ""weight"": 2}, {""gene"": ""CCND1"", ""grade"": ""important"", ""weight"": 2}, {""gene"": ""CD40LG"", ""grade"": ""important"", ""weight"": 2}, {""gene"": ""CDKN1A"", ""grade"": ""important"", ""weight"": 2}, {""gene"": ""CHEK2"", ""grade"": ""normal"", ""weight"": 1}, {""gene"": ""CHUK"", ""grade"": ""normal"", ""weight"": 1}, {""gene"": ""CXCL10"", ""grade"": ""core"", ""weight"": 5}, {""gene"": ""CXCL8"", ""grade"": ""core"", ""weight"": 5}, {""gene"": ""CYP1A2"", ""grade"": ""normal"", ""weight"": 1}, {""gene"": ""CYP3A4"", ""grade"": ""important"", ""weight"": 2}, {""gene"": ""DUOX2"", ""grade"": ""normal"", ""weight"": 1}, {""gene"": ""EGFR"", ""grade"": ""important"", ""weight"": 2}, {""gene"": ""ERBB2"", ""grade"": ""normal"", ""weight"": 1}, {""gene"": ""GSTM1"", ""grade"": ""normal"", ""weight"": 1}, {""gene"": ""GSTP1"", ""grade"": ""normal"", ""weight"": 1}, {""gene"": ""HIF1A"", ""grade"": ""core"", ""weight"": 5}, {""gene"": ""HMOX1"", ""grade"": ""normal"", ""weight"": 1}, {""gene"": ""ICAM1"", ""grade"": ""core"", ""weight"": 5}, {""gene"": ""IFNG"", ""grade"": ""core"", ""weight"": 5}, {""gene"": ""IGF2"", ""grade"": ""important"", ""weight"": 2}, {""gene"": ""IL10"", ""grade"": ""core"", ""weight"": 5}, {""gene"": ""IL1A"", ""grade"": ""normal"", ""weight"": 1}, {""gene"": ""IL1B"", ""grade"": ""core"", ""weight"": 5}, {""gene"": ""IL2"", ""grade"": ""core"", ""weight"": 5}, {""gene"": ""IL6"", ""grade"": ""core"", ""weight"": 5}, {""gene"": ""MAPK1"", ""grade"": ""normal"", ""weight"": 1}, {""gene"": ""MMP1"", ""grade"": ""important"", ""weight"": 2}, {""gene"": ""MMP2"", ""grade"": ""normal"", ""weight"": 1}, {""gene"": ""MMP3"", ""grade"": ""normal"", ""weight"": 1}, {""gene"": ""MMP9"", ""grade"": ""core"", ""weight"": 5}, {""gene"": ""MPO"", ""grade"": ""core"", ""weight"": 5}, {""gene"": ""MYC"", ""grade"": ""important"", ""weight"": 2}, {""gene"": ""NFE2L2"", ""grade"": ""core"", ""weight"": 5}, {""gene"": ""NFKBIA"", ""grade"": ""core"", ""weight"": 5}, {""gene"": ""NOS2"", ""grade"": ""core"", ""weight"": 5}, {""gene"": ""NOS3"", ""grade"": ""normal"", ""weight"": 1}, {""gene"": ""NR1I2"", ""grade"": ""important"", ""weight"": 2}, {""gene"": ""ODC1"", ""grade"": ""normal"", ""weight"": 1}, {""gene"": ""PLAU"", ""grade"": ""normal"", ""weight"": 1}, {""gene"": ""PPARA"", ""grade"": ""normal"", ""weight"": 1}, {""gene"": ""PPARG"", ""grade"": ""core"", ""weight"": 5}, {""gene"": ""PTGS1"", ""grade"": ""important"", ""weight"": 2}, {""gene"": ""PTGS2"", ""grade"": ""core"", ""weight"": 5}, {""gene"": ""RB1"", ""grade"": ""normal"", ""weight"": 1}, {""gene"": ""RELA"", ""grade"": ""important"", ""weight"": 2}, {""gene"": ""SLC6A4"", ""grade"": ""normal"", ""weight"": 1}, {""gene"": ""STAT1"", ""grade"": ""important"", ""weight"": 2}, {""gene"": ""TNF"", ""grade"": ""core"", ""weight"": 5}, {""gene"": ""TP53"", ""grade"": ""core"", ""weight"": 5}, {""gene"": ""VCAM1"", ""grade"": ""normal"", ""weight"": 1}]"
28,大枣__鱼腥草,大枣,鱼腥草,61,59,62,58,148,0.06779661016949153,18,153.01694915254237,True,False,"[{""gene"": ""ABCG2"", ""grade"": ""normal"", ""weight"": 1}, {""gene"": ""AHR"", ""grade"": ""normal"", ""weight"": 1}, {""gene"": ""AKT1"", ""grade"": ""important"", ""weight"": 2}, {""gene"": ""ALOX5"", ""grade"": ""important"", ""weight"": 2}, {""gene"": ""BAX"", ""grade"": ""important"", ""weight"": 2}, {""gene"": ""BCL2"", ""grade"": ""normal"", ""weight"": 1}, {""gene"": ""BIRC5"", ""grade"": ""normal"", ""weight"": 1}, {""gene"": ""CASP3"", ""grade"": ""important"", ""weight"": 2}, {""gene"": ""CASP8"", ""grade"": ""important"", ""weight"": 2}, {""gene"": ""CCL2"", ""grade"": ""important"", ""weight"": 2}, {""gene"": ""CCND1"", ""grade"": ""important"", ""weight"": 2}, {""gene"": ""CD40LG"", ""grade"": ""important"", ""weight"": 2}, {""gene"": ""CDKN1A"", ""grade"": ""important"", ""weight"": 2}, {""gene"": ""CHEK2"", ""grade"": ""normal"", ""weight"": 1}, {""gene"": ""CHUK"", ""grade"": ""normal"", ""weight"": 1}, {""gene"": ""CXCL10"", ""grade"": ""core"", ""weight"": 5}, {""gene"": ""CXCL8"", ""grade"": ""core"", ""weight"": 5}, {""gene"": ""CYP1A2"", ""grade"": ""normal"", ""weight"": 1}, {""gene"": ""CYP3A4"", ""grade"": ""important"", ""weight"": 2}, {""gene"": ""DUOX2"", ""grade"": ""normal"", ""weight"": 1}, {""gene"": ""EGFR"", ""grade"": ""important"", ""weight"": 2}, {""gene"": ""ERBB2"", ""grade"": ""normal"", ""weight"": 1}, {""gene"": ""GSTM1"", ""grade"": ""normal"", ""weight"": 1}, {""gene"": ""GSTP1"", ""grade"": ""normal"", ""weight"": 1}, {""gene"": ""HIF1A"", ""grade"": ""core"", ""weight"": 5}, {""gene"": ""HMOX1"", ""grade"": ""normal"", ""weight"": 1}, {""gene"": ""ICAM1"", ""grade"": ""core"", ""weight"": 5}, {""gene"": ""IFNG"", ""grade"": ""core"", ""weight"": 5}, {""gene"": ""IGF2"", ""grade"": ""important"", ""weight"": 2}, {""gene"": ""IL10"", ""grade"": ""core"", ""weight"": 5}, {""gene"": ""IL1A"", ""grade"": ""normal"", ""weight"": 1}, {""gene"": ""IL1B"", ""grade"": ""core"", ""weight"": 5}, {""gene"": ""IL2"", ""grade"": ""core"", ""weight"": 5}, {""gene"": ""IL6"", ""grade"": ""core"", ""weight"": 5}, {""gene"": ""MAPK1"", ""grade"": ""normal"", ""weight"": 1}, {""gene"": ""MMP1"", ""grade"": ""important"", ""weight"": 2}, {""gene"": ""MMP2"", ""grade"": ""normal"", ""weight"": 1}, {""gene"": ""MMP3"", ""grade"": ""normal"", ""weight"": 1}, {""gene"": ""MMP9"", ""grade"": ""core"", ""weight"": 5}, {""gene"": ""MPO"", ""grade"": ""core"", ""weight"": 5}, {""gene"": ""MYC"", ""grade"": ""important"", ""weight"": 2}, {""gene"": ""NFE2L2"", ""grade"": ""core"", ""weight"": 5}, {""gene"": ""NFKBIA"", ""grade"": ""core"", ""weight"": 5}, {""gene"": ""NOS2"", ""grade"": ""core"", ""weight"": 5}, {""gene"": ""NOS3"", ""grade"": ""normal"", ""weight"": 1}, {""gene"": ""NR1I2"", ""grade"": ""important"", ""weight"": 2}, {""gene"": ""ODC1"", ""grade"": ""normal"", ""weight"": 1}, {""gene"": ""PLAU"", ""grade"": ""normal"", ""weight"": 1}, {""gene"": ""PPARA"", ""grade"": ""normal"", ""weight"": 1}, {""gene"": ""PPARG"", ""grade"": ""core"", ""weight"": 5}, {""gene"": ""PTGS1"", ""grade"": ""important"", ""weight"": 2}, {""gene"": ""PTGS2"", ""grade"": ""core"", ""weight"": 5}, {""gene"": ""RB1"", ""grade"": ""normal"", ""weight"": 1}, {""gene"": ""RELA"", ""grade"": ""important"", ""weight"": 2}, {""gene"": ""STAT1"", ""grade"": ""important"", ""weight"": 2}, {""gene"": ""TNF"", ""grade"": ""core"", ""weight"": 5}, {""gene"": ""TP53"", ""grade"": ""core"", ""weight"": 5}, {""gene"": ""VCAM1"", ""grade"": ""normal"", ""weight"": 1}]"
29,大枣__栀子,大枣,栀子,61,60,62,59,149,0.05,18,152.725,True,False,"[{""gene"": ""ABCG2"", ""grade"": ""normal"", ""weight"": 1}, {""gene"": ""AHR"", ""grade"": ""normal"", ""weight"": 1}, {""gene"": ""AKT1"", ""grade"": ""important"", ""weight"": 2}, {""gene"": ""ALOX5"", ""grade"": ""important"", ""weight"": 2}, {""gene"": ""BAX"", ""grade"": ""important"", ""weight"": 2}, {""gene"": ""BCL2"", ""grade"": ""normal"", ""weight"": 1}, {""gene"": ""BIRC5"", ""grade"": ""normal"", ""weight"": 1}, {""gene"": ""CASP3"", ""grade"": ""important"", ""weight"": 2}, {""gene"": ""CASP8"", ""grade"": ""important"", ""weight"": 2}, {""gene"": ""CCL2"", ""grade"": ""important"", ""weight"": 2}, {""gene"": ""CCND1"", ""grade"": ""important"", ""weight"": 2}, {""gene"": ""CD40LG"", ""grade"": ""important"", ""weight"": 2}, {""gene"": ""CDKN1A"", ""grade"": ""important"", ""weight"": 2}, {""gene"": ""CHEK2"", ""grade"": ""normal"", ""weight"": 1}, {""gene"": ""CHUK"", ""grade"": ""normal"", ""weight"": 1}, {""gene"": ""CXCL10"", ""grade"": ""core"", ""weight"": 5}, {""gene"": ""CXCL8"", ""grade"": ""core"", ""weight"": 5}, {""gene"": ""CYP1A2"", ""grade"": ""normal"", ""weight"": 1}, {""gene"": ""CYP3A4"", ""grade"": ""important"", ""weight"": 2}, {""gene"": ""DUOX2"", ""grade"": ""normal"", ""weight"": 1}, {""gene"": ""EGFR"", ""grade"": ""important"", ""weight"": 2}, {""gene"": ""ERBB2"", ""grade"": ""normal"", ""weight"": 1}, {""gene"": ""GSTM1"", ""grade"": ""normal"", ""weight"": 1}, {""gene"": ""GSTP1"", ""grade"": ""normal"", ""weight"": 1}, {""gene"": ""HIF1A"", ""grade"": ""core"", ""weight"": 5}, {""gene"": ""HMOX1"", ""grade"": ""normal"", ""weight"": 1}, {""gene"": ""ICAM1"", ""grade"": ""core"", ""weight"": 5}, {""gene"": ""IFNG"", ""grade"": ""core"", ""weight"": 5}, {""gene"": ""IGF2"", ""grade"": ""important"", ""weight"": 2}, {""gene"": ""IL10"", ""grade"": ""core"", ""weight"": 5}, {""gene"": ""IL1A"", ""grade"": ""normal"", ""weight"": 1}, {""gene"": ""IL1B"", ""grade"": ""core"", ""weight"": 5}, {""gene"": ""IL2"", ""grade"": ""core"", ""weight"": 5}, {""gene"": ""IL6"", ""grade"": ""core"", ""weight"": 5}, {""gene"": ""MAPK1"", ""grade"": ""normal"", ""weight"": 1}, {""gene"": ""MMP1"", ""grade"": ""important"", ""weight"": 2}, {""gene"": ""MMP2"", ""grade"": ""normal"", ""weight"": 1}, {""gene"": ""MMP3"", ""grade"": ""normal"", ""weight"": 1}, {""gene"": ""MMP9"", ""grade"": ""core"", ""weight"": 5}, {""gene"": ""MPO"", ""grade"": ""core"", ""weight"": 5}, {""gene"": ""MYC"", ""grade"": ""important"", ""weight"": 2}, {""gene"": ""NFE2L2"", ""grade"": ""core"", ""weight"": 5}, {""gene"": ""NFKBIA"", ""grade"": ""core"", ""weight"": 5}, {""gene"": ""NOS2"", ""grade"": ""core"", ""weight"": 5}, {""gene"": ""NOS3"", ""grade"": ""normal"", ""weight"": 1}, {""gene"": ""NR1I2"", ""grade"": ""important"", ""weight"": 2}, {""gene"": ""ODC1"", ""grade"": ""normal"", ""weight"": 1}, {""gene"": ""PLAU"", ""grade"": ""normal"", ""weight"": 1}, {""gene"": ""PPARA"", ""grade"": ""normal"", ""weight"": 1}, {""gene"": ""PPARG"", ""grade"": ""core"", ""weight"": 5}, {""gene"": ""PTGS1"", ""grade"": ""important"", ""weight"": 2}, {""gene"": ""PTGS2"", ""grade"": ""core"", ""weight"": 5}, {""gene"": ""RB1"", ""grade"": ""normal"", ""weight"": 1}, {""gene"": ""RELA"", ""grade"": ""important"", ""weight"": 2}, {""gene"": ""SLC6A4"", ""grade"": ""normal"", ""weight"": 1}, {""gene"": ""STAT1"", ""grade"": ""important"", ""weight"": 2}, {""gene"": ""TNF"", ""grade"": ""core"", ""weight"": 5}, {""gene"": ""TP53"", ""grade"": ""core"", ""weight"": 5}, {""gene"": ""VCAM1"", ""grade"": ""normal"", ""weight"": 1}]"
30,大枣__槐花,大枣,槐花,61,60,62,59,149,0.05,18,152.725,True,False,"[{""gene"": ""ABCG2"", ""grade"": ""normal"", ""weight"": 1}, {""gene"": ""AHR"", ""grade"": ""normal"", ""weight"": 1}, {""gene"": ""AKT1"", ""grade"": ""important"", ""weight"": 2}, {""gene"": ""ALOX5"", ""grade"": ""important"", ""weight"": 2}, {""gene"": ""BAX"", ""grade"": ""important"", ""weight"": 2}, {""gene"": ""BCL2"", ""grade"": ""normal"", ""weight"": 1}, {""gene"": ""BIRC5"", ""grade"": ""normal"", ""weight"": 1}, {""gene"": ""CASP3"", ""grade"": ""important"", ""weight"": 2}, {""gene"": ""CASP8"", ""grade"": ""important"", ""weight"": 2}, {""gene"": ""CCL2"", ""grade"": ""important"", ""weight"": 2}, {""gene"": ""CCND1"", ""grade"": ""important"", ""weight"": 2}, {""gene"": ""CD40LG"", ""grade"": ""important"", ""weight"": 2}, {""gene"": ""CDKN1A"", ""grade"": ""important"", ""weight"": 2}, {""gene"": ""CHEK2"", ""grade"": ""normal"", ""weight"": 1}, {""gene"": ""CHUK"", ""grade"": ""normal"", ""weight"": 1}, {""gene"": ""CXCL10"", ""grade"": ""core"", ""weight"": 5}, {""gene"": ""CXCL8"", ""grade"": ""core"", ""weight"": 5}, {""gene"": ""CYP1A2"", ""grade"": ""normal"", ""weight"": 1}, {""gene"": ""CYP3A4"", ""grade"": ""important"", ""weight"": 2}, {""gene"": ""DUOX2"", ""grade"": ""normal"", ""weight"": 1}, {""gene"": ""EGFR"", ""grade"": ""important"", ""weight"": 2}, {""gene"": ""ERBB2"", ""grade"": ""normal"", ""weight"": 1}, {""gene"": ""GSTM1"", ""grade"": ""normal"", ""weight"": 1}, {""gene"": ""GSTP1"", ""grade"": ""normal"", ""weight"": 1}, {""gene"": ""HIF1A"", ""grade"": ""core"", ""weight"": 5}, {""gene"": ""HMOX1"", ""grade"": ""normal"", ""weight"": 1}, {""gene"": ""ICAM1"", ""grade"": ""core"", ""weight"": 5}, {""gene"": ""IFNG"", ""grade"": ""core"", ""weight"": 5}, {""gene"": ""IGF2"", ""grade"": ""important"", ""weight"": 2}, {""gene"": ""IL10"", ""grade"": ""core"", ""weight"": 5}, {""gene"": ""IL1A"", ""grade"": ""normal"", ""weight"": 1}, {""gene"": ""IL1B"", ""grade"": ""core"", ""weight"": 5}, {""gene"": ""IL2"", ""grade"": ""core"", ""weight"": 5}, {""gene"": ""IL6"", ""grade"": ""core"", ""weight"": 5}, {""gene"": ""MAPK1"", ""grade"": ""normal"", ""weight"": 1}, {""gene"": ""MMP1"", ""grade"": ""important"", ""weight"": 2}, {""gene"": ""MMP2"", ""grade"": ""normal"", ""weight"": 1}, {""gene"": ""MMP3"", ""grade"": ""normal"", ""weight"": 1}, {""gene"": ""MMP9"", ""grade"": ""core"", ""weight"": 5}, {""gene"": ""MPO"", ""grade"": ""core"", ""weight"": 5}, {""gene"": ""MYC"", ""grade"": ""important"", ""weight"": 2}, {""gene"": ""NFE2L2"", ""grade"": ""core"", ""weight"": 5}, {""gene"": ""NFKBIA"", ""grade"": ""core"", ""weight"": 5}, {""gene"": ""NOS2"", ""grade"": ""core"", ""weight"": 5}, {""gene"": ""NOS3"", ""grade"": ""normal"", ""weight"": 1}, {""gene"": ""NR1I2"", ""grade"": ""important"", ""weight"": 2}, {""gene"": ""ODC1"", ""grade"": ""normal"", ""weight"": 1}, {""gene"": ""PLAU"", ""grade"": ""normal"", ""weight"": 1}, {""gene"": ""PPARA"", ""grade"": ""normal"", ""weight"": 1}, {""gene"": ""PPARG"", ""grade"": ""core"", ""weight"": 5}, {""gene"": ""PTGS1"", ""grade"": ""important"", ""weight"": 2}, {""gene"": ""PTGS2"", ""grade"": ""core"", ""weight"": 5}, {""gene"": ""RB1"", ""grade"": ""normal"", ""weight"": 1}, {""gene"": ""RELA"", ""grade"": ""important"", ""weight"": 2}, {""gene"": ""SLC6A4"", ""grade"": ""normal"", ""weight"": 1}, {""gene"": ""STAT1"", ""grade"": ""important"", ""weight"": 2}, {""gene"": ""TNF"", ""grade"": ""core"", ""weight"": 5}, {""gene"": ""TP53"", ""grade"": ""core"", ""weight"": 5}, {""gene"": ""VCAM1"", ""grade"": ""normal"", ""weight"": 1}]"
31,乌梅__鱼腥草,乌梅,鱼腥草,61,59,61,59,150,0.03389830508474576,18,152.54237288135593,False,False,"[{""gene"": ""ABCG2"", ""grade"": ""normal"", ""weight"": 1}, {""gene"": ""AHR"", ""grade"": ""normal"", ""weight"": 1}, {""gene"": ""AKT1"", ""grade"": ""important"", ""weight"": 2}, {""gene"": ""ALOX5"", ""grade"": ""important"", ""weight"": 2}, {""gene"": ""BAX"", ""grade"": ""important"", ""weight"": 2}, {""gene"": ""BCL2"", ""grade"": ""normal"", ""weight"": 1}, {""gene"": ""BIRC5"", ""grade"": ""normal"", ""weight"": 1}, {""gene"": ""CASP3"", ""grade"": ""important"", ""weight"": 2}, {""gene"": ""CASP8"", ""grade"": ""important"", ""weight"": 2}, {""gene"": ""CCL2"", ""grade"": ""important"", ""weight"": 2}, {""gene"": ""CCND1"", ""grade"": ""important"", ""weight"": 2}, {""gene"": ""CD40LG"", ""grade"": ""important"", ""weight"": 2}, {""gene"": ""CDKN1A"", ""grade"": ""important"", ""weight"": 2}, {""gene"": ""CHEK2"", ""grade"": ""normal"", ""weight"": 1}, {""gene"": ""CHUK"", ""grade"": ""normal"", ""weight"": 1}, {""gene"": ""CXCL10"", ""grade"": ""core"", ""weight"": 5}, {""gene"": ""CXCL8"", ""grade"": ""core"", ""weight"": 5}, {""gene"": ""CYP1A2"", ""grade"": ""normal"", ""weight"": 1}, {""gene"": ""CYP3A4"", ""grade"": ""important"", ""weight"": 2}, {""gene"": ""DUOX2"", ""grade"": ""normal"", ""weight"": 1}, {""gene"": ""EGFR"", ""grade"": ""important"", ""weight"": 2}, {""gene"": ""ERBB2"", ""grade"": ""normal"", ""weight"": 1}, {""gene"": ""GSTM1"", ""grade"": ""normal"", ""weight"": 1}, {""gene"": ""GSTP1"", ""grade"": ""normal"", ""weight"": 1}, {""gene"": ""HIF1A"", ""grade"": ""core"", ""weight"": 5}, {""gene"": ""HMOX1"", ""grade"": ""normal"", ""weight"": 1}, {""gene"": ""ICAM1"", ""grade"": ""core"", ""weight"": 5}, {""gene"": ""IFNG"", ""grade"": ""core"", ""weight"": 5}, {""gene"": ""IGF2"", ""grade"": ""important"", ""weight"": 2}, {""gene"": ""IKBKB"", ""grade"": ""important"", ""weight"": 2}, {""gene"": ""IL10"", ""grade"": ""core"", ""weight"": 5}, {""gene"": ""IL1A"", ""grade"": ""normal"", ""weight"": 1}, {""gene"": ""IL1B"", ""grade"": ""core"", ""weight"": 5}, {""gene"": ""IL2"", ""grade"": ""core"", ""weight"": 5}, {""gene"": ""IL6"", ""grade"": ""core"", ""weight"": 5}, {""gene"": ""MAPK1"", ""grade"": ""normal"", ""weight"": 1}, {""gene"": ""MMP1"", ""grade"": ""important"", ""weight"": 2}, {""gene"": ""MMP2"", ""grade"": ""normal"", ""weight"": 1}, {""gene"": ""MMP3"", ""grade"": ""normal"", ""weight"": 1}, {""gene"": ""MMP9"", ""grade"": ""core"", ""weight"": 5}, {""gene"": ""MPO"", ""grade"": ""core"", ""weight"": 5}, {""gene"": ""MYC"", ""grade"": ""important"", ""weight"": 2}, {""gene"": ""NFE2L2"", ""grade"": ""core"", ""weight"": 5}, {""gene"": ""NFKBIA"", ""grade"": ""core"", ""weight"": 5}, {""gene"": ""NOS2"", ""grade"": ""core"", ""weight"": 5}, {""gene"": ""NOS3"", ""grade"": ""normal"", ""weight"": 1}, {""gene"": ""NR1I2"", ""grade"": ""important"", ""weight"": 2}, {""gene"": ""ODC1"", ""grade"": ""normal"", ""weight"": 1}, {""gene"": ""PLAU"", ""grade"": ""normal"", ""weight"": 1}, {""gene"": ""PPARA"", ""grade"": ""normal"", ""weight"": 1}, {""gene"": ""PPARG"", ""grade"": ""core"", ""weight"": 5}, {""gene"": ""PTGS1"", ""grade"": ""important"", ""weight"": 2}, {""gene"": ""PTGS2"", ""grade"": ""core"", ""weight"": 5}, {""gene"": ""RB1"", ""grade"": ""normal"", ""weight"": 1}, {""gene"": ""RELA"", ""grade"": ""important"", ""weight"": 2}, {""gene"": ""STAT1"", ""grade"": ""important"", ""weight"": 2}, {""gene"": ""TNF"", ""grade"": ""core"", ""weight"": 5}, {""gene"": ""TP53"", ""grade"": ""core"", ""weight"": 5}, {""gene"": ""VCAM1"", ""grade"": ""normal"", ""weight"": 1}]"
32,乌梅__栀子,乌梅,栀子,61,60,61,60,151,0.016666666666666666,18,152.25833333333333,False,False,"[{""gene"": ""ABCG2"", ""grade"": ""normal"", ""weight"": 1}, {""gene"": ""AHR"", ""grade"": ""normal"", ""weight"": 1}, {""gene"": ""AKT1"", ""grade"": ""important"", ""weight"": 2}, {""gene"": ""ALOX5"", ""grade"": ""important"", ""weight"": 2}, {""gene"": ""BAX"", ""grade"": ""important"", ""weight"": 2}, {""gene"": ""BCL2"", ""grade"": ""normal"", ""weight"": 1}, {""gene"": ""BIRC5"", ""grade"": ""normal"", ""weight"": 1}, {""gene"": ""CASP3"", ""grade"": ""important"", ""weight"": 2}, {""gene"": ""CASP8"", ""grade"": ""important"", ""weight"": 2}, {""gene"": ""CCL2"", ""grade"": ""important"", ""weight"": 2}, {""gene"": ""CCND1"", ""grade"": ""important"", ""weight"": 2}, {""gene"": ""CD40LG"", ""grade"": ""important"", ""weight"": 2}, {""gene"": ""CDKN1A"", ""grade"": ""important"", ""weight"": 2}, {""gene"": ""CHEK2"", ""grade"": ""normal"", ""weight"": 1}, {""gene"": ""CHUK"", ""grade"": ""normal"", ""weight"": 1}, {""gene"": ""CXCL10"", ""grade"": ""core"", ""weight"": 5}, {""gene"": ""CXCL8"", ""grade"": ""core"", ""weight"": 5}, {""gene"": ""CYP1A2"", ""grade"": ""normal"", ""weight"": 1}, {""gene"": ""CYP3A4"", ""grade"": ""important"", ""weight"": 2}, {""gene"": ""DUOX2"", ""grade"": ""normal"", ""weight"": 1}, {""gene"": ""EGFR"", ""grade"": ""important"", ""weight"": 2}, {""gene"": ""ERBB2"", ""grade"": ""normal"", ""weight"": 1}, {""gene"": ""GSTM1"", ""grade"": ""normal"", ""weight"": 1}, {""gene"": ""GSTP1"", ""grade"": ""normal"", ""weight"": 1}, {""gene"": ""HIF1A"", ""grade"": ""core"", ""weight"": 5}, {""gene"": ""HMOX1"", ""grade"": ""normal"", ""weight"": 1}, {""gene"": ""ICAM1"", ""grade"": ""core"", ""weight"": 5}, {""gene"": ""IFNG"", ""grade"": ""core"", ""weight"": 5}, {""gene"": ""IGF2"", ""grade"": ""important"", ""weight"": 2}, {""gene"": ""IKBKB"", ""grade"": ""important"", ""weight"": 2}, {""gene"": ""IL10"", ""grade"": ""core"", ""weight"": 5}, {""gene"": ""IL1A"", ""grade"": ""normal"", ""weight"": 1}, {""gene"": ""IL1B"", ""grade"": ""core"", ""weight"": 5}, {""gene"": ""IL2"", ""grade"": ""core"", ""weight"": 5}, {""gene"": ""IL6"", ""grade"": ""core"", ""weight"": 5}, {""gene"": ""MAPK1"", ""grade"": ""normal"", ""weight"": 1}, {""gene"": ""MMP1"", ""grade"": ""important"", ""weight"": 2}, {""gene"": ""MMP2"", ""grade"": ""normal"", ""weight"": 1}, {""gene"": ""MMP3"", ""grade"": ""normal"", ""weight"": 1}, {""gene"": ""MMP9"", ""grade"": ""core"", ""weight"": 5}, {""gene"": ""MPO"", ""grade"": ""core"", ""weight"": 5}, {""gene"": ""MYC"", ""grade"": ""important"", ""weight"": 2}, {""gene"": ""NFE2L2"", ""grade"": ""core"", ""weight"": 5}, {""gene"": ""NFKBIA"", ""grade"": ""core"", ""weight"": 5}, {""gene"": ""NOS2"", ""grade"": ""core"", ""weight"": 5}, {""gene"": ""NOS3"", ""grade"": ""normal"", ""weight"": 1}, {""gene"": ""NR1I2"", ""grade"": ""important"", ""weight"": 2}, {""gene"": ""ODC1"", ""grade"": ""normal"", ""weight"": 1}, {""gene"": ""PLAU"", ""grade"": ""normal"", ""weight"": 1}, {""gene"": ""PPARA"", ""grade"": ""normal"", ""weight"": 1}, {""gene"": ""PPARG"", ""grade"": ""core"", ""weight"": 5}, {""gene"": ""PTGS1"", ""grade"": ""important"", ""weight"": 2}, {""gene"": ""PTGS2"", ""grade"": ""core"", ""weight"": 5}, {""gene"": ""RB1"", ""grade"": ""normal"", ""weight"": 1}, {""gene"": ""RELA"", ""grade"": ""important"", ""weight"": 2}, {""gene"": ""SLC6A4"", ""grade"": ""normal"", ""weight"": 1}, {""gene"": ""STAT1"", ""grade"": ""important"", ""weight"": 2}, {""gene"": ""TNF"", ""grade"": ""core"", ""weight"": 5}, {""gene"": ""TP53"", ""grade"": ""core"", ""weight"": 5}, {""gene"": ""VCAM1"", ""grade"": ""normal"", ""weight"": 1}]"
33,乌梅__槐花,乌梅,槐花,61,60,61,60,151,0.016666666666666666,18,152.25833333333333,False,False,"[{""gene"": ""ABCG2"", ""grade"": ""normal"", ""weight"": 1}, {""gene"": ""AHR"", ""grade"": ""normal"", ""weight"": 1}, {""gene"": ""AKT1"", ""grade"": ""important"", ""weight"": 2}, {""gene"": ""ALOX5"", ""grade"": ""important"", ""weight"": 2}, {""gene"": ""BAX"", ""grade"": ""important"", ""weight"": 2}, {""gene"": ""BCL2"", ""grade"": ""normal"", ""weight"": 1}, {""gene"": ""BIRC5"", ""grade"": ""normal"", ""weight"": 1}, {""gene"": ""CASP3"", ""grade"": ""important"", ""weight"": 2}, {""gene"": ""CASP8"", ""grade"": ""important"", ""weight"": 2}, {""gene"": ""CCL2"", ""grade"": ""important"", ""weight"": 2}, {""gene"": ""CCND1"", ""grade"": ""important"", ""weight"": 2}, {""gene"": ""CD40LG"", ""grade"": ""important"", ""weight"": 2}, {""gene"": ""CDKN1A"", ""grade"": ""important"", ""weight"": 2}, {""gene"": ""CHEK2"", ""grade"": ""normal"", ""weight"": 1}, {""gene"": ""CHUK"", ""grade"": ""normal"", ""weight"": 1}, {""gene"": ""CXCL10"", ""grade"": ""core"", ""weight"": 5}, {""gene"": ""CXCL8"", ""grade"": ""core"", ""weight"": 5}, {""gene"": ""CYP1A2"", ""grade"": ""normal"", ""weight"": 1}, {""gene"": ""CYP3A4"", ""grade"": ""important"", ""weight"": 2}, {""gene"": ""DUOX2"", ""grade"": ""normal"", ""weight"": 1}, {""gene"": ""EGFR"", ""grade"": ""important"", ""weight"": 2}, {""gene"": ""ERBB2"", ""grade"": ""normal"", ""weight"": 1}, {""gene"": ""GSTM1"", ""grade"": ""normal"", ""weight"": 1}, {""gene"": ""GSTP1"", ""grade"": ""normal"", ""weight"": 1}, {""gene"": ""HIF1A"", ""grade"": ""core"", ""weight"": 5}, {""gene"": ""HMOX1"", ""grade"": ""normal"", ""weight"": 1}, {""gene"": ""ICAM1"", ""grade"": ""core"", ""weight"": 5}, {""gene"": ""IFNG"", ""grade"": ""core"", ""weight"": 5}, {""gene"": ""IGF2"", ""grade"": ""important"", ""weight"": 2}, {""gene"": ""IKBKB"", ""grade"": ""important"", ""weight"": 2}, {""gene"": ""IL10"", ""grade"": ""core"", ""weight"": 5}, {""gene"": ""IL1A"", ""grade"": ""normal"", ""weight"": 1}, {""gene"": ""IL1B"", ""grade"": ""core"", ""weight"": 5}, {""gene"": ""IL2"", ""grade"": ""core"", ""weight"": 5}, {""gene"": ""IL6"", ""grade"": ""core"", ""weight"": 5}, {""gene"": ""MAPK1"", ""grade"": ""normal"", ""weight"": 1}, {""gene"": ""MMP1"", ""grade"": ""important"", ""weight"": 2}, {""gene"": ""MMP2"", ""grade"": ""normal"", ""weight"": 1}, {""gene"": ""MMP3"", ""grade"": ""normal"", ""weight"": 1}, {""gene"": ""MMP9"", ""grade"": ""core"", ""weight"": 5}, {""gene"": ""MPO"", ""grade"": ""core"", ""weight"": 5}, {""gene"": ""MYC"", ""grade"": ""important"", ""weight"": 2}, {""gene"": ""NFE2L2"", ""grade"": ""core"", ""weight"": 5}, {""gene"": ""NFKBIA"", ""grade"": ""core"", ""weight"": 5}, {""gene"": ""NOS2"", ""grade"": ""core"", ""weight"": 5}, {""gene"": ""NOS3"", ""grade"": ""normal"", ""weight"": 1}, {""gene"": ""NR1I2"", ""grade"": ""important"", ""weight"": 2}, {""gene"": ""ODC1"", ""grade"": ""normal"", ""weight"": 1}, {""gene"": ""PLAU"", ""grade"": ""normal"", ""weight"": 1}, {""gene"": ""PPARA"", ""grade"": ""normal"", ""weight"": 1}, {""gene"": ""PPARG"", ""grade"": ""core"", ""weight"": 5}, {""gene"": ""PTGS1"", ""grade"": ""important"", ""weight"": 2}, {""gene"": ""PTGS2"", ""grade"": ""core"", ""weight"": 5}, {""gene"": ""RB1"", ""grade"": ""normal"", ""weight"": 1}, {""gene"": ""RELA"", ""grade"": ""important"", ""weight"": 2}, {""gene"": ""SLC6A4"", ""grade"": ""normal"", ""weight"": 1}, {""gene"": ""STAT1"", ""grade"": ""important"", ""weight"": 2}, {""gene"": ""TNF"", ""grade"": ""core"", ""weight"": 5}, {""gene"": ""TP53"", ""grade"": ""core"", ""weight"": 5}, {""gene"": ""VCAM1"", ""grade"": ""normal"", ""weight"": 1}]"
34,栀子__鱼腥草,栀子,鱼腥草,60,59,60,59,150,0.01694915254237288,18,151.27118644067795,False,False,"[{""gene"": ""ABCG2"", ""grade"": ""normal"", ""weight"": 1}, {""gene"": ""AHR"", ""grade"": ""normal"", ""weight"": 1}, {""gene"": ""AKT1"", ""grade"": ""important"", ""weight"": 2}, {""gene"": ""ALOX5"", ""grade"": ""important"", ""weight"": 2}, {""gene"": ""BAX"", ""grade"": ""important"", ""weight"": 2}, {""gene"": ""BCL2"", ""grade"": ""normal"", ""weight"": 1}, {""gene"": ""BIRC5"", ""grade"": ""normal"", ""weight"": 1}, {""gene"": ""CASP3"", ""grade"": ""important"", ""weight"": 2}, {""gene"": ""CASP8"", ""grade"": ""important"", ""weight"": 2}, {""gene"": ""CCL2"", ""grade"": ""important"", ""weight"": 2}, {""gene"": ""CCND1"", ""grade"": ""important"", ""weight"": 2}, {""gene"": ""CD40LG"", ""grade"": ""important"", ""weight"": 2}, {""gene"": ""CDKN1A"", ""grade"": ""important"", ""weight"": 2}, {""gene"": ""CHEK2"", ""grade"": ""normal"", ""weight"": 1}, {""gene"": ""CHUK"", ""grade"": ""normal"", ""weight"": 1}, {""gene"": ""CXCL10"", ""grade"": ""core"", ""weight"": 5}, {""gene"": ""CXCL8"", ""grade"": ""core"", ""weight"": 5}, {""gene"": ""CYP1A2"", ""grade"": ""normal"", ""weight"": 1}, {""gene"": ""CYP3A4"", ""grade"": ""important"", ""weight"": 2}, {""gene"": ""DUOX2"", ""grade"": ""normal"", ""weight"": 1}, {""gene"": ""EGFR"", ""grade"": ""important"", ""weight"": 2}, {""gene"": ""ERBB2"", ""grade"": ""normal"", ""weight"": 1}, {""gene"": ""GSTM1"", ""grade"": ""normal"", ""weight"": 1}, {""gene"": ""GSTP1"", ""grade"": ""normal"", ""weight"": 1}, {""gene"": ""HIF1A"", ""grade"": ""core"", ""weight"": 5}, {""gene"": ""HMOX1"", ""grade"": ""normal"", ""weight"": 1}, {""gene"": ""ICAM1"", ""grade"": ""core"", ""weight"": 5}, {""gene"": ""IFNG"", ""grade"": ""core"", ""weight"": 5}, {""gene"": ""IGF2"", ""grade"": ""important"", ""weight"": 2}, {""gene"": ""IKBKB"", ""grade"": ""important"", ""weight"": 2}, {""gene"": ""IL10"", ""grade"": ""core"", ""weight"": 5}, {""gene"": ""IL1A"", ""grade"": ""normal"", ""weight"": 1}, {""gene"": ""IL1B"", ""grade"": ""core"", ""weight"": 5}, {""gene"": ""IL2"", ""grade"": ""core"", ""weight"": 5}, {""gene"": ""IL6"", ""grade"": ""core"", ""weight"": 5}, {""gene"": ""MAPK1"", ""grade"": ""normal"", ""weight"": 1}, {""gene"": ""MMP1"", ""grade"": ""important"", ""weight"": 2}, {""gene"": ""MMP2"", ""grade"": ""normal"", ""weight"": 1}, {""gene"": ""MMP3"", ""grade"": ""normal"", ""weight"": 1}, {""gene"": ""MMP9"", ""grade"": ""core"", ""weight"": 5}, {""gene"": ""MPO"", ""grade"": ""core"", ""weight"": 5}, {""gene"": ""MYC"", ""grade"": ""important"", ""weight"": 2}, {""gene"": ""NFE2L2"", ""grade"": ""core"", ""weight"": 5}, {""gene"": ""NFKBIA"", ""grade"": ""core"", ""weight"": 5}, {""gene"": ""NOS2"", ""grade"": ""core"", ""weight"": 5}, {""gene"": ""NOS3"", ""grade"": ""normal"", ""weight"": 1}, {""gene"": ""NR1I2"", ""grade"": ""important"", ""weight"": 2}, {""gene"": ""ODC1"", ""grade"": ""normal"", ""weight"": 1}, {""gene"": ""PLAU"", ""grade"": ""normal"", ""weight"": 1}, {""gene"": ""PPARA"", ""grade"": ""normal"", ""weight"": 1}, {""gene"": ""PPARG"", ""grade"": ""core"", ""weight"": 5}, {""gene"": ""PTGS1"", ""grade"": ""important"", ""weight"": 2}, {""gene"": ""PTGS2"", ""grade"": ""core"", ""weight"": 5}, {""gene"": ""RB1"", ""grade"": ""normal"", ""weight"": 1}, {""gene"": ""RELA"", ""grade"": ""important"", ""weight"": 2}, {""gene"": ""STAT1"", ""grade"": ""important"", ""weight"": 2}, {""gene"": ""TNF"", ""grade"": ""core"", ""weight"": 5}, {""gene"": ""TP53"", ""grade"": ""core"", ""weight"": 5}, {""gene"": ""VCAM1"", ""grade"": ""normal"", ""weight"": 1}]"
35,槐花__鱼腥草,槐花,鱼腥草,60,59,60,59,150,0.01694915254237288,18,151.27118644067795,False,False,"[{""gene"": ""ABCG2"", ""grade"": ""normal"", ""weight"": 1}, {""gene"": ""AHR"", ""grade"": ""normal"", ""weight"": 1}, {""gene"": ""AKT1"", ""grade"": ""important"", ""weight"": 2}, {""gene"": ""ALOX5"", ""grade"": ""important"", ""weight"": 2}, {""gene"": ""BAX"", ""grade"": ""important"", ""weight"": 2}, {""gene"": ""BCL2"", ""grade"": ""normal"", ""weight"": 1}, {""gene"": ""BIRC5"", ""grade"": ""normal"", ""weight"": 1}, {""gene"": ""CASP3"", ""grade"": ""important"", ""weight"": 2}, {""gene"": ""CASP8"", ""grade"": ""important"", ""weight"": 2}, {""gene"": ""CCL2"", ""grade"": ""important"", ""weight"": 2}, {""gene"": ""CCND1"", ""grade"": ""important"", ""weight"": 2}, {""gene"": ""CD40LG"", ""grade"": ""important"", ""weight"": 2}, {""gene"": ""CDKN1A"", ""grade"": ""important"", ""weight"": 2}, {""gene"": ""CHEK2"", ""grade"": ""normal"", ""weight"": 1}, {""gene"": ""CHUK"", ""grade"": ""normal"", ""weight"": 1}, {""gene"": ""CXCL10"", ""grade"": ""core"", ""weight"": 5}, {""gene"": ""CXCL8"", ""grade"": ""core"", ""weight"": 5}, {""gene"": ""CYP1A2"", ""grade"": ""normal"", ""weight"": 1}, {""gene"": ""CYP3A4"", ""grade"": ""important"", ""weight"": 2}, {""gene"": ""DUOX2"", ""grade"": ""normal"", ""weight"": 1}, {""gene"": ""EGFR"", ""grade"": ""important"", ""weight"": 2}, {""gene"": ""ERBB2"", ""grade"": ""normal"", ""weight"": 1}, {""gene"": ""GSTM1"", ""grade"": ""normal"", ""weight"": 1}, {""gene"": ""GSTP1"", ""grade"": ""normal"", ""weight"": 1}, {""gene"": ""HIF1A"", ""grade"": ""core"", ""weight"": 5}, {""gene"": ""HMOX1"", ""grade"": ""normal"", ""weight"": 1}, {""gene"": ""ICAM1"", ""grade"": ""core"", ""weight"": 5}, {""gene"": ""IFNG"", ""grade"": ""core"", ""weight"": 5}, {""gene"": ""IGF2"", ""grade"": ""important"", ""weight"": 2}, {""gene"": ""IKBKB"", ""grade"": ""important"", ""weight"": 2}, {""gene"": ""IL10"", ""grade"": ""core"", ""weight"": 5}, {""gene"": ""IL1A"", ""grade"": ""normal"", ""weight"": 1}, {""gene"": ""IL1B"", ""grade"": ""core"", ""weight"": 5}, {""gene"": ""IL2"", ""grade"": ""core"", ""weight"": 5}, {""gene"": ""IL6"", ""grade"": ""core"", ""weight"": 5}, {""gene"": ""MAPK1"", ""grade"": ""normal"", ""weight"": 1}, {""gene"": ""MMP1"", ""grade"": ""important"", ""weight"": 2}, {""gene"": ""MMP2"", ""grade"": ""normal"", ""weight"": 1}, {""gene"": ""MMP3"", ""grade"": ""normal"", ""weight"": 1}, {""gene"": ""MMP9"", ""grade"": ""core"", ""weight"": 5}, {""gene"": ""MPO"", ""grade"": ""core"", ""weight"": 5}, {""gene"": ""MYC"", ""grade"": ""important"", ""weight"": 2}, {""gene"": ""NFE2L2"", ""grade"": ""core"", ""weight"": 5}, {""gene"": ""NFKBIA"", ""grade"": ""core"", ""weight"": 5}, {""gene"": ""NOS2"", ""grade"": ""core"", ""weight"": 5}, {""gene"": ""NOS3"", ""grade"": ""normal"", ""weight"": 1}, {""gene"": ""NR1I2"", ""grade"": ""important"", ""weight"": 2}, {""gene"": ""ODC1"", ""grade"": ""normal"", ""weight"": 1}, {""gene"": ""PLAU"", ""grade"": ""normal"", ""weight"": 1}, {""gene"": ""PPARA"", ""grade"": ""normal"", ""weight"": 1}, {""gene"": ""PPARG"", ""grade"": ""core"", ""weight"": 5}, {""gene"": ""PTGS1"", ""grade"": ""important"", ""weight"": 2}, {""gene"": ""PTGS2"", ""grade"": ""core"", ""weight"": 5}, {""gene"": ""RB1"", ""grade"": ""normal"", ""weight"": 1}, {""gene"": ""RELA"", ""grade"": ""important"", ""weight"": 2}, {""gene"": ""STAT1"", ""grade"": ""important"", ""weight"": 2}, {""gene"": ""TNF"", ""grade"": ""core"", ""weight"": 5}, {""gene"": ""TP53"", ""grade"": ""core"", ""weight"": 5}, {""gene"": ""VCAM1"", ""grade"": ""normal"", ""weight"": 1}]"
36,栀子__槐花,栀子,槐花,60,60,60,60,151,0.0,18,151.0,False,False,"[{""gene"": ""ABCG2"", ""grade"": ""normal"", ""weight"": 1}, {""gene"": ""AHR"", ""grade"": ""normal"", ""weight"": 1}, {""gene"": ""AKT1"", ""grade"": ""important"", ""weight"": 2}, {""gene"": ""ALOX5"", ""grade"": ""important"", ""weight"": 2}, {""gene"": ""BAX"", ""grade"": ""important"", ""weight"": 2}, {""gene"": ""BCL2"", ""grade"": ""normal"", ""weight"": 1}, {""gene"": ""BIRC5"", ""grade"": ""normal"", ""weight"": 1}, {""gene"": ""CASP3"", ""grade"": ""important"", ""weight"": 2}, {""gene"": ""CASP8"", ""grade"": ""important"", ""weight"": 2}, {""gene"": ""CCL2"", ""grade"": ""important"", ""weight"": 2}, {""gene"": ""CCND1"", ""grade"": ""important"", ""weight"": 2}, {""gene"": ""CD40LG"", ""grade"": ""important"", ""weight"": 2}, {""gene"": ""CDKN1A"", ""grade"": ""important"", ""weight"": 2}, {""gene"": ""CHEK2"", ""grade"": ""normal"", ""weight"": 1}, {""gene"": ""CHUK"", ""grade"": ""normal"", ""weight"": 1}, {""gene"": ""CXCL10"", ""grade"": ""core"", ""weight"": 5}, {""gene"": ""CXCL8"", ""grade"": ""core"", ""weight"": 5}, {""gene"": ""CYP1A2"", ""grade"": ""normal"", ""weight"": 1}, {""gene"": ""CYP3A4"", ""grade"": ""important"", ""weight"": 2}, {""gene"": ""DUOX2"", ""grade"": ""normal"", ""weight"": 1}, {""gene"": ""EGFR"", ""grade"": ""important"", ""weight"": 2}, {""gene"": ""ERBB2"", ""grade"": ""normal"", ""weight"": 1}, {""gene"": ""GSTM1"", ""grade"": ""normal"", ""weight"": 1}, {""gene"": ""GSTP1"", ""grade"": ""normal"", ""weight"": 1}, {""gene"": ""HIF1A"", ""grade"": ""core"", ""weight"": 5}, {""gene"": ""HMOX1"", ""grade"": ""normal"", ""weight"": 1}, {""gene"": ""ICAM1"", ""grade"": ""core"", ""weight"": 5}, {""gene"": ""IFNG"", ""grade"": ""core"", ""weight"": 5}, {""gene"": ""IGF2"", ""grade"": ""important"", ""weight"": 2}, {""gene"": ""IKBKB"", ""grade"": ""important"", ""weight"": 2}, {""gene"": ""IL10"", ""grade"": ""core"", ""weight"": 5}, {""gene"": ""IL1A"", ""grade"": ""normal"", ""weight"": 1}, {""gene"": ""IL1B"", ""grade"": ""core"", ""weight"": 5}, {""gene"": ""IL2"", ""grade"": ""core"", ""weight"": 5}, {""gene"": ""IL6"", ""grade"": ""core"", ""weight"": 5}, {""gene"": ""MAPK1"", ""grade"": ""normal"", ""weight"": 1}, {""gene"": ""MMP1"", ""grade"": ""important"", ""weight"": 2}, {""gene"": ""MMP2"", ""grade"": ""normal"", ""weight"": 1}, {""gene"": ""MMP3"", ""grade"": ""normal"", ""weight"": 1}, {""gene"": ""MMP9"", ""grade"": ""core"", ""weight"": 5}, {""gene"": ""MPO"", ""grade"": ""core"", ""weight"": 5}, {""gene"": ""MYC"", ""grade"": ""important"", ""weight"": 2}, {""gene"": ""NFE2L2"", ""grade"": ""core"", ""weight"": 5}, {""gene"": ""NFKBIA"", ""grade"": ""core"", ""weight"": 5}, {""gene"": ""NOS2"", ""grade"": ""core"", ""weight"": 5}, {""gene"": ""NOS3"", ""grade"": ""normal"", ""weight"": 1}, {""gene"": ""NR1I2"", ""grade"": ""important"", ""weight"": 2}, {""gene"": ""ODC1"", ""grade"": ""normal"", ""weight"": 1}, {""gene"": ""PLAU"", ""grade"": ""normal"", ""weight"": 1}, {""gene"": ""PPARA"", ""grade"": ""normal"", ""weight"": 1}, {""gene"": ""PPARG"", ""grade"": ""core"", ""weight"": 5}, {""gene"": ""PTGS1"", ""grade"": ""important"", ""weight"": 2}, {""gene"": ""PTGS2"", ""grade"": ""core"", ""weight"": 5}, {""gene"": ""RB1"", ""grade"": ""normal"", ""weight"": 1}, {""gene"": ""RELA"", ""grade"": ""important"", ""weight"": 2}, {""gene"": ""SLC6A4"", ""grade"": ""normal"", ""weight"": 1}, {""gene"": ""STAT1"", ""grade"": ""important"", ""weight"": 2}, {""gene"": ""TNF"", ""grade"": ""core"", ""weight"": 5}, {""gene"": ""TP53"", ""grade"": ""core"", ""weight"": 5}, {""gene"": ""VCAM1"", ""grade"": ""normal"", ""weight"": 1}]"
37,党参__甘草,党参,甘草,35,67,70,32,93,1.0857142857142856,13,143.48571428571427,False,False,"[{""gene"": ""AKT1"", ""grade"": ""important"", ""weight"": 2}, {""gene"": ""BIRC5"", ""grade"": ""normal"", ""weight"": 1}, {""gene"": ""CASP3"", ""grade"": ""important"", ""weight"": 2}, {""gene"": ""CCND1"", ""grade"": ""important"", ""weight"": 2}, {""gene"": ""CD40LG"", ""grade"": ""important"", ""weight"": 2}, {""gene"": ""CDK4"", ""grade"": ""normal"", ""weight"": 1}, {""gene"": ""CDKN1A"", ""grade"": ""important"", ""weight"": 2}, {""gene"": ""EGFR"", ""grade"": ""important"", ""weight"": 2}, {""gene"": ""ERBB2"", ""grade"": ""normal"", ""weight"": 1}, {""gene"": ""GSTP1"", ""grade"": ""normal"", ""weight"": 1}, {""gene"": ""HMOX1"", ""grade"": ""normal"", ""weight"": 1}, {""gene"": ""ICAM1"", ""grade"": ""core"", ""weight"": 5}, {""gene"": ""IFNG"", ""grade"": ""core"", ""weight"": 5}, {""gene"": ""IL10"", ""grade"": ""core"", ""weight"": 5}, {""gene"": ""IL2"", ""grade"": ""core"", ""weight"": 5}, {""gene"": ""IL4"", ""grade"": ""core"", ""weight"": 5}, {""gene"": ""IL6"", ""grade"": ""core"", ""weight"": 5}, {""gene"": ""MAPK1"", ""grade"": ""normal"", ""weight"": 1}, {""gene"": ""MMP1"", ""grade"": ""important"", ""weight"": 2}, {""gene"": ""MMP2"", ""grade"": ""normal"", ""weight"": 1}, {""gene"": ""MMP9"", ""grade"": ""core"", ""weight"": 5}, {""gene"": ""NFKBIA"", ""grade"": ""core"", ""weight"": 5}, {""gene"": ""NOS2"", ""grade"": ""core"", ""weight"": 5}, {""gene"": ""PLAU"", ""grade"": ""normal"", ""weight"": 1}, {""gene"": ""PPARG"", ""grade"": ""core"", ""weight"": 5}, {""gene"": ""PTGS1"", ""grade"": ""important"", ""weight"": 2}, {""gene"": ""PTGS2"", ""grade"": ""core"", ""weight"": 5}, {""gene"": ""RB1"", ""grade"": ""normal"", ""weight"": 1}, {""gene"": ""RELA"", ""grade"": ""important"", ""weight"": 2}, {""gene"": ""SLC6A4"", ""grade"": ""normal"", ""weight"": 1}, {""gene"": ""TNF"", ""grade"": ""core"", ""weight"": 5}, {""gene"": ""TP53"", ""grade"": ""core"", ""weight"": 5}]"
38,党参__石榴皮,党参,石榴皮,35,64,66,33,94,0.9428571428571428,13,138.31428571428572,False,False,"[{""gene"": ""AKT1"", ""grade"": ""important"", ""weight"": 2}, {""gene"": ""BIRC5"", ""grade"": ""normal"", ""weight"": 1}, {""gene"": ""CASP3"", ""grade"": ""important"", ""weight"": 2}, {""gene"": ""CCND1"", ""grade"": ""important"", ""weight"": 2}, {""gene"": ""CD40LG"", ""grade"": ""important"", ""weight"": 2}, {""gene"": ""CDK4"", ""grade"": ""normal"", ""weight"": 1}, {""gene"": ""CDKN1A"", ""grade"": ""important"", ""weight"": 2}, {""gene"": ""EGFR"", ""grade"": ""important"", ""weight"": 2}, {""gene"": ""ERBB2"", ""grade"": ""normal"", ""weight"": 1}, {""gene"": ""GSTP1"", ""grade"": ""normal"", ""weight"": 1}, {""gene"": ""HMOX1"", ""grade"": ""normal"", ""weight"": 1}, {""gene"": ""ICAM1"", ""grade"": ""core"", ""weight"": 5}, {""gene"": ""IFNG"", ""grade"": ""core"", ""weight"": 5}, {""gene"": ""IL10"", ""grade"": ""core"", ""weight"": 5}, {""gene"": ""IL2"", ""grade"": ""core"", ""weight"": 5}, {""gene"": ""IL4"", ""grade"": ""core"", ""weight"": 5}, {""gene"": ""IL6"", ""grade"": ""core"", ""weight"": 5}, {""gene"": ""MAPK1"", ""grade"": ""normal"", ""weight"": 1}, {""gene"": ""MET"", ""grade"": ""normal"", ""weight"": 1}, {""gene"": ""MMP1"", ""grade"": ""important"", ""weight"": 2}, {""gene"": ""MMP2"", ""grade"": ""normal"", ""weight"": 1}, {""gene"": ""MMP9"", ""grade"": ""core"", ""weight"": 5}, {""gene"": ""NFKBIA"", ""grade"": ""core"", ""weight"": 5}, {""gene"": ""NOS2"", ""grade"": ""core"", ""weight"": 5}, {""gene"": ""PLAU"", ""grade"": ""normal"", ""weight"": 1}, {""gene"": ""PPARG"", ""grade"": ""core"", ""weight"": 5}, {""gene"": ""PTGS1"", ""grade"": ""important"", ""weight"": 2}, {""gene"": ""PTGS2"", ""grade"": ""core"", ""weight"": 5}, {""gene"": ""RB1"", ""grade"": ""normal"", ""weight"": 1}, {""gene"": ""RELA"", ""grade"": ""important"", ""weight"": 2}, {""gene"": ""SLC6A4"", ""grade"": ""normal"", ""weight"": 1}, {""gene"": ""TNF"", ""grade"": ""core"", ""weight"": 5}, {""gene"": ""TP53"", ""grade"": ""core"", ""weight"": 5}]"
39,党参__黄芪,党参,黄芪,35,63,66,32,93,0.9714285714285714,13,138.17142857142858,False,False,"[{""gene"": ""AKT1"", ""grade"": ""important"", ""weight"": 2}, {""gene"": ""BIRC5"", ""grade"": ""normal"", ""weight"": 1}, {""gene"": ""CASP3"", ""grade"": ""important"", ""weight"": 2}, {""gene"": ""CCND1"", ""grade"": ""important"", ""weight"": 2}, {""gene"": ""CD40LG"", ""grade"": ""important"", ""weight"": 2}, {""gene"": ""CDKN1A"", ""grade"": ""important"", ""weight"": 2}, {""gene"": ""EGFR"", ""grade"": ""important"", ""weight"": 2}, {""gene"": ""ERBB2"", ""grade"": ""normal"", ""weight"": 1}, {""gene"": ""GSTP1"", ""grade"": ""normal"", ""weight"": 1}, {""gene"": ""HMOX1"", ""grade"": ""normal"", ""weight"": 1}, {""gene"": ""ICAM1"", ""grade"": ""core"", ""weight"": 5}, {""gene"": ""IFNG"", ""grade"": ""core"", ""weight"": 5}, {""gene"": ""IL10"", ""grade"": ""core"", ""weight"": 5}, {""gene"": ""IL2"", ""grade"": ""core"", ""weight"": 5}, {""gene"": ""IL4"", ""grade"": ""core"", ""weight"": 5}, {""gene"": ""IL6"", ""grade"": ""core"", ""weight"": 5}, {""gene"": ""MAPK1"", ""grade"": ""normal"", ""weight"": 1}, {""gene"": ""MET"", ""grade"": ""normal"", ""weight"": 1}, {""gene"": ""MMP1"", ""grade"": ""important"", ""weight"": 2}, {""gene"": ""MMP2"", ""grade"": ""normal"", ""weight"": 1}, {""gene"": ""MMP9"", ""grade"": ""core"", ""weight"": 5}, {""gene"": ""NFKBIA"", ""grade"": ""core"", ""weight"": 5}, {""gene"": ""NOS2"", ""grade"": ""core"", ""weight"": 5}, {""gene"": ""PLAU"", ""grade"": ""normal"", ""weight"": 1}, {""gene"": ""PPARG"", ""grade"": ""core"", ""weight"": 5}, {""gene"": ""PTGS1"", ""grade"": ""important"", ""weight"": 2}, {""gene"": ""PTGS2"", ""grade"": ""core"", ""weight"": 5}, {""gene"": ""RB1"", ""grade"": ""normal"", ""weight"": 1}, {""gene"": ""RELA"", ""grade"": ""important"", ""weight"": 2}, {""gene"": ""SLC6A4"", ""grade"": ""normal"", ""weight"": 1}, {""gene"": ""TNF"", ""grade"": ""core"", ""weight"": 5}, {""gene"": ""TP53"", ""grade"": ""core"", ""weight"": 5}]"
40,党参__马齿苋,党参,马齿苋,35,63,65,33,94,0.9142857142857143,13,136.97142857142856,False,False,"[{""gene"": ""AKT1"", ""grade"": ""important"", ""weight"": 2}, {""gene"": ""BIRC5"", ""grade"": ""normal"", ""weight"": 1}, {""gene"": ""CASP3"", ""grade"": ""important"", ""weight"": 2}, {""gene"": ""CCND1"", ""grade"": ""important"", ""weight"": 2}, {""gene"": ""CD40LG"", ""grade"": ""important"", ""weight"": 2}, {""gene"": ""CDK4"", ""grade"": ""normal"", ""weight"": 1}, {""gene"": ""CDKN1A"", ""grade"": ""important"", ""weight"": 2}, {""gene"": ""EGFR"", ""grade"": ""important"", ""weight"": 2}, {""gene"": ""ERBB2"", ""grade"": ""normal"", ""weight"": 1}, {""gene"": ""GSTP1"", ""grade"": ""normal"", ""weight"": 1}, {""gene"": ""HMOX1"", ""grade"": ""normal"", ""weight"": 1}, {""gene"": ""ICAM1"", ""grade"": ""core"", ""weight"": 5}, {""gene"": ""IFNG"", ""grade"": ""core"", ""weight"": 5}, {""gene"": ""IL10"", ""grade"": ""core"", ""weight"": 5}, {""gene"": ""IL2"", ""grade"": ""core"", ""weight"": 5}, {""gene"": ""IL4"", ""grade"": ""core"", ""weight"": 5}, {""gene"": ""IL6"", ""grade"": ""core"", ""weight"": 5}, {""gene"": ""MAPK1"", ""grade"": ""normal"", ""weight"": 1}, {""gene"": ""MET"", ""grade"": ""normal"", ""weight"": 1}, {""gene"": ""MMP1"", ""grade"": ""important"", ""weight"": 2}, {""gene"": ""MMP2"", ""grade"": ""normal"", ""weight"": 1}, {""gene"": ""MMP9"", ""grade"": ""core"", ""weight"": 5}, {""gene"": ""NFKBIA"", ""grade"": ""core"", ""weight"": 5}, {""gene"": ""NOS2"", ""grade"": ""core"", ""weight"": 5}, {""gene"": ""PLAU"", ""grade"": ""normal"", ""weight"": 1}, {""gene"": ""PPARG"", ""grade"": ""core"", ""weight"": 5}, {""gene"": ""PTGS1"", ""grade"": ""important"", ""weight"": 2}, {""gene"": ""PTGS2"", ""grade"": ""core"", ""weight"": 5}, {""gene"": ""RB1"", ""grade"": ""normal"", ""weight"": 1}, {""gene"": ""RELA"", ""grade"": ""important"", ""weight"": 2}, {""gene"": ""SLC6A4"", ""grade"": ""normal"", ""weight"": 1}, {""gene"": ""TNF"", ""grade"": ""core"", ""weight"": 5}, {""gene"": ""TP53"", ""grade"": ""core"", ""weight"": 5}]"
41,党参__大枣,党参,大枣,35,61,66,30,87,1.0285714285714285,12,131.74285714285713,False,False,"[{""gene"": ""AKT1"", ""grade"": ""important"", ""weight"": 2}, {""gene"": ""BIRC5"", ""grade"": ""normal"", ""weight"": 1}, {""gene"": ""CASP3"", ""grade"": ""important"", ""weight"": 2}, {""gene"": ""CCND1"", ""grade"": ""important"", ""weight"": 2}, {""gene"": ""CD40LG"", ""grade"": ""important"", ""weight"": 2}, {""gene"": ""CDKN1A"", ""grade"": ""important"", ""weight"": 2}, {""gene"": ""EGFR"", ""grade"": ""important"", ""weight"": 2}, {""gene"": ""ERBB2"", ""grade"": ""normal"", ""weight"": 1}, {""gene"": ""GSTP1"", ""grade"": ""normal"", ""weight"": 1}, {""gene"": ""HMOX1"", ""grade"": ""normal"", ""weight"": 1}, {""gene"": ""ICAM1"", ""grade"": ""core"", ""weight"": 5}, {""gene"": ""IFNG"", ""grade"": ""core"", ""weight"": 5}, {""gene"": ""IL10"", ""grade"": ""core"", ""weight"": 5}, {""gene"": ""IL2"", ""grade"": ""core"", ""weight"": 5}, {""gene"": ""IL6"", ""grade"": ""core"", ""weight"": 5}, {""gene"": ""MAPK1"", ""grade"": ""normal"", ""weight"": 1}, {""gene"": ""MMP1"", ""grade"": ""important"", ""weight"": 2}, {""gene"": ""MMP2"", ""grade"": ""normal"", ""weight"": 1}, {""gene"": ""MMP9"", ""grade"": ""core"", ""weight"": 5}, {""gene"": ""NFKBIA"", ""grade"": ""core"", ""weight"": 5}, {""gene"": ""NOS2"", ""grade"": ""core"", ""weight"": 5}, {""gene"": ""PLAU"", ""grade"": ""normal"", ""weight"": 1}, {""gene"": ""PPARG"", ""grade"": ""core"", ""weight"": 5}, {""gene"": ""PTGS1"", ""grade"": ""important"", ""weight"": 2}, {""gene"": ""PTGS2"", ""grade"": ""core"", ""weight"": 5}, {""gene"": ""RB1"", ""grade"": ""normal"", ""weight"": 1}, {""gene"": ""RELA"", ""grade"": ""important"", ""weight"": 2}, {""gene"": ""SLC6A4"", ""grade"": ""normal"", ""weight"": 1}, {""gene"": ""TNF"", ""grade"": ""core"", ""weight"": 5}, {""gene"": ""TP53"", ""grade"": ""core"", ""weight"": 5}]"
42,乌梅__党参,乌梅,党参,61,35,65,31,88,0.9714285714285714,12,130.74285714285713,False,False,"[{""gene"": ""AKT1"", ""grade"": ""important"", ""weight"": 2}, {""gene"": ""BIRC5"", ""grade"": ""normal"", ""weight"": 1}, {""gene"": ""CASP3"", ""grade"": ""important"", ""weight"": 2}, {""gene"": ""CCND1"", ""grade"": ""important"", ""weight"": 2}, {""gene"": ""CD40LG"", ""grade"": ""important"", ""weight"": 2}, {""gene"": ""CDKN1A"", ""grade"": ""important"", ""weight"": 2}, {""gene"": ""EGFR"", ""grade"": ""important"", ""weight"": 2}, {""gene"": ""ERBB2"", ""grade"": ""normal"", ""weight"": 1}, {""gene"": ""GSTP1"", ""grade"": ""normal"", ""weight"": 1}, {""gene"": ""HMOX1"", ""grade"": ""normal"", ""weight"": 1}, {""gene"": ""ICAM1"", ""grade"": ""core"", ""weight"": 5}, {""gene"": ""IFNG"", ""grade"": ""core"", ""weight"": 5}, {""gene"": ""IL10"", ""grade"": ""core"", ""weight"": 5}, {""gene"": ""IL2"", ""grade"": ""core"", ""weight"": 5}, {""gene"": ""IL6"", ""grade"": ""core"", ""weight"": 5}, {""gene"": ""MAPK1"", ""grade"": ""normal"", ""weight"": 1}, {""gene"": ""MMP1"", ""grade"": ""important"", ""weight"": 2}, {""gene"": ""MMP2"", ""grade"": ""normal"", ""weight"": 1}, {""gene"": ""MMP9"", ""grade"": ""core"", ""weight"": 5}, {""gene"": ""NFKBIA"", ""grade"": ""core"", ""weight"": 5}, {""gene"": ""NOS2"", ""grade"": ""core"", ""weight"": 5}, {""gene"": ""NR3C1"", ""grade"": ""normal"", ""weight"": 1}, {""gene"": ""PLAU"", ""grade"": ""normal"", ""weight"": 1}, {""gene"": ""PPARG"", ""grade"": ""core"", ""weight"": 5}, {""gene"": ""PTGS1"", ""grade"": ""important"", ""weight"": 2}, {""gene"": ""PTGS2"", ""grade"": ""core"", ""weight"": 5}, {""gene"": ""RB1"", ""grade"": ""normal"", ""weight"": 1}, {""gene"": ""RELA"", ""grade"": ""important"", ""weight"": 2}, {""gene"": ""SLC6A4"", ""grade"": ""normal"", ""weight"": 1}, {""gene"": ""TNF"", ""grade"": ""core"", ""weight"": 5}, {""gene"": ""TP53"", ""grade"": ""core"", ""weight"": 5}]"
43,党参__栀子,党参,栀子,35,60,65,30,87,1.0,12,130.5,False,False,"[{""gene"": ""AKT1"", ""grade"": ""important"", ""weight"": 2}, {""gene"": ""BIRC5"", ""grade"": ""normal"", ""weight"": 1}, {""gene"": ""CASP3"", ""grade"": ""important"", ""weight"": 2}, {""gene"": ""CCND1"", ""grade"": ""important"", ""weight"": 2}, {""gene"": ""CD40LG"", ""grade"": ""important"", ""weight"": 2}, {""gene"": ""CDKN1A"", ""grade"": ""important"", ""weight"": 2}, {""gene"": ""EGFR"", ""grade"": ""important"", ""weight"": 2}, {""gene"": ""ERBB2"", ""grade"": ""normal"", ""weight"": 1}, {""gene"": ""GSTP1"", ""grade"": ""normal"", ""weight"": 1}, {""gene"": ""HMOX1"", ""grade"": ""normal"", ""weight"": 1}, {""gene"": ""ICAM1"", ""grade"": ""core"", ""weight"": 5}, {""gene"": ""IFNG"", ""grade"": ""core"", ""weight"": 5}, {""gene"": ""IL10"", ""grade"": ""core"", ""weight"": 5}, {""gene"": ""IL2"", ""grade"": ""core"", ""weight"": 5}, {""gene"": ""IL6"", ""grade"": ""core"", ""weight"": 5}, {""gene"": ""MAPK1"", ""grade"": ""normal"", ""weight"": 1}, {""gene"": ""MMP1"", ""grade"": ""important"", ""weight"": 2}, {""gene"": ""MMP2"", ""grade"": ""normal"", ""weight"": 1}, {""gene"": ""MMP9"", ""grade"": ""core"", ""weight"": 5}, {""gene"": ""NFKBIA"", ""grade"": ""core"", ""weight"": 5}, {""gene"": ""NOS2"", ""grade"": ""core"", ""weight"": 5}, {""gene"": ""PLAU"", ""grade"": ""normal"", ""weight"": 1}, {""gene"": ""PPARG"", ""grade"": ""core"", ""weight"": 5}, {""gene"": ""PTGS1"", ""grade"": ""important"", ""weight"": 2}, {""gene"": ""PTGS2"", ""grade"": ""core"", ""weight"": 5}, {""gene"": ""RB1"", ""grade"": ""normal"", ""weight"": 1}, {""gene"": ""RELA"", ""grade"": ""important"", ""weight"": 2}, {""gene"": ""SLC6A4"", ""grade"": ""normal"", ""weight"": 1}, {""gene"": ""TNF"", ""grade"": ""core"", ""weight"": 5}, {""gene"": ""TP53"", ""grade"": ""core"", ""weight"": 5}]"
44,党参__槐花,党参,槐花,35,60,65,30,87,1.0,12,130.5,False,False,"[{""gene"": ""AKT1"", ""grade"": ""important"", ""weight"": 2}, {""gene"": ""BIRC5"", ""grade"": ""normal"", ""weight"": 1}, {""gene"": ""CASP3"", ""grade"": ""important"", ""weight"": 2}, {""gene"": ""CCND1"", ""grade"": ""important"", ""weight"": 2}, {""gene"": ""CD40LG"", ""grade"": ""important"", ""weight"": 2}, {""gene"": ""CDKN1A"", ""grade"": ""important"", ""weight"": 2}, {""gene"": ""EGFR"", ""grade"": ""important"", ""weight"": 2}, {""gene"": ""ERBB2"", ""grade"": ""normal"", ""weight"": 1}, {""gene"": ""GSTP1"", ""grade"": ""normal"", ""weight"": 1}, {""gene"": ""HMOX1"", ""grade"": ""normal"", ""weight"": 1}, {""gene"": ""ICAM1"", ""grade"": ""core"", ""weight"": 5}, {""gene"": ""IFNG"", ""grade"": ""core"", ""weight"": 5}, {""gene"": ""IL10"", ""grade"": ""core"", ""weight"": 5}, {""gene"": ""IL2"", ""grade"": ""core"", ""weight"": 5}, {""gene"": ""IL6"", ""grade"": ""core"", ""weight"": 5}, {""gene"": ""MAPK1"", ""grade"": ""normal"", ""weight"": 1}, {""gene"": ""MMP1"", ""grade"": ""important"", ""weight"": 2}, {""gene"": ""MMP2"", ""grade"": ""normal"", ""weight"": 1}, {""gene"": ""MMP9"", ""grade"": ""core"", ""weight"": 5}, {""gene"": ""NFKBIA"", ""grade"": ""core"", ""weight"": 5}, {""gene"": ""NOS2"", ""grade"": ""core"", ""weight"": 5}, {""gene"": ""PLAU"", ""grade"": ""normal"", ""weight"": 1}, {""gene"": ""PPARG"", ""grade"": ""core"", ""weight"": 5}, {""gene"": ""PTGS1"", ""grade"": ""important"", ""weight"": 2}, {""gene"": ""PTGS2"", ""grade"": ""core"", ""weight"": 5}, {""gene"": ""RB1"", ""grade"": ""normal"", ""weight"": 1}, {""gene"": ""RELA"", ""grade"": ""important"", ""weight"": 2}, {""gene"": ""SLC6A4"", ""grade"": ""normal"", ""weight"": 1}, {""gene"": ""TNF"", ""grade"": ""core"", ""weight"": 5}, {""gene"": ""TP53"", ""grade"": ""core"", ""weight"": 5}]"
45,党参__鱼腥草,党参,鱼腥草,35,59,65,29,86,1.0285714285714285,12,130.22857142857143,False,False,"[{""gene"": ""AKT1"", ""grade"": ""important"", ""weight"": 2}, {""gene"": ""BIRC5"", ""grade"": ""normal"", ""weight"": 1}, {""gene"": ""CASP3"", ""grade"": ""important"", ""weight"": 2}, {""gene"": ""CCND1"", ""grade"": ""important"", ""weight"": 2}, {""gene"": ""CD40LG"", ""grade"": ""important"", ""weight"": 2}, {""gene"": ""CDKN1A"", ""grade"": ""important"", ""weight"": 2}, {""gene"": ""EGFR"", ""grade"": ""important"", ""weight"": 2}, {""gene"": ""ERBB2"", ""grade"": ""normal"", ""weight"": 1}, {""gene"": ""GSTP1"", ""grade"": ""normal"", ""weight"": 1}, {""gene"": ""HMOX1"", ""grade"": ""normal"", ""weight"": 1}, {""gene"": ""ICAM1"", ""grade"": ""core"", ""weight"": 5}, {""gene"": ""IFNG"", ""grade"": ""core"", ""weight"": 5}, {""gene"": ""IL10"", ""grade"": ""core"", ""weight"": 5}, {""gene"": ""IL2"", ""grade"": ""core"", ""weight"": 5}, {""gene"": ""IL6"", ""grade"": ""core"", ""weight"": 5}, {""gene"": ""MAPK1"", ""grade"": ""normal"", ""weight"": 1}, {""gene"": ""MMP1"", ""grade"": ""important"", ""weight"": 2}, {""gene"": ""MMP2"", ""grade"": ""normal"", ""weight"": 1}, {""gene"": ""MMP9"", ""grade"": ""core"", ""weight"": 5}, {""gene"": ""NFKBIA"", ""grade"": ""core"", ""weight"": 5}, {""gene"": ""NOS2"", ""grade"": ""core"", ""weight"": 5}, {""gene"": ""PLAU"", ""grade"": ""normal"", ""weight"": 1}, {""gene"": ""PPARG"", ""grade"": ""core"", ""weight"": 5}, {""gene"": ""PTGS1"", ""grade"": ""important"", ""weight"": 2}, {""gene"": ""PTGS2"", ""grade"": ""core"", ""weight"": 5}, {""gene"": ""RB1"", ""grade"": ""normal"", ""weight"": 1}, {""gene"": ""RELA"", ""grade"": ""important"", ""weight"": 2}, {""gene"": ""TNF"", ""grade"": ""core"", ""weight"": 5}, {""gene"": ""TP53"", ""grade"": ""core"", ""weight"": 5}]"
46,甘草__黄芩,甘草,黄芩,67,27,68,26,73,1.5555555555555556,9,129.77777777777777,False,False,"[{""gene"": ""AHR"", ""grade"": ""normal"", ""weight"": 1}, {""gene"": ""AKT1"", ""grade"": ""important"", ""weight"": 2}, {""gene"": ""BAX"", ""grade"": ""important"", ""weight"": 2}, {""gene"": ""BCL2"", ""grade"": ""normal"", ""weight"": 1}, {""gene"": ""CASP3"", ""grade"": ""important"", ""weight"": 2}, {""gene"": ""CASP8"", ""grade"": ""important"", ""weight"": 2}, {""gene"": ""CCL2"", ""grade"": ""important"", ""weight"": 2}, {""gene"": ""CCND1"", ""grade"": ""important"", ""weight"": 2}, {""gene"": ""CDKN1A"", ""grade"": ""important"", ""weight"": 2}, {""gene"": ""CXCL8"", ""grade"": ""core"", ""weight"": 5}, {""gene"": ""CYP1A2"", ""grade"": ""normal"", ""weight"": 1}, {""gene"": ""HIF1A"", ""grade"": ""core"", ""weight"": 5}, {""gene"": ""IGF2"", ""grade"": ""important"", ""weight"": 2}, {""gene"": ""IL6"", ""grade"": ""core"", ""weight"": 5}, {""gene"": ""KDR"", ""grade"": ""normal"", ""weight"": 1}, {""gene"": ""MMP1"", ""grade"": ""important"", ""weight"": 2}, {""gene"": ""MMP9"", ""grade"": ""core"", ""weight"": 5}, {""gene"": ""MPO"", ""grade"": ""core"", ""weight"": 5}, {""gene"": ""NOS2"", ""grade"": ""core"", ""weight"": 5}, {""gene"": ""PLAU"", ""grade"": ""normal"", ""weight"": 1}, {""gene"": ""PTGS1"", ""grade"": ""important"", ""weight"": 2}, {""gene"": ""PTGS2"", ""grade"": ""core"", ""weight"": 5}, {""gene"": ""RELA"", ""grade"": ""important"", ""weight"": 2}, {""gene"": ""SLC6A4"", ""grade"": ""normal"", ""weight"": 1}, {""gene"": ""TNF"", ""grade"": ""core"", ""weight"": 5}, {""gene"": ""TP53"", ""grade"": ""core"", ""weight"": 5}]"
47,石榴皮__黄芩,石榴皮,黄芩,64,27,66,25,72,1.5185185185185186,9,126.66666666666667,False,False,"[{""gene"": ""AHR"", ""grade"": ""normal"", ""weight"": 1}, {""gene"": ""AKT1"", ""grade"": ""important"", ""weight"": 2}, {""gene"": ""BAX"", ""grade"": ""important"", ""weight"": 2}, {""gene"": ""BCL2"", ""grade"": ""normal"", ""weight"": 1}, {""gene"": ""CASP3"", ""grade"": ""important"", ""weight"": 2}, {""gene"": ""CASP8"", ""grade"": ""important"", ""weight"": 2}, {""gene"": ""CCL2"", ""grade"": ""important"", ""weight"": 2}, {""gene"": ""CCND1"", ""grade"": ""important"", ""weight"": 2}, {""gene"": ""CDKN1A"", ""grade"": ""important"", ""weight"": 2}, {""gene"": ""CXCL8"", ""grade"": ""core"", ""weight"": 5}, {""gene"": ""CYP1A2"", ""grade"": ""normal"", ""weight"": 1}, {""gene"": ""HIF1A"", ""grade"": ""core"", ""weight"": 5}, {""gene"": ""IGF2"", ""grade"": ""important"", ""weight"": 2}, {""gene"": ""IL6"", ""grade"": ""core"", ""weight"": 5}, {""gene"": ""MMP1"", ""grade"": ""important"", ""weight"": 2}, {""gene"": ""MMP9"", ""grade"": ""core"", ""weight"": 5}, {""gene"": ""MPO"", ""grade"": ""core"", ""weight"": 5}, {""gene"": ""NOS2"", ""grade"": ""core"", ""weight"": 5}, {""gene"": ""PLAU"", ""grade"": ""normal"", ""weight"": 1}, {""gene"": ""PTGS1"", ""grade"": ""important"", ""weight"": 2}, {""gene"": ""PTGS2"", ""grade"": ""core"", ""weight"": 5}, {""gene"": ""RELA"", ""grade"": ""important"", ""weight"": 2}, {""gene"": ""SLC6A4"", ""grade"": ""normal"", ""weight"": 1}, {""gene"": ""TNF"", ""grade"": ""core"", ""weight"": 5}, {""gene"": ""TP53"", ""grade"": ""core"", ""weight"": 5}]"
48,马齿苋__黄芩,马齿苋,黄芩,63,27,65,25,72,1.4814814814814814,9,125.33333333333333,False,False,"[{""gene"": ""AHR"", ""grade"": ""normal"", ""weight"": 1}, {""gene"": ""AKT1"", ""grade"": ""important"", ""weight"": 2}, {""gene"": ""BAX"", ""grade"": ""important"", ""weight"": 2}, {""gene"": ""BCL2"", ""grade"": ""normal"", ""weight"": 1}, {""gene"": ""CASP3"", ""grade"": ""important"", ""weight"": 2}, {""gene"": ""CASP8"", ""grade"": ""important"", ""weight"": 2}, {""gene"": ""CCL2"", ""grade"": ""important"", ""weight"": 2}, {""gene"": ""CCND1"", ""grade"": ""important"", ""weight"": 2}, {""gene"": ""CDKN1A"", ""grade"": ""important"", ""weight"": 2}, {""gene"": ""CXCL8"", ""grade"": ""core"", ""weight"": 5}, {""gene"": ""CYP1A2"", ""grade"": ""normal"", ""weight"": 1}, {""gene"": ""HIF1A"", ""grade"": ""core"", ""weight"": 5}, {""gene"": ""IGF2"", ""grade"": ""important"", ""weight"": 2}, {""gene"": ""IL6"", ""grade"": ""core"", ""weight"": 5}, {""gene"": ""MMP1"", ""grade"": ""important"", ""weight"": 2}, {""gene"": ""MMP9"", ""grade"": ""core"", ""weight"": 5}, {""gene"": ""MPO"", ""grade"": ""core"", ""weight"": 5}, {""gene"": ""NOS2"", ""grade"": ""core"", ""weight"": 5}, {""gene"": ""PLAU"", ""grade"": ""normal"", ""weight"": 1}, {""gene"": ""PTGS1"", ""grade"": ""important"", ""weight"": 2}, {""gene"": ""PTGS2"", ""grade"": ""core"", ""weight"": 5}, {""gene"": ""RELA"", ""grade"": ""important"", ""weight"": 2}, {""gene"": ""SLC6A4"", ""grade"": ""normal"", ""weight"": 1}, {""gene"": ""TNF"", ""grade"": ""core"", ""weight"": 5}, {""gene"": ""TP53"", ""grade"": ""core"", ""weight"": 5}]"
49,黄芩__黄芪,黄芩,黄芪,27,63,64,26,73,1.4074074074074074,9,124.37037037037037,False,False,"[{""gene"": ""AHR"", ""grade"": ""normal"", ""weight"": 1}, {""gene"": ""AKT1"", ""grade"": ""important"", ""weight"": 2}, {""gene"": ""BAX"", ""grade"": ""important"", ""weight"": 2}, {""gene"": ""BCL2"", ""grade"": ""normal"", ""weight"": 1}, {""gene"": ""CASP3"", ""grade"": ""important"", ""weight"": 2}, {""gene"": ""CASP8"", ""grade"": ""important"", ""weight"": 2}, {""gene"": ""CCL2"", ""grade"": ""important"", ""weight"": 2}, {""gene"": ""CCND1"", ""grade"": ""important"", ""weight"": 2}, {""gene"": ""CDKN1A"", ""grade"": ""important"", ""weight"": 2}, {""gene"": ""CXCL8"", ""grade"": ""core"", ""weight"": 5}, {""gene"": ""CYP1A2"", ""grade"": ""normal"", ""weight"": 1}, {""gene"": ""HIF1A"", ""grade"": ""core"", ""weight"": 5}, {""gene"": ""IGF2"", ""grade"": ""important"", ""weight"": 2}, {""gene"": ""IL6"", ""grade"": ""core"", ""weight"": 5}, {""gene"": ""KDR"", ""grade"": ""normal"", ""weight"": 1}, {""gene"": ""MMP1"", ""grade"": ""important"", ""weight"": 2}, {""gene"": ""MMP9"", ""grade"": ""core"", ""weight"": 5}, {""gene"": ""MPO"", ""grade"": ""core"", ""weight"": 5}, {""gene"": ""NOS2"", ""grade"": ""core"", ""weight"": 5}, {""gene"": ""PLAU"", ""grade"": ""normal"", ""weight"": 1}, {""gene"": ""PTGS1"", ""grade"": ""important"", ""weight"": 2}, {""gene"": ""PTGS2"", ""grade"": ""core"", ""weight"": 5}, {""gene"": ""RELA"", ""grade"": ""important"", ""weight"": 2}, {""gene"": ""SLC6A4"", ""grade"": ""normal"", ""weight"": 1}, {""gene"": ""TNF"", ""grade"": ""core"", ""weight"": 5}, {""gene"": ""TP53"", ""grade"": ""core"", ""weight"": 5}]"
50,乌梅__黄芩,乌梅,黄芩,61,27,63,25,72,1.4074074074074074,9,122.66666666666667,False,False,"[{""gene"": ""AHR"", ""grade"": ""normal"", ""weight"": 1}, {""gene"": ""AKT1"", ""grade"": ""important"", ""weight"": 2}, {""gene"": ""BAX"", ""grade"": ""important"", ""weight"": 2}, {""gene"": ""BCL2"", ""grade"": ""normal"", ""weight"": 1}, {""gene"": ""CASP3"", ""grade"": ""important"", ""weight"": 2}, {""gene"": ""CASP8"", ""grade"": ""important"", ""weight"": 2}, {""gene"": ""CCL2"", ""grade"": ""important"", ""weight"": 2}, {""gene"": ""CCND1"", ""grade"": ""important"", ""weight"": 2}, {""gene"": ""CDKN1A"", ""grade"": ""important"", ""weight"": 2}, {""gene"": ""CXCL8"", ""grade"": ""core"", ""weight"": 5}, {""gene"": ""CYP1A2"", ""grade"": ""normal"", ""weight"": 1}, {""gene"": ""HIF1A"", ""grade"": ""core"", ""weight"": 5}, {""gene"": ""IGF2"", ""grade"": ""important"", ""weight"": 2}, {""gene"": ""IL6"", ""grade"": ""core"", ""weight"": 5}, {""gene"": ""MMP1"", ""grade"": ""important"", ""weight"": 2}, {""gene"": ""MMP9"", ""grade"": ""core"", ""weight"": 5}, {""gene"": ""MPO"", ""grade"": ""core"", ""weight"": 5}, {""gene"": ""NOS2"", ""grade"": ""core"", ""weight"": 5}, {""gene"": ""PLAU"", ""grade"": ""normal"", ""weight"": 1}, {""gene"": ""PTGS1"", ""grade"": ""important"", ""weight"": 2}, {""gene"": ""PTGS2"", ""grade"": ""core"", ""weight"": 5}, {""gene"": ""RELA"", ""grade"": ""important"", ""weight"": 2}, {""gene"": ""SLC6A4"", ""grade"": ""normal"", ""weight"": 1}, {""gene"": ""TNF"", ""grade"": ""core"", ""weight"": 5}, {""gene"": ""TP53"", ""grade"": ""core"", ""weight"": 5}]"
51,大枣__黄芩,大枣,黄芩,61,27,62,26,73,1.3333333333333333,9,121.66666666666666,False,False,"[{""gene"": ""AHR"", ""grade"": ""normal"", ""weight"": 1}, {""gene"": ""AKT1"", ""grade"": ""important"", ""weight"": 2}, {""gene"": ""BAX"", ""grade"": ""important"", ""weight"": 2}, {""gene"": ""BCL2"", ""grade"": ""normal"", ""weight"": 1}, {""gene"": ""CASP3"", ""grade"": ""important"", ""weight"": 2}, {""gene"": ""CASP8"", ""grade"": ""important"", ""weight"": 2}, {""gene"": ""CCL2"", ""grade"": ""important"", ""weight"": 2}, {""gene"": ""CCND1"", ""grade"": ""important"", ""weight"": 2}, {""gene"": ""CDKN1A"", ""grade"": ""important"", ""weight"": 2}, {""gene"": ""CXCL8"", ""grade"": ""core"", ""weight"": 5}, {""gene"": ""CYP1A2"", ""grade"": ""normal"", ""weight"": 1}, {""gene"": ""HIF1A"", ""grade"": ""core"", ""weight"": 5}, {""gene"": ""IGF2"", ""grade"": ""important"", ""weight"": 2}, {""gene"": ""IL6"", ""grade"": ""core"", ""weight"": 5}, {""gene"": ""KDR"", ""grade"": ""normal"", ""weight"": 1}, {""gene"": ""MMP1"", ""grade"": ""important"", ""weight"": 2}, {""gene"": ""MMP9"", ""grade"": ""core"", ""weight"": 5}, {""gene"": ""MPO"", ""grade"": ""core"", ""weight"": 5}, {""gene"": ""NOS2"", ""grade"": ""core"", ""weight"": 5}, {""gene"": ""PLAU"", ""grade"": ""normal"", ""weight"": 1}, {""gene"": ""PTGS1"", ""grade"": ""important"", ""weight"": 2}, {""gene"": ""PTGS2"", ""grade"": ""core"", ""weight"": 5}, {""gene"": ""RELA"", ""grade"": ""important"", ""weight"": 2}, {""gene"": ""SLC6A4"", ""grade"": ""normal"", ""weight"": 1}, {""gene"": ""TNF"", ""grade"": ""core"", ""weight"": 5}, {""gene"": ""TP53"", ""grade"": ""core"", ""weight"": 5}]"
52,栀子__黄芩,栀子,黄芩,60,27,62,25,72,1.3703703703703705,9,121.33333333333333,False,False,"[{""gene"": ""AHR"", ""grade"": ""normal"", ""weight"": 1}, {""gene"": ""AKT1"", ""grade"": ""important"", ""weight"": 2}, {""gene"": ""BAX"", ""grade"": ""important"", ""weight"": 2}, {""gene"": ""BCL2"", ""grade"": ""normal"", ""weight"": 1}, {""gene"": ""CASP3"", ""grade"": ""important"", ""weight"": 2}, {""gene"": ""CASP8"", ""grade"": ""important"", ""weight"": 2}, {""gene"": ""CCL2"", ""grade"": ""important"", ""weight"": 2}, {""gene"": ""CCND1"", ""grade"": ""important"", ""weight"": 2}, {""gene"": ""CDKN1A"", ""grade"": ""important"", ""weight"": 2}, {""gene"": ""CXCL8"", ""grade"": ""core"", ""weight"": 5}, {""gene"": ""CYP1A2"", ""grade"": ""normal"", ""weight"": 1}, {""gene"": ""HIF1A"", ""grade"": ""core"", ""weight"": 5}, {""gene"": ""IGF2"", ""grade"": ""important"", ""weight"": 2}, {""gene"": ""IL6"", ""grade"": ""core"", ""weight"": 5}, {""gene"": ""MMP1"", ""grade"": ""important"", ""weight"": 2}, {""gene"": ""MMP9"", ""grade"": ""core"", ""weight"": 5}, {""gene"": ""MPO"", ""grade"": ""core"", ""weight"": 5}, {""gene"": ""NOS2"", ""grade"": ""core"", ""weight"": 5}, {""gene"": ""PLAU"", ""grade"": ""normal"", ""weight"": 1}, {""gene"": ""PTGS1"", ""grade"": ""important"", ""weight"": 2}, {""gene"": ""PTGS2"", ""grade"": ""core"", ""weight"": 5}, {""gene"": ""RELA"", ""grade"": ""important"", ""weight"": 2}, {""gene"": ""SLC6A4"", ""grade"": ""normal"", ""weight"": 1}, {""gene"": ""TNF"", ""grade"": ""core"", ""weight"": 5}, {""gene"": ""TP53"", ""grade"": ""core"", ""weight"": 5}]"
53,槐花__黄芩,槐花,黄芩,60,27,62,25,72,1.3703703703703705,9,121.33333333333333,False,False,"[{""gene"": ""AHR"", ""grade"": ""normal"", ""weight"": 1}, {""gene"": ""AKT1"", ""grade"": ""important"", ""weight"": 2}, {""gene"": ""BAX"", ""grade"": ""important"", ""weight"": 2}, {""gene"": ""BCL2"", ""grade"": ""normal"", ""weight"": 1}, {""gene"": ""CASP3"", ""grade"": ""important"", ""weight"": 2}, {""gene"": ""CASP8"", ""grade"": ""important"", ""weight"": 2}, {""gene"": ""CCL2"", ""grade"": ""important"", ""weight"": 2}, {""gene"": ""CCND1"", ""grade"": ""important"", ""weight"": 2}, {""gene"": ""CDKN1A"", ""grade"": ""important"", ""weight"": 2}, {""gene"": ""CXCL8"", ""grade"": ""core"", ""weight"": 5}, {""gene"": ""CYP1A2"", ""grade"": ""normal"", ""weight"": 1}, {""gene"": ""HIF1A"", ""grade"": ""core"", ""weight"": 5}, {""gene"": ""IGF2"", ""grade"": ""important"", ""weight"": 2}, {""gene"": ""IL6"", ""grade"": ""core"", ""weight"": 5}, {""gene"": ""MMP1"", ""grade"": ""important"", ""weight"": 2}, {""gene"": ""MMP9"", ""grade"": ""core"", ""weight"": 5}, {""gene"": ""MPO"", ""grade"": ""core"", ""weight"": 5}, {""gene"": ""NOS2"", ""grade"": ""core"", ""weight"": 5}, {""gene"": ""PLAU"", ""grade"": ""normal"", ""weight"": 1}, {""gene"": ""PTGS1"", ""grade"": ""important"", ""weight"": 2}, {""gene"": ""PTGS2"", ""grade"": ""core"", ""weight"": 5}, {""gene"": ""RELA"", ""grade"": ""important"", ""weight"": 2}, {""gene"": ""SLC6A4"", ""grade"": ""normal"", ""weight"": 1}, {""gene"": ""TNF"", ""grade"": ""core"", ""weight"": 5}, {""gene"": ""TP53"", ""grade"": ""core"", ""weight"": 5}]"
54,鱼腥草__黄芩,鱼腥草,黄芩,59,27,62,24,71,1.4074074074074074,9,120.96296296296296,False,False,"[{""gene"": ""AHR"", ""grade"": ""normal"", ""weight"": 1}, {""gene"": ""AKT1"", ""grade"": ""important"", ""weight"": 2}, {""gene"": ""BAX"", ""grade"": ""important"", ""weight"": 2}, {""gene"": ""BCL2"", ""grade"": ""normal"", ""weight"": 1}, {""gene"": ""CASP3"", ""grade"": ""important"", ""weight"": 2}, {""gene"": ""CASP8"", ""grade"": ""important"", ""weight"": 2}, {""gene"": ""CCL2"", ""grade"": ""important"", ""weight"": 2}, {""gene"": ""CCND1"", ""grade"": ""important"", ""weight"": 2}, {""gene"": ""CDKN1A"", ""grade"": ""important"", ""weight"": 2}, {""gene"": ""CXCL8"", ""grade"": ""core"", ""weight"": 5}, {""gene"": ""CYP1A2"", ""grade"": ""normal"", ""weight"": 1}, {""gene"": ""HIF1A"", ""grade"": ""core"", ""weight"": 5}, {""gene"": ""IGF2"", ""grade"": ""important"", ""weight"": 2}, {""gene"": ""IL6"", ""grade"": ""core"", ""weight"": 5}, {""gene"": ""MMP1"", ""grade"": ""important"", ""weight"": 2}, {""gene"": ""MMP9"", ""grade"": ""core"", ""weight"": 5}, {""gene"": ""MPO"", ""grade"": ""core"", ""weight"": 5}, {""gene"": ""NOS2"", ""grade"": ""core"", ""weight"": 5}, {""gene"": ""PLAU"", ""grade"": ""normal"", ""weight"": 1}, {""gene"": ""PTGS1"", ""grade"": ""important"", ""weight"": 2}, {""gene"": ""PTGS2"", ""grade"": ""core"", ""weight"": 5}, {""gene"": ""RELA"", ""grade"": ""important"", ""weight"": 2}, {""gene"": ""TNF"", ""grade"": ""core"", ""weight"": 5}, {""gene"": ""TP53"", ""grade"": ""core"", ""weight"": 5}]"
55,甘草__茯苓,甘草,茯苓,67,2,67,2,7,32.5,1,120.75,False,False,"[{""gene"": ""PTGS1"", ""grade"": ""important"", ""weight"": 2}, {""gene"": ""PTGS2"", ""grade"": ""core"", ""weight"": 5}]"
56,甘草__蒲公英,甘草,蒲公英,67,37,82,22,66,1.6216216216216217,9,119.51351351351353,False,False,"[{""gene"": ""BAX"", ""grade"": ""important"", ""weight"": 2}, {""gene"": ""BCL2"", ""grade"": ""normal"", ""weight"": 1}, {""gene"": ""CASP3"", ""grade"": ""important"", ""weight"": 2}, {""gene"": ""CASP8"", ""grade"": ""important"", ""weight"": 2}, {""gene"": ""CCL2"", ""grade"": ""important"", ""weight"": 2}, {""gene"": ""IL1B"", ""grade"": ""core"", ""weight"": 5}, {""gene"": ""IL4"", ""grade"": ""core"", ""weight"": 5}, {""gene"": ""IL6"", ""grade"": ""core"", ""weight"": 5}, {""gene"": ""MAPK1"", ""grade"": ""normal"", ""weight"": 1}, {""gene"": ""MAPK3"", ""grade"": ""normal"", ""weight"": 1}, {""gene"": ""MMP1"", ""grade"": ""important"", ""weight"": 2}, {""gene"": ""MYC"", ""grade"": ""important"", ""weight"": 2}, {""gene"": ""NFKBIA"", ""grade"": ""core"", ""weight"": 5}, {""gene"": ""NOS2"", ""grade"": ""core"", ""weight"": 5}, {""gene"": ""ODC1"", ""grade"": ""normal"", ""weight"": 1}, {""gene"": ""PPARG"", ""grade"": ""core"", ""weight"": 5}, {""gene"": ""PTGS1"", ""grade"": ""important"", ""weight"": 2}, {""gene"": ""PTGS2"", ""grade"": ""core"", ""weight"": 5}, {""gene"": ""RELA"", ""grade"": ""important"", ""weight"": 2}, {""gene"": ""SLC6A4"", ""grade"": ""normal"", ""weight"": 1}, {""gene"": ""TNF"", ""grade"": ""core"", ""weight"": 5}, {""gene"": ""TP53"", ""grade"": ""core"", ""weight"": 5}]"
57,石榴皮__蒲公英,石榴皮,蒲公英,64,37,80,21,65,1.5945945945945945,9,116.82432432432432,False,False,"[{""gene"": ""BAX"", ""grade"": ""important"", ""weight"": 2}, {""gene"": ""BCL2"", ""grade"": ""normal"", ""weight"": 1}, {""gene"": ""CASP3"", ""grade"": ""important"", ""weight"": 2}, {""gene"": ""CASP8"", ""grade"": ""important"", ""weight"": 2}, {""gene"": ""CCL2"", ""grade"": ""important"", ""weight"": 2}, {""gene"": ""IL1B"", ""grade"": ""core"", ""weight"": 5}, {""gene"": ""IL4"", ""grade"": ""core"", ""weight"": 5}, {""gene"": ""IL6"", ""grade"": ""core"", ""weight"": 5}, {""gene"": ""MAPK1"", ""grade"": ""normal"", ""weight"": 1}, {""gene"": ""MMP1"", ""grade"": ""important"", ""weight"": 2}, {""gene"": ""MYC"", ""grade"": ""important"", ""weight"": 2}, {""gene"": ""NFKBIA"", ""grade"": ""core"", ""weight"": 5}, {""gene"": ""NOS2"", ""grade"": ""core"", ""weight"": 5}, {""gene"": ""ODC1"", ""grade"": ""normal"", ""weight"": 1}, {""gene"": ""PPARG"", ""grade"": ""core"", ""weight"": 5}, {""gene"": ""PTGS1"", ""grade"": ""important"", ""weight"": 2}, {""gene"": ""PTGS2"", ""grade"": ""core"", ""weight"": 5}, {""gene"": ""RELA"", ""grade"": ""important"", ""weight"": 2}, {""gene"": ""SLC6A4"", ""grade"": ""normal"", ""weight"": 1}, {""gene"": ""TNF"", ""grade"": ""core"", ""weight"": 5}, {""gene"": ""TP53"", ""grade"": ""core"", ""weight"": 5}]"
58,蒲公英__马齿苋,蒲公英,马齿苋,37,63,79,21,65,1.5675675675675675,9,115.94594594594595,False,False,"[{""gene"": ""BAX"", ""grade"": ""important"", ""weight"": 2}, {""gene"": ""BCL2"", ""grade"": ""normal"", ""weight"": 1}, {""gene"": ""CASP3"", ""grade"": ""important"", ""weight"": 2}, {""gene"": ""CASP8"", ""grade"": ""important"", ""weight"": 2}, {""gene"": ""CCL2"", ""grade"": ""important"", ""weight"": 2}, {""gene"": ""IL1B"", ""grade"": ""core"", ""weight"": 5}, {""gene"": ""IL4"", ""grade"": ""core"", ""weight"": 5}, {""gene"": ""IL6"", ""grade"": ""core"", ""weight"": 5}, {""gene"": ""MAPK1"", ""grade"": ""normal"", ""weight"": 1}, {""gene"": ""MMP1"", ""grade"": ""important"", ""weight"": 2}, {""gene"": ""MYC"", ""grade"": ""important"", ""weight"": 2}, {""gene"": ""NFKBIA"", ""grade"": ""core"", ""weight"": 5}, {""gene"": ""NOS2"", ""grade"": ""core"", ""weight"": 5}, {""gene"": ""ODC1"", ""grade"": ""normal"", ""weight"": 1}, {""gene"": ""PPARG"", ""grade"": ""core"", ""weight"": 5}, {""gene"": ""PTGS1"", ""grade"": ""important"", ""weight"": 2}, {""gene"": ""PTGS2"", ""grade"": ""core"", ""weight"": 5}, {""gene"": ""RELA"", ""grade"": ""important"", ""weight"": 2}, {""gene"": ""SLC6A4"", ""grade"": ""normal"", ""weight"": 1}, {""gene"": ""TNF"", ""grade"": ""core"", ""weight"": 5}, {""gene"": ""TP53"", ""grade"": ""core"", ""weight"": 5}]"
59,蒲公英__黄芪,蒲公英,黄芪,37,63,79,21,65,1.5675675675675675,9,115.94594594594595,False,False,"[{""gene"": ""BAX"", ""grade"": ""important"", ""weight"": 2}, {""gene"": ""BCL2"", ""grade"": ""normal"", ""weight"": 1}, {""gene"": ""CASP3"", ""grade"": ""important"", ""weight"": 2}, {""gene"": ""CASP8"", ""grade"": ""important"", ""weight"": 2}, {""gene"": ""CCL2"", ""grade"": ""important"", ""weight"": 2}, {""gene"": ""IL1B"", ""grade"": ""core"", ""weight"": 5}, {""gene"": ""IL4"", ""grade"": ""core"", ""weight"": 5}, {""gene"": ""IL6"", ""grade"": ""core"", ""weight"": 5}, {""gene"": ""MAPK1"", ""grade"": ""normal"", ""weight"": 1}, {""gene"": ""MMP1"", ""grade"": ""important"", ""weight"": 2}, {""gene"": ""MYC"", ""grade"": ""important"", ""weight"": 2}, {""gene"": ""NFKBIA"", ""grade"": ""core"", ""weight"": 5}, {""gene"": ""NOS2"", ""grade"": ""core"", ""weight"": 5}, {""gene"": ""ODC1"", ""grade"": ""normal"", ""weight"": 1}, {""gene"": ""PPARG"", ""grade"": ""core"", ""weight"": 5}, {""gene"": ""PTGS1"", ""grade"": ""important"", ""weight"": 2}, {""gene"": ""PTGS2"", ""grade"": ""core"", ""weight"": 5}, {""gene"": ""RELA"", ""grade"": ""important"", ""weight"": 2}, {""gene"": ""SLC6A4"", ""grade"": ""normal"", ""weight"": 1}, {""gene"": ""TNF"", ""grade"": ""core"", ""weight"": 5}, {""gene"": ""TP53"", ""grade"": ""core"", ""weight"": 5}]"
60,甘草__葛根,甘草,葛根,67,10,67,10,30,5.7,4,115.5,False,False,"[{""gene"": ""BAX"", ""grade"": ""important"", ""weight"": 2}, {""gene"": ""BCL2"", ""grade"": ""normal"", ""weight"": 1}, {""gene"": ""CASP3"", ""grade"": ""important"", ""weight"": 2}, {""gene"": ""CASP8"", ""grade"": ""important"", ""weight"": 2}, {""gene"": ""IL4"", ""grade"": ""core"", ""weight"": 5}, {""gene"": ""NOS2"", ""grade"": ""core"", ""weight"": 5}, {""gene"": ""PPARG"", ""grade"": ""core"", ""weight"": 5}, {""gene"": ""PTGS1"", ""grade"": ""important"", ""weight"": 2}, {""gene"": ""PTGS2"", ""grade"": ""core"", ""weight"": 5}, {""gene"": ""SLC6A4"", ""grade"": ""normal"", ""weight"": 1}]"
61,石榴皮__茯苓,石榴皮,茯苓,64,2,64,2,7,31.0,1,115.5,False,False,"[{""gene"": ""PTGS1"", ""grade"": ""important"", ""weight"": 2}, {""gene"": ""PTGS2"", ""grade"": ""core"", ""weight"": 5}]"
62,茯苓__马齿苋,茯苓,马齿苋,2,63,63,2,7,30.5,1,113.75,False,False,"[{""gene"": ""PTGS1"", ""grade"": ""important"", ""weight"": 2}, {""gene"": ""PTGS2"", ""grade"": ""core"", ""weight"": 5}]"
63,茯苓__黄芪,茯苓,黄芪,2,63,63,2,7,30.5,1,113.75,False,False,"[{""gene"": ""PTGS1"", ""grade"": ""important"", ""weight"": 2}, {""gene"": ""PTGS2"", ""grade"": ""core"", ""weight"": 5}]"
64,石榴皮__葛根,石榴皮,葛根,64,10,64,10,30,5.4,4,111.0,False,False,"[{""gene"": ""BAX"", ""grade"": ""important"", ""weight"": 2}, {""gene"": ""BCL2"", ""grade"": ""normal"", ""weight"": 1}, {""gene"": ""CASP3"", ""grade"": ""important"", ""weight"": 2}, {""gene"": ""CASP8"", ""grade"": ""important"", ""weight"": 2}, {""gene"": ""IL4"", ""grade"": ""core"", ""weight"": 5}, {""gene"": ""NOS2"", ""grade"": ""core"", ""weight"": 5}, {""gene"": ""PPARG"", ""grade"": ""core"", ""weight"": 5}, {""gene"": ""PTGS1"", ""grade"": ""important"", ""weight"": 2}, {""gene"": ""PTGS2"", ""grade"": ""core"", ""weight"": 5}, {""gene"": ""SLC6A4"", ""grade"": ""normal"", ""weight"": 1}]"
65,乌梅__茯苓,乌梅,茯苓,61,2,61,2,7,29.5,1,110.25,False,False,"[{""gene"": ""PTGS1"", ""grade"": ""important"", ""weight"": 2}, {""gene"": ""PTGS2"", ""grade"": ""core"", ""weight"": 5}]"
66,大枣__茯苓,大枣,茯苓,61,2,61,2,7,29.5,1,110.25,False,False,"[{""gene"": ""PTGS1"", ""grade"": ""important"", ""weight"": 2}, {""gene"": ""PTGS2"", ""grade"": ""core"", ""weight"": 5}]"
67,葛根__马齿苋,葛根,马齿苋,10,63,63,10,30,5.3,4,109.5,False,False,"[{""gene"": ""BAX"", ""grade"": ""important"", ""weight"": 2}, {""gene"": ""BCL2"", ""grade"": ""normal"", ""weight"": 1}, {""gene"": ""CASP3"", ""grade"": ""important"", ""weight"": 2}, {""gene"": ""CASP8"", ""grade"": ""important"", ""weight"": 2}, {""gene"": ""IL4"", ""grade"": ""core"", ""weight"": 5}, {""gene"": ""NOS2"", ""grade"": ""core"", ""weight"": 5}, {""gene"": ""PPARG"", ""grade"": ""core"", ""weight"": 5}, {""gene"": ""PTGS1"", ""grade"": ""important"", ""weight"": 2}, {""gene"": ""PTGS2"", ""grade"": ""core"", ""weight"": 5}, {""gene"": ""SLC6A4"", ""grade"": ""normal"", ""weight"": 1}]"
68,葛根__黄芪,葛根,黄芪,10,63,63,10,30,5.3,4,109.5,False,False,"[{""gene"": ""BAX"", ""grade"": ""important"", ""weight"": 2}, {""gene"": ""BCL2"", ""grade"": ""normal"", ""weight"": 1}, {""gene"": ""CASP3"", ""grade"": ""important"", ""weight"": 2}, {""gene"": ""CASP8"", ""grade"": ""important"", ""weight"": 2}, {""gene"": ""IL4"", ""grade"": ""core"", ""weight"": 5}, {""gene"": ""NOS2"", ""grade"": ""core"", ""weight"": 5}, {""gene"": ""PPARG"", ""grade"": ""core"", ""weight"": 5}, {""gene"": ""PTGS1"", ""grade"": ""important"", ""weight"": 2}, {""gene"": ""PTGS2"", ""grade"": ""core"", ""weight"": 5}, {""gene"": ""SLC6A4"", ""grade"": ""normal"", ""weight"": 1}]"
69,栀子__茯苓,栀子,茯苓,60,2,60,2,7,29.0,1,108.5,False,False,"[{""gene"": ""PTGS1"", ""grade"": ""important"", ""weight"": 2}, {""gene"": ""PTGS2"", ""grade"": ""core"", ""weight"": 5}]"
70,槐花__茯苓,槐花,茯苓,60,2,60,2,7,29.0,1,108.5,False,False,"[{""gene"": ""PTGS1"", ""grade"": ""important"", ""weight"": 2}, {""gene"": ""PTGS2"", ""grade"": ""core"", ""weight"": 5}]"
71,乌梅__蒲公英,乌梅,蒲公英,61,37,77,21,61,1.5135135135135136,8,107.16216216216216,False,False,"[{""gene"": ""BAX"", ""grade"": ""important"", ""weight"": 2}, {""gene"": ""BCL2"", ""grade"": ""normal"", ""weight"": 1}, {""gene"": ""CASP3"", ""grade"": ""important"", ""weight"": 2}, {""gene"": ""CASP8"", ""grade"": ""important"", ""weight"": 2}, {""gene"": ""CCL2"", ""grade"": ""important"", ""weight"": 2}, {""gene"": ""IL1B"", ""grade"": ""core"", ""weight"": 5}, {""gene"": ""IL6"", ""grade"": ""core"", ""weight"": 5}, {""gene"": ""MAPK1"", ""grade"": ""normal"", ""weight"": 1}, {""gene"": ""MMP1"", ""grade"": ""important"", ""weight"": 2}, {""gene"": ""MYC"", ""grade"": ""important"", ""weight"": 2}, {""gene"": ""NFKBIA"", ""grade"": ""core"", ""weight"": 5}, {""gene"": ""NOS2"", ""grade"": ""core"", ""weight"": 5}, {""gene"": ""NR3C1"", ""grade"": ""normal"", ""weight"": 1}, {""gene"": ""ODC1"", ""grade"": ""normal"", ""weight"": 1}, {""gene"": ""PPARG"", ""grade"": ""core"", ""weight"": 5}, {""gene"": ""PTGS1"", ""grade"": ""important"", ""weight"": 2}, {""gene"": ""PTGS2"", ""grade"": ""core"", ""weight"": 5}, {""gene"": ""RELA"", ""grade"": ""important"", ""weight"": 2}, {""gene"": ""SLC6A4"", ""grade"": ""normal"", ""weight"": 1}, {""gene"": ""TNF"", ""grade"": ""core"", ""weight"": 5}, {""gene"": ""TP53"", ""grade"": ""core"", ""weight"": 5}]"
72,大枣__蒲公英,大枣,蒲公英,61,37,78,20,60,1.5675675675675675,8,107.02702702702703,False,False,"[{""gene"": ""BAX"", ""grade"": ""important"", ""weight"": 2}, {""gene"": ""BCL2"", ""grade"": ""normal"", ""weight"": 1}, {""gene"": ""CASP3"", ""grade"": ""important"", ""weight"": 2}, {""gene"": ""CASP8"", ""grade"": ""important"", ""weight"": 2}, {""gene"": ""CCL2"", ""grade"": ""important"", ""weight"": 2}, {""gene"": ""IL1B"", ""grade"": ""core"", ""weight"": 5}, {""gene"": ""IL6"", ""grade"": ""core"", ""weight"": 5}, {""gene"": ""MAPK1"", ""grade"": ""normal"", ""weight"": 1}, {""gene"": ""MMP1"", ""grade"": ""important"", ""weight"": 2}, {""gene"": ""MYC"", ""grade"": ""important"", ""weight"": 2}, {""gene"": ""NFKBIA"", ""grade"": ""core"", ""weight"": 5}, {""gene"": ""NOS2"", ""grade"": ""core"", ""weight"": 5}, {""gene"": ""ODC1"", ""grade"": ""normal"", ""weight"": 1}, {""gene"": ""PPARG"", ""grade"": ""core"", ""weight"": 5}, {""gene"": ""PTGS1"", ""grade"": ""important"", ""weight"": 2}, {""gene"": ""PTGS2"", ""grade"": ""core"", ""weight"": 5}, {""gene"": ""RELA"", ""grade"": ""important"", ""weight"": 2}, {""gene"": ""SLC6A4"", ""grade"": ""normal"", ""weight"": 1}, {""gene"": ""TNF"", ""grade"": ""core"", ""weight"": 5}, {""gene"": ""TP53"", ""grade"": ""core"", ""weight"": 5}]"
73,茯苓__鱼腥草,茯苓,鱼腥草,2,59,59,2,7,28.5,1,106.75,False,False,"[{""gene"": ""PTGS1"", ""grade"": ""important"", ""weight"": 2}, {""gene"": ""PTGS2"", ""grade"": ""core"", ""weight"": 5}]"
74,栀子__蒲公英,栀子,蒲公英,60,37,77,20,60,1.5405405405405406,8,106.21621621621621,False,False,"[{""gene"": ""BAX"", ""grade"": ""important"", ""weight"": 2}, {""gene"": ""BCL2"", ""grade"": ""normal"", ""weight"": 1}, {""gene"": ""CASP3"", ""grade"": ""important"", ""weight"": 2}, {""gene"": ""CASP8"", ""grade"": ""important"", ""weight"": 2}, {""gene"": ""CCL2"", ""grade"": ""important"", ""weight"": 2}, {""gene"": ""IL1B"", ""grade"": ""core"", ""weight"": 5}, {""gene"": ""IL6"", ""grade"": ""core"", ""weight"": 5}, {""gene"": ""MAPK1"", ""grade"": ""normal"", ""weight"": 1}, {""gene"": ""MMP1"", ""grade"": ""important"", ""weight"": 2}, {""gene"": ""MYC"", ""grade"": ""important"", ""weight"": 2}, {""gene"": ""NFKBIA"", ""grade"": ""core"", ""weight"": 5}, {""gene"": ""NOS2"", ""grade"": ""core"", ""weight"": 5}, {""gene"": ""ODC1"", ""grade"": ""normal"", ""weight"": 1}, {""gene"": ""PPARG"", ""grade"": ""core"", ""weight"": 5}, {""gene"": ""PTGS1"", ""grade"": ""important"", ""weight"": 2}, {""gene"": ""PTGS2"", ""grade"": ""core"", ""weight"": 5}, {""gene"": ""RELA"", ""grade"": ""important"", ""weight"": 2}, {""gene"": ""SLC6A4"", ""grade"": ""normal"", ""weight"": 1}, {""gene"": ""TNF"", ""grade"": ""core"", ""weight"": 5}, {""gene"": ""TP53"", ""grade"": ""core"", ""weight"": 5}]"
75,槐花__蒲公英,槐花,蒲公英,60,37,77,20,60,1.5405405405405406,8,106.21621621621621,False,False,"[{""gene"": ""BAX"", ""grade"": ""important"", ""weight"": 2}, {""gene"": ""BCL2"", ""grade"": ""normal"", ""weight"": 1}, {""gene"": ""CASP3"", ""grade"": ""important"", ""weight"": 2}, {""gene"": ""CASP8"", ""grade"": ""important"", ""weight"": 2}, {""gene"": ""CCL2"", ""grade"": ""important"", ""weight"": 2}, {""gene"": ""IL1B"", ""grade"": ""core"", ""weight"": 5}, {""gene"": ""IL6"", ""grade"": ""core"", ""weight"": 5}, {""gene"": ""MAPK1"", ""grade"": ""normal"", ""weight"": 1}, {""gene"": ""MMP1"", ""grade"": ""important"", ""weight"": 2}, {""gene"": ""MYC"", ""grade"": ""important"", ""weight"": 2}, {""gene"": ""NFKBIA"", ""grade"": ""core"", ""weight"": 5}, {""gene"": ""NOS2"", ""grade"": ""core"", ""weight"": 5}, {""gene"": ""ODC1"", ""grade"": ""normal"", ""weight"": 1}, {""gene"": ""PPARG"", ""grade"": ""core"", ""weight"": 5}, {""gene"": ""PTGS1"", ""grade"": ""important"", ""weight"": 2}, {""gene"": ""PTGS2"", ""grade"": ""core"", ""weight"": 5}, {""gene"": ""RELA"", ""grade"": ""important"", ""weight"": 2}, {""gene"": ""SLC6A4"", ""grade"": ""normal"", ""weight"": 1}, {""gene"": ""TNF"", ""grade"": ""core"", ""weight"": 5}, {""gene"": ""TP53"", ""grade"": ""core"", ""weight"": 5}]"
76,蒲公英__鱼腥草,蒲公英,鱼腥草,37,59,77,19,59,1.5675675675675675,8,105.24324324324324,False,False,"[{""gene"": ""BAX"", ""grade"": ""important"", ""weight"": 2}, {""gene"": ""BCL2"", ""grade"": ""normal"", ""weight"": 1}, {""gene"": ""CASP3"", ""grade"": ""important"", ""weight"": 2}, {""gene"": ""CASP8"", ""grade"": ""important"", ""weight"": 2}, {""gene"": ""CCL2"", ""grade"": ""important"", ""weight"": 2}, {""gene"": ""IL1B"", ""grade"": ""core"", ""weight"": 5}, {""gene"": ""IL6"", ""grade"": ""core"", ""weight"": 5}, {""gene"": ""MAPK1"", ""grade"": ""normal"", ""weight"": 1}, {""gene"": ""MMP1"", ""grade"": ""important"", ""weight"": 2}, {""gene"": ""MYC"", ""grade"": ""important"", ""weight"": 2}, {""gene"": ""NFKBIA"", ""grade"": ""core"", ""weight"": 5}, {""gene"": ""NOS2"", ""grade"": ""core"", ""weight"": 5}, {""gene"": ""ODC1"", ""grade"": ""normal"", ""weight"": 1}, {""gene"": ""PPARG"", ""grade"": ""core"", ""weight"": 5}, {""gene"": ""PTGS1"", ""grade"": ""important"", ""weight"": 2}, {""gene"": ""PTGS2"", ""grade"": ""core"", ""weight"": 5}, {""gene"": ""RELA"", ""grade"": ""important"", ""weight"": 2}, {""gene"": ""TNF"", ""grade"": ""core"", ""weight"": 5}, {""gene"": ""TP53"", ""grade"": ""core"", ""weight"": 5}]"
77,甘草__陈皮,甘草,陈皮,67,18,68,17,42,2.8333333333333335,5,101.50000000000001,False,False,"[{""gene"": ""ADIPOQ"", ""grade"": ""normal"", ""weight"": 1}, {""gene"": ""AKT1"", ""grade"": ""important"", ""weight"": 2}, {""gene"": ""BAX"", ""grade"": ""important"", ""weight"": 2}, {""gene"": ""BCL2"", ""grade"": ""normal"", ""weight"": 1}, {""gene"": ""CASP3"", ""grade"": ""important"", ""weight"": 2}, {""gene"": ""CAT"", ""grade"": ""normal"", ""weight"": 1}, {""gene"": ""GSTP1"", ""grade"": ""normal"", ""weight"": 1}, {""gene"": ""MAPK1"", ""grade"": ""normal"", ""weight"": 1}, {""gene"": ""MAPK3"", ""grade"": ""normal"", ""weight"": 1}, {""gene"": ""MMP9"", ""grade"": ""core"", ""weight"": 5}, {""gene"": ""NOS2"", ""grade"": ""core"", ""weight"": 5}, {""gene"": ""PPARA"", ""grade"": ""normal"", ""weight"": 1}, {""gene"": ""PPARG"", ""grade"": ""core"", ""weight"": 5}, {""gene"": ""PTGS1"", ""grade"": ""important"", ""weight"": 2}, {""gene"": ""PTGS2"", ""grade"": ""core"", ""weight"": 5}, {""gene"": ""RELA"", ""grade"": ""important"", ""weight"": 2}, {""gene"": ""TP53"", ""grade"": ""core"", ""weight"": 5}]"
78,石榴皮__陈皮,石榴皮,陈皮,64,18,67,15,40,2.888888888888889,5,97.77777777777779,False,False,"[{""gene"": ""AKT1"", ""grade"": ""important"", ""weight"": 2}, {""gene"": ""BAX"", ""grade"": ""important"", ""weight"": 2}, {""gene"": ""BCL2"", ""grade"": ""normal"", ""weight"": 1}, {""gene"": ""CASP3"", ""grade"": ""important"", ""weight"": 2}, {""gene"": ""CAT"", ""grade"": ""normal"", ""weight"": 1}, {""gene"": ""GSTP1"", ""grade"": ""normal"", ""weight"": 1}, {""gene"": ""MAPK1"", ""grade"": ""normal"", ""weight"": 1}, {""gene"": ""MMP9"", ""grade"": ""core"", ""weight"": 5}, {""gene"": ""NOS2"", ""grade"": ""core"", ""weight"": 5}, {""gene"": ""PPARA"", ""grade"": ""normal"", ""weight"": 1}, {""gene"": ""PPARG"", ""grade"": ""core"", ""weight"": 5}, {""gene"": ""PTGS1"", ""grade"": ""important"", ""weight"": 2}, {""gene"": ""PTGS2"", ""grade"": ""core"", ""weight"": 5}, {""gene"": ""RELA"", ""grade"": ""important"", ""weight"": 2}, {""gene"": ""TP53"", ""grade"": ""core"", ""weight"": 5}]"
79,山药__甘草,山药,甘草,15,67,70,12,33,3.8666666666666667,4,96.80000000000001,False,False,"[{""gene"": ""AKT1"", ""grade"": ""important"", ""weight"": 2}, {""gene"": ""CAT"", ""grade"": ""normal"", ""weight"": 1}, {""gene"": ""CDKN1A"", ""grade"": ""important"", ""weight"": 2}, {""gene"": ""HIF1A"", ""grade"": ""core"", ""weight"": 5}, {""gene"": ""NOS2"", ""grade"": ""core"", ""weight"": 5}, {""gene"": ""NR1I2"", ""grade"": ""important"", ""weight"": 2}, {""gene"": ""PLAU"", ""grade"": ""normal"", ""weight"": 1}, {""gene"": ""PTGS1"", ""grade"": ""important"", ""weight"": 2}, {""gene"": ""PTGS2"", ""grade"": ""core"", ""weight"": 5}, {""gene"": ""RELA"", ""grade"": ""important"", ""weight"": 2}, {""gene"": ""SLC6A4"", ""grade"": ""normal"", ""weight"": 1}, {""gene"": ""TP53"", ""grade"": ""core"", ""weight"": 5}]"
80,陈皮__马齿苋,陈皮,马齿苋,18,63,67,14,39,2.9444444444444446,5,96.41666666666667,False,False,"[{""gene"": ""AKT1"", ""grade"": ""important"", ""weight"": 2}, {""gene"": ""BAX"", ""grade"": ""important"", ""weight"": 2}, {""gene"": ""BCL2"", ""grade"": ""normal"", ""weight"": 1}, {""gene"": ""CASP3"", ""grade"": ""important"", ""weight"": 2}, {""gene"": ""GSTP1"", ""grade"": ""normal"", ""weight"": 1}, {""gene"": ""MAPK1"", ""grade"": ""normal"", ""weight"": 1}, {""gene"": ""MMP9"", ""grade"": ""core"", ""weight"": 5}, {""gene"": ""NOS2"", ""grade"": ""core"", ""weight"": 5}, {""gene"": ""PPARA"", ""grade"": ""normal"", ""weight"": 1}, {""gene"": ""PPARG"", ""grade"": ""core"", ""weight"": 5}, {""gene"": ""PTGS1"", ""grade"": ""important"", ""weight"": 2}, {""gene"": ""PTGS2"", ""grade"": ""core"", ""weight"": 5}, {""gene"": ""RELA"", ""grade"": ""important"", ""weight"": 2}, {""gene"": ""TP53"", ""grade"": ""core"", ""weight"": 5}]"
81,陈皮__黄芪,陈皮,黄芪,18,63,67,14,39,2.9444444444444446,5,96.41666666666667,False,False,"[{""gene"": ""AKT1"", ""grade"": ""important"", ""weight"": 2}, {""gene"": ""BAX"", ""grade"": ""important"", ""weight"": 2}, {""gene"": ""BCL2"", ""grade"": ""normal"", ""weight"": 1}, {""gene"": ""CASP3"", ""grade"": ""important"", ""weight"": 2}, {""gene"": ""GSTP1"", ""grade"": ""normal"", ""weight"": 1}, {""gene"": ""MAPK1"", ""grade"": ""normal"", ""weight"": 1}, {""gene"": ""MMP9"", ""grade"": ""core"", ""weight"": 5}, {""gene"": ""NOS2"", ""grade"": ""core"", ""weight"": 5}, {""gene"": ""PPARA"", ""grade"": ""normal"", ""weight"": 1}, {""gene"": ""PPARG"", ""grade"": ""core"", ""weight"": 5}, {""gene"": ""PTGS1"", ""grade"": ""important"", ""weight"": 2}, {""gene"": ""PTGS2"", ""grade"": ""core"", ""weight"": 5}, {""gene"": ""RELA"", ""grade"": ""important"", ""weight"": 2}, {""gene"": ""TP53"", ""grade"": ""core"", ""weight"": 5}]"
82,大枣__陈皮,大枣,陈皮,61,18,64,15,40,2.7222222222222223,5,94.44444444444444,False,False,"[{""gene"": ""AKT1"", ""grade"": ""important"", ""weight"": 2}, {""gene"": ""BAX"", ""grade"": ""important"", ""weight"": 2}, {""gene"": ""BCL2"", ""grade"": ""normal"", ""weight"": 1}, {""gene"": ""CASP3"", ""grade"": ""important"", ""weight"": 2}, {""gene"": ""CAT"", ""grade"": ""normal"", ""weight"": 1}, {""gene"": ""GSTP1"", ""grade"": ""normal"", ""weight"": 1}, {""gene"": ""MAPK1"", ""grade"": ""normal"", ""weight"": 1}, {""gene"": ""MMP9"", ""grade"": ""core"", ""weight"": 5}, {""gene"": ""NOS2"", ""grade"": ""core"", ""weight"": 5}, {""gene"": ""PPARA"", ""grade"": ""normal"", ""weight"": 1}, {""gene"": ""PPARG"", ""grade"": ""core"", ""weight"": 5}, {""gene"": ""PTGS1"", ""grade"": ""important"", ""weight"": 2}, {""gene"": ""PTGS2"", ""grade"": ""core"", ""weight"": 5}, {""gene"": ""RELA"", ""grade"": ""important"", ""weight"": 2}, {""gene"": ""TP53"", ""grade"": ""core"", ""weight"": 5}]"
83,乌梅__陈皮,乌梅,陈皮,61,18,65,14,39,2.8333333333333335,5,94.25000000000001,False,False,"[{""gene"": ""AKT1"", ""grade"": ""important"", ""weight"": 2}, {""gene"": ""BAX"", ""grade"": ""important"", ""weight"": 2}, {""gene"": ""BCL2"", ""grade"": ""normal"", ""weight"": 1}, {""gene"": ""CASP3"", ""grade"": ""important"", ""weight"": 2}, {""gene"": ""GSTP1"", ""grade"": ""normal"", ""weight"": 1}, {""gene"": ""MAPK1"", ""grade"": ""normal"", ""weight"": 1}, {""gene"": ""MMP9"", ""grade"": ""core"", ""weight"": 5}, {""gene"": ""NOS2"", ""grade"": ""core"", ""weight"": 5}, {""gene"": ""PPARA"", ""grade"": ""normal"", ""weight"": 1}, {""gene"": ""PPARG"", ""grade"": ""core"", ""weight"": 5}, {""gene"": ""PTGS1"", ""grade"": ""important"", ""weight"": 2}, {""gene"": ""PTGS2"", ""grade"": ""core"", ""weight"": 5}, {""gene"": ""RELA"", ""grade"": ""important"", ""weight"": 2}, {""gene"": ""TP53"", ""grade"": ""core"", ""weight"": 5}]"
84,甘草__肉豆蔻,甘草,肉豆蔻,67,8,67,8,20,7.375,2,93.75,False,False,"[{""gene"": ""BAX"", ""grade"": ""important"", ""weight"": 2}, {""gene"": ""BCL2"", ""grade"": ""normal"", ""weight"": 1}, {""gene"": ""CASP3"", ""grade"": ""important"", ""weight"": 2}, {""gene"": ""CASP8"", ""grade"": ""important"", ""weight"": 2}, {""gene"": ""NOS2"", ""grade"": ""core"", ""weight"": 5}, {""gene"": ""PTGS1"", ""grade"": ""important"", ""weight"": 2}, {""gene"": ""PTGS2"", ""grade"": ""core"", ""weight"": 5}, {""gene"": ""SLC6A4"", ""grade"": ""normal"", ""weight"": 1}]"
85,山药__石榴皮,山药,石榴皮,15,64,67,12,33,3.6666666666666665,4,93.49999999999999,False,False,"[{""gene"": ""AKT1"", ""grade"": ""important"", ""weight"": 2}, {""gene"": ""CAT"", ""grade"": ""normal"", ""weight"": 1}, {""gene"": ""CDKN1A"", ""grade"": ""important"", ""weight"": 2}, {""gene"": ""HIF1A"", ""grade"": ""core"", ""weight"": 5}, {""gene"": ""NOS2"", ""grade"": ""core"", ""weight"": 5}, {""gene"": ""NR1I2"", ""grade"": ""important"", ""weight"": 2}, {""gene"": ""PLAU"", ""grade"": ""normal"", ""weight"": 1}, {""gene"": ""PTGS1"", ""grade"": ""important"", ""weight"": 2}, {""gene"": ""PTGS2"", ""grade"": ""core"", ""weight"": 5}, {""gene"": ""RELA"", ""grade"": ""important"", ""weight"": 2}, {""gene"": ""SLC6A4"", ""grade"": ""normal"", ""weight"": 1}, {""gene"": ""TP53"", ""grade"": ""core"", ""weight"": 5}]"
86,姜黄__甘草,姜黄,甘草,3,67,67,3,8,21.333333333333332,1,93.33333333333333,False,False,"[{""gene"": ""PLAU"", ""grade"": ""normal"", ""weight"": 1}, {""gene"": ""PTGS1"", ""grade"": ""important"", ""weight"": 2}, {""gene"": ""PTGS2"", ""grade"": ""core"", ""weight"": 5}]"
87,甘草__薏苡仁,甘草,薏苡仁,67,3,67,3,8,21.333333333333332,1,93.33333333333333,False,False,"[{""gene"": ""PLAU"", ""grade"": ""normal"", ""weight"": 1}, {""gene"": ""PTGS1"", ""grade"": ""important"", ""weight"": 2}, {""gene"": ""PTGS2"", ""grade"": ""core"", ""weight"": 5}]"
88,栀子__陈皮,栀子,陈皮,60,18,64,14,39,2.7777777777777777,5,93.16666666666667,False,False,"[{""gene"": ""AKT1"", ""grade"": ""important"", ""weight"": 2}, {""gene"": ""BAX"", ""grade"": ""important"", ""weight"": 2}, {""gene"": ""BCL2"", ""grade"": ""normal"", ""weight"": 1}, {""gene"": ""CASP3"", ""grade"": ""important"", ""weight"": 2}, {""gene"": ""GSTP1"", ""grade"": ""normal"", ""weight"": 1}, {""gene"": ""MAPK1"", ""grade"": ""normal"", ""weight"": 1}, {""gene"": ""MMP9"", ""grade"": ""core"", ""weight"": 5}, {""gene"": ""NOS2"", ""grade"": ""core"", ""weight"": 5}, {""gene"": ""PPARA"", ""grade"": ""normal"", ""weight"": 1}, {""gene"": ""PPARG"", ""grade"": ""core"", ""weight"": 5}, {""gene"": ""PTGS1"", ""grade"": ""important"", ""weight"": 2}, {""gene"": ""PTGS2"", ""grade"": ""core"", ""weight"": 5}, {""gene"": ""RELA"", ""grade"": ""important"", ""weight"": 2}, {""gene"": ""TP53"", ""grade"": ""core"", ""weight"": 5}]"
89,槐花__陈皮,槐花,陈皮,60,18,64,14,39,2.7777777777777777,5,93.16666666666667,False,False,"[{""gene"": ""AKT1"", ""grade"": ""important"", ""weight"": 2}, {""gene"": ""BAX"", ""grade"": ""important"", ""weight"": 2}, {""gene"": ""BCL2"", ""grade"": ""normal"", ""weight"": 1}, {""gene"": ""CASP3"", ""grade"": ""important"", ""weight"": 2}, {""gene"": ""GSTP1"", ""grade"": ""normal"", ""weight"": 1}, {""gene"": ""MAPK1"", ""grade"": ""normal"", ""weight"": 1}, {""gene"": ""MMP9"", ""grade"": ""core"", ""weight"": 5}, {""gene"": ""NOS2"", ""grade"": ""core"", ""weight"": 5}, {""gene"": ""PPARA"", ""grade"": ""normal"", ""weight"": 1}, {""gene"": ""PPARG"", ""grade"": ""core"", ""weight"": 5}, {""gene"": ""PTGS1"", ""grade"": ""important"", ""weight"": 2}, {""gene"": ""PTGS2"", ""grade"": ""core"", ""weight"": 5}, {""gene"": ""RELA"", ""grade"": ""important"", ""weight"": 2}, {""gene"": ""TP53"", ""grade"": ""core"", ""weight"": 5}]"
90,陈皮__鱼腥草,陈皮,鱼腥草,18,59,63,14,39,2.7222222222222223,5,92.08333333333333,False,False,"[{""gene"": ""AKT1"", ""grade"": ""important"", ""weight"": 2}, {""gene"": ""BAX"", ""grade"": ""important"", ""weight"": 2}, {""gene"": ""BCL2"", ""grade"": ""normal"", ""weight"": 1}, {""gene"": ""CASP3"", ""grade"": ""important"", ""weight"": 2}, {""gene"": ""GSTP1"", ""grade"": ""normal"", ""weight"": 1}, {""gene"": ""MAPK1"", ""grade"": ""normal"", ""weight"": 1}, {""gene"": ""MMP9"", ""grade"": ""core"", ""weight"": 5}, {""gene"": ""NOS2"", ""grade"": ""core"", ""weight"": 5}, {""gene"": ""PPARA"", ""grade"": ""normal"", ""weight"": 1}, {""gene"": ""PPARG"", ""grade"": ""core"", ""weight"": 5}, {""gene"": ""PTGS1"", ""grade"": ""important"", ""weight"": 2}, {""gene"": ""PTGS2"", ""grade"": ""core"", ""weight"": 5}, {""gene"": ""RELA"", ""grade"": ""important"", ""weight"": 2}, {""gene"": ""TP53"", ""grade"": ""core"", ""weight"": 5}]"
91,山药__马齿苋,山药,马齿苋,15,63,67,11,32,3.7333333333333334,4,91.73333333333333,False,False,"[{""gene"": ""AKT1"", ""grade"": ""important"", ""weight"": 2}, {""gene"": ""CDKN1A"", ""grade"": ""important"", ""weight"": 2}, {""gene"": ""HIF1A"", ""grade"": ""core"", ""weight"": 5}, {""gene"": ""NOS2"", ""grade"": ""core"", ""weight"": 5}, {""gene"": ""NR1I2"", ""grade"": ""important"", ""weight"": 2}, {""gene"": ""PLAU"", ""grade"": ""normal"", ""weight"": 1}, {""gene"": ""PTGS1"", ""grade"": ""important"", ""weight"": 2}, {""gene"": ""PTGS2"", ""grade"": ""core"", ""weight"": 5}, {""gene"": ""RELA"", ""grade"": ""important"", ""weight"": 2}, {""gene"": ""SLC6A4"", ""grade"": ""normal"", ""weight"": 1}, {""gene"": ""TP53"", ""grade"": ""core"", ""weight"": 5}]"
92,山药__黄芪,山药,黄芪,15,63,67,11,32,3.7333333333333334,4,91.73333333333333,False,False,"[{""gene"": ""AKT1"", ""grade"": ""important"", ""weight"": 2}, {""gene"": ""CDKN1A"", ""grade"": ""important"", ""weight"": 2}, {""gene"": ""HIF1A"", ""grade"": ""core"", ""weight"": 5}, {""gene"": ""NOS2"", ""grade"": ""core"", ""weight"": 5}, {""gene"": ""NR1I2"", ""grade"": ""important"", ""weight"": 2}, {""gene"": ""PLAU"", ""grade"": ""normal"", ""weight"": 1}, {""gene"": ""PTGS1"", ""grade"": ""important"", ""weight"": 2}, {""gene"": ""PTGS2"", ""grade"": ""core"", ""weight"": 5}, {""gene"": ""RELA"", ""grade"": ""important"", ""weight"": 2}, {""gene"": ""SLC6A4"", ""grade"": ""normal"", ""weight"": 1}, {""gene"": ""TP53"", ""grade"": ""core"", ""weight"": 5}]"
93,乌梅__葛根,乌梅,葛根,61,10,62,9,25,5.3,3,91.25,False,False,"[{""gene"": ""BAX"", ""grade"": ""important"", ""weight"": 2}, {""gene"": ""BCL2"", ""grade"": ""normal"", ""weight"": 1}, {""gene"": ""CASP3"", ""grade"": ""important"", ""weight"": 2}, {""gene"": ""CASP8"", ""grade"": ""important"", ""weight"": 2}, {""gene"": ""NOS2"", ""grade"": ""core"", ""weight"": 5}, {""gene"": ""PPARG"", ""grade"": ""core"", ""weight"": 5}, {""gene"": ""PTGS1"", ""grade"": ""important"", ""weight"": 2}, {""gene"": ""PTGS2"", ""grade"": ""core"", ""weight"": 5}, {""gene"": ""SLC6A4"", ""grade"": ""normal"", ""weight"": 1}]"
94,大枣__葛根,大枣,葛根,61,10,62,9,25,5.3,3,91.25,False,False,"[{""gene"": ""BAX"", ""grade"": ""important"", ""weight"": 2}, {""gene"": ""BCL2"", ""grade"": ""normal"", ""weight"": 1}, {""gene"": ""CASP3"", ""grade"": ""important"", ""weight"": 2}, {""gene"": ""CASP8"", ""grade"": ""important"", ""weight"": 2}, {""gene"": ""NOS2"", ""grade"": ""core"", ""weight"": 5}, {""gene"": ""PPARG"", ""grade"": ""core"", ""weight"": 5}, {""gene"": ""PTGS1"", ""grade"": ""important"", ""weight"": 2}, {""gene"": ""PTGS2"", ""grade"": ""core"", ""weight"": 5}, {""gene"": ""SLC6A4"", ""grade"": ""normal"", ""weight"": 1}]"
95,乌梅__山药,乌梅,山药,61,15,64,12,33,3.466666666666667,4,90.2,False,False,"[{""gene"": ""AKT1"", ""grade"": ""important"", ""weight"": 2}, {""gene"": ""CDKN1A"", ""grade"": ""important"", ""weight"": 2}, {""gene"": ""HIF1A"", ""grade"": ""core"", ""weight"": 5}, {""gene"": ""NOS2"", ""grade"": ""core"", ""weight"": 5}, {""gene"": ""NR1I2"", ""grade"": ""important"", ""weight"": 2}, {""gene"": ""NR3C1"", ""grade"": ""normal"", ""weight"": 1}, {""gene"": ""PLAU"", ""grade"": ""normal"", ""weight"": 1}, {""gene"": ""PTGS1"", ""grade"": ""important"", ""weight"": 2}, {""gene"": ""PTGS2"", ""grade"": ""core"", ""weight"": 5}, {""gene"": ""RELA"", ""grade"": ""important"", ""weight"": 2}, {""gene"": ""SLC6A4"", ""grade"": ""normal"", ""weight"": 1}, {""gene"": ""TP53"", ""grade"": ""core"", ""weight"": 5}]"
96,大枣__山药,大枣,山药,61,15,64,12,33,3.466666666666667,4,90.2,False,False,"[{""gene"": ""AKT1"", ""grade"": ""important"", ""weight"": 2}, {""gene"": ""CAT"", ""grade"": ""normal"", ""weight"": 1}, {""gene"": ""CDKN1A"", ""grade"": ""important"", ""weight"": 2}, {""gene"": ""HIF1A"", ""grade"": ""core"", ""weight"": 5}, {""gene"": ""NOS2"", ""grade"": ""core"", ""weight"": 5}, {""gene"": ""NR1I2"", ""grade"": ""important"", ""weight"": 2}, {""gene"": ""PLAU"", ""grade"": ""normal"", ""weight"": 1}, {""gene"": ""PTGS1"", ""grade"": ""important"", ""weight"": 2}, {""gene"": ""PTGS2"", ""grade"": ""core"", ""weight"": 5}, {""gene"": ""RELA"", ""grade"": ""important"", ""weight"": 2}, {""gene"": ""SLC6A4"", ""grade"": ""normal"", ""weight"": 1}, {""gene"": ""TP53"", ""grade"": ""core"", ""weight"": 5}]"
97,栀子__葛根,栀子,葛根,60,10,61,9,25,5.2,3,90.0,False,False,"[{""gene"": ""BAX"", ""grade"": ""important"", ""weight"": 2}, {""gene"": ""BCL2"", ""grade"": ""normal"", ""weight"": 1}, {""gene"": ""CASP3"", ""grade"": ""important"", ""weight"": 2}, {""gene"": ""CASP8"", ""grade"": ""important"", ""weight"": 2}, {""gene"": ""NOS2"", ""grade"": ""core"", ""weight"": 5}, {""gene"": ""PPARG"", ""grade"": ""core"", ""weight"": 5}, {""gene"": ""PTGS1"", ""grade"": ""important"", ""weight"": 2}, {""gene"": ""PTGS2"", ""grade"": ""core"", ""weight"": 5}, {""gene"": ""SLC6A4"", ""grade"": ""normal"", ""weight"": 1}]"
98,槐花__葛根,槐花,葛根,60,10,61,9,25,5.2,3,90.0,False,False,"[{""gene"": ""BAX"", ""grade"": ""important"", ""weight"": 2}, {""gene"": ""BCL2"", ""grade"": ""normal"", ""weight"": 1}, {""gene"": ""CASP3"", ""grade"": ""important"", ""weight"": 2}, {""gene"": ""CASP8"", ""grade"": ""important"", ""weight"": 2}, {""gene"": ""NOS2"", ""grade"": ""core"", ""weight"": 5}, {""gene"": ""PPARG"", ""grade"": ""core"", ""weight"": 5}, {""gene"": ""PTGS1"", ""grade"": ""important"", ""weight"": 2}, {""gene"": ""PTGS2"", ""grade"": ""core"", ""weight"": 5}, {""gene"": ""SLC6A4"", ""grade"": ""normal"", ""weight"": 1}]"
99,石榴皮__肉豆蔻,石榴皮,肉豆蔻,64,8,64,8,20,7.0,2,90.0,False,False,"[{""gene"": ""BAX"", ""grade"": ""important"", ""weight"": 2}, {""gene"": ""BCL2"", ""grade"": ""normal"", ""weight"": 1}, {""gene"": ""CASP3"", ""grade"": ""important"", ""weight"": 2}, {""gene"": ""CASP8"", ""grade"": ""important"", ""weight"": 2}, {""gene"": ""NOS2"", ""grade"": ""core"", ""weight"": 5}, {""gene"": ""PTGS1"", ""grade"": ""important"", ""weight"": 2}, {""gene"": ""PTGS2"", ""grade"": ""core"", ""weight"": 5}, {""gene"": ""SLC6A4"", ""grade"": ""normal"", ""weight"": 1}]"
100,姜黄__石榴皮,姜黄,石榴皮,3,64,64,3,8,20.333333333333332,1,89.33333333333333,False,False,"[{""gene"": ""PLAU"", ""grade"": ""normal"", ""weight"": 1}, {""gene"": ""PTGS1"", ""grade"": ""important"", ""weight"": 2}, {""gene"": ""PTGS2"", ""grade"": ""core"", ""weight"": 5}]"
101,石榴皮__薏苡仁,石榴皮,薏苡仁,64,3,64,3,8,20.333333333333332,1,89.33333333333333,False,False,"[{""gene"": ""PLAU"", ""grade"": ""normal"", ""weight"": 1}, {""gene"": ""PTGS1"", ""grade"": ""important"", ""weight"": 2}, {""gene"": ""PTGS2"", ""grade"": ""core"", ""weight"": 5}]"
102,肉豆蔻__马齿苋,肉豆蔻,马齿苋,8,63,63,8,20,6.875,2,88.75,False,False,"[{""gene"": ""BAX"", ""grade"": ""important"", ""weight"": 2}, {""gene"": ""BCL2"", ""grade"": ""normal"", ""weight"": 1}, {""gene"": ""CASP3"", ""grade"": ""important"", ""weight"": 2}, {""gene"": ""CASP8"", ""grade"": ""important"", ""weight"": 2}, {""gene"": ""NOS2"", ""grade"": ""core"", ""weight"": 5}, {""gene"": ""PTGS1"", ""grade"": ""important"", ""weight"": 2}, {""gene"": ""PTGS2"", ""grade"": ""core"", ""weight"": 5}, {""gene"": ""SLC6A4"", ""grade"": ""normal"", ""weight"": 1}]"
103,肉豆蔻__黄芪,肉豆蔻,黄芪,8,63,63,8,20,6.875,2,88.75,False,False,"[{""gene"": ""BAX"", ""grade"": ""important"", ""weight"": 2}, {""gene"": ""BCL2"", ""grade"": ""normal"", ""weight"": 1}, {""gene"": ""CASP3"", ""grade"": ""important"", ""weight"": 2}, {""gene"": ""CASP8"", ""grade"": ""important"", ""weight"": 2}, {""gene"": ""NOS2"", ""grade"": ""core"", ""weight"": 5}, {""gene"": ""PTGS1"", ""grade"": ""important"", ""weight"": 2}, {""gene"": ""PTGS2"", ""grade"": ""core"", ""weight"": 5}, {""gene"": ""SLC6A4"", ""grade"": ""normal"", ""weight"": 1}]"
104,山药__栀子,山药,栀子,15,60,64,11,32,3.533333333333333,4,88.53333333333333,False,False,"[{""gene"": ""AKT1"", ""grade"": ""important"", ""weight"": 2}, {""gene"": ""CDKN1A"", ""grade"": ""important"", ""weight"": 2}, {""gene"": ""HIF1A"", ""grade"": ""core"", ""weight"": 5}, {""gene"": ""NOS2"", ""grade"": ""core"", ""weight"": 5}, {""gene"": ""NR1I2"", ""grade"": ""important"", ""weight"": 2}, {""gene"": ""PLAU"", ""grade"": ""normal"", ""weight"": 1}, {""gene"": ""PTGS1"", ""grade"": ""important"", ""weight"": 2}, {""gene"": ""PTGS2"", ""grade"": ""core"", ""weight"": 5}, {""gene"": ""RELA"", ""grade"": ""important"", ""weight"": 2}, {""gene"": ""SLC6A4"", ""grade"": ""normal"", ""weight"": 1}, {""gene"": ""TP53"", ""grade"": ""core"", ""weight"": 5}]"
105,山药__槐花,山药,槐花,15,60,64,11,32,3.533333333333333,4,88.53333333333333,False,False,"[{""gene"": ""AKT1"", ""grade"": ""important"", ""weight"": 2}, {""gene"": ""CDKN1A"", ""grade"": ""important"", ""weight"": 2}, {""gene"": ""HIF1A"", ""grade"": ""core"", ""weight"": 5}, {""gene"": ""NOS2"", ""grade"": ""core"", ""weight"": 5}, {""gene"": ""NR1I2"", ""grade"": ""important"", ""weight"": 2}, {""gene"": ""PLAU"", ""grade"": ""normal"", ""weight"": 1}, {""gene"": ""PTGS1"", ""grade"": ""important"", ""weight"": 2}, {""gene"": ""PTGS2"", ""grade"": ""core"", ""weight"": 5}, {""gene"": ""RELA"", ""grade"": ""important"", ""weight"": 2}, {""gene"": ""SLC6A4"", ""grade"": ""normal"", ""weight"": 1}, {""gene"": ""TP53"", ""grade"": ""core"", ""weight"": 5}]"
106,姜黄__马齿苋,姜黄,马齿苋,3,63,63,3,8,20.0,1,88.0,False,False,"[{""gene"": ""PLAU"", ""grade"": ""normal"", ""weight"": 1}, {""gene"": ""PTGS1"", ""grade"": ""important"", ""weight"": 2}, {""gene"": ""PTGS2"", ""grade"": ""core"", ""weight"": 5}]"
107,姜黄__黄芪,姜黄,黄芪,3,63,63,3,8,20.0,1,88.0,False,False,"[{""gene"": ""PLAU"", ""grade"": ""normal"", ""weight"": 1}, {""gene"": ""PTGS1"", ""grade"": ""important"", ""weight"": 2}, {""gene"": ""PTGS2"", ""grade"": ""core"", ""weight"": 5}]"
108,薏苡仁__马齿苋,薏苡仁,马齿苋,3,63,63,3,8,20.0,1,88.0,False,False,"[{""gene"": ""PLAU"", ""grade"": ""normal"", ""weight"": 1}, {""gene"": ""PTGS1"", ""grade"": ""important"", ""weight"": 2}, {""gene"": ""PTGS2"", ""grade"": ""core"", ""weight"": 5}]"
109,薏苡仁__黄芪,薏苡仁,黄芪,3,63,63,3,8,20.0,1,88.0,False,False,"[{""gene"": ""PLAU"", ""grade"": ""normal"", ""weight"": 1}, {""gene"": ""PTGS1"", ""grade"": ""important"", ""weight"": 2}, {""gene"": ""PTGS2"", ""grade"": ""core"", ""weight"": 5}]"
110,葛根__鱼腥草,葛根,鱼腥草,10,59,61,8,24,5.3,3,87.6,False,False,"[{""gene"": ""BAX"", ""grade"": ""important"", ""weight"": 2}, {""gene"": ""BCL2"", ""grade"": ""normal"", ""weight"": 1}, {""gene"": ""CASP3"", ""grade"": ""important"", ""weight"": 2}, {""gene"": ""CASP8"", ""grade"": ""important"", ""weight"": 2}, {""gene"": ""NOS2"", ""grade"": ""core"", ""weight"": 5}, {""gene"": ""PPARG"", ""grade"": ""core"", ""weight"": 5}, {""gene"": ""PTGS1"", ""grade"": ""important"", ""weight"": 2}, {""gene"": ""PTGS2"", ""grade"": ""core"", ""weight"": 5}]"
111,山药__鱼腥草,山药,鱼腥草,15,59,64,10,31,3.6,4,86.8,False,False,"[{""gene"": ""AKT1"", ""grade"": ""important"", ""weight"": 2}, {""gene"": ""CDKN1A"", ""grade"": ""important"", ""weight"": 2}, {""gene"": ""HIF1A"", ""grade"": ""core"", ""weight"": 5}, {""gene"": ""NOS2"", ""grade"": ""core"", ""weight"": 5}, {""gene"": ""NR1I2"", ""grade"": ""important"", ""weight"": 2}, {""gene"": ""PLAU"", ""grade"": ""normal"", ""weight"": 1}, {""gene"": ""PTGS1"", ""grade"": ""important"", ""weight"": 2}, {""gene"": ""PTGS2"", ""grade"": ""core"", ""weight"": 5}, {""gene"": ""RELA"", ""grade"": ""important"", ""weight"": 2}, {""gene"": ""TP53"", ""grade"": ""core"", ""weight"": 5}]"
112,乌梅__肉豆蔻,乌梅,肉豆蔻,61,8,61,8,20,6.625,2,86.25,False,False,"[{""gene"": ""BAX"", ""grade"": ""important"", ""weight"": 2}, {""gene"": ""BCL2"", ""grade"": ""normal"", ""weight"": 1}, {""gene"": ""CASP3"", ""grade"": ""important"", ""weight"": 2}, {""gene"": ""CASP8"", ""grade"": ""important"", ""weight"": 2}, {""gene"": ""NOS2"", ""grade"": ""core"", ""weight"": 5}, {""gene"": ""PTGS1"", ""grade"": ""important"", ""weight"": 2}, {""gene"": ""PTGS2"", ""grade"": ""core"", ""weight"": 5}, {""gene"": ""SLC6A4"", ""grade"": ""normal"", ""weight"": 1}]"
113,大枣__肉豆蔻,大枣,肉豆蔻,61,8,61,8,20,6.625,2,86.25,False,False,"[{""gene"": ""BAX"", ""grade"": ""important"", ""weight"": 2}, {""gene"": ""BCL2"", ""grade"": ""normal"", ""weight"": 1}, {""gene"": ""CASP3"", ""grade"": ""important"", ""weight"": 2}, {""gene"": ""CASP8"", ""grade"": ""important"", ""weight"": 2}, {""gene"": ""NOS2"", ""grade"": ""core"", ""weight"": 5}, {""gene"": ""PTGS1"", ""grade"": ""important"", ""weight"": 2}, {""gene"": ""PTGS2"", ""grade"": ""core"", ""weight"": 5}, {""gene"": ""SLC6A4"", ""grade"": ""normal"", ""weight"": 1}]"
114,乌梅__姜黄,乌梅,姜黄,61,3,61,3,8,19.333333333333332,1,85.33333333333333,False,False,"[{""gene"": ""PLAU"", ""grade"": ""normal"", ""weight"": 1}, {""gene"": ""PTGS1"", ""grade"": ""important"", ""weight"": 2}, {""gene"": ""PTGS2"", ""grade"": ""core"", ""weight"": 5}]"
115,乌梅__薏苡仁,乌梅,薏苡仁,61,3,61,3,8,19.333333333333332,1,85.33333333333333,False,False,"[{""gene"": ""PLAU"", ""grade"": ""normal"", ""weight"": 1}, {""gene"": ""PTGS1"", ""grade"": ""important"", ""weight"": 2}, {""gene"": ""PTGS2"", ""grade"": ""core"", ""weight"": 5}]"
116,大枣__姜黄,大枣,姜黄,61,3,61,3,8,19.333333333333332,1,85.33333333333333,False,False,"[{""gene"": ""PLAU"", ""grade"": ""normal"", ""weight"": 1}, {""gene"": ""PTGS1"", ""grade"": ""important"", ""weight"": 2}, {""gene"": ""PTGS2"", ""grade"": ""core"", ""weight"": 5}]"
117,大枣__薏苡仁,大枣,薏苡仁,61,3,61,3,8,19.333333333333332,1,85.33333333333333,False,False,"[{""gene"": ""PLAU"", ""grade"": ""normal"", ""weight"": 1}, {""gene"": ""PTGS1"", ""grade"": ""important"", ""weight"": 2}, {""gene"": ""PTGS2"", ""grade"": ""core"", ""weight"": 5}]"
118,栀子__肉豆蔻,栀子,肉豆蔻,60,8,60,8,20,6.5,2,85.0,False,False,"[{""gene"": ""BAX"", ""grade"": ""important"", ""weight"": 2}, {""gene"": ""BCL2"", ""grade"": ""normal"", ""weight"": 1}, {""gene"": ""CASP3"", ""grade"": ""important"", ""weight"": 2}, {""gene"": ""CASP8"", ""grade"": ""important"", ""weight"": 2}, {""gene"": ""NOS2"", ""grade"": ""core"", ""weight"": 5}, {""gene"": ""PTGS1"", ""grade"": ""important"", ""weight"": 2}, {""gene"": ""PTGS2"", ""grade"": ""core"", ""weight"": 5}, {""gene"": ""SLC6A4"", ""grade"": ""normal"", ""weight"": 1}]"
119,槐花__肉豆蔻,槐花,肉豆蔻,60,8,60,8,20,6.5,2,85.0,False,False,"[{""gene"": ""BAX"", ""grade"": ""important"", ""weight"": 2}, {""gene"": ""BCL2"", ""grade"": ""normal"", ""weight"": 1}, {""gene"": ""CASP3"", ""grade"": ""important"", ""weight"": 2}, {""gene"": ""CASP8"", ""grade"": ""important"", ""weight"": 2}, {""gene"": ""NOS2"", ""grade"": ""core"", ""weight"": 5}, {""gene"": ""PTGS1"", ""grade"": ""important"", ""weight"": 2}, {""gene"": ""PTGS2"", ""grade"": ""core"", ""weight"": 5}, {""gene"": ""SLC6A4"", ""grade"": ""normal"", ""weight"": 1}]"
120,姜黄__栀子,姜黄,栀子,3,60,60,3,8,19.0,1,84.0,False,False,"[{""gene"": ""PLAU"", ""grade"": ""normal"", ""weight"": 1}, {""gene"": ""PTGS1"", ""grade"": ""important"", ""weight"": 2}, {""gene"": ""PTGS2"", ""grade"": ""core"", ""weight"": 5}]"
121,姜黄__槐花,姜黄,槐花,3,60,60,3,8,19.0,1,84.0,False,False,"[{""gene"": ""PLAU"", ""grade"": ""normal"", ""weight"": 1}, {""gene"": ""PTGS1"", ""grade"": ""important"", ""weight"": 2}, {""gene"": ""PTGS2"", ""grade"": ""core"", ""weight"": 5}]"
122,栀子__薏苡仁,栀子,薏苡仁,60,3,60,3,8,19.0,1,84.0,False,False,"[{""gene"": ""PLAU"", ""grade"": ""normal"", ""weight"": 1}, {""gene"": ""PTGS1"", ""grade"": ""important"", ""weight"": 2}, {""gene"": ""PTGS2"", ""grade"": ""core"", ""weight"": 5}]"
123,槐花__薏苡仁,槐花,薏苡仁,60,3,60,3,8,19.0,1,84.0,False,False,"[{""gene"": ""PLAU"", ""grade"": ""normal"", ""weight"": 1}, {""gene"": ""PTGS1"", ""grade"": ""important"", ""weight"": 2}, {""gene"": ""PTGS2"", ""grade"": ""core"", ""weight"": 5}]"
124,姜黄__鱼腥草,姜黄,鱼腥草,3,59,59,3,8,18.666666666666668,1,82.66666666666667,False,False,"[{""gene"": ""PLAU"", ""grade"": ""normal"", ""weight"": 1}, {""gene"": ""PTGS1"", ""grade"": ""important"", ""weight"": 2}, {""gene"": ""PTGS2"", ""grade"": ""core"", ""weight"": 5}]"
125,薏苡仁__鱼腥草,薏苡仁,鱼腥草,3,59,59,3,8,18.666666666666668,1,82.66666666666667,False,False,"[{""gene"": ""PLAU"", ""grade"": ""normal"", ""weight"": 1}, {""gene"": ""PTGS1"", ""grade"": ""important"", ""weight"": 2}, {""gene"": ""PTGS2"", ""grade"": ""core"", ""weight"": 5}]"
126,肉豆蔻__鱼腥草,肉豆蔻,鱼腥草,8,59,60,7,19,6.625,2,81.9375,False,False,"[{""gene"": ""BAX"", ""grade"": ""important"", ""weight"": 2}, {""gene"": ""BCL2"", ""grade"": ""normal"", ""weight"": 1}, {""gene"": ""CASP3"", ""grade"": ""important"", ""weight"": 2}, {""gene"": ""CASP8"", ""grade"": ""important"", ""weight"": 2}, {""gene"": ""NOS2"", ""grade"": ""core"", ""weight"": 5}, {""gene"": ""PTGS1"", ""grade"": ""important"", ""weight"": 2}, {""gene"": ""PTGS2"", ""grade"": ""core"", ""weight"": 5}]"
127,党参__蒲公英,党参,蒲公英,35,37,57,15,51,1.2,8,81.60000000000001,False,False,"[{""gene"": ""CASP3"", ""grade"": ""important"", ""weight"": 2}, {""gene"": ""IL4"", ""grade"": ""core"", ""weight"": 5}, {""gene"": ""IL6"", ""grade"": ""core"", ""weight"": 5}, {""gene"": ""MAPK1"", ""grade"": ""normal"", ""weight"": 1}, {""gene"": ""MMP1"", ""grade"": ""important"", ""weight"": 2}, {""gene"": ""NFKBIA"", ""grade"": ""core"", ""weight"": 5}, {""gene"": ""NOS2"", ""grade"": ""core"", ""weight"": 5}, {""gene"": ""NR3C1"", ""grade"": ""normal"", ""weight"": 1}, {""gene"": ""PPARG"", ""grade"": ""core"", ""weight"": 5}, {""gene"": ""PTGS1"", ""grade"": ""important"", ""weight"": 2}, {""gene"": ""PTGS2"", ""grade"": ""core"", ""weight"": 5}, {""gene"": ""RELA"", ""grade"": ""important"", ""weight"": 2}, {""gene"": ""SLC6A4"", ""grade"": ""normal"", ""weight"": 1}, {""gene"": ""TNF"", ""grade"": ""core"", ""weight"": 5}, {""gene"": ""TP53"", ""grade"": ""core"", ""weight"": 5}]"
128,甘草__生姜,甘草,生姜,67,8,67,8,16,7.375,1,75.0,False,False,"[{""gene"": ""BAX"", ""grade"": ""important"", ""weight"": 2}, {""gene"": ""BCL2"", ""grade"": ""normal"", ""weight"": 1}, {""gene"": ""CASP3"", ""grade"": ""important"", ""weight"": 2}, {""gene"": ""CASP8"", ""grade"": ""important"", ""weight"": 2}, {""gene"": ""PLAU"", ""grade"": ""normal"", ""weight"": 1}, {""gene"": ""PTGS1"", ""grade"": ""important"", ""weight"": 2}, {""gene"": ""PTGS2"", ""grade"": ""core"", ""weight"": 5}, {""gene"": ""SLC6A4"", ""grade"": ""normal"", ""weight"": 1}]"
129,甘草__砂仁,甘草,砂仁,67,8,67,8,16,7.375,1,75.0,False,False,"[{""gene"": ""BAX"", ""grade"": ""important"", ""weight"": 2}, {""gene"": ""BCL2"", ""grade"": ""normal"", ""weight"": 1}, {""gene"": ""CASP3"", ""grade"": ""important"", ""weight"": 2}, {""gene"": ""CASP8"", ""grade"": ""important"", ""weight"": 2}, {""gene"": ""PLAU"", ""grade"": ""normal"", ""weight"": 1}, {""gene"": ""PTGS1"", ""grade"": ""important"", ""weight"": 2}, {""gene"": ""PTGS2"", ""grade"": ""core"", ""weight"": 5}, {""gene"": ""SLC6A4"", ""grade"": ""normal"", ""weight"": 1}]"
130,甘草__白扁豆,甘草,白扁豆,67,11,67,11,21,5.090909090909091,1,74.45454545454545,False,False,"[{""gene"": ""AKT1"", ""grade"": ""important"", ""weight"": 2}, {""gene"": ""BCL2"", ""grade"": ""normal"", ""weight"": 1}, {""gene"": ""CASP3"", ""grade"": ""important"", ""weight"": 2}, {""gene"": ""CASP8"", ""grade"": ""important"", ""weight"": 2}, {""gene"": ""CYP1A2"", ""grade"": ""normal"", ""weight"": 1}, {""gene"": ""CYP3A4"", ""grade"": ""important"", ""weight"": 2}, {""gene"": ""HMOX1"", ""grade"": ""normal"", ""weight"": 1}, {""gene"": ""MMP1"", ""grade"": ""important"", ""weight"": 2}, {""gene"": ""MMP2"", ""grade"": ""normal"", ""weight"": 1}, {""gene"": ""MYC"", ""grade"": ""important"", ""weight"": 2}, {""gene"": ""PTGS2"", ""grade"": ""core"", ""weight"": 5}]"
131,甘草__芡实,甘草,芡实,67,11,67,11,21,5.090909090909091,1,74.45454545454545,False,False,"[{""gene"": ""AKT1"", ""grade"": ""important"", ""weight"": 2}, {""gene"": ""BCL2"", ""grade"": ""normal"", ""weight"": 1}, {""gene"": ""CASP3"", ""grade"": ""important"", ""weight"": 2}, {""gene"": ""CASP8"", ""grade"": ""important"", ""weight"": 2}, {""gene"": ""CYP1A2"", ""grade"": ""normal"", ""weight"": 1}, {""gene"": ""CYP3A4"", ""grade"": ""important"", ""weight"": 2}, {""gene"": ""HMOX1"", ""grade"": ""normal"", ""weight"": 1}, {""gene"": ""MMP1"", ""grade"": ""important"", ""weight"": 2}, {""gene"": ""MMP2"", ""grade"": ""normal"", ""weight"": 1}, {""gene"": ""MYC"", ""grade"": ""important"", ""weight"": 2}, {""gene"": ""PTGS2"", ""grade"": ""core"", ""weight"": 5}]"
132,党参__黄芩,党参,黄芩,35,27,47,15,46,1.1851851851851851,6,73.25925925925925,False,False,"[{""gene"": ""AKT1"", ""grade"": ""important"", ""weight"": 2}, {""gene"": ""CASP3"", ""grade"": ""important"", ""weight"": 2}, {""gene"": ""CCND1"", ""grade"": ""important"", ""weight"": 2}, {""gene"": ""CDKN1A"", ""grade"": ""important"", ""weight"": 2}, {""gene"": ""IL6"", ""grade"": ""core"", ""weight"": 5}, {""gene"": ""MMP1"", ""grade"": ""important"", ""weight"": 2}, {""gene"": ""MMP9"", ""grade"": ""core"", ""weight"": 5}, {""gene"": ""NOS2"", ""grade"": ""core"", ""weight"": 5}, {""gene"": ""PLAU"", ""grade"": ""normal"", ""weight"": 1}, {""gene"": ""PTGS1"", ""grade"": ""important"", ""weight"": 2}, {""gene"": ""PTGS2"", ""grade"": ""core"", ""weight"": 5}, {""gene"": ""RELA"", ""grade"": ""important"", ""weight"": 2}, {""gene"": ""SLC6A4"", ""grade"": ""normal"", ""weight"": 1}, {""gene"": ""TNF"", ""grade"": ""core"", ""weight"": 5}, {""gene"": ""TP53"", ""grade"": ""core"", ""weight"": 5}]"
133,甘草__莲子,甘草,莲子,67,20,75,12,28,3.15,3,72.10000000000001,False,False,"[{""gene"": ""ABCG2"", ""grade"": ""normal"", ""weight"": 1}, {""gene"": ""AHR"", ""grade"": ""normal"", ""weight"": 1}, {""gene"": ""ALOX5"", ""grade"": ""important"", ""weight"": 2}, {""gene"": ""CASP3"", ""grade"": ""important"", ""weight"": 2}, {""gene"": ""CYP3A4"", ""grade"": ""important"", ""weight"": 2}, {""gene"": ""EGFR"", ""grade"": ""important"", ""weight"": 2}, {""gene"": ""HIF1A"", ""grade"": ""core"", ""weight"": 5}, {""gene"": ""KDR"", ""grade"": ""normal"", ""weight"": 1}, {""gene"": ""MMP9"", ""grade"": ""core"", ""weight"": 5}, {""gene"": ""MPO"", ""grade"": ""core"", ""weight"": 5}, {""gene"": ""PLAU"", ""grade"": ""normal"", ""weight"": 1}, {""gene"": ""SLC6A4"", ""grade"": ""normal"", ""weight"": 1}]"
134,生姜__石榴皮,生姜,石榴皮,8,64,64,8,16,7.0,1,72.0,False,False,"[{""gene"": ""BAX"", ""grade"": ""important"", ""weight"": 2}, {""gene"": ""BCL2"", ""grade"": ""normal"", ""weight"": 1}, {""gene"": ""CASP3"", ""grade"": ""important"", ""weight"": 2}, {""gene"": ""CASP8"", ""grade"": ""important"", ""weight"": 2}, {""gene"": ""PLAU"", ""grade"": ""normal"", ""weight"": 1}, {""gene"": ""PTGS1"", ""grade"": ""important"", ""weight"": 2}, {""gene"": ""PTGS2"", ""grade"": ""core"", ""weight"": 5}, {""gene"": ""SLC6A4"", ""grade"": ""normal"", ""weight"": 1}]"
135,石榴皮__砂仁,石榴皮,砂仁,64,8,64,8,16,7.0,1,72.0,False,False,"[{""gene"": ""BAX"", ""grade"": ""important"", ""weight"": 2}, {""gene"": ""BCL2"", ""grade"": ""normal"", ""weight"": 1}, {""gene"": ""CASP3"", ""grade"": ""important"", ""weight"": 2}, {""gene"": ""CASP8"", ""grade"": ""important"", ""weight"": 2}, {""gene"": ""PLAU"", ""grade"": ""normal"", ""weight"": 1}, {""gene"": ""PTGS1"", ""grade"": ""important"", ""weight"": 2}, {""gene"": ""PTGS2"", ""grade"": ""core"", ""weight"": 5}, {""gene"": ""SLC6A4"", ""grade"": ""normal"", ""weight"": 1}]"
136,白扁豆__石榴皮,白扁豆,石榴皮,11,64,64,11,21,4.818181818181818,1,71.5909090909091,False,False,"[{""gene"": ""AKT1"", ""grade"": ""important"", ""weight"": 2}, {""gene"": ""BCL2"", ""grade"": ""normal"", ""weight"": 1}, {""gene"": ""CASP3"", ""grade"": ""important"", ""weight"": 2}, {""gene"": ""CASP8"", ""grade"": ""important"", ""weight"": 2}, {""gene"": ""CYP1A2"", ""grade"": ""normal"", ""weight"": 1}, {""gene"": ""CYP3A4"", ""grade"": ""important"", ""weight"": 2}, {""gene"": ""HMOX1"", ""grade"": ""normal"", ""weight"": 1}, {""gene"": ""MMP1"", ""grade"": ""important"", ""weight"": 2}, {""gene"": ""MMP2"", ""grade"": ""normal"", ""weight"": 1}, {""gene"": ""MYC"", ""grade"": ""important"", ""weight"": 2}, {""gene"": ""PTGS2"", ""grade"": ""core"", ""weight"": 5}]"
137,石榴皮__芡实,石榴皮,芡实,64,11,64,11,21,4.818181818181818,1,71.5909090909091,False,False,"[{""gene"": ""AKT1"", ""grade"": ""important"", ""weight"": 2}, {""gene"": ""BCL2"", ""grade"": ""normal"", ""weight"": 1}, {""gene"": ""CASP3"", ""grade"": ""important"", ""weight"": 2}, {""gene"": ""CASP8"", ""grade"": ""important"", ""weight"": 2}, {""gene"": ""CYP1A2"", ""grade"": ""normal"", ""weight"": 1}, {""gene"": ""CYP3A4"", ""grade"": ""important"", ""weight"": 2}, {""gene"": ""HMOX1"", ""grade"": ""normal"", ""weight"": 1}, {""gene"": ""MMP1"", ""grade"": ""important"", ""weight"": 2}, {""gene"": ""MMP2"", ""grade"": ""normal"", ""weight"": 1}, {""gene"": ""MYC"", ""grade"": ""important"", ""weight"": 2}, {""gene"": ""PTGS2"", ""grade"": ""core"", ""weight"": 5}]"
138,生姜__马齿苋,生姜,马齿苋,8,63,63,8,16,6.875,1,71.0,False,False,"[{""gene"": ""BAX"", ""grade"": ""important"", ""weight"": 2}, {""gene"": ""BCL2"", ""grade"": ""normal"", ""weight"": 1}, {""gene"": ""CASP3"", ""grade"": ""important"", ""weight"": 2}, {""gene"": ""CASP8"", ""grade"": ""important"", ""weight"": 2}, {""gene"": ""PLAU"", ""grade"": ""normal"", ""weight"": 1}, {""gene"": ""PTGS1"", ""grade"": ""important"", ""weight"": 2}, {""gene"": ""PTGS2"", ""grade"": ""core"", ""weight"": 5}, {""gene"": ""SLC6A4"", ""grade"": ""normal"", ""weight"": 1}]"
139,生姜__黄芪,生姜,黄芪,8,63,63,8,16,6.875,1,71.0,False,False,"[{""gene"": ""BAX"", ""grade"": ""important"", ""weight"": 2}, {""gene"": ""BCL2"", ""grade"": ""normal"", ""weight"": 1}, {""gene"": ""CASP3"", ""grade"": ""important"", ""weight"": 2}, {""gene"": ""CASP8"", ""grade"": ""important"", ""weight"": 2}, {""gene"": ""PLAU"", ""grade"": ""normal"", ""weight"": 1}, {""gene"": ""PTGS1"", ""grade"": ""important"", ""weight"": 2}, {""gene"": ""PTGS2"", ""grade"": ""core"", ""weight"": 5}, {""gene"": ""SLC6A4"", ""grade"": ""normal"", ""weight"": 1}]"
140,砂仁__马齿苋,砂仁,马齿苋,8,63,63,8,16,6.875,1,71.0,False,False,"[{""gene"": ""BAX"", ""grade"": ""important"", ""weight"": 2}, {""gene"": ""BCL2"", ""grade"": ""normal"", ""weight"": 1}, {""gene"": ""CASP3"", ""grade"": ""important"", ""weight"": 2}, {""gene"": ""CASP8"", ""grade"": ""important"", ""weight"": 2}, {""gene"": ""PLAU"", ""grade"": ""normal"", ""weight"": 1}, {""gene"": ""PTGS1"", ""grade"": ""important"", ""weight"": 2}, {""gene"": ""PTGS2"", ""grade"": ""core"", ""weight"": 5}, {""gene"": ""SLC6A4"", ""grade"": ""normal"", ""weight"": 1}]"
141,砂仁__黄芪,砂仁,黄芪,8,63,63,8,16,6.875,1,71.0,False,False,"[{""gene"": ""BAX"", ""grade"": ""important"", ""weight"": 2}, {""gene"": ""BCL2"", ""grade"": ""normal"", ""weight"": 1}, {""gene"": ""CASP3"", ""grade"": ""important"", ""weight"": 2}, {""gene"": ""CASP8"", ""grade"": ""important"", ""weight"": 2}, {""gene"": ""PLAU"", ""grade"": ""normal"", ""weight"": 1}, {""gene"": ""PTGS1"", ""grade"": ""important"", ""weight"": 2}, {""gene"": ""PTGS2"", ""grade"": ""core"", ""weight"": 5}, {""gene"": ""SLC6A4"", ""grade"": ""normal"", ""weight"": 1}]"
142,白扁豆__马齿苋,白扁豆,马齿苋,11,63,63,11,21,4.7272727272727275,1,70.63636363636364,False,False,"[{""gene"": ""AKT1"", ""grade"": ""important"", ""weight"": 2}, {""gene"": ""BCL2"", ""grade"": ""normal"", ""weight"": 1}, {""gene"": ""CASP3"", ""grade"": ""important"", ""weight"": 2}, {""gene"": ""CASP8"", ""grade"": ""important"", ""weight"": 2}, {""gene"": ""CYP1A2"", ""grade"": ""normal"", ""weight"": 1}, {""gene"": ""CYP3A4"", ""grade"": ""important"", ""weight"": 2}, {""gene"": ""HMOX1"", ""grade"": ""normal"", ""weight"": 1}, {""gene"": ""MMP1"", ""grade"": ""important"", ""weight"": 2}, {""gene"": ""MMP2"", ""grade"": ""normal"", ""weight"": 1}, {""gene"": ""MYC"", ""grade"": ""important"", ""weight"": 2}, {""gene"": ""PTGS2"", ""grade"": ""core"", ""weight"": 5}]"
143,白扁豆__黄芪,白扁豆,黄芪,11,63,63,11,21,4.7272727272727275,1,70.63636363636364,False,False,"[{""gene"": ""AKT1"", ""grade"": ""important"", ""weight"": 2}, {""gene"": ""BCL2"", ""grade"": ""normal"", ""weight"": 1}, {""gene"": ""CASP3"", ""grade"": ""important"", ""weight"": 2}, {""gene"": ""CASP8"", ""grade"": ""important"", ""weight"": 2}, {""gene"": ""CYP1A2"", ""grade"": ""normal"", ""weight"": 1}, {""gene"": ""CYP3A4"", ""grade"": ""important"", ""weight"": 2}, {""gene"": ""HMOX1"", ""grade"": ""normal"", ""weight"": 1}, {""gene"": ""MMP1"", ""grade"": ""important"", ""weight"": 2}, {""gene"": ""MMP2"", ""grade"": ""normal"", ""weight"": 1}, {""gene"": ""MYC"", ""grade"": ""important"", ""weight"": 2}, {""gene"": ""PTGS2"", ""grade"": ""core"", ""weight"": 5}]"
144,芡实__马齿苋,芡实,马齿苋,11,63,63,11,21,4.7272727272727275,1,70.63636363636364,False,False,"[{""gene"": ""AKT1"", ""grade"": ""important"", ""weight"": 2}, {""gene"": ""BCL2"", ""grade"": ""normal"", ""weight"": 1}, {""gene"": ""CASP3"", ""grade"": ""important"", ""weight"": 2}, {""gene"": ""CASP8"", ""grade"": ""important"", ""weight"": 2}, {""gene"": ""CYP1A2"", ""grade"": ""normal"", ""weight"": 1}, {""gene"": ""CYP3A4"", ""grade"": ""important"", ""weight"": 2}, {""gene"": ""HMOX1"", ""grade"": ""normal"", ""weight"": 1}, {""gene"": ""MMP1"", ""grade"": ""important"", ""weight"": 2}, {""gene"": ""MMP2"", ""grade"": ""normal"", ""weight"": 1}, {""gene"": ""MYC"", ""grade"": ""important"", ""weight"": 2}, {""gene"": ""PTGS2"", ""grade"": ""core"", ""weight"": 5}]"
145,芡实__黄芪,芡实,黄芪,11,63,63,11,21,4.7272727272727275,1,70.63636363636364,False,False,"[{""gene"": ""AKT1"", ""grade"": ""important"", ""weight"": 2}, {""gene"": ""BCL2"", ""grade"": ""normal"", ""weight"": 1}, {""gene"": ""CASP3"", ""grade"": ""important"", ""weight"": 2}, {""gene"": ""CASP8"", ""grade"": ""important"", ""weight"": 2}, {""gene"": ""CYP1A2"", ""grade"": ""normal"", ""weight"": 1}, {""gene"": ""CYP3A4"", ""grade"": ""important"", ""weight"": 2}, {""gene"": ""HMOX1"", ""grade"": ""normal"", ""weight"": 1}, {""gene"": ""MMP1"", ""grade"": ""important"", ""weight"": 2}, {""gene"": ""MMP2"", ""grade"": ""normal"", ""weight"": 1}, {""gene"": ""MYC"", ""grade"": ""important"", ""weight"": 2}, {""gene"": ""PTGS2"", ""grade"": ""core"", ""weight"": 5}]"
146,葛根__蒲公英,葛根,蒲公英,10,37,37,10,30,2.7,4,70.5,False,False,"[{""gene"": ""BAX"", ""grade"": ""important"", ""weight"": 2}, {""gene"": ""BCL2"", ""grade"": ""normal"", ""weight"": 1}, {""gene"": ""CASP3"", ""grade"": ""important"", ""weight"": 2}, {""gene"": ""CASP8"", ""grade"": ""important"", ""weight"": 2}, {""gene"": ""IL4"", ""grade"": ""core"", ""weight"": 5}, {""gene"": ""NOS2"", ""grade"": ""core"", ""weight"": 5}, {""gene"": ""PPARG"", ""grade"": ""core"", ""weight"": 5}, {""gene"": ""PTGS1"", ""grade"": ""important"", ""weight"": 2}, {""gene"": ""PTGS2"", ""grade"": ""core"", ""weight"": 5}, {""gene"": ""SLC6A4"", ""grade"": ""normal"", ""weight"": 1}]"
147,莲子__黄芪,莲子,黄芪,20,63,70,13,29,2.85,3,70.32499999999999,False,False,"[{""gene"": ""ABCG2"", ""grade"": ""normal"", ""weight"": 1}, {""gene"": ""AHR"", ""grade"": ""normal"", ""weight"": 1}, {""gene"": ""ALOX5"", ""grade"": ""important"", ""weight"": 2}, {""gene"": ""CASP3"", ""grade"": ""important"", ""weight"": 2}, {""gene"": ""CYP3A4"", ""grade"": ""important"", ""weight"": 2}, {""gene"": ""EGFR"", ""grade"": ""important"", ""weight"": 2}, {""gene"": ""HIF1A"", ""grade"": ""core"", ""weight"": 5}, {""gene"": ""KDR"", ""grade"": ""normal"", ""weight"": 1}, {""gene"": ""MET"", ""grade"": ""normal"", ""weight"": 1}, {""gene"": ""MMP9"", ""grade"": ""core"", ""weight"": 5}, {""gene"": ""MPO"", ""grade"": ""core"", ""weight"": 5}, {""gene"": ""PLAU"", ""grade"": ""normal"", ""weight"": 1}, {""gene"": ""SLC6A4"", ""grade"": ""normal"", ""weight"": 1}]"
148,石榴皮__莲子,石榴皮,莲子,64,20,72,12,28,3.0,3,70.0,False,False,"[{""gene"": ""ABCG2"", ""grade"": ""normal"", ""weight"": 1}, {""gene"": ""AHR"", ""grade"": ""normal"", ""weight"": 1}, {""gene"": ""ALOX5"", ""grade"": ""important"", ""weight"": 2}, {""gene"": ""CASP3"", ""grade"": ""important"", ""weight"": 2}, {""gene"": ""CYP3A4"", ""grade"": ""important"", ""weight"": 2}, {""gene"": ""EGFR"", ""grade"": ""important"", ""weight"": 2}, {""gene"": ""HIF1A"", ""grade"": ""core"", ""weight"": 5}, {""gene"": ""MET"", ""grade"": ""normal"", ""weight"": 1}, {""gene"": ""MMP9"", ""grade"": ""core"", ""weight"": 5}, {""gene"": ""MPO"", ""grade"": ""core"", ""weight"": 5}, {""gene"": ""PLAU"", ""grade"": ""normal"", ""weight"": 1}, {""gene"": ""SLC6A4"", ""grade"": ""normal"", ""weight"": 1}]"
149,莲子__马齿苋,莲子,马齿苋,20,63,71,12,28,2.95,3,69.3,False,False,"[{""gene"": ""ABCG2"", ""grade"": ""normal"", ""weight"": 1}, {""gene"": ""AHR"", ""grade"": ""normal"", ""weight"": 1}, {""gene"": ""ALOX5"", ""grade"": ""important"", ""weight"": 2}, {""gene"": ""CASP3"", ""grade"": ""important"", ""weight"": 2}, {""gene"": ""CYP3A4"", ""grade"": ""important"", ""weight"": 2}, {""gene"": ""EGFR"", ""grade"": ""important"", ""weight"": 2}, {""gene"": ""HIF1A"", ""grade"": ""core"", ""weight"": 5}, {""gene"": ""MET"", ""grade"": ""normal"", ""weight"": 1}, {""gene"": ""MMP9"", ""grade"": ""core"", ""weight"": 5}, {""gene"": ""MPO"", ""grade"": ""core"", ""weight"": 5}, {""gene"": ""PLAU"", ""grade"": ""normal"", ""weight"": 1}, {""gene"": ""SLC6A4"", ""grade"": ""normal"", ""weight"": 1}]"
150,乌梅__生姜,乌梅,生姜,61,8,61,8,16,6.625,1,69.0,False,False,"[{""gene"": ""BAX"", ""grade"": ""important"", ""weight"": 2}, {""gene"": ""BCL2"", ""grade"": ""normal"", ""weight"": 1}, {""gene"": ""CASP3"", ""grade"": ""important"", ""weight"": 2}, {""gene"": ""CASP8"", ""grade"": ""important"", ""weight"": 2}, {""gene"": ""PLAU"", ""grade"": ""normal"", ""weight"": 1}, {""gene"": ""PTGS1"", ""grade"": ""important"", ""weight"": 2}, {""gene"": ""PTGS2"", ""grade"": ""core"", ""weight"": 5}, {""gene"": ""SLC6A4"", ""grade"": ""normal"", ""weight"": 1}]"
151,乌梅__砂仁,乌梅,砂仁,61,8,61,8,16,6.625,1,69.0,False,False,"[{""gene"": ""BAX"", ""grade"": ""important"", ""weight"": 2}, {""gene"": ""BCL2"", ""grade"": ""normal"", ""weight"": 1}, {""gene"": ""CASP3"", ""grade"": ""important"", ""weight"": 2}, {""gene"": ""CASP8"", ""grade"": ""important"", ""weight"": 2}, {""gene"": ""PLAU"", ""grade"": ""normal"", ""weight"": 1}, {""gene"": ""PTGS1"", ""grade"": ""important"", ""weight"": 2}, {""gene"": ""PTGS2"", ""grade"": ""core"", ""weight"": 5}, {""gene"": ""SLC6A4"", ""grade"": ""normal"", ""weight"": 1}]"
152,大枣__生姜,大枣,生姜,61,8,61,8,16,6.625,1,69.0,False,False,"[{""gene"": ""BAX"", ""grade"": ""important"", ""weight"": 2}, {""gene"": ""BCL2"", ""grade"": ""normal"", ""weight"": 1}, {""gene"": ""CASP3"", ""grade"": ""important"", ""weight"": 2}, {""gene"": ""CASP8"", ""grade"": ""important"", ""weight"": 2}, {""gene"": ""PLAU"", ""grade"": ""normal"", ""weight"": 1}, {""gene"": ""PTGS1"", ""grade"": ""important"", ""weight"": 2}, {""gene"": ""PTGS2"", ""grade"": ""core"", ""weight"": 5}, {""gene"": ""SLC6A4"", ""grade"": ""normal"", ""weight"": 1}]"
153,大枣__砂仁,大枣,砂仁,61,8,61,8,16,6.625,1,69.0,False,False,"[{""gene"": ""BAX"", ""grade"": ""important"", ""weight"": 2}, {""gene"": ""BCL2"", ""grade"": ""normal"", ""weight"": 1}, {""gene"": ""CASP3"", ""grade"": ""important"", ""weight"": 2}, {""gene"": ""CASP8"", ""grade"": ""important"", ""weight"": 2}, {""gene"": ""PLAU"", ""grade"": ""normal"", ""weight"": 1}, {""gene"": ""PTGS1"", ""grade"": ""important"", ""weight"": 2}, {""gene"": ""PTGS2"", ""grade"": ""core"", ""weight"": 5}, {""gene"": ""SLC6A4"", ""grade"": ""normal"", ""weight"": 1}]"
154,乌梅__白扁豆,乌梅,白扁豆,61,11,61,11,21,4.545454545454546,1,68.72727272727273,False,False,"[{""gene"": ""AKT1"", ""grade"": ""important"", ""weight"": 2}, {""gene"": ""BCL2"", ""grade"": ""normal"", ""weight"": 1}, {""gene"": ""CASP3"", ""grade"": ""important"", ""weight"": 2}, {""gene"": ""CASP8"", ""grade"": ""important"", ""weight"": 2}, {""gene"": ""CYP1A2"", ""grade"": ""normal"", ""weight"": 1}, {""gene"": ""CYP3A4"", ""grade"": ""important"", ""weight"": 2}, {""gene"": ""HMOX1"", ""grade"": ""normal"", ""weight"": 1}, {""gene"": ""MMP1"", ""grade"": ""important"", ""weight"": 2}, {""gene"": ""MMP2"", ""grade"": ""normal"", ""weight"": 1}, {""gene"": ""MYC"", ""grade"": ""important"", ""weight"": 2}, {""gene"": ""PTGS2"", ""grade"": ""core"", ""weight"": 5}]"
155,乌梅__芡实,乌梅,芡实,61,11,61,11,21,4.545454545454546,1,68.72727272727273,False,False,"[{""gene"": ""AKT1"", ""grade"": ""important"", ""weight"": 2}, {""gene"": ""BCL2"", ""grade"": ""normal"", ""weight"": 1}, {""gene"": ""CASP3"", ""grade"": ""important"", ""weight"": 2}, {""gene"": ""CASP8"", ""grade"": ""important"", ""weight"": 2}, {""gene"": ""CYP1A2"", ""grade"": ""normal"", ""weight"": 1}, {""gene"": ""CYP3A4"", ""grade"": ""important"", ""weight"": 2}, {""gene"": ""HMOX1"", ""grade"": ""normal"", ""weight"": 1}, {""gene"": ""MMP1"", ""grade"": ""important"", ""weight"": 2}, {""gene"": ""MMP2"", ""grade"": ""normal"", ""weight"": 1}, {""gene"": ""MYC"", ""grade"": ""important"", ""weight"": 2}, {""gene"": ""PTGS2"", ""grade"": ""core"", ""weight"": 5}]"
156,大枣__白扁豆,大枣,白扁豆,61,11,61,11,21,4.545454545454546,1,68.72727272727273,False,False,"[{""gene"": ""AKT1"", ""grade"": ""important"", ""weight"": 2}, {""gene"": ""BCL2"", ""grade"": ""normal"", ""weight"": 1}, {""gene"": ""CASP3"", ""grade"": ""important"", ""weight"": 2}, {""gene"": ""CASP8"", ""grade"": ""important"", ""weight"": 2}, {""gene"": ""CYP1A2"", ""grade"": ""normal"", ""weight"": 1}, {""gene"": ""CYP3A4"", ""grade"": ""important"", ""weight"": 2}, {""gene"": ""HMOX1"", ""grade"": ""normal"", ""weight"": 1}, {""gene"": ""MMP1"", ""grade"": ""important"", ""weight"": 2}, {""gene"": ""MMP2"", ""grade"": ""normal"", ""weight"": 1}, {""gene"": ""MYC"", ""grade"": ""important"", ""weight"": 2}, {""gene"": ""PTGS2"", ""grade"": ""core"", ""weight"": 5}]"
157,大枣__芡实,大枣,芡实,61,11,61,11,21,4.545454545454546,1,68.72727272727273,False,False,"[{""gene"": ""AKT1"", ""grade"": ""important"", ""weight"": 2}, {""gene"": ""BCL2"", ""grade"": ""normal"", ""weight"": 1}, {""gene"": ""CASP3"", ""grade"": ""important"", ""weight"": 2}, {""gene"": ""CASP8"", ""grade"": ""important"", ""weight"": 2}, {""gene"": ""CYP1A2"", ""grade"": ""normal"", ""weight"": 1}, {""gene"": ""CYP3A4"", ""grade"": ""important"", ""weight"": 2}, {""gene"": ""HMOX1"", ""grade"": ""normal"", ""weight"": 1}, {""gene"": ""MMP1"", ""grade"": ""important"", ""weight"": 2}, {""gene"": ""MMP2"", ""grade"": ""normal"", ""weight"": 1}, {""gene"": ""MYC"", ""grade"": ""important"", ""weight"": 2}, {""gene"": ""PTGS2"", ""grade"": ""core"", ""weight"": 5}]"
158,蒲公英__黄芩,蒲公英,黄芩,37,27,50,14,41,1.3333333333333333,5,68.33333333333333,False,False,"[{""gene"": ""BAX"", ""grade"": ""important"", ""weight"": 2}, {""gene"": ""BCL2"", ""grade"": ""normal"", ""weight"": 1}, {""gene"": ""CASP3"", ""grade"": ""important"", ""weight"": 2}, {""gene"": ""CASP8"", ""grade"": ""important"", ""weight"": 2}, {""gene"": ""CCL2"", ""grade"": ""important"", ""weight"": 2}, {""gene"": ""IL6"", ""grade"": ""core"", ""weight"": 5}, {""gene"": ""MMP1"", ""grade"": ""important"", ""weight"": 2}, {""gene"": ""NOS2"", ""grade"": ""core"", ""weight"": 5}, {""gene"": ""PTGS1"", ""grade"": ""important"", ""weight"": 2}, {""gene"": ""PTGS2"", ""grade"": ""core"", ""weight"": 5}, {""gene"": ""RELA"", ""grade"": ""important"", ""weight"": 2}, {""gene"": ""SLC6A4"", ""grade"": ""normal"", ""weight"": 1}, {""gene"": ""TNF"", ""grade"": ""core"", ""weight"": 5}, {""gene"": ""TP53"", ""grade"": ""core"", ""weight"": 5}]"
159,茯苓__蒲公英,茯苓,蒲公英,2,37,37,2,7,17.5,1,68.25,False,False,"[{""gene"": ""PTGS1"", ""grade"": ""important"", ""weight"": 2}, {""gene"": ""PTGS2"", ""grade"": ""core"", ""weight"": 5}]"
160,栀子__生姜,栀子,生姜,60,8,60,8,16,6.5,1,68.0,False,False,"[{""gene"": ""BAX"", ""grade"": ""important"", ""weight"": 2}, {""gene"": ""BCL2"", ""grade"": ""normal"", ""weight"": 1}, {""gene"": ""CASP3"", ""grade"": ""important"", ""weight"": 2}, {""gene"": ""CASP8"", ""grade"": ""important"", ""weight"": 2}, {""gene"": ""PLAU"", ""grade"": ""normal"", ""weight"": 1}, {""gene"": ""PTGS1"", ""grade"": ""important"", ""weight"": 2}, {""gene"": ""PTGS2"", ""grade"": ""core"", ""weight"": 5}, {""gene"": ""SLC6A4"", ""grade"": ""normal"", ""weight"": 1}]"
161,栀子__砂仁,栀子,砂仁,60,8,60,8,16,6.5,1,68.0,False,False,"[{""gene"": ""BAX"", ""grade"": ""important"", ""weight"": 2}, {""gene"": ""BCL2"", ""grade"": ""normal"", ""weight"": 1}, {""gene"": ""CASP3"", ""grade"": ""important"", ""weight"": 2}, {""gene"": ""CASP8"", ""grade"": ""important"", ""weight"": 2}, {""gene"": ""PLAU"", ""grade"": ""normal"", ""weight"": 1}, {""gene"": ""PTGS1"", ""grade"": ""important"", ""weight"": 2}, {""gene"": ""PTGS2"", ""grade"": ""core"", ""weight"": 5}, {""gene"": ""SLC6A4"", ""grade"": ""normal"", ""weight"": 1}]"
162,槐花__生姜,槐花,生姜,60,8,60,8,16,6.5,1,68.0,False,False,"[{""gene"": ""BAX"", ""grade"": ""important"", ""weight"": 2}, {""gene"": ""BCL2"", ""grade"": ""normal"", ""weight"": 1}, {""gene"": ""CASP3"", ""grade"": ""important"", ""weight"": 2}, {""gene"": ""CASP8"", ""grade"": ""important"", ""weight"": 2}, {""gene"": ""PLAU"", ""grade"": ""normal"", ""weight"": 1}, {""gene"": ""PTGS1"", ""grade"": ""important"", ""weight"": 2}, {""gene"": ""PTGS2"", ""grade"": ""core"", ""weight"": 5}, {""gene"": ""SLC6A4"", ""grade"": ""normal"", ""weight"": 1}]"
163,槐花__砂仁,槐花,砂仁,60,8,60,8,16,6.5,1,68.0,False,False,"[{""gene"": ""BAX"", ""grade"": ""important"", ""weight"": 2}, {""gene"": ""BCL2"", ""grade"": ""normal"", ""weight"": 1}, {""gene"": ""CASP3"", ""grade"": ""important"", ""weight"": 2}, {""gene"": ""CASP8"", ""grade"": ""important"", ""weight"": 2}, {""gene"": ""PLAU"", ""grade"": ""normal"", ""weight"": 1}, {""gene"": ""PTGS1"", ""grade"": ""important"", ""weight"": 2}, {""gene"": ""PTGS2"", ""grade"": ""core"", ""weight"": 5}, {""gene"": ""SLC6A4"", ""grade"": ""normal"", ""weight"": 1}]"
164,大枣__莲子,大枣,莲子,61,20,69,12,28,2.85,3,67.89999999999999,False,False,"[{""gene"": ""ABCG2"", ""grade"": ""normal"", ""weight"": 1}, {""gene"": ""AHR"", ""grade"": ""normal"", ""weight"": 1}, {""gene"": ""ALOX5"", ""grade"": ""important"", ""weight"": 2}, {""gene"": ""CASP3"", ""grade"": ""important"", ""weight"": 2}, {""gene"": ""CYP3A4"", ""grade"": ""important"", ""weight"": 2}, {""gene"": ""EGFR"", ""grade"": ""important"", ""weight"": 2}, {""gene"": ""HIF1A"", ""grade"": ""core"", ""weight"": 5}, {""gene"": ""KDR"", ""grade"": ""normal"", ""weight"": 1}, {""gene"": ""MMP9"", ""grade"": ""core"", ""weight"": 5}, {""gene"": ""MPO"", ""grade"": ""core"", ""weight"": 5}, {""gene"": ""PLAU"", ""grade"": ""normal"", ""weight"": 1}, {""gene"": ""SLC6A4"", ""grade"": ""normal"", ""weight"": 1}]"
165,栀子__白扁豆,栀子,白扁豆,60,11,60,11,21,4.454545454545454,1,67.77272727272727,False,False,"[{""gene"": ""AKT1"", ""grade"": ""important"", ""weight"": 2}, {""gene"": ""BCL2"", ""grade"": ""normal"", ""weight"": 1}, {""gene"": ""CASP3"", ""grade"": ""important"", ""weight"": 2}, {""gene"": ""CASP8"", ""grade"": ""important"", ""weight"": 2}, {""gene"": ""CYP1A2"", ""grade"": ""normal"", ""weight"": 1}, {""gene"": ""CYP3A4"", ""grade"": ""important"", ""weight"": 2}, {""gene"": ""HMOX1"", ""grade"": ""normal"", ""weight"": 1}, {""gene"": ""MMP1"", ""grade"": ""important"", ""weight"": 2}, {""gene"": ""MMP2"", ""grade"": ""normal"", ""weight"": 1}, {""gene"": ""MYC"", ""grade"": ""important"", ""weight"": 2}, {""gene"": ""PTGS2"", ""grade"": ""core"", ""weight"": 5}]"
166,栀子__芡实,栀子,芡实,60,11,60,11,21,4.454545454545454,1,67.77272727272727,False,False,"[{""gene"": ""AKT1"", ""grade"": ""important"", ""weight"": 2}, {""gene"": ""BCL2"", ""grade"": ""normal"", ""weight"": 1}, {""gene"": ""CASP3"", ""grade"": ""important"", ""weight"": 2}, {""gene"": ""CASP8"", ""grade"": ""important"", ""weight"": 2}, {""gene"": ""CYP1A2"", ""grade"": ""normal"", ""weight"": 1}, {""gene"": ""CYP3A4"", ""grade"": ""important"", ""weight"": 2}, {""gene"": ""HMOX1"", ""grade"": ""normal"", ""weight"": 1}, {""gene"": ""MMP1"", ""grade"": ""important"", ""weight"": 2}, {""gene"": ""MMP2"", ""grade"": ""normal"", ""weight"": 1}, {""gene"": ""MYC"", ""grade"": ""important"", ""weight"": 2}, {""gene"": ""PTGS2"", ""grade"": ""core"", ""weight"": 5}]"
167,槐花__白扁豆,槐花,白扁豆,60,11,60,11,21,4.454545454545454,1,67.77272727272727,False,False,"[{""gene"": ""AKT1"", ""grade"": ""important"", ""weight"": 2}, {""gene"": ""BCL2"", ""grade"": ""normal"", ""weight"": 1}, {""gene"": ""CASP3"", ""grade"": ""important"", ""weight"": 2}, {""gene"": ""CASP8"", ""grade"": ""important"", ""weight"": 2}, {""gene"": ""CYP1A2"", ""grade"": ""normal"", ""weight"": 1}, {""gene"": ""CYP3A4"", ""grade"": ""important"", ""weight"": 2}, {""gene"": ""HMOX1"", ""grade"": ""normal"", ""weight"": 1}, {""gene"": ""MMP1"", ""grade"": ""important"", ""weight"": 2}, {""gene"": ""MMP2"", ""grade"": ""normal"", ""weight"": 1}, {""gene"": ""MYC"", ""grade"": ""important"", ""weight"": 2}, {""gene"": ""PTGS2"", ""grade"": ""core"", ""weight"": 5}]"
168,槐花__芡实,槐花,芡实,60,11,60,11,21,4.454545454545454,1,67.77272727272727,False,False,"[{""gene"": ""AKT1"", ""grade"": ""important"", ""weight"": 2}, {""gene"": ""BCL2"", ""grade"": ""normal"", ""weight"": 1}, {""gene"": ""CASP3"", ""grade"": ""important"", ""weight"": 2}, {""gene"": ""CASP8"", ""grade"": ""important"", ""weight"": 2}, {""gene"": ""CYP1A2"", ""grade"": ""normal"", ""weight"": 1}, {""gene"": ""CYP3A4"", ""grade"": ""important"", ""weight"": 2}, {""gene"": ""HMOX1"", ""grade"": ""normal"", ""weight"": 1}, {""gene"": ""MMP1"", ""grade"": ""important"", ""weight"": 2}, {""gene"": ""MMP2"", ""grade"": ""normal"", ""weight"": 1}, {""gene"": ""MYC"", ""grade"": ""important"", ""weight"": 2}, {""gene"": ""PTGS2"", ""grade"": ""core"", ""weight"": 5}]"
169,乌梅__莲子,乌梅,莲子,61,20,70,11,27,2.95,3,66.825,False,False,"[{""gene"": ""ABCG2"", ""grade"": ""normal"", ""weight"": 1}, {""gene"": ""AHR"", ""grade"": ""normal"", ""weight"": 1}, {""gene"": ""ALOX5"", ""grade"": ""important"", ""weight"": 2}, {""gene"": ""CASP3"", ""grade"": ""important"", ""weight"": 2}, {""gene"": ""CYP3A4"", ""grade"": ""important"", ""weight"": 2}, {""gene"": ""EGFR"", ""grade"": ""important"", ""weight"": 2}, {""gene"": ""HIF1A"", ""grade"": ""core"", ""weight"": 5}, {""gene"": ""MMP9"", ""grade"": ""core"", ""weight"": 5}, {""gene"": ""MPO"", ""grade"": ""core"", ""weight"": 5}, {""gene"": ""PLAU"", ""grade"": ""normal"", ""weight"": 1}, {""gene"": ""SLC6A4"", ""grade"": ""normal"", ""weight"": 1}]"
170,白扁豆__鱼腥草,白扁豆,鱼腥草,11,59,59,11,21,4.363636363636363,1,66.81818181818181,False,False,"[{""gene"": ""AKT1"", ""grade"": ""important"", ""weight"": 2}, {""gene"": ""BCL2"", ""grade"": ""normal"", ""weight"": 1}, {""gene"": ""CASP3"", ""grade"": ""important"", ""weight"": 2}, {""gene"": ""CASP8"", ""grade"": ""important"", ""weight"": 2}, {""gene"": ""CYP1A2"", ""grade"": ""normal"", ""weight"": 1}, {""gene"": ""CYP3A4"", ""grade"": ""important"", ""weight"": 2}, {""gene"": ""HMOX1"", ""grade"": ""normal"", ""weight"": 1}, {""gene"": ""MMP1"", ""grade"": ""important"", ""weight"": 2}, {""gene"": ""MMP2"", ""grade"": ""normal"", ""weight"": 1}, {""gene"": ""MYC"", ""grade"": ""important"", ""weight"": 2}, {""gene"": ""PTGS2"", ""grade"": ""core"", ""weight"": 5}]"
171,芡实__鱼腥草,芡实,鱼腥草,11,59,59,11,21,4.363636363636363,1,66.81818181818181,False,False,"[{""gene"": ""AKT1"", ""grade"": ""important"", ""weight"": 2}, {""gene"": ""BCL2"", ""grade"": ""normal"", ""weight"": 1}, {""gene"": ""CASP3"", ""grade"": ""important"", ""weight"": 2}, {""gene"": ""CASP8"", ""grade"": ""important"", ""weight"": 2}, {""gene"": ""CYP1A2"", ""grade"": ""normal"", ""weight"": 1}, {""gene"": ""CYP3A4"", ""grade"": ""important"", ""weight"": 2}, {""gene"": ""HMOX1"", ""grade"": ""normal"", ""weight"": 1}, {""gene"": ""MMP1"", ""grade"": ""important"", ""weight"": 2}, {""gene"": ""MMP2"", ""grade"": ""normal"", ""weight"": 1}, {""gene"": ""MYC"", ""grade"": ""important"", ""weight"": 2}, {""gene"": ""PTGS2"", ""grade"": ""core"", ""weight"": 5}]"
172,栀子__莲子,栀子,莲子,60,20,69,11,27,2.9,3,66.15,False,False,"[{""gene"": ""ABCG2"", ""grade"": ""normal"", ""weight"": 1}, {""gene"": ""AHR"", ""grade"": ""normal"", ""weight"": 1}, {""gene"": ""ALOX5"", ""grade"": ""important"", ""weight"": 2}, {""gene"": ""CASP3"", ""grade"": ""important"", ""weight"": 2}, {""gene"": ""CYP3A4"", ""grade"": ""important"", ""weight"": 2}, {""gene"": ""EGFR"", ""grade"": ""important"", ""weight"": 2}, {""gene"": ""HIF1A"", ""grade"": ""core"", ""weight"": 5}, {""gene"": ""MMP9"", ""grade"": ""core"", ""weight"": 5}, {""gene"": ""MPO"", ""grade"": ""core"", ""weight"": 5}, {""gene"": ""PLAU"", ""grade"": ""normal"", ""weight"": 1}, {""gene"": ""SLC6A4"", ""grade"": ""normal"", ""weight"": 1}]"
173,槐花__莲子,槐花,莲子,60,20,69,11,27,2.9,3,66.15,False,False,"[{""gene"": ""ABCG2"", ""grade"": ""normal"", ""weight"": 1}, {""gene"": ""AHR"", ""grade"": ""normal"", ""weight"": 1}, {""gene"": ""ALOX5"", ""grade"": ""important"", ""weight"": 2}, {""gene"": ""CASP3"", ""grade"": ""important"", ""weight"": 2}, {""gene"": ""CYP3A4"", ""grade"": ""important"", ""weight"": 2}, {""gene"": ""EGFR"", ""grade"": ""important"", ""weight"": 2}, {""gene"": ""HIF1A"", ""grade"": ""core"", ""weight"": 5}, {""gene"": ""MMP9"", ""grade"": ""core"", ""weight"": 5}, {""gene"": ""MPO"", ""grade"": ""core"", ""weight"": 5}, {""gene"": ""PLAU"", ""grade"": ""normal"", ""weight"": 1}, {""gene"": ""SLC6A4"", ""grade"": ""normal"", ""weight"": 1}]"
174,党参__陈皮,党参,陈皮,35,18,42,11,35,1.7222222222222223,5,65.13888888888889,False,False,"[{""gene"": ""AKT1"", ""grade"": ""important"", ""weight"": 2}, {""gene"": ""CASP3"", ""grade"": ""important"", ""weight"": 2}, {""gene"": ""GSTP1"", ""grade"": ""normal"", ""weight"": 1}, {""gene"": ""MAPK1"", ""grade"": ""normal"", ""weight"": 1}, {""gene"": ""MMP9"", ""grade"": ""core"", ""weight"": 5}, {""gene"": ""NOS2"", ""grade"": ""core"", ""weight"": 5}, {""gene"": ""PPARG"", ""grade"": ""core"", ""weight"": 5}, {""gene"": ""PTGS1"", ""grade"": ""important"", ""weight"": 2}, {""gene"": ""PTGS2"", ""grade"": ""core"", ""weight"": 5}, {""gene"": ""RELA"", ""grade"": ""important"", ""weight"": 2}, {""gene"": ""TP53"", ""grade"": ""core"", ""weight"": 5}]"
175,党参__茯苓,党参,茯苓,35,2,35,2,7,16.5,1,64.75,False,False,"[{""gene"": ""PTGS1"", ""grade"": ""important"", ""weight"": 2}, {""gene"": ""PTGS2"", ""grade"": ""core"", ""weight"": 5}]"
176,生姜__鱼腥草,生姜,鱼腥草,8,59,60,7,15,6.625,1,64.6875,False,False,"[{""gene"": ""BAX"", ""grade"": ""important"", ""weight"": 2}, {""gene"": ""BCL2"", ""grade"": ""normal"", ""weight"": 1}, {""gene"": ""CASP3"", ""grade"": ""important"", ""weight"": 2}, {""gene"": ""CASP8"", ""grade"": ""important"", ""weight"": 2}, {""gene"": ""PLAU"", ""grade"": ""normal"", ""weight"": 1}, {""gene"": ""PTGS1"", ""grade"": ""important"", ""weight"": 2}, {""gene"": ""PTGS2"", ""grade"": ""core"", ""weight"": 5}]"
177,砂仁__鱼腥草,砂仁,鱼腥草,8,59,60,7,15,6.625,1,64.6875,False,False,"[{""gene"": ""BAX"", ""grade"": ""important"", ""weight"": 2}, {""gene"": ""BCL2"", ""grade"": ""normal"", ""weight"": 1}, {""gene"": ""CASP3"", ""grade"": ""important"", ""weight"": 2}, {""gene"": ""CASP8"", ""grade"": ""important"", ""weight"": 2}, {""gene"": ""PLAU"", ""grade"": ""normal"", ""weight"": 1}, {""gene"": ""PTGS1"", ""grade"": ""important"", ""weight"": 2}, {""gene"": ""PTGS2"", ""grade"": ""core"", ""weight"": 5}]"
178,莲子__鱼腥草,莲子,鱼腥草,20,59,69,10,26,2.95,3,64.35000000000001,False,False,"[{""gene"": ""ABCG2"", ""grade"": ""normal"", ""weight"": 1}, {""gene"": ""AHR"", ""grade"": ""normal"", ""weight"": 1}, {""gene"": ""ALOX5"", ""grade"": ""important"", ""weight"": 2}, {""gene"": ""CASP3"", ""grade"": ""important"", ""weight"": 2}, {""gene"": ""CYP3A4"", ""grade"": ""important"", ""weight"": 2}, {""gene"": ""EGFR"", ""grade"": ""important"", ""weight"": 2}, {""gene"": ""HIF1A"", ""grade"": ""core"", ""weight"": 5}, {""gene"": ""MMP9"", ""grade"": ""core"", ""weight"": 5}, {""gene"": ""MPO"", ""grade"": ""core"", ""weight"": 5}, {""gene"": ""PLAU"", ""grade"": ""normal"", ""weight"": 1}]"
179,党参__葛根,党参,葛根,35,10,38,7,25,3.1,4,63.74999999999999,False,False,"[{""gene"": ""CASP3"", ""grade"": ""important"", ""weight"": 2}, {""gene"": ""IL4"", ""grade"": ""core"", ""weight"": 5}, {""gene"": ""NOS2"", ""grade"": ""core"", ""weight"": 5}, {""gene"": ""PPARG"", ""grade"": ""core"", ""weight"": 5}, {""gene"": ""PTGS1"", ""grade"": ""important"", ""weight"": 2}, {""gene"": ""PTGS2"", ""grade"": ""core"", ""weight"": 5}, {""gene"": ""SLC6A4"", ""grade"": ""normal"", ""weight"": 1}]"
180,蒲公英__陈皮,蒲公英,陈皮,37,18,44,11,31,1.8333333333333333,4,59.416666666666664,False,False,"[{""gene"": ""BAX"", ""grade"": ""important"", ""weight"": 2}, {""gene"": ""BCL2"", ""grade"": ""normal"", ""weight"": 1}, {""gene"": ""CASP3"", ""grade"": ""important"", ""weight"": 2}, {""gene"": ""MAPK1"", ""grade"": ""normal"", ""weight"": 1}, {""gene"": ""MAPK3"", ""grade"": ""normal"", ""weight"": 1}, {""gene"": ""NOS2"", ""grade"": ""core"", ""weight"": 5}, {""gene"": ""PPARG"", ""grade"": ""core"", ""weight"": 5}, {""gene"": ""PTGS1"", ""grade"": ""important"", ""weight"": 2}, {""gene"": ""PTGS2"", ""grade"": ""core"", ""weight"": 5}, {""gene"": ""RELA"", ""grade"": ""important"", ""weight"": 2}, {""gene"": ""TP53"", ""grade"": ""core"", ""weight"": 5}]"
181,肉豆蔻__蒲公英,肉豆蔻,蒲公英,8,37,37,8,20,3.625,2,56.25,False,False,"[{""gene"": ""BAX"", ""grade"": ""important"", ""weight"": 2}, {""gene"": ""BCL2"", ""grade"": ""normal"", ""weight"": 1}, {""gene"": ""CASP3"", ""grade"": ""important"", ""weight"": 2}, {""gene"": ""CASP8"", ""grade"": ""important"", ""weight"": 2}, {""gene"": ""NOS2"", ""grade"": ""core"", ""weight"": 5}, {""gene"": ""PTGS1"", ""grade"": ""important"", ""weight"": 2}, {""gene"": ""PTGS2"", ""grade"": ""core"", ""weight"": 5}, {""gene"": ""SLC6A4"", ""grade"": ""normal"", ""weight"": 1}]"
182,陈皮__黄芩,陈皮,黄芩,18,27,35,10,31,1.3888888888888888,4,52.52777777777778,False,False,"[{""gene"": ""AKT1"", ""grade"": ""important"", ""weight"": 2}, {""gene"": ""BAX"", ""grade"": ""important"", ""weight"": 2}, {""gene"": ""BCL2"", ""grade"": ""normal"", ""weight"": 1}, {""gene"": ""CASP3"", ""grade"": ""important"", ""weight"": 2}, {""gene"": ""MMP9"", ""grade"": ""core"", ""weight"": 5}, {""gene"": ""NOS2"", ""grade"": ""core"", ""weight"": 5}, {""gene"": ""PTGS1"", ""grade"": ""important"", ""weight"": 2}, {""gene"": ""PTGS2"", ""grade"": ""core"", ""weight"": 5}, {""gene"": ""RELA"", ""grade"": ""important"", ""weight"": 2}, {""gene"": ""TP53"", ""grade"": ""core"", ""weight"": 5}]"
183,党参__山药,党参,山药,35,15,40,10,26,2.0,3,52.0,False,False,"[{""gene"": ""AKT1"", ""grade"": ""important"", ""weight"": 2}, {""gene"": ""CDKN1A"", ""grade"": ""important"", ""weight"": 2}, {""gene"": ""NOS2"", ""grade"": ""core"", ""weight"": 5}, {""gene"": ""NR3C1"", ""grade"": ""normal"", ""weight"": 1}, {""gene"": ""PLAU"", ""grade"": ""normal"", ""weight"": 1}, {""gene"": ""PTGS1"", ""grade"": ""important"", ""weight"": 2}, {""gene"": ""PTGS2"", ""grade"": ""core"", ""weight"": 5}, {""gene"": ""RELA"", ""grade"": ""important"", ""weight"": 2}, {""gene"": ""SLC6A4"", ""grade"": ""normal"", ""weight"": 1}, {""gene"": ""TP53"", ""grade"": ""core"", ""weight"": 5}]"
184,山药__黄芩,山药,黄芩,15,27,32,10,30,1.4666666666666666,4,52.0,False,False,"[{""gene"": ""AKT1"", ""grade"": ""important"", ""weight"": 2}, {""gene"": ""CDKN1A"", ""grade"": ""important"", ""weight"": 2}, {""gene"": ""HIF1A"", ""grade"": ""core"", ""weight"": 5}, {""gene"": ""NOS2"", ""grade"": ""core"", ""weight"": 5}, {""gene"": ""PLAU"", ""grade"": ""normal"", ""weight"": 1}, {""gene"": ""PTGS1"", ""grade"": ""important"", ""weight"": 2}, {""gene"": ""PTGS2"", ""grade"": ""core"", ""weight"": 5}, {""gene"": ""RELA"", ""grade"": ""important"", ""weight"": 2}, {""gene"": ""SLC6A4"", ""grade"": ""normal"", ""weight"": 1}, {""gene"": ""TP53"", ""grade"": ""core"", ""weight"": 5}]"
185,茯苓__黄芩,茯苓,黄芩,2,27,27,2,7,12.5,1,50.75,False,False,"[{""gene"": ""PTGS1"", ""grade"": ""important"", ""weight"": 2}, {""gene"": ""PTGS2"", ""grade"": ""core"", ""weight"": 5}]"
186,党参__姜黄,党参,姜黄,35,3,35,3,8,10.666666666666666,1,50.666666666666664,False,False,"[{""gene"": ""PLAU"", ""grade"": ""normal"", ""weight"": 1}, {""gene"": ""PTGS1"", ""grade"": ""important"", ""weight"": 2}, {""gene"": ""PTGS2"", ""grade"": ""core"", ""weight"": 5}]"
187,党参__薏苡仁,党参,薏苡仁,35,3,35,3,8,10.666666666666666,1,50.666666666666664,False,False,"[{""gene"": ""PLAU"", ""grade"": ""normal"", ""weight"": 1}, {""gene"": ""PTGS1"", ""grade"": ""important"", ""weight"": 2}, {""gene"": ""PTGS2"", ""grade"": ""core"", ""weight"": 5}]"
188,姜黄__蒲公英,姜黄,蒲公英,3,37,38,2,7,12.0,1,49.0,False,False,"[{""gene"": ""PTGS1"", ""grade"": ""important"", ""weight"": 2}, {""gene"": ""PTGS2"", ""grade"": ""core"", ""weight"": 5}]"
189,蒲公英__薏苡仁,蒲公英,薏苡仁,37,3,38,2,7,12.0,1,49.0,False,False,"[{""gene"": ""PTGS1"", ""grade"": ""important"", ""weight"": 2}, {""gene"": ""PTGS2"", ""grade"": ""core"", ""weight"": 5}]"
190,山药__蒲公英,山药,蒲公英,15,37,45,7,21,2.533333333333333,3,47.6,False,False,"[{""gene"": ""NOS2"", ""grade"": ""core"", ""weight"": 5}, {""gene"": ""NR3C1"", ""grade"": ""normal"", ""weight"": 1}, {""gene"": ""PTGS1"", ""grade"": ""important"", ""weight"": 2}, {""gene"": ""PTGS2"", ""grade"": ""core"", ""weight"": 5}, {""gene"": ""RELA"", ""grade"": ""important"", ""weight"": 2}, {""gene"": ""SLC6A4"", ""grade"": ""normal"", ""weight"": 1}, {""gene"": ""TP53"", ""grade"": ""core"", ""weight"": 5}]"
191,党参__肉豆蔻,党参,肉豆蔻,35,8,38,5,15,4.125,2,45.9375,False,False,"[{""gene"": ""CASP3"", ""grade"": ""important"", ""weight"": 2}, {""gene"": ""NOS2"", ""grade"": ""core"", ""weight"": 5}, {""gene"": ""PTGS1"", ""grade"": ""important"", ""weight"": 2}, {""gene"": ""PTGS2"", ""grade"": ""core"", ""weight"": 5}, {""gene"": ""SLC6A4"", ""grade"": ""normal"", ""weight"": 1}]"
192,生姜__蒲公英,生姜,蒲公英,8,37,38,7,15,3.875,1,44.0625,False,False,"[{""gene"": ""BAX"", ""grade"": ""important"", ""weight"": 2}, {""gene"": ""BCL2"", ""grade"": ""normal"", ""weight"": 1}, {""gene"": ""CASP3"", ""grade"": ""important"", ""weight"": 2}, {""gene"": ""CASP8"", ""grade"": ""important"", ""weight"": 2}, {""gene"": ""PTGS1"", ""grade"": ""important"", ""weight"": 2}, {""gene"": ""PTGS2"", ""grade"": ""core"", ""weight"": 5}, {""gene"": ""SLC6A4"", ""grade"": ""normal"", ""weight"": 1}]"
193,砂仁__蒲公英,砂仁,蒲公英,8,37,38,7,15,3.875,1,44.0625,False,False,"[{""gene"": ""BAX"", ""grade"": ""important"", ""weight"": 2}, {""gene"": ""BCL2"", ""grade"": ""normal"", ""weight"": 1}, {""gene"": ""CASP3"", ""grade"": ""important"", ""weight"": 2}, {""gene"": ""CASP8"", ""grade"": ""important"", ""weight"": 2}, {""gene"": ""PTGS1"", ""grade"": ""important"", ""weight"": 2}, {""gene"": ""PTGS2"", ""grade"": ""core"", ""weight"": 5}, {""gene"": ""SLC6A4"", ""grade"": ""normal"", ""weight"": 1}]"
194,肉豆蔻__黄芩,肉豆蔻,黄芩,8,27,27,8,20,2.375,2,43.75,False,False,"[{""gene"": ""BAX"", ""grade"": ""important"", ""weight"": 2}, {""gene"": ""BCL2"", ""grade"": ""normal"", ""weight"": 1}, {""gene"": ""CASP3"", ""grade"": ""important"", ""weight"": 2}, {""gene"": ""CASP8"", ""grade"": ""important"", ""weight"": 2}, {""gene"": ""NOS2"", ""grade"": ""core"", ""weight"": 5}, {""gene"": ""PTGS1"", ""grade"": ""important"", ""weight"": 2}, {""gene"": ""PTGS2"", ""grade"": ""core"", ""weight"": 5}, {""gene"": ""SLC6A4"", ""grade"": ""normal"", ""weight"": 1}]"
195,葛根__黄芩,葛根,黄芩,10,27,29,8,20,2.1,2,41.0,False,False,"[{""gene"": ""BAX"", ""grade"": ""important"", ""weight"": 2}, {""gene"": ""BCL2"", ""grade"": ""normal"", ""weight"": 1}, {""gene"": ""CASP3"", ""grade"": ""important"", ""weight"": 2}, {""gene"": ""CASP8"", ""grade"": ""important"", ""weight"": 2}, {""gene"": ""NOS2"", ""grade"": ""core"", ""weight"": 5}, {""gene"": ""PTGS1"", ""grade"": ""important"", ""weight"": 2}, {""gene"": ""PTGS2"", ""grade"": ""core"", ""weight"": 5}, {""gene"": ""SLC6A4"", ""grade"": ""normal"", ""weight"": 1}]"
196,姜黄__黄芩,姜黄,黄芩,3,27,27,3,8,8.0,1,40.0,False,False,"[{""gene"": ""PLAU"", ""grade"": ""normal"", ""weight"": 1}, {""gene"": ""PTGS1"", ""grade"": ""important"", ""weight"": 2}, {""gene"": ""PTGS2"", ""grade"": ""core"", ""weight"": 5}]"
197,薏苡仁__黄芩,薏苡仁,黄芩,3,27,27,3,8,8.0,1,40.0,False,False,"[{""gene"": ""PLAU"", ""grade"": ""normal"", ""weight"": 1}, {""gene"": ""PTGS1"", ""grade"": ""important"", ""weight"": 2}, {""gene"": ""PTGS2"", ""grade"": ""core"", ""weight"": 5}]"
198,葛根__陈皮,葛根,陈皮,10,18,21,7,22,1.4,3,37.4,False,False,"[{""gene"": ""BAX"", ""grade"": ""important"", ""weight"": 2}, {""gene"": ""BCL2"", ""grade"": ""normal"", ""weight"": 1}, {""gene"": ""CASP3"", ""grade"": ""important"", ""weight"": 2}, {""gene"": ""NOS2"", ""grade"": ""core"", ""weight"": 5}, {""gene"": ""PPARG"", ""grade"": ""core"", ""weight"": 5}, {""gene"": ""PTGS1"", ""grade"": ""important"", ""weight"": 2}, {""gene"": ""PTGS2"", ""grade"": ""core"", ""weight"": 5}]"
199,莲子__黄芩,莲子,黄芩,20,27,39,8,21,1.55,3,37.275,False,False,"[{""gene"": ""AHR"", ""grade"": ""normal"", ""weight"": 1}, {""gene"": ""CASP3"", ""grade"": ""important"", ""weight"": 2}, {""gene"": ""HIF1A"", ""grade"": ""core"", ""weight"": 5}, {""gene"": ""KDR"", ""grade"": ""normal"", ""weight"": 1}, {""gene"": ""MMP9"", ""grade"": ""core"", ""weight"": 5}, {""gene"": ""MPO"", ""grade"": ""core"", ""weight"": 5}, {""gene"": ""PLAU"", ""grade"": ""normal"", ""weight"": 1}, {""gene"": ""SLC6A4"", ""grade"": ""normal"", ""weight"": 1}]"
200,白扁豆__蒲公英,白扁豆,蒲公英,11,37,42,6,14,3.272727272727273,1,36.909090909090914,False,False,"[{""gene"": ""BCL2"", ""grade"": ""normal"", ""weight"": 1}, {""gene"": ""CASP3"", ""grade"": ""important"", ""weight"": 2}, {""gene"": ""CASP8"", ""grade"": ""important"", ""weight"": 2}, {""gene"": ""MMP1"", ""grade"": ""important"", ""weight"": 2}, {""gene"": ""MYC"", ""grade"": ""important"", ""weight"": 2}, {""gene"": ""PTGS2"", ""grade"": ""core"", ""weight"": 5}]"
201,芡实__蒲公英,芡实,蒲公英,11,37,42,6,14,3.272727272727273,1,36.909090909090914,False,False,"[{""gene"": ""BCL2"", ""grade"": ""normal"", ""weight"": 1}, {""gene"": ""CASP3"", ""grade"": ""important"", ""weight"": 2}, {""gene"": ""CASP8"", ""grade"": ""important"", ""weight"": 2}, {""gene"": ""MMP1"", ""grade"": ""important"", ""weight"": 2}, {""gene"": ""MYC"", ""grade"": ""important"", ""weight"": 2}, {""gene"": ""PTGS2"", ""grade"": ""core"", ""weight"": 5}]"
202,山药__陈皮,山药,陈皮,15,18,26,7,22,1.2666666666666666,3,35.93333333333333,False,False,"[{""gene"": ""AKT1"", ""grade"": ""important"", ""weight"": 2}, {""gene"": ""CAT"", ""grade"": ""normal"", ""weight"": 1}, {""gene"": ""NOS2"", ""grade"": ""core"", ""weight"": 5}, {""gene"": ""PTGS1"", ""grade"": ""important"", ""weight"": 2}, {""gene"": ""PTGS2"", ""grade"": ""core"", ""weight"": 5}, {""gene"": ""RELA"", ""grade"": ""important"", ""weight"": 2}, {""gene"": ""TP53"", ""grade"": ""core"", ""weight"": 5}]"
203,生姜__黄芩,生姜,黄芩,8,27,27,8,16,2.375,1,35.0,False,False,"[{""gene"": ""BAX"", ""grade"": ""important"", ""weight"": 2}, {""gene"": ""BCL2"", ""grade"": ""normal"", ""weight"": 1}, {""gene"": ""CASP3"", ""grade"": ""important"", ""weight"": 2}, {""gene"": ""CASP8"", ""grade"": ""important"", ""weight"": 2}, {""gene"": ""PLAU"", ""grade"": ""normal"", ""weight"": 1}, {""gene"": ""PTGS1"", ""grade"": ""important"", ""weight"": 2}, {""gene"": ""PTGS2"", ""grade"": ""core"", ""weight"": 5}, {""gene"": ""SLC6A4"", ""grade"": ""normal"", ""weight"": 1}]"
204,砂仁__黄芩,砂仁,黄芩,8,27,27,8,16,2.375,1,35.0,False,False,"[{""gene"": ""BAX"", ""grade"": ""important"", ""weight"": 2}, {""gene"": ""BCL2"", ""grade"": ""normal"", ""weight"": 1}, {""gene"": ""CASP3"", ""grade"": ""important"", ""weight"": 2}, {""gene"": ""CASP8"", ""grade"": ""important"", ""weight"": 2}, {""gene"": ""PLAU"", ""grade"": ""normal"", ""weight"": 1}, {""gene"": ""PTGS1"", ""grade"": ""important"", ""weight"": 2}, {""gene"": ""PTGS2"", ""grade"": ""core"", ""weight"": 5}, {""gene"": ""SLC6A4"", ""grade"": ""normal"", ""weight"": 1}]"
205,茯苓__陈皮,茯苓,陈皮,2,18,18,2,7,8.0,1,35.0,False,False,"[{""gene"": ""PTGS1"", ""grade"": ""important"", ""weight"": 2}, {""gene"": ""PTGS2"", ""grade"": ""core"", ""weight"": 5}]"
206,党参__生姜,党参,生姜,35,8,38,5,11,4.125,1,33.6875,False,False,"[{""gene"": ""CASP3"", ""grade"": ""important"", ""weight"": 2}, {""gene"": ""PLAU"", ""grade"": ""normal"", ""weight"": 1}, {""gene"": ""PTGS1"", ""grade"": ""important"", ""weight"": 2}, {""gene"": ""PTGS2"", ""grade"": ""core"", ""weight"": 5}, {""gene"": ""SLC6A4"", ""grade"": ""normal"", ""weight"": 1}]"
207,党参__砂仁,党参,砂仁,35,8,38,5,11,4.125,1,33.6875,False,False,"[{""gene"": ""CASP3"", ""grade"": ""important"", ""weight"": 2}, {""gene"": ""PLAU"", ""grade"": ""normal"", ""weight"": 1}, {""gene"": ""PTGS1"", ""grade"": ""important"", ""weight"": 2}, {""gene"": ""PTGS2"", ""grade"": ""core"", ""weight"": 5}, {""gene"": ""SLC6A4"", ""grade"": ""normal"", ""weight"": 1}]"
208,党参__白扁豆,党参,白扁豆,35,11,40,6,13,3.090909090909091,1,33.09090909090909,False,False,"[{""gene"": ""AKT1"", ""grade"": ""important"", ""weight"": 2}, {""gene"": ""CASP3"", ""grade"": ""important"", ""weight"": 2}, {""gene"": ""HMOX1"", ""grade"": ""normal"", ""weight"": 1}, {""gene"": ""MMP1"", ""grade"": ""important"", ""weight"": 2}, {""gene"": ""MMP2"", ""grade"": ""normal"", ""weight"": 1}, {""gene"": ""PTGS2"", ""grade"": ""core"", ""weight"": 5}]"
209,党参__芡实,党参,芡实,35,11,40,6,13,3.090909090909091,1,33.09090909090909,False,False,"[{""gene"": ""AKT1"", ""grade"": ""important"", ""weight"": 2}, {""gene"": ""CASP3"", ""grade"": ""important"", ""weight"": 2}, {""gene"": ""HMOX1"", ""grade"": ""normal"", ""weight"": 1}, {""gene"": ""MMP1"", ""grade"": ""important"", ""weight"": 2}, {""gene"": ""MMP2"", ""grade"": ""normal"", ""weight"": 1}, {""gene"": ""PTGS2"", ""grade"": ""core"", ""weight"": 5}]"
210,肉豆蔻__陈皮,肉豆蔻,陈皮,8,18,20,6,17,1.75,2,31.875,False,False,"[{""gene"": ""BAX"", ""grade"": ""important"", ""weight"": 2}, {""gene"": ""BCL2"", ""grade"": ""normal"", ""weight"": 1}, {""gene"": ""CASP3"", ""grade"": ""important"", ""weight"": 2}, {""gene"": ""NOS2"", ""grade"": ""core"", ""weight"": 5}, {""gene"": ""PTGS1"", ""grade"": ""important"", ""weight"": 2}, {""gene"": ""PTGS2"", ""grade"": ""core"", ""weight"": 5}]"
211,白扁豆__黄芩,白扁豆,黄芩,11,27,31,7,15,2.1818181818181817,1,31.363636363636363,False,False,"[{""gene"": ""AKT1"", ""grade"": ""important"", ""weight"": 2}, {""gene"": ""BCL2"", ""grade"": ""normal"", ""weight"": 1}, {""gene"": ""CASP3"", ""grade"": ""important"", ""weight"": 2}, {""gene"": ""CASP8"", ""grade"": ""important"", ""weight"": 2}, {""gene"": ""CYP1A2"", ""grade"": ""normal"", ""weight"": 1}, {""gene"": ""MMP1"", ""grade"": ""important"", ""weight"": 2}, {""gene"": ""PTGS2"", ""grade"": ""core"", ""weight"": 5}]"
212,芡实__黄芩,芡实,黄芩,11,27,31,7,15,2.1818181818181817,1,31.363636363636363,False,False,"[{""gene"": ""AKT1"", ""grade"": ""important"", ""weight"": 2}, {""gene"": ""BCL2"", ""grade"": ""normal"", ""weight"": 1}, {""gene"": ""CASP3"", ""grade"": ""important"", ""weight"": 2}, {""gene"": ""CASP8"", ""grade"": ""important"", ""weight"": 2}, {""gene"": ""CYP1A2"", ""grade"": ""normal"", ""weight"": 1}, {""gene"": ""MMP1"", ""grade"": ""important"", ""weight"": 2}, {""gene"": ""PTGS2"", ""grade"": ""core"", ""weight"": 5}]"
213,山药__茯苓,山药,茯苓,15,2,15,2,7,6.5,1,29.75,False,False,"[{""gene"": ""PTGS1"", ""grade"": ""important"", ""weight"": 2}, {""gene"": ""PTGS2"", ""grade"": ""core"", ""weight"": 5}]"
214,姜黄__陈皮,姜黄,陈皮,3,18,19,2,7,5.666666666666667,1,26.833333333333336,False,False,"[{""gene"": ""PTGS1"", ""grade"": ""important"", ""weight"": 2}, {""gene"": ""PTGS2"", ""grade"": ""core"", ""weight"": 5}]"
215,薏苡仁__陈皮,薏苡仁,陈皮,3,18,19,2,7,5.666666666666667,1,26.833333333333336,False,False,"[{""gene"": ""PTGS1"", ""grade"": ""important"", ""weight"": 2}, {""gene"": ""PTGS2"", ""grade"": ""core"", ""weight"": 5}]"
216,山药__肉豆蔻,山药,肉豆蔻,15,8,19,4,13,1.875,2,25.1875,False,False,"[{""gene"": ""NOS2"", ""grade"": ""core"", ""weight"": 5}, {""gene"": ""PTGS1"", ""grade"": ""important"", ""weight"": 2}, {""gene"": ""PTGS2"", ""grade"": ""core"", ""weight"": 5}, {""gene"": ""SLC6A4"", ""grade"": ""normal"", ""weight"": 1}]"
217,党参__莲子,党参,莲子,35,20,49,6,12,2.15,1,24.900000000000002,False,False,"[{""gene"": ""CASP3"", ""grade"": ""important"", ""weight"": 2}, {""gene"": ""EGFR"", ""grade"": ""important"", ""weight"": 2}, {""gene"": ""MET"", ""grade"": ""normal"", ""weight"": 1}, {""gene"": ""MMP9"", ""grade"": ""core"", ""weight"": 5}, {""gene"": ""PLAU"", ""grade"": ""normal"", ""weight"": 1}, {""gene"": ""SLC6A4"", ""grade"": ""normal"", ""weight"": 1}]"
218,山药__葛根,山药,葛根,15,10,21,4,13,1.7,2,24.05,False,False,"[{""gene"": ""NOS2"", ""grade"": ""core"", ""weight"": 5}, {""gene"": ""PTGS1"", ""grade"": ""important"", ""weight"": 2}, {""gene"": ""PTGS2"", ""grade"": ""core"", ""weight"": 5}, {""gene"": ""SLC6A4"", ""grade"": ""normal"", ""weight"": 1}]"
219,姜黄__山药,姜黄,山药,3,15,15,3,8,4.0,1,24.0,False,False,"[{""gene"": ""PLAU"", ""grade"": ""normal"", ""weight"": 1}, {""gene"": ""PTGS1"", ""grade"": ""important"", ""weight"": 2}, {""gene"": ""PTGS2"", ""grade"": ""core"", ""weight"": 5}]"
220,山药__薏苡仁,山药,薏苡仁,15,3,15,3,8,4.0,1,24.0,False,False,"[{""gene"": ""PLAU"", ""grade"": ""normal"", ""weight"": 1}, {""gene"": ""PTGS1"", ""grade"": ""important"", ""weight"": 2}, {""gene"": ""PTGS2"", ""grade"": ""core"", ""weight"": 5}]"
221,生姜__陈皮,生姜,陈皮,8,18,21,5,12,2.0,1,24.0,False,False,"[{""gene"": ""BAX"", ""grade"": ""important"", ""weight"": 2}, {""gene"": ""BCL2"", ""grade"": ""normal"", ""weight"": 1}, {""gene"": ""CASP3"", ""grade"": ""important"", ""weight"": 2}, {""gene"": ""PTGS1"", ""grade"": ""important"", ""weight"": 2}, {""gene"": ""PTGS2"", ""grade"": ""core"", ""weight"": 5}]"
222,砂仁__陈皮,砂仁,陈皮,8,18,21,5,12,2.0,1,24.0,False,False,"[{""gene"": ""BAX"", ""grade"": ""important"", ""weight"": 2}, {""gene"": ""BCL2"", ""grade"": ""normal"", ""weight"": 1}, {""gene"": ""CASP3"", ""grade"": ""important"", ""weight"": 2}, {""gene"": ""PTGS1"", ""grade"": ""important"", ""weight"": 2}, {""gene"": ""PTGS2"", ""grade"": ""core"", ""weight"": 5}]"
223,肉豆蔻__葛根,肉豆蔻,葛根,8,10,10,8,20,0.25,2,22.5,False,False,"[{""gene"": ""BAX"", ""grade"": ""important"", ""weight"": 2}, {""gene"": ""BCL2"", ""grade"": ""normal"", ""weight"": 1}, {""gene"": ""CASP3"", ""grade"": ""important"", ""weight"": 2}, {""gene"": ""CASP8"", ""grade"": ""important"", ""weight"": 2}, {""gene"": ""NOS2"", ""grade"": ""core"", ""weight"": 5}, {""gene"": ""PTGS1"", ""grade"": ""important"", ""weight"": 2}, {""gene"": ""PTGS2"", ""grade"": ""core"", ""weight"": 5}, {""gene"": ""SLC6A4"", ""grade"": ""normal"", ""weight"": 1}]"
224,白扁豆__芡实,白扁豆,芡实,11,11,11,11,21,0.0,1,21.0,False,False,"[{""gene"": ""AKT1"", ""grade"": ""important"", ""weight"": 2}, {""gene"": ""BCL2"", ""grade"": ""normal"", ""weight"": 1}, {""gene"": ""CASP3"", ""grade"": ""important"", ""weight"": 2}, {""gene"": ""CASP8"", ""grade"": ""important"", ""weight"": 2}, {""gene"": ""CYP1A2"", ""grade"": ""normal"", ""weight"": 1}, {""gene"": ""CYP3A4"", ""grade"": ""important"", ""weight"": 2}, {""gene"": ""HMOX1"", ""grade"": ""normal"", ""weight"": 1}, {""gene"": ""MMP1"", ""grade"": ""important"", ""weight"": 2}, {""gene"": ""MMP2"", ""grade"": ""normal"", ""weight"": 1}, {""gene"": ""MYC"", ""grade"": ""important"", ""weight"": 2}, {""gene"": ""PTGS2"", ""grade"": ""core"", ""weight"": 5}]"
225,茯苓__葛根,茯苓,葛根,2,10,10,2,7,4.0,1,21.0,False,False,"[{""gene"": ""PTGS1"", ""grade"": ""important"", ""weight"": 2}, {""gene"": ""PTGS2"", ""grade"": ""core"", ""weight"": 5}]"
226,白扁豆__陈皮,白扁豆,陈皮,11,18,25,4,10,1.9090909090909092,1,19.545454545454547,False,False,"[{""gene"": ""AKT1"", ""grade"": ""important"", ""weight"": 2}, {""gene"": ""BCL2"", ""grade"": ""normal"", ""weight"": 1}, {""gene"": ""CASP3"", ""grade"": ""important"", ""weight"": 2}, {""gene"": ""PTGS2"", ""grade"": ""core"", ""weight"": 5}]"
227,芡实__陈皮,芡实,陈皮,11,18,25,4,10,1.9090909090909092,1,19.545454545454547,False,False,"[{""gene"": ""AKT1"", ""grade"": ""important"", ""weight"": 2}, {""gene"": ""BCL2"", ""grade"": ""normal"", ""weight"": 1}, {""gene"": ""CASP3"", ""grade"": ""important"", ""weight"": 2}, {""gene"": ""PTGS2"", ""grade"": ""core"", ""weight"": 5}]"
228,生姜__葛根,生姜,葛根,8,10,11,7,15,0.5,1,18.75,False,False,"[{""gene"": ""BAX"", ""grade"": ""important"", ""weight"": 2}, {""gene"": ""BCL2"", ""grade"": ""normal"", ""weight"": 1}, {""gene"": ""CASP3"", ""grade"": ""important"", ""weight"": 2}, {""gene"": ""CASP8"", ""grade"": ""important"", ""weight"": 2}, {""gene"": ""PTGS1"", ""grade"": ""important"", ""weight"": 2}, {""gene"": ""PTGS2"", ""grade"": ""core"", ""weight"": 5}, {""gene"": ""SLC6A4"", ""grade"": ""normal"", ""weight"": 1}]"
229,白扁豆__茯苓,白扁豆,茯苓,11,2,12,1,5,5.5,1,18.75,False,False,"[{""gene"": ""PTGS2"", ""grade"": ""core"", ""weight"": 5}]"
230,砂仁__葛根,砂仁,葛根,8,10,11,7,15,0.5,1,18.75,False,False,"[{""gene"": ""BAX"", ""grade"": ""important"", ""weight"": 2}, {""gene"": ""BCL2"", ""grade"": ""normal"", ""weight"": 1}, {""gene"": ""CASP3"", ""grade"": ""important"", ""weight"": 2}, {""gene"": ""CASP8"", ""grade"": ""important"", ""weight"": 2}, {""gene"": ""PTGS1"", ""grade"": ""important"", ""weight"": 2}, {""gene"": ""PTGS2"", ""grade"": ""core"", ""weight"": 5}, {""gene"": ""SLC6A4"", ""grade"": ""normal"", ""weight"": 1}]"
231,芡实__茯苓,芡实,茯苓,11,2,12,1,5,5.5,1,18.75,False,False,"[{""gene"": ""PTGS2"", ""grade"": ""core"", ""weight"": 5}]"
232,姜黄__葛根,姜黄,葛根,3,10,11,2,7,3.0,1,17.5,False,False,"[{""gene"": ""PTGS1"", ""grade"": ""important"", ""weight"": 2}, {""gene"": ""PTGS2"", ""grade"": ""core"", ""weight"": 5}]"
233,生姜__茯苓,生姜,茯苓,8,2,8,2,7,3.0,1,17.5,False,False,"[{""gene"": ""PTGS1"", ""grade"": ""important"", ""weight"": 2}, {""gene"": ""PTGS2"", ""grade"": ""core"", ""weight"": 5}]"
234,砂仁__茯苓,砂仁,茯苓,8,2,8,2,7,3.0,1,17.5,False,False,"[{""gene"": ""PTGS1"", ""grade"": ""important"", ""weight"": 2}, {""gene"": ""PTGS2"", ""grade"": ""core"", ""weight"": 5}]"
235,肉豆蔻__茯苓,肉豆蔻,茯苓,8,2,8,2,7,3.0,1,17.5,False,False,"[{""gene"": ""PTGS1"", ""grade"": ""important"", ""weight"": 2}, {""gene"": ""PTGS2"", ""grade"": ""core"", ""weight"": 5}]"
236,葛根__薏苡仁,葛根,薏苡仁,10,3,11,2,7,3.0,1,17.5,False,False,"[{""gene"": ""PTGS1"", ""grade"": ""important"", ""weight"": 2}, {""gene"": ""PTGS2"", ""grade"": ""core"", ""weight"": 5}]"
237,山药__生姜,山药,生姜,15,8,19,4,9,1.875,1,17.4375,False,False,"[{""gene"": ""PLAU"", ""grade"": ""normal"", ""weight"": 1}, {""gene"": ""PTGS1"", ""grade"": ""important"", ""weight"": 2}, {""gene"": ""PTGS2"", ""grade"": ""core"", ""weight"": 5}, {""gene"": ""SLC6A4"", ""grade"": ""normal"", ""weight"": 1}]"
238,山药__砂仁,山药,砂仁,15,8,19,4,9,1.875,1,17.4375,False,False,"[{""gene"": ""PLAU"", ""grade"": ""normal"", ""weight"": 1}, {""gene"": ""PTGS1"", ""grade"": ""important"", ""weight"": 2}, {""gene"": ""PTGS2"", ""grade"": ""core"", ""weight"": 5}, {""gene"": ""SLC6A4"", ""grade"": ""normal"", ""weight"": 1}]"
239,生姜__白扁豆,生姜,白扁豆,8,11,15,4,10,1.375,1,16.875,False,False,"[{""gene"": ""BCL2"", ""grade"": ""normal"", ""weight"": 1}, {""gene"": ""CASP3"", ""grade"": ""important"", ""weight"": 2}, {""gene"": ""CASP8"", ""grade"": ""important"", ""weight"": 2}, {""gene"": ""PTGS2"", ""grade"": ""core"", ""weight"": 5}]"
240,生姜__肉豆蔻,生姜,肉豆蔻,8,8,9,7,15,0.25,1,16.875,False,False,"[{""gene"": ""BAX"", ""grade"": ""important"", ""weight"": 2}, {""gene"": ""BCL2"", ""grade"": ""normal"", ""weight"": 1}, {""gene"": ""CASP3"", ""grade"": ""important"", ""weight"": 2}, {""gene"": ""CASP8"", ""grade"": ""important"", ""weight"": 2}, {""gene"": ""PTGS1"", ""grade"": ""important"", ""weight"": 2}, {""gene"": ""PTGS2"", ""grade"": ""core"", ""weight"": 5}, {""gene"": ""SLC6A4"", ""grade"": ""normal"", ""weight"": 1}]"
241,生姜__芡实,生姜,芡实,8,11,15,4,10,1.375,1,16.875,False,False,"[{""gene"": ""BCL2"", ""grade"": ""normal"", ""weight"": 1}, {""gene"": ""CASP3"", ""grade"": ""important"", ""weight"": 2}, {""gene"": ""CASP8"", ""grade"": ""important"", ""weight"": 2}, {""gene"": ""PTGS2"", ""grade"": ""core"", ""weight"": 5}]"
242,白扁豆__砂仁,白扁豆,砂仁,11,8,15,4,10,1.375,1,16.875,False,False,"[{""gene"": ""BCL2"", ""grade"": ""normal"", ""weight"": 1}, {""gene"": ""CASP3"", ""grade"": ""important"", ""weight"": 2}, {""gene"": ""CASP8"", ""grade"": ""important"", ""weight"": 2}, {""gene"": ""PTGS2"", ""grade"": ""core"", ""weight"": 5}]"
243,白扁豆__肉豆蔻,白扁豆,肉豆蔻,11,8,15,4,10,1.375,1,16.875,False,False,"[{""gene"": ""BCL2"", ""grade"": ""normal"", ""weight"": 1}, {""gene"": ""CASP3"", ""grade"": ""important"", ""weight"": 2}, {""gene"": ""CASP8"", ""grade"": ""important"", ""weight"": 2}, {""gene"": ""PTGS2"", ""grade"": ""core"", ""weight"": 5}]"
244,砂仁__肉豆蔻,砂仁,肉豆蔻,8,8,9,7,15,0.25,1,16.875,False,False,"[{""gene"": ""BAX"", ""grade"": ""important"", ""weight"": 2}, {""gene"": ""BCL2"", ""grade"": ""normal"", ""weight"": 1}, {""gene"": ""CASP3"", ""grade"": ""important"", ""weight"": 2}, {""gene"": ""CASP8"", ""grade"": ""important"", ""weight"": 2}, {""gene"": ""PTGS1"", ""grade"": ""important"", ""weight"": 2}, {""gene"": ""PTGS2"", ""grade"": ""core"", ""weight"": 5}, {""gene"": ""SLC6A4"", ""grade"": ""normal"", ""weight"": 1}]"
245,砂仁__芡实,砂仁,芡实,8,11,15,4,10,1.375,1,16.875,False,False,"[{""gene"": ""BCL2"", ""grade"": ""normal"", ""weight"": 1}, {""gene"": ""CASP3"", ""grade"": ""important"", ""weight"": 2}, {""gene"": ""CASP8"", ""grade"": ""important"", ""weight"": 2}, {""gene"": ""PTGS2"", ""grade"": ""core"", ""weight"": 5}]"
246,肉豆蔻__芡实,肉豆蔻,芡实,8,11,15,4,10,1.375,1,16.875,False,False,"[{""gene"": ""BCL2"", ""grade"": ""normal"", ""weight"": 1}, {""gene"": ""CASP3"", ""grade"": ""important"", ""weight"": 2}, {""gene"": ""CASP8"", ""grade"": ""important"", ""weight"": 2}, {""gene"": ""PTGS2"", ""grade"": ""core"", ""weight"": 5}]"
247,白扁豆__葛根,白扁豆,葛根,11,10,17,4,10,1.3,1,16.5,False,False,"[{""gene"": ""BCL2"", ""grade"": ""normal"", ""weight"": 1}, {""gene"": ""CASP3"", ""grade"": ""important"", ""weight"": 2}, {""gene"": ""CASP8"", ""grade"": ""important"", ""weight"": 2}, {""gene"": ""PTGS2"", ""grade"": ""core"", ""weight"": 5}]"
248,芡实__葛根,芡实,葛根,11,10,17,4,10,1.3,1,16.5,False,False,"[{""gene"": ""BCL2"", ""grade"": ""normal"", ""weight"": 1}, {""gene"": ""CASP3"", ""grade"": ""important"", ""weight"": 2}, {""gene"": ""CASP8"", ""grade"": ""important"", ""weight"": 2}, {""gene"": ""PTGS2"", ""grade"": ""core"", ""weight"": 5}]"
249,生姜__砂仁,生姜,砂仁,8,8,8,8,16,0.0,1,16.0,False,False,"[{""gene"": ""BAX"", ""grade"": ""important"", ""weight"": 2}, {""gene"": ""BCL2"", ""grade"": ""normal"", ""weight"": 1}, {""gene"": ""CASP3"", ""grade"": ""important"", ""weight"": 2}, {""gene"": ""CASP8"", ""grade"": ""important"", ""weight"": 2}, {""gene"": ""PLAU"", ""grade"": ""normal"", ""weight"": 1}, {""gene"": ""PTGS1"", ""grade"": ""important"", ""weight"": 2}, {""gene"": ""PTGS2"", ""grade"": ""core"", ""weight"": 5}, {""gene"": ""SLC6A4"", ""grade"": ""normal"", ""weight"": 1}]"
250,姜黄__肉豆蔻,姜黄,肉豆蔻,3,8,9,2,7,2.3333333333333335,1,15.166666666666668,False,False,"[{""gene"": ""PTGS1"", ""grade"": ""important"", ""weight"": 2}, {""gene"": ""PTGS2"", ""grade"": ""core"", ""weight"": 5}]"
251,肉豆蔻__薏苡仁,肉豆蔻,薏苡仁,8,3,9,2,7,2.3333333333333335,1,15.166666666666668,False,False,"[{""gene"": ""PTGS1"", ""grade"": ""important"", ""weight"": 2}, {""gene"": ""PTGS2"", ""grade"": ""core"", ""weight"": 5}]"
252,姜黄__白扁豆,姜黄,白扁豆,3,11,13,1,5,4.0,1,15.0,False,False,"[{""gene"": ""PTGS2"", ""grade"": ""core"", ""weight"": 5}]"
253,姜黄__芡实,姜黄,芡实,3,11,13,1,5,4.0,1,15.0,False,False,"[{""gene"": ""PTGS2"", ""grade"": ""core"", ""weight"": 5}]"
254,白扁豆__薏苡仁,白扁豆,薏苡仁,11,3,13,1,5,4.0,1,15.0,False,False,"[{""gene"": ""PTGS2"", ""grade"": ""core"", ""weight"": 5}]"
255,芡实__薏苡仁,芡实,薏苡仁,11,3,13,1,5,4.0,1,15.0,False,False,"[{""gene"": ""PTGS2"", ""grade"": ""core"", ""weight"": 5}]"
256,姜黄__生姜,姜黄,生姜,3,8,8,3,8,1.6666666666666667,1,14.666666666666668,False,False,"[{""gene"": ""PLAU"", ""grade"": ""normal"", ""weight"": 1}, {""gene"": ""PTGS1"", ""grade"": ""important"", ""weight"": 2}, {""gene"": ""PTGS2"", ""grade"": ""core"", ""weight"": 5}]"
257,姜黄__砂仁,姜黄,砂仁,3,8,8,3,8,1.6666666666666667,1,14.666666666666668,False,False,"[{""gene"": ""PLAU"", ""grade"": ""normal"", ""weight"": 1}, {""gene"": ""PTGS1"", ""grade"": ""important"", ""weight"": 2}, {""gene"": ""PTGS2"", ""grade"": ""core"", ""weight"": 5}]"
258,生姜__薏苡仁,生姜,薏苡仁,8,3,8,3,8,1.6666666666666667,1,14.666666666666668,False,False,"[{""gene"": ""PLAU"", ""grade"": ""normal"", ""weight"": 1}, {""gene"": ""PTGS1"", ""grade"": ""important"", ""weight"": 2}, {""gene"": ""PTGS2"", ""grade"": ""core"", ""weight"": 5}]"
259,砂仁__薏苡仁,砂仁,薏苡仁,8,3,8,3,8,1.6666666666666667,1,14.666666666666668,False,False,"[{""gene"": ""PLAU"", ""grade"": ""normal"", ""weight"": 1}, {""gene"": ""PTGS1"", ""grade"": ""important"", ""weight"": 2}, {""gene"": ""PTGS2"", ""grade"": ""core"", ""weight"": 5}]"
260,山药__白扁豆,山药,白扁豆,15,11,24,2,7,2.0,1,14.0,False,False,"[{""gene"": ""AKT1"", ""grade"": ""important"", ""weight"": 2}, {""gene"": ""PTGS2"", ""grade"": ""core"", ""weight"": 5}]"
261,山药__芡实,山药,芡实,15,11,24,2,7,2.0,1,14.0,False,False,"[{""gene"": ""AKT1"", ""grade"": ""important"", ""weight"": 2}, {""gene"": ""PTGS2"", ""grade"": ""core"", ""weight"": 5}]"
262,山药__莲子,山药,莲子,15,20,32,3,7,1.9333333333333333,1,13.766666666666667,False,False,"[{""gene"": ""HIF1A"", ""grade"": ""core"", ""weight"": 5}, {""gene"": ""PLAU"", ""grade"": ""normal"", ""weight"": 1}, {""gene"": ""SLC6A4"", ""grade"": ""normal"", ""weight"": 1}]"
263,莲子__陈皮,莲子,陈皮,20,18,36,2,7,1.8888888888888888,1,13.61111111111111,False,False,"[{""gene"": ""CASP3"", ""grade"": ""important"", ""weight"": 2}, {""gene"": ""MMP9"", ""grade"": ""core"", ""weight"": 5}]"
264,莲子__蒲公英,莲子,蒲公英,20,37,53,4,5,2.45,0,11.125,False,False,"[{""gene"": ""CASP3"", ""grade"": ""important"", ""weight"": 2}, {""gene"": ""CHRNA7"", ""grade"": ""normal"", ""weight"": 1}, {""gene"": ""SIRT1"", ""grade"": ""normal"", ""weight"": 1}, {""gene"": ""SLC6A4"", ""grade"": ""normal"", ""weight"": 1}]"
265,生姜__莲子,生姜,莲子,8,20,25,3,4,2.75,0,9.5,False,False,"[{""gene"": ""CASP3"", ""grade"": ""important"", ""weight"": 2}, {""gene"": ""PLAU"", ""grade"": ""normal"", ""weight"": 1}, {""gene"": ""SLC6A4"", ""grade"": ""normal"", ""weight"": 1}]"
266,砂仁__莲子,砂仁,莲子,8,20,25,3,4,2.75,0,9.5,False,False,"[{""gene"": ""CASP3"", ""grade"": ""important"", ""weight"": 2}, {""gene"": ""PLAU"", ""grade"": ""normal"", ""weight"": 1}, {""gene"": ""SLC6A4"", ""grade"": ""normal"", ""weight"": 1}]"
267,白扁豆__莲子,白扁豆,莲子,11,20,29,2,4,2.4545454545454546,0,8.90909090909091,False,False,"[{""gene"": ""CASP3"", ""grade"": ""important"", ""weight"": 2}, {""gene"": ""CYP3A4"", ""grade"": ""important"", ""weight"": 2}]"
268,芡实__莲子,芡实,莲子,11,20,29,2,4,2.4545454545454546,0,8.90909090909091,False,False,"[{""gene"": ""CASP3"", ""grade"": ""important"", ""weight"": 2}, {""gene"": ""CYP3A4"", ""grade"": ""important"", ""weight"": 2}]"
269,姜黄__茯苓,姜黄,茯苓,3,2,3,2,7,0.5,1,8.75,False,False,"[{""gene"": ""PTGS1"", ""grade"": ""important"", ""weight"": 2}, {""gene"": ""PTGS2"", ""grade"": ""core"", ""weight"": 5}]"
270,茯苓__薏苡仁,茯苓,薏苡仁,2,3,3,2,7,0.5,1,8.75,False,False,"[{""gene"": ""PTGS1"", ""grade"": ""important"", ""weight"": 2}, {""gene"": ""PTGS2"", ""grade"": ""core"", ""weight"": 5}]"
271,姜黄__薏苡仁,姜黄,薏苡仁,3,3,3,3,8,0.0,1,8.0,False,False,"[{""gene"": ""PLAU"", ""grade"": ""normal"", ""weight"": 1}, {""gene"": ""PTGS1"", ""grade"": ""important"", ""weight"": 2}, {""gene"": ""PTGS2"", ""grade"": ""core"", ""weight"": 5}]"
272,肉豆蔻__莲子,肉豆蔻,莲子,8,20,26,2,3,3.0,0,7.5,False,False,"[{""gene"": ""CASP3"", ""grade"": ""important"", ""weight"": 2}, {""gene"": ""SLC6A4"", ""grade"": ""normal"", ""weight"": 1}]"
273,莲子__葛根,莲子,葛根,20,10,28,2,3,2.6,0,6.8999999999999995,False,False,"[{""gene"": ""CASP3"", ""grade"": ""important"", ""weight"": 2}, {""gene"": ""SLC6A4"", ""grade"": ""normal"", ""weight"": 1}]"
274,姜黄__莲子,姜黄,莲子,3,20,22,1,1,7.0,0,4.5,False,False,"[{""gene"": ""PLAU"", ""grade"": ""normal"", ""weight"": 1}]"
275,莲子__薏苡仁,莲子,薏苡仁,20,3,22,1,1,7.0,0,4.5,False,False,"[{""gene"": ""PLAU"", ""grade"": ""normal"", ""weight"": 1}]"
276,茯苓__莲子,茯苓,莲子,2,20,22,0,0,11.0,0,0.0,False,False,[]
